i,j,t
0,24,199112
0,25,199112
0,10,199112
0,101,199112
0,92,199112
0,261,199112
0,19,199112
0,112,199112
0,32,199112
0,21,199112
0,13,199112
0,16,199112
0,53,199112
0,142,199112
0,40,199112
0,107,199112
0,28,199112
0,38,199112
0,14,199112
0,208,199112
0,72,199112
0,83,199112
0,4,199112
0,18,199112
0,102,199112
0,54,199112
0,52,199112
0,183,199112
0,47,199112
0,15,199112
0,160,199112
0,110,199112
0,29,199112
0,36,199112
0,119,199112
0,96,199112
0,134,199112
0,99,199112
0,60,199112
0,26,199112
0,12,199112
0,77,199112
0,23,199112
0,64,199112
0,9,199112
0,76,199112
0,187,199112
0,6,199112
0,27,199112
0,117,199112
0,81,199112
0,116,199112
0,2,199112
0,129,199112
0,154,199112
0,5,199112
0,115,199112
0,20,199112
0,165,199112
0,93,199112
0,124,199112
0,149,199112
0,35,199112
0,48,199112
0,31,199112
0,135,199112
0,1,199112
0,17,199112
0,108,199112
0,85,199112
0,59,199112
0,11,199112
0,136,199112
0,80,199112
0,146,199112
0,46,199112
0,274,199112
0,137,199112
0,97,199112
1,27,199112
1,23,199112
1,28,199112
1,0,199112
1,59,199112
1,55,199112
1,196,199112
1,137,199112
1,85,199112
1,2,199112
1,99,199112
1,52,199112
1,14,199112
1,123,199112
1,13,199112
1,24,199112
1,97,199112
1,110,199112
1,81,199112
1,12,199112
1,139,199112
1,72,199112
1,40,199112
1,155,199112
1,108,199112
1,122,199112
1,32,199112
1,320,199112
1,181,199112
1,278,199112
1,147,199112
1,133,199112
1,54,199112
1,26,199112
1,94,199112
1,101,199112
1,136,199112
1,119,199112
1,144,199112
1,60,199112
1,174,199112
1,124,199112
1,247,199112
1,6,199112
1,35,199112
1,22,199112
1,102,199112
1,143,199112
1,48,199112
1,111,199112
1,274,199112
1,29,199112
1,19,199112
1,61,199112
1,47,199112
1,125,199112
1,69,199112
1,150,199112
1,142,199112
1,93,199112
1,4,199112
1,71,199112
1,16,199112
1,113,199112
1,17,199112
1,10,199112
1,130,199112
1,116,199112
1,80,199112
1,77,199112
1,107,199112
1,15,199112
1,149,199112
1,213,199112
1,209,199112
1,115,199112
1,31,199112
1,160,199112
1,187,199112
1,37,199112
1,64,199112
1,154,199112
1,9,199112
1,51,199112
1,46,199112
1,135,199112
1,163,199112
1,21,199112
1,34,199112
1,18,199112
1,11,199112
1,25,199112
1,132,199112
1,146,199112
1,92,199112
1,53,199112
1,20,199112
1,89,199112
1,165,199112
1,121,199112
1,112,199112
1,5,199112
1,96,199112
2,142,199112
2,64,199112
2,160,199112
2,65,199112
2,39,199112
2,102,199112
2,1,199112
2,46,199112
2,32,199112
2,51,199112
2,30,199112
2,165,199112
2,94,199112
2,40,199112
2,213,199112
2,80,199112
2,97,199112
2,120,199112
2,31,199112
2,100,199112
2,52,199112
2,69,199112
2,139,199112
2,152,199112
2,9,199112
2,21,199112
2,48,199112
2,108,199112
2,136,199112
2,117,199112
2,180,199112
2,157,199112
2,118,199112
2,119,199112
2,23,199112
2,13,199112
2,6,199112
2,112,199112
2,14,199112
2,150,199112
2,54,199112
2,132,199112
2,38,199112
2,0,199112
2,137,199112
2,59,199112
2,35,199112
2,4,199112
2,20,199112
2,85,199112
2,16,199112
2,27,199112
2,36,199112
2,28,199112
2,248,199112
2,99,199112
2,47,199112
2,26,199112
2,77,199112
2,83,199112
2,187,199112
2,24,199112
2,133,199112
2,96,199112
2,19,199112
2,107,199112
2,5,199112
2,135,199112
2,17,199112
2,154,199112
2,124,199112
2,116,199112
2,149,199112
2,115,199112
2,72,199112
2,11,199112
2,93,199112
2,29,199112
2,10,199112
2,92,199112
2,25,199112
2,274,199112
3,18,199112
3,4,199112
3,33,199112
3,311,199112
3,51,199112
4,110,199112
4,233,199112
4,69,199112
4,184,199112
4,51,199112
4,64,199112
4,18,199112
4,238,199112
4,16,199112
4,11,199112
4,295,199112
4,124,199112
4,121,199112
4,39,199112
4,227,199112
4,36,199112
4,24,199112
4,158,199112
4,98,199112
4,142,199112
4,161,199112
4,12,199112
4,29,199112
4,27,199112
4,633,199112
4,1,199112
4,177,199112
4,137,199112
4,99,199112
4,133,199112
4,77,199112
4,102,199112
4,2,199112
4,741,199112
4,6,199112
4,196,199112
4,48,199112
4,60,199112
4,26,199112
4,305,199112
4,25,199112
4,19,199112
4,108,199112
4,17,199112
4,32,199112
4,22,199112
4,52,199112
4,13,199112
4,23,199112
4,34,199112
4,0,199112
4,14,199112
4,128,199112
4,214,199112
4,53,199112
4,10,199112
4,306,199112
4,215,199112
4,268,199112
4,3,199112
4,107,199112
4,31,199112
4,35,199112
4,30,199112
4,96,199112
4,223,199112
4,164,199112
4,54,199112
4,109,199112
4,248,199112
4,28,199112
4,33,199112
4,127,199112
4,46,199112
4,183,199112
4,222,199112
4,300,199112
4,301,199112
4,843,199112
4,317,199112
4,50,199112
4,311,199112
4,427,199112
4,59,199112
4,213,199112
4,5,199112
4,146,199112
4,113,199112
4,20,199112
4,89,199112
4,112,199112
4,21,199112
4,160,199112
4,40,199112
4,154,199112
4,97,199112
4,136,199112
5,207,199112
5,20,199112
5,77,199112
5,124,199112
5,165,199112
5,159,199112
5,47,199112
5,97,199112
5,113,199112
5,17,199112
5,76,199112
5,96,199112
5,85,199112
5,27,199112
5,53,199112
5,6,199112
5,108,199112
5,93,199112
5,163,199112
5,81,199112
5,132,199112
5,2,199112
5,99,199112
5,154,199112
5,137,199112
5,32,199112
5,274,199112
5,21,199112
5,149,199112
5,115,199112
5,116,199112
5,80,199112
5,72,199112
5,222,199112
5,0,199112
5,26,199112
5,31,199112
5,9,199112
5,112,199112
5,187,199112
5,22,199112
5,135,199112
5,213,199112
5,150,199112
5,92,199112
5,133,199112
5,10,199112
5,51,199112
5,4,199112
5,11,199112
5,121,199112
5,1,199112
5,136,199112
5,23,199112
5,107,199112
5,29,199112
5,28,199112
6,110,199112
6,64,199112
6,25,199112
6,77,199112
6,26,199112
6,35,199112
6,112,199112
6,89,199112
6,27,199112
6,86,199112
6,137,199112
6,23,199112
6,14,199112
6,136,199112
6,164,199112
6,154,199112
6,82,199112
6,43,199112
6,152,199112
6,78,199112
6,157,199112
6,45,199112
6,51,199112
6,165,199112
6,29,199112
6,242,199112
6,93,199112
6,39,199112
6,18,199112
6,133,199112
6,21,199112
6,53,199112
6,113,199112
6,100,199112
6,65,199112
6,198,199112
6,94,199112
6,124,199112
6,4,199112
6,22,199112
6,143,199112
6,36,199112
6,19,199112
6,9,199112
6,101,199112
6,48,199112
6,75,199112
6,11,199112
6,98,199112
6,362,199112
6,20,199112
6,85,199112
6,12,199112
6,181,199112
6,141,199112
6,32,199112
6,34,199112
6,1,199112
6,172,199112
6,80,199112
6,28,199112
6,62,199112
6,173,199112
6,92,199112
6,10,199112
6,17,199112
6,54,199112
6,57,199112
6,0,199112
6,108,199112
6,170,199112
6,60,199112
6,139,199112
6,97,199112
6,156,199112
6,188,199112
6,153,199112
6,114,199112
6,81,199112
6,194,199112
6,155,199112
6,52,199112
6,217,199112
6,126,199112
6,83,199112
6,99,199112
6,129,199112
6,76,199112
6,146,199112
6,120,199112
6,117,199112
6,38,199112
6,55,199112
6,102,199112
6,142,199112
6,24,199112
6,106,199112
6,160,199112
6,40,199112
6,13,199112
6,134,199112
6,31,199112
6,16,199112
6,46,199112
7,243,199112
7,92,199112
7,4,199112
7,323,199112
7,64,199112
7,10,199112
7,90,199112
7,8,199112
7,89,199112
7,770,199112
7,17,199112
7,137,199112
7,20,199112
7,29,199112
8,13,199112
8,7,199112
8,29,199112
8,90,199112
8,243,199112
8,17,199112
8,89,199112
8,20,199112
9,1,199112
9,92,199112
9,19,199112
9,139,199112
9,160,199112
9,70,199112
9,52,199112
9,152,199112
9,158,199112
9,0,199112
9,22,199112
9,77,199112
9,41,199112
9,69,199112
9,216,199112
9,188,199112
9,72,199112
9,94,199112
9,131,199112
9,165,199112
9,83,199112
9,29,199112
9,32,199112
9,133,199112
9,6,199112
9,38,199112
9,143,199112
9,34,199112
9,16,199112
9,64,199112
9,146,199112
9,53,199112
9,24,199112
9,115,199112
9,107,199112
9,35,199112
9,59,199112
9,108,199112
9,13,199112
9,40,199112
9,31,199112
9,28,199112
9,2,199112
9,21,199112
9,36,199112
9,96,199112
9,116,199112
9,26,199112
9,80,199112
9,20,199112
9,5,199112
9,248,199112
9,47,199112
9,124,199112
9,93,199112
9,23,199112
9,187,199112
9,25,199112
9,149,199112
9,17,199112
9,10,199112
9,85,199112
9,135,199112
9,154,199112
9,11,199112
9,136,199112
9,97,199112
9,27,199112
9,274,199112
9,137,199112
10,30,199112
10,165,199112
10,17,199112
10,1,199112
10,28,199112
10,126,199112
10,89,199112
10,82,199112
10,32,199112
10,9,199112
10,107,199112
10,124,199112
10,196,199112
10,2,199112
10,19,199112
10,0,199112
10,108,199112
10,14,199112
10,52,199112
10,72,199112
10,181,199112
10,12,199112
10,92,199112
10,18,199112
10,183,199112
10,27,199112
10,45,199112
10,80,199112
10,36,199112
10,184,199112
10,100,199112
10,48,199112
10,64,199112
10,157,199112
10,152,199112
10,21,199112
10,29,199112
10,150,199112
10,6,199112
10,13,199112
10,119,199112
10,77,199112
10,26,199112
10,110,199112
10,320,199112
10,137,199112
10,85,199112
10,60,199112
10,40,199112
10,47,199112
10,20,199112
10,22,199112
10,34,199112
10,4,199112
10,93,199112
10,274,199112
10,187,199112
10,31,199112
10,154,199112
10,54,199112
10,51,199112
10,135,199112
10,59,199112
10,99,199112
10,81,199112
10,116,199112
10,23,199112
10,132,199112
10,213,199112
10,53,199112
10,5,199112
10,46,199112
10,115,199112
10,149,199112
10,16,199112
10,160,199112
10,96,199112
10,97,199112
10,146,199112
10,25,199112
10,11,199112
10,136,199112
10,113,199112
10,112,199112
10,133,199112
11,52,199112
11,16,199112
11,107,199112
11,51,199112
11,78,199112
11,32,199112
11,120,199112
11,4,199112
11,69,199112
11,0,199112
11,143,199112
11,41,199112
11,31,199112
11,135,199112
11,13,199112
11,39,199112
11,76,199112
11,35,199112
11,97,199112
11,28,199112
11,137,199112
11,6,199112
11,277,199112
11,54,199112
11,9,199112
11,45,199112
11,64,199112
11,99,199112
11,14,199112
11,77,199112
11,180,199112
11,133,199112
11,25,199112
11,19,199112
11,72,199112
11,81,199112
11,27,199112
11,18,199112
11,46,199112
11,100,199112
11,60,199112
11,83,199112
11,126,199112
11,183,199112
11,169,199112
11,227,199112
11,17,199112
11,40,199112
11,22,199112
11,7,199112
11,59,199112
11,105,199112
11,165,199112
11,268,199112
11,48,199112
11,122,199112
11,136,199112
11,26,199112
11,61,199112
11,85,199112
11,213,199112
11,238,199112
11,147,199112
11,111,199112
11,12,199112
11,88,199112
11,89,199112
11,2,199112
11,154,199112
11,223,199112
11,53,199112
11,150,199112
11,164,199112
11,96,199112
11,23,199112
11,10,199112
11,84,199112
11,20,199112
11,86,199112
11,29,199112
11,113,199112
11,112,199112
11,1,199112
11,5,199112
11,177,199112
11,30,199112
11,21,199112
11,110,199112
11,146,199112
12,142,199112
12,15,199112
12,16,199112
12,99,199112
12,132,199112
12,34,199112
12,125,199112
12,27,199112
12,163,199112
12,38,199112
12,20,199112
12,83,199112
12,332,199112
12,97,199112
12,86,199112
12,155,199112
12,40,199112
12,150,199112
12,35,199112
12,58,199112
12,76,199112
12,79,199112
12,29,199112
12,41,199112
12,98,199112
12,112,199112
12,53,199112
12,32,199112
12,137,199112
12,121,199112
12,4,199112
12,77,199112
12,208,199112
12,23,199112
12,119,199112
12,24,199112
12,19,199112
12,10,199112
12,51,199112
12,21,199112
12,26,199112
12,13,199112
12,5,199112
12,54,199112
12,28,199112
12,1,199112
12,96,199112
12,17,199112
12,160,199112
12,11,199112
12,25,199112
12,136,199112
12,18,199112
12,154,199112
13,31,199112
13,136,199112
13,32,199112
13,59,199112
13,124,199112
13,27,199112
13,135,199112
13,102,199112
13,143,199112
13,64,199112
13,189,199112
13,52,199112
13,11,199112
13,211,199112
13,112,199112
13,40,199112
13,10,199112
13,107,199112
13,118,199112
13,149,199112
13,81,199112
13,137,199112
13,9,199112
13,23,199112
13,157,199112
13,60,199112
13,14,199112
13,265,199112
13,51,199112
13,1,199112
13,208,199112
13,99,199112
13,85,199112
13,142,199112
13,197,199112
13,96,199112
13,47,199112
13,22,199112
13,29,199112
13,113,199112
13,28,199112
13,54,199112
13,36,199112
13,213,199112
13,62,199112
13,2,199112
13,97,199112
13,4,199112
13,48,199112
13,100,199112
13,278,199112
13,82,199112
13,20,199112
13,175,199112
13,16,199112
13,94,199112
13,0,199112
13,35,199112
13,17,199112
13,45,199112
13,195,199112
13,106,199112
13,139,199112
13,83,199112
13,76,199112
13,120,199112
13,19,199112
13,38,199112
13,108,199112
13,178,199112
13,77,199112
13,134,199112
13,126,199112
13,114,199112
13,160,199112
13,117,199112
13,24,199112
13,6,199112
13,25,199112
13,146,199112
13,129,199112
13,46,199112
13,154,199112
13,18,199112
13,26,199112
14,99,199112
14,84,199112
14,34,199112
14,18,199112
14,146,199112
14,25,199112
14,20,199112
14,64,199112
14,22,199112
14,118,199112
14,80,199112
14,108,199112
14,23,199112
14,85,199112
14,144,199112
14,154,199112
14,66,199112
14,114,199112
14,62,199112
14,2,199112
14,58,199112
14,0,199112
14,112,199112
14,136,199112
14,10,199112
14,39,199112
14,77,199112
14,28,199112
14,53,199112
14,12,199112
14,113,199112
14,98,199112
14,165,199112
14,82,199112
14,92,199112
14,213,199112
14,72,199112
14,132,199112
14,94,199112
14,175,199112
14,1,199112
14,137,199112
14,5,199112
14,76,199112
14,35,199112
14,21,199112
14,97,199112
14,198,199112
14,152,199112
14,69,199112
14,4,199112
14,362,199112
14,55,199112
14,100,199112
14,342,199112
14,173,199112
14,54,199112
14,45,199112
14,57,199112
14,172,199112
14,96,199112
14,278,199112
14,79,199112
14,195,199112
14,83,199112
14,6,199112
14,19,199112
14,332,199112
14,59,199112
14,320,199112
14,182,199112
14,120,199112
14,140,199112
14,246,199112
14,27,199112
14,38,199112
14,32,199112
14,16,199112
14,24,199112
14,29,199112
14,129,199112
14,126,199112
14,119,199112
14,60,199112
14,117,199112
14,26,199112
14,142,199112
14,31,199112
14,139,199112
14,102,199112
14,180,199112
14,52,199112
14,17,199112
14,36,199112
14,48,199112
14,13,199112
14,40,199112
14,46,199112
15,133,199112
15,24,199112
15,14,199112
15,84,199112
15,163,199112
15,40,199112
15,77,199112
15,51,199112
15,30,199112
15,174,199112
15,0,199112
15,189,199112
15,19,199112
15,62,199112
15,271,199112
15,137,199112
15,154,199112
15,29,199112
15,1,199112
15,18,199112
15,136,199112
16,180,199112
16,39,199112
16,81,199112
16,77,199112
16,51,199112
16,19,199112
16,72,199112
16,137,199112
16,170,199112
16,34,199112
16,98,199112
16,112,199112
16,86,199112
16,32,199112
16,22,199112
16,15,199112
16,61,199112
16,156,199112
16,85,199112
16,132,199112
16,181,199112
16,62,199112
16,242,199112
16,47,199112
16,124,199112
16,122,199112
16,73,199112
16,250,199112
16,29,199112
16,55,199112
16,163,199112
16,9,199112
16,76,199112
16,133,199112
16,287,199112
16,31,199112
16,58,199112
16,160,199112
16,154,199112
16,131,199112
16,97,199112
16,2,199112
16,25,199112
16,108,199112
16,48,199112
16,30,199112
16,78,199112
16,113,199112
16,28,199112
16,4,199112
16,20,199112
16,57,199112
16,140,199112
16,0,199112
16,1,199112
16,161,199112
16,94,199112
16,6,199112
16,99,199112
16,80,199112
16,83,199112
16,153,199112
16,139,199112
16,36,199112
16,100,199112
16,129,199112
16,35,199112
16,142,199112
16,17,199112
16,60,199112
16,40,199112
16,64,199112
16,143,199112
16,102,199112
16,136,199112
16,59,199112
16,38,199112
16,10,199112
16,27,199112
16,54,199112
16,13,199112
16,14,199112
16,18,199112
16,26,199112
16,52,199112
16,146,199112
16,46,199112
17,110,199112
17,132,199112
17,89,199112
17,125,199112
17,12,199112
17,23,199112
17,51,199112
17,21,199112
17,133,199112
17,26,199112
17,27,199112
17,14,199112
17,136,199112
17,29,199112
17,58,199112
17,61,199112
17,97,199112
17,5,199112
17,30,199112
17,183,199112
17,111,199112
17,19,199112
17,261,199112
17,164,199112
17,32,199112
17,93,199112
17,98,199112
17,9,199112
17,154,199112
17,4,199112
17,28,199112
17,64,199112
17,86,199112
17,16,199112
17,69,199112
17,85,199112
17,47,199112
17,81,199112
17,163,199112
17,120,199112
17,25,199112
17,107,199112
17,124,199112
17,34,199112
17,109,199112
17,11,199112
17,2,199112
17,38,199112
17,71,199112
17,99,199112
17,22,199112
17,75,199112
17,33,199112
17,165,199112
17,222,199112
17,52,199112
17,274,199112
17,139,199112
17,13,199112
17,116,199112
17,196,199112
17,72,199112
17,113,199112
17,0,199112
17,187,199112
17,35,199112
17,353,199112
17,31,199112
17,77,199112
17,115,199112
17,1,199112
17,80,199112
17,153,199112
17,149,199112
17,213,199112
17,135,199112
17,36,199112
17,189,199112
17,20,199112
17,87,199112
17,48,199112
17,7,199112
17,303,199112
17,150,199112
17,59,199112
17,60,199112
17,8,199112
17,54,199112
17,129,199112
17,108,199112
17,24,199112
17,92,199112
17,6,199112
17,160,199112
17,146,199112
17,46,199112
17,10,199112
17,96,199112
17,40,199112
17,137,199112
17,18,199112
17,112,199112
18,96,199112
18,110,199112
18,52,199112
18,27,199112
18,20,199112
18,126,199112
18,180,199112
18,12,199112
18,160,199112
18,40,199112
18,104,199112
18,165,199112
18,84,199112
18,223,199112
18,98,199112
18,88,199112
18,85,199112
18,30,199112
18,31,199112
18,17,199112
18,1,199112
18,97,199112
18,136,199112
18,82,199112
18,92,199112
18,137,199112
18,161,199112
18,211,199112
18,54,199112
18,21,199112
18,102,199112
18,2,199112
18,22,199112
18,142,199112
18,242,199112
18,23,199112
18,112,199112
18,177,199112
18,124,199112
18,55,199112
18,26,199112
18,76,199112
18,189,199112
18,176,199112
18,183,199112
18,100,199112
18,108,199112
18,0,199112
18,94,199112
18,25,199112
18,78,199112
18,133,199112
18,65,199112
18,101,199112
18,28,199112
18,248,199112
18,19,199112
18,5,199112
18,99,199112
18,60,199112
18,35,199112
18,77,199112
18,143,199112
18,170,199112
18,153,199112
18,59,199112
18,164,199112
18,171,199112
18,81,199112
18,86,199112
18,146,199112
18,24,199112
18,15,199112
18,64,199112
18,111,199112
18,139,199112
18,89,199112
18,16,199112
18,145,199112
18,14,199112
18,46,199112
18,10,199112
18,74,199112
18,135,199112
18,11,199112
18,132,199112
18,123,199112
18,69,199112
18,181,199112
18,122,199112
18,154,199112
18,144,199112
18,234,199112
18,131,199112
18,233,199112
18,61,199112
18,113,199112
18,29,199112
18,51,199112
18,6,199112
18,265,199112
18,13,199112
18,4,199112
18,32,199112
19,110,199112
19,165,199112
19,89,199112
19,9,199112
19,39,199112
19,1,199112
19,115,199112
19,7,199112
19,213,199112
19,22,199112
19,48,199112
19,58,199112
19,23,199112
19,157,199112
19,35,199112
19,21,199112
19,154,199112
19,216,199112
19,81,199112
19,148,199112
19,77,199112
19,113,199112
19,78,199112
19,136,199112
19,124,199112
19,38,199112
19,108,199112
19,13,199112
19,28,199112
19,101,199112
19,224,199112
19,20,199112
19,80,199112
19,6,199112
19,112,199112
19,29,199112
19,11,199112
19,4,199112
19,106,199112
19,5,199112
19,860,199112
19,12,199112
19,0,199112
19,61,199112
19,163,199112
19,133,199112
19,2,199112
19,10,199112
19,152,199112
19,17,199112
19,97,199112
19,53,199112
19,18,199112
19,170,199112
19,193,199112
19,36,199112
19,139,199112
19,237,199112
19,64,199112
19,51,199112
19,143,199112
19,94,199112
19,198,199112
19,137,199112
19,85,199112
19,45,199112
19,14,199112
19,129,199112
19,31,199112
19,57,199112
19,146,199112
19,54,199112
19,25,199112
19,100,199112
19,60,199112
19,334,199112
19,59,199112
19,27,199112
19,32,199112
19,16,199112
19,83,199112
19,126,199112
19,160,199112
19,76,199112
19,120,199112
19,24,199112
19,134,199112
19,155,199112
19,55,199112
19,117,199112
19,180,199112
19,142,199112
19,102,199112
19,52,199112
19,46,199112
19,40,199112
20,17,199112
20,26,199112
20,243,199112
20,160,199112
20,207,199112
20,4,199112
20,21,199112
20,126,199112
20,32,199112
20,112,199112
20,83,199112
20,124,199112
20,97,199112
20,147,199112
20,82,199112
20,98,199112
20,146,199112
20,142,199112
20,5,199112
20,25,199112
20,27,199112
20,117,199112
20,28,199112
20,265,199112
20,183,199112
20,75,199112
20,34,199112
20,47,199112
20,18,199112
20,12,199112
20,108,199112
20,77,199112
20,6,199112
20,16,199112
20,13,199112
20,53,199112
20,129,199112
20,71,199112
20,10,199112
20,93,199112
20,14,199112
20,72,199112
20,19,199112
20,60,199112
20,96,199112
20,736,199112
20,38,199112
20,116,199112
20,9,199112
20,99,199112
20,154,199112
20,35,199112
20,187,199112
20,196,199112
20,36,199112
20,39,199112
20,80,199112
20,107,199112
20,22,199112
20,134,199112
20,274,199112
20,48,199112
20,81,199112
20,31,199112
20,115,199112
20,110,199112
20,149,199112
20,0,199112
20,764,199112
20,135,199112
20,23,199112
20,85,199112
20,863,199112
20,103,199112
20,2,199112
20,52,199112
20,24,199112
20,906,199112
20,832,199112
20,51,199112
20,315,199112
20,54,199112
20,214,199112
20,189,199112
20,92,199112
20,213,199112
20,211,199112
20,165,199112
20,819,199112
20,261,199112
20,7,199112
20,137,199112
20,59,199112
20,89,199112
20,866,199112
20,761,199112
20,113,199112
20,150,199112
20,121,199112
20,184,199112
20,8,199112
20,11,199112
20,46,199112
20,1,199112
20,69,199112
20,33,199112
20,40,199112
20,136,199112
20,29,199112
20,133,199112
20,64,199112
21,120,199112
21,20,199112
21,124,199112
21,27,199112
21,135,199112
21,80,199112
21,38,199112
21,136,199112
21,39,199112
21,82,199112
21,187,199112
21,94,199112
21,261,199112
21,139,199112
21,189,199112
21,174,199112
21,9,199112
21,2,199112
21,208,199112
21,99,199112
21,125,199112
21,53,199112
21,117,199112
21,31,199112
21,40,199112
21,60,199112
21,72,199112
21,157,199112
21,16,199112
21,19,199112
21,46,199112
21,12,199112
21,116,199112
21,115,199112
21,154,199112
21,149,199112
21,22,199112
21,29,199112
21,97,199112
21,25,199112
21,36,199112
21,14,199112
21,18,199112
21,85,199112
21,736,199112
21,211,199112
21,133,199112
21,92,199112
21,107,199112
21,165,199112
21,96,199112
21,150,199112
21,761,199112
21,10,199112
21,1,199112
21,51,199112
21,28,199112
21,113,199112
21,17,199112
21,137,199112
21,4,199112
21,23,199112
21,11,199112
22,79,199112
22,137,199112
22,156,199112
22,99,199112
22,209,199112
22,124,199112
22,32,199112
22,13,199112
22,58,199112
22,108,199112
22,265,199112
22,61,199112
22,36,199112
22,30,199112
22,5,199112
22,60,199112
22,27,199112
22,9,199112
22,16,199112
22,278,199112
22,85,199112
22,40,199112
22,154,199112
22,19,199112
22,81,199112
22,18,199112
22,180,199112
22,12,199112
22,195,199112
22,64,199112
22,59,199112
22,72,199112
22,52,199112
22,213,199112
22,21,199112
22,146,199112
22,126,199112
22,6,199112
22,26,199112
22,132,199112
22,4,199112
22,136,199112
22,10,199112
22,25,199112
22,1,199112
22,97,199112
22,23,199112
22,17,199112
22,165,199112
22,20,199112
22,112,199112
22,96,199112
22,77,199112
22,46,199112
22,160,199112
22,11,199112
22,29,199112
23,47,199112
23,165,199112
23,77,199112
23,17,199112
23,160,199112
23,11,199112
23,22,199112
23,48,199112
23,133,199112
23,124,199112
23,25,199112
23,242,199112
23,52,199112
23,75,199112
23,20,199112
23,100,199112
23,36,199112
23,94,199112
23,123,199112
23,139,199112
23,54,199112
23,97,199112
23,39,199112
23,27,199112
23,137,199112
23,18,199112
23,40,199112
23,120,199112
23,46,199112
23,35,199112
23,213,199112
23,9,199112
23,86,199112
23,14,199112
23,93,199112
23,53,199112
23,76,199112
23,342,199112
23,108,199112
23,156,199112
23,102,199112
23,122,199112
23,16,199112
23,72,199112
23,6,199112
23,34,199112
23,131,199112
23,4,199112
23,38,199112
23,136,199112
23,274,199112
23,19,199112
23,28,199112
23,126,199112
23,32,199112
23,0,199112
23,81,199112
23,176,199112
23,80,199112
23,116,199112
23,187,199112
23,31,199112
23,135,199112
23,154,199112
23,51,199112
23,115,199112
23,149,199112
23,96,199112
23,85,199112
23,150,199112
23,2,199112
23,146,199112
23,92,199112
23,10,199112
23,107,199112
23,112,199112
23,21,199112
23,29,199112
23,5,199112
23,1,199112
24,81,199112
24,136,199112
24,208,199112
24,332,199112
24,15,199112
24,115,199112
24,27,199112
24,180,199112
24,145,199112
24,137,199112
24,28,199112
24,11,199112
24,160,199112
24,158,199112
24,125,199112
24,78,199112
24,96,199112
24,58,199112
24,131,199112
24,9,199112
24,2,199112
24,0,199112
24,246,199112
24,25,199112
24,72,199112
24,176,199112
24,1,199112
24,32,199112
24,334,199112
24,165,199112
24,142,199112
24,126,199112
24,287,199112
24,102,199112
24,182,199112
24,342,199112
24,119,199112
24,52,199112
24,94,199112
24,64,199112
24,20,199112
24,77,199112
24,48,199112
24,59,199112
24,143,199112
24,175,199112
24,139,199112
24,198,199112
24,18,199112
24,75,199112
24,62,199112
24,35,199112
24,193,199112
24,17,199112
24,171,199112
24,170,199112
24,181,199112
24,14,199112
24,13,199112
24,6,199112
24,19,199112
24,197,199112
24,66,199112
24,29,199112
24,26,199112
24,108,199112
24,99,199112
24,40,199112
24,60,199112
24,154,199112
24,46,199112
24,97,199112
25,53,199112
25,70,199112
25,57,199112
25,9,199112
25,28,199112
25,17,199112
25,38,199112
25,26,199112
25,31,199112
25,181,199112
25,72,199112
25,154,199112
25,16,199112
25,6,199112
25,150,199112
25,54,199112
25,20,199112
25,96,199112
25,39,199112
25,13,199112
25,146,199112
25,123,199112
25,165,199112
25,14,199112
25,7,199112
25,180,199112
25,108,199112
25,24,199112
25,107,199112
25,83,199112
25,122,199112
25,27,199112
25,160,199112
25,32,199112
25,18,199112
25,116,199112
25,52,199112
25,82,199112
25,362,199112
25,0,199112
25,143,199112
25,248,199112
25,133,199112
25,34,199112
25,119,199112
25,22,199112
25,77,199112
25,126,199112
25,79,199112
25,4,199112
25,113,199112
25,142,199112
25,23,199112
25,89,199112
25,153,199112
25,307,199112
25,35,199112
25,85,199112
25,124,199112
25,110,199112
25,149,199112
25,115,199112
25,51,199112
25,94,199112
25,152,199112
25,81,199112
25,12,199112
25,19,199112
25,98,199112
25,139,199112
25,118,199112
25,64,199112
25,40,199112
25,156,199112
25,136,199112
25,11,199112
25,100,199112
25,93,199112
25,36,199112
25,29,199112
25,10,199112
25,1,199112
25,47,199112
25,274,199112
25,46,199112
25,97,199112
25,48,199112
25,161,199112
25,137,199112
25,99,199112
25,60,199112
25,2,199112
26,39,199112
26,32,199112
26,6,199112
26,27,199112
26,0,199112
26,23,199112
26,134,199112
26,21,199112
26,38,199112
26,78,199112
26,124,199112
26,143,199112
26,160,199112
26,51,199112
26,28,199112
26,81,199112
26,96,199112
26,52,199112
26,107,199112
26,35,199112
26,113,199112
26,10,199112
26,198,199112
26,72,199112
26,53,199112
26,98,199112
26,54,199112
26,110,199112
26,154,199112
26,48,199112
26,4,199112
26,197,199112
26,97,199112
26,64,199112
26,136,199112
26,29,199112
26,137,199112
26,1,199112
26,20,199112
26,188,199112
26,132,199112
26,77,199112
26,171,199112
26,9,199112
26,25,199112
26,17,199112
26,89,199112
26,181,199112
26,94,199112
26,131,199112
26,237,199112
26,342,199112
26,60,199112
26,2,199112
26,71,199112
26,85,199112
26,140,199112
26,139,199112
26,45,199112
26,11,199112
26,57,199112
26,142,199112
26,100,199112
26,83,199112
26,55,199112
26,120,199112
26,126,199112
26,16,199112
26,108,199112
26,76,199112
26,14,199112
26,24,199112
26,36,199112
26,117,199112
26,31,199112
26,146,199112
26,18,199112
26,40,199112
26,46,199112
26,99,199112
26,13,199112
27,132,199112
27,25,199112
27,59,199112
27,17,199112
27,12,199112
27,1,199112
27,4,199112
27,31,199112
27,133,199112
27,120,199112
27,116,199112
27,112,199112
27,38,199112
27,80,199112
27,47,199112
27,54,199112
27,113,199112
27,40,199112
27,13,199112
27,277,199112
27,164,199112
27,126,199112
27,86,199112
27,6,199112
27,208,199112
27,117,199112
27,76,199112
27,20,199112
27,102,199112
27,77,199112
27,53,199112
27,261,199112
27,57,199112
27,39,199112
27,81,199112
27,99,199112
27,64,199112
27,26,199112
27,287,199112
27,156,199112
27,115,199112
27,30,199112
27,98,199112
27,14,199112
27,18,199112
27,108,199112
27,100,199112
27,28,199112
27,265,199112
27,51,199112
27,34,199112
27,97,199112
27,23,199112
27,60,199112
27,96,199112
27,32,199112
27,136,199112
27,21,199112
27,149,199112
27,11,199112
27,143,199112
27,16,199112
27,5,199112
27,19,199112
27,278,199112
27,92,199112
27,274,199112
27,107,199112
27,248,199112
27,35,199112
27,165,199112
27,83,199112
27,10,199112
27,0,199112
27,85,199112
27,93,199112
27,2,199112
27,124,199112
27,187,199112
27,29,199112
27,72,199112
27,146,199112
27,160,199112
27,46,199112
27,9,199112
27,154,199112
27,137,199112
27,135,199112
28,136,199112
28,17,199112
28,85,199112
28,213,199112
28,20,199112
28,108,199112
28,19,199112
28,52,199112
28,113,199112
28,48,199112
28,353,199112
28,278,199112
28,77,199112
28,120,199112
28,117,199112
28,4,199112
28,40,199112
28,65,199112
28,184,199112
28,5,199112
28,154,199112
28,143,199112
28,147,199112
28,54,199112
28,29,199112
28,53,199112
28,27,199112
28,111,199112
28,110,199112
28,25,199112
28,124,199112
28,76,199112
28,99,199112
28,13,199112
28,23,199112
28,47,199112
28,60,199112
28,261,199112
28,26,199112
28,0,199112
28,160,199112
28,6,199112
28,10,199112
28,32,199112
28,14,199112
28,180,199112
28,93,199112
28,274,199112
28,132,199112
28,12,199112
28,51,199112
28,97,199112
28,2,199112
28,116,199112
28,1,199112
28,59,199112
28,18,199112
28,35,199112
28,187,199112
28,31,199112
28,80,199112
28,133,199112
28,100,199112
28,107,199112
28,150,199112
28,72,199112
28,115,199112
28,9,199112
28,135,199112
28,149,199112
28,69,199112
28,64,199112
28,16,199112
28,92,199112
28,146,199112
28,165,199112
28,46,199112
28,21,199112
28,96,199112
28,89,199112
28,11,199112
28,137,199112
28,112,199112
29,30,199112
29,269,199112
29,132,199112
29,510,199112
29,163,199112
29,154,199112
29,55,199112
29,238,199112
29,83,199112
29,82,199112
29,152,199112
29,94,199112
29,36,199112
29,123,199112
29,2,199112
29,52,199112
29,0,199112
29,14,199112
29,183,199112
29,139,199112
29,102,199112
29,39,199112
29,53,199112
29,113,199112
29,48,199112
29,137,199112
29,9,199112
29,60,199112
29,85,199112
29,92,199112
29,10,199112
29,19,199112
29,80,199112
29,38,199112
29,144,199112
29,86,199112
29,165,199112
29,47,199112
29,78,199112
29,5,199112
29,107,199112
29,1,199112
29,22,199112
29,17,199112
29,11,199112
29,122,199112
29,150,199112
29,121,199112
29,285,199112
29,99,199112
29,156,199112
29,100,199112
29,355,199112
29,35,199112
29,133,199112
29,20,199112
29,206,199112
29,76,199112
29,64,199112
29,143,199112
29,13,199112
29,106,199112
29,334,199112
29,157,199112
29,160,199112
29,28,199112
29,362,199112
29,26,199112
29,57,199112
29,173,199112
29,161,199112
29,172,199112
29,174,199112
29,145,199112
29,267,199112
29,264,199112
29,7,199112
29,159,199112
29,33,199112
29,108,199112
29,42,199112
29,63,199112
29,262,199112
29,251,199112
29,153,199112
29,151,199112
29,111,199112
29,27,199112
29,303,199112
29,296,199112
29,271,199112
29,169,199112
29,276,199112
29,71,199112
29,120,199112
29,58,199112
29,114,199112
29,420,199112
29,44,199112
29,292,199112
29,59,199112
29,54,199112
29,72,199112
29,140,199112
29,124,199112
29,75,199112
29,171,199112
29,170,199112
29,61,199112
29,15,199112
29,79,199112
29,193,199112
29,65,199112
29,198,199112
29,74,199112
29,62,199112
29,45,199112
29,101,199112
29,270,199112
29,126,199112
29,197,199112
29,21,199112
29,69,199112
29,175,199112
29,46,199112
29,146,199112
29,34,199112
29,213,199112
29,31,199112
29,25,199112
29,12,199112
29,180,199112
29,277,199112
29,24,199112
29,176,199112
29,134,199112
29,40,199112
29,96,199112
29,66,199112
29,125,199112
29,89,199112
29,16,199112
29,138,199112
29,119,199112
29,51,199112
29,181,199112
29,155,199112
29,131,199112
29,117,199112
29,242,199112
29,43,199112
29,208,199112
29,142,199112
29,81,199112
29,112,199112
29,77,199112
29,23,199112
29,136,199112
29,195,199112
29,129,199112
29,97,199112
29,18,199112
29,6,199112
29,4,199112
29,32,199112
30,25,199112
30,18,199112
30,19,199112
30,4,199112
30,27,199112
30,72,199112
30,26,199112
30,9,199112
30,12,199112
30,69,199112
30,16,199112
30,96,199112
30,85,199112
30,51,199112
30,52,199112
30,137,199112
30,14,199112
30,17,199112
30,86,199112
30,84,199112
30,238,199112
30,223,199112
30,164,199112
30,88,199112
30,136,199112
30,11,199112
31,85,199112
31,146,199112
31,132,199112
31,60,199112
31,14,199112
31,77,199112
31,154,199112
31,116,199112
31,76,199112
31,40,199112
31,153,199112
31,249,199112
31,24,199112
31,208,199112
31,115,199112
31,57,199112
31,164,199112
31,355,199112
31,141,199112
31,131,199112
31,5,199112
31,99,199112
31,84,199112
31,72,199112
31,171,199112
31,102,199112
31,338,199112
31,143,199112
31,120,199112
31,165,199112
31,39,199112
31,125,199112
31,12,199112
31,133,199112
31,63,199112
31,110,199112
31,9,199112
31,134,199112
31,101,199112
31,100,199112
31,11,199112
31,111,199112
31,117,199112
31,65,199112
31,82,199112
31,4,199112
31,47,199112
31,21,199112
31,274,199112
31,149,199112
31,81,199112
31,126,199112
31,93,199112
31,180,199112
31,112,199112
31,16,199112
31,96,199112
31,121,199112
31,173,199112
31,23,199112
31,20,199112
31,2,199112
31,10,199112
31,28,199112
31,188,199112
31,59,199112
31,0,199112
31,17,199112
31,187,199112
31,1,199112
31,32,199112
31,19,199112
31,80,199112
31,156,199112
31,129,199112
31,18,199112
31,92,199112
31,38,199112
31,157,199112
31,160,199112
31,152,199112
31,52,199112
31,98,199112
31,135,199112
31,36,199112
31,124,199112
31,58,199112
31,29,199112
31,136,199112
31,137,199112
31,54,199112
31,83,199112
31,13,199112
31,25,199112
31,6,199112
31,27,199112
31,46,199112
31,108,199112
31,139,199112
31,35,199112
31,48,199112
31,26,199112
31,97,199112
32,97,199112
32,52,199112
32,16,199112
32,137,199112
32,124,199112
32,18,199112
32,29,199112
32,4,199112
32,101,199112
32,10,199112
32,23,199112
32,116,199112
32,110,199112
32,145,199112
32,149,199112
32,39,199112
32,93,199112
32,28,199112
32,21,199112
32,9,199112
32,165,199112
32,216,199112
32,79,199112
32,22,199112
32,27,199112
32,152,199112
32,0,199112
32,20,199112
32,64,199112
32,108,199112
32,13,199112
32,53,199112
32,55,199112
32,96,199112
32,274,199112
32,2,199112
32,63,199112
32,95,199112
32,92,199112
32,11,199112
32,85,199112
32,99,199112
32,1,199112
32,38,199112
32,188,199112
32,26,199112
32,156,199112
32,54,199112
32,17,199112
32,136,199112
32,94,199112
32,72,199112
32,83,199112
32,113,199112
32,57,199112
32,82,199112
32,36,199112
32,139,199112
32,89,199112
32,80,199112
32,35,199112
32,129,199112
32,154,199112
32,24,199112
32,31,199112
32,48,199112
32,178,199112
32,146,199112
32,62,199112
32,143,199112
32,59,199112
32,14,199112
32,270,199112
32,135,199112
32,171,199112
32,19,199112
32,117,199112
32,176,199112
32,66,199112
32,40,199112
32,60,199112
32,102,199112
32,74,199112
32,170,199112
32,126,199112
32,180,199112
32,81,199112
32,208,199112
32,131,199112
32,142,199112
32,25,199112
32,6,199112
32,181,199112
32,242,199112
32,46,199112
32,77,199112
32,160,199112
33,50,199112
33,214,199112
33,16,199112
33,741,199112
33,92,199112
33,31,199112
33,23,199112
33,184,199112
33,17,199112
33,51,199112
33,137,199112
33,29,199112
33,4,199112
33,136,199112
33,20,199112
34,27,199112
34,11,199112
34,0,199112
34,165,199112
34,70,199112
34,287,199112
34,6,199112
34,78,199112
34,108,199112
34,98,199112
34,53,199112
34,54,199112
34,126,199112
34,143,199112
34,20,199112
34,113,199112
34,72,199112
34,181,199112
34,9,199112
34,47,199112
34,96,199112
34,100,199112
34,48,199112
34,150,199112
34,176,199112
34,25,199112
34,22,199112
34,4,199112
34,248,199112
34,97,199112
34,16,199112
34,46,199112
34,10,199112
34,40,199112
34,160,199112
34,136,199112
34,137,199112
34,29,199112
34,1,199112
34,154,199112
35,183,199112
35,81,199112
35,233,199112
35,675,199112
35,6,199112
35,48,199112
35,25,199112
35,77,199112
35,36,199112
35,52,199112
35,320,199112
35,11,199112
35,0,199112
35,131,199112
35,51,199112
35,16,199112
35,89,199112
35,193,199112
35,96,199112
35,265,199112
35,195,199112
35,34,199112
35,74,199112
35,18,199112
35,99,199112
35,153,199112
35,112,199112
35,139,199112
35,85,199112
35,141,199112
35,29,199112
35,117,199112
35,2,199112
35,28,199112
35,65,199112
35,113,199112
35,108,199112
35,1,199112
35,19,199112
35,171,199112
35,129,199112
35,98,199112
35,14,199112
35,172,199112
35,142,199112
35,38,199112
35,54,199112
35,4,199112
35,20,199112
35,102,199112
35,126,199112
35,137,199112
35,13,199112
35,26,199112
35,80,199112
35,97,199112
35,75,199112
35,173,199112
35,136,199112
35,32,199112
35,76,199112
35,17,199112
35,60,199112
35,194,199112
35,59,199112
35,24,199112
35,100,199112
35,41,199112
35,160,199112
35,92,199112
35,146,199112
35,64,199112
35,83,199112
35,31,199112
35,40,199112
35,154,199112
35,46,199112
36,16,199112
36,6,199112
36,35,199112
36,79,199112
36,0,199112
36,177,199112
36,183,199112
36,11,199112
36,7,199112
36,176,199112
36,161,199112
36,4,199112
36,80,199112
36,180,199112
36,114,199112
36,89,199112
36,157,199112
36,2,199112
36,10,199112
36,124,199112
36,170,199112
36,48,199112
36,189,199112
36,81,199112
36,5,199112
36,28,199112
36,121,199112
36,134,199112
36,14,199112
36,38,199112
36,20,199112
36,52,199112
36,1,199112
36,136,199112
36,99,199112
36,102,199112
36,13,199112
36,18,199112
36,40,199112
36,32,199112
36,182,199112
36,59,199112
36,108,199112
36,60,199112
36,117,199112
36,26,199112
36,142,199112
36,17,199112
36,154,199112
36,31,199112
36,29,199112
36,25,199112
36,137,199112
36,146,199112
36,83,199112
36,19,199112
36,46,199112
36,97,199112
37,130,199112
37,209,199112
37,1,199112
38,99,199112
38,77,199112
38,18,199112
38,45,199112
38,76,199112
38,125,199112
38,34,199112
38,170,199112
38,17,199112
38,62,199112
38,5,199112
38,32,199112
38,160,199112
38,117,199112
38,81,199112
38,101,199112
38,171,199112
38,2,199112
38,57,199112
38,29,199112
38,237,199112
38,121,199112
38,0,199112
38,156,199112
38,22,199112
38,39,199112
38,58,199112
38,135,199112
38,12,199112
38,60,199112
38,23,199112
38,120,199112
38,195,199112
38,54,199112
38,100,199112
38,80,199112
38,175,199112
38,334,199112
38,155,199112
38,83,199112
38,108,199112
38,136,199112
38,28,199112
38,137,199112
38,143,199112
38,26,199112
38,25,199112
38,180,199112
38,59,199112
38,64,199112
38,13,199112
38,14,199112
38,146,199112
38,16,199112
38,6,199112
38,31,199112
38,154,199112
38,19,199112
38,40,199112
38,46,199112
38,97,199112
39,0,199112
39,183,199112
39,21,199112
39,45,199112
39,79,199112
39,96,199112
39,124,199112
39,188,199112
39,157,199112
39,137,199112
39,208,199112
39,156,199112
39,13,199112
39,102,199112
39,38,199112
39,40,199112
39,126,199112
39,139,199112
39,1,199112
39,6,199112
39,119,199112
39,23,199112
39,24,199112
39,152,199112
39,160,199112
39,28,199112
39,46,199112
39,134,199112
39,55,199112
39,11,199112
39,76,199112
39,81,199112
39,143,199112
39,29,199112
39,146,199112
39,14,199112
39,54,199112
39,136,199112
39,25,199112
39,97,199112
39,16,199112
39,154,199112
39,99,199112
39,64,199112
39,26,199112
39,19,199112
39,83,199112
40,180,199112
40,146,199112
40,143,199112
40,39,199112
40,213,199112
40,154,199112
40,237,199112
40,165,199112
40,54,199112
40,96,199112
40,93,199112
40,124,199112
40,83,199112
40,31,199112
40,57,199112
40,118,199112
40,85,199112
40,52,199112
40,97,199112
40,234,199112
40,270,199112
40,25,199112
40,137,199112
40,158,199112
40,27,199112
40,100,199112
40,115,199112
40,60,199112
40,0,199112
40,233,199112
40,15,199112
40,11,199112
40,34,199112
40,9,199112
40,18,199112
40,36,199112
40,183,199112
40,80,199112
40,160,199112
40,16,199112
40,23,199112
40,82,199112
40,51,199112
40,45,199112
40,136,199112
40,129,199112
40,198,199112
40,59,199112
40,64,199112
40,132,199112
40,107,199112
40,22,199112
40,285,199112
40,141,199112
40,12,199112
40,10,199112
40,338,199112
40,334,199112
40,95,199112
40,195,199112
40,178,199112
40,2,199112
40,860,199112
40,134,199112
40,21,199112
40,119,199112
40,135,199112
40,55,199112
40,101,199112
40,175,199112
40,76,199112
40,181,199112
40,65,199112
40,32,199112
40,155,199112
40,29,199112
40,206,199112
40,139,199112
40,6,199112
40,332,199112
40,120,199112
40,38,199112
40,63,199112
40,24,199112
40,4,199112
40,126,199112
40,102,199112
40,182,199112
40,79,199112
40,1,199112
40,117,199112
40,81,199112
40,28,199112
40,142,199112
40,77,199112
40,35,199112
40,362,199112
40,176,199112
40,48,199112
40,20,199112
40,99,199112
40,14,199112
40,13,199112
40,17,199112
40,108,199112
40,46,199112
40,26,199112
40,19,199112
41,6,199112
41,46,199112
41,57,199112
41,237,199112
41,192,199112
41,16,199112
41,54,199112
41,140,199112
41,117,199112
41,146,199112
41,143,199112
41,156,199112
41,48,199112
41,60,199112
41,108,199112
41,35,199112
41,97,199112
42,43,199112
42,54,199112
42,29,199112
43,271,199112
43,44,199112
43,42,199112
43,54,199112
43,74,199112
43,13,199112
43,108,199112
43,97,199112
43,29,199112
44,43,199112
44,276,199112
44,74,199112
44,248,199112
44,29,199112
45,29,199112
45,39,199112
45,107,199112
45,208,199112
45,6,199112
45,32,199112
45,80,199112
45,78,199112
45,152,199112
45,40,199112
45,142,199112
45,77,199112
45,101,199112
45,11,199112
45,2,199112
45,108,199112
45,188,199112
45,23,199112
45,124,199112
45,117,199112
45,146,199112
45,27,199112
45,134,199112
45,99,199112
45,137,199112
45,57,199112
45,100,199112
45,136,199112
45,154,199112
45,20,199112
45,64,199112
45,13,199112
45,38,199112
45,19,199112
45,26,199112
45,83,199112
45,46,199112
45,97,199112
46,28,199112
46,23,199112
46,51,199112
46,98,199112
46,20,199112
46,208,199112
46,58,199112
46,160,199112
46,250,199112
46,22,199112
46,106,199112
46,1,199112
46,18,199112
46,25,199112
46,92,199112
46,4,199112
46,157,199112
46,104,199112
46,137,199112
46,85,199112
46,39,199112
46,163,199112
46,373,199112
46,860,199112
46,198,199112
46,171,199112
46,21,199112
46,34,199112
46,180,199112
46,132,199112
46,107,199112
46,64,199112
46,95,199112
46,288,199112
46,124,199112
46,79,199112
46,10,199112
46,192,199112
46,101,199112
46,152,199112
46,59,199112
46,129,199112
46,154,199112
46,117,199112
46,146,199112
46,2,199112
46,224,199112
46,126,199112
46,176,199112
46,158,199112
46,54,199112
46,29,199112
46,80,199112
46,75,199112
46,287,199112
46,143,199112
46,142,199112
46,156,199112
46,94,199112
46,141,199112
46,63,199112
46,119,199112
46,102,199112
46,27,199112
46,41,199112
46,73,199112
46,31,199112
46,0,199112
46,136,199112
46,52,199112
46,237,199112
46,81,199112
46,24,199112
46,78,199112
46,320,199112
46,278,199112
46,16,199112
46,83,199112
46,82,199112
46,140,199112
46,342,199112
46,77,199112
46,139,199112
46,17,199112
46,97,199112
46,57,199112
46,76,199112
46,120,199112
46,32,199112
46,38,199112
46,36,199112
46,100,199112
46,45,199112
46,14,199112
46,48,199112
46,13,199112
46,40,199112
46,99,199112
46,6,199112
46,19,199112
46,60,199112
46,108,199112
46,26,199112
46,35,199112
47,6,199112
47,100,199112
47,81,199112
47,34,199112
47,9,199112
47,154,199112
47,152,199112
47,156,199112
47,5,199112
47,116,199112
47,27,199112
47,20,199112
47,46,199112
47,31,199112
47,13,199112
47,187,199112
47,77,199112
47,28,199112
47,99,199112
47,136,199112
47,135,199112
47,2,199112
47,80,199112
47,10,199112
47,17,199112
47,96,199112
47,124,199112
47,1,199112
47,72,199112
47,165,199112
47,115,199112
47,149,199112
47,85,199112
47,0,199112
47,274,199112
47,137,199112
47,92,199112
47,25,199112
48,98,199112
48,16,199112
48,35,199112
48,126,199112
48,160,199112
48,11,199112
48,53,199112
48,36,199112
48,96,199112
48,180,199112
48,25,199112
48,81,199112
48,55,199112
48,52,199112
48,136,199112
48,117,199112
48,77,199112
48,51,199112
48,22,199112
48,85,199112
48,6,199112
48,139,199112
48,58,199112
48,23,199112
48,5,199112
48,2,199112
48,1,199112
48,0,199112
48,113,199112
48,32,199112
48,18,199112
48,102,199112
48,60,199112
48,13,199112
48,29,199112
48,54,199112
48,375,199112
48,134,199112
48,4,199112
48,20,199112
48,76,199112
48,64,199112
48,19,199112
48,142,199112
48,10,199112
48,26,199112
48,156,199112
48,41,199112
48,99,199112
48,24,199112
48,108,199112
48,17,199112
48,59,199112
48,119,199112
48,154,199112
48,31,199112
48,146,199112
48,14,199112
48,137,199112
48,83,199112
48,40,199112
48,46,199112
48,97,199112
49,741,199112
49,4,199112
49,177,199112
49,51,199112
50,4,199112
50,184,199112
50,177,199112
50,214,199112
50,300,199112
50,248,199112
50,51,199112
51,110,199112
51,89,199112
51,12,199112
51,4,199112
51,3,199112
51,2,199112
51,227,199112
51,163,199112
51,11,199112
51,133,199112
51,196,199112
51,142,199112
51,88,199112
51,165,199112
51,189,199112
51,50,199112
51,15,199112
51,181,199112
51,16,199112
51,27,199112
51,65,199112
51,117,199112
51,124,199112
51,13,199112
51,0,199112
51,19,199112
51,311,199112
51,238,199112
51,29,199112
51,268,199112
51,17,199112
51,26,199112
51,108,199112
51,96,199112
51,84,199112
51,154,199112
51,48,199112
51,60,199112
51,53,199112
51,23,199112
51,222,199112
51,59,199112
51,99,199112
51,300,199112
51,137,199112
51,183,199112
51,213,199112
51,30,199112
51,83,199112
51,113,199112
51,22,199112
51,295,199112
51,6,199112
51,223,199112
51,31,199112
51,28,199112
51,248,199112
51,301,199112
51,317,199112
51,32,199112
51,49,199112
51,10,199112
51,33,199112
51,69,199112
51,215,199112
51,25,199112
51,184,199112
51,214,199112
51,177,199112
51,741,199112
51,20,199112
51,121,199112
51,5,199112
51,112,199112
51,107,199112
51,21,199112
51,1,199112
51,146,199112
51,97,199112
51,136,199112
51,18,199112
52,180,199112
52,98,199112
52,59,199112
52,27,199112
52,18,199112
52,28,199112
52,20,199112
52,72,199112
52,270,199112
52,108,199112
52,9,199112
52,156,199112
52,100,199112
52,121,199112
52,81,199112
52,170,199112
52,0,199112
52,143,199112
52,61,199112
52,60,199112
52,110,199112
52,136,199112
52,133,199112
52,164,199112
52,112,199112
52,66,199112
52,84,199112
52,34,199112
52,10,199112
52,224,199112
52,1,199112
52,181,199112
52,29,199112
52,2,199112
52,11,199112
52,137,199112
52,154,199112
52,33,199112
52,58,199112
52,38,199112
52,25,199112
52,39,199112
52,4,199112
52,160,199112
52,129,199112
52,51,199112
52,35,199112
52,17,199112
52,320,199112
52,22,199112
52,107,199112
52,96,199112
52,36,199112
52,139,199112
52,194,199112
52,48,199112
52,172,199112
52,94,199112
52,24,199112
52,13,199112
52,77,199112
52,117,199112
52,126,199112
52,142,199112
52,6,199112
52,99,199112
52,31,199112
52,16,199112
52,146,199112
52,14,199112
52,83,199112
52,64,199112
52,19,199112
52,32,199112
52,46,199112
52,40,199112
52,97,199112
53,12,199112
53,113,199112
53,164,199112
53,23,199112
53,13,199112
53,94,199112
53,1,199112
53,101,199112
53,148,199112
53,139,199112
53,160,199112
53,188,199112
53,19,199112
53,5,199112
53,35,199112
53,85,199112
53,133,199112
53,137,199112
53,33,199112
53,96,199112
53,21,199112
53,2,199112
53,28,199112
53,248,199112
53,165,199112
53,20,199112
53,6,199112
53,17,199112
53,54,199112
53,51,199112
53,26,199112
53,150,199112
53,136,199112
53,64,199112
53,60,199112
53,14,199112
53,112,199112
53,25,199112
53,99,199112
53,10,199112
53,29,199112
53,11,199112
53,154,199112
54,22,199112
54,160,199112
54,156,199112
54,146,199112
54,206,199112
54,181,199112
54,38,199112
54,224,199112
54,59,199112
54,32,199112
54,69,199112
54,124,199112
54,78,199112
54,132,199112
54,278,199112
54,60,199112
54,27,199112
54,14,199112
54,12,199112
54,52,199112
54,45,199112
54,0,199112
54,6,199112
54,19,199112
54,1,199112
54,18,199112
54,142,199112
54,139,199112
54,332,199112
54,234,199112
54,42,199112
54,16,199112
54,76,199112
54,48,199112
54,94,199112
54,108,199112
54,35,199112
54,64,199112
54,97,199112
54,11,199112
54,137,199112
54,28,199112
54,77,199112
54,10,199112
54,20,199112
54,43,199112
54,131,199112
54,99,199112
54,13,199112
54,136,199112
54,17,199112
54,29,199112
54,26,199112
54,46,199112
54,40,199112
54,31,199112
54,154,199112
55,97,199112
55,146,199112
55,17,199112
55,143,199112
55,180,199112
55,64,199112
55,23,199112
55,134,199112
55,137,199112
55,155,199112
55,1,199112
55,81,199112
55,65,199112
55,0,199112
55,38,199112
55,77,199112
55,83,199112
55,16,199112
55,154,199112
55,46,199112
55,26,199112
55,6,199112
55,40,199112
55,29,199112
55,19,199112
57,277,199112
57,167,199112
57,208,199112
57,85,199112
57,143,199112
57,21,199112
57,16,199112
57,54,199112
57,171,199112
57,154,199112
57,55,199112
57,45,199112
57,18,199112
57,98,199112
57,142,199112
57,119,199112
57,24,199112
57,40,199112
57,17,199112
57,29,199112
57,99,199112
57,6,199112
57,137,199112
57,64,199112
57,19,199112
57,26,199112
57,83,199112
57,97,199112
57,46,199112
58,25,199112
58,75,199112
58,85,199112
58,146,199112
58,76,199112
58,38,199112
58,5,199112
58,64,199112
58,27,199112
58,72,199112
58,83,199112
58,4,199112
58,80,199112
58,11,199112
58,160,199112
58,92,199112
58,112,199112
58,13,199112
58,14,199112
58,99,199112
58,46,199112
58,29,199112
58,137,199112
58,31,199112
58,97,199112
59,110,199112
59,114,199112
59,13,199112
59,675,199112
59,12,199112
59,100,199112
59,113,199112
59,64,199112
59,97,199112
59,213,199112
59,278,199112
59,193,199112
59,172,199112
59,52,199112
59,362,199112
59,1,199112
59,108,199112
59,134,199112
59,27,199112
59,96,199112
59,76,199112
59,48,199112
59,28,199112
59,54,199112
59,83,199112
59,36,199112
59,146,199112
59,31,199112
59,139,199112
59,142,199112
59,11,199112
59,120,199112
59,2,199112
59,126,199112
59,10,199112
59,38,199112
59,129,199112
59,117,199112
59,24,199112
59,137,199112
59,81,199112
59,77,199112
59,40,199112
59,217,199112
59,35,199112
59,18,199112
59,51,199112
59,16,199112
59,99,199112
59,173,199112
59,14,199112
59,17,199112
59,29,199112
59,0,199112
59,92,199112
59,136,199112
59,32,199112
59,194,199112
59,19,199112
59,20,199112
59,46,199112
59,4,199112
59,60,199112
59,154,199112
60,64,199112
60,34,199112
60,100,199112
60,35,199112
60,18,199112
60,97,199112
60,85,199112
60,108,199112
60,73,199112
60,92,199112
60,112,199112
60,17,199112
60,211,199112
60,30,199112
60,22,199112
60,113,199112
60,54,199112
60,10,199112
60,117,199112
60,81,199112
60,27,199112
60,80,199112
60,77,199112
60,13,199112
60,2,199112
60,342,199112
60,137,199112
60,21,199112
60,149,199112
60,51,199112
60,28,199112
60,120,199112
60,23,199112
60,53,199112
60,136,199112
60,1,199112
60,193,199112
60,180,199112
60,94,199112
60,134,199112
60,29,199112
60,265,199112
60,82,199112
60,12,199112
60,52,199112
60,129,199112
60,38,199112
60,26,199112
60,4,199112
60,6,199112
60,16,199112
60,36,199112
60,20,199112
60,32,199112
60,181,199112
60,176,199112
60,142,199112
60,143,199112
60,76,199112
60,99,199112
60,102,199112
60,119,199112
60,126,199112
60,156,199112
60,41,199112
60,19,199112
60,14,199112
60,48,199112
60,59,199112
60,135,199112
60,0,199112
60,139,199112
60,24,199112
60,11,199112
60,160,199112
60,31,199112
60,146,199112
60,83,199112
60,154,199112
60,25,199112
60,40,199112
60,46,199112
61,27,199112
61,97,199112
61,135,199112
61,74,199112
61,265,199112
61,77,199112
61,131,199112
61,146,199112
61,163,199112
61,183,199112
61,107,199112
61,5,199112
61,10,199112
61,122,199112
61,46,199112
61,111,199112
61,11,199112
61,29,199112
61,154,199112
61,136,199112
61,18,199112
62,99,199112
62,137,199112
62,66,199112
62,175,199112
62,119,199112
62,139,199112
62,54,199112
62,126,199112
62,64,199112
62,14,199112
62,13,199112
62,26,199112
62,146,199112
62,97,199112
62,32,199112
62,24,199112
62,29,199112
63,206,199112
63,152,199112
63,95,199112
63,332,199112
63,83,199112
63,195,199112
63,65,199112
63,124,199112
63,156,199112
63,18,199112
63,100,199112
63,29,199112
63,64,199112
63,46,199112
63,40,199112
64,96,199112
64,97,199112
64,14,199112
64,166,199112
64,99,199112
64,48,199112
64,25,199112
64,10,199112
64,9,199112
64,101,199112
64,39,199112
64,59,199112
64,113,199112
64,146,199112
64,156,199112
64,51,199112
64,169,199112
64,224,199112
64,137,199112
64,58,199112
64,66,199112
64,72,199112
64,134,199112
64,270,199112
64,143,199112
64,18,199112
64,165,199112
64,1,199112
64,4,199112
64,132,199112
64,136,199112
64,11,199112
64,0,199112
64,27,199112
64,63,199112
64,250,199112
64,52,199112
64,173,199112
64,54,199112
64,124,199112
64,107,199112
64,5,199112
64,20,199112
64,55,199112
64,92,199112
64,28,199112
64,121,199112
64,45,199112
64,445,199112
64,19,199112
64,237,199112
64,95,199112
64,813,199112
64,75,199112
64,80,199112
64,24,199112
64,46,199112
64,29,199112
64,797,199112
64,342,199112
64,38,199112
64,182,199112
64,126,199112
64,332,199112
64,119,199112
64,57,199112
64,205,199112
64,79,199112
64,180,199112
64,81,199112
64,860,199112
64,277,199112
64,176,199112
64,94,199112
64,76,199112
64,40,199112
64,208,199112
64,195,199112
64,78,199112
64,140,199112
64,100,199112
64,16,199112
64,32,199112
64,120,199112
64,60,199112
64,192,199112
64,142,199112
64,17,199112
64,83,199112
64,117,199112
64,129,199112
64,102,199112
64,155,199112
64,108,199112
64,154,199112
64,6,199112
64,35,199112
64,26,199112
64,13,199112
65,140,199112
65,250,199112
65,23,199112
65,28,199112
65,63,199112
65,332,199112
65,25,199112
65,338,199112
65,139,199112
65,94,199112
65,31,199112
65,143,199112
65,136,199112
65,92,199112
65,101,199112
65,154,199112
65,137,199112
65,29,199112
65,146,199112
65,40,199112
65,97,199112
66,62,199112
66,40,199112
66,52,199112
66,137,199112
66,79,199112
66,13,199112
66,60,199112
66,99,199112
66,154,199112
66,32,199112
66,24,199112
66,29,199112
69,183,199112
69,54,199112
69,18,199112
69,268,199112
69,9,199112
69,11,199112
69,222,199112
69,27,199112
69,12,199112
69,139,199112
69,14,199112
69,33,199112
69,29,199112
69,131,199112
69,60,199112
69,34,199112
69,40,199112
69,22,199112
69,227,199112
69,189,199112
69,25,199112
69,248,199112
69,301,199112
69,317,199112
69,238,199112
69,88,199112
69,86,199112
69,28,199112
69,51,199112
69,30,199112
69,84,199112
69,223,199112
69,164,199112
69,17,199112
69,4,199112
69,136,199112
69,20,199112
70,25,199112
70,12,199112
70,2,199112
70,97,199112
70,18,199112
70,248,199112
70,136,199112
71,19,199112
71,20,199112
71,17,199112
71,26,199112
71,1,199112
71,29,199112
71,137,199112
72,133,199112
72,34,199112
72,18,199112
72,9,199112
72,38,199112
72,107,199112
72,119,199112
72,152,199112
72,167,199112
72,32,199112
72,13,199112
72,2,199112
72,80,199112
72,216,199112
72,156,199112
72,117,199112
72,97,199112
72,24,199112
72,188,199112
72,41,199112
72,175,199112
72,101,199112
72,30,199112
72,1,199112
72,31,199112
72,81,199112
72,47,199112
72,83,199112
72,126,199112
72,115,199112
72,21,199112
72,22,199112
72,16,199112
72,17,199112
72,6,199112
72,165,199112
72,5,199112
72,75,199112
72,96,199112
72,183,199112
72,57,199112
72,60,199112
72,40,199112
72,25,199112
72,11,199112
72,0,199112
72,102,199112
72,10,199112
72,112,199112
72,139,199112
72,26,199112
72,19,199112
72,113,199112
72,35,199112
72,124,199112
72,20,199112
72,187,199112
72,116,199112
72,93,199112
72,28,199112
72,23,199112
72,77,199112
72,149,199112
72,85,199112
72,135,199112
72,154,199112
72,29,199112
72,160,199112
72,136,199112
72,27,199112
72,92,199112
72,137,199112
72,274,199112
73,237,199112
73,250,199112
73,117,199112
73,140,199112
73,120,199112
73,141,199112
73,38,199112
73,64,199112
73,52,199112
73,97,199112
73,46,199112
74,44,199112
74,86,199112
74,62,199112
74,30,199112
74,131,199112
74,144,199112
74,61,199112
74,176,199112
74,38,199112
74,43,199112
74,18,199112
74,6,199112
74,276,199112
74,171,199112
74,248,199112
74,29,199112
74,32,199112
75,124,199112
75,18,199112
75,151,199112
75,112,199112
75,27,199112
75,20,199112
75,23,199112
75,28,199112
75,106,199112
75,100,199112
75,48,199112
75,14,199112
75,17,199112
75,60,199112
75,64,199112
75,29,199112
75,24,199112
75,46,199112
76,98,199112
76,160,199112
76,120,199112
76,93,199112
76,124,199112
76,157,199112
76,102,199112
76,28,199112
76,188,199112
76,85,199112
76,158,199112
76,13,199112
76,55,199112
76,143,199112
76,108,199112
76,121,199112
76,32,199112
76,77,199112
76,65,199112
76,334,199112
76,47,199112
76,18,199112
76,41,199112
76,9,199112
76,154,199112
76,2,199112
76,34,199112
76,137,199112
76,0,199112
76,20,199112
76,117,199112
76,135,199112
76,39,199112
76,45,199112
76,54,199112
76,1,199112
76,27,199112
76,126,199112
76,52,199112
76,342,199112
76,25,199112
76,16,199112
76,83,199112
76,48,199112
76,59,199112
76,35,199112
76,60,199112
76,64,199112
76,146,199112
76,31,199112
76,99,199112
76,6,199112
76,29,199112
76,40,199112
76,26,199112
76,19,199112
76,46,199112
76,97,199112
77,32,199112
77,29,199112
77,4,199112
77,112,199112
77,171,199112
77,31,199112
77,133,199112
77,116,199112
77,80,199112
77,99,199112
77,10,199112
77,159,199112
77,154,199112
77,82,199112
77,136,199112
77,117,199112
77,22,199112
77,149,199112
77,27,199112
77,132,199112
77,64,199112
77,36,199112
77,86,199112
77,164,199112
77,1,199112
77,126,199112
77,181,199112
77,216,199112
77,139,199112
77,152,199112
77,102,199112
77,213,199112
77,53,199112
77,96,199112
77,23,199112
77,12,199112
77,15,199112
77,72,199112
77,137,199112
77,35,199112
77,165,199112
77,60,199112
77,113,199112
77,48,199112
77,161,199112
77,100,199112
77,78,199112
77,115,199112
77,47,199112
77,274,199112
77,20,199112
77,0,199112
77,93,199112
77,17,199112
77,195,199112
77,25,199112
77,142,199112
77,26,199112
77,14,199112
77,2,199112
77,375,199112
77,108,199112
77,28,199112
77,18,199112
77,85,199112
77,120,199112
77,19,199112
77,124,199112
77,9,199112
77,81,199112
77,83,199112
77,92,199112
77,54,199112
77,24,199112
77,198,199112
77,59,199112
77,16,199112
77,6,199112
77,13,199112
77,187,199112
77,160,199112
77,146,199112
77,40,199112
77,97,199112
77,46,199112
78,18,199112
78,142,199112
78,101,199112
78,224,199112
78,216,199112
78,146,199112
78,132,199112
78,65,199112
78,102,199112
78,250,199112
78,237,199112
78,27,199112
78,19,199112
78,107,199112
78,117,199112
78,126,199112
78,29,199112
78,92,199112
78,16,199112
78,45,199112
78,54,199112
78,154,199112
78,81,199112
78,32,199112
78,26,199112
78,137,199112
78,6,199112
78,95,199112
78,100,199112
78,64,199112
78,83,199112
78,46,199112
78,97,199112
79,182,199112
79,445,199112
79,813,199112
79,25,199112
79,83,199112
79,160,199112
79,51,199112
79,101,199112
79,54,199112
79,176,199112
79,2,199112
79,12,199112
79,31,199112
79,9,199112
79,143,199112
79,154,199112
79,97,199112
79,4,199112
79,156,199112
79,24,199112
79,66,199112
79,36,199112
79,14,199112
79,64,199112
79,46,199112
79,29,199112
79,32,199112
79,40,199112
80,14,199112
80,25,199112
80,107,199112
80,58,199112
80,124,199112
80,27,199112
80,154,199112
80,72,199112
80,250,199112
80,16,199112
80,334,199112
80,116,199112
80,120,199112
80,33,199112
80,35,199112
80,82,199112
80,1,199112
80,77,199112
80,4,199112
80,98,199112
80,51,199112
80,83,199112
80,64,199112
80,21,199112
80,81,199112
80,36,199112
80,115,199112
80,85,199112
80,29,199112
80,188,199112
80,149,199112
80,140,199112
80,47,199112
80,112,199112
80,6,199112
80,274,199112
80,99,199112
80,93,199112
80,32,199112
80,5,199112
80,9,199112
80,165,199112
80,96,199112
80,23,199112
80,143,199112
80,20,199112
80,28,199112
80,10,199112
80,157,199112
80,2,199112
80,187,199112
80,31,199112
80,17,199112
80,60,199112
80,146,199112
80,135,199112
80,40,199112
80,92,199112
80,46,199112
80,137,199112
80,0,199112
80,160,199112
80,97,199112
81,96,199112
81,16,199112
81,165,199112
81,23,199112
81,29,199112
81,156,199112
81,208,199112
81,27,199112
81,0,199112
81,117,199112
81,39,199112
81,15,199112
81,24,199112
81,2,199112
81,174,199112
81,112,199112
81,342,199112
81,85,199112
81,55,199112
81,101,199112
81,161,199112
81,22,199112
81,17,199112
81,152,199112
81,80,199112
81,98,199112
81,108,199112
81,234,199112
81,105,199112
81,11,199112
81,92,199112
81,79,199112
81,180,199112
81,84,199112
81,288,199112
81,102,199112
81,164,199112
81,1,199112
81,213,199112
81,25,199112
81,54,199112
81,41,199112
81,169,199112
81,9,199112
81,31,199112
81,131,199112
81,113,199112
81,120,199112
81,51,199112
81,140,199112
81,860,199112
81,136,199112
81,132,199112
81,48,199112
81,28,199112
81,126,199112
81,181,199112
81,83,199112
81,38,199112
81,142,199112
81,182,199112
81,143,199112
81,36,199112
81,160,199112
81,18,199112
81,13,199112
81,4,199112
81,35,199112
81,77,199112
81,10,199112
81,94,199112
81,20,199112
81,137,199112
81,99,199112
81,6,199112
81,64,199112
81,59,199112
81,26,199112
81,60,199112
81,32,199112
81,19,199112
81,46,199112
81,40,199112
81,146,199112
81,154,199112
81,97,199112
82,85,199112
82,165,199112
82,106,199112
82,76,199112
82,78,199112
82,114,199112
82,99,199112
82,124,199112
82,134,199112
82,83,199112
82,180,199112
82,27,199112
82,6,199112
82,77,199112
82,25,199112
82,102,199112
82,137,199112
82,100,199112
82,142,199112
82,60,199112
82,126,199112
82,13,199112
82,146,199112
82,46,199112
82,97,199112
83,23,199112
83,24,199112
83,1,199112
83,154,199112
83,180,199112
83,182,199112
83,77,199112
83,124,199112
83,40,199112
83,57,199112
83,125,199112
83,134,199112
83,55,199112
83,142,199112
83,94,199112
83,106,199112
83,101,199112
83,34,199112
83,136,199112
83,18,199112
83,9,199112
83,12,199112
83,5,199112
83,104,199112
83,85,199112
83,146,199112
83,11,199112
83,58,199112
83,48,199112
83,108,199112
83,32,199112
83,277,199112
83,81,199112
83,160,199112
83,38,199112
83,97,199112
83,2,199112
83,132,199112
83,31,199112
83,22,199112
83,102,199112
83,120,199112
83,27,199112
83,21,199112
83,126,199112
83,29,199112
83,131,199112
83,72,199112
83,155,199112
83,143,199112
83,59,199112
83,78,199112
83,93,199112
83,60,199112
83,173,199112
83,13,199112
83,14,199112
83,99,199112
83,6,199112
83,172,199112
83,137,199112
83,64,199112
83,39,199112
83,26,199112
83,45,199112
83,117,199112
83,19,199112
83,100,199112
83,16,199112
83,129,199112
83,82,199112
83,52,199112
83,195,199112
83,35,199112
83,139,199112
83,119,199112
83,36,199112
83,46,199112
84,69,199112
84,146,199112
84,74,199112
84,12,199112
84,9,199112
84,4,199112
84,181,199112
84,88,199112
84,85,199112
84,31,199112
84,97,199112
84,223,199112
84,164,199112
84,51,199112
84,30,199112
84,136,199112
84,18,199112
84,11,199112
85,13,199112
85,83,199112
85,81,199112
85,121,199112
85,152,199112
85,51,199112
85,34,199112
85,145,199112
85,94,199112
85,72,199112
85,32,199112
85,30,199112
85,29,199112
85,97,199112
85,150,199112
85,0,199112
85,157,199112
85,19,199112
85,142,199112
85,362,199112
85,2,199112
85,155,199112
85,17,199112
85,52,199112
85,16,199112
85,60,199112
85,139,199112
85,1,199112
85,26,199112
85,20,199112
85,4,199112
85,136,199112
85,144,199112
85,64,199112
85,77,199112
85,96,199112
85,38,199112
85,23,199112
85,133,199112
85,5,199112
85,35,199112
85,99,199112
85,248,199112
85,18,199112
85,27,199112
85,187,199112
85,107,199112
85,21,199112
85,10,199112
85,112,199112
85,14,199112
85,6,199112
85,80,199112
85,31,199112
85,25,199112
85,47,199112
85,154,199112
85,135,199112
85,46,199112
85,124,199112
85,9,199112
85,28,199112
85,116,199112
85,11,199112
85,92,199112
85,93,199112
85,40,199112
85,149,199112
85,115,199112
85,165,199112
85,160,199112
85,274,199112
85,137,199112
86,61,199112
86,70,199112
86,18,199112
86,32,199112
86,4,199112
86,238,199112
86,84,199112
86,16,199112
86,146,199112
86,35,199112
86,51,199112
86,20,199112
86,14,199112
86,29,199112
86,164,199112
86,30,199112
86,69,199112
86,136,199112
86,11,199112
87,89,199112
87,91,199112
87,168,199112
87,291,199112
87,203,199112
87,202,199112
88,1,199112
88,238,199112
88,4,199112
88,223,199112
88,51,199112
88,164,199112
88,20,199112
88,84,199112
88,69,199112
88,30,199112
88,11,199112
89,87,199112
89,10,199112
89,17,199112
89,13,199112
89,323,199112
89,91,199112
89,4,199112
89,92,199112
89,26,199112
89,59,199112
89,112,199112
89,23,199112
89,51,199112
89,32,199112
89,110,199112
89,136,199112
89,8,199112
89,212,199112
89,11,199112
89,18,199112
89,7,199112
89,20,199112
89,770,199112
89,28,199112
89,243,199112
89,137,199112
89,29,199112
89,90,199112
89,97,199112
89,778,199112
89,1,199112
89,154,199112
90,243,199112
90,8,199112
90,7,199112
90,89,199112
91,87,199112
91,89,199112
92,166,199112
92,98,199112
92,165,199112
92,277,199112
92,250,199112
92,342,199112
92,80,199112
92,146,199112
92,132,199112
92,120,199112
92,72,199112
92,76,199112
92,54,199112
92,9,199112
92,83,199112
92,58,199112
92,99,199112
92,81,199112
92,11,199112
92,116,199112
92,208,199112
92,189,199112
92,101,199112
92,16,199112
92,124,199112
92,38,199112
92,65,199112
92,26,199112
92,6,199112
92,19,199112
92,131,199112
92,2,199112
92,29,199112
92,27,199112
92,136,199112
92,137,199112
92,64,199112
92,133,199112
92,21,199112
92,242,199112
92,107,199112
92,32,199112
92,77,199112
92,5,199112
92,23,199112
92,28,199112
92,187,199112
92,85,199112
92,20,199112
92,59,199112
92,18,199112
92,96,199112
92,10,199112
92,115,199112
92,31,199112
92,1,199112
92,17,199112
92,160,199112
92,149,199112
92,135,199112
92,35,199112
92,154,199112
92,47,199112
92,97,199112
92,93,199112
92,0,199112
92,274,199112
93,133,199112
93,83,199112
93,21,199112
93,23,199112
93,27,199112
93,12,199112
93,132,199112
93,2,199112
93,31,199112
93,19,199112
93,16,199112
93,5,199112
93,32,199112
93,9,199112
93,80,199112
93,116,199112
93,20,199112
93,28,199112
93,96,199112
93,124,199112
93,149,199112
93,115,199112
93,187,199112
93,17,199112
93,77,199112
93,1,199112
93,0,199112
93,72,199112
93,10,199112
93,154,199112
93,165,199112
93,135,199112
93,85,199112
93,274,199112
93,25,199112
93,92,199112
93,137,199112
94,39,199112
94,108,199112
94,158,199112
94,119,199112
94,139,199112
94,53,199112
94,134,199112
94,113,199112
94,34,199112
94,22,199112
94,143,199112
94,142,199112
94,26,199112
94,40,199112
94,114,199112
94,126,199112
94,180,199112
94,31,199112
94,0,199112
94,136,199112
94,14,199112
94,160,199112
94,242,199112
94,60,199112
94,32,199112
94,6,199112
94,77,199112
94,181,199112
94,99,199112
94,81,199112
94,19,199112
94,29,199112
94,24,199112
94,13,199112
94,64,199112
94,137,199112
94,25,199112
94,146,199112
94,154,199112
94,46,199112
94,83,199112
94,97,199112
95,40,199112
95,195,199112
95,58,199112
95,120,199112
95,19,199112
95,271,199112
95,78,199112
95,64,199112
95,46,199112
96,6,199112
96,1,199112
96,22,199112
96,64,199112
96,195,199112
96,2,199112
96,70,199112
96,13,199112
96,27,199112
96,80,199112
96,25,199112
96,14,199112
96,31,199112
96,65,199112
96,154,199112
96,107,199112
96,81,199112
96,61,199112
96,132,199112
96,24,199112
96,16,199112
96,52,199112
96,34,199112
96,97,199112
96,60,199112
96,36,199112
96,137,199112
96,11,199112
96,265,199112
96,32,199112
96,124,199112
96,126,199112
96,58,199112
96,5,199112
96,180,199112
96,18,199112
96,187,199112
96,47,199112
96,0,199112
96,35,199112
96,93,199112
96,48,199112
96,121,199112
96,51,199112
96,4,199112
96,29,199112
96,99,199112
96,77,199112
96,165,199112
96,59,199112
96,113,199112
96,9,199112
96,72,199112
96,23,199112
96,135,199112
96,133,199112
96,21,199112
96,85,199112
96,149,199112
96,115,199112
96,92,199112
96,116,199112
96,10,199112
96,40,199112
96,20,199112
96,28,199112
96,136,199112
96,274,199112
96,17,199112
97,76,199112
97,17,199112
97,0,199112
97,143,199112
97,129,199112
97,88,199112
97,182,199112
97,112,199112
97,227,199112
97,2,199112
97,238,199112
97,72,199112
97,99,199112
97,121,199112
97,144,199112
97,16,199112
97,115,199112
97,23,199112
97,102,199112
97,233,199112
97,70,199112
97,113,199112
97,18,199112
97,86,199112
97,29,199112
97,223,199112
97,120,199112
97,11,199112
97,149,199112
97,176,199112
97,110,199112
97,27,199112
97,123,199112
97,51,199112
97,92,199112
97,183,199112
97,59,199112
97,96,199112
97,47,199112
97,5,199112
97,181,199112
97,131,199112
97,145,199112
97,79,199112
97,22,199112
97,137,199112
97,170,199112
97,107,199112
97,165,199112
97,21,199112
97,132,199112
97,83,199112
97,161,199112
97,4,199112
97,142,199112
97,69,199112
97,54,199112
97,52,199112
97,77,199112
97,10,199112
97,332,199112
97,19,199112
97,1,199112
97,13,199112
97,53,199112
97,6,199112
97,26,199112
97,119,199112
97,43,199112
97,55,199112
97,7,199112
97,35,199112
97,34,199112
97,114,199112
97,307,199112
97,100,199112
97,134,199112
97,62,199112
97,172,199112
97,237,199112
97,216,199112
97,141,199112
97,160,199112
97,167,199112
97,117,199112
97,12,199112
97,249,199112
97,180,199112
97,126,199112
97,28,199112
97,136,199112
97,175,199112
97,195,199112
97,14,199112
97,64,199112
97,9,199112
97,188,199112
97,40,199112
97,58,199112
97,85,199112
97,73,199112
97,89,199112
97,65,199112
97,124,199112
97,156,199112
97,32,199112
97,98,199112
97,250,199112
97,41,199112
97,46,199112
97,24,199112
97,154,199112
97,157,199112
97,152,199112
97,106,199112
97,25,199112
97,158,199112
97,224,199112
97,38,199112
97,31,199112
97,57,199112
97,82,199112
97,81,199112
97,78,199112
97,101,199112
97,94,199112
97,39,199112
97,146,199112
97,139,199112
97,45,199112
97,20,199112
97,80,199112
97,36,199112
97,108,199112
97,48,199112
97,60,199112
98,136,199112
98,0,199112
98,167,199112
98,249,199112
98,93,199112
98,31,199112
98,100,199112
98,35,199112
98,53,199112
98,2,199112
98,39,199112
98,48,199112
98,38,199112
98,32,199112
98,195,199112
98,142,199112
98,107,199112
98,96,199112
98,157,199112
98,139,199112
98,19,199112
98,1,199112
98,152,199112
98,29,199112
98,26,199112
98,188,199112
98,25,199112
98,160,199112
98,137,199112
98,97,199112
99,64,199112
99,17,199112
99,27,199112
99,0,199112
99,22,199112
99,94,199112
99,23,199112
99,16,199112
99,1,199112
99,77,199112
99,110,199112
99,114,199112
99,15,199112
99,20,199112
99,45,199112
99,149,199112
99,148,199112
99,307,199112
99,113,199112
99,213,199112
99,143,199112
99,242,199112
99,161,199112
99,78,199112
99,14,199112
99,28,199112
99,112,199112
99,55,199112
99,10,199112
99,4,199112
99,11,199112
99,136,199112
99,108,199112
99,141,199112
99,97,199112
99,32,199112
99,48,199112
99,9,199112
99,85,199112
99,115,199112
99,132,199112
99,2,199112
99,18,199112
99,25,199112
99,152,199112
99,51,199112
99,82,199112
99,100,199112
99,131,199112
99,129,199112
99,154,199112
99,92,199112
99,5,199112
99,21,199112
99,53,199112
99,124,199112
99,36,199112
99,137,199112
99,57,199112
99,139,199112
99,39,199112
99,96,199112
99,12,199112
99,66,199112
99,81,199112
99,35,199112
99,60,199112
99,59,199112
99,52,199112
99,54,199112
99,83,199112
99,76,199112
99,13,199112
99,6,199112
99,126,199112
99,117,199112
99,142,199112
99,180,199112
99,102,199112
99,24,199112
99,31,199112
99,160,199112
99,146,199112
99,40,199112
99,29,199112
99,46,199112
99,26,199112
100,64,199112
100,96,199112
100,11,199112
100,19,199112
100,188,199112
100,117,199112
100,126,199112
100,60,199112
100,157,199112
100,98,199112
100,47,199112
100,142,199112
100,106,199112
100,38,199112
100,107,199112
100,9,199112
100,155,199112
100,132,199112
100,154,199112
100,83,199112
100,23,199112
100,82,199112
100,18,199112
100,2,199112
100,13,199112
100,81,199112
100,45,199112
100,195,199112
100,143,199112
100,36,199112
100,176,199112
100,6,199112
100,17,199112
100,0,199112
100,79,199112
100,102,199112
100,16,199112
100,32,199112
100,20,199112
100,156,199112
100,26,199112
100,77,199112
100,180,199112
100,78,199112
100,99,199112
100,40,199112
100,59,199112
100,97,199112
100,29,199112
100,146,199112
100,14,199112
100,35,199112
100,31,199112
100,25,199112
100,137,199112
100,46,199112
101,160,199112
101,0,199112
101,36,199112
101,115,199112
101,81,199112
101,53,199112
101,277,199112
101,11,199112
101,158,199112
101,106,199112
101,9,199112
101,80,199112
101,154,199112
101,157,199112
101,17,199112
101,100,199112
101,860,199112
101,51,199112
101,132,199112
101,31,199112
101,72,199112
101,16,199112
101,155,199112
101,22,199112
101,6,199112
101,19,199112
101,48,199112
101,32,199112
101,136,199112
101,21,199112
101,65,199112
101,64,199112
101,146,199112
101,46,199112
101,29,199112
101,137,199112
101,40,199112
101,97,199112
102,40,199112
102,101,199112
102,137,199112
102,38,199112
102,97,199112
102,152,199112
102,143,199112
102,12,199112
102,36,199112
102,27,199112
102,860,199112
102,77,199112
102,85,199112
102,32,199112
102,29,199112
102,144,199112
102,142,199112
102,39,199112
102,11,199112
102,73,199112
102,83,199112
102,106,199112
102,0,199112
102,23,199112
102,108,199112
102,320,199112
102,114,199112
102,45,199112
102,82,199112
102,4,199112
102,35,199112
102,146,199112
102,48,199112
102,60,199112
102,16,199112
102,6,199112
102,64,199112
102,46,199112
102,99,199112
102,14,199112
102,19,199112
103,20,199112
104,143,199112
104,100,199112
104,388,199112
104,248,199112
104,154,199112
104,136,199112
105,9,199112
105,268,199112
105,227,199112
105,51,199112
105,69,199112
105,228,199112
105,11,199112
105,137,199112
105,183,199112
106,137,199112
106,143,199112
106,82,199112
106,142,199112
106,120,199112
106,126,199112
106,0,199112
106,16,199112
106,76,199112
106,100,199112
106,102,199112
106,40,199112
106,39,199112
106,180,199112
106,6,199112
106,32,199112
106,29,199112
106,14,199112
106,83,199112
106,46,199112
106,97,199112
107,12,199112
107,27,199112
107,135,199112
107,98,199112
107,152,199112
107,82,199112
107,81,199112
107,26,199112
107,274,199112
107,77,199112
107,10,199112
107,19,199112
107,157,199112
107,137,199112
107,187,199112
107,31,199112
107,117,199112
107,163,199112
107,34,199112
107,261,199112
107,9,199112
107,136,199112
107,97,199112
107,160,199112
107,16,199112
107,1,199112
107,154,199112
107,29,199112
107,30,199112
107,18,199112
107,15,199112
107,28,199112
107,22,199112
107,35,199112
107,20,199112
107,25,199112
107,149,199112
107,115,199112
107,85,199112
107,17,199112
107,113,199112
107,2,199112
107,165,199112
107,23,199112
107,96,199112
107,133,199112
107,92,199112
107,21,199112
107,46,199112
107,150,199112
107,40,199112
107,4,199112
107,51,199112
107,11,199112
107,5,199112
107,112,199112
108,81,199112
108,120,199112
108,85,199112
108,34,199112
108,142,199112
108,30,199112
108,113,199112
108,213,199112
108,161,199112
108,118,199112
108,51,199112
108,40,199112
108,160,199112
108,53,199112
108,54,199112
108,27,199112
108,181,199112
108,11,199112
108,96,199112
108,180,199112
108,46,199112
108,28,199112
108,19,199112
108,23,199112
108,83,199112
108,165,199112
108,52,199112
108,72,199112
108,4,199112
108,77,199112
108,22,199112
108,18,199112
108,9,199112
108,17,199112
108,0,199112
108,97,199112
108,242,199112
108,233,199112
108,101,199112
108,143,199112
108,29,199112
108,10,199112
108,136,199112
108,26,199112
108,2,199112
108,134,199112
108,154,199112
108,76,199112
108,13,199112
108,59,199112
108,60,199112
108,1,199112
108,139,199112
108,171,199112
108,6,199112
108,20,199112
108,79,199112
108,32,199112
108,35,199112
108,94,199112
108,36,199112
108,117,199112
108,126,199112
108,48,199112
108,16,199112
108,156,199112
108,99,199112
108,129,199112
108,41,199112
108,64,199112
108,24,199112
108,31,199112
108,14,199112
108,146,199112
108,25,199112
108,137,199112
109,305,199112
109,196,199112
109,128,199112
109,17,199112
109,633,199112
109,306,199112
109,4,199112
109,127,199112
109,427,199112
109,110,199112
110,230,199112
110,231,199112
110,18,199112
110,29,199112
110,19,199112
110,4,199112
110,50,199112
110,190,199112
110,10,199112
110,200,199112
110,124,199112
110,99,199112
110,48,199112
110,26,199112
110,51,199112
110,789,199112
110,112,199112
110,1,199112
110,196,199112
110,0,199112
110,183,199112
110,351,199112
110,191,199112
110,633,199112
110,201,199112
110,235,199112
110,352,199112
110,290,199112
110,185,199112
110,146,199112
110,60,199112
110,186,199112
110,427,199112
110,424,199112
110,17,199112
110,25,199112
110,305,199112
110,127,199112
110,425,199112
110,20,199112
110,89,199112
110,232,199112
110,525,199112
110,137,199112
110,109,199112
110,11,199112
111,51,199112
111,146,199112
111,143,199112
111,107,199112
111,77,199112
111,147,199112
111,135,199112
111,213,199112
111,32,199112
111,248,199112
111,61,199112
111,29,199112
111,11,199112
111,18,199112
112,13,199112
112,60,199112
112,81,199112
112,6,199112
112,110,199112
112,27,199112
112,137,199112
112,2,199112
112,100,199112
112,154,199112
112,86,199112
112,106,199112
112,342,199112
112,119,199112
112,59,199112
112,75,199112
112,52,199112
112,25,199112
112,26,199112
112,76,199112
112,21,199112
112,89,199112
112,117,199112
112,16,199112
112,32,199112
112,12,199112
112,72,199112
112,31,199112
112,124,199112
112,99,199112
112,35,199112
112,53,199112
112,19,199112
112,85,199112
112,153,199112
112,213,199112
112,17,199112
112,121,199112
112,22,199112
112,23,199112
112,51,199112
112,18,199112
112,4,199112
112,11,199112
112,136,199112
112,10,199112
112,29,199112
112,1,199112
112,107,199112
112,133,199112
112,28,199112
112,113,199112
113,23,199112
113,97,199112
113,100,199112
113,123,199112
113,134,199112
113,14,199112
113,60,199112
113,6,199112
113,122,199112
113,213,199112
113,35,199112
113,48,199112
113,28,199112
113,189,199112
113,53,199112
113,29,199112
113,9,199112
113,77,199112
113,64,199112
113,108,199112
113,16,199112
113,133,199112
113,0,199112
113,27,199112
113,81,199112
113,137,199112
113,107,199112
113,13,199112
113,19,199112
113,72,199112
113,17,199112
113,132,199112
113,51,199112
113,136,199112
113,146,199112
113,96,199112
113,32,199112
113,99,199112
113,26,199112
113,1,199112
113,150,199112
113,59,199112
113,5,199112
113,20,199112
113,4,199112
113,25,199112
113,21,199112
113,154,199112
113,11,199112
113,18,199112
113,10,199112
113,112,199112
114,64,199112
114,136,199112
114,152,199112
114,155,199112
114,106,199112
114,154,199112
114,99,199112
114,59,199112
114,126,199112
114,19,199112
114,134,199112
114,102,199112
114,146,199112
114,108,199112
114,6,199112
114,97,199112
114,29,199112
114,13,199112
115,9,199112
115,32,199112
115,31,199112
115,81,199112
115,97,199112
115,149,199112
115,27,199112
115,135,199112
115,116,199112
115,124,199112
115,38,199112
115,99,199112
115,92,199112
115,154,199112
115,80,199112
115,77,199112
115,120,199112
115,25,199112
115,21,199112
115,133,199112
115,107,199112
115,5,199112
115,0,199112
115,93,199112
115,47,199112
115,72,199112
115,20,199112
115,23,199112
115,28,199112
115,2,199112
115,17,199112
115,1,199112
115,10,199112
115,96,199112
115,165,199112
115,85,199112
115,137,199112
115,274,199112
116,57,199112
116,27,199112
116,154,199112
116,31,199112
116,14,199112
116,58,199112
116,80,199112
116,115,199112
116,97,199112
116,72,199112
116,85,199112
116,12,199112
116,64,199112
116,2,199112
116,21,199112
116,47,199112
116,124,199112
116,149,199112
116,93,199112
116,0,199112
116,5,199112
116,9,199112
116,20,199112
116,28,199112
116,23,199112
116,165,199112
116,25,199112
116,17,199112
116,1,199112
116,10,199112
116,96,199112
116,92,199112
116,137,199112
116,274,199112
117,60,199112
117,29,199112
117,126,199112
117,24,199112
117,78,199112
117,31,199112
117,137,199112
117,25,199112
117,171,199112
117,82,199112
117,11,199112
117,74,199112
117,27,199112
117,111,199112
117,51,199112
117,100,199112
117,36,199112
117,157,199112
117,48,199112
117,158,199112
117,97,199112
117,39,199112
117,55,199112
117,12,199112
117,142,199112
117,80,199112
117,57,199112
117,72,199112
117,23,199112
117,154,199112
117,4,199112
117,54,199112
117,9,199112
117,61,199112
117,85,199112
117,76,199112
117,81,199112
117,120,199112
117,1,199112
117,35,199112
117,52,199112
117,108,199112
117,59,199112
117,146,199112
117,46,199112
117,64,199112
117,99,199112
117,6,199112
117,13,199112
117,32,199112
117,83,199112
117,19,199112
117,14,199112
117,26,199112
117,40,199112
118,122,199112
118,93,199112
118,6,199112
118,123,199112
118,2,199112
118,47,199112
118,100,199112
118,98,199112
118,136,199112
118,25,199112
119,46,199112
119,93,199112
119,797,199112
119,860,199112
119,132,199112
119,62,199112
119,22,199112
119,224,199112
119,80,199112
119,34,199112
119,0,199112
119,39,199112
119,57,199112
119,106,199112
119,137,199112
119,1,199112
119,27,199112
119,82,199112
119,24,199112
119,97,199112
119,142,199112
119,126,199112
119,64,199112
119,60,199112
119,48,199112
119,14,199112
119,40,199112
119,29,199112
119,83,199112
120,85,199112
120,39,199112
120,192,199112
120,64,199112
120,26,199112
120,12,199112
120,107,199112
120,288,199112
120,17,199112
120,4,199112
120,11,199112
120,121,199112
120,188,199112
120,98,199112
120,22,199112
120,152,199112
120,124,199112
120,80,199112
120,53,199112
120,38,199112
120,2,199112
120,143,199112
120,69,199112
120,101,199112
120,55,199112
120,83,199112
120,140,199112
120,23,199112
120,27,199112
120,100,199112
120,31,199112
120,25,199112
120,16,199112
120,97,199112
120,126,199112
120,137,199112
120,180,199112
120,81,199112
120,32,199112
120,29,199112
120,59,199112
120,13,199112
120,14,199112
120,64,199112
120,6,199112
120,146,199112
120,137,199112
120,31,199112
120,26,199112
120,29,199112
120,19,199112
120,40,199112
120,46,199112
120,97,199112
121,17,199112
121,25,199112
121,189,199112
121,18,199112
121,69,199112
121,132,199112
121,154,199112
121,85,199112
121,133,199112
121,9,199112
121,96,199112
121,14,199112
121,222,199112
121,137,199112
121,51,199112
121,4,199112
121,136,199112
121,20,199112
121,5,199112
121,1,199112
122,112,199112
122,6,199112
122,170,199112
122,171,199112
122,17,199112
122,5,199112
122,61,199112
122,123,199112
122,137,199112
122,11,199112
122,136,199112
122,18,199112
123,6,199112
123,112,199112
123,24,199112
123,16,199112
123,17,199112
123,31,199112
123,122,199112
123,136,199112
123,18,199112
124,85,199112
124,16,199112
124,92,199112
124,25,199112
124,24,199112
124,20,199112
124,76,199112
124,176,199112
124,136,199112
124,79,199112
124,14,199112
124,54,199112
124,78,199112
124,163,199112
124,143,199112
124,15,199112
124,180,199112
124,75,199112
124,23,199112
124,5,199112
124,40,199112
124,142,199112
124,181,199112
124,10,199112
124,146,199112
124,250,199112
124,57,199112
124,96,199112
124,112,199112
124,165,199112
124,183,199112
124,63,199112
124,6,199112
124,9,199112
124,32,199112
124,97,199112
124,53,199112
124,132,199112
124,1,199112
124,83,199112
124,28,199112
124,116,199112
124,248,199112
124,47,199112
124,21,199112
124,93,199112
124,72,199112
124,115,199112
124,17,199112
124,99,199112
124,77,199112
124,160,199112
124,149,199112
124,0,199112
124,29,199112
124,187,199112
124,2,199112
124,27,199112
124,135,199112
124,154,199112
124,46,199112
124,31,199112
124,274,199112
124,137,199112
125,166,199112
125,11,199112
125,146,199112
125,117,199112
125,174,199112
125,24,199112
125,154,199112
125,136,199112
125,29,199112
126,13,199112
126,29,199112
126,75,199112
126,46,199112
126,32,199112
126,797,199112
126,160,199112
126,140,199112
126,82,199112
126,242,199112
126,27,199112
126,139,199112
126,278,199112
126,45,199112
126,171,199112
126,48,199112
126,62,199112
126,34,199112
126,94,199112
126,157,199112
126,152,199112
126,78,199112
126,125,199112
126,31,199112
126,92,199112
126,25,199112
126,96,199112
126,154,199112
126,18,199112
126,36,199112
126,39,199112
126,101,199112
126,117,199112
126,137,199112
126,83,199112
126,320,199112
126,124,199112
126,131,199112
126,142,199112
126,22,199112
126,76,199112
126,97,199112
126,51,199112
126,0,199112
126,24,199112
126,77,199112
126,38,199112
126,120,199112
126,28,199112
126,35,199112
126,108,199112
126,59,199112
126,52,199112
126,64,199112
126,119,199112
126,60,199112
126,6,199112
126,146,199112
126,99,199112
126,14,199112
126,26,199112
126,19,199112
126,40,199112
127,633,199112
127,128,199112
127,306,199112
127,427,199112
127,110,199112
127,109,199112
127,4,199112
128,306,199112
128,127,199112
128,427,199112
128,109,199112
128,4,199112
129,97,199112
129,52,199112
129,19,199112
129,13,199112
129,48,199112
129,99,199112
129,29,199112
129,20,199112
129,64,199112
129,35,199112
129,60,199112
129,59,199112
129,16,199112
129,217,199112
129,32,199112
129,40,199112
129,137,199112
129,17,199112
129,6,199112
129,46,199112
129,14,199112
129,31,199112
129,173,199112
129,108,199112
129,172,199112
129,284,199112
129,154,199112
129,83,199112
130,1,199112
131,54,199112
131,142,199112
131,19,199112
131,124,199112
131,96,199112
131,145,199112
131,48,199112
131,26,199112
131,160,199112
131,14,199112
131,18,199112
131,74,199112
131,59,199112
131,52,199112
131,38,199112
131,27,199112
131,25,199112
131,139,199112
131,97,199112
131,112,199112
131,136,199112
131,248,199112
131,99,199112
131,154,199112
131,29,199112
131,32,199112
132,15,199112
132,125,199112
132,163,199112
132,29,199112
132,146,199112
132,40,199112
132,14,199112
132,77,199112
132,126,199112
132,74,199112
132,0,199112
132,32,199112
132,38,199112
132,213,199112
132,195,199112
132,97,199112
132,233,199112
132,81,199112
132,133,199112
132,54,199112
132,51,199112
132,510,199112
132,64,199112
132,79,199112
132,46,199112
132,26,199112
132,12,199112
132,121,199112
132,21,199112
132,99,199112
132,19,199112
132,248,199112
132,1,199112
132,60,199112
132,10,199112
132,18,199112
132,154,199112
132,137,199112
132,136,199112
133,28,199112
133,17,199112
133,0,199112
133,51,199112
133,274,199112
133,1,199112
133,23,199112
133,120,199112
133,113,199112
133,31,199112
133,142,199112
133,38,199112
133,5,199112
133,18,199112
133,154,199112
133,187,199112
133,9,199112
133,80,199112
133,121,199112
133,137,199112
133,16,199112
133,115,199112
133,132,199112
133,96,199112
133,85,199112
133,149,199112
133,83,199112
133,169,199112
133,165,199112
133,136,199112
133,27,199112
133,92,199112
133,4,199112
133,107,199112
133,2,199112
133,150,199112
133,11,199112
133,10,199112
133,112,199112
133,21,199112
133,20,199112
134,17,199112
134,27,199112
134,11,199112
134,136,199112
134,83,199112
134,28,199112
134,198,199112
134,101,199112
134,180,199112
134,35,199112
134,175,199112
134,60,199112
134,139,199112
134,32,199112
134,99,199112
134,146,199112
134,100,199112
134,126,199112
134,108,199112
134,64,199112
134,77,199112
134,38,199112
134,137,199112
134,26,199112
134,97,199112
134,13,199112
134,40,199112
134,19,199112
134,29,199112
134,6,199112
135,116,199112
135,31,199112
135,107,199112
135,145,199112
135,115,199112
135,111,199112
135,176,199112
135,267,199112
135,142,199112
135,11,199112
135,21,199112
135,76,199112
135,64,199112
135,178,199112
135,206,199112
135,149,199112
135,47,199112
135,274,199112
135,23,199112
135,96,199112
135,85,199112
135,5,199112
135,93,199112
135,165,199112
135,2,199112
135,20,199112
135,28,199112
135,0,199112
135,10,199112
135,17,199112
135,9,199112
135,124,199112
135,72,199112
135,80,199112
135,1,199112
135,32,199112
135,40,199112
135,92,199112
135,18,199112
135,60,199112
135,187,199112
135,27,199112
135,154,199112
136,110,199112
136,10,199112
136,17,199112
136,26,199112
136,51,199112
136,19,199112
136,11,199112
136,27,199112
136,34,199112
136,16,199112
136,124,199112
136,99,199112
136,76,199112
136,97,199112
136,14,199112
136,46,199112
136,131,199112
136,32,199112
136,29,199112
136,38,199112
136,20,199112
136,129,199112
136,52,199112
136,4,199112
136,83,199112
136,80,199112
136,40,199112
136,47,199112
136,28,199112
136,86,199112
136,120,199112
136,102,199112
136,13,199112
136,78,199112
136,139,199112
136,126,199112
136,85,199112
136,208,199112
136,238,199112
136,133,199112
136,75,199112
136,6,199112
136,92,199112
136,55,199112
136,81,199112
136,60,199112
136,31,199112
136,181,199112
136,113,199112
136,59,199112
136,180,199112
136,261,199112
136,149,199112
136,35,199112
136,108,199112
136,48,199112
136,53,199112
136,36,199112
136,248,199112
136,89,199112
136,169,199112
136,84,199112
136,159,199112
136,213,199112
136,174,199112
136,54,199112
136,30,199112
136,265,199112
136,123,199112
136,121,199112
136,0,199112
136,163,199112
136,122,199112
136,164,199112
136,69,199112
136,72,199112
136,104,199112
136,165,199112
136,150,199112
136,25,199112
136,15,199112
136,77,199112
136,61,199112
136,70,199112
136,107,199112
136,2,199112
136,160,199112
136,33,199112
136,125,199112
136,9,199112
136,189,199112
136,21,199112
136,146,199112
136,22,199112
136,23,199112
136,64,199112
136,112,199112
136,183,199112
136,154,199112
136,12,199112
136,18,199112
136,96,199112
136,137,199112
136,132,199112
136,5,199112
136,1,199112
136,303,199112
137,97,199112
137,85,199112
137,142,199112
137,166,199112
137,17,199112
137,108,199112
137,167,199112
137,18,199112
137,118,199112
137,26,199112
137,181,199112
137,19,199112
137,24,199112
137,126,199112
137,99,199112
137,64,199112
137,16,199112
137,81,199112
137,47,199112
137,132,199112
137,40,199112
137,144,199112
137,158,199112
137,30,199112
137,46,199112
137,22,199112
137,82,199112
137,27,199112
137,76,199112
137,121,199112
137,249,199112
137,107,199112
137,224,199112
137,117,199112
137,32,199112
137,54,199112
137,69,199112
137,133,199112
137,14,199112
137,15,199112
137,28,199112
137,36,199112
137,45,199112
137,29,199112
137,38,199112
137,52,199112
137,12,199112
137,4,199112
137,197,199112
137,180,199112
137,57,199112
137,196,199112
137,170,199112
137,13,199112
137,35,199112
137,183,199112
137,102,199112
137,122,199112
137,265,199112
137,39,199112
137,92,199112
137,23,199112
137,134,199112
137,6,199112
137,10,199112
137,43,199112
137,248,199112
137,119,199112
137,114,199112
137,303,199112
137,105,199112
137,106,199112
137,250,199112
137,94,199112
137,59,199112
137,33,199112
137,169,199112
137,83,199112
137,65,199112
137,7,199112
137,110,199112
137,58,199112
137,71,199112
137,342,199112
137,307,199112
137,20,199112
137,153,199112
137,152,199112
137,78,199112
137,189,199112
137,77,199112
137,157,199112
137,146,199112
137,143,199112
137,120,199112
137,216,199112
137,160,199112
137,139,199112
137,211,199112
137,80,199112
137,100,199112
137,150,199112
137,34,199112
137,188,199112
137,101,199112
137,51,199112
137,156,199112
137,116,199112
137,31,199112
137,98,199112
137,5,199112
137,53,199112
137,21,199112
137,112,199112
137,213,199112
137,89,199112
137,115,199112
137,161,199112
137,72,199112
137,136,199112
137,124,199112
137,11,199112
137,48,199112
137,1,199112
137,113,199112
137,93,199112
137,129,199112
137,149,199112
137,165,199112
137,154,199112
137,9,199112
137,25,199112
137,96,199112
137,0,199112
137,60,199112
137,2,199112
138,248,199112
138,29,199112
139,54,199112
139,108,199112
139,79,199112
139,176,199112
139,102,199112
139,21,199112
139,94,199112
139,99,199112
139,34,199112
139,113,199112
139,136,199112
139,39,199112
139,28,199112
139,11,199112
139,40,199112
139,22,199112
139,180,199112
139,9,199112
139,142,199112
139,20,199112
139,32,199112
139,59,199112
139,27,199112
139,131,199112
139,19,199112
139,77,199112
139,60,199112
139,52,199112
139,29,199112
139,126,199112
139,181,199112
139,134,199112
139,16,199112
139,154,199112
139,13,199112
139,195,199112
139,17,199112
139,26,199112
139,18,199112
139,25,199112
139,160,199112
139,24,199112
139,137,199112
139,14,199112
139,146,199112
139,31,199112
139,83,199112
139,6,199112
139,46,199112
139,97,199112
140,76,199112
140,60,199112
140,58,199112
140,246,199112
140,224,199112
140,156,199112
140,126,199112
140,73,199112
140,29,199112
140,120,199112
140,0,199112
140,35,199112
140,26,199112
140,64,199112
140,14,199112
140,46,199112
141,41,199112
141,31,199112
141,167,199112
141,24,199112
141,73,199112
141,860,199112
141,97,199112
141,137,199112
141,64,199112
141,29,199112
141,40,199112
141,46,199112
142,171,199112
142,170,199112
142,242,199112
142,108,199112
142,31,199112
142,137,199112
142,32,199112
142,112,199112
142,85,199112
142,165,199112
142,198,199112
142,51,199112
142,66,199112
142,62,199112
142,94,199112
142,78,199112
142,93,199112
142,80,199112
142,81,199112
142,45,199112
142,48,199112
142,117,199112
142,11,199112
142,54,199112
142,154,199112
142,18,199112
142,13,199112
142,25,199112
142,21,199112
142,106,199112
142,12,199112
142,92,199112
142,5,199112
142,74,199112
142,40,199112
142,39,199112
142,97,199112
142,160,199112
142,1,199112
142,41,199112
142,35,199112
142,4,199112
142,139,199112
142,83,199112
142,60,199112
142,100,199112
142,120,199112
142,38,199112
142,119,199112
142,24,199112
142,126,199112
142,59,199112
142,36,199112
142,16,199112
142,52,199112
142,180,199112
142,26,199112
142,64,199112
142,146,199112
142,46,199112
142,99,199112
142,6,199112
142,14,199112
142,19,199112
142,29,199112
143,85,199112
143,93,199112
143,25,199112
143,102,199112
143,110,199112
143,99,199112
143,163,199112
143,72,199112
143,16,199112
143,152,199112
143,15,199112
143,146,199112
143,154,199112
143,150,199112
143,57,199112
143,65,199112
143,174,199112
143,74,199112
143,4,199112
143,158,199112
143,61,199112
143,34,199112
143,24,199112
143,64,199112
143,35,199112
143,45,199112
143,181,199112
143,124,199112
143,51,199112
143,39,199112
143,76,199112
143,134,199112
143,139,199112
143,73,199112
143,137,199112
143,6,199112
143,13,199112
143,107,199112
143,52,199112
143,14,199112
143,120,199112
143,100,199112
143,83,199112
143,180,199112
143,48,199112
143,80,199112
143,19,199112
143,60,199112
143,160,199112
143,18,199112
143,26,199112
143,29,199112
143,32,199112
143,31,199112
143,46,199112
143,40,199112
143,97,199112
144,154,199112
144,180,199112
144,16,199112
144,265,199112
144,2,199112
144,27,199112
144,22,199112
144,195,199112
144,77,199112
144,139,199112
144,145,199112
144,137,199112
144,29,199112
144,18,199112
145,81,199112
145,233,199112
145,181,199112
145,135,199112
145,24,199112
145,16,199112
145,112,199112
145,248,199112
145,29,199112
145,18,199112
146,25,199112
146,373,199112
146,38,199112
146,156,199112
146,180,199112
146,132,199112
146,106,199112
146,152,199112
146,54,199112
146,40,199112
146,11,199112
146,80,199112
146,73,199112
146,72,199112
146,234,199112
146,58,199112
146,145,199112
146,18,199112
146,0,199112
146,111,199112
146,4,199112
146,39,199112
146,159,199112
146,2,199112
146,137,199112
146,144,199112
146,12,199112
146,52,199112
146,21,199112
146,74,199112
146,9,199112
146,195,199112
146,13,199112
146,17,199112
146,183,199112
146,177,199112
146,143,199112
146,120,199112
146,46,199112
146,126,199112
146,142,199112
146,85,199112
146,134,199112
146,64,199112
146,98,199112
146,113,199112
146,110,199112
146,59,199112
146,114,199112
146,81,199112
146,23,199112
146,22,199112
146,82,199112
146,31,199112
146,62,199112
146,154,199112
146,101,199112
146,124,199112
146,32,199112
146,76,199112
146,117,199112
146,157,199112
146,19,199112
146,160,199112
146,100,199112
146,94,199112
146,83,199112
146,6,199112
146,10,199112
146,92,199112
146,51,199112
146,181,199112
146,14,199112
146,1,199112
146,65,199112
146,20,199112
146,28,199112
146,139,199112
146,27,199112
146,29,199112
146,136,199112
146,77,199112
146,36,199112
146,16,199112
146,48,199112
146,108,199112
146,35,199112
146,60,199112
146,99,199112
146,26,199112
146,97,199112
147,213,199112
147,5,199112
147,111,199112
147,112,199112
147,11,199112
148,136,199112
148,14,199112
148,53,199112
148,99,199112
148,248,199112
148,154,199112
149,77,199112
149,27,199112
149,160,199112
149,115,199112
149,52,199112
149,31,199112
149,92,199112
149,135,199112
149,80,199112
149,154,199112
149,21,199112
149,133,199112
149,9,199112
149,107,199112
149,116,199112
149,93,199112
149,136,199112
149,5,199112
149,47,199112
149,124,199112
149,20,199112
149,0,199112
149,23,199112
149,28,199112
149,72,199112
149,25,199112
149,2,199112
149,1,199112
149,17,199112
149,96,199112
149,10,199112
149,165,199112
149,85,199112
149,274,199112
149,137,199112
150,16,199112
150,2,199112
150,72,199112
150,866,199112
150,761,199112
150,30,199112
150,136,199112
150,98,199112
150,96,199112
150,9,199112
150,29,199112
150,97,199112
150,12,199112
150,28,199112
150,133,199112
150,23,199112
150,5,199112
150,107,199112
150,21,199112
150,113,199112
150,17,199112
150,11,199112
150,137,199112
150,20,199112
151,75,199112
151,29,199112
152,160,199112
152,156,199112
152,101,199112
152,79,199112
152,39,199112
152,13,199112
152,72,199112
152,36,199112
152,137,199112
152,60,199112
152,176,199112
152,143,199112
152,120,199112
152,195,199112
152,76,199112
152,22,199112
152,18,199112
152,75,199112
152,63,199112
152,154,199112
152,78,199112
152,216,199112
152,19,199112
152,157,199112
152,98,199112
152,188,199112
152,32,199112
152,25,199112
152,46,199112
152,31,199112
152,97,199112
153,195,199112
153,16,199112
153,112,199112
153,25,199112
153,6,199112
153,17,199112
153,18,199112
153,29,199112
153,137,199112
154,21,199112
154,81,199112
154,99,199112
154,26,199112
154,124,199112
154,160,199112
154,143,199112
154,113,199112
154,227,199112
154,96,199112
154,116,199112
154,80,199112
154,31,199112
154,11,199112
154,84,199112
154,20,199112
154,137,199112
154,16,199112
154,22,199112
154,164,199112
154,23,199112
154,52,199112
154,149,199112
154,224,199112
154,4,199112
154,117,199112
154,19,199112
154,142,199112
154,180,199112
154,123,199112
154,234,199112
154,176,199112
154,183,199112
154,55,199112
154,39,199112
154,25,199112
154,170,199112
154,13,199112
154,35,199112
154,274,199112
154,100,199112
154,120,199112
154,45,199112
154,107,199112
154,165,199112
154,115,199112
154,60,199112
154,28,199112
154,139,199112
154,158,199112
154,133,199112
154,181,199112
154,51,199112
154,237,199112
154,125,199112
154,47,199112
154,79,199112
154,126,199112
154,121,199112
154,6,199112
154,108,199112
154,5,199112
154,1482,199112
154,394,199112
154,93,199112
154,10,199112
154,0,199112
154,85,199112
154,101,199112
154,379,199112
154,174,199112
154,251,199112
154,309,199112
154,522,199112
154,148,199112
154,2,199112
154,32,199112
154,66,199112
154,269,199112
154,275,199112
154,388,199112
154,296,199112
154,271,199112
154,65,199112
154,310,199112
154,213,199112
154,146,199112
154,17,199112
154,198,199112
154,15,199112
154,104,199112
154,61,199112
154,314,199112
154,193,199112
154,131,199112
154,9,199112
154,72,199112
154,46,199112
154,267,199112
154,1,199112
154,94,199112
154,163,199112
154,83,199112
154,38,199112
154,36,199112
154,159,199112
154,40,199112
154,112,199112
154,77,199112
154,129,199112
154,187,199112
154,53,199112
154,48,199112
154,64,199112
154,34,199112
154,54,199112
154,27,199112
154,92,199112
154,132,199112
154,18,199112
154,24,199112
154,136,199112
154,59,199112
154,14,199112
154,97,199112
154,12,199112
154,89,199112
154,29,199112
154,135,199112
155,55,199112
155,142,199112
155,32,199112
155,0,199112
155,39,199112
155,154,199112
155,45,199112
155,76,199112
155,181,199112
155,114,199112
155,60,199112
155,6,199112
155,64,199112
155,40,199112
155,19,199112
155,29,199112
156,137,199112
156,38,199112
156,160,199112
156,79,199112
156,146,199112
156,154,199112
156,176,199112
156,5,199112
156,93,199112
156,46,199112
156,81,199112
156,142,199112
156,45,199112
156,1,199112
156,152,199112
156,85,199112
156,100,199112
156,14,199112
156,29,199112
156,6,199112
156,35,199112
156,60,199112
156,108,199112
156,31,199112
156,25,199112
156,97,199112
157,52,199112
157,224,199112
157,82,199112
157,183,199112
157,188,199112
157,39,199112
157,28,199112
157,54,199112
157,17,199112
157,18,199112
157,21,199112
157,83,199112
157,23,199112
157,152,199112
157,120,199112
157,116,199112
157,143,199112
157,11,199112
157,14,199112
157,99,199112
157,29,199112
157,80,199112
157,146,199112
157,137,199112
157,31,199112
157,97,199112
158,39,199112
158,38,199112
158,198,199112
158,95,199112
158,152,199112
158,101,199112
158,140,199112
158,143,199112
158,146,199112
158,157,199112
158,224,199112
158,25,199112
158,18,199112
158,137,199112
158,120,199112
158,40,199112
158,24,199112
158,46,199112
158,97,199112
159,163,199112
159,534,199112
159,251,199112
159,21,199112
159,193,199112
159,248,199112
159,29,199112
159,136,199112
159,154,199112
160,110,199112
160,64,199112
160,0,199112
160,23,199112
160,120,199112
160,85,199112
160,188,199112
160,249,199112
160,51,199112
160,24,199112
160,165,199112
160,860,199112
160,115,199112
160,78,199112
160,2,199112
160,1,199112
160,156,199112
160,46,199112
160,20,199112
160,224,199112
160,13,199112
160,99,199112
160,181,199112
160,54,199112
160,53,199112
160,113,199112
160,124,199112
160,45,199112
160,25,199112
160,76,199112
160,145,199112
160,16,199112
160,38,199112
160,92,199112
160,58,199112
160,152,199112
160,19,199112
160,83,199112
160,52,199112
160,21,199112
160,48,199112
160,144,199112
160,154,199112
160,142,199112
160,22,199112
160,143,199112
160,40,199112
160,12,199112
160,146,199112
160,139,199112
160,10,199112
160,31,199112
160,72,199112
160,34,199112
160,97,199112
160,137,199112
160,9,199112
160,101,199112
160,98,199112
160,29,199112
160,77,199112
160,6,199112
160,355,199112
160,136,199112
160,27,199112
160,80,199112
160,35,199112
160,4,199112
160,26,199112
160,108,199112
160,60,199112
160,17,199112
160,32,199112
160,18,199112
161,0,199112
161,9,199112
161,133,199112
161,108,199112
161,64,199112
161,72,199112
161,48,199112
161,19,199112
161,32,199112
161,51,199112
161,27,199112
161,20,199112
161,137,199112
161,25,199112
163,15,199112
163,10,199112
163,159,199112
163,51,199112
163,251,199112
163,133,199112
163,61,199112
163,21,199112
163,124,199112
163,97,199112
163,1,199112
163,136,199112
163,29,199112
163,154,199112
164,32,199112
164,31,199112
164,317,199112
164,51,199112
164,222,199112
164,70,199112
164,146,199112
164,181,199112
164,74,199112
164,86,199112
164,35,199112
164,84,199112
164,88,199112
164,223,199112
164,1,199112
164,4,199112
164,30,199112
164,69,199112
164,18,199112
164,136,199112
164,11,199112
165,25,199112
165,5,199112
165,28,199112
165,86,199112
165,17,199112
165,106,199112
165,117,199112
165,32,199112
165,164,199112
165,14,199112
165,9,199112
165,152,199112
165,114,199112
165,100,199112
165,160,199112
165,142,199112
165,97,199112
165,195,199112
165,54,199112
165,21,199112
165,26,199112
165,13,199112
165,101,199112
165,24,199112
165,108,199112
165,6,199112
165,154,199112
165,146,199112
165,77,199112
165,99,199112
165,187,199112
165,19,199112
165,47,199112
165,22,199112
165,133,199112
165,31,199112
165,80,199112
165,124,199112
165,27,199112
165,72,199112
165,10,199112
165,93,199112
165,116,199112
165,0,199112
165,107,199112
165,96,199112
165,135,199112
165,11,199112
165,23,199112
165,20,199112
165,115,199112
165,136,199112
165,149,199112
165,29,199112
165,92,199112
165,85,199112
165,2,199112
165,1,199112
165,274,199112
165,137,199112
166,136,199112
166,189,199112
167,224,199112
167,141,199112
167,57,199112
167,154,199112
167,97,199112
168,291,199112
168,87,199112
168,203,199112
169,105,199112
169,16,199112
169,13,199112
169,46,199112
169,1,199112
169,133,199112
169,11,199112
169,136,199112
169,29,199112
169,137,199112
170,181,199112
170,146,199112
170,334,199112
170,265,199112
170,131,199112
170,35,199112
170,143,199112
170,171,199112
170,197,199112
170,6,199112
170,137,199112
170,19,199112
170,18,199112
170,29,199112
170,24,199112
170,32,199112
171,61,199112
171,170,199112
171,79,199112
171,180,199112
171,265,199112
171,144,199112
171,38,199112
171,81,199112
171,35,199112
171,6,199112
171,74,199112
171,108,199112
171,18,199112
171,29,199112
171,32,199112
171,24,199112
172,155,199112
172,35,199112
172,19,199112
172,13,199112
172,173,199112
172,14,199112
172,52,199112
172,83,199112
172,97,199112
172,6,199112
172,59,199112
172,129,199112
173,172,199112
173,155,199112
173,64,199112
173,59,199112
173,13,199112
173,29,199112
173,35,199112
173,14,199112
173,31,199112
173,6,199112
173,83,199112
173,129,199112
174,77,199112
174,99,199112
174,125,199112
174,15,199112
174,61,199112
174,29,199112
174,154,199112
174,136,199112
175,62,199112
175,117,199112
175,120,199112
175,126,199112
175,26,199112
175,19,199112
175,24,199112
175,29,199112
175,40,199112
175,97,199112
176,79,199112
176,29,199112
176,51,199112
176,2,199112
176,66,199112
176,97,199112
176,160,199112
176,16,199112
176,58,199112
176,13,199112
176,92,199112
176,183,199112
176,21,199112
176,41,199112
176,18,199112
176,54,199112
176,10,199112
176,205,199112
176,35,199112
176,60,199112
176,64,199112
176,32,199112
176,46,199112
176,40,199112
177,97,199112
177,301,199112
177,317,199112
177,183,199112
177,214,199112
177,146,199112
177,51,199112
177,69,199112
177,18,199112
177,105,199112
177,300,199112
177,49,199112
177,248,199112
177,4,199112
177,11,199112
178,141,199112
178,29,199112
178,32,199112
178,13,199112
178,40,199112
180,124,199112
180,146,199112
180,93,199112
180,10,199112
180,137,199112
180,27,199112
180,66,199112
180,35,199112
180,134,199112
180,83,199112
180,242,199112
180,57,199112
180,2,199112
180,1,199112
180,175,199112
180,74,199112
180,94,199112
180,154,199112
180,31,199112
180,23,199112
180,41,199112
180,13,199112
180,60,199112
180,18,199112
180,107,199112
180,22,199112
180,108,199112
180,20,199112
180,55,199112
180,48,199112
180,92,199112
180,21,199112
180,106,199112
180,28,199112
180,81,199112
180,17,199112
180,24,199112
180,64,199112
180,46,199112
180,142,199112
180,99,199112
180,97,199112
180,32,199112
180,29,199112
180,19,199112
180,14,199112
180,40,199112
181,265,199112
181,180,199112
181,124,199112
181,6,199112
181,83,199112
181,77,199112
181,79,199112
181,171,199112
181,40,199112
181,55,199112
181,64,199112
181,12,199112
181,14,199112
181,132,199112
181,21,199112
181,11,199112
181,160,199112
181,18,199112
181,31,199112
181,0,199112
181,112,199112
181,1,199112
181,61,199112
181,76,199112
181,25,199112
181,208,199112
181,195,199112
181,35,199112
181,16,199112
181,155,199112
181,139,199112
181,26,199112
181,144,199112
181,97,199112
181,136,199112
181,99,199112
181,60,199112
181,54,199112
181,146,199112
181,24,199112
181,29,199112
181,32,199112
182,79,199112
182,797,199112
182,31,199112
182,139,199112
182,97,199112
182,108,199112
182,60,199112
182,64,199112
182,14,199112
182,40,199112
183,69,199112
183,4,199112
183,147,199112
183,111,199112
183,105,199112
183,132,199112
183,261,199112
183,27,199112
183,52,199112
183,136,199112
183,0,199112
183,133,199112
183,177,199112
183,97,199112
183,22,199112
183,28,199112
183,17,199112
183,11,199112
183,301,199112
183,317,199112
183,51,199112
183,227,199112
183,228,199112
183,268,199112
183,29,199112
183,20,199112
184,214,199112
184,222,199112
184,10,199112
184,121,199112
184,215,199112
184,137,199112
184,17,199112
184,4,199112
184,51,199112
184,20,199112
185,191,199112
185,186,199112
185,235,199112
185,110,199112
186,185,199112
186,110,199112
187,149,199112
187,21,199112
187,133,199112
187,107,199112
187,47,199112
187,274,199112
187,165,199112
187,85,199112
187,0,199112
187,2,199112
187,96,199112
187,93,199112
187,20,199112
187,72,199112
187,23,199112
187,28,199112
187,5,199112
187,10,199112
187,124,199112
187,9,199112
187,80,199112
187,17,199112
187,92,199112
187,31,199112
187,1,199112
187,27,199112
187,77,199112
187,154,199112
187,135,199112
188,157,199112
188,121,199112
188,18,199112
188,19,199112
188,96,199112
188,14,199112
188,76,199112
188,100,199112
188,85,199112
188,40,199112
188,92,199112
188,53,199112
188,32,199112
188,72,199112
188,39,199112
188,216,199112
188,20,199112
188,107,199112
188,83,199112
188,2,199112
188,156,199112
188,29,199112
188,152,199112
188,80,199112
188,98,199112
188,31,199112
188,97,199112
188,137,199112
189,132,199112
189,213,199112
189,150,199112
189,64,199112
189,33,199112
189,121,199112
189,113,199112
189,14,199112
189,211,199112
189,15,199112
189,18,199112
189,17,199112
189,20,199112
189,137,199112
189,136,199112
190,191,199112
190,235,199112
190,110,199112
190,290,199112
191,235,199112
191,789,199112
191,110,199112
192,120,199112
192,250,199112
192,41,199112
192,64,199112
192,46,199112
193,264,199112
193,159,199112
193,59,199112
193,108,199112
193,35,199112
193,154,199112
193,29,199112
193,24,199112
194,13,199112
194,6,199112
194,217,199112
194,35,199112
194,59,199112
195,85,199112
195,182,199112
195,167,199112
195,144,199112
195,180,199112
195,97,199112
195,22,199112
195,137,199112
195,46,199112
195,153,199112
195,143,199112
195,158,199112
195,0,199112
195,35,199112
195,188,199112
195,99,199112
195,48,199112
195,100,199112
195,181,199112
195,72,199112
195,2,199112
195,25,199112
195,146,199112
195,154,199112
195,108,199112
195,24,199112
195,27,199112
195,139,199112
195,13,199112
195,14,199112
195,64,199112
195,40,199112
195,83,199112
195,29,199112
196,48,199112
196,183,199112
196,110,199112
196,51,199112
196,109,199112
196,4,199112
196,137,199112
196,17,199112
196,424,199112
196,425,199112
197,170,199112
197,13,199112
197,137,199112
197,26,199112
197,29,199112
197,24,199112
198,119,199112
198,102,199112
198,83,199112
198,99,199112
198,14,199112
198,40,199112
198,46,199112
198,77,199112
198,154,199112
198,24,199112
198,29,199112
200,110,199112
200,201,199112
201,200,199112
201,110,199112
202,203,199112
202,87,199112
203,87,199112
203,202,199112
203,89,199112
203,168,199112
203,291,199112
205,29,199112
205,176,199112
205,64,199112
206,101,199112
206,143,199112
206,18,199112
206,31,199112
206,338,199112
206,40,199112
207,4,199112
208,342,199112
208,126,199112
208,277,199112
208,39,199112
208,85,199112
208,2,199112
208,181,199112
208,0,199112
208,20,199112
208,29,199112
208,136,199112
208,40,199112
208,13,199112
208,64,199112
208,32,199112
209,213,199112
209,37,199112
209,1,199112
211,150,199112
211,64,199112
211,0,199112
211,21,199112
211,20,199112
211,137,199112
212,89,199112
213,96,199112
213,35,199112
213,353,199112
213,94,199112
213,139,199112
213,108,199112
213,58,199112
213,209,199112
213,188,199112
213,72,199112
213,150,199112
213,107,199112
213,196,199112
213,113,199112
213,12,199112
213,18,199112
213,13,199112
213,23,199112
213,110,199112
213,52,199112
213,112,199112
213,5,199112
213,17,199112
213,20,199112
213,51,199112
213,11,199112
213,10,199112
213,154,199112
213,1,199112
213,136,199112
213,4,199112
213,29,199112
213,137,199112
214,300,199112
214,222,199112
214,215,199112
214,4,199112
214,51,199112
214,20,199112
215,214,199112
215,184,199112
215,4,199112
215,51,199112
216,53,199112
216,157,199112
216,18,199112
216,188,199112
216,112,199112
216,76,199112
216,20,199112
216,14,199112
216,2,199112
216,156,199112
216,97,199112
216,137,199112
217,129,199112
217,59,199112
217,194,199112
217,6,199112
222,214,199112
222,183,199112
222,215,199112
222,268,199112
222,184,199112
222,33,199112
222,51,199112
222,248,199112
222,17,199112
222,121,199112
222,5,199112
222,4,199112
223,317,199112
223,222,199112
223,238,199112
223,164,199112
223,20,199112
223,88,199112
223,51,199112
223,4,199112
223,30,199112
223,69,199112
223,11,199112
224,157,199112
224,250,199112
224,188,199112
224,249,199112
224,76,199112
224,175,199112
224,106,199112
224,158,199112
224,119,199112
224,120,199112
224,40,199112
224,29,199112
224,137,199112
224,46,199112
224,97,199112
227,301,199112
227,317,199112
227,69,199112
227,183,199112
228,105,199112
228,69,199112
228,227,199112
228,183,199112
230,110,199112
231,110,199112
232,230,199112
232,231,199112
232,110,199112
233,32,199112
233,123,199112
233,122,199112
233,144,199112
233,64,199112
233,85,199112
233,11,199112
233,108,199112
233,160,199112
233,18,199112
234,61,199112
234,12,199112
234,77,199112
234,97,199112
234,154,199112
234,18,199112
235,191,199112
235,190,199112
235,110,199112
237,45,199112
237,137,199112
237,57,199112
237,188,199112
237,249,199112
237,54,199112
237,320,199112
237,16,199112
237,38,199112
237,136,199112
237,35,199112
237,64,199112
237,97,199112
237,46,199112
238,146,199112
238,88,199112
238,4,199112
238,86,199112
238,317,199112
238,18,199112
238,223,199112
238,20,199112
238,29,199112
238,248,199112
238,30,199112
238,69,199112
238,11,199112
242,21,199112
242,126,199112
242,27,199112
242,142,199112
242,137,199112
242,18,199112
242,23,199112
242,26,199112
242,108,199112
242,99,199112
242,97,199112
242,92,199112
242,29,199112
242,32,199112
243,20,199112
243,778,199112
243,90,199112
243,7,199112
243,8,199112
243,89,199112
246,278,199112
246,99,199112
246,120,199112
246,38,199112
246,14,199112
247,109,199112
248,53,199112
248,25,199112
248,70,199112
248,537,199112
248,502,199112
248,9,199112
248,148,199112
248,222,199112
248,111,199112
248,131,199112
248,159,199112
248,238,199112
248,18,199112
248,2,199112
248,69,199112
248,124,199112
248,177,199112
248,132,199112
248,85,199112
248,44,199112
248,104,199112
248,74,199112
248,534,199112
248,27,199112
248,138,199112
248,50,199112
248,15,199112
248,145,199112
248,34,199112
248,137,199112
248,51,199112
248,136,199112
248,4,199112
249,250,199112
249,237,199112
249,78,199112
249,137,199112
249,31,199112
249,195,199112
249,97,199112
250,75,199112
250,76,199112
250,112,199112
250,98,199112
250,82,199112
250,126,199112
250,160,199112
250,216,199112
250,137,199112
250,46,199112
250,97,199112
251,159,199112
251,163,199112
251,154,199112
251,29,199112
261,107,199112
261,17,199112
261,20,199112
262,264,199112
262,29,199112
264,193,199112
264,262,199112
264,29,199112
265,10,199112
265,183,199112
265,74,199112
265,171,199112
265,97,199112
265,19,199112
265,60,199112
265,29,199112
265,61,199112
265,136,199112
265,18,199112
267,193,199112
267,24,199112
267,135,199112
267,2268,199112
267,29,199112
267,154,199112
268,69,199112
268,51,199112
268,4,199112
268,11,199112
268,183,199112
269,104,199112
269,296,199112
269,154,199112
269,29,199112
270,61,199112
270,18,199112
270,27,199112
270,276,199112
270,66,199112
270,32,199112
270,29,199112
271,292,199112
271,15,199112
271,95,199112
271,29,199112
271,154,199112
274,133,199112
274,21,199112
274,32,199112
274,77,199112
274,187,199112
274,23,199112
274,107,199112
274,31,199112
274,80,199112
274,5,199112
274,154,199112
274,27,199112
274,28,199112
274,135,199112
274,10,199112
274,20,199112
274,1,199112
274,17,199112
274,93,199112
274,47,199112
274,0,199112
274,165,199112
274,25,199112
274,96,199112
274,116,199112
274,9,199112
274,124,199112
274,115,199112
274,149,199112
274,72,199112
274,85,199112
274,2,199112
274,92,199112
275,394,199112
275,154,199112
276,270,199112
276,44,199112
276,74,199112
276,29,199112
277,242,199112
277,237,199112
277,208,199112
277,57,199112
277,20,199112
277,12,199112
277,83,199112
277,64,199112
277,29,199112
278,246,199112
278,10,199112
278,32,199112
278,77,199112
278,25,199112
278,29,199112
278,20,199112
278,6,199112
278,14,199112
278,46,199112
284,129,199112
285,29,199112
285,40,199112
287,140,199112
287,126,199112
287,143,199112
287,6,199112
287,46,199112
288,192,199112
288,146,199112
288,46,199112
290,110,199112
291,168,199112
291,203,199112
291,87,199112
292,271,199112
292,29,199112
295,741,199112
295,51,199112
296,269,199112
296,29,199112
296,154,199112
300,49,199112
300,50,199112
300,177,199112
300,51,199112
300,4,199112
301,317,199112
301,227,199112
301,177,199112
301,69,199112
301,51,199112
301,183,199112
301,4,199112
303,137,199112
303,17,199112
303,29,199112
303,136,199112
305,127,199112
305,633,199112
305,109,199112
305,4,199112
305,110,199112
306,128,199112
306,127,199112
306,427,199112
306,109,199112
306,4,199112
307,25,199112
307,97,199112
307,137,199112
309,310,199112
309,154,199112
310,309,199112
310,154,199112
311,3,199112
311,214,199112
311,51,199112
311,4,199112
314,154,199112
315,20,199112
317,301,199112
317,177,199112
317,227,199112
317,69,199112
317,51,199112
317,183,199112
317,4,199112
320,141,199112
320,36,199112
320,142,199112
320,102,199112
320,1,199112
320,10,199112
320,26,199112
320,14,199112
320,46,199112
323,89,199112
323,778,199112
323,7,199112
332,342,199112
332,132,199112
332,16,199112
332,176,199112
332,2,199112
332,29,199112
332,77,199112
332,64,199112
332,14,199112
332,40,199112
334,65,199112
334,38,199112
334,146,199112
334,83,199112
334,40,199112
334,19,199112
338,141,199112
338,31,199112
338,101,199112
338,206,199112
338,40,199112
342,332,199112
342,121,199112
342,47,199112
342,2,199112
342,13,199112
342,20,199112
342,76,199112
342,29,199112
342,14,199112
342,26,199112
342,64,199112
342,137,199112
342,46,199112
351,352,199112
351,110,199112
352,351,199112
352,110,199112
353,213,199112
353,28,199112
353,17,199112
355,31,199112
355,101,199112
355,6,199112
355,160,199112
362,129,199112
362,0,199112
362,76,199112
362,29,199112
362,17,199112
362,46,199112
362,40,199112
375,48,199112
375,77,199112
379,154,199112
388,104,199112
388,154,199112
394,275,199112
394,154,199112
420,171,199112
420,29,199112
424,425,199112
424,196,199112
424,110,199112
425,424,199112
425,196,199112
425,110,199112
427,306,199112
427,128,199112
427,127,199112
427,110,199112
427,109,199112
427,4,199112
445,64,199112
502,248,199112
510,132,199112
522,154,199112
525,110,199112
534,248,199112
537,248,199112
633,305,199112
633,127,199112
633,4,199112
633,110,199112
633,109,199112
652,89,199112
675,35,199112
736,761,199112
736,20,199112
736,21,199112
741,295,199112
741,33,199112
741,4,199112
741,51,199112
761,736,199112
761,150,199112
761,21,199112
761,20,199112
764,20,199112
770,7,199112
770,89,199112
778,323,199112
778,89,199112
789,110,199112
797,64,199112
813,445,199112
813,119,199112
813,64,199112
819,20,199112
832,20,199112
843,51,199112
843,4,199112
860,119,199112
860,83,199112
860,277,199112
860,135,199112
860,64,199112
860,40,199112
863,819,199112
863,20,199112
866,189,199112
866,20,199112
906,20,199112
1482,154,199112
2268,267,199112
