i,j,t
0,181,199704
0,25,199704
0,1,199704
0,120,199704
0,4,199704
0,97,199704
0,52,199704
0,86,199704
0,81,199704
0,33,199704
0,12,199704
0,21,199704
0,6,199704
0,5,199704
0,38,199704
0,30,199704
0,45,199704
0,47,199704
0,32,199704
0,19,199704
0,107,199704
0,18,199704
0,99,199704
0,112,199704
0,77,199704
0,11,199704
0,23,199704
0,53,199704
0,83,199704
0,16,199704
0,14,199704
0,132,199704
0,116,199704
0,154,199704
0,142,199704
0,29,199704
0,20,199704
0,126,199704
0,10,199704
0,60,199704
0,96,199704
0,26,199704
0,85,199704
0,149,199704
0,115,199704
0,28,199704
0,146,199704
0,100,199704
0,64,199704
0,51,199704
0,136,199704
0,102,199704
0,156,199704
0,13,199704
0,2,199704
0,41,199704
0,113,199704
0,326,199704
0,98,199704
0,27,199704
0,165,199704
0,157,199704
0,216,199704
0,72,199704
0,137,199704
0,9,199704
0,17,199704
0,188,199704
0,143,199704
0,124,199704
0,108,199704
0,59,199704
0,48,199704
0,135,199704
0,31,199704
0,40,199704
0,160,199704
0,80,199704
0,35,199704
0,46,199704
0,274,199704
0,92,199704
1,85,199704
1,12,199704
1,2,199704
1,4,199704
1,154,199704
1,27,199704
1,108,199704
1,48,199704
1,180,199704
1,19,199704
1,31,199704
1,28,199704
1,52,199704
1,146,199704
1,160,199704
1,100,199704
1,60,199704
1,248,199704
1,10,199704
1,25,199704
1,38,199704
1,16,199704
1,99,199704
1,107,199704
1,51,199704
1,81,199704
1,5,199704
1,14,199704
1,13,199704
1,21,199704
1,64,199704
1,6,199704
1,143,199704
1,59,199704
1,55,199704
1,536,199704
1,26,199704
1,77,199704
1,69,199704
1,33,199704
1,32,199704
1,376,199704
1,97,199704
1,135,199704
1,22,199704
1,777,199704
1,371,199704
1,0,199704
1,89,199704
1,80,199704
1,345,199704
1,149,199704
1,7,199704
1,54,199704
1,102,199704
1,784,199704
1,894,199704
1,18,199704
1,183,199704
1,299,199704
1,115,199704
1,110,199704
1,116,199704
1,130,199704
1,346,199704
1,189,199704
1,70,199704
1,124,199704
1,213,199704
1,35,199704
1,17,199704
1,150,199704
1,37,199704
1,209,199704
1,136,199704
1,46,199704
1,132,199704
1,34,199704
1,72,199704
1,9,199704
1,53,199704
1,92,199704
1,165,199704
1,137,199704
1,133,199704
1,11,199704
1,20,199704
1,112,199704
1,121,199704
1,40,199704
1,29,199704
1,23,199704
1,96,199704
1,113,199704
2,85,199704
2,47,199704
2,137,199704
2,92,199704
2,25,199704
2,161,199704
2,51,199704
2,1,199704
2,102,199704
2,108,199704
2,80,199704
2,31,199704
2,81,199704
2,156,199704
2,142,199704
2,24,199704
2,5,199704
2,146,199704
2,35,199704
2,52,199704
2,113,199704
2,132,199704
2,100,199704
2,11,199704
2,53,199704
2,163,199704
2,16,199704
2,117,199704
2,27,199704
2,160,199704
2,10,199704
2,48,199704
2,46,199704
2,32,199704
2,6,199704
2,112,199704
2,9,199704
2,13,199704
2,83,199704
2,18,199704
2,107,199704
2,19,199704
2,28,199704
2,20,199704
2,4,199704
2,248,199704
2,136,199704
2,26,199704
2,14,199704
2,23,199704
2,149,199704
2,116,199704
2,99,199704
2,72,199704
2,124,199704
2,135,199704
2,154,199704
2,60,199704
2,96,199704
2,17,199704
2,0,199704
2,93,199704
2,40,199704
2,29,199704
2,165,199704
2,97,199704
2,274,199704
3,311,199704
3,300,199704
3,4,199704
4,96,199704
4,136,199704
4,10,199704
4,115,199704
4,124,199704
4,18,199704
4,12,199704
4,51,199704
4,2,199704
4,154,199704
4,108,199704
4,64,199704
4,102,199704
4,32,199704
4,40,199704
4,161,199704
4,132,199704
4,25,199704
4,26,199704
4,117,199704
4,35,199704
4,30,199704
4,59,199704
4,181,199704
4,27,199704
4,29,199704
4,45,199704
4,21,199704
4,60,199704
4,31,199704
4,16,199704
4,195,199704
4,77,199704
4,112,199704
4,9,199704
4,305,199704
4,6,199704
4,36,199704
4,19,199704
4,13,199704
4,52,199704
4,85,199704
4,81,199704
4,54,199704
4,14,199704
4,97,199704
4,866,199704
4,53,199704
4,165,199704
4,761,199704
4,133,199704
4,214,199704
4,92,199704
4,22,199704
4,87,199704
4,128,199704
4,99,199704
4,306,199704
4,633,199704
4,213,199704
4,525,199704
4,184,199704
4,23,199704
4,135,199704
4,28,199704
4,248,199704
4,17,199704
4,137,199704
4,196,199704
4,3,199704
4,86,199704
4,127,199704
4,223,199704
4,311,199704
4,177,199704
4,300,199704
4,33,199704
4,1,199704
4,110,199704
4,317,199704
4,843,199704
4,164,199704
4,7,199704
4,50,199704
4,222,199704
4,301,199704
4,46,199704
4,427,199704
4,107,199704
4,113,199704
4,183,199704
4,11,199704
4,109,199704
4,89,199704
4,160,199704
4,146,199704
4,5,199704
4,69,199704
4,20,199704
5,31,199704
5,124,199704
5,97,199704
5,6,199704
5,25,199704
5,38,199704
5,152,199704
5,36,199704
5,112,199704
5,46,199704
5,2,199704
5,85,199704
5,108,199704
5,30,199704
5,21,199704
5,69,199704
5,83,199704
5,77,199704
5,18,199704
5,10,199704
5,98,199704
5,149,199704
5,154,199704
5,13,199704
5,53,199704
5,110,199704
5,115,199704
5,1,199704
5,14,199704
5,107,199704
5,27,199704
5,0,199704
5,32,199704
5,135,199704
5,16,199704
5,99,199704
5,92,199704
5,183,199704
5,89,199704
5,165,199704
5,96,199704
5,22,199704
5,137,199704
5,11,199704
5,51,199704
5,136,199704
5,29,199704
5,4,199704
5,113,199704
5,23,199704
5,17,199704
5,28,199704
5,133,199704
6,13,199704
6,45,199704
6,47,199704
6,181,199704
6,59,199704
6,35,199704
6,16,199704
6,11,199704
6,307,199704
6,10,199704
6,121,199704
6,144,199704
6,137,199704
6,83,199704
6,154,199704
6,9,199704
6,15,199704
6,85,199704
6,60,199704
6,61,199704
6,27,199704
6,53,199704
6,2,199704
6,107,199704
6,139,199704
6,82,199704
6,96,199704
6,0,199704
6,165,199704
6,18,199704
6,23,199704
6,1,199704
6,5,199704
6,51,199704
6,92,199704
6,98,199704
6,17,199704
6,141,199704
6,113,199704
6,28,199704
6,25,199704
6,4,199704
6,48,199704
6,22,199704
6,72,199704
6,24,199704
6,140,199704
6,80,199704
6,65,199704
6,112,199704
6,7,199704
6,36,199704
6,143,199704
6,21,199704
6,110,199704
6,20,199704
6,71,199704
6,182,199704
6,99,199704
6,192,199704
6,54,199704
6,14,199704
6,12,199704
6,332,199704
6,178,199704
6,194,199704
6,39,199704
6,89,199704
6,120,199704
6,277,199704
6,176,199704
6,338,199704
6,334,199704
6,106,199704
6,117,199704
6,142,199704
6,108,199704
6,146,199704
6,134,199704
6,38,199704
6,135,199704
6,180,199704
6,57,199704
6,19,199704
6,114,199704
6,46,199704
6,40,199704
6,102,199704
6,81,199704
6,55,199704
6,126,199704
6,97,199704
6,160,199704
6,31,199704
6,155,199704
6,64,199704
6,77,199704
6,94,199704
6,52,199704
6,76,199704
6,136,199704
6,100,199704
6,32,199704
6,129,199704
6,29,199704
7,89,199704
7,90,199704
7,8,199704
7,113,199704
7,29,199704
7,135,199704
7,243,199704
7,136,199704
7,1,199704
7,11,199704
7,17,199704
7,20,199704
7,137,199704
8,64,199704
8,90,199704
8,243,199704
8,7,199704
8,17,199704
8,20,199704
8,89,199704
9,137,199704
9,77,199704
9,85,199704
9,24,199704
9,355,199704
9,82,199704
9,66,199704
9,99,199704
9,156,199704
9,81,199704
9,0,199704
9,14,199704
9,32,199704
9,38,199704
9,25,199704
9,80,199704
9,18,199704
9,51,199704
9,21,199704
9,46,199704
9,16,199704
9,116,199704
9,29,199704
9,76,199704
9,112,199704
9,47,199704
9,72,199704
9,19,199704
9,6,199704
9,26,199704
9,20,199704
9,28,199704
9,143,199704
9,248,199704
9,17,199704
9,2,199704
9,10,199704
9,135,199704
9,53,199704
9,154,199704
9,11,199704
9,146,199704
9,1,199704
9,160,199704
9,92,199704
9,27,199704
9,97,199704
9,136,199704
9,274,199704
10,97,199704
10,13,199704
10,53,199704
10,2,199704
10,20,199704
10,160,199704
10,139,199704
10,108,199704
10,117,199704
10,0,199704
10,135,199704
10,28,199704
10,34,199704
10,85,199704
10,183,199704
10,177,199704
10,60,199704
10,1,199704
10,55,199704
10,81,199704
10,14,199704
10,99,199704
10,16,199704
10,29,199704
10,26,199704
10,154,199704
10,35,199704
10,21,199704
10,4,199704
10,112,199704
10,6,199704
10,51,199704
10,59,199704
10,32,199704
10,72,199704
10,133,199704
10,9,199704
10,5,199704
10,116,199704
10,23,199704
10,69,199704
10,107,199704
10,54,199704
10,27,199704
10,11,199704
10,137,199704
10,96,199704
10,12,199704
10,22,199704
10,115,199704
10,25,199704
10,165,199704
10,149,199704
10,136,199704
10,18,199704
10,46,199704
10,89,199704
10,77,199704
10,19,199704
10,31,199704
10,64,199704
10,17,199704
10,40,199704
10,92,199704
10,113,199704
10,146,199704
11,96,199704
11,85,199704
11,54,199704
11,36,199704
11,51,199704
11,1,199704
11,12,199704
11,21,199704
11,10,199704
11,83,199704
11,143,199704
11,234,199704
11,97,199704
11,2,199704
11,108,199704
11,76,199704
11,38,199704
11,77,199704
11,64,199704
11,23,199704
11,265,199704
11,102,199704
11,6,199704
11,48,199704
11,19,199704
11,52,199704
11,81,199704
11,248,199704
11,31,199704
11,14,199704
11,32,199704
11,4,199704
11,13,199704
11,35,199704
11,17,199704
11,22,199704
11,60,199704
11,26,199704
11,92,199704
11,133,199704
11,16,199704
11,69,199704
11,135,199704
11,27,199704
11,165,199704
11,196,199704
11,28,199704
11,154,199704
11,169,199704
11,89,199704
11,107,199704
11,88,199704
11,183,199704
11,105,199704
11,25,199704
11,72,199704
11,223,199704
11,9,199704
11,84,199704
11,136,199704
11,86,199704
11,150,199704
11,5,199704
11,0,199704
11,164,199704
11,53,199704
11,18,199704
11,29,199704
11,20,199704
11,30,199704
11,177,199704
11,59,199704
11,110,199704
11,113,199704
11,137,199704
11,112,199704
11,146,199704
12,96,199704
12,132,199704
12,165,199704
12,17,199704
12,1,199704
12,4,199704
12,146,199704
12,59,199704
12,135,199704
12,31,199704
12,327,199704
12,99,199704
12,137,199704
12,64,199704
12,117,199704
12,19,199704
12,181,199704
12,5,199704
12,97,199704
12,9,199704
12,48,199704
12,108,199704
12,126,199704
12,40,199704
12,6,199704
12,83,199704
12,60,199704
12,21,199704
12,20,199704
12,133,199704
12,81,199704
12,46,199704
12,51,199704
12,85,199704
12,53,199704
12,248,199704
12,16,199704
12,13,199704
12,77,199704
12,28,199704
12,26,199704
12,11,199704
12,269,199704
12,27,199704
12,22,199704
12,92,199704
12,54,199704
12,10,199704
12,160,199704
12,25,199704
12,154,199704
12,136,199704
12,18,199704
12,29,199704
13,6,199704
13,135,199704
13,19,199704
13,126,199704
13,72,199704
13,53,199704
13,25,199704
13,137,199704
13,132,199704
13,18,199704
13,77,199704
13,60,199704
13,107,199704
13,154,199704
13,106,199704
13,97,199704
13,81,199704
13,108,199704
13,183,199704
13,23,199704
13,96,199704
13,136,199704
13,57,199704
13,131,199704
13,121,199704
13,213,199704
13,31,199704
13,38,199704
13,24,199704
13,51,199704
13,146,199704
13,27,199704
13,17,199704
13,12,199704
13,46,199704
13,100,199704
13,124,199704
13,2,199704
13,113,199704
13,80,199704
13,112,199704
13,65,199704
13,52,199704
13,85,199704
13,142,199704
13,165,199704
13,29,199704
13,7,199704
13,35,199704
13,48,199704
13,8,199704
13,370,199704
13,5,199704
13,143,199704
13,139,199704
13,4,199704
13,0,199704
13,11,199704
13,20,199704
13,28,199704
13,82,199704
13,78,199704
13,349,199704
13,22,199704
13,1,199704
13,129,199704
13,313,199704
13,182,199704
13,76,199704
13,10,199704
13,283,199704
13,59,199704
13,83,199704
13,297,199704
13,120,199704
13,94,199704
13,289,199704
13,285,199704
13,178,199704
13,320,199704
13,114,199704
13,117,199704
13,54,199704
13,64,199704
13,160,199704
13,36,199704
13,16,199704
13,14,199704
13,40,199704
13,32,199704
13,99,199704
13,26,199704
14,13,199704
14,137,199704
14,6,199704
14,64,199704
14,30,199704
14,183,199704
14,86,199704
14,139,199704
14,94,199704
14,53,199704
14,60,199704
14,18,199704
14,112,199704
14,132,199704
14,17,199704
14,278,199704
14,1,199704
14,85,199704
14,173,199704
14,10,199704
14,96,199704
14,131,199704
14,35,199704
14,55,199704
14,113,199704
14,23,199704
14,136,199704
14,27,199704
14,135,199704
14,5,199704
14,54,199704
14,172,199704
14,181,199704
14,107,199704
14,11,199704
14,261,199704
14,108,199704
14,28,199704
14,21,199704
14,180,199704
14,22,199704
14,72,199704
14,297,199704
14,102,199704
14,2,199704
14,0,199704
14,124,199704
14,51,199704
14,9,199704
14,342,199704
14,12,199704
14,293,199704
14,4,199704
14,1020,199704
14,92,199704
14,19,199704
14,142,199704
14,117,199704
14,120,199704
14,59,199704
14,38,199704
14,129,199704
14,100,199704
14,36,199704
14,20,199704
14,80,199704
14,143,199704
14,83,199704
14,77,199704
14,16,199704
14,48,199704
14,81,199704
14,26,199704
14,52,199704
14,97,199704
14,29,199704
14,154,199704
14,31,199704
14,146,199704
14,32,199704
14,25,199704
14,40,199704
14,46,199704
15,46,199704
15,154,199704
15,242,199704
15,164,199704
15,35,199704
15,54,199704
15,19,199704
15,117,199704
15,157,199704
15,18,199704
15,9,199704
15,25,199704
15,31,199704
15,92,199704
15,97,199704
15,0,199704
15,248,199704
15,137,199704
15,29,199704
15,136,199704
16,85,199704
16,136,199704
16,181,199704
16,118,199704
16,131,199704
16,29,199704
16,57,199704
16,35,199704
16,101,199704
16,13,199704
16,137,199704
16,51,199704
16,122,199704
16,6,199704
16,242,199704
16,4,199704
16,154,199704
16,97,199704
16,26,199704
16,139,199704
16,66,199704
16,30,199704
16,233,199704
16,234,199704
16,124,199704
16,22,199704
16,76,199704
16,34,199704
16,74,199704
16,21,199704
16,38,199704
16,107,199704
16,52,199704
16,183,199704
16,144,199704
16,0,199704
16,31,199704
16,180,199704
16,100,199704
16,72,199704
16,113,199704
16,1,199704
16,41,199704
16,160,199704
16,133,199704
16,78,199704
16,28,199704
16,213,199704
16,165,199704
16,17,199704
16,48,199704
16,237,199704
16,96,199704
16,58,199704
16,60,199704
16,11,199704
16,32,199704
16,80,199704
16,20,199704
16,108,199704
16,94,199704
16,248,199704
16,9,199704
16,40,199704
16,151,199704
16,18,199704
16,92,199704
16,27,199704
16,79,199704
16,182,199704
16,176,199704
16,10,199704
16,135,199704
16,171,199704
16,197,199704
16,120,199704
16,62,199704
16,362,199704
16,65,199704
16,175,199704
16,178,199704
16,75,199704
16,64,199704
16,83,199704
16,126,199704
16,170,199704
16,146,199704
16,24,199704
16,59,199704
16,117,199704
16,77,199704
16,36,199704
16,143,199704
16,142,199704
16,54,199704
16,81,199704
16,14,199704
16,102,199704
16,19,199704
16,99,199704
16,46,199704
16,25,199704
17,110,199704
17,47,199704
17,89,199704
17,59,199704
17,10,199704
17,48,199704
17,77,199704
17,120,199704
17,139,199704
17,46,199704
17,20,199704
17,181,199704
17,14,199704
17,124,199704
17,161,199704
17,29,199704
17,35,199704
17,99,199704
17,69,199704
17,108,199704
17,60,199704
17,4,199704
17,196,199704
17,31,199704
17,26,199704
17,6,199704
17,107,199704
17,58,199704
17,52,199704
17,53,199704
17,136,199704
17,28,199704
17,117,199704
17,132,199704
17,61,199704
17,85,199704
17,34,199704
17,9,199704
17,72,199704
17,18,199704
17,116,199704
17,54,199704
17,154,199704
17,19,199704
17,71,199704
17,142,199704
17,303,199704
17,184,199704
17,32,199704
17,80,199704
17,33,199704
17,149,199704
17,183,199704
17,12,199704
17,83,199704
17,13,199704
17,137,199704
17,0,199704
17,100,199704
17,261,199704
17,51,199704
17,27,199704
17,36,199704
17,129,199704
17,23,199704
17,189,199704
17,213,199704
17,135,199704
17,2,199704
17,7,199704
17,150,199704
17,1,199704
17,81,199704
17,92,199704
17,96,199704
17,22,199704
17,8,199704
17,165,199704
17,16,199704
17,160,199704
17,64,199704
17,11,199704
17,40,199704
17,112,199704
17,21,199704
17,146,199704
17,5,199704
17,25,199704
17,97,199704
18,96,199704
18,80,199704
18,61,199704
18,89,199704
18,12,199704
18,1,199704
18,28,199704
18,20,199704
18,34,199704
18,102,199704
18,176,199704
18,156,199704
18,16,199704
18,77,199704
18,19,199704
18,99,199704
18,6,199704
18,25,199704
18,13,199704
18,40,199704
18,4,199704
18,180,199704
18,27,199704
18,52,199704
18,58,199704
18,24,199704
18,133,199704
18,21,199704
18,161,199704
18,110,199704
18,85,199704
18,2,199704
18,23,199704
18,14,199704
18,79,199704
18,129,199704
18,92,199704
18,45,199704
18,126,199704
18,17,199704
18,120,199704
18,39,199704
18,107,199704
18,81,199704
18,9,199704
18,150,199704
18,36,199704
18,142,199704
18,117,199704
18,155,199704
18,101,199704
18,60,199704
18,64,199704
18,153,199704
18,72,199704
18,139,199704
18,248,199704
18,355,199704
18,94,199704
18,100,199704
18,213,199704
18,71,199704
18,97,199704
18,137,199704
18,223,199704
18,48,199704
18,59,199704
18,171,199704
18,170,199704
18,242,199704
18,174,199704
18,84,199704
18,10,199704
18,164,199704
18,208,199704
18,15,199704
18,86,199704
18,143,199704
18,46,199704
18,136,199704
18,30,199704
18,183,199704
18,234,199704
18,145,199704
18,132,199704
18,83,199704
18,53,199704
18,146,199704
18,123,199704
18,111,199704
18,0,199704
18,11,199704
18,144,199704
18,22,199704
18,69,199704
18,74,199704
18,233,199704
18,122,199704
18,112,199704
18,31,199704
18,113,199704
18,135,199704
18,154,199704
18,35,199704
18,108,199704
18,181,199704
18,131,199704
18,265,199704
18,51,199704
18,29,199704
18,26,199704
18,160,199704
18,54,199704
18,32,199704
19,142,199704
19,137,199704
19,18,199704
19,0,199704
19,117,199704
19,2,199704
19,129,199704
19,36,199704
19,83,199704
19,144,199704
19,143,199704
19,154,199704
19,133,199704
19,63,199704
19,81,199704
19,265,199704
19,59,199704
19,12,199704
19,181,199704
19,51,199704
19,1,199704
19,27,199704
19,112,199704
19,94,199704
19,85,199704
19,108,199704
19,4,199704
19,31,199704
19,172,199704
19,98,199704
19,213,199704
19,60,199704
19,125,199704
19,5,199704
19,261,199704
19,131,199704
19,9,199704
19,11,199704
19,132,199704
19,20,199704
19,23,199704
19,78,199704
19,136,199704
19,110,199704
19,28,199704
19,17,199704
19,15,199704
19,96,199704
19,21,199704
19,75,199704
19,152,199704
19,173,199704
19,22,199704
19,10,199704
19,135,199704
19,48,199704
19,113,199704
19,320,199704
19,293,199704
19,332,199704
19,278,199704
19,369,199704
19,283,199704
19,14,199704
19,338,199704
19,387,199704
19,855,199704
19,277,199704
19,64,199704
19,99,199704
19,206,199704
19,26,199704
19,370,199704
19,182,199704
19,24,199704
19,178,199704
19,54,199704
19,57,199704
19,6,199704
19,97,199704
19,100,199704
19,16,199704
19,160,199704
19,32,199704
19,76,199704
19,134,199704
19,77,199704
19,120,199704
19,55,199704
19,126,199704
19,180,199704
19,29,199704
19,35,199704
19,38,199704
19,146,199704
19,25,199704
19,139,199704
19,102,199704
19,155,199704
19,52,199704
19,46,199704
19,40,199704
19,13,199704
20,149,199704
20,2,199704
20,47,199704
20,108,199704
20,142,199704
20,102,199704
20,11,199704
20,196,199704
20,77,199704
20,60,199704
20,132,199704
20,183,199704
20,124,199704
20,143,199704
20,14,199704
20,32,199704
20,160,199704
20,31,199704
20,19,199704
20,83,199704
20,97,199704
20,136,199704
20,26,199704
20,29,199704
20,135,199704
20,100,199704
20,35,199704
20,22,199704
20,137,199704
20,85,199704
20,64,199704
20,13,199704
20,27,199704
20,72,199704
20,48,199704
20,52,199704
20,99,199704
20,18,199704
20,110,199704
20,154,199704
20,165,199704
20,53,199704
20,12,199704
20,10,199704
20,92,199704
20,150,199704
20,54,199704
20,17,199704
20,261,199704
20,21,199704
20,59,199704
20,25,199704
20,0,199704
20,89,199704
20,213,199704
20,7,199704
20,96,199704
20,16,199704
20,8,199704
20,69,199704
20,184,199704
20,51,199704
20,189,199704
20,1,199704
20,113,199704
20,46,199704
20,33,199704
20,40,199704
20,146,199704
20,107,199704
20,6,199704
20,28,199704
20,23,199704
20,4,199704
20,133,199704
21,150,199704
21,208,199704
21,10,199704
21,160,199704
21,124,199704
21,108,199704
21,85,199704
21,58,199704
21,169,199704
21,131,199704
21,35,199704
21,2,199704
21,14,199704
21,32,199704
21,26,199704
21,36,199704
21,94,199704
21,1,199704
21,154,199704
21,223,199704
21,27,199704
21,34,199704
21,31,199704
21,19,199704
21,0,199704
21,99,199704
21,181,199704
21,137,199704
21,135,199704
21,29,199704
21,60,199704
21,110,199704
21,53,199704
21,97,199704
21,92,199704
21,146,199704
21,22,199704
21,165,199704
21,96,199704
21,69,199704
21,20,199704
21,11,199704
21,51,199704
21,4,199704
21,18,199704
21,113,199704
21,136,199704
21,17,199704
21,23,199704
21,133,199704
21,28,199704
22,31,199704
22,53,199704
22,72,199704
22,19,199704
22,139,199704
22,46,199704
22,0,199704
22,38,199704
22,60,199704
22,36,199704
22,97,199704
22,85,199704
22,80,199704
22,157,199704
22,112,199704
22,69,199704
22,12,199704
22,27,199704
22,6,199704
22,14,199704
22,77,199704
22,99,199704
22,51,199704
22,135,199704
22,248,199704
22,5,199704
22,52,199704
22,18,199704
22,20,199704
22,107,199704
22,2,199704
22,4,199704
22,26,199704
22,96,199704
22,165,199704
22,13,199704
22,11,199704
22,1,199704
22,17,199704
22,28,199704
22,23,199704
22,64,199704
22,10,199704
22,146,199704
22,137,199704
22,25,199704
22,136,199704
22,29,199704
23,47,199704
23,89,199704
23,35,199704
23,85,199704
23,32,199704
23,54,199704
23,9,199704
23,116,199704
23,154,199704
23,80,199704
23,19,199704
23,27,199704
23,108,199704
23,183,199704
23,25,199704
23,97,199704
23,124,199704
23,196,199704
23,117,199704
23,26,199704
23,131,199704
23,64,199704
23,60,199704
23,72,199704
23,164,199704
23,40,199704
23,2,199704
23,81,199704
23,83,199704
23,55,199704
23,176,199704
23,16,199704
23,29,199704
23,6,199704
23,110,199704
23,36,199704
23,48,199704
23,12,199704
23,86,199704
23,0,199704
23,34,199704
23,77,199704
23,99,199704
23,31,199704
23,14,199704
23,165,199704
23,115,199704
23,135,199704
23,69,199704
23,22,199704
23,92,199704
23,96,199704
23,4,199704
23,51,199704
23,11,199704
23,17,199704
23,107,199704
23,10,199704
23,137,199704
23,18,199704
23,136,199704
23,1,199704
23,112,199704
23,20,199704
23,5,199704
23,21,199704
24,16,199704
24,181,199704
24,34,199704
24,77,199704
24,117,199704
24,129,199704
24,108,199704
24,72,199704
24,61,199704
24,176,199704
24,234,199704
24,64,199704
24,9,199704
24,224,199704
24,137,199704
24,12,199704
24,79,199704
24,52,199704
24,125,199704
24,78,199704
24,92,199704
24,104,199704
24,120,199704
24,38,199704
24,102,199704
24,36,199704
24,26,199704
24,32,199704
24,6,199704
24,60,199704
24,18,199704
24,29,199704
24,19,199704
24,99,199704
24,46,199704
24,40,199704
24,154,199704
24,97,199704
25,1,199704
25,2,199704
25,188,199704
25,6,199704
25,92,199704
25,10,199704
25,99,199704
25,146,199704
25,29,199704
25,143,199704
25,45,199704
25,102,199704
25,11,199704
25,32,199704
25,51,199704
25,30,199704
25,81,199704
25,97,199704
25,23,199704
25,208,199704
25,15,199704
25,24,199704
25,4,199704
25,129,199704
25,96,199704
25,18,199704
25,34,199704
25,119,199704
25,165,199704
25,31,199704
25,110,199704
25,248,199704
25,5,199704
25,142,199704
25,28,199704
25,26,199704
25,115,199704
25,107,199704
25,137,199704
25,333,199704
25,156,199704
25,390,199704
25,161,199704
25,337,199704
25,216,199704
25,64,199704
25,340,199704
25,393,199704
25,53,199704
25,339,199704
25,160,199704
25,52,199704
25,38,199704
25,54,199704
25,12,199704
25,336,199704
25,157,199704
25,152,199704
25,335,199704
25,36,199704
25,139,199704
25,341,199704
25,20,199704
25,286,199704
25,326,199704
25,124,199704
25,327,199704
25,93,199704
25,118,199704
25,76,199704
25,83,199704
25,40,199704
25,47,199704
25,112,199704
25,149,199704
25,80,199704
25,100,199704
25,154,199704
25,22,199704
25,77,199704
25,98,199704
25,46,199704
25,113,199704
25,35,199704
25,9,199704
25,27,199704
25,72,199704
25,136,199704
25,48,199704
25,19,199704
25,13,199704
25,274,199704
25,14,199704
25,108,199704
25,60,199704
25,16,199704
25,85,199704
25,17,199704
25,0,199704
26,137,199704
26,6,199704
26,77,199704
26,118,199704
26,40,199704
26,53,199704
26,75,199704
26,136,199704
26,113,199704
26,69,199704
26,27,199704
26,144,199704
26,112,199704
26,133,199704
26,108,199704
26,71,199704
26,165,199704
26,20,199704
26,22,199704
26,131,199704
26,60,199704
26,32,199704
26,28,199704
26,29,199704
26,51,199704
26,83,199704
26,1,199704
26,54,199704
26,96,199704
26,5,199704
26,12,199704
26,132,199704
26,342,199704
26,99,199704
26,0,199704
26,4,199704
26,85,199704
26,17,199704
26,1065,199704
26,21,199704
26,82,199704
26,16,199704
26,124,199704
26,23,199704
26,175,199704
26,101,199704
26,140,199704
26,39,199704
26,135,199704
26,94,199704
26,64,199704
26,213,199704
26,31,199704
26,156,199704
26,19,199704
26,9,199704
26,10,199704
26,97,199704
26,35,199704
26,349,199704
26,100,199704
26,2,199704
26,313,199704
26,80,199704
26,11,199704
26,283,199704
26,24,199704
26,57,199704
26,52,199704
26,143,199704
26,48,199704
26,45,199704
26,126,199704
26,139,199704
26,81,199704
26,120,199704
26,38,199704
26,160,199704
26,14,199704
26,76,199704
26,117,199704
26,36,199704
26,142,199704
26,146,199704
26,18,199704
26,154,199704
26,25,199704
26,46,199704
26,13,199704
27,15,199704
27,53,199704
27,154,199704
27,30,199704
27,208,199704
27,102,199704
27,10,199704
27,36,199704
27,146,199704
27,6,199704
27,77,199704
27,46,199704
27,97,199704
27,327,199704
27,105,199704
27,26,199704
27,12,199704
27,265,199704
27,155,199704
27,117,199704
27,85,199704
27,122,199704
27,142,199704
27,126,199704
27,47,199704
27,99,199704
27,81,199704
27,35,199704
27,131,199704
27,112,199704
27,16,199704
27,23,199704
27,13,199704
27,165,199704
27,54,199704
27,242,199704
27,233,199704
27,19,199704
27,80,199704
27,83,199704
27,150,199704
27,51,199704
27,11,199704
27,181,199704
27,134,199704
27,74,199704
27,60,199704
27,1,199704
27,48,199704
27,143,199704
27,21,199704
27,248,199704
27,20,199704
27,28,199704
27,133,199704
27,17,199704
27,76,199704
27,38,199704
27,120,199704
27,5,199704
27,139,199704
27,4,199704
27,2,199704
27,108,199704
27,59,199704
27,113,199704
27,0,199704
27,124,199704
27,107,199704
27,14,199704
27,32,199704
27,96,199704
27,34,199704
27,135,199704
27,137,199704
27,72,199704
27,132,199704
27,92,199704
27,31,199704
27,18,199704
27,160,199704
27,136,199704
27,9,199704
27,40,199704
27,25,199704
27,29,199704
28,89,199704
28,18,199704
28,12,199704
28,4,199704
28,20,199704
28,154,199704
28,48,199704
28,81,199704
28,137,199704
28,29,199704
28,99,199704
28,1,199704
28,101,199704
28,85,199704
28,83,199704
28,23,199704
28,46,199704
28,102,199704
28,181,199704
28,16,199704
28,108,199704
28,30,199704
28,124,199704
28,60,199704
28,26,199704
28,196,199704
28,6,199704
28,17,199704
28,13,199704
28,19,199704
28,38,199704
28,35,199704
28,195,199704
28,51,199704
28,14,199704
28,126,199704
28,25,199704
28,183,199704
28,160,199704
28,33,199704
28,176,199704
28,2,199704
28,77,199704
28,52,199704
28,100,199704
28,31,199704
28,0,199704
28,110,199704
28,32,199704
28,27,199704
28,59,199704
28,64,199704
28,97,199704
28,150,199704
28,54,199704
28,135,199704
28,107,199704
28,92,199704
28,136,199704
28,11,199704
28,165,199704
28,96,199704
28,53,199704
28,22,199704
28,10,199704
28,40,199704
28,146,199704
28,112,199704
28,21,199704
28,5,199704
29,97,199704
29,85,199704
29,9,199704
29,10,199704
29,46,199704
29,12,199704
29,28,199704
29,59,199704
29,113,199704
29,19,199704
29,134,199704
29,139,199704
29,11,199704
29,176,199704
29,332,199704
29,107,199704
29,20,199704
29,99,199704
29,121,199704
29,223,199704
29,6,199704
29,120,199704
29,142,199704
29,36,199704
29,136,199704
29,13,199704
29,137,199704
29,126,199704
29,35,199704
29,102,199704
29,16,199704
29,51,199704
29,188,199704
29,60,199704
29,22,199704
29,57,199704
29,183,199704
29,265,199704
29,54,199704
29,174,199704
29,108,199704
29,48,199704
29,96,199704
29,30,199704
29,169,199704
29,21,199704
29,104,199704
29,41,199704
29,31,199704
29,248,199704
29,182,199704
29,80,199704
29,39,199704
29,38,199704
29,0,199704
29,27,199704
29,100,199704
29,17,199704
29,157,199704
29,153,199704
29,71,199704
29,4,199704
29,112,199704
29,124,199704
29,151,199704
29,63,199704
29,267,199704
29,292,199704
29,145,199704
29,44,199704
29,69,199704
29,269,199704
29,81,199704
29,75,199704
29,163,199704
29,146,199704
29,24,199704
29,132,199704
29,61,199704
29,15,199704
29,171,199704
29,270,199704
29,143,199704
29,159,199704
29,119,199704
29,131,199704
29,198,199704
29,62,199704
29,74,199704
29,208,199704
29,165,199704
29,65,199704
29,193,199704
29,144,199704
29,170,199704
29,55,199704
29,129,199704
29,101,199704
29,125,199704
29,2,199704
29,155,199704
29,175,199704
29,89,199704
29,213,199704
29,79,199704
29,180,199704
29,76,199704
29,160,199704
29,242,199704
29,195,199704
29,34,199704
29,66,199704
29,181,199704
29,14,199704
29,83,199704
29,23,199704
29,53,199704
29,117,199704
29,43,199704
29,72,199704
29,1,199704
29,25,199704
29,5,199704
29,77,199704
29,40,199704
29,154,199704
29,52,199704
29,18,199704
29,64,199704
29,32,199704
29,26,199704
30,52,199704
30,154,199704
30,25,199704
30,97,199704
30,131,199704
30,77,199704
30,86,199704
30,29,199704
30,137,199704
30,51,199704
30,223,199704
30,88,199704
30,164,199704
30,69,199704
30,136,199704
30,18,199704
30,11,199704
31,97,199704
31,64,199704
31,18,199704
31,126,199704
31,123,199704
31,83,199704
31,69,199704
31,152,199704
31,144,199704
31,180,199704
31,133,199704
31,81,199704
31,32,199704
31,155,199704
31,242,199704
31,120,199704
31,117,199704
31,92,199704
31,13,199704
31,54,199704
31,6,199704
31,77,199704
31,27,199704
31,34,199704
31,100,199704
31,124,199704
31,51,199704
31,23,199704
31,142,199704
31,183,199704
31,16,199704
31,85,199704
31,72,199704
31,96,199704
31,265,199704
31,53,199704
31,61,199704
31,9,199704
31,119,199704
31,26,199704
31,145,199704
31,355,199704
31,248,199704
31,21,199704
31,14,199704
31,94,199704
31,11,199704
31,29,199704
31,107,199704
31,154,199704
31,1,199704
31,12,199704
31,143,199704
31,165,199704
31,139,199704
31,5,199704
31,2,199704
31,102,199704
31,17,199704
31,35,199704
31,48,199704
31,80,199704
31,10,199704
31,99,199704
31,19,199704
31,60,199704
31,136,199704
31,0,199704
31,108,199704
31,146,199704
31,137,199704
31,25,199704
31,160,199704
31,40,199704
31,46,199704
31,135,199704
32,183,199704
32,47,199704
32,69,199704
32,181,199704
32,160,199704
32,9,199704
32,29,199704
32,80,199704
32,13,199704
32,4,199704
32,30,199704
32,0,199704
32,12,199704
32,25,199704
32,101,199704
32,31,199704
32,26,199704
32,15,199704
32,20,199704
32,116,199704
32,107,199704
32,96,199704
32,98,199704
32,21,199704
32,28,199704
32,112,199704
32,76,199704
32,100,199704
32,11,199704
32,71,199704
32,6,199704
32,213,199704
32,39,199704
32,1,199704
32,17,199704
32,23,199704
32,48,199704
32,53,199704
32,51,199704
32,2,199704
32,93,199704
32,83,199704
32,165,199704
32,5,199704
32,248,199704
32,10,199704
32,16,199704
32,94,199704
32,77,199704
32,108,199704
32,85,199704
32,161,199704
32,143,199704
32,233,199704
32,27,199704
32,110,199704
32,92,199704
32,72,199704
32,64,199704
32,132,199704
32,24,199704
32,178,199704
32,320,199704
32,62,199704
32,146,199704
32,60,199704
32,66,199704
32,197,199704
32,89,199704
32,35,199704
32,176,199704
32,139,199704
32,59,199704
32,79,199704
32,129,199704
32,136,199704
32,270,199704
32,57,199704
32,120,199704
32,113,199704
32,208,199704
32,19,199704
32,117,199704
32,40,199704
32,46,199704
32,180,199704
32,171,199704
32,38,199704
32,154,199704
32,126,199704
32,102,199704
32,142,199704
32,137,199704
32,81,199704
32,135,199704
32,52,199704
32,36,199704
32,74,199704
32,131,199704
32,170,199704
32,242,199704
32,14,199704
32,97,199704
32,54,199704
32,99,199704
32,18,199704
33,177,199704
33,72,199704
33,11,199704
33,248,199704
33,10,199704
33,17,199704
33,4,199704
33,51,199704
33,136,199704
33,20,199704
34,16,199704
34,24,199704
34,1,199704
34,18,199704
34,79,199704
34,124,199704
34,32,199704
34,117,199704
34,143,199704
34,146,199704
34,23,199704
34,126,199704
34,97,199704
34,31,199704
34,54,199704
34,183,199704
34,35,199704
34,20,199704
34,21,199704
34,17,199704
34,248,199704
34,135,199704
34,136,199704
34,137,199704
34,10,199704
34,27,199704
34,136,199704
34,160,199704
34,137,199704
34,1,199704
34,29,199704
34,154,199704
35,85,199704
35,14,199704
35,146,199704
35,1697,199704
35,118,199704
35,129,199704
35,173,199704
35,108,199704
35,113,199704
35,112,199704
35,134,199704
35,22,199704
35,181,199704
35,10,199704
35,20,199704
35,11,199704
35,80,199704
35,48,199704
35,18,199704
35,5,199704
35,27,199704
35,29,199704
35,99,199704
35,320,199704
35,16,199704
35,51,199704
35,132,199704
35,9,199704
35,31,199704
35,135,199704
35,77,199704
35,23,199704
35,12,199704
35,136,199704
35,0,199704
35,54,199704
35,102,199704
35,60,199704
35,140,199704
35,59,199704
35,45,199704
35,17,199704
35,28,199704
35,52,199704
35,38,199704
35,13,199704
35,4,199704
35,53,199704
35,39,199704
35,137,199704
35,97,199704
35,73,199704
35,100,199704
35,6,199704
35,64,199704
35,1,199704
35,26,199704
35,41,199704
35,32,199704
35,160,199704
35,172,199704
35,83,199704
35,25,199704
35,19,199704
35,154,199704
35,40,199704
35,46,199704
36,6,199704
36,48,199704
36,81,199704
36,19,199704
36,11,199704
36,139,199704
36,23,199704
36,96,199704
36,126,199704
36,77,199704
36,137,199704
36,10,199704
36,5,199704
36,12,199704
36,197,199704
36,13,199704
36,22,199704
36,160,199704
36,14,199704
36,17,199704
36,113,199704
36,112,199704
36,85,199704
36,28,199704
36,94,199704
36,16,199704
36,54,199704
36,108,199704
36,142,199704
36,180,199704
36,195,199704
36,117,199704
36,41,199704
36,52,199704
36,100,199704
36,135,199704
36,97,199704
36,60,199704
36,59,199704
36,25,199704
36,154,199704
36,83,199704
36,29,199704
36,119,199704
36,146,199704
36,26,199704
36,99,199704
36,32,199704
36,40,199704
36,46,199704
37,1,199704
38,64,199704
38,120,199704
38,85,199704
38,32,199704
38,15,199704
38,18,199704
38,5,199704
38,2,199704
38,16,199704
38,100,199704
38,188,199704
38,81,199704
38,96,199704
38,21,199704
38,29,199704
38,82,199704
38,36,199704
38,51,199704
38,137,199704
38,163,199704
38,136,199704
38,154,199704
38,45,199704
38,31,199704
38,146,199704
38,53,199704
38,180,199704
38,25,199704
38,143,199704
38,156,199704
38,23,199704
38,142,199704
38,35,199704
38,28,199704
38,60,199704
38,11,199704
38,102,199704
38,97,199704
38,14,199704
38,59,199704
38,13,199704
38,6,199704
38,26,199704
38,40,199704
38,19,199704
38,46,199704
39,194,199704
39,26,199704
39,224,199704
39,45,199704
39,320,199704
39,140,199704
39,160,199704
39,188,199704
39,157,199704
39,0,199704
39,13,199704
39,32,199704
39,38,199704
39,135,199704
39,6,199704
39,100,199704
39,57,199704
39,35,199704
39,60,199704
39,97,199704
39,59,199704
39,46,199704
40,16,199704
40,137,199704
40,233,199704
40,115,199704
40,54,199704
40,270,199704
40,135,199704
40,15,199704
40,149,199704
40,51,199704
40,146,199704
40,36,199704
40,61,199704
40,22,199704
40,163,199704
40,82,199704
40,154,199704
40,72,199704
40,160,199704
40,132,199704
40,74,199704
40,85,199704
40,27,199704
40,58,199704
40,21,199704
40,9,199704
40,183,199704
40,11,199704
40,106,199704
40,80,199704
40,889,199704
40,0,199704
40,1065,199704
40,320,199704
40,360,199704
40,899,199704
40,1022,199704
40,893,199704
40,1086,199704
40,722,199704
40,151,199704
40,242,199704
40,523,199704
40,373,199704
40,316,199704
40,100,199704
40,59,199704
40,374,199704
40,94,199704
40,381,199704
40,64,199704
40,208,199704
40,96,199704
40,2,199704
40,6,199704
40,25,199704
40,134,199704
40,55,199704
40,338,199704
40,155,199704
40,75,199704
40,18,199704
40,195,199704
40,65,199704
40,140,199704
40,175,199704
40,113,199704
40,206,199704
40,76,199704
40,119,199704
40,32,199704
40,79,199704
40,38,199704
40,332,199704
40,120,199704
40,181,199704
40,139,199704
40,143,199704
40,10,199704
40,66,199704
40,63,199704
40,362,199704
40,126,199704
40,31,199704
40,136,199704
40,28,199704
40,83,199704
40,182,199704
40,180,199704
40,24,199704
40,176,199704
40,117,199704
40,142,199704
40,4,199704
40,35,199704
40,102,199704
40,48,199704
40,29,199704
40,97,199704
40,1,199704
40,52,199704
40,77,199704
40,20,199704
40,81,199704
40,99,199704
40,17,199704
40,14,199704
40,26,199704
40,108,199704
40,13,199704
40,46,199704
40,60,199704
40,19,199704
41,73,199704
41,160,199704
41,54,199704
41,154,199704
41,48,199704
41,100,199704
41,156,199704
41,0,199704
41,36,199704
41,97,199704
41,35,199704
43,48,199704
43,16,199704
43,137,199704
43,189,199704
43,54,199704
43,136,199704
43,97,199704
43,29,199704
44,74,199704
44,248,199704
44,29,199704
45,6,199704
45,60,199704
45,80,199704
45,78,199704
45,137,199704
45,64,199704
45,13,199704
45,76,199704
45,96,199704
45,85,199704
45,39,199704
45,14,199704
45,139,199704
45,29,199704
45,99,199704
45,100,199704
45,136,199704
45,126,199704
45,52,199704
45,18,199704
45,27,199704
45,28,199704
45,38,199704
45,57,199704
45,35,199704
45,320,199704
45,173,199704
45,25,199704
45,97,199704
45,135,199704
45,59,199704
45,26,199704
45,46,199704
46,97,199704
46,194,199704
46,77,199704
46,165,199704
46,25,199704
46,125,199704
46,9,199704
46,15,199704
46,146,199704
46,12,199704
46,74,199704
46,213,199704
46,34,199704
46,131,199704
46,143,199704
46,181,199704
46,145,199704
46,111,199704
46,54,199704
46,18,199704
46,58,199704
46,116,199704
46,17,199704
46,170,199704
46,152,199704
46,85,199704
46,73,199704
46,195,199704
46,2,199704
46,4,199704
46,28,199704
46,1,199704
46,10,199704
46,79,199704
46,6,199704
46,136,199704
46,224,199704
46,129,199704
46,119,199704
46,154,199704
46,101,199704
46,180,199704
46,117,199704
46,141,199704
46,140,199704
46,342,199704
46,24,199704
46,32,199704
46,126,199704
46,29,199704
46,102,199704
46,160,199704
46,176,199704
46,237,199704
46,137,199704
46,20,199704
46,106,199704
46,80,199704
46,27,199704
46,156,199704
46,57,199704
46,81,199704
46,64,199704
46,82,199704
46,142,199704
46,94,199704
46,52,199704
46,39,199704
46,16,199704
46,0,199704
46,76,199704
46,278,199704
46,31,199704
46,78,199704
46,38,199704
46,120,199704
46,139,199704
46,36,199704
46,83,199704
46,320,199704
46,48,199704
46,35,199704
46,108,199704
46,100,199704
46,45,199704
46,99,199704
46,14,199704
46,13,199704
46,26,199704
46,40,199704
46,60,199704
46,19,199704
47,85,199704
47,165,199704
47,25,199704
47,26,199704
47,28,199704
47,2,199704
47,9,199704
47,115,199704
47,27,199704
47,31,199704
47,40,199704
47,97,199704
47,72,199704
47,124,199704
47,149,199704
47,248,199704
47,137,199704
47,274,199704
47,92,199704
48,110,199704
48,47,199704
48,92,199704
48,77,199704
48,60,199704
48,35,199704
48,22,199704
48,153,199704
48,6,199704
48,36,199704
48,28,199704
48,14,199704
48,149,199704
48,136,199704
48,69,199704
48,176,199704
48,5,199704
48,180,199704
48,12,199704
48,16,199704
48,170,199704
48,11,199704
48,32,199704
48,89,199704
48,27,199704
48,96,199704
48,2,199704
48,4,199704
48,119,199704
48,10,199704
48,181,199704
48,83,199704
48,45,199704
48,20,199704
48,13,199704
48,195,199704
48,19,199704
48,41,199704
48,126,199704
48,80,199704
48,29,199704
48,102,199704
48,155,199704
48,143,199704
48,54,199704
48,117,199704
48,81,199704
48,768,199704
48,769,199704
48,142,199704
48,18,199704
48,100,199704
48,154,199704
48,135,199704
48,108,199704
48,129,199704
48,64,199704
48,26,199704
48,17,199704
48,52,199704
48,160,199704
48,178,199704
48,0,199704
48,31,199704
48,59,199704
48,99,199704
48,137,199704
48,146,199704
48,25,199704
48,97,199704
48,40,199704
48,46,199704
49,300,199704
49,51,199704
50,248,199704
50,51,199704
50,4,199704
51,77,199704
51,4,199704
51,20,199704
51,29,199704
51,96,199704
51,146,199704
51,160,199704
51,181,199704
51,100,199704
51,19,199704
51,16,199704
51,136,199704
51,9,199704
51,97,199704
51,2,199704
51,83,199704
51,27,199704
51,12,199704
51,99,199704
51,52,199704
51,26,199704
51,107,199704
51,92,199704
51,32,199704
51,176,199704
51,22,199704
51,48,199704
51,11,199704
51,165,199704
51,135,199704
51,13,199704
51,6,199704
51,125,199704
51,31,199704
51,133,199704
51,223,199704
51,10,199704
51,124,199704
51,222,199704
51,317,199704
51,196,199704
51,164,199704
51,300,199704
51,60,199704
51,301,199704
51,248,199704
51,17,199704
51,59,199704
51,866,199704
51,23,199704
51,761,199704
51,49,199704
51,177,199704
51,1,199704
51,50,199704
51,28,199704
51,110,199704
51,215,199704
51,741,199704
51,33,199704
51,184,199704
51,214,199704
51,64,199704
51,53,199704
51,25,199704
51,213,199704
51,21,199704
51,69,199704
51,112,199704
51,183,199704
51,154,199704
51,137,199704
51,5,199704
51,89,199704
51,113,199704
51,18,199704
52,99,199704
52,32,199704
52,59,199704
52,334,199704
52,19,199704
52,134,199704
52,154,199704
52,170,199704
52,36,199704
52,22,199704
52,0,199704
52,12,199704
52,169,199704
52,132,199704
52,69,199704
52,21,199704
52,137,199704
52,13,199704
52,96,199704
52,111,199704
52,2,199704
52,124,199704
52,25,199704
52,29,199704
52,1,199704
52,20,199704
52,53,199704
52,27,199704
52,101,199704
52,160,199704
52,17,199704
52,136,199704
52,64,199704
52,6,199704
52,11,199704
52,77,199704
52,112,199704
52,34,199704
52,48,199704
52,4,199704
52,54,199704
52,28,199704
52,129,199704
52,10,199704
52,82,199704
52,35,199704
52,60,199704
52,16,199704
52,26,199704
52,108,199704
52,18,199704
52,83,199704
52,14,199704
52,146,199704
52,40,199704
52,46,199704
52,97,199704
53,85,199704
53,77,199704
53,27,199704
53,2,199704
53,16,199704
53,9,199704
53,30,199704
53,120,199704
53,143,199704
53,146,199704
53,65,199704
53,31,199704
53,13,199704
53,96,199704
53,81,199704
53,12,199704
53,122,199704
53,19,199704
53,76,199704
53,36,199704
53,154,199704
53,89,199704
53,26,199704
53,52,199704
53,28,199704
53,248,199704
53,83,199704
53,18,199704
53,59,199704
53,24,199704
53,97,199704
53,5,199704
53,108,199704
53,121,199704
53,25,199704
53,23,199704
53,21,199704
53,99,199704
53,112,199704
53,64,199704
53,20,199704
53,35,199704
53,17,199704
53,136,199704
53,160,199704
53,107,199704
53,10,199704
53,32,199704
53,72,199704
53,137,199704
53,4,199704
53,51,199704
53,135,199704
53,60,199704
53,6,199704
53,1,199704
53,11,199704
53,29,199704
54,14,199704
54,12,199704
54,77,199704
54,48,199704
54,80,199704
54,126,199704
54,122,199704
54,125,199704
54,176,199704
54,58,199704
54,137,199704
54,180,199704
54,46,199704
54,59,199704
54,43,199704
54,89,199704
54,85,199704
54,234,199704
54,31,199704
54,40,199704
54,188,199704
54,104,199704
54,38,199704
54,0,199704
54,20,199704
54,11,199704
54,189,199704
54,139,199704
54,60,199704
54,83,199704
54,29,199704
54,26,199704
54,108,199704
54,51,199704
54,248,199704
54,10,199704
54,17,199704
54,4,199704
54,1,199704
54,154,199704
54,6,199704
54,181,199704
54,28,199704
54,81,199704
54,131,199704
54,25,199704
54,136,199704
54,375,199704
54,16,199704
54,97,199704
54,19,199704
54,27,199704
54,13,199704
54,99,199704
54,146,199704
54,160,199704
54,32,199704
54,18,199704
55,32,199704
55,155,199704
55,146,199704
55,112,199704
55,23,199704
55,136,199704
55,27,199704
55,1,199704
55,0,199704
55,83,199704
55,60,199704
55,6,199704
55,29,199704
55,40,199704
55,19,199704
57,194,199704
57,73,199704
57,74,199704
57,94,199704
57,16,199704
57,24,199704
57,97,199704
57,120,199704
57,137,199704
57,45,199704
57,99,199704
57,40,199704
57,39,199704
57,135,199704
57,26,199704
57,59,199704
57,60,199704
57,19,199704
57,6,199704
57,32,199704
57,46,199704
58,237,199704
58,107,199704
58,22,199704
58,2,199704
58,81,199704
58,78,199704
58,165,199704
58,25,199704
58,216,199704
58,136,199704
58,96,199704
58,124,199704
58,99,199704
58,137,199704
58,46,199704
58,97,199704
59,110,199704
59,97,199704
59,17,199704
59,64,199704
59,21,199704
59,124,199704
59,27,199704
59,28,199704
59,96,199704
59,136,199704
59,32,199704
59,10,199704
59,137,199704
59,35,199704
59,29,199704
59,100,199704
59,20,199704
59,51,199704
59,18,199704
59,60,199704
59,13,199704
59,217,199704
59,120,199704
59,77,199704
59,52,199704
59,36,199704
59,78,199704
59,99,199704
59,194,199704
59,14,199704
59,38,199704
59,4,199704
59,57,199704
59,16,199704
59,139,199704
59,45,199704
59,19,199704
59,0,199704
59,40,199704
59,1,199704
59,39,199704
59,108,199704
59,320,199704
59,146,199704
59,172,199704
59,129,199704
59,48,199704
59,11,199704
59,154,199704
60,16,199704
60,77,199704
60,18,199704
60,0,199704
60,108,199704
60,72,199704
60,27,199704
60,52,199704
60,38,199704
60,355,199704
60,13,199704
60,17,199704
60,71,199704
60,20,199704
60,51,199704
60,1,199704
60,100,199704
60,30,199704
60,89,199704
60,2,199704
60,53,199704
60,112,199704
60,23,199704
60,57,199704
60,107,199704
60,29,199704
60,4,199704
60,10,199704
60,12,199704
60,59,199704
60,19,199704
60,99,199704
60,136,199704
60,165,199704
60,113,199704
60,40,199704
60,35,199704
60,160,199704
60,55,199704
60,6,199704
60,21,199704
60,73,199704
60,28,199704
60,182,199704
60,80,199704
60,176,199704
60,132,199704
60,195,199704
60,134,199704
60,224,199704
60,54,199704
60,75,199704
60,129,199704
60,26,199704
60,76,199704
60,126,199704
60,79,199704
60,139,199704
60,156,199704
60,135,199704
60,45,199704
60,249,199704
60,36,199704
60,102,199704
60,39,199704
60,163,199704
60,181,199704
60,117,199704
60,85,199704
60,155,199704
60,97,199704
60,92,199704
60,285,199704
60,180,199704
60,143,199704
60,81,199704
60,178,199704
60,142,199704
60,120,199704
60,269,199704
60,154,199704
60,146,199704
60,101,199704
60,175,199704
60,24,199704
60,119,199704
60,32,199704
60,64,199704
60,31,199704
60,48,199704
60,14,199704
60,83,199704
60,11,199704
60,137,199704
60,25,199704
60,46,199704
61,96,199704
61,27,199704
61,154,199704
61,122,199704
61,46,199704
61,64,199704
61,31,199704
61,146,199704
61,86,199704
61,126,199704
61,26,199704
61,83,199704
61,137,199704
61,16,199704
61,29,199704
61,136,199704
61,18,199704
62,31,199704
62,40,199704
62,152,199704
62,296,199704
62,175,199704
62,137,199704
62,83,199704
62,19,199704
62,16,199704
62,154,199704
62,146,199704
62,97,199704
62,32,199704
62,29,199704
63,134,199704
63,155,199704
63,65,199704
63,19,199704
63,29,199704
63,97,199704
63,40,199704
64,52,199704
64,13,199704
64,99,199704
64,2,199704
64,176,199704
64,66,199704
64,157,199704
64,178,199704
64,136,199704
64,171,199704
64,124,199704
64,40,199704
64,135,199704
64,78,199704
64,6,199704
64,270,199704
64,32,199704
64,160,199704
64,71,199704
64,196,199704
64,61,199704
64,112,199704
64,92,199704
64,80,199704
64,11,199704
64,106,199704
64,54,199704
64,53,199704
64,28,199704
64,156,199704
64,36,199704
64,110,199704
64,26,199704
64,192,199704
64,172,199704
64,142,199704
64,59,199704
64,22,199704
64,96,199704
64,38,199704
64,89,199704
64,97,199704
64,20,199704
64,16,199704
64,25,199704
64,19,199704
64,108,199704
64,137,199704
64,48,199704
64,117,199704
64,35,199704
64,51,199704
64,129,199704
64,60,199704
64,1,199704
64,10,199704
64,0,199704
64,18,199704
64,154,199704
64,146,199704
64,4,199704
64,46,199704
64,17,199704
64,29,199704
65,55,199704
65,63,199704
65,143,199704
65,208,199704
65,19,199704
65,26,199704
65,137,199704
65,16,199704
65,97,199704
65,154,199704
65,40,199704
65,29,199704
65,146,199704
66,135,199704
66,206,199704
66,267,199704
66,117,199704
66,79,199704
66,9,199704
66,137,199704
66,151,199704
66,248,199704
66,16,199704
66,154,199704
66,32,199704
66,40,199704
66,146,199704
66,29,199704
67,136,199704
68,136,199704
69,31,199704
69,174,199704
69,107,199704
69,72,199704
69,132,199704
69,9,199704
69,81,199704
69,92,199704
69,0,199704
69,77,199704
69,74,199704
69,135,199704
69,177,199704
69,97,199704
69,5,199704
69,154,199704
69,29,199704
69,25,199704
69,27,199704
69,213,199704
69,248,199704
69,20,199704
69,96,199704
69,22,199704
69,112,199704
69,1,199704
69,10,199704
69,17,199704
69,137,199704
69,28,199704
69,23,199704
69,238,199704
69,88,199704
69,21,199704
69,223,199704
69,164,199704
69,84,199704
69,30,199704
69,183,199704
69,11,199704
69,51,199704
69,136,199704
69,18,199704
69,4,199704
70,303,199704
70,1,199704
70,136,199704
71,303,199704
71,26,199704
71,136,199704
71,17,199704
71,32,199704
71,97,199704
71,6,199704
71,29,199704
71,18,199704
71,137,199704
72,137,199704
72,34,199704
72,112,199704
72,2,199704
72,97,199704
72,20,199704
72,5,199704
72,107,199704
72,21,199704
72,183,199704
72,11,199704
72,96,199704
72,143,199704
72,93,199704
72,9,199704
72,0,199704
72,99,199704
72,60,199704
72,165,199704
72,248,199704
72,81,199704
72,17,199704
72,14,199704
72,85,199704
72,32,199704
72,149,199704
72,77,199704
72,23,199704
72,53,199704
72,135,199704
72,27,199704
72,154,199704
72,1,199704
72,92,199704
72,136,199704
72,25,199704
72,29,199704
72,274,199704
73,92,199704
73,108,199704
73,60,199704
73,35,199704
73,46,199704
73,97,199704
74,19,199704
74,69,199704
74,180,199704
74,27,199704
74,233,199704
74,265,199704
74,160,199704
74,46,199704
74,146,199704
74,154,199704
74,97,199704
74,248,199704
74,29,199704
74,18,199704
74,32,199704
75,181,199704
75,19,199704
75,126,199704
75,248,199704
75,60,199704
75,16,199704
75,29,199704
75,40,199704
75,97,199704
76,6,199704
76,77,199704
76,124,199704
76,14,199704
76,18,199704
76,171,199704
76,126,199704
76,2,199704
76,143,199704
76,135,199704
76,149,199704
76,165,199704
76,39,199704
76,78,199704
76,47,199704
76,54,199704
76,92,199704
76,27,199704
76,25,199704
76,154,199704
76,1,199704
76,13,199704
76,60,199704
76,108,199704
76,99,199704
76,16,199704
76,97,199704
76,285,199704
76,137,199704
76,32,199704
76,146,199704
76,19,199704
76,29,199704
76,26,199704
76,40,199704
76,46,199704
77,125,199704
77,149,199704
77,54,199704
77,1,199704
77,2,199704
77,74,199704
77,111,199704
77,4,199704
77,48,199704
77,242,199704
77,113,199704
77,55,199704
77,181,199704
77,25,199704
77,150,199704
77,60,199704
77,6,199704
77,213,199704
77,79,199704
77,107,199704
77,112,199704
77,208,199704
77,115,199704
77,156,199704
77,129,199704
77,136,199704
77,132,199704
77,11,199704
77,46,199704
77,61,199704
77,270,199704
77,19,199704
77,85,199704
77,131,199704
77,108,199704
77,12,199704
77,332,199704
77,120,199704
77,195,199704
77,126,199704
77,17,199704
77,142,199704
77,23,199704
77,137,199704
77,13,199704
77,28,199704
77,97,199704
77,320,199704
77,117,199704
77,21,199704
77,180,199704
77,22,199704
77,35,199704
77,134,199704
77,124,199704
77,27,199704
77,99,199704
77,94,199704
77,248,199704
77,9,199704
77,14,199704
77,72,199704
77,18,199704
77,10,199704
77,139,199704
77,20,199704
77,92,199704
77,100,199704
77,0,199704
77,59,199704
77,135,199704
77,53,199704
77,16,199704
77,375,199704
77,26,199704
77,146,199704
77,154,199704
77,160,199704
77,29,199704
77,40,199704
77,32,199704
78,45,199704
78,320,199704
78,143,199704
78,83,199704
78,32,199704
78,52,199704
78,64,199704
78,27,199704
78,146,199704
78,26,199704
78,59,199704
78,97,199704
78,46,199704
79,32,199704
79,242,199704
79,27,199704
79,160,199704
79,171,199704
79,16,199704
79,100,199704
79,66,199704
79,41,199704
79,18,199704
79,141,199704
79,19,199704
79,39,199704
79,154,199704
79,31,199704
79,176,199704
79,77,199704
79,60,199704
79,146,199704
79,46,199704
79,97,199704
79,29,199704
79,40,199704
80,19,199704
80,116,199704
80,171,199704
80,13,199704
80,137,199704
80,58,199704
80,54,199704
80,275,199704
80,92,199704
80,53,199704
80,16,199704
80,81,199704
80,165,199704
80,362,199704
80,28,199704
80,136,199704
80,18,199704
80,35,199704
80,29,199704
80,141,199704
80,83,199704
80,76,199704
80,40,199704
80,2,199704
80,60,199704
80,14,199704
80,32,199704
80,98,199704
80,100,199704
80,157,199704
80,48,199704
80,154,199704
80,146,199704
80,143,199704
80,108,199704
80,31,199704
80,135,199704
80,25,199704
80,160,199704
80,0,199704
80,46,199704
80,97,199704
81,16,199704
81,137,199704
81,12,199704
81,34,199704
81,117,199704
81,142,199704
81,6,199704
81,126,199704
81,38,199704
81,21,199704
81,69,199704
81,64,199704
81,53,199704
81,242,199704
81,165,199704
81,57,199704
81,10,199704
81,195,199704
81,84,199704
81,278,199704
81,17,199704
81,28,199704
81,20,199704
81,149,199704
81,112,199704
81,96,199704
81,48,199704
81,131,199704
81,164,199704
81,176,199704
81,55,199704
81,61,199704
81,9,199704
81,338,199704
81,101,199704
81,18,199704
81,1,199704
81,72,199704
81,27,199704
81,75,199704
81,113,199704
81,76,199704
81,102,199704
81,45,199704
81,2,199704
81,120,199704
81,31,199704
81,124,199704
81,0,199704
81,139,199704
81,92,199704
81,36,199704
81,160,199704
81,60,199704
81,54,199704
81,13,199704
81,29,199704
81,108,199704
81,19,199704
81,26,199704
81,97,199704
81,154,199704
81,99,199704
81,136,199704
81,14,199704
81,25,199704
81,135,199704
81,46,199704
81,32,199704
81,40,199704
81,146,199704
82,27,199704
82,6,199704
82,18,199704
82,24,199704
82,77,199704
82,54,199704
82,52,199704
82,102,199704
82,46,199704
82,97,199704
83,153,199704
83,25,199704
83,77,199704
83,234,199704
83,31,199704
83,34,199704
83,242,199704
83,154,199704
83,81,199704
83,170,199704
83,51,199704
83,96,199704
83,0,199704
83,45,199704
83,29,199704
83,72,199704
83,175,199704
83,113,199704
83,4,199704
83,20,199704
83,24,199704
83,135,199704
83,163,199704
83,85,199704
83,39,199704
83,181,199704
83,156,199704
83,23,199704
83,224,199704
83,131,199704
83,11,199704
83,120,199704
83,143,199704
83,54,199704
83,27,199704
83,860,199704
83,137,199704
83,117,199704
83,1,199704
83,136,199704
83,17,199704
83,142,199704
83,112,199704
83,13,199704
83,16,199704
83,99,199704
83,14,199704
83,36,199704
83,19,199704
83,18,199704
83,97,199704
83,52,199704
83,6,199704
83,195,199704
83,48,199704
83,108,199704
83,146,199704
83,35,199704
83,26,199704
83,60,199704
83,32,199704
83,40,199704
83,46,199704
84,52,199704
84,208,199704
84,88,199704
84,64,199704
84,97,199704
84,164,199704
84,248,199704
84,69,199704
84,18,199704
84,11,199704
85,137,199704
85,25,199704
85,0,199704
85,36,199704
85,233,199704
85,92,199704
85,154,199704
85,113,199704
85,124,199704
85,18,199704
85,64,199704
85,60,199704
85,102,199704
85,96,199704
85,14,199704
85,6,199704
85,4,199704
85,52,199704
85,40,199704
85,19,199704
85,165,199704
85,51,199704
85,28,199704
85,83,199704
85,12,199704
85,107,199704
85,15,199704
85,48,199704
85,2,199704
85,27,199704
85,16,199704
85,136,199704
85,11,199704
85,248,199704
85,121,199704
85,1,199704
85,10,199704
85,112,199704
85,20,199704
85,17,199704
85,13,199704
85,135,199704
85,23,199704
85,9,199704
85,5,199704
85,116,199704
85,72,199704
85,46,199704
85,93,199704
85,31,199704
85,149,199704
85,146,199704
85,115,199704
85,29,199704
85,160,199704
85,97,199704
85,274,199704
86,39,199704
86,54,199704
86,154,199704
86,0,199704
86,135,199704
86,18,199704
86,30,199704
86,183,199704
86,64,199704
86,51,199704
86,29,199704
86,4,199704
86,11,199704
87,91,199704
87,203,199704
87,4,199704
87,89,199704
88,164,199704
88,238,199704
88,30,199704
88,69,199704
88,11,199704
89,90,199704
89,8,199704
89,17,199704
89,7,199704
89,212,199704
89,28,199704
89,20,199704
89,53,199704
89,26,199704
89,99,199704
89,13,199704
89,91,199704
89,323,199704
89,135,199704
89,1,199704
89,4,199704
89,770,199704
89,5,199704
89,6,199704
89,11,199704
89,136,199704
89,10,199704
89,32,199704
89,243,199704
89,87,199704
89,137,199704
89,29,199704
89,51,199704
89,18,199704
89,97,199704
89,154,199704
90,89,199704
90,8,199704
90,243,199704
90,7,199704
91,87,199704
91,89,199704
92,25,199704
92,4,199704
92,146,199704
92,176,199704
92,85,199704
92,77,199704
92,6,199704
92,19,199704
92,97,199704
92,79,199704
92,52,199704
92,46,199704
92,40,199704
92,35,199704
92,107,199704
92,208,199704
92,24,199704
92,81,199704
92,64,199704
92,51,199704
92,5,199704
92,23,199704
92,242,199704
92,112,199704
92,100,199704
92,12,199704
92,20,199704
92,11,199704
92,32,199704
92,102,199704
92,16,199704
92,48,199704
92,108,199704
92,28,199704
92,116,199704
92,60,199704
92,115,199704
92,96,199704
92,14,199704
92,124,199704
92,137,199704
92,17,199704
92,80,199704
92,160,199704
92,27,199704
92,18,199704
92,165,199704
92,149,199704
92,9,199704
92,135,199704
92,72,199704
92,154,199704
92,1,199704
92,10,199704
92,31,199704
92,47,199704
92,93,199704
92,2,199704
92,0,199704
92,274,199704
93,16,199704
93,31,199704
93,115,199704
93,149,199704
93,116,199704
93,80,199704
93,0,199704
93,72,199704
93,85,199704
93,2,199704
93,25,199704
93,274,199704
93,137,199704
93,92,199704
94,80,199704
94,136,199704
94,27,199704
94,113,199704
94,52,199704
94,139,199704
94,19,199704
94,36,199704
94,99,199704
94,181,199704
94,81,199704
94,14,199704
94,32,199704
94,108,199704
94,16,199704
94,18,199704
94,137,199704
94,26,199704
94,13,199704
94,77,199704
94,40,199704
94,146,199704
94,154,199704
94,135,199704
94,6,199704
94,46,199704
94,97,199704
96,32,199704
96,18,199704
96,12,199704
96,28,199704
96,97,199704
96,154,199704
96,35,199704
96,108,199704
96,23,199704
96,0,199704
96,114,199704
96,76,199704
96,54,199704
96,136,199704
96,132,199704
96,29,199704
96,45,199704
96,117,199704
96,52,199704
96,14,199704
96,248,199704
96,125,199704
96,31,199704
96,80,199704
96,58,199704
96,6,199704
96,134,199704
96,4,199704
96,21,199704
96,1934,199704
96,93,199704
96,26,199704
96,2,199704
96,13,199704
96,99,199704
96,48,199704
96,72,199704
96,51,199704
96,27,199704
96,124,199704
96,133,199704
96,1269,199704
96,757,199704
96,1794,199704
96,756,199704
96,17,199704
96,53,199704
96,107,199704
96,1170,199704
96,9,199704
96,165,199704
96,801,199704
96,22,199704
96,113,199704
96,11,199704
96,112,199704
96,5,199704
96,149,199704
96,92,199704
96,10,199704
96,115,199704
96,204,199704
96,116,199704
96,135,199704
96,299,199704
96,40,199704
96,146,199704
96,20,199704
96,137,199704
96,25,199704
96,1,199704
96,274,199704
97,14,199704
97,242,199704
97,217,199704
97,83,199704
97,176,199704
97,18,199704
97,30,199704
97,153,199704
97,27,199704
97,261,199704
97,1,199704
97,15,199704
97,2,199704
97,136,199704
97,119,199704
97,72,199704
97,22,199704
97,355,199704
97,77,199704
97,132,199704
97,61,199704
97,25,199704
97,34,199704
97,9,199704
97,23,199704
97,118,199704
97,137,199704
97,98,199704
97,131,199704
97,155,199704
97,53,199704
97,21,199704
97,161,199704
97,54,199704
97,320,199704
97,66,199704
97,117,199704
97,11,199704
97,85,199704
97,52,199704
97,181,199704
97,113,199704
97,47,199704
97,135,199704
97,79,199704
97,177,199704
97,126,199704
97,4,199704
97,24,199704
97,17,199704
97,16,199704
97,69,199704
97,20,199704
97,96,199704
97,102,199704
97,115,199704
97,171,199704
97,51,199704
97,26,199704
97,112,199704
97,57,199704
97,28,199704
97,129,199704
97,142,199704
97,43,199704
97,71,199704
97,38,199704
97,10,199704
97,157,199704
97,143,199704
97,45,199704
97,35,199704
97,36,199704
97,797,199704
97,41,199704
97,393,199704
97,173,199704
97,60,199704
97,540,199704
97,39,199704
97,134,199704
97,341,199704
97,46,199704
97,114,199704
97,100,199704
97,7,199704
97,76,199704
97,156,199704
97,59,199704
97,458,199704
97,1052,199704
97,510,199704
97,452,199704
97,65,199704
97,152,199704
97,78,199704
97,287,199704
97,198,199704
97,398,199704
97,73,199704
97,63,199704
97,250,199704
97,455,199704
97,165,199704
97,139,199704
97,62,199704
97,64,199704
97,158,199704
97,216,199704
97,160,199704
97,435,199704
97,278,199704
97,860,199704
97,6,199704
97,81,199704
97,140,199704
97,342,199704
97,13,199704
97,19,199704
97,0,199704
97,167,199704
97,141,199704
97,75,199704
97,195,199704
97,237,199704
97,175,199704
97,172,199704
97,188,199704
97,12,199704
97,249,199704
97,180,199704
97,92,199704
97,40,199704
97,89,199704
97,108,199704
97,224,199704
97,48,199704
97,124,199704
97,154,199704
97,32,199704
97,106,199704
97,120,199704
97,29,199704
97,94,199704
97,82,199704
97,58,199704
97,101,199704
97,80,199704
97,31,199704
97,146,199704
97,99,199704
98,393,199704
98,34,199704
98,152,199704
98,101,199704
98,27,199704
98,54,199704
98,157,199704
98,143,199704
98,53,199704
98,31,199704
98,216,199704
98,80,199704
98,0,199704
98,146,199704
98,160,199704
98,25,199704
98,137,199704
98,97,199704
99,32,199704
99,10,199704
99,61,199704
99,29,199704
99,62,199704
99,25,199704
99,108,199704
99,183,199704
99,36,199704
99,48,199704
99,77,199704
99,181,199704
99,22,199704
99,161,199704
99,154,199704
99,60,199704
99,85,199704
99,31,199704
99,27,199704
99,35,199704
99,143,199704
99,237,199704
99,107,199704
99,124,199704
99,19,199704
99,18,199704
99,144,199704
99,113,199704
99,17,199704
99,139,199704
99,74,199704
99,11,199704
99,20,199704
99,5,199704
99,28,199704
99,100,199704
99,1,199704
99,117,199704
99,0,199704
99,64,199704
99,4,199704
99,51,199704
99,374,199704
99,57,199704
99,137,199704
99,80,199704
99,53,199704
99,165,199704
99,132,199704
99,23,199704
99,9,199704
99,722,199704
99,1065,199704
99,96,199704
99,156,199704
99,2,199704
99,12,199704
99,21,199704
99,136,199704
99,131,199704
99,373,199704
99,6,199704
99,76,199704
99,134,199704
99,45,199704
99,59,199704
99,83,199704
99,155,199704
99,81,199704
99,24,199704
99,54,199704
99,180,199704
99,126,199704
99,142,199704
99,16,199704
99,102,199704
99,52,199704
99,160,199704
99,146,199704
99,40,199704
99,46,199704
99,13,199704
99,26,199704
99,97,199704
100,27,199704
100,60,199704
100,20,199704
100,99,199704
100,19,199704
100,21,199704
100,165,199704
100,77,199704
100,96,199704
100,154,199704
100,136,199704
100,13,199704
100,101,199704
100,320,199704
100,769,199704
100,15,199704
100,135,199704
100,170,199704
100,102,199704
100,18,199704
100,113,199704
100,29,199704
100,112,199704
100,45,199704
100,54,199704
100,1,199704
100,26,199704
100,142,199704
100,38,199704
100,28,199704
100,55,199704
100,126,199704
100,6,199704
100,52,199704
100,47,199704
100,117,199704
100,0,199704
100,39,199704
100,41,199704
100,17,199704
100,59,199704
100,156,199704
100,80,199704
100,92,199704
100,36,199704
100,48,199704
100,97,199704
100,108,199704
100,35,199704
100,40,199704
100,14,199704
100,160,199704
100,31,199704
100,137,199704
100,146,199704
100,25,199704
100,32,199704
100,46,199704
101,24,199704
101,13,199704
101,137,199704
101,98,199704
101,154,199704
101,142,199704
101,51,199704
101,157,199704
101,181,199704
101,4,199704
101,61,199704
101,125,199704
101,29,199704
101,79,199704
101,85,199704
101,77,199704
101,152,199704
101,92,199704
101,19,199704
101,146,199704
101,16,199704
101,60,199704
101,32,199704
101,160,199704
101,46,199704
101,97,199704
102,181,199704
102,60,199704
102,18,199704
102,334,199704
102,144,199704
102,136,199704
102,10,199704
102,0,199704
102,1,199704
102,32,199704
102,29,199704
102,97,199704
102,77,199704
102,242,199704
102,31,199704
102,120,199704
102,80,199704
102,143,199704
102,27,199704
102,160,199704
102,154,199704
102,28,199704
102,53,199704
102,100,199704
102,85,199704
102,165,199704
102,12,199704
102,52,199704
102,36,199704
102,35,199704
102,137,199704
102,81,199704
102,108,199704
102,17,199704
102,114,199704
102,139,199704
102,48,199704
102,92,199704
102,6,199704
102,16,199704
102,135,199704
102,146,199704
102,46,199704
102,99,199704
102,14,199704
102,19,199704
102,40,199704
104,267,199704
104,24,199704
104,163,199704
104,40,199704
104,52,199704
104,248,199704
104,29,199704
104,136,199704
104,154,199704
104,137,199704
105,228,199704
105,112,199704
105,183,199704
105,11,199704
106,77,199704
106,216,199704
106,124,199704
106,45,199704
106,157,199704
106,4,199704
106,120,199704
106,26,199704
106,13,199704
106,6,199704
106,46,199704
106,97,199704
107,11,199704
107,1,199704
107,2,199704
107,16,199704
107,136,199704
107,135,199704
107,9,199704
107,60,199704
107,132,199704
107,184,199704
107,113,199704
107,99,199704
107,108,199704
107,51,199704
107,27,199704
107,77,199704
107,81,199704
107,110,199704
107,48,199704
107,52,199704
107,25,199704
107,22,199704
107,165,199704
107,14,199704
107,154,199704
107,29,199704
107,17,199704
107,92,199704
107,96,199704
107,150,199704
107,28,199704
107,53,199704
107,213,199704
107,133,199704
107,32,199704
107,10,199704
107,23,199704
107,69,199704
107,4,199704
107,183,199704
107,112,199704
107,137,199704
107,18,199704
107,5,199704
107,20,199704
108,60,199704
108,35,199704
108,139,199704
108,22,199704
108,1,199704
108,165,199704
108,31,199704
108,99,199704
108,10,199704
108,17,199704
108,13,199704
108,149,199704
108,180,199704
108,107,199704
108,96,199704
108,27,199704
108,113,199704
108,6,199704
108,102,199704
108,29,199704
108,34,199704
108,19,199704
108,4,199704
108,14,199704
108,143,199704
108,131,199704
108,23,199704
108,69,199704
108,233,199704
108,94,199704
108,136,199704
108,20,199704
108,110,199704
108,112,199704
108,170,199704
108,51,199704
108,132,199704
108,176,199704
108,83,199704
108,18,199704
108,73,199704
108,38,199704
108,16,199704
108,52,199704
108,32,199704
108,36,199704
108,134,199704
108,81,199704
108,155,199704
108,142,199704
108,76,199704
108,355,199704
108,768,199704
108,249,199704
108,285,199704
108,54,199704
108,11,199704
108,92,199704
108,347,199704
108,48,199704
108,77,199704
108,0,199704
108,100,199704
108,769,199704
108,64,199704
108,156,199704
108,80,199704
108,59,199704
108,119,199704
108,129,199704
108,154,199704
108,135,199704
108,26,199704
108,160,199704
108,97,199704
108,137,199704
108,146,199704
108,25,199704
108,40,199704
108,46,199704
109,305,199704
109,128,199704
109,633,199704
109,306,199704
109,127,199704
109,427,199704
109,110,199704
109,4,199704
110,59,199704
110,35,199704
110,19,199704
110,213,199704
110,200,199704
110,64,199704
110,97,199704
110,6,199704
110,133,199704
110,13,199704
110,136,199704
110,99,199704
110,29,199704
110,185,199704
110,128,199704
110,186,199704
110,25,199704
110,5,199704
110,21,199704
110,191,199704
110,290,199704
110,306,199704
110,113,199704
110,17,199704
110,201,199704
110,107,199704
110,28,199704
110,20,199704
110,633,199704
110,190,199704
110,235,199704
110,425,199704
110,232,199704
110,196,199704
110,32,199704
110,146,199704
110,305,199704
110,10,199704
110,127,199704
110,1,199704
110,427,199704
110,352,199704
110,424,199704
110,525,199704
110,351,199704
110,4,199704
110,51,199704
110,109,199704
110,18,199704
110,11,199704
111,16,199704
111,131,199704
111,355,199704
111,154,199704
111,160,199704
111,136,199704
111,18,199704
112,166,199704
112,24,199704
112,77,199704
112,10,199704
112,161,199704
112,132,199704
112,108,199704
112,6,199704
112,21,199704
112,52,199704
112,110,199704
112,26,199704
112,5,199704
112,169,199704
112,97,199704
112,15,199704
112,0,199704
112,40,199704
112,16,199704
112,223,199704
112,60,199704
112,126,199704
112,13,199704
112,19,199704
112,139,199704
112,36,199704
112,154,199704
112,32,199704
112,48,199704
112,180,199704
112,31,199704
112,14,199704
112,248,199704
112,117,199704
112,64,199704
112,124,199704
112,137,199704
112,135,199704
112,25,199704
112,165,199704
112,53,199704
112,99,199704
112,2,199704
112,51,199704
112,85,199704
112,27,199704
112,69,199704
112,83,199704
112,92,199704
112,11,199704
112,22,199704
112,183,199704
112,96,199704
112,213,199704
112,346,199704
112,4,199704
112,107,199704
112,18,199704
112,1,199704
112,29,199704
112,28,199704
112,23,199704
112,113,199704
112,136,199704
112,17,199704
112,133,199704
113,47,199704
113,286,199704
113,170,199704
113,525,199704
113,13,199704
113,16,199704
113,139,199704
113,85,199704
113,4,199704
113,83,199704
113,6,199704
113,156,199704
113,27,199704
113,19,199704
113,107,199704
113,137,199704
113,99,199704
113,14,199704
113,77,199704
113,59,199704
113,102,199704
113,152,199704
113,132,199704
113,30,199704
113,26,199704
113,2,199704
113,129,199704
113,146,199704
113,29,199704
113,81,199704
113,110,199704
113,96,199704
113,40,199704
113,32,199704
113,154,199704
113,97,199704
113,25,199704
113,18,199704
113,51,199704
113,20,199704
113,11,199704
113,5,199704
113,21,199704
113,10,199704
113,112,199704
113,136,199704
113,1,199704
114,124,199704
114,154,199704
114,137,199704
114,102,199704
114,134,199704
114,97,199704
114,146,199704
114,13,199704
114,6,199704
115,0,199704
115,20,199704
115,85,199704
115,83,199704
115,93,199704
115,5,199704
115,28,199704
115,17,199704
115,25,199704
115,136,199704
115,1,199704
115,92,199704
115,165,199704
115,10,199704
115,137,199704
115,96,199704
115,274,199704
116,27,199704
116,9,199704
116,154,199704
116,32,199704
116,124,199704
116,115,199704
116,146,199704
116,76,199704
116,333,199704
116,20,199704
116,46,199704
116,5,199704
116,47,199704
116,93,199704
116,17,199704
116,2,199704
116,85,199704
116,136,199704
116,1,199704
116,137,199704
116,96,199704
116,92,199704
116,10,199704
116,274,199704
117,362,199704
117,12,199704
117,19,199704
117,2,199704
117,66,199704
117,125,199704
117,18,199704
117,28,199704
117,181,199704
117,11,199704
117,126,199704
117,101,199704
117,81,199704
117,9,199704
117,51,199704
117,142,199704
117,99,199704
117,137,199704
117,154,199704
117,100,199704
117,35,199704
117,0,199704
117,120,199704
117,77,199704
117,112,199704
117,97,199704
117,94,199704
117,48,199704
117,60,199704
117,108,199704
117,36,199704
117,146,199704
117,14,199704
117,16,199704
117,64,199704
117,6,199704
117,13,199704
117,46,199704
117,32,199704
117,26,199704
117,29,199704
117,40,199704
118,85,199704
118,80,199704
118,53,199704
118,540,199704
118,31,199704
118,137,199704
118,326,199704
118,0,199704
118,99,199704
118,97,199704
118,25,199704
119,195,199704
119,154,199704
119,25,199704
119,24,199704
119,48,199704
119,36,199704
119,139,199704
119,108,199704
119,60,199704
119,29,199704
119,46,199704
119,40,199704
120,24,199704
120,64,199704
120,135,199704
120,54,199704
120,9,199704
120,23,199704
120,12,199704
120,38,199704
120,142,199704
120,2,199704
120,10,199704
120,72,199704
120,27,199704
120,29,199704
120,11,199704
120,15,199704
120,66,199704
120,143,199704
120,101,199704
120,106,199704
120,134,199704
120,78,199704
120,155,199704
120,81,199704
120,181,199704
120,126,199704
120,1,199704
120,20,199704
120,31,199704
120,48,199704
120,35,199704
120,59,199704
120,16,199704
120,14,199704
120,13,199704
120,6,199704
120,60,199704
120,146,199704
120,32,199704
120,6,199704
120,26,199704
120,29,199704
120,137,199704
120,19,199704
120,40,199704
120,46,199704
120,97,199704
121,81,199704
121,6,199704
121,136,199704
121,85,199704
121,154,199704
121,12,199704
121,137,199704
121,1,199704
122,242,199704
122,154,199704
122,135,199704
122,97,199704
122,92,199704
122,99,199704
122,18,199704
123,19,199704
123,24,199704
123,26,199704
123,248,199704
123,18,199704
124,25,199704
124,149,199704
124,34,199704
124,16,199704
124,48,199704
124,112,199704
124,137,199704
124,115,199704
124,97,199704
124,143,199704
124,23,199704
124,326,199704
124,45,199704
124,35,199704
124,13,199704
124,58,199704
124,165,199704
124,100,199704
124,52,199704
124,116,199704
124,28,199704
124,38,199704
124,6,199704
124,248,199704
124,0,199704
124,93,199704
124,2,199704
124,160,199704
124,157,199704
124,32,199704
124,17,199704
124,29,199704
124,1,199704
124,135,199704
124,92,199704
124,146,199704
124,154,199704
124,274,199704
125,12,199704
125,46,199704
125,53,199704
125,142,199704
125,101,199704
125,16,199704
125,31,199704
125,20,199704
125,51,199704
125,248,199704
125,28,199704
125,154,199704
125,136,199704
125,29,199704
126,182,199704
126,81,199704
126,181,199704
126,12,199704
126,66,199704
126,132,199704
126,131,199704
126,99,199704
126,242,199704
126,135,199704
126,75,199704
126,85,199704
126,27,199704
126,113,199704
126,62,199704
126,1,199704
126,136,199704
126,48,199704
126,154,199704
126,97,199704
126,156,199704
126,137,199704
126,4,199704
126,24,199704
126,31,199704
126,100,199704
126,21,199704
126,18,199704
126,117,199704
126,83,199704
126,160,199704
126,10,199704
126,60,199704
126,108,199704
126,16,199704
126,26,199704
126,146,199704
126,6,199704
126,46,199704
126,29,199704
126,32,199704
126,19,199704
126,40,199704
127,427,199704
127,110,199704
127,4,199704
127,109,199704
128,306,199704
128,110,199704
128,127,199704
128,109,199704
128,427,199704
128,4,199704
129,16,199704
129,32,199704
129,6,199704
129,77,199704
129,35,199704
129,266,199704
129,108,199704
129,176,199704
129,19,199704
129,113,199704
129,72,199704
129,117,199704
129,13,199704
129,26,199704
129,137,199704
129,25,199704
129,97,199704
129,136,199704
129,0,199704
129,52,199704
129,18,199704
129,17,199704
129,45,199704
129,135,199704
129,59,199704
129,40,199704
129,60,199704
129,217,199704
129,160,199704
129,284,199704
129,173,199704
129,48,199704
129,14,199704
129,154,199704
129,64,199704
129,172,199704
129,46,199704
129,29,199704
130,1,199704
130,136,199704
131,54,199704
131,53,199704
131,46,199704
131,6,199704
131,197,199704
131,43,199704
131,146,199704
131,137,199704
131,19,199704
131,102,199704
131,61,199704
131,26,199704
131,13,199704
131,99,199704
131,86,199704
131,117,199704
131,208,199704
131,159,199704
131,27,199704
131,97,199704
131,16,199704
131,160,199704
131,248,199704
131,154,199704
131,29,199704
131,18,199704
131,32,199704
132,31,199704
132,48,199704
132,12,199704
132,123,199704
132,5,199704
132,81,199704
132,36,199704
132,97,199704
132,22,199704
132,28,199704
132,85,199704
132,100,199704
132,53,199704
132,135,199704
132,40,199704
132,24,199704
132,143,199704
132,0,199704
132,183,199704
132,133,199704
132,150,199704
132,112,199704
132,26,199704
132,83,199704
132,13,199704
132,99,199704
132,6,199704
132,19,199704
132,248,199704
132,137,199704
132,154,199704
132,136,199704
132,60,199704
132,32,199704
132,29,199704
132,1,199704
132,27,199704
132,18,199704
133,132,199704
133,10,199704
133,64,199704
133,26,199704
133,154,199704
133,12,199704
133,16,199704
133,32,199704
133,96,199704
133,69,199704
133,85,199704
133,2,199704
133,137,199704
133,11,199704
133,4,199704
133,165,199704
133,248,199704
133,51,199704
133,107,199704
133,136,199704
133,1,199704
133,112,199704
133,21,199704
133,20,199704
133,5,199704
134,55,199704
134,32,199704
134,124,199704
134,140,199704
134,237,199704
134,137,199704
134,2,199704
134,25,199704
134,5,199704
134,155,199704
134,29,199704
134,120,199704
134,14,199704
134,4,199704
134,18,199704
134,97,199704
134,81,199704
134,114,199704
134,180,199704
134,46,199704
134,99,199704
134,6,199704
134,19,199704
134,40,199704
134,146,199704
135,12,199704
135,29,199704
135,142,199704
135,21,199704
135,52,199704
135,145,199704
135,79,199704
135,165,199704
135,100,199704
135,13,199704
135,76,199704
135,35,199704
135,23,199704
135,11,199704
135,64,199704
135,97,199704
135,83,199704
135,139,199704
135,22,199704
135,14,199704
135,4,199704
135,107,199704
135,20,199704
135,85,199704
135,39,199704
135,112,199704
135,99,199704
135,19,199704
135,5,199704
135,34,199704
135,93,199704
135,7,199704
135,60,199704
135,10,199704
135,136,199704
135,1,199704
135,17,199704
135,2,199704
135,129,199704
135,89,199704
135,16,199704
135,36,199704
135,45,199704
135,137,199704
135,28,199704
135,57,199704
135,9,199704
135,96,199704
135,48,199704
135,72,199704
135,320,199704
135,124,199704
135,0,199704
135,6,199704
135,108,199704
135,27,199704
135,94,199704
135,80,199704
135,53,199704
135,102,199704
135,92,199704
135,375,199704
135,81,199704
135,18,199704
135,77,199704
135,32,199704
135,143,199704
135,31,199704
135,154,199704
136,53,199704
136,2,199704
136,31,199704
136,60,199704
136,13,199704
136,27,199704
136,97,199704
136,32,199704
136,77,199704
136,29,199704
136,135,199704
136,181,199704
136,102,199704
136,94,199704
136,99,199704
136,131,199704
136,46,199704
136,155,199704
136,16,199704
136,83,199704
136,133,199704
136,26,199704
136,52,199704
136,36,199704
136,100,199704
136,196,199704
136,120,199704
136,14,199704
136,20,199704
136,18,199704
136,371,199704
136,113,199704
136,153,199704
136,48,199704
136,169,199704
136,59,199704
136,6,199704
136,4,199704
136,108,199704
136,891,199704
136,85,199704
136,17,199704
136,492,199704
136,0,199704
136,43,199704
136,110,199704
136,537,199704
136,34,199704
136,248,199704
136,148,199704
136,51,199704
136,588,199704
136,361,199704
136,376,199704
136,115,199704
136,359,199704
136,330,199704
136,71,199704
136,969,199704
136,502,199704
136,269,199704
136,89,199704
136,372,199704
136,358,199704
136,68,199704
136,149,199704
136,67,199704
136,116,199704
136,221,199704
136,299,199704
136,307,199704
136,950,199704
136,166,199704
136,28,199704
136,163,199704
136,159,199704
136,147,199704
136,160,199704
136,165,199704
136,19,199704
136,96,199704
136,33,199704
136,54,199704
136,104,199704
136,12,199704
136,154,199704
136,130,199704
136,35,199704
136,10,199704
136,30,199704
136,189,199704
136,1,199704
136,111,199704
136,15,199704
136,70,199704
136,61,199704
136,213,199704
136,11,199704
136,125,199704
136,107,199704
136,81,199704
136,137,199704
136,69,199704
136,303,199704
136,183,199704
136,132,199704
136,40,199704
136,72,199704
136,22,199704
136,146,199704
136,23,199704
136,9,199704
136,5,199704
136,25,199704
136,21,199704
136,112,199704
136,64,199704
137,85,199704
137,47,199704
137,165,199704
137,25,199704
137,17,199704
137,83,199704
137,72,199704
137,16,199704
137,19,199704
137,327,199704
137,77,199704
137,54,199704
137,81,199704
137,6,199704
137,61,199704
137,76,199704
137,31,199704
137,183,199704
137,13,199704
137,36,199704
137,14,199704
137,18,199704
137,12,199704
137,11,199704
137,119,199704
137,45,199704
137,64,199704
137,40,199704
137,220,199704
137,143,199704
137,29,199704
137,99,199704
137,62,199704
137,161,199704
137,21,199704
137,136,199704
137,0,199704
137,97,199704
137,125,199704
137,111,199704
137,52,199704
137,46,199704
137,74,199704
137,180,199704
137,309,199704
137,118,199704
137,35,199704
137,5,199704
137,69,199704
137,53,199704
137,79,199704
137,117,199704
137,335,199704
137,172,199704
137,112,199704
137,101,199704
137,24,199704
137,23,199704
137,153,199704
137,122,199704
137,22,199704
137,248,199704
137,139,199704
137,10,199704
137,242,199704
137,43,199704
137,307,199704
137,38,199704
137,57,199704
137,126,199704
137,132,199704
137,195,199704
137,540,199704
137,59,199704
137,216,199704
137,510,199704
137,20,199704
137,188,199704
137,94,199704
137,58,199704
137,671,199704
137,2,199704
137,393,199704
137,160,199704
137,65,199704
137,326,199704
137,244,199704
137,71,199704
137,344,199704
137,135,199704
137,116,199704
137,211,199704
137,156,199704
137,337,199704
137,115,199704
137,310,199704
137,7,199704
137,34,199704
137,150,199704
137,92,199704
137,483,199704
137,152,199704
137,333,199704
137,27,199704
137,9,199704
137,80,199704
137,390,199704
137,133,199704
137,146,199704
137,93,199704
137,113,199704
137,336,199704
137,107,199704
137,89,199704
137,149,199704
137,26,199704
137,157,199704
137,100,199704
137,124,199704
137,104,199704
137,51,199704
137,120,199704
137,98,199704
137,96,199704
137,213,199704
137,28,199704
137,4,199704
137,1,199704
137,48,199704
137,121,199704
137,32,199704
137,108,199704
137,129,199704
137,60,199704
137,154,199704
138,248,199704
139,180,199704
139,48,199704
139,35,199704
139,110,199704
139,10,199704
139,31,199704
139,99,199704
139,24,199704
139,19,199704
139,112,199704
139,94,199704
139,1,199704
139,119,199704
139,124,199704
139,160,199704
139,38,199704
139,29,199704
139,135,199704
139,14,199704
139,16,199704
139,53,199704
139,134,199704
139,20,199704
139,108,199704
139,136,199704
139,77,199704
139,17,199704
139,18,199704
139,13,199704
139,27,199704
139,54,199704
139,81,199704
139,137,199704
139,142,199704
139,60,199704
139,178,199704
139,59,199704
139,25,199704
139,26,199704
139,97,199704
139,32,199704
139,40,199704
139,146,199704
139,154,199704
139,6,199704
139,46,199704
140,192,199704
140,32,199704
140,117,199704
140,31,199704
140,18,199704
140,6,199704
140,97,199704
140,40,199704
140,46,199704
141,14,199704
141,97,199704
141,46,199704
142,181,199704
142,19,199704
142,117,199704
142,97,199704
142,242,199704
142,18,199704
142,77,199704
142,0,199704
142,25,199704
142,135,199704
142,35,199704
142,92,199704
142,29,199704
142,4,199704
142,94,199704
142,100,199704
142,120,199704
142,112,199704
142,165,199704
142,36,199704
142,81,199704
142,154,199704
142,80,199704
142,31,199704
142,57,199704
142,27,199704
142,136,199704
142,96,199704
142,139,199704
142,38,199704
142,17,199704
142,83,199704
142,108,199704
142,48,199704
142,64,199704
142,14,199704
142,60,199704
142,6,199704
142,16,199704
142,13,199704
142,99,199704
142,146,199704
142,32,199704
142,46,199704
142,40,199704
142,26,199704
143,31,199704
143,9,199704
143,28,199704
143,129,199704
143,64,199704
143,4,199704
143,51,199704
143,134,199704
143,142,199704
143,16,199704
143,181,199704
143,84,199704
143,164,199704
143,133,199704
143,144,199704
143,176,199704
143,154,199704
143,117,199704
143,137,199704
143,120,199704
143,107,199704
143,180,199704
143,96,199704
143,23,199704
143,355,199704
143,57,199704
143,165,199704
143,152,199704
143,19,199704
143,85,199704
143,13,199704
143,0,199704
143,108,199704
143,18,199704
143,15,199704
143,6,199704
143,65,199704
143,72,199704
143,102,199704
143,36,199704
143,32,199704
143,10,199704
143,92,199704
143,97,199704
143,27,199704
143,1,199704
143,60,199704
143,160,199704
143,26,199704
143,80,199704
143,99,199704
143,25,199704
143,14,199704
143,29,199704
143,40,199704
143,46,199704
143,146,199704
143,135,199704
144,97,199704
144,234,199704
144,74,199704
144,30,199704
144,99,199704
144,29,199704
144,77,199704
144,160,199704
144,13,199704
144,208,199704
144,18,199704
145,6,199704
145,29,199704
145,18,199704
146,24,199704
146,62,199704
146,9,199704
146,116,199704
146,13,199704
146,134,199704
146,4,199704
146,57,199704
146,265,199704
146,53,199704
146,120,199704
146,188,199704
146,132,199704
146,26,199704
146,125,199704
146,154,199704
146,27,199704
146,52,199704
146,15,199704
146,39,199704
146,76,199704
146,144,199704
146,182,199704
146,64,199704
146,112,199704
146,107,199704
146,152,199704
146,73,199704
146,110,199704
146,23,199704
146,101,199704
146,21,199704
146,176,199704
146,117,199704
146,98,199704
146,157,199704
146,6,199704
146,29,199704
146,16,199704
146,60,199704
146,22,199704
146,80,199704
146,85,199704
146,79,199704
146,40,199704
146,160,199704
146,114,199704
146,32,199704
146,96,199704
146,77,199704
146,126,199704
146,137,199704
146,18,199704
146,195,199704
146,124,199704
146,92,199704
146,100,199704
146,142,199704
146,2,199704
146,36,199704
146,83,199704
146,31,199704
146,59,199704
146,94,199704
146,180,199704
146,102,199704
146,65,199704
146,139,199704
146,66,199704
146,54,199704
146,38,199704
146,181,199704
146,136,199704
146,51,199704
146,48,199704
146,81,199704
146,28,199704
146,143,199704
146,35,199704
146,10,199704
146,14,199704
146,0,199704
146,19,199704
146,99,199704
146,1,199704
146,20,199704
146,108,199704
146,17,199704
146,11,199704
146,97,199704
147,136,199704
148,136,199704
149,48,199704
149,115,199704
149,124,199704
149,9,199704
149,76,199704
149,100,199704
149,77,199704
149,135,199704
149,51,199704
149,154,199704
149,107,199704
149,47,199704
149,25,199704
149,28,199704
149,1,199704
149,136,199704
149,2,199704
149,165,199704
149,96,199704
149,85,199704
149,10,199704
149,92,199704
149,137,199704
149,274,199704
150,21,199704
150,154,199704
150,132,199704
150,25,199704
150,248,199704
150,20,199704
150,28,199704
150,107,199704
150,17,199704
150,1,199704
150,137,199704
150,11,199704
151,75,199704
151,16,199704
151,29,199704
151,40,199704
152,156,199704
152,107,199704
152,23,199704
152,180,199704
152,59,199704
152,98,199704
152,29,199704
152,97,199704
152,25,199704
152,137,199704
153,83,199704
153,170,199704
153,171,199704
153,14,199704
153,17,199704
153,97,199704
153,154,199704
153,136,199704
153,18,199704
153,29,199704
153,137,199704
154,96,199704
154,81,199704
154,99,199704
154,17,199704
154,27,199704
154,18,199704
154,1,199704
154,28,199704
154,4,199704
154,11,199704
154,132,199704
154,84,199704
154,34,199704
154,149,199704
154,114,199704
154,31,199704
154,223,199704
154,234,199704
154,101,199704
154,24,199704
154,181,199704
154,76,199704
154,164,199704
154,32,199704
154,30,199704
154,86,199704
154,146,199704
154,148,199704
154,183,199704
154,208,199704
154,142,199704
154,20,199704
154,126,199704
154,102,199704
154,137,199704
154,242,199704
154,131,199704
154,23,199704
154,48,199704
154,46,199704
154,195,199704
154,362,199704
154,170,199704
154,100,199704
154,153,199704
154,19,199704
154,165,199704
154,120,199704
154,180,199704
154,98,199704
154,38,199704
154,51,199704
154,150,199704
154,22,199704
154,39,199704
154,10,199704
154,69,199704
154,15,199704
154,133,199704
154,107,199704
154,21,199704
154,112,199704
154,93,199704
154,394,199704
154,1482,199704
154,85,199704
154,5,199704
154,522,199704
154,251,199704
154,2,199704
154,379,199704
154,275,199704
154,16,199704
154,54,199704
154,174,199704
154,296,199704
154,80,199704
154,271,199704
154,388,199704
154,62,199704
154,129,199704
154,65,199704
154,60,199704
154,12,199704
154,314,199704
154,188,199704
154,66,199704
154,108,199704
154,157,199704
154,198,199704
154,193,199704
154,136,199704
154,267,199704
154,6,199704
154,9,199704
154,94,199704
154,53,199704
154,160,199704
154,163,199704
154,36,199704
154,269,199704
154,72,199704
154,104,199704
154,61,199704
154,310,199704
154,125,199704
154,64,199704
154,143,199704
154,113,199704
154,40,199704
154,25,199704
154,83,199704
154,124,199704
154,92,199704
154,159,199704
154,77,199704
154,52,199704
154,139,199704
154,14,199704
154,89,199704
154,35,199704
154,29,199704
154,0,199704
154,59,199704
154,97,199704
154,13,199704
154,26,199704
154,135,199704
155,32,199704
155,320,199704
155,64,199704
155,85,199704
155,81,199704
155,175,199704
155,52,199704
155,46,199704
155,16,199704
155,77,199704
155,48,199704
155,27,199704
155,36,199704
155,60,199704
155,99,199704
155,6,199704
155,29,199704
155,19,199704
155,40,199704
156,47,199704
156,152,199704
156,141,199704
156,59,199704
156,23,199704
156,115,199704
156,83,199704
156,113,199704
156,16,199704
156,98,199704
156,107,199704
156,769,199704
156,40,199704
156,137,199704
156,64,199704
156,26,199704
156,41,199704
156,0,199704
156,100,199704
156,60,199704
156,25,199704
156,97,199704
156,108,199704
156,46,199704
157,336,199704
157,64,199704
157,102,199704
157,216,199704
157,146,199704
157,54,199704
157,38,199704
157,188,199704
157,101,199704
157,16,199704
157,98,199704
157,48,199704
157,124,199704
157,0,199704
157,80,199704
157,97,199704
157,25,199704
157,154,199704
157,137,199704
158,78,199704
158,92,199704
158,97,199704
159,163,199704
159,248,199704
159,136,199704
159,29,199704
159,154,199704
160,136,199704
160,61,199704
160,0,199704
160,117,199704
160,32,199704
160,39,199704
160,81,199704
160,208,199704
160,123,199704
160,28,199704
160,15,199704
160,40,199704
160,20,199704
160,195,199704
160,96,199704
160,5,199704
160,53,199704
160,18,199704
160,23,199704
160,342,199704
160,14,199704
160,78,199704
160,142,199704
160,16,199704
160,19,199704
160,74,199704
160,36,199704
160,11,199704
160,4,199704
160,188,199704
160,64,199704
160,76,199704
160,171,199704
160,60,199704
160,181,199704
160,52,199704
160,21,199704
160,124,199704
160,129,199704
160,137,199704
160,143,199704
160,12,199704
160,25,199704
160,48,199704
160,1,199704
160,139,199704
160,34,199704
160,10,199704
160,146,199704
160,100,199704
160,154,199704
160,92,199704
160,97,199704
160,101,199704
160,35,199704
160,85,199704
160,6,199704
160,9,199704
160,98,199704
160,27,199704
160,13,199704
160,31,199704
160,29,199704
160,80,199704
160,77,199704
160,46,199704
160,26,199704
160,355,199704
160,108,199704
160,2,199704
160,17,199704
160,54,199704
160,99,199704
161,52,199704
161,47,199704
161,113,199704
161,18,199704
161,146,199704
161,13,199704
161,46,199704
161,31,199704
161,19,199704
161,248,199704
161,137,199704
161,32,199704
161,25,199704
163,100,199704
163,104,199704
163,159,199704
163,108,199704
163,60,199704
163,136,199704
163,29,199704
163,154,199704
164,122,199704
164,208,199704
164,52,199704
164,223,199704
164,64,199704
164,183,199704
164,84,199704
164,88,199704
164,51,199704
164,30,199704
164,69,199704
164,4,199704
164,18,199704
164,11,199704
165,35,199704
165,6,199704
165,9,199704
165,22,199704
165,146,199704
165,34,199704
165,135,199704
165,0,199704
165,76,199704
165,32,199704
165,19,199704
165,64,199704
165,51,199704
165,248,199704
165,47,199704
165,100,199704
165,108,199704
165,107,199704
165,5,199704
165,58,199704
165,14,199704
165,97,199704
165,183,199704
165,23,199704
165,77,199704
165,72,199704
165,99,199704
165,112,199704
165,4,199704
165,133,199704
165,154,199704
165,21,199704
165,20,199704
165,96,199704
165,115,199704
165,11,199704
165,149,199704
165,10,199704
165,136,199704
165,28,199704
165,137,199704
165,17,199704
165,29,199704
165,92,199704
165,85,199704
165,2,199704
165,25,199704
165,1,199704
165,274,199704
166,136,199704
166,248,199704
167,97,199704
169,27,199704
169,105,199704
169,136,199704
169,29,199704
169,11,199704
170,171,199704
170,181,199704
170,16,199704
170,54,199704
170,51,199704
170,53,199704
170,40,199704
170,12,199704
170,136,199704
170,108,199704
170,31,199704
170,27,199704
170,1,199704
170,18,199704
170,29,199704
170,32,199704
171,170,199704
171,117,199704
171,14,199704
171,12,199704
171,6,199704
171,16,199704
171,18,199704
171,29,199704
171,32,199704
172,14,199704
172,20,199704
172,19,199704
172,64,199704
172,173,199704
172,129,199704
172,59,199704
172,35,199704
172,97,199704
173,35,199704
173,14,199704
173,83,199704
173,19,199704
173,97,199704
173,45,199704
173,172,199704
173,129,199704
174,74,199704
174,97,199704
174,16,199704
174,24,199704
174,154,199704
174,18,199704
175,62,199704
175,120,199704
175,64,199704
175,16,199704
175,60,199704
175,40,199704
175,29,199704
175,97,199704
176,182,199704
176,97,199704
176,183,199704
176,62,199704
176,27,199704
176,12,199704
176,79,199704
176,29,199704
176,171,199704
176,77,199704
176,81,199704
176,85,199704
176,36,199704
176,2,199704
176,10,199704
176,362,199704
176,18,199704
176,94,199704
176,31,199704
176,137,199704
176,60,199704
176,146,199704
176,16,199704
176,6,199704
176,32,199704
176,46,199704
176,40,199704
177,300,199704
177,49,199704
177,69,199704
177,248,199704
177,1,199704
177,51,199704
177,4,199704
177,11,199704
178,192,199704
178,64,199704
178,362,199704
178,6,199704
178,320,199704
178,16,199704
178,139,199704
178,60,199704
178,13,199704
178,32,199704
178,19,199704
178,48,199704
180,100,199704
180,2,199704
180,160,199704
180,101,199704
180,135,199704
180,77,199704
180,31,199704
180,54,199704
180,137,199704
180,12,199704
180,0,199704
180,28,199704
180,25,199704
180,94,199704
180,97,199704
180,154,199704
180,18,199704
180,136,199704
180,120,199704
180,4,199704
180,35,199704
180,129,199704
180,134,199704
180,139,199704
180,60,199704
180,108,199704
180,16,199704
180,6,199704
180,46,199704
180,29,199704
180,99,199704
180,32,199704
180,146,199704
180,19,199704
180,40,199704
181,96,199704
181,171,199704
181,46,199704
181,296,199704
181,154,199704
181,48,199704
181,26,199704
181,99,199704
181,152,199704
181,143,199704
181,80,199704
181,18,199704
181,38,199704
181,77,199704
181,54,199704
181,11,199704
181,24,199704
181,97,199704
181,160,199704
181,13,199704
181,83,199704
181,64,199704
181,29,199704
181,208,199704
181,107,199704
181,180,199704
181,81,199704
181,144,199704
181,28,199704
181,175,199704
181,31,199704
181,76,199704
181,137,199704
181,136,199704
181,6,199704
181,36,199704
181,60,199704
181,16,199704
181,40,199704
181,146,199704
181,32,199704
182,176,199704
182,83,199704
182,38,199704
182,46,199704
182,60,199704
182,13,199704
182,16,199704
182,6,199704
182,19,199704
182,40,199704
183,15,199704
183,107,199704
183,74,199704
183,77,199704
183,52,199704
183,137,199704
183,72,199704
183,164,199704
183,85,199704
183,20,199704
183,223,199704
183,40,199704
183,133,199704
183,248,199704
183,22,199704
183,13,199704
183,28,199704
183,31,199704
183,27,199704
183,23,199704
183,17,199704
183,227,199704
183,1,199704
183,5,199704
183,268,199704
183,112,199704
183,301,199704
183,228,199704
183,317,199704
183,105,199704
183,69,199704
183,29,199704
183,11,199704
183,10,199704
183,18,199704
183,4,199704
183,51,199704
183,136,199704
184,133,199704
184,248,199704
184,4,199704
184,51,199704
184,20,199704
185,190,199704
185,186,199704
185,110,199704
186,110,199704
188,393,199704
188,29,199704
188,390,199704
188,46,199704
188,40,199704
188,48,199704
188,65,199704
188,16,199704
188,64,199704
188,31,199704
188,216,199704
188,165,199704
188,38,199704
188,157,199704
188,2,199704
188,248,199704
188,146,199704
188,137,199704
188,0,199704
188,154,199704
188,25,199704
188,97,199704
189,54,199704
189,248,199704
189,17,199704
189,1,199704
189,136,199704
189,20,199704
190,235,199704
190,185,199704
190,110,199704
191,110,199704
192,140,199704
192,178,199704
192,64,199704
192,6,199704
193,154,199704
193,29,199704
194,39,199704
194,24,199704
194,129,199704
194,217,199704
194,6,199704
194,59,199704
195,4,199704
195,99,199704
195,320,199704
195,85,199704
195,94,199704
195,137,199704
195,32,199704
195,16,199704
195,17,199704
195,28,199704
195,20,199704
195,48,199704
195,36,199704
195,46,199704
195,60,199704
195,146,199704
195,40,199704
195,83,199704
195,97,199704
195,29,199704
196,81,199704
196,365,199704
196,366,199704
196,400,199704
196,20,199704
196,13,199704
196,6,199704
196,21,199704
196,367,199704
196,29,199704
196,28,199704
196,17,199704
196,146,199704
196,107,199704
196,4,199704
196,11,199704
196,110,199704
196,424,199704
197,13,199704
197,64,199704
197,6,199704
197,16,199704
197,32,199704
198,97,199704
198,154,199704
198,29,199704
200,110,199704
200,201,199704
201,235,199704
201,110,199704
203,87,199704
204,96,199704
206,338,199704
206,19,199704
206,40,199704
208,15,199704
208,170,199704
208,9,199704
208,233,199704
208,81,199704
208,171,199704
208,183,199704
208,21,199704
208,25,199704
208,66,199704
208,154,199704
208,92,199704
208,4,199704
208,144,199704
208,18,199704
208,40,199704
208,29,199704
208,32,199704
209,1,199704
211,58,199704
211,137,199704
212,89,199704
213,2,199704
213,195,199704
213,196,199704
213,77,199704
213,6,199704
213,12,199704
213,26,199704
213,110,199704
213,19,199704
213,18,199704
213,112,199704
213,17,199704
213,107,199704
213,1,199704
213,51,199704
213,20,199704
213,136,199704
213,29,199704
213,4,199704
213,137,199704
214,248,199704
214,4,199704
214,51,199704
215,51,199704
216,40,199704
216,188,199704
216,2,199704
216,98,199704
216,80,199704
216,156,199704
216,137,199704
216,0,199704
216,25,199704
216,97,199704
217,6,199704
217,59,199704
217,129,199704
221,248,199704
221,136,199704
222,51,199704
222,248,199704
222,4,199704
223,131,199704
223,154,199704
223,164,199704
223,183,199704
223,51,199704
223,248,199704
223,30,199704
223,69,199704
223,18,199704
223,4,199704
223,11,199704
224,141,199704
224,156,199704
224,278,199704
224,40,199704
224,60,199704
224,46,199704
224,97,199704
227,317,199704
227,301,199704
227,183,199704
228,105,199704
228,183,199704
232,290,199704
232,110,199704
233,27,199704
233,143,199704
233,48,199704
233,160,199704
233,29,199704
233,248,199704
233,18,199704
234,131,199704
234,29,199704
234,26,199704
234,154,199704
234,248,199704
234,18,199704
235,110,199704
237,97,199704
237,79,199704
237,81,199704
237,46,199704
238,88,199704
238,248,199704
238,69,199704
242,180,199704
242,102,199704
242,101,199704
242,14,199704
242,112,199704
242,97,199704
242,31,199704
242,154,199704
242,34,199704
242,77,199704
242,99,199704
242,19,199704
242,92,199704
242,16,199704
242,40,199704
242,18,199704
242,29,199704
242,32,199704
243,90,199704
243,8,199704
243,7,199704
243,89,199704
244,248,199704
244,137,199704
248,1,199704
248,969,199704
248,50,199704
248,502,199704
248,221,199704
248,96,199704
248,189,199704
248,53,199704
248,165,199704
248,238,199704
248,214,199704
248,177,199704
248,866,199704
248,112,199704
248,138,199704
248,183,199704
248,166,199704
248,31,199704
248,371,199704
248,22,199704
248,12,199704
248,2,199704
248,27,199704
248,188,199704
248,333,199704
248,863,199704
248,271,199704
248,223,199704
248,432,199704
248,244,199704
248,104,199704
248,32,199704
248,25,199704
248,184,199704
248,159,199704
248,339,199704
248,9,199704
248,123,199704
248,384,199704
248,124,199704
248,72,199704
248,171,199704
248,137,199704
248,131,199704
248,265,199704
248,309,199704
248,588,199704
248,222,199704
248,150,199704
248,125,199704
248,47,199704
248,728,199704
248,29,199704
248,443,199704
248,198,199704
248,84,199704
248,317,199704
248,292,199704
248,534,199704
248,77,199704
248,161,199704
248,18,199704
248,69,199704
248,233,199704
248,34,199704
248,44,199704
248,66,199704
248,54,199704
248,16,199704
248,75,199704
248,74,199704
248,843,199704
248,133,199704
248,136,199704
248,51,199704
248,4,199704
249,355,199704
249,60,199704
249,108,199704
249,97,199704
250,82,199704
250,72,199704
250,27,199704
250,216,199704
250,97,199704
251,154,199704
261,14,199704
261,29,199704
261,20,199704
261,17,199704
265,131,199704
265,16,199704
265,85,199704
265,12,199704
265,0,199704
265,154,199704
265,107,199704
265,97,199704
265,248,199704
265,29,199704
265,18,199704
266,341,199704
267,104,199704
267,29,199704
267,154,199704
268,183,199704
269,96,199704
269,10,199704
269,28,199704
269,12,199704
269,136,199704
269,60,199704
269,29,199704
269,154,199704
270,74,199704
270,142,199704
270,31,199704
270,29,199704
270,32,199704
271,154,199704
274,93,199704
274,47,199704
274,165,199704
274,25,199704
274,149,199704
274,9,199704
274,116,199704
274,96,199704
274,0,199704
274,72,199704
274,124,199704
274,115,199704
274,85,199704
274,2,199704
274,92,199704
275,154,199704
277,19,199704
277,6,199704
278,237,199704
278,224,199704
278,106,199704
278,25,199704
278,142,199704
278,97,199704
278,46,199704
282,75,199704
282,16,199704
282,339,199704
282,101,199704
283,13,199704
283,26,199704
283,19,199704
284,129,199704
285,108,199704
285,60,199704
285,13,199704
285,76,199704
286,25,199704
286,83,199704
287,97,199704
289,13,199704
290,232,199704
290,110,199704
292,248,199704
292,29,199704
293,19,199704
293,14,199704
296,154,199704
297,349,199704
297,14,199704
297,13,199704
299,1,199704
299,136,199704
299,96,199704
300,49,199704
300,3,199704
300,177,199704
300,51,199704
300,311,199704
300,4,199704
301,227,199704
301,317,199704
301,51,199704
301,183,199704
301,4,199704
303,17,199704
303,136,199704
305,633,199704
305,4,199704
305,109,199704
305,110,199704
306,128,199704
306,110,199704
306,127,199704
306,427,199704
306,4,199704
306,109,199704
307,137,199704
307,136,199704
309,310,199704
309,137,199704
309,248,199704
310,314,199704
310,137,199704
310,154,199704
311,3,199704
311,300,199704
311,4,199704
313,26,199704
313,13,199704
314,154,199704
316,40,199704
317,227,199704
317,301,199704
317,248,199704
317,51,199704
317,183,199704
317,4,199704
320,100,199704
320,39,199704
320,78,199704
320,35,199704
320,126,199704
320,14,199704
320,102,199704
320,6,199704
320,40,199704
320,19,199704
320,97,199704
320,178,199704
320,135,199704
320,32,199704
320,13,199704
320,59,199704
320,46,199704
323,770,199704
323,89,199704
326,124,199704
326,0,199704
326,137,199704
326,25,199704
327,80,199704
327,115,199704
327,27,199704
327,25,199704
330,136,199704
332,338,199704
332,38,199704
332,75,199704
332,206,199704
332,160,199704
332,32,199704
332,19,199704
332,6,199704
332,40,199704
333,248,199704
333,25,199704
333,137,199704
334,6,199704
335,137,199704
335,25,199704
336,25,199704
336,137,199704
337,25,199704
337,137,199704
338,332,199704
338,206,199704
338,19,199704
338,6,199704
338,40,199704
339,336,199704
339,146,199704
339,83,199704
339,340,199704
339,25,199704
340,93,199704
340,339,199704
340,25,199704
341,326,199704
341,336,199704
341,152,199704
341,97,199704
341,266,199704
341,375,199704
341,25,199704
342,39,199704
342,140,199704
342,120,199704
342,77,199704
342,32,199704
342,97,199704
342,46,199704
344,137,199704
345,1,199704
346,1,199704
346,112,199704
347,108,199704
349,297,199704
349,13,199704
349,26,199704
351,352,199704
351,110,199704
352,351,199704
352,110,199704
355,27,199704
355,29,199704
355,31,199704
355,54,199704
355,2,199704
355,249,199704
355,60,199704
355,108,199704
355,97,199704
355,160,199704
358,136,199704
359,136,199704
360,899,199704
360,889,199704
360,40,199704
361,136,199704
362,155,199704
362,332,199704
362,97,199704
362,176,199704
362,178,199704
362,16,199704
362,40,199704
364,196,199704
364,366,199704
365,364,199704
365,400,199704
366,196,199704
366,365,199704
366,364,199704
366,367,199704
367,366,199704
367,196,199704
369,19,199704
370,13,199704
370,19,199704
371,248,199704
371,136,199704
371,1,199704
372,136,199704
373,99,199704
373,40,199704
374,99,199704
374,40,199704
375,341,199704
375,54,199704
375,77,199704
375,135,199704
376,1,199704
376,136,199704
379,154,199704
380,34,199704
381,40,199704
384,248,199704
387,19,199704
388,154,199704
390,188,199704
390,25,199704
390,137,199704
393,326,199704
393,188,199704
393,510,199704
393,137,199704
393,97,199704
393,25,199704
394,154,199704
398,97,199704
400,367,199704
400,196,199704
424,425,199704
424,196,199704
424,110,199704
425,196,199704
425,110,199704
427,306,199704
427,128,199704
427,127,199704
427,110,199704
427,109,199704
427,4,199704
432,248,199704
433,247,199704
435,97,199704
443,248,199704
452,97,199704
455,97,199704
458,97,199704
483,137,199704
492,136,199704
502,248,199704
502,136,199704
510,393,199704
510,137,199704
510,97,199704
522,154,199704
523,40,199704
525,51,199704
525,4,199704
525,110,199704
534,248,199704
536,1,199704
537,136,199704
540,118,199704
540,137,199704
540,97,199704
588,248,199704
588,136,199704
633,305,199704
633,4,199704
633,109,199704
633,110,199704
671,137,199704
722,99,199704
722,40,199704
728,248,199704
741,51,199704
756,96,199704
757,96,199704
761,866,199704
761,4,199704
761,51,199704
768,48,199704
768,108,199704
769,156,199704
769,100,199704
769,48,199704
769,108,199704
770,7,199704
770,89,199704
770,323,199704
777,1,199704
784,1,199704
785,322,199704
797,97,199704
801,96,199704
843,51,199704
843,248,199704
843,4,199704
855,19,199704
860,83,199704
860,97,199704
863,248,199704
866,248,199704
866,761,199704
866,4,199704
866,51,199704
889,360,199704
889,899,199704
889,40,199704
891,136,199704
893,40,199704
894,1,199704
899,889,199704
899,40,199704
950,136,199704
969,248,199704
969,136,199704
1020,14,199704
1022,40,199704
1022,6,199704
1052,97,199704
1065,26,199704
1065,99,199704
1065,40,199704
1086,40,199704
1170,96,199704
1269,96,199704
1482,314,199704
1482,154,199704
1794,96,199704
1934,96,199704
