i,j,t
0,96,199306
0,116,199306
0,53,199306
0,47,199306
0,146,199306
0,93,199306
0,124,199306
0,149,199306
0,176,199306
0,5,199306
0,156,199306
0,102,199306
0,28,199306
0,20,199306
0,113,199306
0,154,199306
0,14,199306
0,81,199306
0,160,199306
0,40,199306
0,142,199306
0,86,199306
0,164,199306
0,16,199306
0,180,199306
0,18,199306
0,120,199306
0,181,199306
0,117,199306
0,34,199306
0,108,199306
0,29,199306
0,27,199306
0,143,199306
0,69,199306
0,145,199306
0,33,199306
0,65,199306
0,32,199306
0,12,199306
0,107,199306
0,6,199306
0,10,199306
0,41,199306
0,19,199306
0,64,199306
0,23,199306
0,4,199306
0,22,199306
0,66,199306
0,79,199306
0,165,199306
0,77,199306
0,46,199306
0,1,199306
0,13,199306
0,54,199306
0,134,199306
0,21,199306
0,139,199306
0,100,199306
0,72,199306
0,59,199306
0,187,199306
0,119,199306
0,52,199306
0,115,199306
0,129,199306
0,17,199306
0,2,199306
0,9,199306
0,85,199306
0,31,199306
0,136,199306
0,26,199306
0,135,199306
0,11,199306
0,97,199306
0,99,199306
0,60,199306
0,80,199306
0,35,199306
0,274,199306
0,137,199306
0,25,199306
0,92,199306
1,53,199306
1,47,199306
1,274,199306
1,137,199306
1,93,199306
1,77,199306
1,124,199306
1,135,199306
1,112,199306
1,102,199306
1,31,199306
1,69,199306
1,32,199306
1,6,199306
1,70,199306
1,54,199306
1,27,199306
1,9,199306
1,19,199306
1,169,199306
1,36,199306
1,26,199306
1,99,199306
1,2,199306
1,105,199306
1,171,199306
1,35,199306
1,17,199306
1,83,199306
1,60,199306
1,126,199306
1,16,199306
1,14,199306
1,18,199306
1,29,199306
1,45,199306
1,51,199306
1,39,199306
1,12,199306
1,150,199306
1,131,199306
1,22,199306
1,30,199306
1,13,199306
1,97,199306
1,181,199306
1,180,199306
1,176,199306
1,108,199306
1,113,199306
1,0,199306
1,10,199306
1,81,199306
1,143,199306
1,149,199306
1,80,199306
1,28,199306
1,116,199306
1,187,199306
1,160,199306
1,115,199306
1,59,199306
1,46,199306
1,64,199306
1,107,199306
1,72,199306
1,34,199306
1,11,199306
1,146,199306
1,154,199306
1,21,199306
1,25,199306
1,85,199306
1,136,199306
1,4,199306
1,165,199306
1,121,199306
1,92,199306
1,20,199306
1,40,199306
1,5,199306
1,133,199306
1,96,199306
1,23,199306
2,116,199306
2,133,199306
2,47,199306
2,32,199306
2,115,199306
2,19,199306
2,120,199306
2,20,199306
2,21,199306
2,108,199306
2,83,199306
2,16,199306
2,18,199306
2,23,199306
2,58,199306
2,26,199306
2,97,199306
2,11,199306
2,156,199306
2,55,199306
2,31,199306
2,29,199306
2,124,199306
2,155,199306
2,1,199306
2,132,199306
2,33,199306
2,113,199306
2,85,199306
2,86,199306
2,78,199306
2,65,199306
2,0,199306
2,112,199306
2,14,199306
2,77,199306
2,102,199306
2,53,199306
2,98,199306
2,24,199306
2,152,199306
2,13,199306
2,51,199306
2,22,199306
2,52,199306
2,99,199306
2,40,199306
2,107,199306
2,143,199306
2,248,199306
2,54,199306
2,12,199306
2,17,199306
2,35,199306
2,5,199306
2,137,199306
2,6,199306
2,149,199306
2,72,199306
2,80,199306
2,27,199306
2,28,199306
2,59,199306
2,154,199306
2,9,199306
2,96,199306
2,135,199306
2,46,199306
2,93,199306
2,136,199306
2,160,199306
2,10,199306
2,165,199306
2,92,199306
2,25,199306
2,274,199306
3,4,199306
3,311,199306
4,196,199306
4,64,199306
4,27,199306
4,261,199306
4,12,199306
4,138,199306
4,32,199306
4,45,199306
4,39,199306
4,108,199306
4,49,199306
4,180,199306
4,132,199306
4,25,199306
4,28,199306
4,424,199306
4,60,199306
4,126,199306
4,85,199306
4,342,199306
4,113,199306
4,26,199306
4,29,199306
4,40,199306
4,268,199306
4,46,199306
4,9,199306
4,54,199306
4,52,199306
4,6,199306
4,0,199306
4,154,199306
4,76,199306
4,58,199306
4,1315,199306
4,72,199306
4,35,199306
4,69,199306
4,17,199306
4,142,199306
4,18,199306
4,13,199306
4,77,199306
4,96,199306
4,31,199306
4,1319,199306
4,305,199306
4,592,199306
4,19,199306
4,133,199306
4,633,199306
4,99,199306
4,16,199306
4,51,199306
4,81,199306
4,14,199306
4,223,199306
4,30,199306
4,164,199306
4,214,199306
4,248,199306
4,525,199306
4,128,199306
4,10,199306
4,3,199306
4,213,199306
4,306,199306
4,23,199306
4,109,199306
4,136,199306
4,33,199306
4,184,199306
4,301,199306
4,222,199306
4,177,199306
4,300,199306
4,317,199306
4,20,199306
4,135,199306
4,843,199306
4,121,199306
4,50,199306
4,311,199306
4,59,199306
4,127,199306
4,110,199306
4,112,199306
4,21,199306
4,107,199306
4,5,199306
4,89,199306
4,183,199306
4,1,199306
4,160,199306
4,427,199306
4,146,199306
4,11,199306
4,137,199306
4,97,199306
5,110,199306
5,85,199306
5,80,199306
5,47,199306
5,274,199306
5,93,199306
5,0,199306
5,134,199306
5,116,199306
5,23,199306
5,242,199306
5,159,199306
5,35,199306
5,160,199306
5,72,199306
5,102,199306
5,163,199306
5,12,199306
5,9,199306
5,157,199306
5,77,199306
5,136,199306
5,154,199306
5,6,199306
5,101,199306
5,32,199306
5,99,199306
5,20,199306
5,26,199306
5,16,199306
5,86,199306
5,2,199306
5,124,199306
5,187,199306
5,115,199306
5,14,199306
5,52,199306
5,132,199306
5,64,199306
5,19,199306
5,28,199306
5,27,199306
5,149,199306
5,135,199306
5,25,199306
5,92,199306
5,165,199306
5,51,199306
5,150,199306
5,96,199306
5,121,199306
5,113,199306
5,18,199306
5,10,199306
5,137,199306
5,4,199306
5,11,199306
5,107,199306
5,1,199306
5,29,199306
5,17,199306
5,133,199306
6,97,199306
6,32,199306
6,34,199306
6,26,199306
6,54,199306
6,18,199306
6,29,199306
6,101,199306
6,100,199306
6,35,199306
6,21,199306
6,43,199306
6,181,199306
6,36,199306
6,158,199306
6,132,199306
6,213,199306
6,80,199306
6,136,199306
6,81,199306
6,9,199306
6,152,199306
6,93,199306
6,75,199306
6,62,199306
6,139,199306
6,12,199306
6,51,199306
6,165,199306
6,112,199306
6,31,199306
6,124,199306
6,48,199306
6,98,199306
6,4,199306
6,94,199306
6,1,199306
6,92,199306
6,25,199306
6,73,199306
6,85,199306
6,0,199306
6,57,199306
6,129,199306
6,20,199306
6,23,199306
6,96,199306
6,137,199306
6,60,199306
6,65,199306
6,10,199306
6,5,199306
6,17,199306
6,39,199306
6,143,199306
6,22,199306
6,45,199306
6,28,199306
6,13,199306
6,64,199306
6,172,199306
6,27,199306
6,78,199306
6,2,199306
6,11,199306
6,155,199306
6,52,199306
6,113,199306
6,102,199306
6,217,199306
6,135,199306
6,126,199306
6,114,199306
6,194,199306
6,117,199306
6,14,199306
6,24,199306
6,108,199306
6,55,199306
6,77,199306
6,83,199306
6,120,199306
6,38,199306
6,146,199306
6,106,199306
6,76,199306
6,82,199306
6,154,199306
6,142,199306
6,160,199306
6,40,199306
6,134,199306
6,46,199306
6,16,199306
6,99,199306
7,13,199306
7,92,199306
7,90,199306
7,136,199306
7,137,199306
7,112,199306
7,770,199306
7,29,199306
7,243,199306
7,8,199306
7,323,199306
7,20,199306
7,89,199306
7,17,199306
8,64,199306
8,136,199306
8,90,199306
8,243,199306
8,7,199306
8,89,199306
8,17,199306
8,20,199306
9,96,199306
9,85,199306
9,133,199306
9,16,199306
9,137,199306
9,10,199306
9,124,199306
9,5,199306
9,107,199306
9,28,199306
9,20,199306
9,21,199306
9,194,199306
9,98,199306
9,25,199306
9,78,199306
9,101,199306
9,53,199306
9,143,199306
9,100,199306
9,146,199306
9,51,199306
9,30,199306
9,180,199306
9,1,199306
9,150,199306
9,165,199306
9,93,199306
9,131,199306
9,46,199306
9,157,199306
9,47,199306
9,152,199306
9,2,199306
9,40,199306
9,116,199306
9,31,199306
9,139,199306
9,19,199306
9,38,199306
9,4,199306
9,77,199306
9,23,199306
9,11,199306
9,115,199306
9,35,199306
9,112,199306
9,32,199306
9,24,199306
9,72,199306
9,60,199306
9,6,199306
9,149,199306
9,248,199306
9,0,199306
9,187,199306
9,17,199306
9,135,199306
9,29,199306
9,160,199306
9,136,199306
9,154,199306
9,92,199306
9,97,199306
9,27,199306
9,274,199306
10,116,199306
10,80,199306
10,31,199306
10,81,199306
10,274,199306
10,187,199306
10,32,199306
10,165,199306
10,181,199306
10,93,199306
10,34,199306
10,17,199306
10,115,199306
10,18,199306
10,28,199306
10,20,199306
10,154,199306
10,36,199306
10,84,199306
10,52,199306
10,77,199306
10,29,199306
10,25,199306
10,64,199306
10,12,199306
10,30,199306
10,139,199306
10,35,199306
10,152,199306
10,100,199306
10,21,199306
10,26,199306
10,261,199306
10,45,199306
10,76,199306
10,2,199306
10,85,199306
10,159,199306
10,98,199306
10,102,199306
10,137,199306
10,97,199306
10,108,199306
10,60,199306
10,0,199306
10,53,199306
10,7,199306
10,51,199306
10,136,199306
10,6,199306
10,163,199306
10,99,199306
10,13,199306
10,27,199306
10,19,199306
10,14,199306
10,69,199306
10,16,199306
10,4,199306
10,142,199306
10,9,199306
10,89,199306
10,72,199306
10,1,199306
10,59,199306
10,54,199306
10,46,199306
10,135,199306
10,11,199306
10,149,199306
10,96,199306
10,160,199306
10,22,199306
10,92,199306
10,40,199306
10,112,199306
10,5,199306
10,113,199306
10,146,199306
10,107,199306
10,23,199306
10,133,199306
11,97,199306
11,51,199306
11,159,199306
11,20,199306
11,21,199306
11,53,199306
11,9,199306
11,27,199306
11,144,199306
11,99,199306
11,143,199306
11,29,199306
11,208,199306
11,135,199306
11,15,199306
11,132,199306
11,342,199306
11,12,199306
11,72,199306
11,189,199306
11,85,199306
11,55,199306
11,52,199306
11,6,199306
11,83,199306
11,23,199306
11,64,199306
11,60,199306
11,261,199306
11,16,199306
11,137,199306
11,18,199306
11,24,199306
11,17,199306
11,81,199306
11,76,199306
11,38,199306
11,154,199306
11,26,199306
11,46,199306
11,126,199306
11,14,199306
11,107,199306
11,108,199306
11,25,199306
11,7,199306
11,183,199306
11,32,199306
11,268,199306
11,35,199306
11,165,199306
11,59,199306
11,105,199306
11,89,199306
11,136,199306
11,10,199306
11,147,199306
11,22,199306
11,238,199306
11,61,199306
11,0,199306
11,19,199306
11,112,199306
11,88,199306
11,2,199306
11,111,199306
11,69,199306
11,150,199306
11,84,199306
11,28,199306
11,1,199306
11,169,199306
11,96,199306
11,223,199306
11,164,199306
11,86,199306
11,30,199306
11,5,199306
11,177,199306
11,13,199306
11,113,199306
11,4,199306
11,110,199306
11,146,199306
12,13,199306
12,142,199306
12,16,199306
12,81,199306
12,47,199306
12,99,199306
12,132,199306
12,32,199306
12,6,199306
12,181,199306
12,10,199306
12,135,199306
12,29,199306
12,20,199306
12,113,199306
12,170,199306
12,145,199306
12,74,199306
12,131,199306
12,61,199306
12,53,199306
12,78,199306
12,77,199306
12,38,199306
12,82,199306
12,69,199306
12,206,199306
12,83,199306
12,171,199306
12,28,199306
12,96,199306
12,11,199306
12,267,199306
12,24,199306
12,45,199306
12,92,199306
12,40,199306
12,137,199306
12,208,199306
12,165,199306
12,1,199306
12,120,199306
12,21,199306
12,183,199306
12,159,199306
12,5,199306
12,146,199306
12,112,199306
12,19,199306
12,26,199306
12,9,199306
12,121,199306
12,17,199306
12,2,199306
12,51,199306
12,125,199306
12,46,199306
12,27,199306
12,160,199306
12,25,199306
12,97,199306
12,136,199306
12,154,199306
12,18,199306
13,16,199306
13,53,199306
13,196,199306
13,125,199306
13,19,199306
13,11,199306
13,154,199306
13,80,199306
13,181,199306
13,30,199306
13,234,199306
13,165,199306
13,158,199306
13,137,199306
13,40,199306
13,287,199306
13,129,199306
13,144,199306
13,81,199306
13,32,199306
13,64,199306
13,183,199306
13,139,199306
13,63,199306
13,100,199306
13,48,199306
13,27,199306
13,86,199306
13,22,199306
13,35,199306
13,28,199306
13,21,199306
13,164,199306
13,233,199306
13,110,199306
13,146,199306
13,95,199306
13,12,199306
13,112,199306
13,113,199306
13,72,199306
13,57,199306
13,36,199306
13,10,199306
13,51,199306
13,54,199306
13,89,199306
13,92,199306
13,1,199306
13,108,199306
13,94,199306
13,18,199306
13,342,199306
13,60,199306
13,23,199306
13,297,199306
13,17,199306
13,173,199306
13,26,199306
13,96,199306
13,6,199306
13,59,199306
13,4,199306
13,172,199306
13,82,199306
13,45,199306
13,0,199306
13,20,199306
13,97,199306
13,102,199306
13,83,199306
13,143,199306
13,135,199306
13,99,199306
13,293,199306
13,29,199306
13,76,199306
13,117,199306
13,24,199306
13,126,199306
13,283,199306
13,142,199306
13,289,199306
13,294,199306
13,120,199306
13,155,199306
13,180,199306
13,38,199306
13,313,199306
13,52,199306
13,77,199306
13,178,199306
13,119,199306
13,55,199306
13,114,199306
13,134,199306
13,208,199306
13,14,199306
13,160,199306
13,31,199306
13,136,199306
13,25,199306
13,46,199306
14,53,199306
14,6,199306
14,26,199306
14,27,199306
14,19,199306
14,120,199306
14,126,199306
14,106,199306
14,78,199306
14,113,199306
14,160,199306
14,154,199306
14,170,199306
14,35,199306
14,54,199306
14,5,199306
14,32,199306
14,180,199306
14,294,199306
14,21,199306
14,270,199306
14,9,199306
14,155,199306
14,136,199306
14,112,199306
14,94,199306
14,98,199306
14,25,199306
14,10,199306
14,51,199306
14,92,199306
14,101,199306
14,137,199306
14,1,199306
14,181,199306
14,12,199306
14,80,199306
14,100,199306
14,58,199306
14,45,199306
14,143,199306
14,135,199306
14,139,199306
14,36,199306
14,20,199306
14,11,199306
14,29,199306
14,96,199306
14,165,199306
14,129,199306
14,17,199306
14,4,199306
14,117,199306
14,83,199306
14,76,199306
14,59,199306
14,77,199306
14,81,199306
14,60,199306
14,142,199306
14,38,199306
14,16,199306
14,140,199306
14,48,199306
14,13,199306
14,52,199306
14,102,199306
14,108,199306
14,31,199306
14,97,199306
14,18,199306
14,146,199306
14,40,199306
14,46,199306
15,31,199306
15,208,199306
15,277,199306
15,233,199306
15,132,199306
15,163,199306
15,81,199306
15,33,199306
15,111,199306
15,24,199306
15,117,199306
15,101,199306
15,314,199306
15,146,199306
15,137,199306
15,40,199306
15,271,199306
15,133,199306
15,26,199306
15,248,199306
15,154,199306
15,29,199306
15,18,199306
15,136,199306
16,180,199306
16,85,199306
16,142,199306
16,146,199306
16,6,199306
16,124,199306
16,294,199306
16,2,199306
16,11,199306
16,72,199306
16,143,199306
16,137,199306
16,93,199306
16,27,199306
16,30,199306
16,62,199306
16,117,199306
16,224,199306
16,84,199306
16,95,199306
16,77,199306
16,181,199306
16,113,199306
16,61,199306
16,60,199306
16,28,199306
16,18,199306
16,320,199306
16,1,199306
16,15,199306
16,211,199306
16,342,199306
16,156,199306
16,34,199306
16,106,199306
16,12,199306
16,39,199306
16,47,199306
16,136,199306
16,0,199306
16,10,199306
16,332,199306
16,83,199306
16,278,199306
16,69,199306
16,265,199306
16,107,199306
16,233,199306
16,41,199306
16,97,199306
16,5,199306
16,54,199306
16,48,199306
16,81,199306
16,126,199306
16,23,199306
16,108,199306
16,22,199306
16,35,199306
16,82,199306
16,74,199306
16,13,199306
16,32,199306
16,51,199306
16,20,199306
16,65,199306
16,80,199306
16,17,199306
16,31,199306
16,100,199306
16,160,199306
16,9,199306
16,92,199306
16,59,199306
16,139,199306
16,64,199306
16,14,199306
16,26,199306
16,19,199306
16,52,199306
16,29,199306
16,154,199306
16,46,199306
16,99,199306
16,40,199306
16,25,199306
16,135,199306
17,116,199306
17,16,199306
17,81,199306
17,47,199306
17,274,199306
17,187,199306
17,32,199306
17,181,199306
17,89,199306
17,93,199306
17,64,199306
17,77,199306
17,124,199306
17,149,199306
17,54,199306
17,0,199306
17,9,199306
17,23,199306
17,159,199306
17,113,199306
17,154,199306
17,282,199306
17,21,199306
17,114,199306
17,94,199306
17,424,199306
17,139,199306
17,2,199306
17,10,199306
17,36,199306
17,29,199306
17,196,199306
17,61,199306
17,132,199306
17,155,199306
17,19,199306
17,4,199306
17,261,199306
17,108,199306
17,137,199306
17,125,199306
17,85,199306
17,160,199306
17,28,199306
17,38,199306
17,183,199306
17,110,199306
17,14,199306
17,6,199306
17,13,199306
17,362,199306
17,107,199306
17,52,199306
17,27,199306
17,69,199306
17,53,199306
17,35,199306
17,303,199306
17,26,199306
17,102,199306
17,18,199306
17,165,199306
17,184,199306
17,136,199306
17,72,199306
17,115,199306
17,48,199306
17,99,199306
17,60,199306
17,109,199306
17,1,199306
17,135,199306
17,22,199306
17,321,199306
17,112,199306
17,80,199306
17,20,199306
17,189,199306
17,213,199306
17,87,199306
17,129,199306
17,51,199306
17,31,199306
17,24,199306
17,150,199306
17,8,199306
17,7,199306
17,59,199306
17,92,199306
17,46,199306
17,146,199306
17,11,199306
17,40,199306
17,96,199306
17,5,199306
17,25,199306
17,97,199306
18,97,199306
18,61,199306
18,242,199306
18,29,199306
18,16,199306
18,137,199306
18,224,199306
18,1,199306
18,142,199306
18,78,199306
18,126,199306
18,164,199306
18,0,199306
18,99,199306
18,106,199306
18,237,199306
18,80,199306
18,25,199306
18,60,199306
18,30,199306
18,72,199306
18,24,199306
18,10,199306
18,52,199306
18,160,199306
18,112,199306
18,134,199306
18,33,199306
18,2,199306
18,40,199306
18,93,199306
18,26,199306
18,22,199306
18,143,199306
18,96,199306
18,20,199306
18,161,199306
18,46,199306
18,53,199306
18,21,199306
18,31,199306
18,19,199306
18,165,199306
18,58,199306
18,45,199306
18,4,199306
18,362,199306
18,146,199306
18,278,199306
18,206,199306
18,28,199306
18,120,199306
18,77,199306
18,36,199306
18,113,199306
18,23,199306
18,17,199306
18,9,199306
18,150,199306
18,51,199306
18,108,199306
18,248,199306
18,48,199306
18,85,199306
18,107,199306
18,139,199306
18,87,199306
18,183,199306
18,64,199306
18,59,199306
18,170,199306
18,110,199306
18,171,199306
18,89,199306
18,208,199306
18,15,199306
18,84,199306
18,145,199306
18,92,199306
18,86,199306
18,6,199306
18,5,199306
18,132,199306
18,81,199306
18,74,199306
18,111,199306
18,35,199306
18,135,199306
18,123,199306
18,14,199306
18,11,199306
18,234,199306
18,144,199306
18,136,199306
18,181,199306
18,122,199306
18,233,199306
18,69,199306
18,131,199306
18,27,199306
18,154,199306
18,12,199306
18,265,199306
18,54,199306
18,13,199306
18,32,199306
19,180,199306
19,6,199306
19,181,199306
19,59,199306
19,26,199306
19,28,199306
19,55,199306
19,108,199306
19,84,199306
19,164,199306
19,21,199306
19,27,199306
19,125,199306
19,171,199306
19,113,199306
19,80,199306
19,18,199306
19,16,199306
19,35,199306
19,155,199306
19,78,199306
19,10,199306
19,81,199306
19,135,199306
19,242,199306
19,54,199306
19,48,199306
19,20,199306
19,165,199306
19,23,199306
19,29,199306
19,117,199306
19,0,199306
19,97,199306
19,85,199306
19,237,199306
19,132,199306
19,96,199306
19,137,199306
19,139,199306
19,129,199306
19,9,199306
19,95,199306
19,12,199306
19,134,199306
19,89,199306
19,58,199306
19,1,199306
19,175,199306
19,5,199306
19,69,199306
19,143,199306
19,115,199306
19,31,199306
19,355,199306
19,110,199306
19,92,199306
19,51,199306
19,112,199306
19,152,199306
19,36,199306
19,98,199306
19,100,199306
19,22,199306
19,4,199306
19,2,199306
19,107,199306
19,198,199306
19,172,199306
19,320,199306
19,208,199306
19,39,199306
19,52,199306
19,182,199306
19,136,199306
19,11,199306
19,94,199306
19,57,199306
19,64,199306
19,146,199306
19,13,199306
19,154,199306
19,25,199306
19,60,199306
19,119,199306
19,24,199306
19,160,199306
19,83,199306
19,32,199306
19,126,199306
19,76,199306
19,77,199306
19,17,199306
19,120,199306
19,38,199306
19,102,199306
19,142,199306
19,46,199306
19,40,199306
20,116,199306
20,85,199306
20,80,199306
20,31,199306
20,16,199306
20,47,199306
20,274,199306
20,10,199306
20,115,199306
20,18,199306
20,0,199306
20,9,199306
20,159,199306
20,143,199306
20,154,199306
20,72,199306
20,5,199306
20,139,199306
20,112,199306
20,134,199306
20,35,199306
20,27,199306
20,26,199306
20,100,199306
20,53,199306
20,161,199306
20,129,199306
20,157,199306
20,92,199306
20,863,199306
20,19,199306
20,48,199306
20,36,199306
20,97,199306
20,12,199306
20,242,199306
20,196,199306
20,187,199306
20,137,199306
20,22,199306
20,39,199306
20,83,199306
20,99,199306
20,135,199306
20,29,199306
20,13,199306
20,32,199306
20,6,199306
20,14,199306
20,64,199306
20,149,199306
20,2,199306
20,21,199306
20,108,199306
20,54,199306
20,24,199306
20,1336,199306
20,213,199306
20,28,199306
20,764,199306
20,110,199306
20,81,199306
20,103,199306
20,107,199306
20,17,199306
20,214,199306
20,832,199306
20,165,199306
20,51,199306
20,906,199306
20,261,199306
20,60,199306
20,315,199306
20,4,199306
20,211,199306
20,189,199306
20,121,199306
20,819,199306
20,77,199306
20,25,199306
20,866,199306
20,89,199306
20,59,199306
20,160,199306
20,761,199306
20,96,199306
20,7,199306
20,113,199306
20,150,199306
20,11,199306
20,183,199306
20,8,199306
20,1,199306
20,46,199306
20,184,199306
20,146,199306
20,69,199306
20,33,199306
20,40,199306
20,23,199306
20,136,199306
20,133,199306
21,116,199306
21,80,199306
21,31,199306
21,274,199306
21,6,199306
21,149,199306
21,27,199306
21,9,199306
21,159,199306
21,94,199306
21,72,199306
21,139,199306
21,107,199306
21,12,199306
21,77,199306
21,106,199306
21,154,199306
21,208,199306
21,18,199306
21,135,199306
21,2,199306
21,120,199306
21,53,199306
21,132,199306
21,102,199306
21,147,199306
21,60,199306
21,0,199306
21,61,199306
21,105,199306
21,81,199306
21,26,199306
21,97,199306
21,111,199306
21,19,199306
21,131,199306
21,85,199306
21,143,199306
21,146,199306
21,36,199306
21,92,199306
21,38,199306
21,115,199306
21,54,199306
21,28,199306
21,52,199306
21,124,199306
21,96,199306
21,137,199306
21,176,199306
21,34,199306
21,181,199306
21,99,199306
21,25,199306
21,165,199306
21,150,199306
21,761,199306
21,14,199306
21,51,199306
21,10,199306
21,113,199306
21,11,199306
21,4,199306
21,20,199306
21,29,199306
21,1,199306
21,17,199306
21,136,199306
21,23,199306
21,133,199306
22,220,199306
22,54,199306
22,12,199306
22,6,199306
22,39,199306
22,52,199306
22,181,199306
22,72,199306
22,85,199306
22,76,199306
22,34,199306
22,97,199306
22,93,199306
22,174,199306
22,139,199306
22,77,199306
22,16,199306
22,81,199306
22,94,199306
22,53,199306
22,30,199306
22,25,199306
22,125,199306
22,13,199306
22,2,199306
22,102,199306
22,31,199306
22,18,199306
22,19,199306
22,213,199306
22,10,199306
22,29,199306
22,248,199306
22,35,199306
22,1,199306
22,32,199306
22,46,199306
22,40,199306
22,165,199306
22,27,199306
22,5,199306
22,20,199306
22,23,199306
22,146,199306
22,64,199306
22,17,199306
22,11,199306
22,136,199306
22,137,199306
23,15,199306
23,16,199306
23,53,199306
23,47,199306
23,274,199306
23,48,199306
23,17,199306
23,115,199306
23,27,199306
23,135,199306
23,9,199306
23,159,199306
23,6,199306
23,18,199306
23,94,199306
23,277,199306
23,20,199306
23,108,199306
23,26,199306
23,81,199306
23,208,199306
23,65,199306
23,123,199306
23,342,199306
23,216,199306
23,25,199306
23,54,199306
23,32,199306
23,76,199306
23,12,199306
23,154,199306
23,80,199306
23,19,199306
23,60,199306
23,160,199306
23,72,199306
23,31,199306
23,122,199306
23,69,199306
23,137,199306
23,52,199306
23,4,199306
23,188,199306
23,0,199306
23,11,199306
23,119,199306
23,36,199306
23,181,199306
23,142,199306
23,34,199306
23,51,199306
23,136,199306
23,64,199306
23,77,199306
23,116,199306
23,13,199306
23,59,199306
23,165,199306
23,33,199306
23,149,199306
23,2,199306
23,22,199306
23,85,199306
23,107,199306
23,92,199306
23,96,199306
23,112,199306
23,97,199306
23,10,199306
23,29,199306
23,1,199306
23,21,199306
23,5,199306
24,143,199306
24,141,199306
24,35,199306
24,123,199306
24,265,199306
24,152,199306
24,144,199306
24,27,199306
24,132,199306
24,0,199306
24,12,199306
24,47,199306
24,18,199306
24,189,199306
24,137,199306
24,155,199306
24,54,199306
24,97,199306
24,80,199306
24,45,199306
24,55,199306
24,121,199306
24,51,199306
24,78,199306
24,180,199306
24,39,199306
24,126,199306
24,176,199306
24,52,199306
24,83,199306
24,2,199306
24,60,199306
24,94,199306
24,20,199306
24,108,199306
24,81,199306
24,13,199306
24,17,199306
24,26,199306
24,6,199306
24,32,199306
24,19,199306
24,29,199306
24,99,199306
24,46,199306
24,154,199306
24,40,199306
25,96,199306
25,116,199306
25,80,199306
25,165,199306
25,76,199306
25,93,199306
25,115,199306
25,102,199306
25,213,199306
25,150,199306
25,176,199306
25,18,199306
25,77,199306
25,13,199306
25,117,199306
25,79,199306
25,16,199306
25,30,199306
25,34,199306
25,72,199306
25,53,199306
25,17,199306
25,14,199306
25,51,199306
25,9,199306
25,101,199306
25,69,199306
25,112,199306
25,195,199306
25,52,199306
25,60,199306
25,142,199306
25,11,199306
25,5,199306
25,180,199306
25,83,199306
25,24,199306
25,146,199306
25,26,199306
25,81,199306
25,7,199306
25,120,199306
25,4,199306
25,23,199306
25,99,199306
25,107,199306
25,124,199306
25,89,199306
25,248,199306
25,35,199306
25,20,199306
25,173,199306
25,149,199306
25,106,199306
25,6,199306
25,110,199306
25,94,199306
25,152,199306
25,118,199306
25,64,199306
25,139,199306
25,98,199306
25,10,199306
25,12,199306
25,21,199306
25,19,199306
25,40,199306
25,36,199306
25,31,199306
25,156,199306
25,29,199306
25,22,199306
25,100,199306
25,136,199306
25,113,199306
25,32,199306
25,46,199306
25,27,199306
25,47,199306
25,1,199306
25,154,199306
25,48,199306
25,161,199306
25,108,199306
25,28,199306
25,274,199306
25,137,199306
25,97,199306
25,85,199306
25,2,199306
25,0,199306
26,69,199306
26,77,199306
26,157,199306
26,100,199306
26,125,199306
26,131,199306
26,5,199306
26,208,199306
26,17,199306
26,40,199306
26,23,199306
26,27,199306
26,31,199306
26,2,199306
26,113,199306
26,81,199306
26,146,199306
26,25,199306
26,0,199306
26,265,199306
26,70,199306
26,181,199306
26,141,199306
26,10,199306
26,35,199306
26,18,199306
26,133,199306
26,112,199306
26,86,199306
26,107,199306
26,1,199306
26,34,199306
26,85,199306
26,32,199306
26,28,199306
26,6,199306
26,52,199306
26,188,199306
26,13,199306
26,96,199306
26,94,199306
26,171,199306
26,132,199306
26,29,199306
26,48,199306
26,82,199306
26,72,199306
26,11,199306
26,108,199306
26,59,199306
26,20,199306
26,313,199306
26,36,199306
26,4,199306
26,110,199306
26,198,199306
26,39,199306
26,114,199306
26,140,199306
26,92,199306
26,64,199306
26,129,199306
26,45,199306
26,54,199306
26,237,199306
26,134,199306
26,97,199306
26,320,199306
26,297,199306
26,294,199306
26,139,199306
26,283,199306
26,126,199306
26,55,199306
26,78,199306
26,180,199306
26,24,199306
26,155,199306
26,154,199306
26,57,199306
26,83,199306
26,143,199306
26,19,199306
26,16,199306
26,102,199306
26,120,199306
26,60,199306
26,76,199306
26,38,199306
26,14,199306
26,160,199306
26,136,199306
26,117,199306
26,137,199306
26,142,199306
26,46,199306
26,99,199306
27,96,199306
27,116,199306
27,31,199306
27,81,199306
27,47,199306
27,274,199306
27,137,199306
27,165,199306
27,124,199306
27,149,199306
27,135,199306
27,161,199306
27,12,199306
27,28,199306
27,2,199306
27,143,199306
27,20,199306
27,112,199306
27,21,199306
27,46,199306
27,1,199306
27,77,199306
27,11,199306
27,111,199306
27,72,199306
27,52,199306
27,208,199306
27,180,199306
27,61,199306
27,108,199306
27,101,199306
27,15,199306
27,26,199306
27,117,199306
27,238,199306
27,24,199306
27,22,199306
27,142,199306
27,64,199306
27,126,199306
27,88,199306
27,150,199306
27,189,199306
27,13,199306
27,139,199306
27,181,199306
27,58,199306
27,40,199306
27,163,199306
27,860,199306
27,93,199306
27,69,199306
27,45,199306
27,17,199306
27,206,199306
27,74,199306
27,133,199306
27,76,199306
27,6,199306
27,121,199306
27,99,199306
27,16,199306
27,23,199306
27,57,199306
27,65,199306
27,113,199306
27,5,199306
27,9,199306
27,53,199306
27,82,199306
27,36,199306
27,51,199306
27,97,199306
27,14,199306
27,248,199306
27,38,199306
27,35,199306
27,100,199306
27,83,199306
27,4,199306
27,107,199306
27,102,199306
27,85,199306
27,0,199306
27,10,199306
27,60,199306
27,32,199306
27,187,199306
27,54,199306
27,59,199306
27,154,199306
27,160,199306
27,19,199306
27,146,199306
27,92,199306
27,25,199306
27,18,199306
27,136,199306
27,29,199306
28,116,199306
28,80,199306
28,31,199306
28,47,199306
28,274,199306
28,132,199306
28,32,199306
28,34,199306
28,77,199306
28,10,199306
28,149,199306
28,27,199306
28,54,199306
28,163,199306
28,0,199306
28,9,199306
28,12,199306
28,196,199306
28,35,199306
28,424,199306
28,137,199306
28,176,199306
28,11,199306
28,100,199306
28,85,199306
28,26,199306
28,102,199306
28,93,199306
28,6,199306
28,108,199306
28,13,199306
28,131,199306
28,60,199306
28,51,199306
28,99,199306
28,81,199306
28,129,199306
28,69,199306
28,48,199306
28,2,199306
28,180,199306
28,110,199306
28,18,199306
28,248,199306
28,124,199306
28,154,199306
28,19,199306
28,16,199306
28,14,199306
28,23,199306
28,59,199306
28,5,199306
28,187,199306
28,96,199306
28,1,199306
28,136,199306
28,97,199306
28,17,199306
28,29,199306
28,135,199306
28,107,199306
28,72,199306
28,115,199306
28,4,199306
28,20,199306
28,64,199306
28,46,199306
28,92,199306
28,146,199306
28,165,199306
28,89,199306
28,40,199306
28,25,199306
28,112,199306
28,21,199306
29,196,199306
29,64,199306
29,19,199306
29,11,199306
29,94,199306
29,164,199306
29,123,199306
29,142,199306
29,149,199306
29,85,199306
29,13,199306
29,55,199306
29,48,199306
29,83,199306
29,86,199306
29,58,199306
29,10,199306
29,6,199306
29,75,199306
29,139,199306
29,34,199306
29,113,199306
29,332,199306
29,141,199306
29,155,199306
29,4,199306
29,2,199306
29,22,199306
29,278,199306
29,177,199306
29,107,199306
29,122,199306
29,97,199306
29,8,199306
29,92,199306
29,120,199306
29,59,199306
29,133,199306
29,342,199306
29,108,199306
29,157,199306
29,248,199306
29,362,199306
29,0,199306
29,35,199306
29,211,199306
29,76,199306
29,237,199306
29,183,199306
29,7,199306
29,51,199306
29,265,199306
29,233,199306
29,100,199306
29,46,199306
29,99,199306
29,18,199306
29,1,199306
29,115,199306
29,28,199306
29,26,199306
29,124,199306
29,20,199306
29,105,199306
29,262,199306
29,267,199306
29,251,199306
29,42,199306
29,17,199306
29,69,199306
29,271,199306
29,33,199306
29,213,199306
29,296,199306
29,151,199306
29,36,199306
29,159,199306
29,63,199306
29,276,199306
29,15,199306
29,208,199306
29,44,199306
29,143,199306
29,145,199306
29,420,199306
29,39,199306
29,61,199306
29,111,199306
29,129,199306
29,292,199306
29,269,199306
29,78,199306
29,74,199306
29,65,199306
29,171,199306
29,14,199306
29,72,199306
29,24,199306
29,114,199306
29,80,199306
29,197,199306
29,9,199306
29,160,199306
29,198,199306
29,170,199306
29,163,199306
29,45,199306
29,144,199306
29,62,199306
29,25,199306
29,277,199306
29,131,199306
29,137,199306
29,16,199306
29,165,199306
29,101,199306
29,54,199306
29,21,199306
29,146,199306
29,138,199306
29,193,199306
29,12,199306
29,175,199306
29,126,199306
29,270,199306
29,132,199306
29,89,199306
29,31,199306
29,66,199306
29,53,199306
29,242,199306
29,60,199306
29,176,199306
29,195,199306
29,119,199306
29,102,199306
29,79,199306
29,134,199306
29,180,199306
29,181,199306
29,81,199306
29,40,199306
29,96,199306
29,110,199306
29,125,199306
29,117,199306
29,43,199306
29,38,199306
29,77,199306
29,23,199306
29,112,199306
29,52,199306
29,136,199306
29,32,199306
29,5,199306
29,154,199306
29,27,199306
30,122,199306
30,53,199306
30,123,199306
30,72,199306
30,143,199306
30,77,199306
30,74,199306
30,32,199306
30,29,199306
30,12,199306
30,92,199306
30,64,199306
30,137,199306
30,136,199306
30,9,199306
30,27,199306
30,34,199306
30,86,199306
30,4,199306
30,84,199306
30,51,199306
30,238,199306
30,164,199306
30,223,199306
30,88,199306
30,69,199306
30,18,199306
30,11,199306
31,96,199306
31,116,199306
31,97,199306
31,85,199306
31,133,199306
31,16,199306
31,81,199306
31,47,199306
31,274,199306
31,93,199306
31,77,199306
31,10,199306
31,115,199306
31,149,199306
31,27,199306
31,163,199306
31,9,199306
31,40,199306
31,107,199306
31,28,199306
31,143,199306
31,20,199306
31,72,199306
31,79,199306
31,19,199306
31,126,199306
31,35,199306
31,287,199306
31,15,199306
31,145,199306
31,170,199306
31,142,199306
31,57,199306
31,52,199306
31,86,199306
31,83,199306
31,106,199306
31,92,199306
31,132,199306
31,181,199306
31,267,199306
31,176,199306
31,45,199306
31,195,199306
31,242,199306
31,18,199306
31,39,199306
31,65,199306
31,112,199306
31,101,199306
31,30,199306
31,13,199306
31,64,199306
31,108,199306
31,5,199306
31,11,199306
31,59,199306
31,21,199306
31,117,199306
31,165,199306
31,159,199306
31,23,199306
31,2,199306
31,198,199306
31,32,199306
31,187,199306
31,310,199306
31,17,199306
31,309,199306
31,0,199306
31,76,199306
31,146,199306
31,104,199306
31,80,199306
31,1,199306
31,157,199306
31,129,199306
31,38,199306
31,160,199306
31,152,199306
31,120,199306
31,154,199306
31,98,199306
31,100,199306
31,136,199306
31,25,199306
31,48,199306
31,54,199306
31,124,199306
31,58,199306
31,14,199306
31,137,199306
31,29,199306
31,46,199306
31,6,199306
31,60,199306
31,99,199306
31,26,199306
31,135,199306
32,2,199306
32,72,199306
32,96,199306
32,80,199306
32,31,199306
32,142,199306
32,165,199306
32,10,199306
32,124,199306
32,29,199306
32,19,199306
32,294,199306
32,0,199306
32,51,199306
32,120,199306
32,154,199306
32,97,199306
32,22,199306
32,52,199306
32,61,199306
32,93,199306
32,129,199306
32,79,199306
32,48,199306
32,106,199306
32,57,199306
32,82,199306
32,133,199306
32,137,199306
32,47,199306
32,117,199306
32,234,199306
32,149,199306
32,189,199306
32,17,199306
32,136,199306
32,94,199306
32,112,199306
32,233,199306
32,224,199306
32,157,199306
32,176,199306
32,15,199306
32,92,199306
32,4,199306
32,13,199306
32,113,199306
32,69,199306
32,36,199306
32,85,199306
32,152,199306
32,108,199306
32,167,199306
32,60,199306
32,134,199306
32,6,199306
32,9,199306
32,161,199306
32,26,199306
32,110,199306
32,23,199306
32,1,199306
32,139,199306
32,182,199306
32,150,199306
32,104,199306
32,140,199306
32,76,199306
32,16,199306
32,35,199306
32,89,199306
32,64,199306
32,59,199306
32,24,199306
32,14,199306
32,132,199306
32,62,199306
32,171,199306
32,270,199306
32,146,199306
32,66,199306
32,178,199306
32,83,199306
32,143,199306
32,208,199306
32,81,199306
32,25,199306
32,180,199306
32,74,199306
32,40,199306
32,102,199306
32,38,199306
32,126,199306
32,170,199306
32,28,199306
32,27,199306
32,135,199306
32,46,199306
32,131,199306
32,242,199306
32,181,199306
32,77,199306
32,20,199306
32,160,199306
32,54,199306
32,99,199306
32,18,199306
33,72,199306
33,83,199306
33,92,199306
33,261,199306
33,866,199306
33,60,199306
33,0,199306
33,137,199306
33,17,199306
33,23,199306
33,51,199306
33,29,199306
33,4,199306
33,136,199306
33,20,199306
34,13,199306
34,81,199306
34,93,199306
34,77,199306
34,17,199306
34,135,199306
34,29,199306
34,1,199306
34,159,199306
34,69,199306
34,344,199306
34,23,199306
34,70,199306
34,126,199306
34,142,199306
34,26,199306
34,143,199306
34,58,199306
34,113,199306
34,79,199306
34,72,199306
34,30,199306
34,96,199306
34,99,199306
34,64,199306
34,53,199306
34,54,199306
34,97,199306
34,108,199306
34,146,199306
34,11,199306
34,21,199306
34,35,199306
34,32,199306
34,60,199306
34,248,199306
34,28,199306
34,10,199306
34,25,199306
34,137,199306
34,1,199306
34,160,199306
34,136,199306
34,137,199306
34,29,199306
34,154,199306
35,194,199306
35,142,199306
35,146,199306
35,48,199306
35,70,199306
35,54,199306
35,129,199306
35,171,199306
35,180,199306
35,53,199306
35,5,199306
35,46,199306
35,18,199306
35,134,199306
35,16,199306
35,2,199306
35,77,199306
35,85,199306
35,45,199306
35,64,199306
35,20,199306
35,21,199306
35,143,199306
35,17,199306
35,112,199306
35,132,199306
35,4,199306
35,137,199306
35,28,199306
35,51,199306
35,27,199306
35,117,199306
35,183,199306
35,11,199306
35,19,199306
35,113,199306
35,181,199306
35,98,199306
35,13,199306
35,29,199306
35,107,199306
35,6,199306
35,119,199306
35,40,199306
35,156,199306
35,32,199306
35,9,199306
35,83,199306
35,274,199306
35,108,199306
35,102,199306
35,182,199306
35,120,199306
35,237,199306
35,195,199306
35,24,199306
35,10,199306
35,25,199306
35,135,199306
35,0,199306
35,72,199306
35,1,199306
35,81,199306
35,52,199306
35,100,199306
35,94,199306
35,99,199306
35,217,199306
35,14,199306
35,97,199306
35,136,199306
35,173,199306
35,59,199306
35,26,199306
35,41,199306
35,60,199306
35,160,199306
35,92,199306
35,172,199306
35,154,199306
35,31,199306
36,64,199306
36,113,199306
36,106,199306
36,137,199306
36,136,199306
36,181,199306
36,10,199306
36,165,199306
36,362,199306
36,96,199306
36,4,199306
36,114,199306
36,6,199306
36,1,199306
36,85,199306
36,80,199306
36,81,199306
36,142,199306
36,126,199306
36,32,199306
36,18,199306
36,40,199306
36,13,199306
36,26,199306
36,14,199306
36,99,199306
36,102,199306
36,180,199306
36,11,199306
36,52,199306
36,108,199306
36,60,199306
36,48,199306
36,135,199306
36,117,199306
36,119,199306
36,154,199306
36,97,199306
36,29,199306
36,25,199306
36,146,199306
36,46,199306
36,83,199306
36,19,199306
38,64,199306
38,36,199306
38,74,199306
38,120,199306
38,175,199306
38,278,199306
38,132,199306
38,97,199306
38,198,199306
38,320,199306
38,171,199306
38,124,199306
38,242,199306
38,163,199306
38,27,199306
38,39,199306
38,62,199306
38,157,199306
38,57,199306
38,154,199306
38,98,199306
38,180,199306
38,29,199306
38,18,199306
38,142,199306
38,0,199306
38,12,199306
38,80,199306
38,181,199306
38,25,199306
38,117,199306
38,160,199306
38,4,199306
38,2,199306
38,102,199306
38,83,199306
38,52,199306
38,13,199306
38,137,199306
38,146,199306
38,6,199306
38,31,199306
38,14,199306
38,26,199306
38,19,199306
38,32,199306
38,40,199306
38,46,199306
39,92,199306
39,11,199306
39,146,199306
39,99,199306
39,29,199306
39,101,199306
39,12,199306
39,23,199306
39,46,199306
39,45,199306
39,98,199306
39,224,199306
39,120,199306
39,143,199306
39,65,199306
39,108,199306
39,27,199306
39,250,199306
39,40,199306
39,25,199306
39,137,199306
39,14,199306
39,176,199306
39,6,199306
39,19,199306
39,97,199306
40,55,199306
40,143,199306
40,101,199306
40,23,199306
40,135,199306
40,29,199306
40,85,199306
40,62,199306
40,13,199306
40,112,199306
40,233,199306
40,9,199306
40,118,199306
40,111,199306
40,132,199306
40,108,199306
40,96,199306
40,22,199306
40,5,199306
40,61,199306
40,131,199306
40,124,199306
40,213,199306
40,45,199306
40,2,199306
40,53,199306
40,35,199306
40,189,199306
40,11,199306
40,1,199306
40,12,199306
40,0,199306
40,48,199306
40,100,199306
40,72,199306
40,25,199306
40,34,199306
40,21,199306
40,80,199306
40,36,199306
40,27,199306
40,107,199306
40,60,199306
40,320,199306
40,129,199306
40,26,199306
40,160,199306
40,97,199306
40,94,199306
40,134,199306
40,155,199306
40,197,199306
40,338,199306
40,59,199306
40,170,199306
40,171,199306
40,178,199306
40,119,199306
40,208,199306
40,95,199306
40,198,199306
40,10,199306
40,860,199306
40,113,199306
40,195,199306
40,66,199306
40,154,199306
40,206,199306
40,139,199306
40,64,199306
40,6,199306
40,18,199306
40,65,199306
40,332,199306
40,75,199306
40,175,199306
40,146,199306
40,181,199306
40,31,199306
40,76,199306
40,83,199306
40,137,199306
40,63,199306
40,120,199306
40,126,199306
40,32,199306
40,54,199306
40,38,199306
40,117,199306
40,142,199306
40,136,199306
40,28,199306
40,362,199306
40,102,199306
40,180,199306
40,182,199306
40,79,199306
40,24,199306
40,81,199306
40,16,199306
40,4,199306
40,52,199306
40,77,199306
40,176,199306
40,20,199306
40,14,199306
40,17,199306
40,99,199306
40,46,199306
40,19,199306
41,120,199306
41,143,199306
41,63,199306
41,64,199306
41,224,199306
41,65,199306
41,154,199306
41,6,199306
41,48,199306
41,35,199306
41,108,199306
41,46,199306
41,97,199306
42,43,199306
42,74,199306
42,54,199306
42,29,199306
43,131,199306
43,42,199306
43,44,199306
43,74,199306
43,6,199306
43,54,199306
43,13,199306
43,97,199306
43,29,199306
44,43,199306
44,74,199306
44,276,199306
44,29,199306
45,143,199306
45,224,199306
45,69,199306
45,83,199306
45,11,199306
45,237,199306
45,24,199306
45,28,199306
45,139,199306
45,39,199306
45,54,199306
45,180,199306
45,137,199306
45,216,199306
45,188,199306
45,14,199306
45,12,199306
45,136,199306
45,27,199306
45,102,199306
45,40,199306
45,31,199306
45,19,199306
45,13,199306
45,78,199306
45,99,199306
45,6,199306
45,26,199306
45,29,199306
45,46,199306
45,97,199306
46,5,199306
46,188,199306
46,137,199306
46,58,199306
46,25,199306
46,1,199306
46,2,199306
46,39,199306
46,11,199306
46,15,199306
46,9,199306
46,0,199306
46,102,199306
46,18,199306
46,163,199306
46,85,199306
46,180,199306
46,22,199306
46,12,199306
46,107,199306
46,83,199306
46,10,199306
46,79,199306
46,28,199306
46,59,199306
46,129,199306
46,4,199306
46,158,199306
46,117,199306
46,152,199306
46,101,199306
46,154,199306
46,146,199306
46,124,199306
46,142,199306
46,287,199306
46,73,199306
46,126,199306
46,54,199306
46,63,199306
46,224,199306
46,156,199306
46,64,199306
46,143,199306
46,41,199306
46,106,199306
46,82,199306
46,136,199306
46,176,199306
46,94,199306
46,139,199306
46,24,199306
46,141,199306
46,160,199306
46,81,199306
46,29,199306
46,140,199306
46,36,199306
46,31,199306
46,80,199306
46,52,199306
46,20,199306
46,27,199306
46,78,199306
46,237,199306
46,16,199306
46,76,199306
46,32,199306
46,342,199306
46,77,199306
46,57,199306
46,97,199306
46,120,199306
46,17,199306
46,278,199306
46,48,199306
46,100,199306
46,38,199306
46,45,199306
46,320,199306
46,35,199306
46,14,199306
46,108,199306
46,60,199306
46,13,199306
46,6,199306
46,40,199306
46,99,199306
46,26,199306
46,19,199306
47,85,199306
47,80,199306
47,31,199306
47,165,199306
47,76,199306
47,77,199306
47,10,199306
47,17,199306
47,0,199306
47,9,199306
47,1,199306
47,107,199306
47,28,199306
47,2,199306
47,20,199306
47,154,199306
47,72,199306
47,32,199306
47,152,199306
47,40,199306
47,13,199306
47,137,199306
47,83,199306
47,14,199306
47,19,199306
47,97,199306
47,136,199306
47,93,199306
47,116,199306
47,96,199306
47,29,199306
47,115,199306
47,149,199306
47,124,199306
47,274,199306
47,25,199306
47,92,199306
48,14,199306
48,64,199306
48,35,199306
48,38,199306
48,1,199306
48,102,199306
48,22,199306
48,117,199306
48,143,199306
48,32,199306
48,19,199306
48,135,199306
48,6,199306
48,18,199306
48,13,199306
48,136,199306
48,27,199306
48,28,199306
48,4,199306
48,41,199306
48,99,199306
48,34,199306
48,10,199306
48,0,199306
48,375,199306
48,119,199306
48,60,199306
48,20,199306
48,120,199306
48,36,199306
48,156,199306
48,155,199306
48,72,199306
48,26,199306
48,52,199306
48,16,199306
48,77,199306
48,126,199306
48,142,199306
48,195,199306
48,237,199306
48,17,199306
48,108,199306
48,29,199306
48,178,199306
48,97,199306
48,31,199306
48,154,199306
48,59,199306
48,146,199306
48,137,199306
48,40,199306
48,83,199306
48,25,199306
48,46,199306
49,4,199306
49,177,199306
49,51,199306
50,177,199306
50,300,199306
50,248,199306
50,51,199306
50,4,199306
51,16,199306
51,132,199306
51,100,199306
51,12,199306
51,4,199306
51,227,199306
51,317,199306
51,81,199306
51,870,199306
51,35,199306
51,843,199306
51,234,199306
51,311,199306
51,9,199306
51,261,199306
51,83,199306
51,69,199306
51,108,199306
51,85,199306
51,238,199306
51,268,199306
51,13,199306
51,18,199306
51,976,199306
51,165,199306
51,52,199306
51,1315,199306
51,88,199306
51,6,199306
51,14,199306
51,17,199306
51,176,199306
51,196,199306
51,26,199306
51,117,199306
51,53,199306
51,154,199306
51,29,199306
51,60,199306
51,54,199306
51,77,199306
51,0,199306
51,25,199306
51,1,199306
51,99,199306
51,295,199306
51,84,199306
51,10,199306
51,46,199306
51,28,199306
51,32,199306
51,265,199306
51,300,199306
51,59,199306
51,96,199306
51,19,199306
51,27,199306
51,1319,199306
51,223,199306
51,30,199306
51,248,199306
51,301,199306
51,64,199306
51,184,199306
51,50,199306
51,222,199306
51,113,199306
51,23,199306
51,110,199306
51,866,199306
51,49,199306
51,33,199306
51,215,199306
51,20,199306
51,177,199306
51,107,199306
51,741,199306
51,5,199306
51,214,199306
51,121,199306
51,21,199306
51,133,199306
51,89,199306
51,11,199306
51,183,199306
51,112,199306
51,137,199306
51,146,199306
51,97,199306
51,136,199306
52,293,199306
52,13,199306
52,26,199306
52,242,199306
52,54,199306
52,20,199306
52,72,199306
52,77,199306
52,208,199306
52,27,199306
52,22,199306
52,142,199306
52,29,199306
52,36,199306
52,11,199306
52,113,199306
52,124,199306
52,92,199306
52,131,199306
52,137,199306
52,117,199306
52,21,199306
52,0,199306
52,10,199306
52,157,199306
52,81,199306
52,24,199306
52,41,199306
52,12,199306
52,143,199306
52,25,199306
52,1,199306
52,108,199306
52,136,199306
52,18,199306
52,99,199306
52,107,199306
52,100,199306
52,102,199306
52,65,199306
52,154,199306
52,96,199306
52,28,199306
52,31,199306
52,80,199306
52,32,199306
52,4,199306
52,48,199306
52,320,199306
52,94,199306
52,120,199306
52,53,199306
52,112,199306
52,35,199306
52,60,199306
52,59,199306
52,126,199306
52,6,199306
52,19,199306
52,64,199306
52,14,199306
52,129,199306
52,16,199306
52,46,199306
52,146,199306
52,83,199306
52,40,199306
52,97,199306
53,183,199306
53,189,199306
53,64,199306
53,35,199306
53,26,199306
53,59,199306
53,29,199306
53,0,199306
53,30,199306
53,77,199306
53,18,199306
53,139,199306
53,21,199306
53,96,199306
53,213,199306
53,2,199306
53,135,199306
53,39,199306
53,46,199306
53,79,199306
53,137,199306
53,94,199306
53,136,199306
53,60,199306
53,25,199306
53,112,199306
53,34,199306
53,22,199306
53,72,199306
53,5,199306
53,132,199306
53,23,199306
53,13,199306
53,92,199306
53,113,199306
53,99,199306
53,28,199306
53,27,199306
53,51,199306
53,133,199306
53,48,199306
53,4,199306
53,6,199306
53,52,199306
53,97,199306
53,10,199306
53,11,199306
53,154,199306
53,1,199306
54,96,199306
54,13,199306
54,137,199306
54,6,199306
54,74,199306
54,27,199306
54,135,199306
54,18,199306
54,29,199306
54,19,199306
54,22,199306
54,15,199306
54,77,199306
54,163,199306
54,159,199306
54,206,199306
54,30,199306
54,143,199306
54,52,199306
54,46,199306
54,287,199306
54,144,199306
54,233,199306
54,42,199306
54,113,199306
54,41,199306
54,40,199306
54,85,199306
54,97,199306
54,31,199306
54,81,199306
54,141,199306
54,134,199306
54,53,199306
54,80,199306
54,125,199306
54,119,199306
54,10,199306
54,120,199306
54,158,199306
54,4,199306
54,0,199306
54,99,199306
54,26,199306
54,20,199306
54,108,199306
54,14,199306
54,21,199306
54,100,199306
54,180,199306
54,43,199306
54,2,199306
54,129,199306
54,35,199306
54,51,199306
54,248,199306
54,139,199306
54,28,199306
54,17,199306
54,60,199306
54,181,199306
54,16,199306
54,131,199306
54,136,199306
54,146,199306
54,1,199306
54,154,199306
54,160,199306
54,32,199306
55,126,199306
55,25,199306
55,155,199306
55,19,199306
55,154,199306
55,208,199306
55,38,199306
55,21,199306
55,81,199306
55,48,199306
55,34,199306
55,53,199306
55,120,199306
55,32,199306
55,14,199306
55,26,199306
55,40,199306
55,6,199306
55,13,199306
55,29,199306
57,120,199306
57,40,199306
57,320,199306
57,31,199306
57,135,199306
57,180,199306
57,18,199306
57,181,199306
57,117,199306
57,24,199306
57,13,199306
57,52,199306
57,27,199306
57,6,199306
57,99,199306
57,137,199306
57,26,199306
57,19,199306
57,32,199306
57,83,199306
57,46,199306
57,97,199306
58,125,199306
58,117,199306
58,79,199306
58,45,199306
58,146,199306
58,2,199306
58,76,199306
58,25,199306
58,13,199306
58,140,199306
58,156,199306
58,38,199306
58,9,199306
58,18,199306
58,160,199306
58,80,199306
58,64,199306
58,152,199306
58,4,199306
58,14,199306
58,136,199306
58,112,199306
58,99,199306
58,29,199306
58,137,199306
58,46,199306
58,31,199306
58,97,199306
59,6,199306
59,26,199306
59,29,199306
59,294,199306
59,289,199306
59,12,199306
59,53,199306
59,171,199306
59,106,199306
59,134,199306
59,27,199306
59,0,199306
59,9,199306
59,23,199306
59,63,199306
59,13,199306
59,110,199306
59,64,199306
59,28,199306
59,100,199306
59,52,199306
59,126,199306
59,117,199306
59,31,199306
59,2,199306
59,180,199306
59,154,199306
59,129,199306
59,18,199306
59,60,199306
59,137,199306
59,11,199306
59,142,199306
59,51,199306
59,10,199306
59,16,199306
59,14,199306
59,99,199306
59,19,199306
59,217,199306
59,77,199306
59,108,199306
59,46,199306
59,35,199306
59,81,199306
59,32,199306
59,40,199306
59,194,199306
59,92,199306
59,1,199306
59,136,199306
59,172,199306
59,146,199306
59,4,199306
59,17,199306
59,20,199306
59,83,199306
59,48,199306
59,97,199306
60,196,199306
60,12,199306
60,29,199306
60,108,199306
60,39,199306
60,54,199306
60,154,199306
60,110,199306
60,99,199306
60,164,199306
60,23,199306
60,69,199306
60,171,199306
60,126,199306
60,1,199306
60,113,199306
60,136,199306
60,81,199306
60,28,199306
60,84,199306
60,129,199306
60,11,199306
60,52,199306
60,250,199306
60,27,199306
60,120,199306
60,86,199306
60,142,199306
60,112,199306
60,100,199306
60,4,199306
60,26,199306
60,36,199306
60,107,199306
60,34,199306
60,32,199306
60,25,199306
60,195,199306
60,172,199306
60,143,199306
60,96,199306
60,17,199306
60,80,199306
60,10,199306
60,13,199306
60,117,199306
60,135,199306
60,181,199306
60,51,199306
60,19,199306
60,83,199306
60,180,199306
60,48,199306
60,59,199306
60,102,199306
60,6,199306
60,20,199306
60,178,199306
60,64,199306
60,94,199306
60,119,199306
60,139,199306
60,14,199306
60,16,199306
60,35,199306
60,97,199306
60,77,199306
60,0,199306
60,160,199306
60,31,199306
60,18,199306
60,146,199306
60,46,199306
60,40,199306
60,137,199306
61,15,199306
61,18,199306
61,30,199306
61,19,199306
61,85,199306
61,142,199306
61,25,199306
61,27,199306
61,135,199306
61,31,199306
61,108,199306
61,69,199306
61,122,199306
61,92,199306
61,125,199306
61,180,199306
61,16,199306
61,160,199306
61,53,199306
61,28,199306
61,29,199306
61,154,199306
61,52,199306
61,97,199306
61,1,199306
61,265,199306
61,111,199306
61,11,199306
61,136,199306
62,171,199306
62,66,199306
62,117,199306
62,0,199306
62,151,199306
62,57,199306
62,79,199306
62,175,199306
62,13,199306
62,146,199306
62,40,199306
62,97,199306
62,32,199306
62,29,199306
63,16,199306
63,338,199306
63,171,199306
63,102,199306
63,29,199306
63,36,199306
63,41,199306
63,152,199306
63,31,199306
63,59,199306
63,65,199306
63,46,199306
63,40,199306
64,80,199306
64,5,199306
64,12,199306
64,19,199306
64,112,199306
64,94,199306
64,22,199306
64,17,199306
64,135,199306
64,146,199306
64,287,199306
64,129,199306
64,137,199306
64,97,199306
64,6,199306
64,8,199306
64,74,199306
64,46,199306
64,143,199306
64,83,199306
64,107,199306
64,181,199306
64,85,199306
64,45,199306
64,144,199306
64,61,199306
64,73,199306
64,18,199306
64,1,199306
64,158,199306
64,25,199306
64,54,199306
64,28,199306
64,31,199306
64,81,199306
64,113,199306
64,142,199306
64,154,199306
64,29,199306
64,36,199306
64,23,199306
64,169,199306
64,96,199306
64,156,199306
64,7,199306
64,2,199306
64,20,199306
64,92,199306
64,51,199306
64,0,199306
64,35,199306
64,89,199306
64,134,199306
64,60,199306
64,117,199306
64,32,199306
64,16,199306
64,13,199306
64,48,199306
64,52,199306
64,108,199306
64,40,199306
64,136,199306
64,26,199306
64,11,199306
64,4,199306
65,182,199306
65,338,199306
65,275,199306
65,143,199306
65,115,199306
65,157,199306
65,63,199306
65,31,199306
65,38,199306
65,92,199306
65,2,199306
65,64,199306
65,101,199306
65,154,199306
65,137,199306
65,29,199306
65,146,199306
65,40,199306
65,97,199306
66,332,199306
66,83,199306
66,16,199306
66,178,199306
66,102,199306
66,97,199306
66,55,199306
66,120,199306
66,143,199306
66,62,199306
66,182,199306
66,94,199306
66,100,199306
66,79,199306
66,154,199306
66,40,199306
66,32,199306
66,146,199306
66,29,199306
69,79,199306
69,52,199306
69,181,199306
69,77,199306
69,18,199306
69,1319,199306
69,0,199306
69,183,199306
69,16,199306
69,2,199306
69,76,199306
69,81,199306
69,105,199306
69,317,199306
69,25,199306
69,92,199306
69,27,199306
69,126,199306
69,228,199306
69,137,199306
69,28,199306
69,51,199306
69,133,199306
69,32,199306
69,189,199306
69,19,199306
69,227,199306
69,23,199306
69,29,199306
69,22,199306
69,870,199306
69,10,199306
69,1,199306
69,132,199306
69,154,199306
69,83,199306
69,177,199306
69,97,199306
69,17,199306
69,301,199306
69,238,199306
69,88,199306
69,86,199306
69,976,199306
69,30,199306
69,84,199306
69,4,199306
69,223,199306
69,164,199306
69,107,199306
69,136,199306
69,11,199306
69,20,199306
70,64,199306
70,113,199306
70,23,199306
70,77,199306
70,248,199306
70,6,199306
70,136,199306
72,96,199306
72,180,199306
72,80,199306
72,133,199306
72,16,199306
72,47,199306
72,137,199306
72,10,199306
72,17,199306
72,115,199306
72,0,199306
72,5,199306
72,51,199306
72,159,199306
72,107,199306
72,98,199306
72,93,199306
72,54,199306
72,26,199306
72,11,199306
72,176,199306
72,23,199306
72,24,199306
72,136,199306
72,30,199306
72,113,199306
72,126,199306
72,81,199306
72,19,199306
72,69,199306
72,146,199306
72,14,199306
72,76,199306
72,40,199306
72,28,199306
72,53,199306
72,34,199306
72,124,199306
72,85,199306
72,9,199306
72,177,199306
72,13,199306
72,4,199306
72,97,199306
72,116,199306
72,99,199306
72,35,199306
72,32,199306
72,64,199306
72,83,199306
72,165,199306
72,149,199306
72,187,199306
72,21,199306
72,25,199306
72,2,199306
72,20,199306
72,77,199306
72,135,199306
72,29,199306
72,27,199306
72,154,199306
72,1,199306
72,92,199306
72,274,199306
73,38,199306
73,46,199306
73,40,199306
73,26,199306
73,63,199306
73,16,199306
73,117,199306
73,81,199306
73,97,199306
74,43,199306
74,61,199306
74,44,199306
74,164,199306
74,111,199306
74,83,199306
74,137,199306
74,131,199306
74,14,199306
74,40,199306
74,21,199306
74,276,199306
74,42,199306
74,102,199306
74,248,199306
74,29,199306
74,18,199306
74,32,199306
75,85,199306
75,2,199306
75,13,199306
75,120,199306
75,151,199306
75,97,199306
75,29,199306
75,40,199306
76,14,199306
76,83,199306
76,29,199306
76,12,199306
76,137,199306
76,21,199306
76,112,199306
76,94,199306
76,55,199306
76,320,199306
76,45,199306
76,27,199306
76,82,199306
76,62,199306
76,156,199306
76,116,199306
76,96,199306
76,181,199306
76,66,199306
76,117,199306
76,157,199306
76,80,199306
76,32,199306
76,155,199306
76,342,199306
76,102,199306
76,142,199306
76,92,199306
76,9,199306
76,25,199306
76,180,199306
76,16,199306
76,1,199306
76,60,199306
76,13,199306
76,31,199306
76,99,199306
76,146,199306
76,6,199306
76,26,199306
76,19,199306
76,40,199306
76,46,199306
76,97,199306
77,96,199306
77,85,199306
77,80,199306
77,16,199306
77,47,199306
77,274,199306
77,187,199306
77,165,199306
77,93,199306
77,10,199306
77,17,199306
77,115,199306
77,26,199306
77,124,199306
77,9,199306
77,23,199306
77,159,199306
77,107,199306
77,28,199306
77,21,199306
77,72,199306
77,97,199306
77,29,199306
77,36,199306
77,143,199306
77,4,199306
77,92,199306
77,79,199306
77,242,199306
77,131,199306
77,144,199306
77,99,199306
77,181,199306
77,22,199306
77,208,199306
77,101,199306
77,142,199306
77,154,199306
77,171,199306
77,139,199306
77,69,199306
77,126,199306
77,2,199306
77,51,199306
77,40,199306
77,1,199306
77,117,199306
77,133,199306
77,141,199306
77,45,199306
77,25,199306
77,120,199306
77,132,199306
77,60,199306
77,18,199306
77,180,199306
77,136,199306
77,27,199306
77,61,199306
77,140,199306
77,5,199306
77,11,199306
77,12,199306
77,20,199306
77,86,199306
77,134,199306
77,30,199306
77,100,199306
77,83,199306
77,52,199306
77,48,199306
77,342,199306
77,35,199306
77,375,199306
77,108,199306
77,76,199306
77,31,199306
77,0,199306
77,198,199306
77,59,199306
77,14,199306
77,13,199306
77,6,199306
77,160,199306
77,146,199306
77,19,199306
77,135,199306
77,46,199306
77,137,199306
77,32,199306
78,11,199306
78,45,199306
78,126,199306
78,69,199306
78,146,199306
78,85,199306
78,98,199306
78,12,199306
78,140,199306
78,13,199306
78,152,199306
78,76,199306
78,64,199306
78,134,199306
78,83,199306
78,31,199306
78,137,199306
78,99,199306
78,77,199306
78,9,199306
78,136,199306
78,100,199306
78,32,199306
78,154,199306
78,6,199306
78,26,199306
78,29,199306
78,46,199306
78,97,199306
79,176,199306
79,81,199306
79,31,199306
79,170,199306
79,2,199306
79,35,199306
79,92,199306
79,152,199306
79,54,199306
79,34,199306
79,4,199306
79,12,199306
79,137,199306
79,60,199306
79,29,199306
79,26,199306
79,66,199306
79,77,199306
79,48,199306
79,46,199306
79,32,199306
79,97,199306
79,40,199306
80,96,199306
80,116,199306
80,97,199306
80,16,199306
80,47,199306
80,274,199306
80,93,199306
80,77,199306
80,10,199306
80,115,199306
80,149,199306
80,27,199306
80,0,199306
80,5,199306
80,9,199306
80,23,199306
80,107,199306
80,28,199306
80,2,199306
80,20,199306
80,154,199306
80,72,199306
80,17,199306
80,18,199306
80,125,199306
80,95,199306
80,105,199306
80,250,199306
80,342,199306
80,76,199306
80,45,199306
80,275,199306
80,126,199306
80,52,199306
80,38,199306
80,108,199306
80,120,199306
80,11,199306
80,139,199306
80,143,199306
80,58,199306
80,113,199306
80,81,199306
80,165,199306
80,13,199306
80,29,199306
80,54,199306
80,102,199306
80,136,199306
80,32,199306
80,85,199306
80,40,199306
80,188,199306
80,157,199306
80,26,199306
80,187,199306
80,31,199306
80,1,199306
80,146,199306
80,135,199306
80,160,199306
80,137,199306
80,92,199306
80,46,199306
81,80,199306
81,31,199306
81,53,199306
81,165,199306
81,77,199306
81,27,199306
81,54,199306
81,0,199306
81,9,199306
81,12,199306
81,29,199306
81,107,199306
81,2,199306
81,143,199306
81,20,199306
81,154,199306
81,97,199306
81,47,199306
81,106,199306
81,102,199306
81,117,199306
81,142,199306
81,114,199306
81,69,199306
81,180,199306
81,152,199306
81,132,199306
81,38,199306
81,52,199306
81,189,199306
81,161,199306
81,55,199306
81,124,199306
81,34,199306
81,45,199306
81,112,199306
81,18,199306
81,85,199306
81,144,199306
81,224,199306
81,156,199306
81,72,199306
81,21,199306
81,83,199306
81,99,199306
81,131,199306
81,237,199306
81,92,199306
81,208,199306
81,25,199306
81,4,199306
81,16,199306
81,126,199306
81,24,199306
81,120,199306
81,28,199306
81,96,199306
81,76,199306
81,23,199306
81,35,199306
81,17,199306
81,6,199306
81,22,199306
81,59,199306
81,51,199306
81,139,199306
81,113,199306
81,48,199306
81,60,199306
81,1,199306
81,108,199306
81,14,199306
81,13,199306
81,26,199306
81,136,199306
81,19,199306
81,10,199306
81,32,199306
81,46,199306
81,137,199306
81,40,199306
81,135,199306
81,146,199306
82,106,199306
82,188,199306
82,137,199306
82,80,199306
82,26,199306
82,58,199306
82,195,199306
82,38,199306
82,52,199306
82,142,199306
82,81,199306
82,40,199306
82,117,199306
82,143,199306
82,32,199306
82,102,199306
82,6,199306
82,83,199306
82,46,199306
82,97,199306
83,77,199306
83,120,199306
83,183,199306
83,170,199306
83,18,199306
83,140,199306
83,28,199306
83,124,199306
83,142,199306
83,0,199306
83,175,199306
83,158,199306
83,181,199306
83,10,199306
83,152,199306
83,85,199306
83,16,199306
83,146,199306
83,73,199306
83,65,199306
83,135,199306
83,117,199306
83,116,199306
83,198,199306
83,34,199306
83,32,199306
83,160,199306
83,134,199306
83,41,199306
83,1,199306
83,265,199306
83,92,199306
83,188,199306
83,96,199306
83,101,199306
83,156,199306
83,155,199306
83,81,199306
83,24,199306
83,23,199306
83,22,199306
83,4,199306
83,2,199306
83,54,199306
83,35,199306
83,154,199306
83,20,199306
83,38,199306
83,60,199306
83,13,199306
83,14,199306
83,136,199306
83,46,199306
83,99,199306
83,26,199306
83,94,199306
83,6,199306
83,137,199306
83,126,199306
83,172,199306
83,57,199306
83,180,199306
83,100,199306
83,19,199306
83,139,199306
83,82,199306
83,59,199306
83,97,199306
83,45,199306
83,129,199306
83,40,199306
83,102,199306
83,195,199306
83,52,199306
83,36,199306
83,29,199306
83,119,199306
83,108,199306
83,48,199306
83,31,199306
84,32,199306
84,64,199306
84,137,199306
84,16,199306
84,12,199306
84,88,199306
84,77,199306
84,164,199306
84,223,199306
84,154,199306
84,136,199306
84,51,199306
84,30,199306
84,69,199306
84,18,199306
84,11,199306
85,116,199306
85,80,199306
85,31,199306
85,133,199306
85,47,199306
85,136,199306
85,137,199306
85,32,199306
85,64,199306
85,124,199306
85,9,199306
85,23,199306
85,2,199306
85,143,199306
85,112,199306
85,21,199306
85,146,199306
85,51,199306
85,122,199306
85,238,199306
85,16,199306
85,36,199306
85,40,199306
85,134,199306
85,107,199306
85,156,199306
85,355,199306
85,52,199306
85,10,199306
85,17,199306
85,102,199306
85,160,199306
85,86,199306
85,12,199306
85,77,199306
85,83,199306
85,108,199306
85,13,199306
85,208,199306
85,100,199306
85,158,199306
85,26,199306
85,81,199306
85,20,199306
85,22,199306
85,29,199306
85,53,199306
85,14,199306
85,117,199306
85,28,199306
85,96,199306
85,97,199306
85,19,199306
85,4,199306
85,248,199306
85,154,199306
85,27,199306
85,5,199306
85,187,199306
85,99,199306
85,92,199306
85,18,199306
85,6,199306
85,0,199306
85,46,199306
85,72,199306
85,11,199306
85,93,199306
85,149,199306
85,115,199306
85,165,199306
85,1,199306
85,25,199306
85,274,199306
86,6,199306
86,64,199306
86,29,199306
86,74,199306
86,88,199306
86,77,199306
86,223,199306
86,0,199306
86,19,199306
86,27,199306
86,238,199306
86,13,199306
86,208,199306
86,32,199306
86,30,199306
86,136,199306
86,164,199306
86,137,199306
86,69,199306
86,18,199306
86,11,199306
87,272,199306
87,89,199306
87,91,199306
87,202,199306
87,203,199306
87,19,199306
87,99,199306
87,32,199306
87,17,199306
88,238,199306
88,164,199306
88,84,199306
88,51,199306
88,69,199306
88,30,199306
88,11,199306
89,17,199306
89,5,199306
89,212,199306
89,202,199306
89,19,199306
89,129,199306
89,35,199306
89,99,199306
89,64,199306
89,91,199306
89,59,199306
89,92,199306
89,28,199306
89,32,199306
89,112,199306
89,243,199306
89,110,199306
89,323,199306
89,136,199306
89,10,199306
89,8,199306
89,11,199306
89,90,199306
89,87,199306
89,770,199306
89,18,199306
89,51,199306
89,7,199306
89,154,199306
89,20,199306
89,137,199306
89,29,199306
89,4,199306
89,778,199306
89,97,199306
90,8,199306
90,243,199306
90,7,199306
90,89,199306
91,87,199306
91,89,199306
92,13,199306
92,143,199306
92,112,199306
92,21,199306
92,154,199306
92,135,199306
92,208,199306
92,355,199306
92,60,199306
92,265,199306
92,40,199306
92,15,199306
92,12,199306
92,27,199306
92,101,199306
92,146,199306
92,181,199306
92,117,199306
92,69,199306
92,124,199306
92,80,199306
92,34,199306
92,16,199306
92,250,199306
92,11,199306
92,26,199306
92,97,199306
92,136,199306
92,6,199306
92,58,199306
92,19,199306
92,155,199306
92,234,199306
92,4,199306
92,46,199306
92,48,199306
92,52,199306
92,64,199306
92,107,199306
92,137,199306
92,53,199306
92,23,199306
92,81,199306
92,17,199306
92,85,199306
92,242,199306
92,32,199306
92,133,199306
92,5,199306
92,20,199306
92,96,199306
92,187,199306
92,116,199306
92,59,199306
92,28,199306
92,115,199306
92,35,199306
92,31,199306
92,18,199306
92,77,199306
92,29,199306
92,10,199306
92,160,199306
92,149,199306
92,9,199306
92,165,199306
92,72,199306
92,1,199306
92,47,199306
92,93,199306
92,2,199306
92,0,199306
92,274,199306
93,96,199306
93,80,199306
93,31,199306
93,77,199306
93,17,199306
93,149,199306
93,27,199306
93,135,199306
93,0,199306
93,9,199306
93,1,199306
93,28,199306
93,2,199306
93,20,199306
93,154,199306
93,32,199306
93,14,199306
93,29,199306
93,64,199306
93,81,199306
93,16,199306
93,160,199306
93,18,199306
93,115,199306
93,165,199306
93,116,199306
93,72,199306
93,85,199306
93,25,199306
93,274,199306
93,137,199306
93,92,199306
94,17,199306
94,139,199306
94,102,199306
94,96,199306
94,126,199306
94,24,199306
94,66,199306
94,142,199306
94,40,199306
94,113,199306
94,76,199306
94,117,199306
94,146,199306
94,75,199306
94,136,199306
94,26,199306
94,99,199306
94,60,199306
94,19,199306
94,31,199306
94,52,199306
94,64,199306
94,13,199306
94,35,199306
94,25,199306
94,154,199306
94,135,199306
94,137,199306
94,83,199306
94,32,199306
94,6,199306
94,46,199306
94,97,199306
95,208,199306
95,195,199306
95,117,199306
95,6,199306
95,135,199306
95,40,199306
96,80,199306
96,31,199306
96,183,199306
96,14,199306
96,16,199306
96,32,199306
96,25,199306
96,77,199306
96,124,199306
96,27,199306
96,112,199306
96,72,199306
96,30,199306
96,18,199306
96,133,199306
96,84,199306
96,34,199306
96,99,199306
96,40,199306
96,152,199306
96,126,199306
96,97,199306
96,106,199306
96,108,199306
96,146,199306
96,48,199306
96,19,199306
96,26,199306
96,60,199306
96,85,199306
96,38,199306
96,0,199306
96,12,199306
96,93,199306
96,102,199306
96,176,199306
96,115,199306
96,58,199306
96,9,199306
96,83,199306
96,15,199306
96,64,199306
96,52,199306
96,21,199306
96,5,199306
96,47,199306
96,29,199306
96,6,199306
96,54,199306
96,20,199306
96,248,199306
96,13,199306
96,165,199306
96,113,199306
96,107,199306
96,81,199306
96,135,199306
96,92,199306
96,2,199306
96,149,199306
96,154,199306
96,23,199306
96,10,199306
96,116,199306
96,28,199306
96,11,199306
96,136,199306
96,137,199306
96,274,199306
96,1,199306
96,17,199306
97,64,199306
97,0,199306
97,20,199306
97,14,199306
97,27,199306
97,117,199306
97,237,199306
97,111,199306
97,72,199306
97,101,199306
97,81,199306
97,208,199306
97,102,199306
97,146,199306
97,32,199306
97,85,199306
97,30,199306
97,2,199306
97,124,199306
97,107,199306
97,165,199306
97,34,199306
97,23,199306
97,22,199306
97,92,199306
97,16,199306
97,134,199306
97,126,199306
97,55,199306
97,61,199306
97,11,199306
97,131,199306
97,155,199306
97,265,199306
97,176,199306
97,25,199306
97,54,199306
97,183,199306
97,9,199306
97,180,199306
97,278,199306
97,26,199306
97,18,199306
97,51,199306
97,234,199306
97,77,199306
97,115,199306
97,355,199306
97,52,199306
97,96,199306
97,137,199306
97,5,199306
97,10,199306
97,121,199306
97,31,199306
97,21,199306
97,53,199306
97,76,199306
97,181,199306
97,38,199306
97,13,199306
97,75,199306
97,142,199306
97,6,199306
97,17,199306
97,112,199306
97,136,199306
97,1,199306
97,43,199306
97,7,199306
97,114,199306
97,173,199306
97,40,199306
97,135,199306
97,100,199306
97,113,199306
97,35,199306
97,36,199306
97,62,199306
97,182,199306
97,19,199306
97,108,199306
97,216,199306
97,48,199306
97,60,199306
97,160,199306
97,175,199306
97,195,199306
97,167,199306
97,79,199306
97,12,199306
97,141,199306
97,249,199306
97,83,199306
97,172,199306
97,59,199306
97,188,199306
97,73,199306
97,89,199306
97,28,199306
97,99,199306
97,29,199306
97,65,199306
97,106,199306
97,46,199306
97,250,199306
97,98,199306
97,41,199306
97,4,199306
97,24,199306
97,120,199306
97,156,199306
97,154,199306
97,82,199306
97,152,199306
97,157,199306
97,58,199306
97,158,199306
97,224,199306
97,94,199306
97,139,199306
97,143,199306
97,57,199306
97,129,199306
97,78,199306
97,39,199306
97,80,199306
97,45,199306
98,100,199306
98,47,199306
98,29,199306
98,31,199306
98,59,199306
98,27,199306
98,78,199306
98,32,199306
98,96,199306
98,16,199306
98,83,199306
98,124,199306
98,14,199306
98,0,199306
98,77,199306
98,64,199306
98,157,199306
98,152,199306
98,6,199306
98,137,199306
98,25,199306
98,160,199306
98,97,199306
99,97,199306
99,32,199306
99,77,199306
99,10,199306
99,142,199306
99,24,199306
99,23,199306
99,110,199306
99,113,199306
99,234,199306
99,143,199306
99,145,199306
99,27,199306
99,28,199306
99,4,199306
99,11,199306
99,0,199306
99,139,199306
99,216,199306
99,48,199306
99,1,199306
99,155,199306
99,55,199306
99,134,199306
99,144,199306
99,141,199306
99,22,199306
99,154,199306
99,124,199306
99,53,199306
99,136,199306
99,80,199306
99,107,199306
99,54,199306
99,52,199306
99,45,199306
99,108,199306
99,17,199306
99,188,199306
99,18,199306
99,129,199306
99,175,199306
99,29,199306
99,20,199306
99,51,199306
99,157,199306
99,165,199306
99,60,199306
99,58,199306
99,96,199306
99,39,199306
99,36,199306
99,2,199306
99,114,199306
99,85,199306
99,57,199306
99,131,199306
99,13,199306
99,135,199306
99,81,199306
99,35,199306
99,59,199306
99,83,199306
99,100,199306
99,76,199306
99,126,199306
99,117,199306
99,180,199306
99,102,199306
99,16,199306
99,31,199306
99,160,199306
99,137,199306
99,146,199306
99,40,199306
99,46,199306
99,25,199306
99,6,199306
99,26,199306
100,149,199306
100,35,199306
100,112,199306
100,161,199306
100,24,199306
100,342,199306
100,59,199306
100,85,199306
100,142,199306
100,6,199306
100,31,199306
100,171,199306
100,136,199306
100,81,199306
100,17,199306
100,154,199306
100,23,199306
100,137,199306
100,40,199306
100,78,199306
100,2,199306
100,29,199306
100,14,199306
100,126,199306
100,99,199306
100,16,199306
100,51,199306
100,32,199306
100,18,199306
100,102,199306
100,77,199306
100,26,199306
100,60,199306
100,97,199306
100,146,199306
100,19,199306
100,83,199306
100,25,199306
100,46,199306
101,97,199306
101,111,199306
101,182,199306
101,61,199306
101,10,199306
101,19,199306
101,38,199306
101,12,199306
101,58,199306
101,31,199306
101,275,199306
101,11,199306
101,332,199306
101,80,199306
101,39,199306
101,29,199306
101,124,199306
101,77,199306
101,126,199306
101,106,199306
101,132,199306
101,17,199306
101,98,199306
101,9,199306
101,125,199306
101,22,199306
101,14,199306
101,16,199306
101,25,199306
101,92,199306
101,32,199306
101,65,199306
101,154,199306
101,46,199306
101,146,199306
101,137,199306
101,160,199306
101,40,199306
102,13,199306
102,233,199306
102,134,199306
102,181,199306
102,81,199306
102,170,199306
102,36,199306
102,144,199306
102,115,199306
102,294,199306
102,4,199306
102,297,199306
102,135,199306
102,54,199306
102,18,199306
102,154,199306
102,0,199306
102,41,199306
102,21,199306
102,35,199306
102,97,199306
102,32,199306
102,100,199306
102,142,199306
102,136,199306
102,137,199306
102,45,199306
102,27,199306
102,38,199306
102,160,199306
102,31,199306
102,24,199306
102,57,199306
102,106,199306
102,143,199306
102,114,199306
102,17,199306
102,82,199306
102,77,199306
102,52,199306
102,28,199306
102,108,199306
102,6,199306
102,60,199306
102,178,199306
102,26,199306
102,46,199306
102,14,199306
102,83,199306
102,99,199306
102,19,199306
102,29,199306
102,40,199306
103,20,199306
104,1190,199306
104,83,199306
104,248,199306
104,124,199306
104,31,199306
104,154,199306
104,136,199306
104,137,199306
105,268,199306
105,60,199306
105,227,199306
105,228,199306
105,342,199306
105,76,199306
105,69,199306
105,32,199306
105,146,199306
105,137,199306
105,29,199306
105,11,199306
105,183,199306
106,36,199306
106,108,199306
106,139,199306
106,85,199306
106,27,199306
106,65,199306
106,29,199306
106,160,199306
106,38,199306
106,14,199306
106,59,199306
106,25,199306
106,137,199306
106,6,199306
106,46,199306
106,97,199306
107,96,199306
107,116,199306
107,85,199306
107,17,199306
107,149,199306
107,27,199306
107,135,199306
107,18,199306
107,9,199306
107,2,199306
107,154,199306
107,94,199306
107,35,199306
107,215,199306
107,19,199306
107,60,199306
107,97,199306
107,145,199306
107,6,199306
107,157,199306
107,181,199306
107,132,199306
107,80,199306
107,92,199306
107,64,199306
107,28,199306
107,46,199306
107,53,199306
107,22,199306
107,1,199306
107,77,199306
107,52,199306
107,21,199306
107,26,199306
107,29,199306
107,25,199306
107,23,199306
107,11,199306
107,165,199306
107,113,199306
107,150,199306
107,40,199306
107,20,199306
107,112,199306
107,51,199306
107,133,199306
107,69,199306
107,4,199306
107,137,199306
107,136,199306
107,10,199306
107,5,199306
108,64,199306
108,60,199306
108,35,199306
108,54,199306
108,12,199306
108,38,199306
108,11,199306
108,39,199306
108,126,199306
108,55,199306
108,26,199306
108,176,199306
108,106,199306
108,21,199306
108,107,199306
108,45,199306
108,6,199306
108,69,199306
108,10,199306
108,51,199306
108,154,199306
108,98,199306
108,29,199306
108,265,199306
108,14,199306
108,4,199306
108,142,199306
108,80,199306
108,155,199306
108,150,199306
108,182,199306
108,217,199306
108,18,199306
108,23,199306
108,77,199306
108,79,199306
108,32,199306
108,59,199306
108,96,199306
108,180,199306
108,17,199306
108,134,199306
108,117,199306
108,28,199306
108,139,199306
108,27,199306
108,85,199306
108,20,199306
108,99,199306
108,120,199306
108,237,199306
108,1,199306
108,13,199306
108,135,199306
108,178,199306
108,48,199306
108,24,199306
108,0,199306
108,102,199306
108,81,199306
108,52,199306
108,156,199306
108,129,199306
108,136,199306
108,41,199306
108,97,199306
108,160,199306
108,16,199306
108,31,199306
108,83,199306
108,146,199306
108,19,199306
108,40,199306
108,25,199306
108,137,199306
108,46,199306
109,17,199306
109,305,199306
109,633,199306
109,196,199306
109,128,199306
109,592,199306
109,306,199306
109,4,199306
109,427,199306
109,127,199306
109,110,199306
110,191,199306
110,230,199306
110,231,199306
110,64,199306
110,26,199306
110,0,199306
110,121,199306
110,99,199306
110,113,199306
110,200,199306
110,136,199306
110,54,199306
110,789,199306
110,108,199306
110,5,199306
110,17,199306
110,112,199306
110,60,199306
110,633,199306
110,20,199306
110,28,199306
110,146,199306
110,201,199306
110,352,199306
110,290,199306
110,51,199306
110,235,199306
110,424,199306
110,351,199306
110,305,199306
110,127,199306
110,97,199306
110,186,199306
110,160,199306
110,427,199306
110,18,199306
110,190,199306
110,25,199306
110,89,199306
110,525,199306
110,425,199306
110,232,199306
110,196,199306
110,137,199306
110,4,199306
110,185,199306
110,32,199306
110,109,199306
110,29,199306
110,11,199306
111,18,199306
111,108,199306
111,142,199306
111,19,199306
111,32,199306
111,31,199306
111,135,199306
111,154,199306
111,69,199306
111,15,199306
111,146,199306
111,147,199306
111,61,199306
111,29,199306
111,11,199306
112,99,199306
112,9,199306
112,2,199306
112,121,199306
112,1,199306
112,107,199306
112,32,199306
112,6,199306
112,100,199306
112,143,199306
112,29,199306
112,122,199306
112,35,199306
112,85,199306
112,20,199306
112,19,199306
112,81,199306
112,77,199306
112,123,199306
112,59,199306
112,108,199306
112,101,199306
112,12,199306
112,169,199306
112,58,199306
112,34,199306
112,27,199306
112,18,199306
112,137,199306
112,26,199306
112,164,199306
112,25,199306
112,21,199306
112,154,199306
112,46,199306
112,53,199306
112,83,199306
112,13,199306
112,89,199306
112,60,199306
112,72,199306
112,22,199306
112,165,199306
112,14,199306
112,110,199306
112,17,199306
112,23,199306
112,133,199306
112,11,199306
112,321,199306
112,51,199306
112,4,199306
112,10,199306
112,136,199306
112,28,199306
112,113,199306
113,132,199306
113,154,199306
113,36,199306
113,16,199306
113,9,199306
113,181,199306
113,64,199306
113,137,199306
113,12,199306
113,122,199306
113,13,199306
113,5,199306
113,53,199306
113,23,199306
113,123,199306
113,108,199306
113,6,199306
113,0,199306
113,14,199306
113,99,199306
113,51,199306
113,52,199306
113,77,199306
113,133,199306
113,17,199306
113,26,199306
113,4,199306
113,35,199306
113,2,199306
113,19,199306
113,59,199306
113,29,199306
113,10,199306
113,81,199306
113,107,199306
113,1,199306
113,60,199306
113,96,199306
113,97,199306
113,150,199306
113,21,199306
113,40,199306
113,32,199306
113,20,199306
113,25,199306
113,136,199306
113,11,199306
113,18,199306
113,112,199306
114,32,199306
114,139,199306
114,61,199306
114,111,199306
114,76,199306
114,155,199306
114,289,199306
114,45,199306
114,208,199306
114,134,199306
114,16,199306
114,35,199306
114,102,199306
114,59,199306
114,26,199306
114,99,199306
114,97,199306
114,6,199306
114,13,199306
114,29,199306
115,47,199306
115,93,199306
115,77,199306
115,124,199306
115,5,199306
115,9,199306
115,23,199306
115,2,199306
115,20,199306
115,152,199306
115,157,199306
115,72,199306
115,116,199306
115,31,199306
115,0,199306
115,28,199306
115,17,199306
115,25,199306
115,10,199306
115,1,199306
115,165,199306
115,92,199306
115,85,199306
115,96,199306
115,137,199306
115,274,199306
116,80,199306
116,31,199306
116,47,199306
116,165,199306
116,25,199306
116,77,199306
116,10,199306
116,17,199306
116,124,199306
116,149,199306
116,27,199306
116,9,199306
116,23,199306
116,2,199306
116,20,199306
116,154,199306
116,72,199306
116,152,199306
116,36,199306
116,120,199306
116,115,199306
116,6,199306
116,0,199306
116,5,199306
116,93,199306
116,28,199306
116,137,199306
116,85,199306
116,1,199306
116,92,199306
116,96,199306
116,274,199306
117,35,199306
117,54,199306
117,40,199306
117,124,199306
117,176,199306
117,106,199306
117,293,199306
117,146,199306
117,137,199306
117,160,199306
117,66,199306
117,34,199306
117,81,199306
117,154,199306
117,48,199306
117,57,199306
117,2,199306
117,0,199306
117,125,199306
117,11,199306
117,172,199306
117,105,199306
117,85,199306
117,170,199306
117,142,199306
117,82,199306
117,23,199306
117,51,199306
117,19,199306
117,131,199306
117,25,199306
117,1,199306
117,120,199306
117,77,199306
117,27,199306
117,141,199306
117,24,199306
117,126,199306
117,32,199306
117,31,199306
117,100,199306
117,208,199306
117,76,199306
117,38,199306
117,139,199306
117,112,199306
117,136,199306
117,119,199306
117,36,199306
117,59,199306
117,60,199306
117,108,199306
117,180,199306
117,52,199306
117,14,199306
117,13,199306
117,64,199306
117,6,199306
117,83,199306
117,46,199306
117,99,199306
117,97,199306
117,26,199306
117,29,199306
118,47,199306
118,14,199306
118,390,199306
118,25,199306
118,137,199306
119,136,199306
119,27,199306
119,154,199306
119,0,199306
119,16,199306
119,25,199306
119,57,199306
119,134,199306
119,29,199306
119,76,199306
119,32,199306
119,117,199306
119,23,199306
119,137,199306
119,180,199306
119,36,199306
119,60,199306
119,13,199306
119,40,199306
119,19,199306
119,48,199306
119,83,199306
120,2,199306
120,27,199306
120,0,199306
120,171,199306
120,31,199306
120,54,199306
120,170,199306
120,10,199306
120,135,199306
120,23,199306
120,38,199306
120,78,199306
120,29,199306
120,112,199306
120,156,199306
120,154,199306
120,77,199306
120,278,199306
120,102,199306
120,4,199306
120,155,199306
120,32,199306
120,124,199306
120,36,199306
120,131,199306
120,100,199306
120,181,199306
120,152,199306
120,142,199306
120,57,199306
120,16,199306
120,165,199306
120,134,199306
120,83,199306
120,48,199306
120,108,199306
120,13,199306
120,13,199306
120,6,199306
120,14,199306
120,31,199306
120,146,199306
120,26,199306
120,32,199306
120,137,199306
120,19,199306
120,40,199306
120,29,199306
120,46,199306
120,97,199306
121,113,199306
121,85,199306
121,189,199306
121,18,199306
121,27,199306
121,16,199306
121,137,199306
121,154,199306
121,110,199306
121,20,199306
121,51,199306
121,4,199306
121,5,199306
121,1,199306
122,100,199306
122,135,199306
122,170,199306
122,74,199306
122,51,199306
122,25,199306
122,108,199306
122,171,199306
122,96,199306
122,11,199306
122,22,199306
122,6,199306
122,97,199306
122,123,199306
122,248,199306
122,136,199306
122,18,199306
123,100,199306
123,146,199306
123,24,199306
123,51,199306
123,40,199306
123,11,199306
123,154,199306
123,25,199306
123,122,199306
123,22,199306
123,96,199306
123,64,199306
123,16,199306
123,136,199306
123,18,199306
124,96,199306
124,116,199306
124,85,199306
124,16,199306
124,81,199306
124,47,199306
124,32,199306
124,25,199306
124,77,199306
124,17,199306
124,115,199306
124,27,199306
124,176,199306
124,9,199306
124,2,199306
124,20,199306
124,72,199306
124,146,199306
124,93,199306
124,18,199306
124,149,199306
124,24,199306
124,66,199306
124,250,199306
124,38,199306
124,98,199306
124,142,199306
124,143,199306
124,29,199306
124,104,199306
124,92,199306
124,52,199306
124,165,199306
124,64,199306
124,97,199306
124,99,199306
124,13,199306
124,187,199306
124,160,199306
124,136,199306
124,26,199306
124,0,199306
124,1,199306
124,135,199306
124,137,199306
124,46,199306
124,31,199306
124,154,199306
124,274,199306
125,183,199306
125,58,199306
125,1,199306
125,40,199306
125,80,199306
125,53,199306
125,117,199306
125,146,199306
125,30,199306
125,19,199306
125,137,199306
125,31,199306
125,104,199306
125,76,199306
125,61,199306
125,6,199306
125,21,199306
125,112,199306
125,174,199306
125,154,199306
125,136,199306
125,29,199306
126,11,199306
126,124,199306
126,160,199306
126,114,199306
126,75,199306
126,72,199306
126,152,199306
126,66,199306
126,54,199306
126,181,199306
126,34,199306
126,294,199306
126,77,199306
126,237,199306
126,63,199306
126,154,199306
126,171,199306
126,9,199306
126,131,199306
126,1,199306
126,92,199306
126,76,199306
126,170,199306
126,117,199306
126,51,199306
126,2,199306
126,141,199306
126,85,199306
126,137,199306
126,27,199306
126,134,199306
126,94,199306
126,83,199306
126,97,199306
126,39,199306
126,155,199306
126,78,199306
126,25,199306
126,120,199306
126,48,199306
126,0,199306
126,180,199306
126,108,199306
126,35,199306
126,4,199306
126,59,199306
126,52,199306
126,60,199306
126,13,199306
126,26,199306
126,6,199306
126,14,199306
126,146,199306
126,46,199306
126,99,199306
126,19,199306
126,32,199306
126,29,199306
126,40,199306
127,427,199306
127,110,199306
127,109,199306
127,4,199306
128,127,199306
128,306,199306
128,427,199306
128,109,199306
128,4,199306
129,35,199306
129,143,199306
129,32,199306
129,5,199306
129,6,199306
129,1,199306
129,60,199306
129,48,199306
129,54,199306
129,29,199306
129,25,199306
129,146,199306
129,26,199306
129,14,199306
129,13,199306
129,137,199306
129,59,199306
129,17,199306
129,40,199306
129,217,199306
129,154,199306
129,64,199306
129,173,199306
129,19,199306
129,284,199306
129,108,199306
129,46,199306
129,31,199306
129,52,199306
129,172,199306
129,83,199306
129,97,199306
131,31,199306
131,101,199306
131,61,199306
131,159,199306
131,79,199306
131,124,199306
131,146,199306
131,84,199306
131,160,199306
131,24,199306
131,100,199306
131,143,199306
131,277,199306
131,234,199306
131,9,199306
131,48,199306
131,139,199306
131,208,199306
131,74,199306
131,107,199306
131,164,199306
131,26,199306
131,248,199306
131,99,199306
131,136,199306
131,154,199306
131,54,199306
131,29,199306
131,32,199306
131,18,199306
132,17,199306
132,26,199306
132,159,199306
132,180,199306
132,32,199306
132,0,199306
132,15,199306
132,146,199306
132,16,199306
132,102,199306
132,126,199306
132,160,199306
132,54,199306
132,143,199306
132,107,199306
132,77,199306
132,23,199306
132,38,199306
132,183,199306
132,96,199306
132,46,199306
132,97,199306
132,208,199306
132,6,199306
132,53,199306
132,12,199306
132,111,199306
132,81,199306
132,52,199306
132,137,199306
132,99,199306
132,1,199306
132,5,199306
132,248,199306
132,10,199306
132,31,199306
132,18,199306
132,29,199306
132,154,199306
132,136,199306
133,85,199306
133,274,199306
133,92,199306
133,149,199306
133,135,199306
133,9,199306
133,72,199306
133,15,199306
133,35,199306
133,54,199306
133,113,199306
133,6,199306
133,132,199306
133,97,199306
133,13,199306
133,18,199306
133,27,199306
133,165,199306
133,51,199306
133,137,199306
133,33,199306
133,4,199306
133,143,199306
133,32,199306
133,187,199306
133,29,199306
133,96,199306
133,2,199306
133,154,199306
133,107,199306
133,112,199306
133,136,199306
133,1,199306
133,20,199306
133,21,199306
133,10,199306
133,5,199306
134,181,199306
134,94,199306
134,142,199306
134,5,199306
134,294,199306
134,29,199306
134,108,199306
134,36,199306
134,77,199306
134,24,199306
134,180,199306
134,27,199306
134,117,199306
134,54,199306
134,59,199306
134,208,199306
134,60,199306
134,137,199306
134,136,199306
134,126,199306
134,114,199306
134,26,199306
134,19,199306
134,28,199306
134,16,199306
134,154,199306
134,83,199306
134,17,199306
134,38,199306
134,64,199306
134,97,199306
134,40,199306
134,13,199306
134,146,199306
134,6,199306
135,116,199306
135,133,199306
135,53,199306
135,47,199306
135,274,199306
135,115,199306
135,149,199306
135,27,199306
135,12,199306
135,29,199306
135,28,199306
135,112,199306
135,154,199306
135,233,199306
135,94,199306
135,132,199306
135,21,199306
135,61,199306
135,123,199306
135,24,199306
135,35,199306
135,57,199306
135,16,199306
135,137,199306
135,144,199306
135,11,199306
135,14,199306
135,20,199306
135,332,199306
135,22,199306
135,48,199306
135,267,199306
135,113,199306
135,64,199306
135,165,199306
135,2,199306
135,107,199306
135,99,199306
135,108,199306
135,85,199306
135,5,199306
135,93,199306
135,6,199306
135,36,199306
135,23,199306
135,60,199306
135,13,199306
135,96,199306
135,136,199306
135,17,199306
135,10,199306
135,0,199306
135,9,199306
135,4,199306
135,97,199306
135,124,199306
135,72,199306
135,139,199306
135,375,199306
135,80,199306
135,40,199306
135,1,199306
135,18,199306
135,77,199306
135,32,199306
135,81,199306
135,92,199306
135,31,199306
135,143,199306
135,187,199306
136,180,199306
136,80,199306
136,286,199306
136,181,199306
136,3,199306
136,5,199306
136,29,199306
136,102,199306
136,154,199306
136,108,199306
136,46,199306
136,64,199306
136,139,199306
136,16,199306
136,113,199306
136,161,199306
136,14,199306
136,94,199306
136,31,199306
136,119,199306
136,97,199306
136,134,199306
136,40,199306
136,6,199306
136,100,199306
136,135,199306
136,32,199306
136,28,199306
136,48,199306
136,52,199306
136,19,199306
136,77,199306
136,84,199306
136,142,199306
136,36,199306
136,133,199306
136,83,199306
136,99,199306
136,26,199306
136,60,199306
136,8,199306
136,78,199306
136,53,199306
136,85,199306
136,13,199306
136,35,199306
136,223,199306
136,51,199306
136,23,199306
136,149,199306
136,17,199306
136,22,199306
136,7,199306
136,184,199306
136,143,199306
136,330,199306
136,248,199306
136,89,199306
136,169,199306
136,4,199306
136,110,199306
136,0,199306
136,11,199306
136,70,199306
136,124,199306
136,213,199306
136,54,199306
136,174,199306
136,123,199306
136,10,199306
136,160,199306
136,159,199306
136,59,199306
136,69,199306
136,81,199306
136,165,199306
136,265,199306
136,92,199306
136,2,199306
136,164,199306
136,34,199306
136,122,199306
136,72,199306
136,163,199306
136,86,199306
136,189,199306
136,104,199306
136,30,199306
136,25,199306
136,9,199306
136,15,199306
136,61,199306
136,33,199306
136,150,199306
136,137,199306
136,125,199306
136,146,199306
136,107,199306
136,96,199306
136,1,199306
136,18,199306
136,112,199306
136,183,199306
136,21,199306
136,12,199306
136,132,199306
136,303,199306
136,27,199306
136,20,199306
137,97,199306
137,99,199306
137,93,199306
137,77,199306
137,261,199306
137,11,199306
137,40,199306
137,52,199306
137,34,199306
137,238,199306
137,76,199306
137,22,199306
137,158,199306
137,176,199306
137,66,199306
137,79,199306
137,31,199306
137,174,199306
137,171,199306
137,32,199306
137,165,199306
137,6,199306
137,16,199306
137,78,199306
137,132,199306
137,83,199306
137,18,199306
137,29,199306
137,70,199306
137,1,199306
137,59,199306
137,131,199306
137,117,199306
137,177,199306
137,53,199306
137,125,199306
137,88,199306
137,155,199306
137,47,199306
137,45,199306
137,183,199306
137,112,199306
137,233,199306
137,26,199306
137,249,199306
137,86,199306
137,134,199306
137,135,199306
137,234,199306
137,101,199306
137,164,199306
137,64,199306
137,100,199306
137,61,199306
137,23,199306
137,122,199306
137,38,199306
137,265,199306
137,36,199306
137,126,199306
137,15,199306
137,92,199306
137,33,199306
137,181,199306
137,21,199306
137,51,199306
137,121,199306
137,113,199306
137,133,199306
137,54,199306
137,242,199306
137,180,199306
137,182,199306
137,194,199306
137,4,199306
137,19,199306
137,55,199306
137,43,199306
137,248,199306
137,2,199306
137,35,199306
137,39,199306
137,114,199306
137,105,199306
137,106,199306
137,57,199306
137,116,199306
137,17,199306
137,250,199306
137,339,199306
137,343,199306
137,216,199306
137,213,199306
137,65,199306
137,94,199306
137,98,199306
137,20,199306
137,110,199306
137,1190,199306
137,671,199306
137,342,199306
137,7,199306
137,337,199306
137,326,199306
137,244,199306
137,169,199306
137,149,199306
137,220,199306
137,152,199306
137,336,199306
137,483,199306
137,333,199306
137,58,199306
137,189,199306
137,335,199306
137,124,199306
137,10,199306
137,309,199306
137,188,199306
137,157,199306
137,139,199306
137,344,199306
137,14,199306
137,143,199306
137,160,199306
137,154,199306
137,146,199306
137,390,199306
137,211,199306
137,310,199306
137,118,199306
137,156,199306
137,48,199306
137,150,199306
137,161,199306
137,5,199306
137,120,199306
137,80,199306
137,24,199306
137,136,199306
137,107,199306
137,115,199306
137,46,199306
137,104,199306
137,89,199306
137,81,199306
137,72,199306
137,12,199306
137,129,199306
137,108,199306
137,27,199306
137,13,199306
137,9,199306
137,28,199306
137,96,199306
137,0,199306
137,25,199306
137,60,199306
137,85,199306
138,29,199306
138,248,199306
139,17,199306
139,35,199306
139,106,199306
139,28,199306
139,96,199306
139,94,199306
139,16,199306
139,146,199306
139,64,199306
139,5,199306
139,97,199306
139,10,199306
139,133,199306
139,11,199306
139,13,199306
139,142,199306
139,113,199306
139,26,199306
139,237,199306
139,114,199306
139,38,199306
139,175,199306
139,2,199306
139,181,199306
139,0,199306
139,154,199306
139,99,199306
139,126,199306
139,19,199306
139,120,199306
139,6,199306
139,81,199306
139,77,199306
139,108,199306
139,180,199306
139,54,199306
139,59,199306
139,29,199306
139,25,199306
139,60,199306
139,135,199306
139,137,199306
139,40,199306
139,32,199306
139,83,199306
139,46,199306
140,117,199306
140,101,199306
140,126,199306
140,158,199306
140,156,199306
140,137,199306
140,16,199306
140,81,199306
140,26,199306
140,14,199306
140,46,199306
141,78,199306
141,342,199306
141,106,199306
141,126,199306
141,157,199306
141,120,199306
141,124,199306
141,137,199306
141,54,199306
141,99,199306
141,29,199306
141,97,199306
141,46,199306
142,13,199306
142,15,199306
142,99,199306
142,81,199306
142,40,199306
142,57,199306
142,124,199306
142,143,199306
142,78,199306
142,160,199306
142,0,199306
142,170,199306
142,242,199306
142,83,199306
142,175,199306
142,96,199306
142,146,199306
142,45,199306
142,131,199306
142,31,199306
142,26,199306
142,69,199306
142,101,199306
142,94,199306
142,29,199306
142,183,199306
142,21,199306
142,48,199306
142,136,199306
142,76,199306
142,77,199306
142,36,199306
142,117,199306
142,154,199306
142,27,199306
142,139,199306
142,100,199306
142,54,199306
142,320,199306
142,24,199306
142,126,199306
142,4,199306
142,108,199306
142,97,199306
142,11,199306
142,60,199306
142,38,199306
142,35,199306
142,10,199306
142,59,199306
142,64,199306
142,52,199306
142,18,199306
142,180,199306
142,14,199306
142,46,199306
142,6,199306
142,32,199306
142,19,199306
143,96,199306
143,85,199306
143,55,199306
143,92,199306
143,17,199306
143,124,199306
143,0,199306
143,9,199306
143,107,199306
143,20,199306
143,21,199306
143,72,199306
143,18,199306
143,99,199306
143,58,199306
143,131,199306
143,146,199306
143,114,199306
143,80,199306
143,5,199306
143,35,199306
143,12,199306
143,29,199306
143,180,199306
143,36,199306
143,120,199306
143,158,199306
143,24,199306
143,112,199306
143,34,199306
143,4,199306
143,41,199306
143,106,199306
143,108,199306
143,278,199306
143,123,199306
143,38,199306
143,64,199306
143,19,199306
143,65,199306
143,27,199306
143,115,199306
143,52,199306
143,133,199306
143,2,199306
143,6,199306
143,16,199306
143,31,199306
143,13,199306
143,1,199306
143,160,199306
143,26,199306
143,154,199306
143,137,199306
143,32,199306
143,46,199306
143,40,199306
143,135,199306
143,97,199306
144,61,199306
144,102,199306
144,40,199306
144,180,199306
144,137,199306
144,11,199306
144,154,199306
144,29,199306
144,31,199306
144,145,199306
144,208,199306
144,18,199306
145,15,199306
145,233,199306
145,131,199306
145,19,199306
145,92,199306
145,29,199306
145,18,199306
146,98,199306
146,142,199306
146,81,199306
146,77,199306
146,111,199306
146,114,199306
146,55,199306
146,134,199306
146,66,199306
146,131,199306
146,860,199306
146,18,199306
146,27,199306
146,0,199306
146,143,199306
146,61,199306
146,124,199306
146,106,199306
146,35,199306
146,93,199306
146,86,199306
146,74,199306
146,9,199306
146,58,199306
146,73,199306
146,181,199306
146,54,199306
146,1,199306
146,156,199306
146,144,199306
146,94,199306
146,21,199306
146,15,199306
146,38,199306
146,24,199306
146,133,199306
146,152,199306
146,51,199306
146,23,199306
146,338,199306
146,6,199306
146,12,199306
146,14,199306
146,30,199306
146,129,199306
146,113,199306
146,110,199306
146,22,199306
146,31,199306
146,62,199306
146,154,199306
146,96,199306
146,76,199306
146,180,199306
146,157,199306
146,126,199306
146,100,199306
146,80,199306
146,101,199306
146,117,199306
146,19,199306
146,83,199306
146,36,199306
146,92,199306
146,46,199306
146,160,199306
146,139,199306
146,32,199306
146,59,199306
146,137,199306
146,48,199306
146,120,199306
146,10,199306
146,40,199306
146,28,199306
146,136,199306
146,65,199306
146,29,199306
146,52,199306
146,108,199306
146,4,199306
146,16,199306
146,20,199306
146,60,199306
146,17,199306
146,13,199306
146,99,199306
146,26,199306
146,11,199306
146,97,199306
147,111,199306
147,112,199306
147,11,199306
149,116,199306
149,31,199306
149,133,199306
149,81,199306
149,187,199306
149,2,199306
149,20,199306
149,112,199306
149,154,199306
149,124,199306
149,135,199306
149,0,199306
149,107,199306
149,36,199306
149,156,199306
149,27,199306
149,80,199306
149,48,199306
149,9,199306
149,72,199306
149,97,199306
149,21,199306
149,25,199306
149,16,199306
149,32,199306
149,136,199306
149,93,199306
149,5,199306
149,28,199306
149,47,199306
149,23,199306
149,10,199306
149,17,199306
149,1,199306
149,137,199306
149,96,199306
149,85,199306
149,165,199306
149,92,199306
149,274,199306
150,0,199306
150,124,199306
150,25,199306
150,9,199306
150,104,199306
150,98,199306
150,97,199306
150,16,199306
150,54,199306
150,29,199306
150,96,199306
150,248,199306
150,28,199306
150,21,199306
150,107,199306
150,113,199306
150,17,199306
150,5,199306
150,11,199306
150,137,199306
150,20,199306
150,136,199306
151,75,199306
151,29,199306
152,9,199306
152,156,199306
152,195,199306
152,342,199306
152,27,199306
152,146,199306
152,32,199306
152,143,199306
152,149,199306
152,24,199306
152,140,199306
152,115,199306
152,78,199306
152,64,199306
152,76,199306
152,54,199306
152,216,199306
152,14,199306
152,38,199306
152,98,199306
152,19,199306
152,29,199306
152,157,199306
152,25,199306
152,137,199306
152,46,199306
152,31,199306
152,97,199306
154,116,199306
154,80,199306
154,31,199306
154,98,199306
154,14,199306
154,16,199306
154,47,199306
154,274,199306
154,136,199306
154,165,199306
154,115,199306
154,149,199306
154,0,199306
154,20,199306
154,97,199306
154,224,199306
154,155,199306
154,6,199306
154,131,199306
154,83,199306
154,181,199306
154,52,199306
154,145,199306
154,46,199306
154,11,199306
154,64,199306
154,26,199306
154,1,199306
154,92,199306
154,19,199306
154,40,199306
154,35,199306
154,144,199306
154,292,199306
154,18,199306
154,117,199306
154,60,199306
154,265,199306
154,58,199306
154,278,199306
154,102,199306
154,2,199306
154,5,199306
154,10,199306
154,21,199306
154,233,199306
154,82,199306
154,99,199306
154,38,199306
154,4,199306
154,9,199306
154,113,199306
154,134,199306
154,195,199306
154,13,199306
154,65,199306
154,161,199306
154,39,199306
154,22,199306
154,121,199306
154,120,199306
154,180,199306
154,51,199306
154,55,199306
154,107,199306
154,48,199306
154,248,199306
154,126,199306
154,23,199306
154,394,199306
154,93,199306
154,1482,199306
154,133,199306
154,309,199306
154,101,199306
154,36,199306
154,59,199306
154,522,199306
154,28,199306
154,251,199306
154,32,199306
154,85,199306
154,275,199306
154,379,199306
154,66,199306
154,129,199306
154,15,199306
154,269,199306
154,271,199306
154,174,199306
154,146,199306
154,296,199306
154,388,199306
154,198,199306
154,125,199306
154,94,199306
154,310,199306
154,96,199306
154,193,199306
154,17,199306
154,314,199306
154,163,199306
154,143,199306
154,27,199306
154,160,199306
154,100,199306
154,267,199306
154,104,199306
154,135,199306
154,137,199306
154,53,199306
154,81,199306
154,139,199306
154,159,199306
154,72,199306
154,112,199306
154,89,199306
154,54,199306
154,124,199306
154,34,199306
154,24,199306
154,132,199306
154,77,199306
154,25,199306
154,108,199306
154,12,199306
154,187,199306
154,29,199306
155,283,199306
155,23,199306
155,154,199306
155,61,199306
155,113,199306
155,97,199306
155,85,199306
155,76,199306
155,111,199306
155,180,199306
155,114,199306
155,294,199306
155,27,199306
155,45,199306
155,1,199306
155,92,199306
155,0,199306
155,38,199306
155,29,199306
155,120,199306
155,136,199306
155,137,199306
155,126,199306
155,139,199306
155,6,199306
155,26,199306
155,13,199306
155,40,199306
155,99,199306
155,19,199306
156,118,199306
156,9,199306
156,18,199306
156,165,199306
156,149,199306
156,143,199306
156,176,199306
156,63,199306
156,140,199306
156,45,199306
156,83,199306
156,47,199306
156,79,199306
156,137,199306
156,152,199306
156,6,199306
156,22,199306
156,81,199306
156,19,199306
156,35,199306
156,108,199306
156,46,199306
156,25,199306
156,97,199306
157,25,199306
157,17,199306
157,188,199306
157,115,199306
157,149,199306
157,96,199306
157,16,199306
157,101,199306
157,152,199306
157,113,199306
157,32,199306
157,26,199306
157,80,199306
157,31,199306
157,146,199306
157,137,199306
157,97,199306
158,146,199306
158,83,199306
158,143,199306
158,224,199306
158,160,199306
158,18,199306
158,40,199306
158,46,199306
158,97,199306
159,142,199306
159,77,199306
159,242,199306
159,9,199306
159,160,199306
159,5,199306
159,29,199306
159,163,199306
159,248,199306
159,31,199306
159,136,199306
159,154,199306
160,176,199306
160,135,199306
160,159,199306
160,80,199306
160,18,199306
160,117,199306
160,93,199306
160,116,199306
160,24,199306
160,45,199306
160,249,199306
160,142,199306
160,131,199306
160,83,199306
160,19,199306
160,165,199306
160,198,199306
160,156,199306
160,63,199306
160,16,199306
160,40,199306
160,82,199306
160,76,199306
160,113,199306
160,66,199306
160,58,199306
160,14,199306
160,180,199306
160,25,199306
160,136,199306
160,124,199306
160,51,199306
160,100,199306
160,248,199306
160,122,199306
160,26,199306
160,60,199306
160,52,199306
160,110,199306
160,143,199306
160,1,199306
160,12,199306
160,10,199306
160,77,199306
160,154,199306
160,146,199306
160,31,199306
160,98,199306
160,35,199306
160,29,199306
160,27,199306
160,34,199306
160,97,199306
160,137,199306
160,101,199306
160,85,199306
160,6,199306
160,108,199306
160,9,199306
160,20,199306
160,92,199306
160,54,199306
160,0,199306
160,13,199306
160,46,199306
160,355,199306
160,2,199306
160,4,199306
160,17,199306
160,99,199306
160,32,199306
161,81,199306
161,64,199306
161,99,199306
161,132,199306
161,35,199306
161,60,199306
161,12,199306
161,156,199306
161,96,199306
161,83,199306
161,32,199306
161,137,199306
161,154,199306
161,16,199306
161,25,199306
163,29,199306
163,251,199306
163,159,199306
163,12,199306
163,64,199306
163,72,199306
163,46,199306
163,5,199306
163,154,199306
163,136,199306
164,238,199306
164,64,199306
164,29,199306
164,13,199306
164,183,199306
164,19,199306
164,147,199306
164,16,199306
164,6,199306
164,86,199306
164,223,199306
164,0,199306
164,32,199306
164,88,199306
164,77,199306
164,84,199306
164,154,199306
164,51,199306
164,30,199306
164,4,199306
164,69,199306
164,18,199306
164,136,199306
164,11,199306
165,116,199306
165,80,199306
165,31,199306
165,81,199306
165,137,199306
165,32,199306
165,286,199306
165,93,199306
165,77,199306
165,124,199306
165,135,199306
165,23,199306
165,112,199306
165,21,199306
165,98,199306
165,72,199306
165,27,199306
165,99,199306
165,25,199306
165,9,199306
165,139,199306
165,16,199306
165,108,199306
165,40,199306
165,47,199306
165,60,199306
165,14,199306
165,6,199306
165,0,199306
165,187,199306
165,107,199306
165,22,199306
165,96,199306
165,154,199306
165,11,199306
165,133,199306
165,5,199306
165,20,199306
165,97,199306
165,136,199306
165,115,199306
165,149,199306
165,28,199306
165,2,199306
165,29,199306
165,10,199306
165,85,199306
165,1,199306
165,92,199306
165,17,199306
165,274,199306
167,224,199306
167,40,199306
167,97,199306
169,48,199306
169,105,199306
169,99,199306
169,25,199306
169,28,199306
169,136,199306
169,137,199306
169,11,199306
170,171,199306
170,122,199306
170,74,199306
170,81,199306
170,860,199306
170,178,199306
170,135,199306
170,38,199306
170,197,199306
170,60,199306
170,26,199306
170,18,199306
170,40,199306
170,29,199306
170,32,199306
171,142,199306
171,59,199306
171,83,199306
171,178,199306
171,208,199306
171,122,199306
171,126,199306
171,52,199306
171,154,199306
171,108,199306
171,170,199306
171,102,199306
171,97,199306
171,19,199306
171,18,199306
171,40,199306
171,29,199306
171,32,199306
172,29,199306
172,117,199306
172,19,199306
172,14,199306
172,129,199306
172,60,199306
172,173,199306
172,13,199306
172,64,199306
172,6,199306
172,59,199306
172,83,199306
172,35,199306
172,97,199306
173,117,199306
173,19,199306
173,29,199306
173,14,199306
173,60,199306
173,172,199306
173,6,199306
173,97,199306
173,129,199306
173,35,199306
174,53,199306
174,137,199306
174,21,199306
174,112,199306
174,125,199306
174,154,199306
174,136,199306
175,860,199306
175,62,199306
175,26,199306
175,119,199306
175,155,199306
175,108,199306
175,13,199306
175,97,199306
175,40,199306
175,29,199306
176,79,199306
176,12,199306
176,143,199306
176,132,199306
176,125,199306
176,19,199306
176,139,199306
176,170,199306
176,158,199306
176,62,199306
176,2,199306
176,31,199306
176,78,199306
176,58,199306
176,25,199306
176,27,199306
176,5,199306
176,41,199306
176,0,199306
176,183,199306
176,160,199306
176,137,199306
176,28,199306
176,77,199306
176,112,199306
176,81,199306
176,136,199306
176,35,199306
176,46,199306
176,97,199306
176,32,199306
176,29,199306
176,40,199306
177,870,199306
177,51,199306
177,300,199306
177,49,199306
177,0,199306
177,1,199306
177,29,199306
177,183,199306
177,69,199306
177,248,199306
177,976,199306
177,4,199306
177,11,199306
178,197,199306
178,24,199306
178,108,199306
178,48,199306
178,60,199306
178,102,199306
178,13,199306
178,40,199306
178,32,199306
180,293,199306
180,48,199306
180,135,199306
180,29,199306
180,36,199306
180,35,199306
180,22,199306
180,52,199306
180,132,199306
180,181,199306
180,12,199306
180,19,199306
180,154,199306
180,155,199306
180,15,199306
180,27,199306
180,96,199306
180,77,199306
180,137,199306
180,131,199306
180,21,199306
180,208,199306
180,1,199306
180,108,199306
180,10,199306
180,60,199306
180,136,199306
180,57,199306
180,69,199306
180,100,199306
180,18,199306
180,54,199306
180,120,199306
180,11,199306
180,126,199306
180,31,199306
180,46,199306
180,134,199306
180,16,199306
180,6,199306
180,119,199306
180,59,199306
180,117,199306
180,14,199306
180,26,199306
180,142,199306
180,13,199306
180,146,199306
180,83,199306
180,97,199306
180,99,199306
180,32,199306
180,40,199306
181,29,199306
181,126,199306
181,122,199306
181,0,199306
181,332,199306
181,120,199306
181,136,199306
181,5,199306
181,64,199306
181,160,199306
181,15,199306
181,6,199306
181,16,199306
181,40,199306
181,143,199306
181,108,199306
181,206,199306
181,170,199306
181,131,199306
181,142,199306
181,117,199306
181,176,199306
181,38,199306
181,52,199306
181,137,199306
181,57,199306
181,139,199306
181,76,199306
181,9,199306
181,13,199306
181,83,199306
181,31,199306
181,19,199306
181,26,199306
181,69,199306
181,99,199306
181,1,199306
181,23,199306
181,36,199306
181,60,199306
181,97,199306
181,77,199306
181,54,199306
181,146,199306
181,18,199306
181,32,199306
182,65,199306
182,101,199306
182,25,199306
182,20,199306
182,0,199306
182,19,199306
182,97,199306
182,40,199306
183,159,199306
183,9,199306
183,69,199306
183,83,199306
183,174,199306
183,85,199306
183,34,199306
183,223,199306
183,40,199306
183,164,199306
183,265,199306
183,38,199306
183,28,199306
183,125,199306
183,61,199306
183,177,199306
183,176,199306
183,248,199306
183,96,199306
183,0,199306
183,133,199306
183,17,199306
183,11,199306
183,317,199306
183,301,199306
183,870,199306
183,227,199306
183,228,199306
183,268,199306
183,105,199306
183,51,199306
183,29,199306
183,4,199306
183,20,199306
183,136,199306
184,189,199306
184,222,199306
184,1,199306
184,17,199306
184,51,199306
184,4,199306
184,20,199306
185,186,199306
185,110,199306
186,185,199306
186,110,199306
187,133,199306
187,274,199306
187,165,199306
187,93,199306
187,124,199306
187,5,199306
187,9,199306
187,28,199306
187,2,199306
187,85,199306
187,0,199306
187,96,199306
187,17,199306
187,20,199306
187,77,199306
187,10,199306
187,72,199306
187,27,199306
187,80,199306
187,31,199306
187,92,199306
187,1,199306
187,154,199306
187,135,199306
188,157,199306
188,211,199306
188,150,199306
188,216,199306
188,57,199306
188,76,199306
188,13,199306
188,152,199306
188,156,199306
188,80,199306
188,137,199306
188,97,199306
189,15,199306
189,97,199306
189,132,199306
189,137,199306
189,32,199306
189,69,199306
189,121,199306
189,11,199306
189,183,199306
189,16,199306
189,133,199306
189,51,199306
189,18,199306
189,17,199306
189,20,199306
189,136,199306
190,200,199306
190,201,199306
190,110,199306
191,789,199306
191,110,199306
193,267,199306
193,154,199306
193,29,199306
194,35,199306
194,217,199306
194,92,199306
194,6,199306
194,59,199306
195,170,199306
195,197,199306
195,66,199306
195,135,199306
195,250,199306
195,63,199306
195,9,199306
195,152,199306
195,154,199306
195,18,199306
195,97,199306
195,35,199306
195,48,199306
195,40,199306
195,83,199306
195,29,199306
196,281,199306
196,29,199306
196,4,199306
196,112,199306
196,28,199306
196,17,199306
196,51,199306
196,20,199306
196,109,199306
196,424,199306
196,425,199306
196,110,199306
197,170,199306
197,117,199306
197,420,199306
197,180,199306
197,6,199306
197,40,199306
197,29,199306
198,296,199306
198,65,199306
198,13,199306
198,176,199306
198,195,199306
198,275,199306
198,38,199306
198,83,199306
198,860,199306
198,19,199306
198,31,199306
198,77,199306
198,154,199306
198,40,199306
198,29,199306
200,110,199306
200,201,199306
201,190,199306
201,110,199306
202,87,199306
202,203,199306
203,202,199306
203,87,199306
206,171,199306
206,66,199306
206,27,199306
206,101,199306
206,135,199306
206,338,199306
206,40,199306
208,180,199306
208,52,199306
208,277,199306
208,242,199306
208,26,199306
208,4,199306
208,154,199306
208,15,199306
208,61,199306
208,146,199306
208,125,199306
208,27,199306
208,74,199306
208,134,199306
208,143,199306
208,160,199306
208,108,199306
208,297,199306
208,55,199306
208,2,199306
208,92,199306
208,29,199306
208,77,199306
208,131,199306
208,144,199306
208,96,199306
208,21,199306
208,117,199306
208,19,199306
208,18,199306
208,13,199306
208,40,199306
208,32,199306
211,97,199306
211,25,199306
211,20,199306
211,137,199306
212,89,199306
213,96,199306
213,110,199306
213,18,199306
213,54,199306
213,154,199306
213,22,199306
213,4,199306
213,20,199306
213,17,199306
213,137,199306
213,29,199306
213,136,199306
214,4,199306
214,20,199306
214,51,199306
215,107,199306
215,295,199306
215,866,199306
215,51,199306
216,57,199306
216,157,199306
216,188,199306
216,156,199306
216,137,199306
216,97,199306
217,194,199306
217,129,199306
217,6,199306
217,59,199306
217,35,199306
220,344,199306
220,137,199306
222,248,199306
222,51,199306
222,4,199306
223,238,199306
223,86,199306
223,164,199306
223,84,199306
223,20,199306
223,51,199306
223,30,199306
223,4,199306
223,69,199306
223,11,199306
224,154,199306
224,76,199306
224,32,199306
224,24,199306
224,158,199306
224,46,199306
224,157,199306
224,102,199306
224,92,199306
224,137,199306
224,97,199306
227,69,199306
227,268,199306
227,183,199306
228,227,199306
228,105,199306
228,268,199306
228,69,199306
228,183,199306
230,110,199306
231,110,199306
232,230,199306
232,231,199306
232,110,199306
233,123,199306
233,64,199306
233,146,199306
233,97,199306
233,19,199306
233,0,199306
233,81,199306
233,160,199306
233,29,199306
233,137,199306
233,18,199306
234,135,199306
234,54,199306
234,146,199306
234,142,199306
234,137,199306
234,92,199306
234,99,199306
234,18,199306
235,110,199306
237,167,199306
237,40,199306
237,81,199306
237,2,199306
237,38,199306
237,176,199306
237,25,199306
237,16,199306
237,52,199306
237,137,199306
237,64,199306
237,106,199306
237,13,199306
237,19,199306
237,26,199306
237,97,199306
237,46,199306
238,88,199306
238,86,199306
238,4,199306
238,223,199306
238,51,199306
238,136,199306
238,248,199306
238,69,199306
238,30,199306
238,11,199306
242,16,199306
242,100,199306
242,176,199306
242,120,199306
242,48,199306
242,18,199306
242,19,199306
242,137,199306
242,64,199306
242,11,199306
242,6,199306
242,208,199306
242,77,199306
242,1,199306
242,92,199306
242,29,199306
242,32,199306
243,8,199306
243,7,199306
243,90,199306
243,89,199306
244,137,199306
248,116,199306
248,183,199306
248,296,199306
248,28,199306
248,70,199306
248,177,199306
248,384,199306
248,132,199306
248,18,199306
248,317,199306
248,27,199306
248,138,199306
248,2,199306
248,843,199306
248,50,199306
248,295,199306
248,85,199306
248,122,199306
248,15,199306
248,333,199306
248,238,199306
248,34,199306
248,29,199306
248,159,199306
248,22,199306
248,154,199306
248,222,199306
248,150,199306
248,534,199306
248,74,199306
248,104,199306
248,267,199306
248,25,199306
248,54,199306
248,131,199306
248,96,199306
248,9,199306
248,4,199306
248,51,199306
248,136,199306
249,224,199306
249,188,199306
249,137,199306
249,97,199306
250,98,199306
250,82,199306
250,216,199306
250,2,199306
250,143,199306
250,99,199306
250,137,199306
250,97,199306
251,159,199306
251,163,199306
251,29,199306
251,154,199306
261,184,199306
261,189,199306
261,4,199306
261,23,199306
261,17,199306
261,183,199306
261,20,199306
262,29,199306
265,29,199306
265,28,199306
265,25,199306
265,61,199306
265,195,199306
265,12,199306
265,146,199306
265,189,199306
265,137,199306
265,6,199306
265,1,199306
265,27,199306
265,136,199306
265,18,199306
267,181,199306
267,135,199306
267,248,199306
267,2268,199306
267,29,199306
267,154,199306
268,51,199306
268,4,199306
268,11,199306
268,183,199306
269,154,199306
269,29,199306
270,137,199306
270,154,199306
270,54,199306
270,276,199306
270,99,199306
270,32,199306
270,29,199306
271,292,199306
271,15,199306
271,29,199306
271,154,199306
272,89,199306
274,80,199306
274,31,199306
274,137,199306
274,77,199306
274,10,199306
274,17,199306
274,27,199306
274,135,199306
274,5,199306
274,23,199306
274,1,199306
274,107,199306
274,28,199306
274,20,199306
274,154,199306
274,93,199306
274,47,199306
274,25,199306
274,0,199306
274,165,199306
274,9,199306
274,116,199306
274,149,199306
274,124,199306
274,72,199306
274,96,199306
274,115,199306
274,85,199306
274,2,199306
274,92,199306
275,394,199306
275,154,199306
276,270,199306
276,74,199306
276,44,199306
276,29,199306
277,92,199306
277,132,199306
277,136,199306
277,4,199306
277,29,199306
278,83,199306
278,143,199306
278,81,199306
278,45,199306
278,224,199306
278,24,199306
278,54,199306
278,29,199306
278,77,199306
278,46,199306
282,89,199306
283,155,199306
283,26,199306
283,13,199306
284,129,199306
286,48,199306
286,25,199306
287,54,199306
287,160,199306
287,126,199306
287,29,199306
287,46,199306
289,208,199306
289,155,199306
289,13,199306
290,110,199306
292,271,199306
292,145,199306
292,29,199306
293,180,199306
293,13,199306
294,126,199306
294,297,199306
294,19,199306
294,102,199306
294,155,199306
294,134,199306
294,99,199306
294,14,199306
294,26,199306
294,13,199306
295,215,199306
295,248,199306
295,51,199306
296,269,199306
296,29,199306
296,154,199306
297,59,199306
297,102,199306
297,208,199306
297,313,199306
297,26,199306
297,13,199306
300,3,199306
300,183,199306
300,317,199306
300,301,199306
300,50,199306
300,177,199306
300,51,199306
300,4,199306
301,317,199306
301,49,199306
301,177,199306
301,227,199306
301,51,199306
301,183,199306
301,69,199306
301,4,199306
303,17,199306
303,136,199306
305,127,199306
305,633,199306
305,4,199306
305,109,199306
305,110,199306
306,128,199306
306,127,199306
306,427,199306
306,4,199306
306,109,199306
309,154,199306
309,31,199306
309,137,199306
310,31,199306
310,154,199306
310,137,199306
311,51,199306
311,3,199306
311,4,199306
313,26,199306
313,297,199306
313,13,199306
314,125,199306
314,154,199306
315,248,199306
315,20,199306
317,49,199306
317,177,199306
317,301,199306
317,69,199306
317,227,199306
317,870,199306
317,248,199306
317,183,199306
317,51,199306
317,4,199306
320,36,199306
320,134,199306
320,22,199306
320,18,199306
320,1,199306
320,57,199306
320,81,199306
320,27,199306
320,26,199306
320,13,199306
320,6,199306
320,19,199306
320,40,199306
320,46,199306
321,17,199306
321,11,199306
321,112,199306
323,89,199306
323,7,199306
326,137,199306
330,96,199306
330,136,199306
332,95,199306
332,75,199306
332,198,199306
332,97,199306
332,18,199306
332,40,199306
333,248,199306
333,137,199306
335,137,199306
336,137,199306
337,333,199306
337,137,199306
338,95,199306
338,66,199306
338,101,199306
338,206,199306
338,40,199306
339,344,199306
339,137,199306
342,116,199306
342,120,199306
342,107,199306
342,96,199306
342,92,199306
342,52,199306
342,9,199306
342,35,199306
342,25,199306
342,76,199306
342,29,199306
342,20,199306
342,154,199306
342,137,199306
342,46,199306
343,137,199306
344,137,199306
351,352,199306
351,110,199306
352,351,199306
352,110,199306
355,14,199306
355,143,199306
355,29,199306
355,97,199306
355,18,199306
355,19,199306
355,32,199306
355,160,199306
362,146,199306
362,208,199306
362,96,199306
362,28,199306
362,26,199306
362,29,199306
362,60,199306
362,40,199306
375,48,199306
375,77,199306
375,135,199306
379,154,199306
384,248,199306
388,275,199306
388,154,199306
390,1190,199306
390,137,199306
394,275,199306
394,154,199306
420,29,199306
424,17,199306
424,4,199306
424,425,199306
424,196,199306
424,110,199306
425,424,199306
425,196,199306
425,110,199306
427,128,199306
427,306,199306
427,127,199306
427,110,199306
427,109,199306
427,4,199306
483,137,199306
522,154,199306
525,17,199306
525,4,199306
525,110,199306
534,248,199306
592,427,199306
592,127,199306
592,4,199306
592,109,199306
633,127,199306
633,305,199306
633,4,199306
633,110,199306
633,109,199306
671,137,199306
736,761,199306
736,20,199306
741,51,199306
761,736,199306
761,21,199306
761,20,199306
764,20,199306
770,7,199306
770,89,199306
778,770,199306
778,89,199306
789,110,199306
819,20,199306
843,51,199306
843,248,199306
843,4,199306
860,101,199306
860,63,199306
860,65,199306
860,40,199306
863,906,199306
863,20,199306
866,215,199306
866,33,199306
866,51,199306
866,20,199306
870,177,199306
870,976,199306
870,69,199306
870,317,199306
870,183,199306
906,863,199306
906,20,199306
976,1319,199306
976,183,199306
976,317,199306
976,870,199306
976,51,199306
976,177,199306
976,69,199306
1190,390,199306
1190,137,199306
1315,1319,199306
1315,51,199306
1315,4,199306
1319,1315,199306
1319,976,199306
1319,51,199306
1319,4,199306
1336,20,199306
1482,314,199306
1482,154,199306
2268,267,199306
