i,j,t
0,96,199302
0,116,199302
0,133,199302
0,45,199302
0,81,199302
0,47,199302
0,187,199302
0,286,199302
0,59,199302
0,10,199302
0,124,199302
0,149,199302
0,5,199302
0,23,199302
0,28,199302
0,78,199302
0,142,199302
0,32,199302
0,165,199302
0,157,199302
0,18,199302
0,143,199302
0,132,199302
0,69,199302
0,9,199302
0,175,199302
0,189,199302
0,2,199302
0,117,199302
0,113,199302
0,77,199302
0,155,199302
0,180,199302
0,1,199302
0,16,199302
0,51,199302
0,64,199302
0,21,199302
0,181,199302
0,342,199302
0,54,199302
0,13,199302
0,48,199302
0,20,199302
0,97,199302
0,25,199302
0,12,199302
0,112,199302
0,11,199302
0,39,199302
0,93,199302
0,29,199302
0,129,199302
0,100,199302
0,83,199302
0,115,199302
0,26,199302
0,136,199302
0,176,199302
0,52,199302
0,99,199302
0,17,199302
0,72,199302
0,27,199302
0,19,199302
0,154,199302
0,85,199302
0,31,199302
0,108,199302
0,135,199302
0,40,199302
0,80,199302
0,46,199302
0,60,199302
0,160,199302
0,146,199302
0,35,199302
0,274,199302
0,6,199302
0,137,199302
0,92,199302
1,47,199302
1,274,199302
1,32,199302
1,93,199302
1,23,199302
1,143,199302
1,20,199302
1,69,199302
1,124,199302
1,14,199302
1,139,199302
1,29,199302
1,36,199302
1,27,199302
1,6,199302
1,60,199302
1,99,199302
1,184,199302
1,52,199302
1,2,199302
1,16,199302
1,48,199302
1,45,199302
1,120,199302
1,248,199302
1,51,199302
1,22,199302
1,177,199302
1,97,199302
1,132,199302
1,111,199302
1,126,199302
1,117,199302
1,183,199302
1,83,199302
1,61,199302
1,81,199302
1,35,199302
1,28,199302
1,4,199302
1,26,199302
1,54,199302
1,13,199302
1,107,199302
1,10,199302
1,0,199302
1,149,199302
1,80,199302
1,77,199302
1,187,199302
1,116,199302
1,59,199302
1,115,199302
1,160,199302
1,31,199302
1,64,199302
1,21,199302
1,112,199302
1,135,199302
1,46,199302
1,72,199302
1,34,199302
1,9,199302
1,18,199302
1,19,199302
1,89,199302
1,53,199302
1,146,199302
1,137,199302
1,12,199302
1,154,199302
1,25,199302
1,165,199302
1,85,199302
1,11,199302
1,92,199302
1,40,199302
1,17,199302
1,136,199302
1,133,199302
1,121,199302
1,5,199302
1,96,199302
1,113,199302
2,116,199302
2,133,199302
2,16,199302
2,81,199302
2,47,199302
2,187,199302
2,32,199302
2,77,199302
2,115,199302
2,124,199302
2,35,199302
2,38,199302
2,4,199302
2,21,199302
2,154,199302
2,110,199302
2,20,199302
2,137,199302
2,83,199302
2,80,199302
2,120,199302
2,134,199302
2,13,199302
2,132,199302
2,60,199302
2,85,199302
2,112,199302
2,59,199302
2,6,199302
2,98,199302
2,181,199302
2,53,199302
2,106,199302
2,22,199302
2,54,199302
2,64,199302
2,69,199302
2,76,199302
2,107,199302
2,26,199302
2,17,199302
2,11,199302
2,27,199302
2,142,199302
2,0,199302
2,108,199302
2,143,199302
2,23,199302
2,14,199302
2,19,199302
2,96,199302
2,149,199302
2,72,199302
2,92,199302
2,248,199302
2,5,199302
2,31,199302
2,99,199302
2,28,199302
2,135,199302
2,113,199302
2,9,199302
2,40,199302
2,136,199302
2,1,199302
2,29,199302
2,93,199302
2,160,199302
2,10,199302
2,165,199302
2,97,199302
2,25,199302
2,274,199302
3,4,199302
4,86,199302
4,69,199302
4,184,199302
4,51,199302
4,64,199302
4,26,199302
4,154,199302
4,9,199302
4,39,199302
4,24,199302
4,277,199302
4,100,199302
4,119,199302
4,132,199302
4,27,199302
4,133,199302
4,32,199302
4,96,199302
4,17,199302
4,142,199302
4,6,199302
4,60,199302
4,28,199302
4,137,199302
4,34,199302
4,58,199302
4,53,199302
4,633,199302
4,102,199302
4,117,199302
4,46,199302
4,99,199302
4,97,199302
4,2,199302
4,143,199302
4,108,199302
4,25,199302
4,305,199302
4,13,199302
4,81,199302
4,29,199302
4,227,199302
4,31,199302
4,12,199302
4,1,199302
4,48,199302
4,214,199302
4,49,199302
4,261,199302
4,128,199302
4,35,199302
4,20,199302
4,306,199302
4,54,199302
4,164,199302
4,223,199302
4,0,199302
4,113,199302
4,19,199302
4,10,199302
4,77,199302
4,3,199302
4,30,199302
4,196,199302
4,248,199302
4,127,199302
4,121,199302
4,268,199302
4,33,199302
4,222,199302
4,843,199302
4,300,199302
4,59,199302
4,301,199302
4,317,199302
4,50,199302
4,135,199302
4,177,199302
4,110,199302
4,107,199302
4,5,199302
4,427,199302
4,311,199302
4,23,199302
4,213,199302
4,146,199302
4,21,199302
4,112,199302
4,109,199302
4,160,199302
4,40,199302
4,183,199302
4,89,199302
4,136,199302
4,11,199302
4,18,199302
5,85,199302
5,16,199302
5,115,199302
5,9,199302
5,20,199302
5,154,199302
5,72,199302
5,242,199302
5,23,199302
5,53,199302
5,77,199302
5,32,199302
5,12,199302
5,81,199302
5,137,199302
5,136,199302
5,36,199302
5,28,199302
5,83,199302
5,165,199302
5,96,199302
5,35,199302
5,19,199302
5,143,199302
5,29,199302
5,18,199302
5,26,199302
5,97,199302
5,108,199302
5,27,199302
5,116,199302
5,187,199302
5,2,199302
5,149,199302
5,25,199302
5,135,199302
5,92,199302
5,51,199302
5,213,199302
5,4,199302
5,121,199302
5,113,199302
5,10,199302
5,11,199302
5,1,199302
5,107,199302
5,17,199302
5,133,199302
6,27,199302
6,60,199302
6,54,199302
6,0,199302
6,143,199302
6,41,199302
6,224,199302
6,53,199302
6,137,199302
6,188,199302
6,113,199302
6,132,199302
6,154,199302
6,85,199302
6,30,199302
6,12,199302
6,112,199302
6,4,199302
6,136,199302
6,9,199302
6,89,199302
6,160,199302
6,94,199302
6,100,199302
6,75,199302
6,25,199302
6,96,199302
6,165,199302
6,95,199302
6,144,199302
6,124,199302
6,108,199302
6,5,199302
6,131,199302
6,20,199302
6,181,199302
6,2,199302
6,28,199302
6,31,199302
6,71,199302
6,92,199302
6,101,199302
6,139,199302
6,13,199302
6,1,199302
6,172,199302
6,35,199302
6,72,199302
6,64,199302
6,320,199302
6,57,199302
6,39,199302
6,51,199302
6,153,199302
6,98,199302
6,36,199302
6,10,199302
6,155,199302
6,52,199302
6,102,199302
6,14,199302
6,24,199302
6,135,199302
6,77,199302
6,55,199302
6,117,199302
6,126,199302
6,18,199302
6,194,199302
6,146,199302
6,81,199302
6,38,199302
6,83,199302
6,120,199302
6,40,199302
6,142,199302
6,129,199302
6,76,199302
6,899,199302
6,134,199302
6,48,199302
6,106,199302
6,82,199302
6,32,199302
6,17,199302
6,29,199302
6,16,199302
6,46,199302
6,97,199302
6,99,199302
7,29,199302
7,90,199302
7,243,199302
7,92,199302
7,8,199302
7,10,199302
7,137,199302
7,323,199302
7,20,199302
7,17,199302
7,89,199302
8,90,199302
8,32,199302
8,243,199302
8,29,199302
8,136,199302
8,7,199302
8,89,199302
8,17,199302
8,20,199302
9,96,199302
9,85,199302
9,133,199302
9,16,199302
9,6,199302
9,25,199302
9,10,199302
9,124,199302
9,21,199302
9,84,199302
9,1,199302
9,38,199302
9,181,199302
9,98,199302
9,152,199302
9,83,199302
9,116,199302
9,189,199302
9,30,199302
9,93,199302
9,26,199302
9,156,199302
9,131,199302
9,79,199302
9,47,199302
9,11,199302
9,183,199302
9,150,199302
9,0,199302
9,40,199302
9,342,199302
9,77,199302
9,53,199302
9,31,199302
9,24,199302
9,59,199302
9,157,199302
9,46,199302
9,5,199302
9,23,199302
9,188,199302
9,28,199302
9,100,199302
9,20,199302
9,14,199302
9,32,199302
9,76,199302
9,18,199302
9,115,199302
9,149,199302
9,187,199302
9,165,199302
9,72,199302
9,248,199302
9,2,199302
9,17,199302
9,135,199302
9,29,199302
9,136,199302
9,154,199302
9,160,199302
9,97,199302
9,92,199302
9,27,199302
9,137,199302
9,274,199302
10,116,199302
10,110,199302
10,80,199302
10,31,199302
10,53,199302
10,47,199302
10,274,199302
10,17,199302
10,115,199302
10,23,199302
10,213,199302
10,28,199302
10,2,199302
10,4,199302
10,20,199302
10,137,199302
10,59,199302
10,48,199302
10,97,199302
10,107,199302
10,161,199302
10,61,199302
10,152,199302
10,36,199302
10,81,199302
10,265,199302
10,108,199302
10,98,199302
10,146,199302
10,33,199302
10,16,199302
10,154,199302
10,52,199302
10,51,199302
10,77,199302
10,64,199302
10,72,199302
10,7,199302
10,85,199302
10,99,199302
10,320,199302
10,170,199302
10,19,199302
10,93,199302
10,126,199302
10,60,199302
10,30,199302
10,35,199302
10,29,199302
10,171,199302
10,26,199302
10,150,199302
10,0,199302
10,9,199302
10,142,199302
10,6,199302
10,54,199302
10,13,199302
10,89,199302
10,135,199302
10,1,199302
10,27,199302
10,46,199302
10,21,199302
10,149,199302
10,96,199302
10,11,199302
10,136,199302
10,25,199302
10,12,199302
10,160,199302
10,22,199302
10,40,199302
10,18,199302
10,5,199302
10,92,199302
10,112,199302
10,113,199302
10,165,199302
10,32,199302
10,133,199302
11,53,199302
11,64,199302
11,10,199302
11,112,199302
11,77,199302
11,78,199302
11,45,199302
11,51,199302
11,72,199302
11,120,199302
11,174,199302
11,108,199302
11,85,199302
11,39,199302
11,60,199302
11,32,199302
11,23,199302
11,54,199302
11,102,199302
11,16,199302
11,34,199302
11,180,199302
11,28,199302
11,9,199302
11,58,199302
11,125,199302
11,6,199302
11,52,199302
11,35,199302
11,97,199302
11,19,199302
11,126,199302
11,29,199302
11,4,199302
11,46,199302
11,17,199302
11,181,199302
11,248,199302
11,227,199302
11,25,199302
11,183,199302
11,105,199302
11,7,199302
11,107,199302
11,196,199302
11,165,199302
11,59,199302
11,71,199302
11,48,199302
11,136,199302
11,238,199302
11,268,199302
11,147,199302
11,61,199302
11,89,199302
11,111,199302
11,12,199302
11,26,199302
11,213,199302
11,88,199302
11,0,199302
11,22,199302
11,2,199302
11,133,199302
11,150,199302
11,223,199302
11,154,199302
11,164,199302
11,84,199302
11,96,199302
11,27,199302
11,30,199302
11,169,199302
11,69,199302
11,177,199302
11,5,199302
11,86,199302
11,21,199302
11,13,199302
11,18,199302
11,20,199302
11,110,199302
11,1,199302
11,113,199302
11,137,199302
11,146,199302
12,136,199302
12,27,199302
12,20,199302
12,113,199302
12,39,199302
12,149,199302
12,164,199302
12,75,199302
12,154,199302
12,174,199302
12,96,199302
12,69,199302
12,80,199302
12,135,199302
12,84,199302
12,78,199302
12,2,199302
12,100,199302
12,132,199302
12,46,199302
12,61,199302
12,133,199302
12,14,199302
12,139,199302
12,125,199302
12,94,199302
12,77,199302
12,26,199302
12,22,199302
12,21,199302
12,53,199302
12,76,199302
12,13,199302
12,112,199302
12,81,199302
12,97,199302
12,1,199302
12,4,199302
12,23,199302
12,99,199302
12,10,199302
12,17,199302
12,28,199302
12,248,199302
12,60,199302
12,40,199302
12,160,199302
12,25,199302
12,11,199302
12,29,199302
12,137,199302
12,18,199302
13,27,199302
13,180,199302
13,81,199302
13,135,199302
13,31,199302
13,55,199302
13,142,199302
13,38,199302
13,28,199302
13,146,199302
13,149,199302
13,21,199302
13,87,199302
13,18,199302
13,112,199302
13,136,199302
13,85,199302
13,54,199302
13,0,199302
13,64,199302
13,52,199302
13,20,199302
13,22,199302
13,32,199302
13,233,199302
13,307,199302
13,154,199302
13,16,199302
13,72,199302
13,12,199302
13,17,199302
13,26,199302
13,99,199302
13,89,199302
13,110,199302
13,131,199302
13,51,199302
13,36,199302
13,113,199302
13,100,199302
13,97,199302
13,25,199302
13,10,199302
13,4,199302
13,77,199302
13,6,199302
13,82,199302
13,71,199302
13,1,199302
13,129,199302
13,35,199302
13,320,199302
13,80,199302
13,45,199302
13,143,199302
13,139,199302
13,60,199302
13,108,199302
13,59,199302
13,297,199302
13,293,199302
13,83,199302
13,313,199302
13,102,199302
13,19,199302
13,172,199302
13,117,199302
13,24,199302
13,76,199302
13,120,199302
13,126,199302
13,283,199302
13,289,199302
13,29,199302
13,155,199302
13,119,199302
13,14,199302
13,48,199302
13,134,199302
13,114,199302
13,178,199302
13,208,199302
13,160,199302
13,11,199302
13,137,199302
13,46,199302
13,40,199302
14,132,199302
14,48,199302
14,25,199302
14,26,199302
14,5,199302
14,139,199302
14,23,199302
14,161,199302
14,211,199302
14,9,199302
14,18,199302
14,85,199302
14,154,199302
14,99,199302
14,137,199302
14,59,199302
14,107,199302
14,217,199302
14,45,199302
14,189,199302
14,94,199302
14,77,199302
14,96,199302
14,113,199302
14,141,199302
14,173,199302
14,124,199302
14,100,199302
14,213,199302
14,136,199302
14,54,199302
14,22,199302
14,11,199302
14,17,199302
14,27,199302
14,35,199302
14,175,199302
14,165,199302
14,80,199302
14,28,199302
14,106,199302
14,21,199302
14,6,199302
14,10,199302
14,112,199302
14,51,199302
14,58,199302
14,57,199302
14,2,199302
14,172,199302
14,129,199302
14,76,199302
14,81,199302
14,83,199302
14,32,199302
14,180,199302
14,29,199302
14,1,199302
14,13,199302
14,16,199302
14,142,199302
14,140,199302
14,117,199302
14,38,199302
14,126,199302
14,20,199302
14,120,199302
14,31,199302
14,102,199302
14,60,199302
14,146,199302
14,97,199302
14,36,199302
14,52,199302
14,108,199302
14,40,199302
14,46,199302
15,308,199302
15,276,199302
15,117,199302
15,142,199302
15,81,199302
15,163,199302
15,131,199302
15,271,199302
15,195,199302
15,79,199302
15,183,199302
15,150,199302
15,176,199302
15,31,199302
15,40,199302
15,146,199302
15,174,199302
15,193,199302
15,18,199302
15,22,199302
15,2,199302
15,11,199302
15,248,199302
15,137,199302
15,154,199302
15,29,199302
15,136,199302
16,96,199302
16,85,199302
16,114,199302
16,100,199302
16,124,199302
16,156,199302
16,144,199302
16,2,199302
16,18,199302
16,9,199302
16,131,199302
16,113,199302
16,154,199302
16,32,199302
16,51,199302
16,47,199302
16,45,199302
16,116,199302
16,52,199302
16,12,199302
16,132,199302
16,15,199302
16,62,199302
16,94,199302
16,4,199302
16,157,199302
16,21,199302
16,108,199302
16,13,199302
16,137,199302
16,5,199302
16,54,199302
16,0,199302
16,74,199302
16,76,199302
16,152,199302
16,23,199302
16,10,199302
16,72,199302
16,11,199302
16,97,199302
16,80,199302
16,55,199302
16,120,199302
16,106,199302
16,129,199302
16,161,199302
16,136,199302
16,82,199302
16,1,199302
16,17,199302
16,139,199302
16,180,199302
16,31,199302
16,36,199302
16,92,199302
16,60,199302
16,153,199302
16,40,199302
16,28,199302
16,59,199302
16,143,199302
16,27,199302
16,64,199302
16,77,199302
16,35,199302
16,20,199302
16,102,199302
16,14,199302
16,26,199302
16,48,199302
16,19,199302
16,83,199302
16,29,199302
16,146,199302
16,99,199302
16,46,199302
16,25,199302
16,6,199302
16,135,199302
17,116,199302
17,47,199302
17,274,199302
17,137,199302
17,32,199302
17,89,199302
17,93,199302
17,77,199302
17,124,199302
17,149,199302
17,0,199302
17,9,199302
17,12,199302
17,45,199302
17,78,199302
17,61,199302
17,111,199302
17,96,199302
17,18,199302
17,59,199302
17,19,199302
17,4,199302
17,35,199302
17,108,199302
17,6,199302
17,154,199302
17,181,199302
17,196,199302
17,16,199302
17,21,199302
17,100,199302
17,376,199302
17,2,199302
17,55,199302
17,132,199302
17,102,199302
17,139,199302
17,28,199302
17,81,199302
17,71,199302
17,27,199302
17,107,199302
17,69,199302
17,85,199302
17,26,199302
17,136,199302
17,25,199302
17,13,199302
17,99,199302
17,115,199302
17,183,199302
17,110,199302
17,184,199302
17,53,199302
17,135,199302
17,72,199302
17,60,199302
17,153,199302
17,48,199302
17,10,199302
17,112,199302
17,80,199302
17,51,199302
17,189,199302
17,129,199302
17,87,199302
17,22,199302
17,31,199302
17,150,199302
17,24,199302
17,261,199302
17,54,199302
17,213,199302
17,7,199302
17,8,199302
17,303,199302
17,14,199302
17,92,199302
17,64,199302
17,160,199302
17,1,199302
17,46,199302
17,146,199302
17,165,199302
17,20,199302
17,40,199302
17,5,199302
17,11,199302
17,29,199302
17,97,199302
18,20,199302
18,0,199302
18,28,199302
18,112,199302
18,16,199302
18,181,199302
18,25,199302
18,176,199302
18,160,199302
18,137,199302
18,11,199302
18,97,199302
18,250,199302
18,30,199302
18,31,199302
18,21,199302
18,101,199302
18,69,199302
18,157,199302
18,117,199302
18,115,199302
18,52,199302
18,146,199302
18,24,199302
18,38,199302
18,156,199302
18,53,199302
18,9,199302
18,13,199302
18,120,199302
18,23,199302
18,64,199302
18,142,199302
18,15,199302
18,102,199302
18,99,199302
18,26,199302
18,46,199302
18,36,199302
18,93,199302
18,100,199302
18,108,199302
18,133,199302
18,96,199302
18,85,199302
18,242,199302
18,248,199302
18,35,199302
18,17,199302
18,83,199302
18,87,199302
18,161,199302
18,60,199302
18,32,199302
18,172,199302
18,170,199302
18,110,199302
18,59,199302
18,143,199302
18,164,199302
18,171,199302
18,6,199302
18,208,199302
18,84,199302
18,5,199302
18,10,199302
18,111,199302
18,40,199302
18,153,199302
18,48,199302
18,14,199302
18,92,199302
18,145,199302
18,81,199302
18,135,199302
18,86,199302
18,123,199302
18,22,199302
18,1,199302
18,136,199302
18,74,199302
18,132,199302
18,234,199302
18,154,199302
18,77,199302
18,61,199302
18,51,199302
18,233,199302
18,122,199302
18,144,199302
18,27,199302
18,131,199302
18,139,199302
18,12,199302
18,19,199302
18,113,199302
18,29,199302
18,265,199302
18,89,199302
18,54,199302
18,4,199302
19,79,199302
19,52,199302
19,53,199302
19,6,199302
19,180,199302
19,137,199302
19,4,199302
19,10,199302
19,102,199302
19,77,199302
19,146,199302
19,72,199302
19,116,199302
19,112,199302
19,27,199302
19,81,199302
19,51,199302
19,117,199302
19,136,199302
19,134,199302
19,80,199302
19,66,199302
19,183,199302
19,21,199302
19,135,199302
19,108,199302
19,23,199302
19,70,199302
19,14,199302
19,96,199302
19,194,199302
19,100,199302
19,29,199302
19,11,199302
19,143,199302
19,20,199302
19,169,199302
19,160,199302
19,41,199302
19,22,199302
19,82,199302
19,98,199302
19,152,199302
19,94,199302
19,1,199302
19,113,199302
19,2,199302
19,17,199302
19,107,199302
19,48,199302
19,28,199302
19,173,199302
19,60,199302
19,36,199302
19,208,199302
19,59,199302
19,39,199302
19,172,199302
19,54,199302
19,57,199302
19,13,199302
19,64,199302
19,24,199302
19,154,199302
19,334,199302
19,119,199302
19,25,199302
19,32,199302
19,129,199302
19,97,199302
19,0,199302
19,16,199302
19,83,199302
19,76,199302
19,120,199302
19,126,199302
19,38,199302
19,31,199302
19,155,199302
19,142,199302
19,55,199302
19,18,199302
19,35,199302
19,139,199302
19,46,199302
19,40,199302
20,116,199302
20,85,199302
20,80,199302
20,31,199302
20,16,199302
20,274,199302
20,32,199302
20,93,199302
20,10,199302
20,115,199302
20,0,199302
20,9,199302
20,154,199302
20,72,199302
20,124,199302
20,5,199302
20,11,199302
20,18,199302
20,112,199302
20,119,199302
20,26,199302
20,99,199302
20,137,199302
20,60,199302
20,27,199302
20,132,199302
20,52,199302
20,196,199302
20,180,199302
20,107,199302
20,187,199302
20,54,199302
20,21,199302
20,28,199302
20,135,199302
20,863,199302
20,64,199302
20,100,199302
20,108,199302
20,4,199302
20,13,199302
20,48,199302
20,149,199302
20,6,199302
20,24,199302
20,153,199302
20,87,199302
20,110,199302
20,2,199302
20,764,199302
20,243,199302
20,35,199302
20,22,199302
20,103,199302
20,214,199302
20,832,199302
20,1336,199302
20,165,199302
20,189,199302
20,906,199302
20,51,199302
20,261,199302
20,315,199302
20,92,199302
20,77,199302
20,213,199302
20,211,199302
20,59,199302
20,89,199302
20,121,199302
20,25,199302
20,7,199302
20,819,199302
20,866,199302
20,19,199302
20,160,199302
20,14,199302
20,761,199302
20,146,199302
20,184,199302
20,96,199302
20,150,199302
20,46,199302
20,113,199302
20,8,199302
20,33,199302
20,40,199302
20,183,199302
20,69,199302
20,136,199302
20,1,199302
20,17,199302
20,29,199302
20,23,199302
20,97,199302
20,133,199302
21,31,199302
21,47,199302
21,93,199302
21,115,199302
21,27,199302
21,107,199302
21,4,199302
21,72,199302
21,120,199302
21,38,199302
21,53,199302
21,36,199302
21,80,199302
21,83,199302
21,102,199302
21,143,199302
21,25,199302
21,146,199302
21,81,199302
21,181,199302
21,12,199302
21,180,199302
21,58,199302
21,29,199302
21,24,199302
21,137,199302
21,18,199302
21,96,199302
21,92,199302
21,10,199302
21,176,199302
21,85,199302
21,48,199302
21,97,199302
21,14,199302
21,131,199302
21,13,199302
21,2,199302
21,99,199302
21,28,199302
21,20,199302
21,165,199302
21,154,199302
21,150,199302
21,761,199302
21,40,199302
21,51,199302
21,113,199302
21,17,199302
21,136,199302
21,1,199302
21,11,199302
21,23,199302
21,133,199302
22,17,199302
22,112,199302
22,47,199302
22,9,199302
22,12,199302
22,27,199302
22,29,199302
22,16,199302
22,97,199302
22,15,199302
22,34,199302
22,114,199302
22,92,199302
22,139,199302
22,123,199302
22,19,199302
22,100,199302
22,21,199302
22,52,199302
22,122,199302
22,25,199302
22,77,199302
22,60,199302
22,155,199302
22,14,199302
22,2,199302
22,30,199302
22,132,199302
22,35,199302
22,85,199302
22,54,199302
22,248,199302
22,26,199302
22,40,199302
22,6,199302
22,154,199302
22,51,199302
22,165,199302
22,20,199302
22,99,199302
22,1,199302
22,5,199302
22,23,199302
22,160,199302
22,146,199302
22,64,199302
22,11,199302
22,10,199302
22,136,199302
22,18,199302
22,137,199302
23,80,199302
23,13,199302
23,47,199302
23,93,199302
23,17,199302
23,115,199302
23,121,199302
23,125,199302
23,149,199302
23,27,199302
23,135,199302
23,9,199302
23,0,199302
23,6,199302
23,52,199302
23,76,199302
23,143,199302
23,20,199302
23,78,199302
23,184,199302
23,146,199302
23,216,199302
23,124,199302
23,12,199302
23,16,199302
23,35,199302
23,64,199302
23,261,199302
23,117,199302
23,14,199302
23,188,199302
23,46,199302
23,25,199302
23,104,199302
23,97,199302
23,100,199302
23,157,199302
23,2,199302
23,154,199302
23,72,199302
23,11,199302
23,32,199302
23,60,199302
23,30,199302
23,29,199302
23,51,199302
23,142,199302
23,4,199302
23,183,199302
23,26,199302
23,53,199302
23,34,199302
23,165,199302
23,116,199302
23,77,199302
23,33,199302
23,22,199302
23,85,199302
23,150,199302
23,107,199302
23,112,199302
23,92,199302
23,96,199302
23,136,199302
23,137,199302
23,18,199302
23,10,199302
23,1,199302
23,21,199302
23,5,199302
24,152,199302
24,18,199302
24,97,199302
24,102,199302
24,98,199302
24,34,199302
24,131,199302
24,61,199302
24,25,199302
24,132,199302
24,54,199302
24,69,199302
24,104,199302
24,21,199302
24,82,199302
24,160,199302
24,156,199302
24,142,199302
24,249,199302
24,38,199302
24,176,199302
24,60,199302
24,860,199302
24,20,199302
24,36,199302
24,2,199302
24,94,199302
24,81,199302
24,17,199302
24,13,199302
24,6,199302
24,26,199302
24,32,199302
24,19,199302
24,29,199302
24,99,199302
24,137,199302
24,46,199302
24,154,199302
24,40,199302
25,96,199302
25,116,199302
25,165,199302
25,6,199302
25,115,199302
25,26,199302
25,23,199302
25,5,199302
25,59,199302
25,33,199302
25,14,199302
25,139,199302
25,18,199302
25,176,199302
25,19,199302
25,83,199302
25,64,199302
25,52,199302
25,46,199302
25,9,199302
25,54,199302
25,17,199302
25,242,199302
25,11,199302
25,81,199302
25,112,199302
25,7,199302
25,38,199302
25,142,199302
25,77,199302
25,41,199302
25,13,199302
25,126,199302
25,34,199302
25,89,199302
25,124,199302
25,99,199302
25,134,199302
25,72,199302
25,10,199302
25,4,199302
25,70,199302
25,133,199302
25,85,199302
25,248,199302
25,371,199302
25,149,199302
25,106,199302
25,110,199302
25,153,199302
25,307,199302
25,118,199302
25,152,199302
25,94,199302
25,12,199302
25,21,199302
25,51,199302
25,98,199302
25,20,199302
25,40,199302
25,136,199302
25,31,199302
25,156,199302
25,35,199302
25,29,199302
25,100,199302
25,36,199302
25,154,199302
25,113,199302
25,32,199302
25,22,199302
25,93,199302
25,27,199302
25,47,199302
25,1,199302
25,48,199302
25,16,199302
25,28,199302
25,108,199302
25,274,199302
25,161,199302
25,97,199302
25,137,199302
25,60,199302
25,2,199302
25,0,199302
26,13,199302
26,53,199302
26,132,199302
26,34,199302
26,10,199302
26,27,199302
26,54,199302
26,12,199302
26,108,199302
26,355,199302
26,113,199302
26,160,199302
26,85,199302
26,139,199302
26,15,199302
26,51,199302
26,4,199302
26,19,199302
26,33,199302
26,18,199302
26,28,199302
26,131,199302
26,153,199302
26,77,199302
26,137,199302
26,1,199302
26,0,199302
26,60,199302
26,2,199302
26,112,199302
26,114,199302
26,165,199302
26,45,199302
26,72,199302
26,17,199302
26,21,199302
26,181,199302
26,32,199302
26,92,199302
26,96,199302
26,36,199302
26,154,199302
26,20,199302
26,136,199302
26,52,199302
26,65,199302
26,94,199302
26,320,199302
26,39,199302
26,142,199302
26,135,199302
26,71,199302
26,117,199302
26,55,199302
26,126,199302
26,283,199302
26,24,199302
26,180,199302
26,155,199302
26,143,199302
26,57,199302
26,134,199302
26,11,199302
26,100,199302
26,83,199302
26,81,199302
26,16,199302
26,76,199302
26,38,199302
26,102,199302
26,120,199302
26,14,199302
26,35,199302
26,64,199302
26,48,199302
26,31,199302
26,146,199302
26,25,199302
26,40,199302
26,46,199302
26,99,199302
26,29,199302
26,97,199302
27,96,199302
27,116,199302
27,80,199302
27,47,199302
27,274,199302
27,165,199302
27,181,199302
27,84,199302
27,125,199302
27,149,199302
27,1,199302
27,107,199302
27,28,199302
27,2,199302
27,4,199302
27,20,199302
27,112,199302
27,21,199302
27,72,199302
27,30,199302
27,45,199302
27,78,199302
27,147,199302
27,117,199302
27,26,199302
27,36,199302
27,142,199302
27,76,199302
27,16,199302
27,64,199302
27,19,199302
27,126,199302
27,119,199302
27,24,199302
27,180,199302
27,102,199302
27,51,199302
27,155,199302
27,54,199302
27,82,199302
27,211,199302
27,14,199302
27,23,199302
27,55,199302
27,53,199302
27,6,199302
27,92,199302
27,81,199302
27,22,199302
27,75,199302
27,121,199302
27,11,199302
27,79,199302
27,265,199302
27,94,199302
27,13,199302
27,99,199302
27,108,199302
27,35,199302
27,85,199302
27,93,199302
27,5,199302
27,83,199302
27,17,199302
27,48,199302
27,133,199302
27,0,199302
27,59,199302
27,248,199302
27,12,199302
27,77,199302
27,60,199302
27,32,199302
27,187,199302
27,10,199302
27,160,199302
27,146,199302
27,46,199302
27,31,199302
27,40,199302
27,25,199302
27,9,199302
27,18,199302
27,137,199302
27,136,199302
27,154,199302
27,29,199302
27,135,199302
27,97,199302
28,116,199302
28,80,199302
28,31,199302
28,47,199302
28,274,199302
28,93,199302
28,34,199302
28,77,199302
28,124,199302
28,149,199302
28,106,199302
28,9,199302
28,143,199302
28,108,199302
28,174,199302
28,94,199302
28,32,199302
28,196,199302
28,17,199302
28,147,199302
28,11,199302
28,51,199302
28,81,199302
28,85,199302
28,38,199302
28,29,199302
28,0,199302
28,111,199302
28,97,199302
28,16,199302
28,125,199302
28,14,199302
28,1,199302
28,10,199302
28,48,199302
28,113,199302
28,12,199302
28,35,199302
28,13,199302
28,59,199302
28,26,199302
28,54,199302
28,126,199302
28,117,199302
28,99,199302
28,23,199302
28,60,199302
28,5,199302
28,248,199302
28,135,199302
28,100,199302
28,21,199302
28,27,199302
28,110,199302
28,19,199302
28,136,199302
28,187,199302
28,36,199302
28,115,199302
28,2,199302
28,72,199302
28,69,199302
28,6,199302
28,4,199302
28,20,199302
28,107,199302
28,46,199302
28,64,199302
28,154,199302
28,92,199302
28,89,199302
28,146,199302
28,165,199302
28,96,199302
28,40,199302
28,25,199302
28,137,199302
28,18,199302
28,112,199302
29,52,199302
29,47,199302
29,136,199302
29,264,199302
29,308,199302
29,135,199302
29,161,199302
29,38,199302
29,282,199302
29,9,199302
29,28,199302
29,154,199302
29,238,199302
29,120,199302
29,96,199302
29,100,199302
29,4,199302
29,23,199302
29,150,199302
29,17,199302
29,142,199302
29,107,199302
29,102,199302
29,18,199302
29,85,199302
29,92,199302
29,35,199302
29,11,199302
29,342,199302
29,113,199302
29,126,199302
29,362,199302
29,141,199302
29,83,199302
29,332,199302
29,233,199302
29,117,199302
29,5,199302
29,0,199302
29,26,199302
29,78,199302
29,76,199302
29,60,199302
29,93,199302
29,123,199302
29,86,199302
29,265,199302
29,19,199302
29,58,199302
29,20,199302
29,10,199302
29,172,199302
29,115,199302
29,64,199302
29,94,199302
29,124,199302
29,152,199302
29,157,199302
29,108,199302
29,80,199302
29,174,199302
29,262,199302
29,267,199302
29,13,199302
29,153,199302
29,307,199302
29,33,199302
29,42,199302
29,139,199302
29,71,199302
29,193,199302
29,251,199302
29,48,199302
29,59,199302
29,7,199302
29,111,199302
29,271,199302
29,57,199302
29,151,199302
29,175,199302
29,63,199302
29,276,199302
29,15,199302
29,296,199302
29,61,199302
29,159,199302
29,114,199302
29,44,199302
29,420,199302
29,72,199302
29,39,199302
29,75,199302
29,24,199302
29,14,199302
29,145,199302
29,292,199302
29,169,199302
29,45,199302
29,213,199302
29,269,199302
29,303,199302
29,143,199302
29,170,199302
29,65,199302
29,171,199302
29,69,199302
29,74,199302
29,101,199302
29,21,199302
29,198,199302
29,270,199302
29,160,199302
29,277,199302
29,197,199302
29,12,199302
29,163,199302
29,131,199302
29,22,199302
29,165,199302
29,54,199302
29,137,199302
29,144,199302
29,62,199302
29,25,199302
29,53,199302
29,34,199302
29,183,199302
29,36,199302
29,31,199302
29,134,199302
29,2,199302
29,46,199302
29,129,199302
29,51,199302
29,132,199302
29,146,199302
29,16,199302
29,119,199302
29,55,199302
29,176,199302
29,138,199302
29,155,199302
29,79,199302
29,40,199302
29,180,199302
29,242,199302
29,195,199302
29,66,199302
29,89,199302
29,77,199302
29,81,199302
29,181,199302
29,112,199302
29,125,199302
29,208,199302
29,1,199302
29,43,199302
29,6,199302
29,97,199302
29,27,199302
29,32,199302
29,99,199302
30,16,199302
30,154,199302
30,53,199302
30,181,199302
30,18,199302
30,6,199302
30,27,199302
30,96,199302
30,137,199302
30,25,199302
30,51,199302
30,139,199302
30,84,199302
30,86,199302
30,238,199302
30,4,199302
30,223,199302
30,164,199302
30,88,199302
30,69,199302
30,136,199302
30,11,199302
31,96,199302
31,116,199302
31,85,199302
31,81,199302
31,47,199302
31,274,199302
31,187,199302
31,93,199302
31,10,199302
31,115,199302
31,107,199302
31,28,199302
31,20,199302
31,21,199302
31,92,199302
31,144,199302
31,146,199302
31,54,199302
31,65,199302
31,287,199302
31,132,199302
31,208,199302
31,12,199302
31,126,199302
31,14,199302
31,113,199302
31,41,199302
31,267,199302
31,59,199302
31,124,199302
31,142,199302
31,101,199302
31,19,199302
31,39,199302
31,195,199302
31,137,199302
31,265,199302
31,108,199302
31,52,199302
31,1,199302
31,5,199302
31,120,199302
31,26,199302
31,181,199302
31,165,199302
31,143,199302
31,9,199302
31,169,199302
31,188,199302
31,77,199302
31,112,199302
31,16,199302
31,2,199302
31,23,199302
31,66,199302
31,32,199302
31,0,199302
31,309,199302
31,17,199302
31,310,199302
31,104,199302
31,76,199302
31,38,199302
31,157,199302
31,80,199302
31,18,199302
31,152,199302
31,129,199302
31,160,199302
31,154,199302
31,98,199302
31,25,199302
31,100,199302
31,29,199302
31,58,199302
31,136,199302
31,40,199302
31,139,199302
31,27,199302
31,6,199302
31,46,199302
31,13,199302
31,83,199302
31,48,199302
31,135,199302
31,35,199302
31,99,199302
31,60,199302
31,97,199302
32,96,199302
32,133,199302
32,16,199302
32,10,199302
32,124,199302
32,242,199302
32,27,199302
32,23,199302
32,117,199302
32,28,199302
32,72,199302
32,142,199302
32,187,199302
32,0,199302
32,4,199302
32,97,199302
32,145,199302
32,13,199302
32,12,199302
32,71,199302
32,5,199302
32,144,199302
32,100,199302
32,17,199302
32,1,199302
32,11,199302
32,21,199302
32,15,199302
32,24,199302
32,139,199302
32,116,199302
32,160,199302
32,45,199302
32,51,199302
32,169,199302
32,104,199302
32,265,199302
32,85,199302
32,136,199302
32,120,199302
32,62,199302
32,9,199302
32,83,199302
32,355,199302
32,79,199302
32,278,199302
32,6,199302
32,157,199302
32,161,199302
32,112,199302
32,22,199302
32,93,199302
32,52,199302
32,59,199302
32,35,199302
32,82,199302
32,108,199302
32,129,199302
32,78,199302
32,57,199302
32,61,199302
32,48,199302
32,31,199302
32,89,199302
32,36,199302
32,18,199302
32,64,199302
32,92,199302
32,154,199302
32,14,199302
32,270,199302
32,146,199302
32,66,199302
32,176,199302
32,19,199302
32,171,199302
32,143,199302
32,113,199302
32,208,199302
32,178,199302
32,102,199302
32,25,199302
32,38,199302
32,40,199302
32,81,199302
32,180,199302
32,170,199302
32,126,199302
32,74,199302
32,60,199302
32,135,199302
32,137,199302
32,131,199302
32,46,199302
32,94,199302
32,20,199302
32,77,199302
32,181,199302
32,29,199302
32,54,199302
32,99,199302
32,26,199302
33,18,199302
33,741,199302
33,81,199302
33,77,199302
33,261,199302
33,866,199302
33,137,199302
33,64,199302
33,23,199302
33,60,199302
33,248,199302
33,51,199302
33,29,199302
33,4,199302
33,136,199302
33,20,199302
34,137,199302
34,277,199302
34,107,199302
34,4,199302
34,113,199302
34,112,199302
34,165,199302
34,208,199302
34,189,199302
34,146,199302
34,40,199302
34,54,199302
34,120,199302
34,5,199302
34,94,199302
34,64,199302
34,96,199302
34,133,199302
34,139,199302
34,135,199302
34,28,199302
34,19,199302
34,23,199302
34,72,199302
34,60,199302
34,10,199302
34,25,199302
34,35,199302
34,248,199302
34,97,199302
34,136,199302
34,160,199302
34,1,199302
34,29,199302
34,137,199302
34,154,199302
35,194,199302
35,45,199302
35,53,199302
35,147,199302
35,48,199302
35,5,199302
35,38,199302
35,1,199302
35,120,199302
35,139,199302
35,129,199302
35,113,199302
35,6,199302
35,21,199302
35,77,199302
35,114,199302
35,19,199302
35,28,199302
35,89,199302
35,198,199302
35,169,199302
35,13,199302
35,96,199302
35,142,199302
35,2,199302
35,165,199302
35,0,199302
35,237,199302
35,81,199302
35,22,199302
35,307,199302
35,18,199302
35,14,199302
35,10,199302
35,143,199302
35,16,199302
35,51,199302
35,64,199302
35,126,199302
35,32,199302
35,4,199302
35,20,199302
35,136,199302
35,117,199302
35,54,199302
35,36,199302
35,72,199302
35,195,199302
35,180,199302
35,108,199302
35,27,199302
35,52,199302
35,100,199302
35,71,199302
35,102,199302
35,17,199302
35,99,199302
35,217,199302
35,11,199302
35,173,199302
35,112,199302
35,59,199302
35,25,199302
35,92,199302
35,41,199302
35,60,199302
35,160,199302
35,172,199302
35,146,199302
35,26,199302
35,31,199302
35,97,199302
35,40,199302
35,137,199302
35,154,199302
35,83,199302
35,46,199302
35,29,199302
36,0,199302
36,5,199302
36,9,199302
36,38,199302
36,19,199302
36,32,199302
36,16,199302
36,51,199302
36,107,199302
36,99,199302
36,4,199302
36,26,199302
36,35,199302
36,142,199302
36,160,199302
36,1,199302
36,20,199302
36,18,199302
36,136,199302
36,126,199302
36,14,199302
36,80,199302
36,48,199302
36,113,199302
36,180,199302
36,17,199302
36,102,199302
36,117,199302
36,108,199302
36,119,199302
36,60,199302
36,6,199302
36,52,199302
36,13,199302
36,154,199302
36,29,199302
36,25,199302
36,146,199302
36,137,199302
36,40,199302
36,46,199302
36,83,199302
36,97,199302
38,99,199302
38,6,199302
38,26,199302
38,124,199302
38,20,199302
38,163,199302
38,81,199302
38,53,199302
38,125,199302
38,160,199302
38,216,199302
38,92,199302
38,278,199302
38,154,199302
38,137,199302
38,80,199302
38,25,199302
38,45,199302
38,59,199302
38,17,199302
38,0,199302
38,29,199302
38,1,199302
38,270,199302
38,242,199302
38,51,199302
38,55,199302
38,100,199302
38,18,199302
38,142,199302
38,120,199302
38,28,199302
38,146,199302
38,32,199302
38,250,199302
38,117,199302
38,76,199302
38,77,199302
38,64,199302
38,83,199302
38,16,199302
38,13,199302
38,14,199302
38,31,199302
38,40,199302
38,19,199302
38,46,199302
38,97,199302
39,45,199302
39,54,199302
39,183,199302
39,181,199302
39,46,199302
39,250,199302
39,41,199302
39,108,199302
39,143,199302
39,13,199302
39,81,199302
39,24,199302
39,29,199302
39,6,199302
39,19,199302
39,97,199302
40,16,199302
40,34,199302
40,242,199302
40,137,199302
40,57,199302
40,23,199302
40,161,199302
40,10,199302
40,97,199302
40,31,199302
40,22,199302
40,118,199302
40,78,199302
40,0,199302
40,5,199302
40,123,199302
40,27,199302
40,28,199302
40,108,199302
40,15,199302
40,158,199302
40,53,199302
40,2,199302
40,133,199302
40,51,199302
40,124,199302
40,135,199302
40,11,199302
40,213,199302
40,176,199302
40,9,199302
40,80,199302
40,45,199302
40,12,199302
40,129,199302
40,320,199302
40,334,199302
40,160,199302
40,85,199302
40,134,199302
40,100,199302
40,21,199302
40,171,199302
40,197,199302
40,119,199302
40,155,199302
40,198,199302
40,170,199302
40,55,199302
40,94,199302
40,25,199302
40,59,199302
40,338,199302
40,6,199302
40,860,199302
40,178,199302
40,208,199302
40,95,199302
40,62,199302
40,18,199302
40,54,199302
40,195,199302
40,154,199302
40,64,199302
40,101,199302
40,96,199302
40,66,199302
40,76,199302
40,65,199302
40,206,199302
40,83,199302
40,332,199302
40,120,199302
40,38,199302
40,175,199302
40,32,199302
40,146,199302
40,63,199302
40,75,199302
40,4,199302
40,181,199302
40,29,199302
40,102,199302
40,139,199302
40,142,199302
40,126,199302
40,136,199302
40,182,199302
40,362,199302
40,24,199302
40,143,199302
40,117,199302
40,79,199302
40,180,199302
40,81,199302
40,36,199302
40,35,199302
40,20,199302
40,1,199302
40,52,199302
40,48,199302
40,77,199302
40,14,199302
40,17,199302
40,99,199302
40,13,199302
40,26,199302
40,46,199302
40,60,199302
40,19,199302
41,82,199302
41,63,199302
41,342,199302
41,141,199302
41,79,199302
41,143,199302
41,76,199302
41,146,199302
41,19,199302
41,126,199302
41,46,199302
41,35,199302
41,108,199302
41,97,199302
42,43,199302
42,54,199302
42,29,199302
43,15,199302
43,42,199302
43,54,199302
43,131,199302
43,26,199302
43,74,199302
43,139,199302
43,44,199302
43,97,199302
43,29,199302
44,43,199302
44,276,199302
44,74,199302
44,248,199302
44,29,199302
45,24,199302
45,26,199302
45,39,199302
45,69,199302
45,154,199302
45,143,199302
45,181,199302
45,54,199302
45,40,199302
45,139,199302
45,81,199302
45,10,199302
45,14,199302
45,1,199302
45,19,199302
45,78,199302
45,2,199302
45,99,199302
45,13,199302
45,38,199302
45,29,199302
45,83,199302
45,46,199302
45,97,199302
46,112,199302
46,15,199302
46,183,199302
46,54,199302
46,80,199302
46,160,199302
46,163,199302
46,72,199302
46,137,199302
46,39,199302
46,51,199302
46,2,199302
46,4,199302
46,25,199302
46,85,199302
46,21,199302
46,180,199302
46,107,199302
46,28,199302
46,182,199302
46,79,199302
46,59,199302
46,10,199302
46,158,199302
46,124,199302
46,287,199302
46,146,199302
46,152,199302
46,154,199302
46,126,199302
46,101,199302
46,129,199302
46,142,199302
46,117,199302
46,63,199302
46,224,199302
46,58,199302
46,73,199302
46,143,199302
46,102,199302
46,1,199302
46,237,199302
46,41,199302
46,141,199302
46,64,199302
46,156,199302
46,18,199302
46,29,199302
46,52,199302
46,176,199302
46,27,199302
46,24,199302
46,20,199302
46,106,199302
46,81,199302
46,31,199302
46,136,199302
46,342,199302
46,140,199302
46,0,199302
46,278,199302
46,83,199302
46,16,199302
46,78,199302
46,17,199302
46,57,199302
46,94,199302
46,82,199302
46,36,199302
46,32,199302
46,76,199302
46,77,199302
46,38,199302
46,139,199302
46,97,199302
46,120,199302
46,45,199302
46,100,199302
46,320,199302
46,14,199302
46,13,199302
46,48,199302
46,6,199302
46,108,199302
46,40,199302
46,35,199302
46,99,199302
46,26,199302
46,60,199302
46,19,199302
47,85,199302
47,80,199302
47,31,199302
47,93,199302
47,10,199302
47,17,199302
47,0,199302
47,9,199302
47,1,199302
47,28,199302
47,20,199302
47,154,199302
47,72,199302
47,106,199302
47,152,199302
47,40,199302
47,108,199302
47,142,199302
47,46,199302
47,81,199302
47,98,199302
47,97,199302
47,115,199302
47,116,199302
47,96,199302
47,27,199302
47,19,199302
47,165,199302
47,149,199302
47,2,199302
47,124,199302
47,83,199302
47,137,199302
47,274,199302
47,25,199302
47,92,199302
48,6,199302
48,76,199302
48,100,199302
48,38,199302
48,154,199302
48,20,199302
48,52,199302
48,102,199302
48,22,199302
48,86,199302
48,2,199302
48,16,199302
48,29,199302
48,30,199302
48,92,199302
48,19,199302
48,72,199302
48,59,199302
48,51,199302
48,113,199302
48,136,199302
48,58,199302
48,34,199302
48,17,199302
48,129,199302
48,13,199302
48,135,199302
48,14,199302
48,155,199302
48,32,199302
48,36,199302
48,0,199302
48,99,199302
48,35,199302
48,117,199302
48,120,199302
48,134,199302
48,81,199302
48,60,199302
48,26,199302
48,54,199302
48,180,199302
48,11,199302
48,108,199302
48,77,199302
48,64,199302
48,160,199302
48,18,199302
48,119,199302
48,97,199302
48,31,199302
48,25,199302
48,146,199302
48,40,199302
48,137,199302
48,83,199302
48,46,199302
49,177,199302
49,4,199302
49,51,199302
50,177,199302
50,300,199302
50,248,199302
50,51,199302
50,4,199302
51,6,199302
51,11,199302
51,164,199302
51,108,199302
51,99,199302
51,83,199302
51,30,199302
51,58,199302
51,0,199302
51,26,199302
51,18,199302
51,238,199302
51,159,199302
51,137,199302
51,77,199302
51,17,199302
51,139,199302
51,72,199302
51,189,199302
51,86,199302
51,88,199302
51,13,199302
51,64,199302
51,163,199302
51,227,199302
51,52,199302
51,196,199302
51,19,199302
51,154,199302
51,46,199302
51,81,199302
51,184,199302
51,38,199302
51,14,199302
51,40,199302
51,9,199302
51,60,199302
51,295,199302
51,28,199302
51,23,199302
51,85,199302
51,84,199302
51,268,199302
51,96,199302
51,1,199302
51,4,199302
51,223,199302
51,10,199302
51,300,199302
51,110,199302
51,32,199302
51,301,199302
51,222,199302
51,59,199302
51,317,199302
51,50,199302
51,248,199302
51,33,199302
51,113,199302
51,866,199302
51,49,199302
51,69,199302
51,121,199302
51,215,199302
51,5,199302
51,741,199302
51,177,199302
51,112,199302
51,214,199302
51,20,199302
51,25,199302
51,133,199302
51,21,199302
51,89,199302
51,107,199302
51,146,199302
51,183,199302
51,29,199302
51,136,199302
51,97,199302
52,85,199302
52,293,199302
52,13,199302
52,137,199302
52,76,199302
52,26,199302
52,334,199302
52,134,199302
52,28,199302
52,142,199302
52,155,199302
52,38,199302
52,161,199302
52,112,199302
52,82,199302
52,283,199302
52,124,199302
52,73,199302
52,54,199302
52,126,199302
52,27,199302
52,11,199302
52,114,199302
52,29,199302
52,132,199302
52,32,199302
52,84,199302
52,164,199302
52,30,199302
52,23,199302
52,171,199302
52,53,199302
52,69,199302
52,143,199302
52,97,199302
52,0,199302
52,18,199302
52,22,199302
52,99,199302
52,5,199302
52,16,199302
52,102,199302
52,31,199302
52,86,199302
52,107,199302
52,136,199302
52,140,199302
52,77,199302
52,25,199302
52,1,199302
52,129,199302
52,59,199302
52,100,199302
52,35,199302
52,117,199302
52,139,199302
52,64,199302
52,6,199302
52,19,199302
52,108,199302
52,60,199302
52,36,199302
52,154,199302
52,48,199302
52,14,199302
52,46,199302
52,146,199302
52,40,199302
52,83,199302
53,96,199302
53,19,199302
53,20,199302
53,4,199302
53,183,199302
53,72,199302
53,12,199302
53,132,199302
53,34,199302
53,135,199302
53,5,199302
53,36,199302
53,10,199302
53,16,199302
53,150,199302
53,83,199302
53,11,199302
53,113,199302
53,99,199302
53,18,199302
53,21,199302
53,13,199302
53,23,199302
53,108,199302
53,156,199302
53,2,199302
53,64,199302
53,248,199302
53,59,199302
53,28,199302
53,136,199302
53,112,199302
53,25,199302
53,154,199302
53,29,199302
53,137,199302
53,1,199302
54,43,199302
54,81,199302
54,99,199302
54,136,199302
54,27,199302
54,5,199302
54,22,199302
54,53,199302
54,163,199302
54,97,199302
54,69,199302
54,126,199302
54,72,199302
54,52,199302
54,111,199302
54,4,199302
54,208,199302
54,122,199302
54,23,199302
54,42,199302
54,167,199302
54,134,199302
54,77,199302
54,41,199302
54,119,199302
54,860,199302
54,16,199302
54,180,199302
54,18,199302
54,13,199302
54,0,199302
54,83,199302
54,26,199302
54,21,199302
54,92,199302
54,94,199302
54,12,199302
54,28,199302
54,14,199302
54,213,199302
54,139,199302
54,48,199302
54,10,199302
54,35,199302
54,60,199302
54,108,199302
54,181,199302
54,131,199302
54,19,199302
54,20,199302
54,17,199302
54,6,199302
54,46,199302
54,137,199302
54,146,199302
54,40,199302
54,29,199302
54,1,199302
54,31,199302
54,154,199302
54,160,199302
54,32,199302
55,142,199302
55,181,199302
55,76,199302
55,155,199302
55,69,199302
55,19,199302
55,21,199302
55,208,199302
55,29,199302
55,38,199302
55,52,199302
55,5,199302
55,25,199302
55,139,199302
55,16,199302
55,97,199302
55,26,199302
55,6,199302
55,40,199302
55,13,199302
57,146,199302
57,181,199302
57,124,199302
57,136,199302
57,13,199302
57,31,199302
57,120,199302
57,77,199302
57,160,199302
57,32,199302
57,18,199302
57,98,199302
57,38,199302
57,52,199302
57,26,199302
57,6,199302
57,142,199302
57,137,199302
57,19,199302
57,83,199302
57,46,199302
57,97,199302
58,158,199302
58,80,199302
58,111,199302
58,61,199302
58,77,199302
58,213,199302
58,140,199302
58,59,199302
58,160,199302
58,72,199302
58,92,199302
58,40,199302
58,82,199302
58,29,199302
58,4,199302
58,112,199302
58,14,199302
58,99,199302
58,64,199302
58,137,199302
58,46,199302
58,31,199302
58,97,199302
59,6,199302
59,53,199302
59,32,199302
59,289,199302
59,114,199302
59,64,199302
59,58,199302
59,48,199302
59,132,199302
59,18,199302
59,143,199302
59,154,199302
59,120,199302
59,28,199302
59,126,199302
59,142,199302
59,106,199302
59,13,199302
59,52,199302
59,134,199302
59,36,199302
59,173,199302
59,27,199302
59,31,199302
59,117,199302
59,29,199302
59,10,199302
59,2,199302
59,99,199302
59,129,199302
59,180,199302
59,51,199302
59,14,199302
59,100,199302
59,108,199302
59,60,199302
59,19,199302
59,16,199302
59,11,199302
59,77,199302
59,94,199302
59,46,199302
59,4,199302
59,0,199302
59,81,199302
59,1,199302
59,146,199302
59,137,199302
59,136,199302
59,40,199302
59,139,199302
59,194,199302
59,35,199302
59,20,199302
59,17,199302
59,92,199302
59,83,199302
59,172,199302
59,97,199302
60,114,199302
60,165,199302
60,371,199302
60,36,199302
60,172,199302
60,64,199302
60,10,199302
60,40,199302
60,213,199302
60,1,199302
60,21,199302
60,33,199302
60,28,199302
60,22,199302
60,155,199302
60,16,199302
60,51,199302
60,102,199302
60,137,199302
60,25,199302
60,17,199302
60,143,199302
60,83,199302
60,100,199302
60,23,199302
60,20,199302
60,14,199302
60,11,199302
60,29,199302
60,13,199302
60,126,199302
60,48,199302
60,129,199302
60,77,199302
60,24,199302
60,26,199302
60,113,199302
60,4,199302
60,59,199302
60,27,199302
60,2,199302
60,54,199302
60,181,199302
60,99,199302
60,19,199302
60,142,199302
60,135,199302
60,180,199302
60,173,199302
60,80,199302
60,117,199302
60,108,199302
60,136,199302
60,119,199302
60,81,199302
60,52,199302
60,6,199302
60,94,199302
60,139,199302
60,35,199302
60,0,199302
60,97,199302
60,32,199302
60,31,199302
60,160,199302
60,146,199302
60,154,199302
60,46,199302
60,18,199302
61,171,199302
61,117,199302
61,126,199302
61,180,199302
61,242,199302
61,135,199302
61,234,199302
61,26,199302
61,170,199302
61,53,199302
61,11,199302
61,5,199302
61,213,199302
61,96,199302
61,31,199302
61,99,199302
61,137,199302
61,111,199302
61,265,199302
61,29,199302
61,136,199302
61,18,199302
62,175,199302
62,16,199302
62,102,199302
62,120,199302
62,32,199302
62,66,199302
62,79,199302
62,76,199302
62,64,199302
62,27,199302
62,146,199302
62,40,199302
62,97,199302
62,29,199302
63,95,199302
63,206,199302
63,58,199302
63,80,199302
63,65,199302
63,16,199302
63,29,199302
63,46,199302
63,40,199302
64,99,199302
64,48,199302
64,25,199302
64,26,199302
64,101,199302
64,27,199302
64,10,199302
64,250,199302
64,14,199302
64,224,199302
64,47,199302
64,170,199302
64,270,199302
64,12,199302
64,34,199302
64,111,199302
64,59,199302
64,78,199302
64,124,199302
64,137,199302
64,233,199302
64,29,199302
64,146,199302
64,153,199302
64,41,199302
64,2,199302
64,39,199302
64,163,199302
64,22,199302
64,94,199302
64,5,199302
64,62,199302
64,8,199302
64,139,199302
64,21,199302
64,113,199302
64,110,199302
64,92,199302
64,96,199302
64,20,199302
64,35,199302
64,13,199302
64,102,199302
64,32,199302
64,205,199302
64,142,199302
64,134,199302
64,89,199302
64,28,199302
64,155,199302
64,76,199302
64,52,199302
64,16,199302
64,120,199302
64,176,199302
64,140,199302
64,192,199302
64,117,199302
64,58,199302
64,60,199302
64,19,199302
64,38,199302
64,1,199302
64,0,199302
64,18,199302
64,6,199302
64,129,199302
64,154,199302
64,97,199302
64,40,199302
64,136,199302
64,4,199302
64,46,199302
64,108,199302
64,11,199302
64,17,199302
65,338,199302
65,83,199302
65,6,199302
65,182,199302
65,58,199302
65,156,199302
65,108,199302
65,63,199302
65,23,199302
65,92,199302
65,64,199302
65,143,199302
65,31,199302
65,0,199302
65,26,199302
65,101,199302
65,154,199302
65,137,199302
65,29,199302
65,146,199302
65,40,199302
65,97,199302
66,62,199302
66,180,199302
66,97,199302
66,182,199302
66,83,199302
66,100,199302
66,76,199302
66,208,199302
66,79,199302
66,143,199302
66,31,199302
66,154,199302
66,32,199302
66,40,199302
66,146,199302
66,29,199302
69,155,199302
69,18,199302
69,61,199302
69,124,199302
69,265,199302
69,77,199302
69,12,199302
69,104,199302
69,29,199302
69,55,199302
69,261,199302
69,227,199302
69,105,199302
69,123,199302
69,132,199302
69,51,199302
69,133,199302
69,64,199302
69,189,199302
69,870,199302
69,97,199302
69,28,199302
69,10,199302
69,248,199302
69,301,199302
69,317,199302
69,238,199302
69,30,199302
69,86,199302
69,88,199302
69,976,199302
69,84,199302
69,164,199302
69,17,199302
69,223,199302
69,183,199302
69,136,199302
69,4,199302
69,11,199302
69,20,199302
70,32,199302
70,17,199302
70,248,199302
70,136,199302
71,136,199302
71,83,199302
71,32,199302
71,4,199302
71,35,199302
71,29,199302
71,26,199302
71,11,199302
71,137,199302
72,80,199302
72,31,199302
72,133,199302
72,16,199302
72,146,199302
72,137,199302
72,10,199302
72,115,199302
72,5,199302
72,51,199302
72,120,199302
72,2,199302
72,180,199302
72,112,199302
72,28,199302
72,47,199302
72,58,199302
72,40,199302
72,183,199302
72,142,199302
72,23,199302
72,131,199302
72,150,199302
72,85,199302
72,165,199302
72,342,199302
72,159,199302
72,52,199302
72,152,199302
72,113,199302
72,46,199302
72,1,199302
72,17,199302
72,97,199302
72,81,199302
72,59,199302
72,308,199302
72,0,199302
72,14,199302
72,34,199302
72,92,199302
72,76,199302
72,19,199302
72,99,199302
72,9,199302
72,149,199302
72,32,199302
72,160,199302
72,83,199302
72,116,199302
72,96,199302
72,124,199302
72,93,199302
72,25,199302
72,248,199302
72,21,199302
72,187,199302
72,35,199302
72,20,199302
72,77,199302
72,11,199302
72,29,199302
72,136,199302
72,135,199302
72,154,199302
72,27,199302
72,274,199302
73,101,199302
73,143,199302
73,120,199302
73,65,199302
73,64,199302
73,46,199302
73,97,199302
74,44,199302
74,62,199302
74,131,199302
74,42,199302
74,276,199302
74,96,199302
74,43,199302
74,120,199302
74,6,199302
74,23,199302
74,29,199302
74,18,199302
74,32,199302
75,12,199302
75,151,199302
75,27,199302
75,83,199302
75,6,199302
75,29,199302
75,40,199302
76,6,199302
76,140,199302
76,101,199302
76,183,199302
76,117,199302
76,55,199302
76,27,199302
76,112,199302
76,224,199302
76,73,199302
76,102,199302
76,125,199302
76,134,199302
76,58,199302
76,52,199302
76,62,199302
76,72,199302
76,39,199302
76,126,199302
76,137,199302
76,160,199302
76,180,199302
76,342,199302
76,9,199302
76,124,199302
76,66,199302
76,29,199302
76,25,199302
76,35,199302
76,60,199302
76,13,199302
76,14,199302
76,83,199302
76,64,199302
76,99,199302
76,31,199302
76,146,199302
76,26,199302
76,19,199302
76,40,199302
76,46,199302
76,97,199302
77,116,199302
77,85,199302
77,55,199302
77,16,199302
77,165,199302
77,93,199302
77,17,199302
77,115,199302
77,124,199302
77,9,199302
77,36,199302
77,117,199302
77,2,199302
77,20,199302
77,154,199302
77,72,199302
77,145,199302
77,21,199302
77,79,199302
77,144,199302
77,150,199302
77,126,199302
77,125,199302
77,96,199302
77,35,199302
77,183,199302
77,25,199302
77,13,199302
77,132,199302
77,81,199302
77,5,199302
77,234,199302
77,28,199302
77,100,199302
77,18,199302
77,208,199302
77,34,199302
77,52,199302
77,47,199302
77,233,199302
77,54,199302
77,69,199302
77,131,199302
77,287,199302
77,362,199302
77,19,199302
77,10,199302
77,83,199302
77,22,199302
77,26,199302
77,113,199302
77,176,199302
77,180,199302
77,0,199302
77,102,199302
77,355,199302
77,107,199302
77,120,199302
77,31,199302
77,57,199302
77,320,199302
77,38,199302
77,92,199302
77,139,199302
77,4,199302
77,1,199302
77,198,199302
77,59,199302
77,181,199302
77,94,199302
77,6,199302
77,14,199302
77,48,199302
77,375,199302
77,27,199302
77,160,199302
77,136,199302
77,60,199302
77,108,199302
77,146,199302
77,135,199302
77,29,199302
77,99,199302
77,40,199302
77,137,199302
77,46,199302
77,97,199302
77,32,199302
78,69,199302
78,54,199302
78,180,199302
78,11,199302
78,154,199302
78,97,199302
78,342,199302
78,146,199302
78,76,199302
78,64,199302
78,85,199302
78,45,199302
78,19,199302
78,143,199302
78,27,199302
78,12,199302
78,16,199302
78,38,199302
78,29,199302
78,100,199302
78,137,199302
78,46,199302
79,111,199302
79,61,199302
79,176,199302
79,97,199302
79,132,199302
79,152,199302
79,72,199302
79,146,199302
79,2,199302
79,66,199302
79,54,199302
79,137,199302
79,36,199302
79,60,199302
79,46,199302
79,32,199302
79,29,199302
79,40,199302
80,96,199302
80,116,199302
80,97,199302
80,81,199302
80,47,199302
80,187,199302
80,93,199302
80,10,199302
80,149,199302
80,27,199302
80,5,199302
80,23,199302
80,107,199302
80,28,199302
80,2,199302
80,154,199302
80,72,199302
80,52,199302
80,58,199302
80,20,199302
80,250,199302
80,61,199302
80,111,199302
80,134,199302
80,45,199302
80,117,199302
80,267,199302
80,143,199302
80,275,199302
80,165,199302
80,34,199302
80,102,199302
80,92,199302
80,1,199302
80,32,199302
80,76,199302
80,26,199302
80,19,199302
80,85,199302
80,16,199302
80,136,199302
80,14,199302
80,188,199302
80,29,199302
80,157,199302
80,17,199302
80,31,199302
80,40,199302
80,146,199302
80,60,199302
80,135,199302
80,160,199302
80,137,199302
80,46,199302
80,0,199302
81,97,199302
81,80,199302
81,16,199302
81,274,199302
81,165,199302
81,34,199302
81,27,199302
81,152,199302
81,9,199302
81,12,199302
81,2,199302
81,135,199302
81,174,199302
81,13,199302
81,154,199302
81,15,199302
81,106,199302
81,96,199302
81,99,199302
81,233,199302
81,149,199302
81,137,199302
81,11,199302
81,47,199302
81,189,199302
81,265,199302
81,338,199302
81,342,199302
81,132,199302
81,121,199302
81,113,199302
81,28,199302
81,156,199302
81,158,199302
81,237,199302
81,72,199302
81,180,199302
81,334,199302
81,10,199302
81,52,199302
81,21,199302
81,17,199302
81,131,199302
81,4,199302
81,25,199302
81,18,199302
81,100,199302
81,124,199302
81,134,199302
81,92,199302
81,31,199302
81,77,199302
81,51,199302
81,48,199302
81,35,199302
81,36,199302
81,20,199302
81,1,199302
81,14,199302
81,59,199302
81,136,199302
81,54,199302
81,26,199302
81,6,199302
81,108,199302
81,60,199302
81,19,199302
81,32,199302
81,46,199302
81,40,199302
81,29,199302
81,146,199302
82,114,199302
82,102,199302
82,83,199302
82,31,199302
82,77,199302
82,13,199302
82,27,199302
82,40,199302
82,17,199302
82,126,199302
82,32,199302
82,6,199302
82,46,199302
82,97,199302
83,47,199302
83,9,199302
83,76,199302
83,11,199302
83,92,199302
83,188,199302
83,120,199302
83,224,199302
83,12,199302
83,101,199302
83,72,199302
83,29,199302
83,57,199302
83,18,199302
83,134,199302
83,154,199302
83,135,199302
83,66,199302
83,82,199302
83,160,199302
83,80,199302
83,4,199302
83,53,199302
83,73,199302
83,75,199302
83,41,199302
83,157,199302
83,143,199302
83,1,199302
83,155,199302
83,32,199302
83,2,199302
83,25,199302
83,61,199302
83,40,199302
83,52,199302
83,27,199302
83,77,199302
83,136,199302
83,20,199302
83,38,199302
83,13,199302
83,10,199302
83,112,199302
83,173,199302
83,14,199302
83,176,199302
83,99,199302
83,26,199302
83,6,199302
83,137,199302
83,146,199302
83,172,199302
83,45,199302
83,16,199302
83,117,199302
83,19,199302
83,100,199302
83,142,199302
83,97,199302
83,106,199302
83,126,199302
83,59,199302
83,31,199302
83,180,199302
83,46,199302
83,119,199302
83,102,199302
83,94,199302
83,195,199302
83,129,199302
83,139,199302
83,48,199302
83,36,199302
83,108,199302
83,35,199302
83,60,199302
84,88,199302
84,96,199302
84,154,199302
84,142,199302
84,223,199302
84,164,199302
84,51,199302
84,248,199302
84,30,199302
84,69,199302
84,136,199302
84,18,199302
84,11,199302
85,116,199302
85,97,199302
85,80,199302
85,133,199302
85,47,199302
85,25,199302
85,124,199302
85,135,199302
85,23,199302
85,38,199302
85,14,199302
85,16,199302
85,0,199302
85,142,199302
85,6,199302
85,64,199302
85,157,199302
85,188,199302
85,83,199302
85,106,199302
85,208,199302
85,77,199302
85,19,199302
85,52,199302
85,69,199302
85,17,199302
85,18,199302
85,73,199302
85,112,199302
85,2,199302
85,108,199302
85,24,199302
85,60,199302
85,1,199302
85,10,199302
85,117,199302
85,13,199302
85,27,199302
85,22,199302
85,4,199302
85,137,199302
85,46,199302
85,51,199302
85,113,199302
85,154,199302
85,187,199302
85,107,199302
85,26,199302
85,5,199302
85,99,199302
85,20,199302
85,9,199302
85,72,199302
85,96,199302
85,28,199302
85,93,199302
85,11,199302
85,40,199302
85,149,199302
85,29,199302
85,160,199302
85,115,199302
85,136,199302
85,165,199302
85,92,199302
85,274,199302
86,35,199302
86,88,199302
86,39,199302
86,16,199302
86,139,199302
86,27,199302
86,154,199302
86,97,199302
86,238,199302
86,51,199302
86,181,199302
86,164,199302
86,19,199302
86,30,199302
86,69,199302
86,136,199302
86,18,199302
86,11,199302
87,91,199302
87,203,199302
87,32,199302
87,17,199302
87,89,199302
87,202,199302
88,238,199302
88,317,199302
88,223,199302
88,19,199302
88,84,199302
88,164,199302
88,51,199302
88,248,199302
88,69,199302
88,30,199302
88,11,199302
89,17,199302
89,203,199302
89,32,199302
89,60,199302
89,323,199302
89,92,199302
89,91,199302
89,243,199302
89,10,199302
89,136,199302
89,90,199302
89,212,199302
89,11,199302
89,110,199302
89,87,199302
89,28,199302
89,51,199302
89,8,199302
89,770,199302
89,137,199302
89,154,199302
89,7,199302
89,20,199302
89,1,199302
89,29,199302
89,97,199302
89,4,199302
89,778,199302
89,18,199302
90,7,199302
90,243,199302
90,89,199302
91,87,199302
91,89,199302
92,23,199302
92,21,199302
92,134,199302
92,53,199302
92,58,199302
92,107,199302
92,81,199302
92,132,199302
92,146,199302
92,46,199302
92,29,199302
92,40,199302
92,48,199302
92,80,199302
92,208,199302
92,120,199302
92,97,199302
92,142,199302
92,99,199302
92,124,199302
92,6,199302
92,83,199302
92,96,199302
92,64,199302
92,57,199302
92,2,199302
92,20,199302
92,26,199302
92,242,199302
92,17,199302
92,32,199302
92,16,199302
92,133,199302
92,5,199302
92,187,199302
92,116,199302
92,28,199302
92,136,199302
92,115,199302
92,18,199302
92,31,199302
92,77,199302
92,35,199302
92,59,199302
92,160,199302
92,149,199302
92,10,199302
92,9,199302
92,27,199302
92,154,199302
92,165,199302
92,137,199302
92,1,199302
92,72,199302
92,135,199302
92,47,199302
92,93,199302
92,85,199302
92,0,199302
92,274,199302
93,136,199302
93,34,199302
93,10,199302
93,17,199302
93,27,199302
93,135,199302
93,0,199302
93,9,199302
93,28,199302
93,20,199302
93,154,199302
93,1,199302
93,72,199302
93,40,199302
93,6,199302
93,96,199302
93,97,199302
93,5,199302
93,32,199302
93,83,199302
93,29,199302
93,115,199302
93,137,199302
93,18,199302
93,165,199302
93,116,199302
93,85,199302
93,2,199302
93,274,199302
93,25,199302
93,92,199302
94,14,199302
94,108,199302
94,165,199302
94,11,199302
94,64,199302
94,139,199302
94,142,199302
94,98,199302
94,6,199302
94,152,199302
94,16,199302
94,1,199302
94,154,199302
94,99,199302
94,113,199302
94,40,199302
94,18,199302
94,13,199302
94,32,199302
94,155,199302
94,26,199302
94,0,199302
94,163,199302
94,181,199302
94,52,199302
94,59,199302
94,135,199302
94,137,199302
94,77,199302
94,25,199302
94,29,199302
94,146,199302
94,60,199302
94,19,199302
94,83,199302
94,46,199302
94,97,199302
95,180,199302
95,54,199302
95,32,199302
95,63,199302
95,40,199302
96,80,199302
96,31,199302
96,57,199302
96,93,199302
96,25,199302
96,34,199302
96,17,199302
96,124,199302
96,27,199302
96,20,199302
96,72,199302
96,21,199302
96,107,199302
96,9,199302
96,150,199302
96,77,199302
96,35,199302
96,146,199302
96,11,199302
96,14,199302
96,133,199302
96,120,199302
96,52,199302
96,15,199302
96,39,199302
96,92,199302
96,180,199302
96,12,199302
96,64,199302
96,24,199302
96,108,199302
96,183,199302
96,117,199302
96,26,199302
96,32,199302
96,47,199302
96,51,199302
96,97,199302
96,5,199302
96,4,199302
96,59,199302
96,29,199302
96,248,199302
96,6,199302
96,85,199302
96,165,199302
96,112,199302
96,99,199302
96,0,199302
96,81,199302
96,113,199302
96,135,199302
96,2,199302
96,149,199302
96,154,199302
96,10,199302
96,23,199302
96,115,199302
96,116,199302
96,40,199302
96,28,199302
96,18,199302
96,136,199302
96,137,199302
96,1,199302
96,274,199302
97,60,199302
97,38,199302
97,12,199302
97,23,199302
97,85,199302
97,111,199302
97,120,199302
97,59,199302
97,237,199302
97,142,199302
97,77,199302
97,45,199302
97,183,199302
97,137,199302
97,61,199302
97,29,199302
97,81,199302
97,92,199302
97,40,199302
97,233,199302
97,13,199302
97,136,199302
97,125,199302
97,181,199302
97,21,199302
97,69,199302
97,76,199302
97,9,199302
97,27,199302
97,4,199302
97,132,199302
97,134,199302
97,107,199302
97,112,199302
97,121,199302
97,144,199302
97,5,199302
97,34,199302
97,195,199302
97,18,199302
97,176,199302
97,26,199302
97,96,199302
97,32,199302
97,14,199302
97,102,199302
97,362,199302
97,146,199302
97,10,199302
97,51,199302
97,242,199302
97,22,199302
97,131,199302
97,119,199302
97,43,199302
97,129,199302
97,114,199302
97,7,199302
97,165,199302
97,54,199302
97,182,199302
97,113,199302
97,62,199302
97,100,199302
97,216,199302
97,16,199302
97,307,199302
97,0,199302
97,64,199302
97,167,199302
97,160,199302
97,19,199302
97,6,199302
97,117,199302
97,249,199302
97,180,199302
97,175,199302
97,72,199302
97,126,199302
97,1,199302
97,141,199302
97,108,199302
97,172,199302
97,188,199302
97,79,199302
97,89,199302
97,83,199302
97,28,199302
97,48,199302
97,73,199302
97,99,199302
97,35,199302
97,65,199302
97,250,199302
97,124,199302
97,58,199302
97,106,199302
97,156,199302
97,98,199302
97,41,199302
97,46,199302
97,2,199302
97,154,199302
97,158,199302
97,25,199302
97,152,199302
97,24,199302
97,157,199302
97,224,199302
97,52,199302
97,31,199302
97,143,199302
97,82,199302
97,94,199302
97,57,199302
97,78,199302
97,20,199302
97,101,199302
97,39,199302
97,139,199302
97,80,199302
97,17,199302
97,36,199302
97,11,199302
98,6,199302
98,101,199302
98,34,199302
98,154,199302
98,150,199302
98,160,199302
98,76,199302
98,165,199302
98,16,199302
98,157,199302
98,120,199302
98,152,199302
98,2,199302
98,99,199302
98,19,199302
98,188,199302
98,25,199302
98,31,199302
98,137,199302
98,97,199302
99,126,199302
99,77,199302
99,27,199302
99,83,199302
99,4,199302
99,117,199302
99,113,199302
99,174,199302
99,165,199302
99,60,199302
99,14,199302
99,26,199302
99,71,199302
99,51,199302
99,142,199302
99,18,199302
99,20,199302
99,22,199302
99,136,199302
99,28,199302
99,15,199302
99,154,199302
99,58,199302
99,53,199302
99,54,199302
99,32,199302
99,17,199302
99,11,199302
99,36,199302
99,45,199302
99,155,199302
99,100,199302
99,12,199302
99,52,199302
99,5,199302
99,1,199302
99,25,199302
99,112,199302
99,98,199302
99,332,199302
99,10,199302
99,59,199302
99,97,199302
99,114,199302
99,31,199302
99,106,199302
99,135,199302
99,13,199302
99,64,199302
99,139,199302
99,108,199302
99,124,199302
99,80,199302
99,85,199302
99,29,199302
99,96,199302
99,94,199302
99,2,199302
99,131,199302
99,48,199302
99,0,199302
99,293,199302
99,35,199302
99,76,199302
99,143,199302
99,81,199302
99,24,199302
99,180,199302
99,102,199302
99,16,199302
99,160,199302
99,146,199302
99,137,199302
99,40,199302
99,46,199302
99,6,199302
100,53,199302
100,165,199302
100,60,199302
100,106,199302
100,180,199302
100,149,199302
100,21,199302
100,136,199302
100,77,199302
100,22,199302
100,13,199302
100,52,199302
100,85,199302
100,26,199302
100,18,199302
100,142,199302
100,132,199302
100,6,199302
100,126,199302
100,112,199302
100,64,199302
100,119,199302
100,11,199302
100,19,199302
100,154,199302
100,78,199302
100,81,199302
100,27,199302
100,16,199302
100,32,199302
100,102,199302
100,20,199302
100,99,199302
100,35,199302
100,59,199302
100,40,199302
100,146,199302
100,29,199302
100,14,199302
100,97,199302
100,31,199302
100,137,199302
100,25,199302
100,83,199302
100,46,199302
101,97,199302
101,188,199302
101,16,199302
101,156,199302
101,140,199302
101,198,199302
101,216,199302
101,9,199302
101,106,199302
101,126,199302
101,132,199302
101,152,199302
101,31,199302
101,64,199302
101,137,199302
101,14,199302
101,48,199302
101,29,199302
101,65,199302
101,154,199302
101,146,199302
101,46,199302
101,160,199302
101,40,199302
102,155,199302
102,135,199302
102,81,199302
102,13,199302
102,146,199302
102,18,199302
102,5,199302
102,16,199302
102,2,199302
102,21,199302
102,23,199302
102,198,199302
102,72,199302
102,54,199302
102,45,199302
102,27,199302
102,31,199302
102,77,199302
102,24,199302
102,114,199302
102,11,199302
102,106,199302
102,52,199302
102,17,199302
102,35,199302
102,64,199302
102,108,199302
102,60,199302
102,48,199302
102,6,199302
102,178,199302
102,26,199302
102,46,199302
102,32,199302
102,14,199302
102,29,199302
102,97,199302
102,99,199302
102,40,199302
102,19,199302
102,83,199302
103,248,199302
103,20,199302
104,189,199302
104,5,199302
104,83,199302
104,124,199302
104,97,199302
104,248,199302
104,31,199302
104,154,199302
104,136,199302
104,137,199302
105,46,199302
105,228,199302
105,64,199302
105,69,199302
105,17,199302
105,11,199302
105,137,199302
105,183,199302
106,38,199302
106,139,199302
106,16,199302
106,176,199302
106,2,199302
106,28,199302
106,0,199302
106,52,199302
106,134,199302
106,126,199302
106,108,199302
106,102,199302
106,13,199302
106,180,199302
106,25,199302
106,137,199302
106,6,199302
106,83,199302
106,46,199302
106,97,199302
107,96,199302
107,85,199302
107,17,199302
107,2,199302
107,154,199302
107,119,199302
107,92,199302
107,21,199302
107,32,199302
107,15,199302
107,22,199302
107,98,199302
107,28,199302
107,126,199302
107,108,199302
107,1,199302
107,35,199302
107,26,199302
107,25,199302
107,113,199302
107,19,199302
107,11,199302
107,18,199302
107,165,199302
107,23,199302
107,46,199302
107,150,199302
107,40,199302
107,20,199302
107,112,199302
107,133,199302
107,4,199302
107,51,199302
107,136,199302
107,29,199302
107,137,199302
107,10,199302
107,5,199302
108,40,199302
108,124,199302
108,342,199302
108,117,199302
108,72,199302
108,51,199302
108,21,199302
108,136,199302
108,164,199302
108,19,199302
108,22,199302
108,18,199302
108,96,199302
108,28,199302
108,32,199302
108,106,199302
108,60,199302
108,165,199302
108,5,199302
108,83,199302
108,20,199302
108,86,199302
108,58,199302
108,4,199302
108,77,199302
108,198,199302
108,29,199302
108,11,199302
108,26,199302
108,6,199302
108,237,199302
108,52,199302
108,1,199302
108,154,199302
108,142,199302
108,10,199302
108,107,199302
108,99,199302
108,171,199302
108,27,199302
108,120,199302
108,102,199302
108,176,199302
108,135,199302
108,13,199302
108,54,199302
108,59,199302
108,35,199302
108,0,199302
108,48,199302
108,17,199302
108,126,199302
108,156,199302
108,129,199302
108,81,199302
108,64,199302
108,16,199302
108,97,199302
108,41,199302
108,160,199302
108,31,199302
108,14,199302
108,146,199302
108,25,199302
108,137,199302
108,46,199302
109,305,199302
109,633,199302
109,128,199302
109,306,199302
109,127,199302
109,427,199302
109,4,199302
109,110,199302
110,225,199302
110,229,199302
110,226,199302
110,9,199302
110,60,199302
110,200,199302
110,48,199302
110,108,199302
110,213,199302
110,247,199302
110,789,199302
110,196,199302
110,633,199302
110,28,199302
110,525,199302
110,136,199302
110,230,199302
110,231,199302
110,185,199302
110,201,199302
110,29,199302
110,17,199302
110,137,199302
110,191,199302
110,51,199302
110,290,199302
110,190,199302
110,20,199302
110,424,199302
110,186,199302
110,352,199302
110,351,199302
110,32,199302
110,25,199302
110,305,199302
110,127,199302
110,427,199302
110,425,199302
110,232,199302
110,235,199302
110,4,199302
110,89,199302
110,109,199302
110,11,199302
111,242,199302
111,117,199302
111,180,199302
111,126,199302
111,147,199302
111,74,199302
111,5,199302
111,54,199302
111,61,199302
111,29,199302
111,11,199302
111,18,199302
112,164,199302
112,40,199302
112,121,199302
112,35,199302
112,76,199302
112,86,199302
112,64,199302
112,54,199302
112,0,199302
112,9,199302
112,59,199302
112,32,199302
112,21,199302
112,81,199302
112,77,199302
112,84,199302
112,85,199302
112,154,199302
112,52,199302
112,26,199302
112,160,199302
112,146,199302
112,25,199302
112,36,199302
112,96,199302
112,14,199302
112,97,199302
112,124,199302
112,58,199302
112,60,199302
112,165,199302
112,13,199302
112,5,199302
112,6,199302
112,53,199302
112,22,199302
112,17,199302
112,107,199302
112,23,199302
112,51,199302
112,20,199302
112,133,199302
112,4,199302
112,136,199302
112,137,199302
112,1,199302
112,18,199302
112,10,199302
112,11,199302
112,29,199302
112,28,199302
112,113,199302
113,124,199302
113,176,199302
113,27,199302
113,99,199302
113,23,199302
113,17,199302
113,85,199302
113,6,199302
113,29,199302
113,81,199302
113,12,199302
113,77,199302
113,14,199302
113,51,199302
113,54,199302
113,36,199302
113,72,199302
113,28,199302
113,64,199302
113,13,199302
113,59,199302
113,26,199302
113,160,199302
113,19,199302
113,52,199302
113,35,199302
113,18,199302
113,32,199302
113,4,199302
113,146,199302
113,107,199302
113,10,199302
113,60,199302
113,96,199302
113,150,199302
113,97,199302
113,136,199302
113,21,199302
113,154,199302
113,5,199302
113,25,199302
113,20,199302
113,11,199302
113,137,199302
113,1,199302
113,112,199302
114,26,199302
114,142,199302
114,208,199302
114,289,199302
114,11,199302
114,126,199302
114,134,199302
114,155,199302
114,106,199302
114,59,199302
114,102,199302
114,19,199302
114,99,199302
114,97,199302
114,29,199302
114,13,199302
115,116,199302
115,93,199302
115,149,199302
115,9,199302
115,2,199302
115,154,199302
115,72,199302
115,80,199302
115,47,199302
115,31,199302
115,5,199302
115,160,199302
115,92,199302
115,124,199302
115,0,199302
115,23,199302
115,28,199302
115,17,199302
115,25,199302
115,10,199302
115,1,199302
115,165,199302
115,96,199302
115,85,199302
115,137,199302
115,274,199302
116,80,199302
116,31,199302
116,47,199302
116,165,199302
116,25,199302
116,77,199302
116,10,199302
116,17,199302
116,124,199302
116,149,199302
116,27,199302
116,9,199302
116,20,199302
116,154,199302
116,72,199302
116,19,199302
116,83,199302
116,38,199302
116,115,199302
116,0,199302
116,2,199302
116,93,199302
116,5,199302
116,28,199302
116,23,199302
116,85,199302
116,1,199302
116,92,199302
116,96,199302
116,137,199302
116,274,199302
117,76,199302
117,154,199302
117,126,199302
117,124,199302
117,132,199302
117,26,199302
117,160,199302
117,12,199302
117,15,199302
117,19,199302
117,165,199302
117,73,199302
117,85,199302
117,27,199302
117,242,199302
117,25,199302
117,181,199302
117,22,199302
117,38,199302
117,97,199302
117,139,199302
117,208,199302
117,134,199302
117,153,199302
117,0,199302
117,81,199302
117,16,199302
117,35,199302
117,1,199302
117,10,199302
117,31,199302
117,82,199302
117,60,199302
117,142,199302
117,119,199302
117,48,199302
117,59,199302
117,180,199302
117,108,199302
117,52,199302
117,13,199302
117,36,199302
117,64,199302
117,6,199302
117,14,199302
117,146,199302
117,99,199302
117,46,199302
117,83,199302
117,32,199302
117,40,199302
117,29,199302
118,18,199302
118,25,199302
118,137,199302
119,25,199302
119,20,199302
119,85,199302
119,2,199302
119,134,199302
119,213,199302
119,137,199302
119,0,199302
119,77,199302
119,100,199302
119,117,199302
119,97,199302
119,180,199302
119,40,199302
119,13,199302
119,36,199302
119,60,199302
119,19,199302
119,48,199302
119,29,199302
119,83,199302
120,14,199302
120,76,199302
120,26,199302
120,146,199302
120,24,199302
120,242,199302
120,38,199302
120,287,199302
120,2,199302
120,101,199302
120,15,199302
120,23,199302
120,192,199302
120,29,199302
120,62,199302
120,12,199302
120,57,199302
120,28,199302
120,83,199302
120,158,199302
120,137,199302
120,9,199302
120,175,199302
120,52,199302
120,81,199302
120,334,199302
120,160,199302
120,78,199302
120,80,199302
120,0,199302
120,117,199302
120,102,199302
120,126,199302
120,142,199302
120,1,199302
120,27,199302
120,13,199302
120,64,199302
120,31,199302
120,6,199302
120,14,199302
120,146,199302
120,32,199302
120,26,199302
120,137,199302
120,19,199302
120,29,199302
120,40,199302
120,46,199302
120,97,199302
121,189,199302
121,18,199302
121,110,199302
121,12,199302
121,154,199302
121,97,199302
121,137,199302
121,4,199302
121,51,199302
121,5,199302
121,20,199302
121,1,199302
122,25,199302
122,181,199302
122,233,199302
122,123,199302
122,6,199302
122,69,199302
122,154,199302
122,11,199302
122,248,199302
122,136,199302
122,18,199302
123,15,199302
123,25,199302
123,135,199302
123,11,199302
123,16,199302
123,248,199302
123,122,199302
123,136,199302
123,18,199302
124,96,199302
124,116,199302
124,85,199302
124,45,199302
124,16,199302
124,81,199302
124,47,199302
124,32,199302
124,25,199302
124,77,199302
124,17,199302
124,115,199302
124,27,199302
124,9,199302
124,2,199302
124,20,199302
124,19,199302
124,189,199302
124,181,199302
124,14,199302
124,5,199302
124,126,199302
124,38,199302
124,13,199302
124,53,199302
124,24,199302
124,66,199302
124,165,199302
124,99,199302
124,76,199302
124,18,199302
124,1,199302
124,60,199302
124,72,199302
124,104,199302
124,23,199302
124,187,199302
124,136,199302
124,248,199302
124,0,199302
124,160,199302
124,93,199302
124,29,199302
124,135,199302
124,137,199302
124,46,199302
124,146,199302
124,92,199302
124,31,199302
124,154,199302
124,97,199302
124,274,199302
125,303,199302
125,58,199302
125,26,199302
125,12,199302
125,154,199302
125,61,199302
125,54,199302
125,183,199302
125,142,199302
125,146,199302
125,24,199302
125,80,199302
125,81,199302
125,107,199302
125,174,199302
125,213,199302
125,31,199302
125,17,199302
125,248,199302
125,136,199302
125,29,199302
126,19,199302
126,289,199302
126,114,199302
126,0,199302
126,156,199302
126,80,199302
126,242,199302
126,76,199302
126,160,199302
126,117,199302
126,124,199302
126,175,199302
126,85,199302
126,33,199302
126,52,199302
126,170,199302
126,65,199302
126,158,199302
126,134,199302
126,154,199302
126,4,199302
126,51,199302
126,18,199302
126,82,199302
126,137,199302
126,155,199302
126,120,199302
126,77,199302
126,59,199302
126,100,199302
126,10,199302
126,142,199302
126,31,199302
126,38,199302
126,94,199302
126,60,199302
126,180,199302
126,36,199302
126,35,199302
126,26,199302
126,139,199302
126,13,199302
126,6,199302
126,146,199302
126,14,199302
126,99,199302
126,46,199302
126,29,199302
126,32,199302
126,97,199302
126,83,199302
126,40,199302
127,305,199302
127,306,199302
127,128,199302
127,427,199302
127,110,199302
127,4,199302
127,109,199302
128,306,199302
128,127,199302
128,4,199302
128,109,199302
128,427,199302
129,35,199302
129,5,199302
129,154,199302
129,6,199302
129,143,199302
129,59,199302
129,60,199302
129,13,199302
129,29,199302
129,52,199302
129,32,199302
129,1,199302
129,217,199302
129,17,199302
129,137,199302
129,14,199302
129,40,199302
129,108,199302
129,284,199302
129,31,199302
129,46,199302
129,19,199302
129,64,199302
129,173,199302
129,83,199302
129,172,199302
129,97,199302
131,271,199302
131,43,199302
131,76,199302
131,170,199302
131,159,199302
131,15,199302
131,154,199302
131,142,199302
131,18,199302
131,181,199302
131,180,199302
131,16,199302
131,92,199302
131,30,199302
131,81,199302
131,61,199302
131,265,199302
131,86,199302
131,40,199302
131,193,199302
131,176,199302
131,126,199302
131,64,199302
131,0,199302
131,48,199302
131,136,199302
131,74,199302
131,35,199302
131,36,199302
131,248,199302
131,99,199302
131,54,199302
131,29,199302
131,32,199302
132,29,199302
132,213,199302
132,20,199302
132,267,199302
132,53,199302
132,102,199302
132,33,199302
132,78,199302
132,234,199302
132,69,199302
132,146,199302
132,32,199302
132,96,199302
132,40,199302
132,9,199302
132,137,199302
132,16,199302
132,45,199302
132,81,199302
132,92,199302
132,104,199302
132,94,199302
132,77,199302
132,24,199302
132,26,199302
132,17,199302
132,23,199302
132,13,199302
132,1,199302
132,248,199302
132,154,199302
132,18,199302
132,136,199302
133,92,199302
133,27,199302
133,135,199302
133,9,199302
133,35,199302
133,265,199302
133,154,199302
133,18,199302
133,61,199302
133,69,199302
133,2,199302
133,53,199302
133,38,199302
133,40,199302
133,4,199302
133,183,199302
133,136,199302
133,165,199302
133,169,199302
133,85,199302
133,137,199302
133,96,199302
133,51,199302
133,107,199302
133,11,199302
133,112,199302
133,1,199302
133,20,199302
133,21,199302
133,10,199302
133,5,199302
134,126,199302
134,11,199302
134,0,199302
134,289,199302
134,97,199302
134,77,199302
134,155,199302
134,117,199302
134,95,199302
134,106,199302
134,142,199302
134,154,199302
134,114,199302
134,208,199302
134,180,199302
134,81,199302
134,100,199302
134,17,199302
134,113,199302
134,59,199302
134,1,199302
134,23,199302
134,82,199302
134,112,199302
134,182,199302
134,48,199302
134,36,199302
134,101,199302
134,108,199302
134,120,199302
134,20,199302
134,60,199302
134,64,199302
134,137,199302
134,40,199302
134,26,199302
134,13,199302
134,146,199302
134,6,199302
134,29,199302
134,19,199302
135,116,199302
135,133,199302
135,47,199302
135,274,199302
135,34,199302
135,27,199302
135,54,199302
135,12,199302
135,107,199302
135,20,199302
135,79,199302
135,61,199302
135,170,199302
135,40,199302
135,267,199302
135,83,199302
135,860,199302
135,9,199302
135,21,199302
135,137,199302
135,113,199302
135,159,199302
135,237,199302
135,28,199302
135,6,199302
135,5,199302
135,165,199302
135,85,199302
135,93,199302
135,26,199302
135,23,199302
135,96,199302
135,10,199302
135,2,199302
135,60,199302
135,108,199302
135,17,199302
135,94,199302
135,0,199302
135,4,199302
135,154,199302
135,80,199302
135,124,199302
135,72,199302
135,375,199302
135,18,199302
135,48,199302
135,139,199302
135,1,199302
135,81,199302
135,77,199302
135,92,199302
135,32,199302
135,31,199302
135,187,199302
135,16,199302
136,80,199302
136,13,199302
136,81,199302
136,147,199302
136,70,199302
136,54,199302
136,29,199302
136,120,199302
136,28,199302
136,57,199302
136,97,199302
136,85,199302
136,183,199302
136,5,199302
136,14,199302
136,176,199302
136,47,199302
136,86,199302
136,238,199302
136,133,199302
136,59,199302
136,60,199302
136,92,199302
136,149,199302
136,121,199302
136,135,199302
136,143,199302
136,6,199302
136,52,199302
136,181,199302
136,74,199302
136,142,199302
136,16,199302
136,76,199302
136,98,199302
136,22,199302
136,108,199302
136,17,199302
136,53,199302
136,99,199302
136,36,199302
136,35,199302
136,248,199302
136,83,199302
136,48,199302
136,84,199302
136,169,199302
136,11,199302
136,89,199302
136,122,199302
136,174,199302
136,124,199302
136,71,199302
136,69,199302
136,159,199302
136,164,199302
136,265,199302
136,307,199302
136,104,199302
136,153,199302
136,10,199302
136,113,199302
136,165,199302
136,0,199302
136,19,199302
136,72,199302
136,213,199302
136,25,199302
136,33,199302
136,30,199302
136,150,199302
136,160,199302
136,123,199302
136,189,199302
136,163,199302
136,9,199302
136,34,199302
136,21,199302
136,2,199302
136,61,199302
136,77,199302
136,23,199302
136,64,199302
136,32,199302
136,112,199302
136,15,199302
136,96,199302
136,125,199302
136,137,199302
136,31,199302
136,107,199302
136,46,199302
136,51,199302
136,146,199302
136,40,199302
136,18,199302
136,26,199302
136,12,199302
136,154,199302
136,132,199302
136,1,199302
136,27,199302
136,4,199302
136,20,199302
136,303,199302
137,96,199302
137,97,199302
137,132,199302
137,27,199302
137,72,199302
137,101,199302
137,26,199302
137,139,199302
137,31,199302
137,17,199302
137,5,199302
137,73,199302
137,76,199302
137,23,199302
137,120,199302
137,165,199302
137,98,199302
137,102,199302
137,150,199302
137,28,199302
137,32,199302
137,41,199302
137,66,199302
137,53,199302
137,13,199302
137,57,199302
137,83,199302
137,180,199302
137,46,199302
137,183,199302
137,51,199302
137,126,199302
137,59,199302
137,39,199302
137,14,199302
137,81,199302
137,208,199302
137,78,199302
137,142,199302
137,35,199302
137,47,199302
137,175,199302
137,131,199302
137,52,199302
137,30,199302
137,135,199302
137,85,199302
137,40,199302
137,69,199302
137,181,199302
137,113,199302
137,6,199302
137,141,199302
137,121,199302
137,115,199302
137,144,199302
137,161,199302
137,24,199302
137,133,199302
137,55,199302
137,182,199302
137,64,199302
137,114,199302
137,43,199302
137,106,199302
137,196,199302
137,2,199302
137,248,199302
137,105,199302
137,33,199302
137,250,199302
137,303,199302
137,94,199302
137,343,199302
137,110,199302
137,216,199302
137,38,199302
137,342,199302
137,20,199302
137,65,199302
137,149,199302
137,124,199302
137,16,199302
137,671,199302
137,1190,199302
137,339,199302
137,189,199302
137,188,199302
137,483,199302
137,337,199302
137,152,199302
137,58,199302
137,335,199302
137,211,199302
137,244,199302
137,10,199302
137,220,199302
137,213,199302
137,169,199302
137,344,199302
137,54,199302
137,146,199302
137,309,199302
137,7,199302
137,333,199302
137,156,199302
137,326,199302
137,157,199302
137,19,199302
137,336,199302
137,154,199302
137,143,199302
137,390,199302
137,116,199302
137,307,199302
137,100,199302
137,29,199302
137,160,199302
137,104,199302
137,118,199302
137,89,199302
137,153,199302
137,310,199302
137,112,199302
137,21,199302
137,34,199302
137,80,199302
137,136,199302
137,71,199302
137,1,199302
137,22,199302
137,107,199302
137,36,199302
137,92,199302
137,93,199302
137,77,199302
137,48,199302
137,4,199302
137,12,199302
137,129,199302
137,99,199302
137,108,199302
137,18,199302
137,9,199302
137,11,199302
137,25,199302
137,0,199302
137,60,199302
138,248,199302
138,29,199302
139,35,199302
139,38,199302
139,21,199302
139,94,199302
139,60,199302
139,107,199302
139,136,199302
139,1,199302
139,4,199302
139,17,199302
139,12,199302
139,2,199302
139,113,199302
139,26,199302
139,114,199302
139,32,199302
139,64,199302
139,40,199302
139,6,199302
139,126,199302
139,54,199302
139,155,199302
139,131,199302
139,77,199302
139,20,199302
139,99,199302
139,154,199302
139,117,199302
139,180,199302
139,143,199302
139,13,199302
139,19,199302
139,52,199302
139,29,199302
139,59,199302
139,160,199302
139,25,199302
139,14,199302
139,137,199302
139,31,199302
139,135,199302
139,16,199302
139,146,199302
139,18,199302
139,83,199302
139,46,199302
139,97,199302
140,76,199302
140,158,199302
140,278,199302
140,142,199302
140,120,199302
140,41,199302
140,152,199302
140,6,199302
140,64,199302
140,14,199302
140,46,199302
141,278,199302
141,140,199302
141,77,199302
141,6,199302
141,46,199302
141,97,199302
142,85,199302
142,80,199302
142,81,199302
142,18,199302
142,0,199302
142,5,199302
142,102,199302
142,52,199302
142,137,199302
142,155,199302
142,2,199302
142,97,199302
142,132,199302
142,134,199302
142,77,199302
142,12,199302
142,13,199302
142,114,199302
142,58,199302
142,66,199302
142,131,199302
142,14,199302
142,101,199302
142,22,199302
142,27,199302
142,342,199302
142,82,199302
142,48,199302
142,100,199302
142,160,199302
142,35,199302
142,76,199302
142,139,199302
142,136,199302
142,4,199302
142,24,199302
142,25,199302
142,59,199302
142,154,199302
142,1,199302
142,28,199302
142,36,199302
142,117,199302
142,108,199302
142,94,199302
142,10,199302
142,26,199302
142,64,199302
142,60,199302
142,180,199302
142,146,199302
142,6,199302
142,99,199302
142,46,199302
142,83,199302
142,32,199302
142,19,199302
142,29,199302
142,40,199302
143,15,199302
143,81,199302
143,99,199302
143,27,199302
143,126,199302
143,120,199302
143,72,199302
143,40,199302
143,117,199302
143,22,199302
143,332,199302
143,10,199302
143,108,199302
143,16,199302
143,46,199302
143,24,199302
143,97,199302
143,23,199302
143,156,199302
143,41,199302
143,18,199302
143,195,199302
143,19,199302
143,96,199302
143,65,199302
143,158,199302
143,38,199302
143,92,199302
143,129,199302
143,35,199302
143,80,199302
143,77,199302
143,13,199302
143,31,199302
143,60,199302
143,160,199302
143,154,199302
143,26,199302
143,29,199302
143,32,199302
143,137,199302
143,146,199302
144,152,199302
144,122,199302
144,102,199302
144,31,199302
144,16,199302
144,22,199302
144,29,199302
144,97,199302
144,208,199302
144,145,199302
144,18,199302
145,132,199302
145,19,199302
145,146,199302
145,29,199302
145,18,199302
146,92,199302
146,27,199302
146,60,199302
146,9,199302
146,181,199302
146,152,199302
146,12,199302
146,141,199302
146,105,199302
146,124,199302
146,72,199302
146,101,199302
146,125,199302
146,61,199302
146,73,199302
146,15,199302
146,139,199302
146,53,199302
146,176,199302
146,6,199302
146,242,199302
146,85,199302
146,11,199302
146,34,199302
146,47,199302
146,22,199302
146,156,199302
146,58,199302
146,334,199302
146,206,199302
146,74,199302
146,102,199302
146,23,199302
146,13,199302
146,41,199302
146,21,199302
146,64,199302
146,45,199302
146,113,199302
146,114,199302
146,96,199302
146,31,199302
146,154,199302
146,62,199302
146,76,199302
146,157,199302
146,134,199302
146,80,199302
146,100,199302
146,126,199302
146,19,199302
146,83,199302
146,94,199302
146,180,199302
146,142,199302
146,54,199302
146,38,199302
146,59,199302
146,18,199302
146,4,199302
146,117,199302
146,46,199302
146,32,199302
146,137,199302
146,51,199302
146,160,199302
146,120,199302
146,40,199302
146,66,199302
146,20,199302
146,1,199302
146,28,199302
146,36,199302
146,14,199302
146,77,199302
146,29,199302
146,65,199302
146,136,199302
146,16,199302
146,10,199302
146,35,199302
146,0,199302
146,81,199302
146,143,199302
146,52,199302
146,48,199302
146,108,199302
146,17,199302
146,99,199302
146,26,199302
146,97,199302
147,169,199302
147,112,199302
147,111,199302
147,11,199302
148,248,199302
149,116,199302
149,85,199302
149,80,199302
149,133,199302
149,32,199302
149,6,199302
149,93,199302
149,25,199302
149,115,199302
149,124,199302
149,27,199302
149,135,199302
149,0,199302
149,9,199302
149,107,199302
149,20,199302
149,154,199302
149,72,199302
149,16,199302
149,14,199302
149,77,199302
149,157,199302
149,81,199302
149,92,199302
149,136,199302
149,28,199302
149,47,199302
149,5,199302
149,23,199302
149,17,199302
149,10,199302
149,2,199302
149,1,199302
149,137,199302
149,96,199302
149,165,199302
149,274,199302
150,2,199302
150,0,199302
150,77,199302
150,22,199302
150,9,199302
150,18,199302
150,96,199302
150,25,199302
150,1649,199302
150,248,199302
150,28,199302
150,21,199302
150,23,199302
150,107,199302
150,17,199302
150,11,199302
150,137,199302
150,136,199302
150,20,199302
151,75,199302
151,29,199302
152,27,199302
152,23,199302
152,156,199302
152,12,199302
152,146,199302
152,11,199302
152,117,199302
152,165,199302
152,112,199302
152,216,199302
152,64,199302
152,76,199302
152,98,199302
152,32,199302
152,38,199302
152,19,199302
152,13,199302
152,29,199302
152,157,199302
152,25,199302
152,137,199302
152,46,199302
152,31,199302
152,97,199302
153,77,199302
153,154,199302
153,60,199302
153,6,199302
153,16,199302
153,20,199302
153,25,199302
153,17,199302
153,29,199302
153,136,199302
153,18,199302
153,137,199302
154,116,199302
154,80,199302
154,39,199302
154,45,199302
154,47,199302
154,274,199302
154,165,199302
154,34,199302
154,115,199302
154,149,199302
154,0,199302
154,29,199302
154,107,199302
154,30,199302
154,84,199302
154,16,199302
154,46,199302
154,108,199302
154,81,199302
154,38,199302
154,126,199302
154,277,199302
154,189,199302
154,4,199302
154,334,199302
154,96,199302
154,13,199302
154,6,199302
154,208,199302
154,106,199302
154,19,199302
154,112,199302
154,117,199302
154,21,199302
154,33,199302
154,160,199302
154,278,199302
154,22,199302
154,136,199302
154,101,199302
154,134,199302
154,145,199302
154,93,199302
154,121,199302
154,53,199302
154,52,199302
154,195,199302
154,155,199302
154,120,199302
154,57,199302
154,35,199302
154,320,199302
154,5,199302
154,180,199302
154,142,199302
154,23,199302
154,78,199302
154,26,199302
154,248,199302
154,85,199302
154,113,199302
154,100,199302
154,394,199302
154,213,199302
154,20,199302
154,1482,199302
154,133,199302
154,309,199302
154,2,199302
154,379,199302
154,522,199302
154,275,199302
154,66,199302
154,251,199302
154,28,199302
154,32,199302
154,146,199302
154,174,199302
154,65,199302
154,269,199302
154,10,199302
154,388,199302
154,271,199302
154,143,199302
154,296,199302
154,51,199302
154,15,199302
154,198,199302
154,310,199302
154,131,199302
154,125,199302
154,104,199302
154,94,199302
154,193,199302
154,99,199302
154,314,199302
154,17,199302
154,135,199302
154,83,199302
154,9,199302
154,267,199302
154,31,199302
154,163,199302
154,72,199302
154,137,199302
154,129,199302
154,36,199302
154,40,199302
154,124,199302
154,11,199302
154,159,199302
154,64,199302
154,14,199302
154,139,199302
154,25,199302
154,54,199302
154,89,199302
154,24,199302
154,1,199302
154,48,199302
154,132,199302
154,77,199302
154,187,199302
154,92,199302
154,18,199302
154,59,199302
154,12,199302
154,27,199302
154,97,199302
154,60,199302
155,41,199302
155,180,199302
155,4,199302
155,154,199302
155,18,199302
155,114,199302
155,11,199302
155,137,199302
155,108,199302
155,99,199302
155,126,199302
155,94,199302
155,36,199302
155,64,199302
155,26,199302
155,6,199302
155,13,199302
155,40,199302
155,29,199302
155,19,199302
156,108,199302
156,161,199302
156,140,199302
156,34,199302
156,96,199302
156,176,199302
156,152,199302
156,81,199302
156,146,199302
156,24,199302
156,165,199302
156,35,199302
156,25,199302
156,137,199302
156,46,199302
156,97,199302
157,23,199302
157,11,199302
157,105,199302
157,115,199302
157,188,199302
157,237,199302
157,18,199302
157,2,199302
157,16,199302
157,32,199302
157,85,199302
157,152,199302
157,1,199302
157,29,199302
157,80,199302
157,146,199302
157,31,199302
157,137,199302
157,97,199302
158,73,199302
158,78,199302
158,146,199302
158,224,199302
158,38,199302
158,83,199302
158,40,199302
158,101,199302
158,27,199302
158,46,199302
158,97,199302
159,193,199302
159,132,199302
159,66,199302
159,154,199302
159,251,199302
159,163,199302
159,51,199302
159,160,199302
159,171,199302
159,136,199302
159,29,199302
160,126,199302
160,181,199302
160,14,199302
160,81,199302
160,47,199302
160,39,199302
160,77,199302
160,9,199302
160,176,199302
160,158,199302
160,13,199302
160,46,199302
160,66,199302
160,52,199302
160,140,199302
160,78,199302
160,26,199302
160,64,199302
160,38,199302
160,5,199302
160,59,199302
160,24,199302
160,58,199302
160,100,199302
160,83,199302
160,65,199302
160,21,199302
160,16,199302
160,124,199302
160,40,199302
160,22,199302
160,48,199302
160,143,199302
160,12,199302
160,1,199302
160,10,199302
160,31,199302
160,154,199302
160,139,199302
160,146,199302
160,136,199302
160,34,199302
160,27,199302
160,29,199302
160,101,199302
160,85,199302
160,98,199302
160,6,199302
160,19,199302
160,97,199302
160,137,199302
160,80,199302
160,20,199302
160,92,199302
160,35,199302
160,4,199302
160,355,199302
160,108,199302
160,2,199302
160,54,199302
160,17,199302
160,0,199302
160,99,199302
160,60,199302
160,32,199302
160,18,199302
161,16,199302
161,137,199302
161,100,199302
161,40,199302
161,19,199302
161,116,199302
161,60,199302
161,32,199302
161,0,199302
161,29,199302
161,25,199302
163,251,199302
163,159,199302
163,64,199302
163,15,199302
163,72,199302
163,46,199302
163,51,199302
163,2,199302
163,154,199302
163,29,199302
163,136,199302
164,238,199302
164,88,199302
164,51,199302
164,86,199302
164,19,199302
164,223,199302
164,84,199302
164,183,199302
164,4,199302
164,30,199302
164,69,199302
164,18,199302
164,136,199302
164,11,199302
165,116,199302
165,80,199302
165,31,199302
165,81,199302
165,93,199302
165,25,199302
165,77,199302
165,149,199302
165,27,199302
165,135,199302
165,106,199302
165,9,199302
165,23,199302
165,29,199302
165,20,199302
165,21,199302
165,114,199302
165,152,199302
165,108,199302
165,187,199302
165,0,199302
165,39,199302
165,5,199302
165,224,199302
165,100,199302
165,14,199302
165,47,199302
165,35,199302
165,12,199302
165,13,199302
165,6,199302
165,19,199302
165,32,199302
165,72,199302
165,112,199302
165,99,199302
165,107,199302
165,124,199302
165,22,199302
165,96,199302
165,133,199302
165,154,199302
165,11,199302
165,97,199302
165,136,199302
165,115,199302
165,28,199302
165,2,199302
165,10,199302
165,1,199302
165,85,199302
165,137,199302
165,92,199302
165,17,199302
165,274,199302
166,303,199302
166,29,199302
167,141,199302
167,224,199302
167,97,199302
169,25,199302
169,34,199302
169,27,199302
169,29,199302
169,105,199302
169,208,199302
169,72,199302
169,12,199302
169,6,199302
169,13,199302
169,85,199302
169,2,199302
169,18,199302
169,133,199302
169,99,199302
169,16,199302
169,136,199302
169,137,199302
169,11,199302
170,171,199302
170,178,199302
170,38,199302
170,61,199302
170,131,199302
170,197,199302
170,31,199302
170,19,199302
170,26,199302
170,108,199302
170,18,199302
170,40,199302
170,29,199302
170,32,199302
171,178,199302
171,61,199302
171,170,199302
171,59,199302
171,94,199302
171,159,199302
171,139,199302
171,60,199302
171,18,199302
171,40,199302
171,29,199302
171,32,199302
172,48,199302
172,173,199302
172,38,199302
172,14,199302
172,60,199302
172,29,199302
172,64,199302
172,18,199302
172,129,199302
172,83,199302
172,6,199302
172,97,199302
172,59,199302
172,35,199302
173,48,199302
173,60,199302
173,29,199302
173,38,199302
173,64,199302
173,108,199302
173,26,199302
173,14,199302
173,59,199302
173,6,199302
173,35,199302
173,83,199302
173,129,199302
174,101,199302
174,39,199302
174,107,199302
174,183,199302
174,45,199302
174,17,199302
174,213,199302
174,125,199302
174,29,199302
174,154,199302
174,136,199302
175,62,199302
175,158,199302
175,13,199302
175,76,199302
175,108,199302
175,29,199302
175,40,199302
175,97,199302
176,18,199302
176,181,199302
176,81,199302
176,131,199302
176,125,199302
176,112,199302
176,73,199302
176,58,199302
176,143,199302
176,74,199302
176,21,199302
176,10,199302
176,224,199302
176,79,199302
176,97,199302
176,139,199302
176,22,199302
176,136,199302
176,77,199302
176,0,199302
176,19,199302
176,205,199302
176,137,199302
176,64,199302
176,83,199302
176,32,199302
176,46,199302
176,29,199302
176,40,199302
177,137,199302
177,300,199302
177,49,199302
177,69,199302
177,183,199302
177,136,199302
177,248,199302
177,51,199302
177,4,199302
177,11,199302
178,197,199302
178,24,199302
178,102,199302
178,13,199302
178,40,199302
178,32,199302
180,293,199302
180,60,199302
180,54,199302
180,265,199302
180,25,199302
180,155,199302
180,69,199302
180,208,199302
180,131,199302
180,142,199302
180,143,199302
180,18,199302
180,29,199302
180,19,199302
180,102,199302
180,11,199302
180,154,199302
180,51,199302
180,22,199302
180,175,199302
180,2,199302
180,4,199302
180,1,199302
180,13,199302
180,52,199302
180,76,199302
180,57,199302
180,120,199302
180,31,199302
180,101,199302
180,137,199302
180,134,199302
180,35,199302
180,81,199302
180,108,199302
180,126,199302
180,59,199302
180,36,199302
180,119,199302
180,48,199302
180,46,199302
180,117,199302
180,26,199302
180,14,199302
180,146,199302
180,97,199302
180,99,199302
180,32,199302
180,83,199302
180,40,199302
181,52,199302
181,16,199302
181,265,199302
181,111,199302
181,146,199302
181,26,199302
181,14,199302
181,155,199302
181,120,199302
181,34,199302
181,72,199302
181,41,199302
181,61,199302
181,160,199302
181,13,199302
181,99,199302
181,126,199302
181,142,199302
181,0,199302
181,76,199302
181,9,199302
181,21,199302
181,31,199302
181,206,199302
181,117,199302
181,83,199302
181,19,199302
181,18,199302
181,137,199302
181,136,199302
181,108,199302
181,60,199302
181,35,199302
181,97,199302
181,77,199302
181,54,199302
181,40,199302
181,29,199302
181,32,199302
182,198,199302
182,156,199302
182,24,199302
182,101,199302
182,0,199302
182,46,199302
182,97,199302
182,40,199302
183,11,199302
183,86,199302
183,208,199302
183,124,199302
183,15,199302
183,189,199302
183,72,199302
183,132,199302
183,34,199302
183,143,199302
183,104,199302
183,164,199302
183,2,199302
183,12,199302
183,79,199302
183,223,199302
183,29,199302
183,40,199302
183,1,199302
183,177,199302
183,137,199302
183,136,199302
183,248,199302
183,17,199302
183,317,199302
183,301,199302
183,870,199302
183,227,199302
183,228,199302
183,105,199302
183,69,199302
183,268,199302
183,51,199302
183,4,199302
183,20,199302
184,136,199302
184,1,199302
184,17,199302
184,23,199302
184,248,199302
184,51,199302
184,4,199302
184,20,199302
185,186,199302
185,110,199302
186,110,199302
187,93,199302
187,77,199302
187,23,199302
187,2,199302
187,9,199302
187,21,199302
187,85,199302
187,28,199302
187,0,199302
187,20,199302
187,96,199302
187,92,199302
187,17,199302
187,10,199302
187,72,199302
187,80,199302
187,31,199302
187,27,199302
187,1,199302
187,154,199302
187,135,199302
188,157,199302
188,32,199302
188,51,199302
188,72,199302
188,156,199302
188,216,199302
188,152,199302
188,248,199302
188,80,199302
188,31,199302
188,98,199302
188,137,199302
188,97,199302
189,12,199302
189,18,199302
189,211,199302
189,121,199302
189,154,199302
189,137,199302
189,11,199302
189,51,199302
189,17,199302
189,20,199302
189,136,199302
190,290,199302
190,235,199302
190,200,199302
190,201,199302
190,110,199302
191,645,199302
191,190,199302
191,789,199302
191,110,199302
192,120,199302
192,16,199302
192,64,199302
193,131,199302
193,379,199302
193,205,199302
193,15,199302
193,29,199302
193,154,199302
194,35,199302
194,0,199302
194,217,199302
194,6,199302
194,59,199302
195,159,199302
195,170,199302
195,9,199302
195,146,199302
195,63,199302
195,26,199302
195,139,199302
195,35,199302
195,48,199302
195,40,199302
195,97,199302
195,29,199302
195,83,199302
196,60,199302
196,17,199302
196,28,199302
196,247,199302
196,136,199302
196,20,199302
196,51,199302
196,29,199302
196,110,199302
196,424,199302
196,11,199302
196,425,199302
196,4,199302
197,95,199302
197,64,199302
197,170,199302
197,40,199302
197,29,199302
198,143,199302
198,182,199302
198,275,199302
198,26,199302
198,248,199302
198,77,199302
198,154,199302
198,40,199302
198,29,199302
200,201,199302
200,110,199302
201,190,199302
201,110,199302
202,203,199302
202,87,199302
203,87,199302
203,202,199302
205,282,199302
205,193,199302
205,176,199302
205,64,199302
206,171,199302
206,66,199302
206,65,199302
206,29,199302
206,338,199302
206,40,199302
208,180,199302
208,136,199302
208,181,199302
208,125,199302
208,277,199302
208,17,199302
208,12,199302
208,169,199302
208,101,199302
208,62,199302
208,134,199302
208,55,199302
208,77,199302
208,21,199302
208,92,199302
208,113,199302
208,96,199302
208,144,199302
208,117,199302
208,19,199302
208,18,199302
208,13,199302
208,40,199302
208,32,199302
208,29,199302
211,18,199302
211,6,199302
211,20,199302
211,137,199302
212,89,199302
213,47,199302
213,97,199302
213,154,199302
213,110,199302
213,18,199302
213,40,199302
213,14,199302
213,5,199302
213,137,199302
213,29,199302
213,20,199302
213,11,199302
213,17,199302
213,136,199302
213,4,199302
214,4,199302
214,248,199302
214,20,199302
214,51,199302
215,866,199302
215,51,199302
216,51,199302
216,157,199302
216,188,199302
216,156,199302
216,137,199302
216,97,199302
217,14,199302
217,129,199302
217,35,199302
217,194,199302
220,483,199302
220,137,199302
222,184,199302
222,268,199302
222,248,199302
222,51,199302
222,4,199302
223,88,199302
223,183,199302
223,164,199302
223,19,199302
223,84,199302
223,238,199302
223,51,199302
223,248,199302
223,4,199302
223,30,199302
223,69,199302
223,11,199302
224,182,199302
224,143,199302
224,40,199302
224,188,199302
224,157,199302
224,158,199302
224,176,199302
224,76,199302
224,137,199302
224,46,199302
224,97,199302
227,268,199302
227,228,199302
227,301,199302
227,317,199302
227,69,199302
227,51,199302
227,4,199302
227,11,199302
227,183,199302
228,105,199302
228,227,199302
228,183,199302
230,110,199302
231,110,199302
232,110,199302
233,145,199302
233,176,199302
233,146,199302
233,32,199302
233,12,199302
233,6,199302
233,40,199302
233,248,199302
233,18,199302
234,35,199302
234,154,199302
234,77,199302
234,32,199302
234,81,199302
234,160,199302
234,248,199302
234,18,199302
235,110,199302
237,29,199302
237,141,199302
237,0,199302
237,54,199302
237,36,199302
237,99,199302
237,97,199302
237,46,199302
238,317,199302
238,27,199302
238,4,199302
238,97,199302
238,51,199302
238,154,199302
238,88,199302
238,223,199302
238,86,199302
238,69,199302
238,30,199302
238,11,199302
242,117,199302
242,77,199302
242,12,199302
242,154,199302
242,131,199302
242,125,199302
242,6,199302
242,54,199302
242,38,199302
242,19,199302
242,31,199302
242,97,199302
242,18,199302
242,92,199302
242,29,199302
242,32,199302
243,8,199302
243,323,199302
243,90,199302
243,7,199302
243,89,199302
243,20,199302
244,137,199302
248,53,199302
248,132,199302
248,138,199302
248,70,199302
248,122,199302
248,234,199302
248,154,199302
248,1,199302
248,267,199302
248,315,199302
248,28,199302
248,25,199302
248,125,199302
248,2,199302
248,15,199302
248,843,199302
248,11,199302
248,333,199302
248,222,199302
248,183,199302
248,233,199302
248,124,199302
248,18,199302
248,103,199302
248,104,199302
248,22,199302
248,96,199302
248,269,199302
248,265,199302
248,223,199302
248,728,199302
248,84,199302
248,164,199302
248,148,199302
248,44,199302
248,33,199302
248,198,199302
248,150,199302
248,61,199302
248,69,199302
248,537,199302
248,317,199302
248,184,199302
248,123,199302
248,131,199302
248,12,199302
248,177,199302
248,214,199302
248,295,199302
248,50,199302
248,534,199302
248,34,199302
248,27,199302
248,137,199302
248,9,199302
248,72,199302
248,136,199302
248,51,199302
248,4,199302
249,57,199302
249,97,199302
250,23,199302
250,156,199302
250,11,199302
250,98,199302
250,216,199302
250,18,199302
250,137,199302
250,97,199302
251,159,199302
251,163,199302
251,29,199302
251,154,199302
261,189,199302
261,33,199302
261,11,199302
261,0,199302
261,17,199302
261,20,199302
262,29,199302
262,66,199302
262,282,199302
264,132,199302
265,195,199302
265,96,199302
265,208,199302
265,11,199302
265,53,199302
265,77,199302
265,16,199302
265,137,199302
265,154,199302
265,248,199302
265,61,199302
265,29,199302
265,136,199302
265,18,199302
267,181,199302
267,135,199302
267,248,199302
267,2268,199302
267,29,199302
267,154,199302
268,222,199302
268,51,199302
268,4,199302
268,11,199302
268,183,199302
269,248,199302
269,154,199302
269,29,199302
270,40,199302
270,276,199302
270,154,199302
270,32,199302
270,29,199302
271,292,199302
271,15,199302
271,308,199302
271,29,199302
271,154,199302
274,80,199302
274,77,199302
274,10,199302
274,17,199302
274,27,199302
274,135,199302
274,1,199302
274,28,199302
274,20,199302
274,21,199302
274,5,199302
274,154,199302
274,47,199302
274,93,199302
274,0,199302
274,25,199302
274,124,199302
274,9,199302
274,116,199302
274,165,199302
274,72,199302
274,149,199302
274,115,199302
274,96,199302
274,85,199302
274,2,199302
274,92,199302
275,394,199302
275,154,199302
276,15,199302
276,44,199302
276,270,199302
276,74,199302
276,131,199302
276,29,199302
277,169,199302
277,183,199302
277,208,199302
277,85,199302
277,154,199302
277,52,199302
277,29,199302
278,78,199302
278,38,199302
278,32,199302
278,154,199302
278,29,199302
278,46,199302
282,29,199302
282,205,199302
282,262,199302
283,155,199302
283,26,199302
283,13,199302
284,129,199302
286,25,199302
287,160,199302
287,54,199302
287,24,199302
287,342,199302
287,46,199302
289,208,199302
289,52,199302
289,102,199302
289,13,199302
290,190,199302
290,110,199302
292,271,199302
292,29,199302
293,64,199302
293,13,199302
293,99,199302
295,866,199302
295,51,199302
295,248,199302
296,379,199302
296,29,199302
296,154,199302
297,313,199302
297,13,199302
300,301,199302
300,317,199302
300,183,199302
300,49,199302
300,3,199302
300,50,199302
300,177,199302
300,51,199302
300,4,199302
301,227,199302
301,177,199302
301,317,199302
301,51,199302
301,69,199302
301,183,199302
301,4,199302
303,137,199302
303,17,199302
303,29,199302
303,136,199302
305,127,199302
305,633,199302
305,4,199302
305,109,199302
305,110,199302
306,128,199302
306,127,199302
306,427,199302
306,4,199302
306,109,199302
307,27,199302
307,32,199302
307,29,199302
307,25,199302
307,136,199302
307,97,199302
307,137,199302
308,29,199302
308,72,199302
308,132,199302
309,104,199302
309,154,199302
309,31,199302
309,137,199302
310,31,199302
310,154,199302
310,137,199302
311,51,199302
311,3,199302
311,4,199302
313,297,199302
313,13,199302
314,154,199302
315,248,199302
315,20,199302
317,88,199302
317,227,199302
317,177,199302
317,301,199302
317,870,199302
317,248,199302
317,51,199302
317,69,199302
317,183,199302
317,4,199302
320,36,199302
320,48,199302
320,13,199302
320,26,199302
320,6,199302
320,40,199302
320,46,199302
323,7,199302
323,770,199302
323,89,199302
325,136,199302
325,17,199302
325,29,199302
325,303,199302
326,137,199302
332,65,199302
332,97,199302
332,40,199302
333,248,199302
333,137,199302
334,54,199302
334,181,199302
334,76,199302
334,120,199302
334,29,199302
334,40,199302
334,19,199302
335,326,199302
335,137,199302
336,137,199302
337,137,199302
338,171,199302
338,66,199302
338,206,199302
338,40,199302
339,137,199302
342,72,199302
342,63,199302
342,9,199302
342,24,199302
342,25,199302
342,29,199302
342,77,199302
342,76,199302
342,137,199302
342,46,199302
343,137,199302
344,137,199302
351,196,199302
351,352,199302
351,110,199302
352,196,199302
352,351,199302
352,110,199302
355,126,199302
355,31,199302
355,32,199302
355,160,199302
362,208,199302
362,29,199302
362,139,199302
362,40,199302
371,25,199302
375,77,199302
375,135,199302
376,17,199302
379,154,199302
388,104,199302
388,154,199302
390,1190,199302
390,137,199302
394,275,199302
394,154,199302
420,29,199302
424,425,199302
424,196,199302
424,110,199302
425,424,199302
425,196,199302
425,110,199302
427,306,199302
427,128,199302
427,127,199302
427,110,199302
427,109,199302
427,4,199302
432,248,199302
483,137,199302
522,154,199302
525,110,199302
534,248,199302
537,248,199302
633,305,199302
633,127,199302
633,4,199302
633,110,199302
633,109,199302
671,137,199302
728,248,199302
736,761,199302
741,51,199302
761,736,199302
761,21,199302
761,20,199302
764,20,199302
770,323,199302
770,7,199302
770,89,199302
778,770,199302
778,89,199302
789,110,199302
819,20,199302
832,20,199302
843,51,199302
843,248,199302
843,4,199302
860,63,199302
860,24,199302
860,40,199302
863,20,199302
863,906,199302
866,295,199302
866,215,199302
866,33,199302
866,51,199302
866,20,199302
870,976,199302
870,69,199302
870,317,199302
870,183,199302
906,863,199302
906,20,199302
976,69,199302
1190,390,199302
1190,137,199302
1336,20,199302
1482,154,199302
1649,150,199302
2268,267,199302
