i,j,t
0,552,200911
0,98,200911
0,58,200911
0,60,200911
0,160,200911
0,118,200911
0,188,200911
0,143,200911
0,36,200911
0,28,200911
0,14,200911
0,93,200911
0,102,200911
0,77,200911
0,180,200911
0,72,200911
0,40,200911
0,120,200911
0,126,200911
0,23,200911
0,17,200911
0,11,200911
0,83,200911
0,154,200911
0,117,200911
0,32,200911
0,38,200911
0,9,200911
0,133,200911
0,99,200911
0,53,200911
0,18,200911
0,24,200911
0,183,200911
0,1,200911
0,26,200911
0,13,200911
0,21,200911
0,155,200911
0,81,200911
0,35,200911
0,274,200911
0,6,200911
0,51,200911
0,892,200911
0,44,200911
0,149,200911
0,107,200911
0,165,200911
0,346,200911
0,12,200911
0,97,200911
0,19,200911
0,135,200911
0,142,200911
0,113,200911
0,5,200911
0,45,200911
0,266,200911
0,136,200911
0,108,200911
0,52,200911
0,124,200911
0,146,200911
0,112,200911
0,64,200911
0,16,200911
0,29,200911
0,46,200911
0,4,200911
0,96,200911
0,20,200911
0,100,200911
0,27,200911
0,25,200911
0,85,200911
0,2,200911
0,80,200911
0,48,200911
0,10,200911
0,31,200911
0,59,200911
0,137,200911
0,92,200911
1,23,200911
1,160,200911
1,121,200911
1,536,200911
1,96,200911
1,5,200911
1,35,200911
1,77,200911
1,143,200911
1,175,200911
1,1236,200911
1,784,200911
1,10,200911
1,138,200911
1,209,200911
1,136,200911
1,101,200911
1,28,200911
1,146,200911
1,32,200911
1,47,200911
1,108,200911
1,31,200911
1,18,200911
1,97,200911
1,892,200911
1,14,200911
1,135,200911
1,46,200911
1,29,200911
1,93,200911
1,139,200911
1,17,200911
1,116,200911
1,0,200911
1,115,200911
1,51,200911
1,83,200911
1,157,200911
1,92,200911
1,85,200911
1,99,200911
1,52,200911
1,154,200911
1,100,200911
1,25,200911
1,482,200911
1,149,200911
1,16,200911
1,299,200911
1,4,200911
1,19,200911
1,344,200911
1,137,200911
1,69,200911
1,133,200911
1,33,200911
1,27,200911
1,26,200911
1,1355,200911
1,941,200911
1,1194,200911
1,161,200911
1,54,200911
1,119,200911
1,13,200911
1,183,200911
1,22,200911
1,11,200911
1,48,200911
1,130,200911
1,20,200911
1,64,200911
1,70,200911
1,150,200911
1,261,200911
1,8,200911
1,243,200911
1,113,200911
1,165,200911
1,110,200911
1,124,200911
1,80,200911
1,81,200911
1,132,200911
1,155,200911
1,102,200911
1,2,200911
1,142,200911
1,60,200911
1,40,200911
1,59,200911
1,211,200911
1,37,200911
1,53,200911
1,906,200911
1,107,200911
1,7,200911
1,72,200911
1,189,200911
1,89,200911
1,274,200911
1,9,200911
1,12,200911
1,213,200911
1,6,200911
1,112,200911
1,21,200911
2,165,200911
2,58,200911
2,161,200911
2,385,200911
2,198,200911
2,160,200911
2,327,200911
2,143,200911
2,339,200911
2,175,200911
2,17,200911
2,85,200911
2,552,200911
2,138,200911
2,93,200911
2,87,200911
2,83,200911
2,21,200911
2,320,200911
2,155,200911
2,52,200911
2,51,200911
2,77,200911
2,16,200911
2,6,200911
2,84,200911
2,23,200911
2,119,200911
2,136,200911
2,22,200911
2,11,200911
2,46,200911
2,544,200911
2,20,200911
2,115,200911
2,123,200911
2,1,200911
2,5,200911
2,92,200911
2,0,200911
2,9,200911
2,265,200911
2,101,200911
2,64,200911
2,97,200911
2,38,200911
2,112,200911
2,40,200911
2,107,200911
2,14,200911
2,19,200911
2,32,200911
2,4,200911
2,53,200911
2,274,200911
2,13,200911
2,60,200911
2,133,200911
2,28,200911
2,54,200911
2,26,200911
2,346,200911
2,12,200911
2,1147,200911
2,59,200911
2,29,200911
2,48,200911
2,100,200911
2,80,200911
2,157,200911
2,1169,200911
2,27,200911
2,124,200911
2,96,200911
2,154,200911
2,72,200911
2,25,200911
2,108,200911
2,18,200911
2,135,200911
2,31,200911
2,10,200911
2,137,200911
3,69,200911
3,311,200911
3,51,200911
3,4,200911
4,16,200911
4,222,200911
4,51,200911
4,427,200911
4,154,200911
4,160,200911
4,109,200911
4,127,200911
4,69,200911
4,136,200911
4,112,200911
4,843,200911
4,11,200911
4,29,200911
4,810,200911
4,110,200911
4,1070,200911
4,6,200911
4,5,200911
4,113,200911
4,139,200911
4,80,200911
4,180,200911
4,20,200911
4,19,200911
4,100,200911
4,149,200911
4,165,200911
4,32,200911
4,115,200911
4,108,200911
4,161,200911
4,12,200911
4,28,200911
4,31,200911
4,40,200911
4,133,200911
4,54,200911
4,633,200911
4,22,200911
4,544,200911
4,741,200911
4,60,200911
4,35,200911
4,137,200911
4,99,200911
4,305,200911
4,17,200911
4,14,200911
4,119,200911
4,1,200911
4,64,200911
4,13,200911
4,48,200911
4,18,200911
4,107,200911
4,83,200911
4,9,200911
4,2,200911
4,128,200911
4,27,200911
4,0,200911
4,306,200911
4,3,200911
4,346,200911
4,92,200911
4,85,200911
4,105,200911
4,23,200911
4,761,200911
4,866,200911
4,97,200911
4,121,200911
4,88,200911
4,274,200911
4,84,200911
4,317,200911
4,189,200911
4,819,200911
4,86,200911
4,184,200911
4,223,200911
4,150,200911
4,301,200911
4,59,200911
4,25,200911
4,300,200911
4,30,200911
4,214,200911
4,96,200911
4,311,200911
4,243,200911
4,33,200911
4,8,200911
4,7,200911
4,164,200911
4,46,200911
4,183,200911
4,50,200911
4,89,200911
4,10,200911
4,146,200911
4,135,200911
4,177,200911
4,196,200911
4,21,200911
4,213,200911
5,20,200911
5,552,200911
5,51,200911
5,261,200911
5,817,200911
5,19,200911
5,39,200911
5,160,200911
5,23,200911
5,6,200911
5,143,200911
5,819,200911
5,107,200911
5,89,200911
5,112,200911
5,4,200911
5,16,200911
5,138,200911
5,59,200911
5,28,200911
5,17,200911
5,10,200911
5,1,200911
5,110,200911
5,132,200911
5,77,200911
5,150,200911
5,137,200911
5,1243,200911
5,11,200911
5,149,200911
5,136,200911
5,157,200911
5,133,200911
5,0,200911
5,115,200911
5,64,200911
5,113,200911
5,80,200911
5,72,200911
5,14,200911
5,92,200911
5,54,200911
5,155,200911
5,154,200911
5,12,200911
5,69,200911
5,22,200911
5,274,200911
5,165,200911
5,85,200911
5,93,200911
5,102,200911
5,108,200911
5,9,200911
5,83,200911
5,13,200911
5,346,200911
5,142,200911
5,146,200911
5,29,200911
5,27,200911
5,40,200911
5,33,200911
5,60,200911
5,8,200911
5,18,200911
5,124,200911
5,52,200911
5,48,200911
5,2,200911
5,31,200911
5,222,200911
5,7,200911
5,183,200911
5,96,200911
5,121,200911
5,135,200911
6,17,200911
6,137,200911
6,35,200911
6,89,200911
6,294,200911
6,59,200911
6,14,200911
6,146,200911
6,176,200911
6,126,200911
6,16,200911
6,52,200911
6,29,200911
6,110,200911
6,180,200911
6,815,200911
6,282,200911
6,83,200911
6,113,200911
6,132,200911
6,155,200911
6,133,200911
6,117,200911
6,32,200911
6,205,200911
6,138,200911
6,178,200911
6,19,200911
6,64,200911
6,102,200911
6,160,200911
6,463,200911
6,77,200911
6,13,200911
6,5,200911
6,380,200911
6,40,200911
6,175,200911
6,143,200911
6,18,200911
6,114,200911
6,2,200911
6,25,200911
6,12,200911
6,183,200911
6,123,200911
6,354,200911
6,97,200911
6,265,200911
6,1088,200911
6,31,200911
6,86,200911
6,22,200911
6,54,200911
6,739,200911
6,136,200911
6,142,200911
6,81,200911
6,0,200911
6,134,200911
6,78,200911
6,60,200911
6,156,200911
6,28,200911
6,266,200911
6,48,200911
6,51,200911
6,46,200911
6,4,200911
6,108,200911
6,23,200911
6,100,200911
6,34,200911
6,99,200911
6,320,200911
6,72,200911
6,131,200911
6,101,200911
6,124,200911
6,544,200911
6,9,200911
6,237,200911
6,181,200911
6,38,200911
6,338,200911
6,57,200911
6,24,200911
6,182,200911
6,172,200911
6,45,200911
6,154,200911
6,76,200911
6,194,200911
6,120,200911
6,55,200911
6,36,200911
6,139,200911
6,11,200911
6,27,200911
6,85,200911
6,20,200911
6,1,200911
6,129,200911
6,10,200911
7,89,200911
7,8,200911
7,243,200911
7,90,200911
7,1103,200911
7,1408,200911
7,828,200911
7,133,200911
7,59,200911
7,770,200911
7,69,200911
7,28,200911
7,64,200911
7,97,200911
7,136,200911
7,11,200911
7,29,200911
7,5,200911
7,110,200911
7,17,200911
7,51,200911
7,4,200911
7,1,200911
7,137,200911
7,20,200911
8,23,200911
8,17,200911
8,28,200911
8,90,200911
8,121,200911
8,212,200911
8,7,200911
8,25,200911
8,243,200911
8,89,200911
8,6,200911
8,5,200911
8,136,200911
8,29,200911
8,1,200911
8,4,200911
8,20,200911
9,72,200911
9,552,200911
9,25,200911
9,93,200911
9,242,200911
9,81,200911
9,143,200911
9,160,200911
9,124,200911
9,188,200911
9,112,200911
9,20,200911
9,19,200911
9,51,200911
9,100,200911
9,126,200911
9,52,200911
9,4,200911
9,29,200911
9,77,200911
9,86,200911
9,111,200911
9,27,200911
9,12,200911
9,274,200911
9,860,200911
9,48,200911
9,26,200911
9,5,200911
9,35,200911
9,213,200911
9,132,200911
9,47,200911
9,900,200911
9,11,200911
9,180,200911
9,0,200911
9,85,200911
9,54,200911
9,205,200911
9,17,200911
9,46,200911
9,120,200911
9,234,200911
9,21,200911
9,125,200911
9,18,200911
9,6,200911
9,165,200911
9,53,200911
9,40,200911
9,183,200911
9,2,200911
9,457,200911
9,914,200911
9,92,200911
9,146,200911
9,206,200911
9,108,200911
9,136,200911
9,83,200911
9,31,200911
9,97,200911
9,346,200911
9,1,200911
9,113,200911
9,115,200911
9,336,200911
9,64,200911
9,60,200911
9,80,200911
9,28,200911
9,135,200911
9,32,200911
9,154,200911
9,14,200911
9,10,200911
9,137,200911
10,23,200911
10,548,200911
10,389,200911
10,160,200911
10,66,200911
10,380,200911
10,143,200911
10,487,200911
10,998,200911
10,165,200911
10,107,200911
10,28,200911
10,53,200911
10,1,200911
10,781,200911
10,37,200911
10,4,200911
10,1265,200911
10,136,200911
10,77,200911
10,1488,200911
10,83,200911
10,26,200911
10,17,200911
10,268,200911
10,93,200911
10,133,200911
10,14,200911
10,7,200911
10,59,200911
10,139,200911
10,81,200911
10,34,200911
10,826,200911
10,537,200911
10,1227,200911
10,25,200911
10,132,200911
10,60,200911
10,99,200911
10,13,200911
10,113,200911
10,31,200911
10,38,200911
10,269,200911
10,85,200911
10,32,200911
10,266,200911
10,35,200911
10,2,200911
10,48,200911
10,6,200911
10,51,200911
10,54,200911
10,75,200911
10,36,200911
10,214,200911
10,86,200911
10,261,200911
10,147,200911
10,70,200911
10,164,200911
10,544,200911
10,111,200911
10,105,200911
10,184,200911
10,223,200911
10,144,200911
10,233,200911
10,234,200911
10,138,200911
10,43,200911
10,728,200911
10,339,200911
10,30,200911
10,84,200911
10,188,200911
10,265,200911
10,181,200911
10,819,200911
10,33,200911
10,213,200911
10,177,200911
10,863,200911
10,103,200911
10,222,200911
10,122,200911
10,150,200911
10,969,200911
10,61,200911
10,116,200911
10,15,200911
10,104,200911
10,161,200911
10,124,200911
10,154,200911
10,159,200911
10,52,200911
10,155,200911
10,149,200911
10,80,200911
10,102,200911
10,18,200911
10,180,200911
10,11,200911
10,72,200911
10,40,200911
10,115,200911
10,64,200911
10,119,200911
10,112,200911
10,100,200911
10,142,200911
10,274,200911
10,16,200911
10,9,200911
10,89,200911
10,21,200911
10,183,200911
10,69,200911
10,12,200911
10,0,200911
10,19,200911
10,146,200911
10,108,200911
10,121,200911
10,137,200911
10,29,200911
10,92,200911
10,96,200911
10,27,200911
10,97,200911
10,20,200911
10,22,200911
10,46,200911
10,135,200911
10,5,200911
11,183,200911
11,227,200911
11,137,200911
11,666,200911
11,51,200911
11,160,200911
11,268,200911
11,5,200911
11,143,200911
11,23,200911
11,228,200911
11,112,200911
11,113,200911
11,169,200911
11,136,200911
11,105,200911
11,0,200911
11,108,200911
11,64,200911
11,142,200911
11,77,200911
11,261,200911
11,149,200911
11,83,200911
11,29,200911
11,165,200911
11,60,200911
11,53,200911
11,72,200911
11,274,200911
11,80,200911
11,18,200911
11,6,200911
11,2,200911
11,154,200911
11,59,200911
11,9,200911
11,21,200911
11,40,200911
11,48,200911
11,161,200911
11,22,200911
11,26,200911
11,728,200911
11,81,200911
11,96,200911
11,100,200911
11,38,200911
11,10,200911
11,28,200911
11,99,200911
11,542,200911
11,4,200911
11,20,200911
11,97,200911
11,85,200911
11,133,200911
11,243,200911
11,27,200911
11,548,200911
11,372,200911
11,25,200911
11,92,200911
11,67,200911
11,122,200911
11,1,200911
11,330,200911
11,265,200911
11,107,200911
11,7,200911
11,248,200911
11,238,200911
11,147,200911
11,111,200911
11,189,200911
11,32,200911
11,69,200911
11,31,200911
11,184,200911
11,317,200911
11,214,200911
11,213,200911
11,33,200911
11,12,200911
11,150,200911
11,14,200911
11,84,200911
11,781,200911
11,88,200911
11,223,200911
11,70,200911
11,110,200911
11,164,200911
11,86,200911
11,30,200911
11,89,200911
11,135,200911
11,17,200911
11,13,200911
11,19,200911
11,121,200911
11,177,200911
11,146,200911
12,34,200911
12,27,200911
12,862,200911
12,502,200911
12,183,200911
12,107,200911
12,160,200911
12,80,200911
12,728,200911
12,143,200911
12,124,200911
12,139,200911
12,11,200911
12,102,200911
12,142,200911
12,120,200911
12,180,200911
12,243,200911
12,112,200911
12,133,200911
12,20,200911
12,9,200911
12,149,200911
12,122,200911
12,53,200911
12,237,200911
12,46,200911
12,0,200911
12,176,200911
12,36,200911
12,81,200911
12,31,200911
12,116,200911
12,85,200911
12,16,200911
12,24,200911
12,192,200911
12,51,200911
12,39,200911
12,33,200911
12,77,200911
12,18,200911
12,100,200911
12,21,200911
12,136,200911
12,17,200911
12,48,200911
12,346,200911
12,19,200911
12,274,200911
12,146,200911
12,2,200911
12,5,200911
12,60,200911
12,92,200911
12,28,200911
12,54,200911
12,97,200911
12,26,200911
12,29,200911
12,32,200911
12,25,200911
12,99,200911
12,6,200911
12,1,200911
12,154,200911
12,10,200911
12,137,200911
12,135,200911
13,19,200911
13,64,200911
13,170,200911
13,155,200911
13,143,200911
13,384,200911
13,99,200911
13,52,200911
13,6,200911
13,137,200911
13,55,200911
13,645,200911
13,154,200911
13,25,200911
13,146,200911
13,175,200911
13,77,200911
13,160,200911
13,27,200911
13,22,200911
13,85,200911
13,172,200911
13,28,200911
13,36,200911
13,29,200911
13,124,200911
13,97,200911
13,30,200911
13,1,200911
13,274,200911
13,46,200911
13,18,200911
13,100,200911
13,48,200911
13,31,200911
13,17,200911
13,5,200911
13,54,200911
13,20,200911
13,108,200911
13,463,200911
13,113,200911
13,40,200911
13,112,200911
13,26,200911
13,129,200911
13,107,200911
13,34,200911
13,2,200911
13,136,200911
13,10,200911
13,51,200911
13,21,200911
13,156,200911
13,181,200911
13,35,200911
13,60,200911
13,996,200911
13,139,200911
13,313,200911
13,24,200911
13,4,200911
13,995,200911
13,92,200911
13,766,200911
13,1118,200911
13,1417,200911
13,896,200911
13,180,200911
13,815,200911
13,16,200911
13,114,200911
13,283,200911
13,176,200911
13,349,200911
13,289,200911
13,126,200911
13,81,200911
13,120,200911
13,83,200911
13,297,200911
13,142,200911
13,0,200911
13,178,200911
13,320,200911
13,75,200911
13,117,200911
13,860,200911
13,59,200911
13,121,200911
13,11,200911
13,14,200911
13,135,200911
13,32,200911
14,143,200911
14,19,200911
14,18,200911
14,97,200911
14,77,200911
14,192,200911
14,799,200911
14,142,200911
14,52,200911
14,6,200911
14,83,200911
14,145,200911
14,160,200911
14,101,200911
14,64,200911
14,76,200911
14,146,200911
14,137,200911
14,490,200911
14,116,200911
14,429,200911
14,1265,200911
14,94,200911
14,80,200911
14,40,200911
14,96,200911
14,136,200911
14,72,200911
14,47,200911
14,165,200911
14,113,200911
14,243,200911
14,1,200911
14,30,200911
14,149,200911
14,108,200911
14,27,200911
14,544,200911
14,75,200911
14,183,200911
14,4,200911
14,126,200911
14,304,200911
14,51,200911
14,355,200911
14,48,200911
14,31,200911
14,24,200911
14,100,200911
14,11,200911
14,22,200911
14,35,200911
14,112,200911
14,85,200911
14,36,200911
14,341,200911
14,25,200911
14,9,200911
14,1147,200911
14,28,200911
14,16,200911
14,21,200911
14,81,200911
14,66,200911
14,60,200911
14,739,200911
14,41,200911
14,13,200911
14,10,200911
14,46,200911
14,20,200911
14,133,200911
14,1020,200911
14,369,200911
14,107,200911
14,12,200911
14,23,200911
14,59,200911
14,17,200911
14,124,200911
14,5,200911
14,129,200911
14,0,200911
14,274,200911
14,29,200911
14,157,200911
14,139,200911
14,26,200911
14,117,200911
14,54,200911
14,134,200911
14,2,200911
14,32,200911
14,92,200911
14,38,200911
14,154,200911
14,119,200911
14,180,200911
14,135,200911
14,155,200911
14,102,200911
15,534,200911
15,160,200911
15,1147,200911
15,132,200911
15,77,200911
15,143,200911
15,10,200911
15,35,200911
15,195,200911
15,31,200911
15,338,200911
15,134,200911
15,80,200911
15,180,200911
15,131,200911
15,181,200911
15,81,200911
15,136,200911
15,32,200911
15,281,200911
15,29,200911
15,375,200911
15,266,200911
15,18,200911
15,1227,200911
15,137,200911
16,60,200911
16,12,200911
16,32,200911
16,110,200911
16,44,200911
16,160,200911
16,138,200911
16,362,200911
16,281,200911
16,146,200911
16,131,200911
16,143,200911
16,66,200911
16,482,200911
16,310,200911
16,170,200911
16,444,200911
16,77,200911
16,124,200911
16,6,200911
16,81,200911
16,136,200911
16,80,200911
16,45,200911
16,40,200911
16,85,200911
16,102,200911
16,46,200911
16,157,200911
16,144,200911
16,112,200911
16,61,200911
16,100,200911
16,48,200911
16,15,200911
16,104,200911
16,97,200911
16,125,200911
16,320,200911
16,0,200911
16,64,200911
16,5,200911
16,119,200911
16,25,200911
16,58,200911
16,38,200911
16,92,200911
16,72,200911
16,188,200911
16,198,200911
16,309,200911
16,114,200911
16,19,200911
16,11,200911
16,21,200911
16,132,200911
16,13,200911
16,59,200911
16,27,200911
16,9,200911
16,34,200911
16,354,200911
16,28,200911
16,163,200911
16,154,200911
16,178,200911
16,274,200911
16,117,200911
16,36,200911
16,341,200911
16,1022,200911
16,1147,200911
16,14,200911
16,133,200911
16,1086,200911
16,2,200911
16,1,200911
16,381,200911
16,29,200911
16,137,200911
16,1065,200911
16,523,200911
16,24,200911
16,108,200911
16,142,200911
16,134,200911
16,101,200911
16,57,200911
16,54,200911
16,35,200911
16,79,200911
16,26,200911
16,126,200911
16,18,200911
16,52,200911
16,55,200911
16,139,200911
16,99,200911
16,197,200911
16,176,200911
16,120,200911
16,180,200911
16,181,200911
16,10,200911
16,83,200911
16,155,200911
16,20,200911
16,31,200911
16,17,200911
16,135,200911
17,59,200911
17,52,200911
17,281,200911
17,25,200911
17,146,200911
17,175,200911
17,35,200911
17,389,200911
17,279,200911
17,51,200911
17,137,200911
17,110,200911
17,28,200911
17,212,200911
17,89,200911
17,32,200911
17,77,200911
17,160,200911
17,552,200911
17,85,200911
17,5,200911
17,60,200911
17,195,200911
17,136,200911
17,241,200911
17,143,200911
17,6,200911
17,675,200911
17,20,200911
17,8,200911
17,115,200911
17,13,200911
17,9,200911
17,38,200911
17,48,200911
17,142,200911
17,24,200911
17,119,200911
17,23,200911
17,112,200911
17,26,200911
17,192,200911
17,125,200911
17,1,200911
17,83,200911
17,135,200911
17,18,200911
17,29,200911
17,247,200911
17,274,200911
17,27,200911
17,11,200911
17,100,200911
17,116,200911
17,0,200911
17,80,200911
17,154,200911
17,317,200911
17,180,200911
17,155,200911
17,10,200911
17,214,200911
17,12,200911
17,4,200911
17,54,200911
17,34,200911
17,69,200911
17,19,200911
17,108,200911
17,99,200911
17,81,200911
17,72,200911
17,950,200911
17,102,200911
17,124,200911
17,493,200911
17,107,200911
17,204,200911
17,33,200911
17,353,200911
17,345,200911
17,348,200911
17,866,200911
17,265,200911
17,30,200911
17,61,200911
17,184,200911
17,70,200911
17,132,200911
17,164,200911
17,544,200911
17,104,200911
17,14,200911
17,211,200911
17,222,200911
17,209,200911
17,37,200911
17,863,200911
17,395,200911
17,761,200911
17,183,200911
17,906,200911
17,129,200911
17,261,200911
17,243,200911
17,40,200911
17,96,200911
17,53,200911
17,819,200911
17,31,200911
17,189,200911
17,7,200911
17,150,200911
17,2,200911
17,213,200911
17,165,200911
17,22,200911
17,21,200911
17,64,200911
17,92,200911
17,16,200911
17,97,200911
17,46,200911
18,16,200911
18,233,200911
18,281,200911
18,76,200911
18,154,200911
18,54,200911
18,27,200911
18,12,200911
18,77,200911
18,146,200911
18,426,200911
18,423,200911
18,160,200911
18,32,200911
18,156,200911
18,143,200911
18,19,200911
18,138,200911
18,29,200911
18,133,200911
18,48,200911
18,20,200911
18,28,200911
18,52,200911
18,40,200911
18,97,200911
18,21,200911
18,13,200911
18,113,200911
18,108,200911
18,320,200911
18,304,200911
18,139,200911
18,2,200911
18,11,200911
18,165,200911
18,136,200911
18,739,200911
18,81,200911
18,92,200911
18,64,200911
18,274,200911
18,157,200911
18,17,200911
18,144,200911
18,25,200911
18,135,200911
18,728,200911
18,213,200911
18,51,200911
18,178,200911
18,124,200911
18,175,200911
18,60,200911
18,14,200911
18,35,200911
18,45,200911
18,110,200911
18,4,200911
18,83,200911
18,107,200911
18,197,200911
18,341,200911
18,170,200911
18,193,200911
18,180,200911
18,908,200911
18,96,200911
18,440,200911
18,0,200911
18,436,200911
18,5,200911
18,123,200911
18,814,200911
18,181,200911
18,416,200911
18,36,200911
18,909,200911
18,432,200911
18,43,200911
18,443,200911
18,104,200911
18,1,200911
18,72,200911
18,413,200911
18,271,200911
18,74,200911
18,410,200911
18,125,200911
18,298,200911
18,145,200911
18,346,200911
18,408,200911
18,1258,200911
18,415,200911
18,61,200911
18,80,200911
18,171,200911
18,66,200911
18,132,200911
18,101,200911
18,88,200911
18,270,200911
18,242,200911
18,111,200911
18,122,200911
18,93,200911
18,137,200911
18,84,200911
18,131,200911
18,544,200911
18,223,200911
18,430,200911
18,159,200911
18,102,200911
18,31,200911
18,422,200911
18,15,200911
18,407,200911
18,234,200911
18,30,200911
18,59,200911
18,34,200911
18,22,200911
18,163,200911
18,100,200911
18,99,200911
18,10,200911
18,24,200911
18,174,200911
18,9,200911
18,164,200911
18,53,200911
18,86,200911
18,44,200911
18,183,200911
18,46,200911
18,6,200911
18,85,200911
18,265,200911
18,89,200911
18,69,200911
18,112,200911
18,26,200911
19,77,200911
19,120,200911
19,97,200911
19,146,200911
19,117,200911
19,23,200911
19,36,200911
19,176,200911
19,46,200911
19,137,200911
19,5,200911
19,29,200911
19,54,200911
19,52,200911
19,40,200911
19,39,200911
19,138,200911
19,143,200911
19,175,200911
19,180,200911
19,18,200911
19,64,200911
19,160,200911
19,374,200911
19,48,200911
19,140,200911
19,142,200911
19,13,200911
19,83,200911
19,14,200911
19,60,200911
19,455,200911
19,6,200911
19,35,200911
19,155,200911
19,100,200911
19,112,200911
19,11,200911
19,107,200911
19,444,200911
19,744,200911
19,10,200911
19,165,200911
19,0,200911
19,27,200911
19,139,200911
19,1,200911
19,242,200911
19,2,200911
19,12,200911
19,234,200911
19,149,200911
19,193,200911
19,75,200911
19,101,200911
19,135,200911
19,133,200911
19,51,200911
19,4,200911
19,192,200911
19,20,200911
19,157,200911
19,278,200911
19,17,200911
19,58,200911
19,99,200911
19,16,200911
19,22,200911
19,354,200911
19,80,200911
19,131,200911
19,136,200911
19,21,200911
19,320,200911
19,31,200911
19,154,200911
19,156,200911
19,32,200911
19,213,200911
19,1147,200911
19,38,200911
19,55,200911
19,85,200911
19,45,200911
19,113,200911
19,28,200911
19,96,200911
19,26,200911
19,274,200911
19,362,200911
19,195,200911
19,182,200911
19,57,200911
19,208,200911
19,59,200911
19,860,200911
19,134,200911
19,172,200911
19,102,200911
19,76,200911
19,387,200911
19,332,200911
19,79,200911
19,24,200911
19,126,200911
19,206,200911
19,119,200911
19,78,200911
19,338,200911
19,205,200911
19,799,200911
19,277,200911
19,114,200911
19,81,200911
19,129,200911
19,25,200911
19,92,200911
19,108,200911
20,146,200911
20,17,200911
20,247,200911
20,160,200911
20,501,200911
20,1265,200911
20,110,200911
20,23,200911
20,13,200911
20,25,200911
20,196,200911
20,26,200911
20,72,200911
20,100,200911
20,133,200911
20,27,200911
20,115,200911
20,32,200911
20,12,200911
20,54,200911
20,11,200911
20,18,200911
20,80,200911
20,60,200911
20,136,200911
20,143,200911
20,274,200911
20,154,200911
20,137,200911
20,48,200911
20,29,200911
20,9,200911
20,14,200911
20,165,200911
20,19,200911
20,59,200911
20,40,200911
20,10,200911
20,99,200911
20,31,200911
20,77,200911
20,66,200911
20,96,200911
20,4,200911
20,155,200911
20,85,200911
20,0,200911
20,102,200911
20,1227,200911
20,108,200911
20,22,200911
20,2,200911
20,92,200911
20,736,200911
20,113,200911
20,215,200911
20,53,200911
20,741,200911
20,211,200911
20,1,200911
20,177,200911
20,315,200911
20,214,200911
20,832,200911
20,69,200911
20,866,200911
20,906,200911
20,150,200911
20,28,200911
20,107,200911
20,89,200911
20,261,200911
20,51,200911
20,16,200911
20,213,200911
20,21,200911
20,761,200911
20,189,200911
20,183,200911
20,184,200911
20,243,200911
20,121,200911
20,97,200911
20,33,200911
20,135,200911
20,8,200911
20,6,200911
20,64,200911
20,7,200911
20,46,200911
20,35,200911
21,4,200911
21,929,200911
21,736,200911
21,1,200911
21,866,200911
21,10,200911
21,160,200911
21,69,200911
21,136,200911
21,761,200911
21,1646,200911
21,745,200911
21,755,200911
21,143,200911
21,115,200911
21,120,200911
21,34,200911
21,83,200911
21,81,200911
21,2,200911
21,12,200911
21,19,200911
21,64,200911
21,16,200911
21,85,200911
21,72,200911
21,0,200911
21,46,200911
21,274,200911
21,11,200911
21,32,200911
21,27,200911
21,77,200911
21,17,200911
21,13,200911
21,117,200911
21,52,200911
21,6,200911
21,119,200911
21,14,200911
21,132,200911
21,86,200911
21,346,200911
21,96,200911
21,234,200911
21,40,200911
21,60,200911
21,102,200911
21,112,200911
21,26,200911
21,31,200911
21,124,200911
21,29,200911
21,165,200911
21,137,200911
21,180,200911
21,48,200911
21,22,200911
21,92,200911
21,213,200911
21,154,200911
21,183,200911
21,189,200911
21,59,200911
21,135,200911
21,20,200911
21,121,200911
21,51,200911
21,18,200911
21,89,200911
21,97,200911
21,25,200911
21,133,200911
21,113,200911
21,23,200911
21,28,200911
22,165,200911
22,1,200911
22,160,200911
22,2,200911
22,183,200911
22,31,200911
22,32,200911
22,97,200911
22,51,200911
22,83,200911
22,274,200911
22,40,200911
22,121,200911
22,211,200911
22,107,200911
22,223,200911
22,137,200911
22,48,200911
22,113,200911
22,18,200911
22,11,200911
22,25,200911
22,133,200911
22,33,200911
22,53,200911
22,906,200911
22,99,200911
22,5,200911
22,108,200911
22,27,200911
22,4,200911
22,6,200911
22,85,200911
22,150,200911
22,13,200911
22,143,200911
22,301,200911
22,346,200911
22,26,200911
22,19,200911
22,20,200911
22,23,200911
22,112,200911
22,92,200911
22,136,200911
22,135,200911
22,96,200911
22,17,200911
22,29,200911
22,28,200911
22,10,200911
23,348,200911
23,1154,200911
23,89,200911
23,138,200911
23,77,200911
23,160,200911
23,0,200911
23,39,200911
23,19,200911
23,863,200911
23,519,200911
23,189,200911
23,112,200911
23,51,200911
23,137,200911
23,65,200911
23,247,200911
23,5,200911
23,150,200911
23,110,200911
23,143,200911
23,11,200911
23,36,200911
23,906,200911
23,28,200911
23,1,200911
23,749,200911
23,69,200911
23,463,200911
23,17,200911
23,666,200911
23,211,200911
23,96,200911
23,501,200911
23,136,200911
23,490,200911
23,100,200911
23,40,200911
23,2,200911
23,25,200911
23,154,200911
23,155,200911
23,4,200911
23,12,200911
23,83,200911
23,142,200911
23,214,200911
23,108,200911
23,14,200911
23,165,200911
23,299,200911
23,177,200911
23,22,200911
23,9,200911
23,107,200911
23,31,200911
23,536,200911
23,135,200911
23,764,200911
23,81,200911
23,60,200911
23,46,200911
23,64,200911
23,80,200911
23,274,200911
23,345,200911
23,817,200911
23,92,200911
23,72,200911
23,183,200911
23,20,200911
23,97,200911
23,10,200911
23,21,200911
24,66,200911
24,160,200911
24,336,200911
24,860,200911
24,146,200911
24,138,200911
24,393,200911
24,342,200911
24,171,200911
24,76,200911
24,208,200911
24,78,200911
24,133,200911
24,80,200911
24,79,200911
24,13,200911
24,72,200911
24,41,200911
24,83,200911
24,96,200911
24,17,200911
24,1147,200911
24,0,200911
24,48,200911
24,132,200911
24,64,200911
24,94,200911
24,178,200911
24,35,200911
24,341,200911
24,19,200911
24,99,200911
24,97,200911
24,29,200911
24,26,200911
24,16,200911
24,54,200911
24,32,200911
24,137,200911
24,6,200911
24,18,200911
24,25,200911
24,136,200911
24,108,200911
24,60,200911
24,46,200911
24,14,200911
25,281,200911
25,6,200911
25,138,200911
25,274,200911
25,175,200911
25,9,200911
25,85,200911
25,137,200911
25,146,200911
25,118,200911
25,17,200911
25,87,200911
25,2,200911
25,16,200911
25,93,200911
25,77,200911
25,160,200911
25,336,200911
25,344,200911
25,552,200911
25,98,200911
25,339,200911
25,143,200911
25,51,200911
25,136,200911
25,1258,200911
25,72,200911
25,333,200911
25,29,200911
25,23,200911
25,97,200911
25,27,200911
25,309,200911
25,35,200911
25,104,200911
25,108,200911
25,100,200911
25,139,200911
25,83,200911
25,31,200911
25,28,200911
25,36,200911
25,13,200911
25,69,200911
25,40,200911
25,14,200911
25,183,200911
25,74,200911
25,122,200911
25,18,200911
25,126,200911
25,150,200911
25,99,200911
25,26,200911
25,21,200911
25,46,200911
25,142,200911
25,48,200911
25,131,200911
25,52,200911
25,112,200911
25,116,200911
25,107,200911
25,346,200911
25,32,200911
25,60,200911
25,64,200911
25,110,200911
25,81,200911
25,340,200911
25,216,200911
25,0,200911
25,11,200911
25,63,200911
25,393,200911
25,237,200911
25,385,200911
25,335,200911
25,326,200911
25,188,200911
25,65,200911
25,115,200911
25,132,200911
25,78,200911
25,1,200911
25,355,200911
25,390,200911
25,24,200911
25,20,200911
25,181,200911
25,47,200911
25,38,200911
25,58,200911
25,12,200911
25,57,200911
25,22,200911
25,39,200911
25,161,200911
25,59,200911
25,544,200911
25,76,200911
25,45,200911
25,4,200911
25,154,200911
25,120,200911
25,101,200911
25,495,200911
25,96,200911
25,152,200911
25,341,200911
25,327,200911
25,34,200911
25,165,200911
25,156,200911
25,19,200911
25,157,200911
25,54,200911
25,53,200911
25,124,200911
25,149,200911
25,80,200911
25,129,200911
25,89,200911
25,113,200911
25,10,200911
26,35,200911
26,141,200911
26,38,200911
26,799,200911
26,60,200911
26,117,200911
26,136,200911
26,112,200911
26,31,200911
26,16,200911
26,19,200911
26,20,200911
26,17,200911
26,27,200911
26,13,200911
26,11,200911
26,143,200911
26,65,200911
26,48,200911
26,101,200911
26,54,200911
26,113,200911
26,81,200911
26,274,200911
26,64,200911
26,0,200911
26,108,200911
26,40,200911
26,10,200911
26,139,200911
26,126,200911
26,78,200911
26,83,200911
26,51,200911
26,46,200911
26,1,200911
26,45,200911
26,100,200911
26,18,200911
26,14,200911
26,120,200911
26,28,200911
26,213,200911
26,146,200911
26,85,200911
26,131,200911
26,80,200911
26,96,200911
26,2,200911
26,134,200911
26,129,200911
26,181,200911
26,237,200911
26,63,200911
26,57,200911
26,24,200911
26,140,200911
26,132,200911
26,39,200911
26,544,200911
26,77,200911
26,12,200911
26,338,200911
26,192,200911
26,278,200911
26,180,200911
26,114,200911
26,102,200911
26,155,200911
26,76,200911
26,142,200911
26,32,200911
26,55,200911
26,860,200911
26,75,200911
26,29,200911
26,36,200911
26,320,200911
26,160,200911
26,135,200911
26,154,200911
26,99,200911
26,97,200911
26,25,200911
26,137,200911
27,12,200911
27,193,200911
27,552,200911
27,18,200911
27,136,200911
27,131,200911
27,146,200911
27,113,200911
27,77,200911
27,160,200911
27,154,200911
27,355,200911
27,175,200911
27,110,200911
27,143,200911
27,34,200911
27,159,200911
27,1,200911
27,184,200911
27,401,200911
27,161,200911
27,537,200911
27,125,200911
27,282,200911
27,116,200911
27,13,200911
27,14,200911
27,133,200911
27,149,200911
27,23,200911
27,11,200911
27,4,200911
27,26,200911
27,9,200911
27,52,200911
27,20,200911
27,81,200911
27,142,200911
27,99,200911
27,155,200911
27,51,200911
27,85,200911
27,368,200911
27,40,200911
27,2,200911
27,46,200911
27,96,200911
27,79,200911
27,165,200911
27,80,200911
27,47,200911
27,129,200911
27,181,200911
27,180,200911
27,119,200911
27,32,200911
27,112,200911
27,1147,200911
27,156,200911
27,213,200911
27,834,200911
27,24,200911
27,28,200911
27,17,200911
27,1482,200911
27,115,200911
27,10,200911
27,0,200911
27,50,200911
27,108,200911
27,93,200911
27,5,200911
27,490,200911
27,97,200911
27,29,200911
27,588,200911
27,100,200911
27,45,200911
27,16,200911
27,251,200911
27,64,200911
27,139,200911
27,19,200911
27,728,200911
27,388,200911
27,752,200911
27,83,200911
27,21,200911
27,59,200911
27,25,200911
27,60,200911
27,92,200911
27,48,200911
27,6,200911
27,54,200911
27,31,200911
27,274,200911
27,135,200911
27,137,200911
28,5,200911
28,154,200911
28,23,200911
28,493,200911
28,77,200911
28,160,200911
28,1,200911
28,143,200911
28,17,200911
28,115,200911
28,100,200911
28,13,200911
28,72,200911
28,81,200911
28,48,200911
28,169,200911
28,19,200911
28,18,200911
28,52,200911
28,110,200911
28,188,200911
28,25,200911
28,60,200911
28,108,200911
28,34,200911
28,40,200911
28,83,200911
28,99,200911
28,35,200911
28,27,200911
28,9,200911
28,51,200911
28,96,200911
28,2,200911
28,548,200911
28,4,200911
28,6,200911
28,136,200911
28,11,200911
28,124,200911
28,24,200911
28,64,200911
28,137,200911
28,346,200911
28,80,200911
28,12,200911
28,14,200911
28,89,200911
28,97,200911
28,102,200911
28,69,200911
28,142,200911
28,32,200911
28,183,200911
28,0,200911
28,261,200911
28,20,200911
28,222,200911
28,165,200911
28,274,200911
28,31,200911
28,146,200911
28,107,200911
28,92,200911
28,59,200911
28,10,200911
28,85,200911
28,22,200911
28,46,200911
28,135,200911
28,29,200911
28,112,200911
28,21,200911
29,59,200911
29,16,200911
29,143,200911
29,134,200911
29,19,200911
29,245,200911
29,17,200911
29,45,200911
29,146,200911
29,158,200911
29,77,200911
29,160,200911
29,552,200911
29,110,200911
29,58,200911
29,322,200911
29,175,200911
29,137,200911
29,35,200911
29,89,200911
29,281,200911
29,652,200911
29,55,200911
29,6,200911
29,170,200911
29,80,200911
29,14,200911
29,675,200911
29,241,200911
29,208,200911
29,154,200911
29,18,200911
29,38,200911
29,31,200911
29,111,200911
29,52,200911
29,165,200911
29,320,200911
29,5,200911
29,83,200911
29,97,200911
29,46,200911
29,102,200911
29,265,200911
29,27,200911
29,178,200911
29,23,200911
29,1,200911
29,117,200911
29,1534,200911
29,132,200911
29,205,200911
29,25,200911
29,75,200911
29,20,200911
29,346,200911
29,181,200911
29,51,200911
29,180,200911
29,99,200911
29,129,200911
29,28,200911
29,242,200911
29,112,200911
29,13,200911
29,0,200911
29,36,200911
29,40,200911
29,15,200911
29,100,200911
29,172,200911
29,24,200911
29,48,200911
29,8,200911
29,101,200911
29,32,200911
29,11,200911
29,9,200911
29,122,200911
29,57,200911
29,79,200911
29,270,200911
29,140,200911
29,126,200911
29,267,200911
29,43,200911
29,66,200911
29,163,200911
29,176,200911
29,78,200911
29,131,200911
29,12,200911
29,276,200911
29,139,200911
29,72,200911
29,85,200911
29,96,200911
29,183,200911
29,120,200911
29,224,200911
29,104,200911
29,53,200911
29,7,200911
29,2,200911
29,63,200911
29,76,200911
29,544,200911
29,44,200911
29,61,200911
29,74,200911
29,62,200911
29,81,200911
29,182,200911
29,269,200911
29,292,200911
29,39,200911
29,171,200911
29,65,200911
29,124,200911
29,159,200911
29,145,200911
29,107,200911
29,142,200911
29,197,200911
29,155,200911
29,213,200911
29,121,200911
29,198,200911
29,34,200911
29,125,200911
29,26,200911
29,144,200911
29,193,200911
29,54,200911
29,22,200911
29,108,200911
29,10,200911
29,21,200911
29,4,200911
29,113,200911
29,136,200911
29,60,200911
29,64,200911
30,84,200911
30,136,200911
30,15,200911
30,234,200911
30,160,200911
30,12,200911
30,132,200911
30,104,200911
30,143,200911
30,775,200911
30,67,200911
30,14,200911
30,776,200911
30,96,200911
30,26,200911
30,154,200911
30,783,200911
30,54,200911
30,1090,200911
30,754,200911
30,753,200911
30,1169,200911
30,88,200911
30,346,200911
30,17,200911
30,10,200911
30,1227,200911
30,18,200911
30,4,200911
30,11,200911
31,160,200911
31,137,200911
31,97,200911
31,175,200911
31,401,200911
31,64,200911
31,193,200911
31,77,200911
31,54,200911
31,79,200911
31,108,200911
31,146,200911
31,133,200911
31,14,200911
31,116,200911
31,1,200911
31,104,200911
31,6,200911
31,13,200911
31,149,200911
31,233,200911
31,52,200911
31,61,200911
31,72,200911
31,112,200911
31,51,200911
31,136,200911
31,157,200911
31,18,200911
31,43,200911
31,11,200911
31,38,200911
31,161,200911
31,83,200911
31,134,200911
31,20,200911
31,132,200911
31,113,200911
31,76,200911
31,126,200911
31,74,200911
31,274,200911
31,12,200911
31,131,200911
31,121,200911
31,142,200911
31,21,200911
31,22,200911
31,380,200911
31,888,200911
31,9,200911
31,107,200911
31,40,200911
31,115,200911
31,16,200911
31,180,200911
31,23,200911
31,341,200911
31,120,200911
31,165,200911
31,92,200911
31,1147,200911
31,118,200911
31,35,200911
31,73,200911
31,100,200911
31,4,200911
31,2,200911
31,503,200911
31,46,200911
31,96,200911
31,155,200911
31,154,200911
31,5,200911
31,19,200911
31,29,200911
31,32,200911
31,99,200911
31,26,200911
31,80,200911
31,102,200911
31,28,200911
31,17,200911
31,85,200911
31,59,200911
31,81,200911
31,48,200911
31,10,200911
31,0,200911
31,25,200911
31,27,200911
31,60,200911
31,135,200911
32,29,200911
32,401,200911
32,66,200911
32,6,200911
32,14,200911
32,675,200911
32,64,200911
32,138,200911
32,463,200911
32,24,200911
32,77,200911
32,40,200911
32,143,200911
32,170,200911
32,76,200911
32,160,200911
32,20,200911
32,12,200911
32,18,200911
32,165,200911
32,80,200911
32,124,200911
32,112,200911
32,4,200911
32,19,200911
32,34,200911
32,2,200911
32,81,200911
32,270,200911
32,83,200911
32,45,200911
32,739,200911
32,136,200911
32,320,200911
32,180,200911
32,274,200911
32,155,200911
32,341,200911
32,120,200911
32,1,200911
32,108,200911
32,113,200911
32,21,200911
32,0,200911
32,154,200911
32,132,200911
32,178,200911
32,15,200911
32,51,200911
32,1147,200911
32,74,200911
32,96,200911
32,131,200911
32,814,200911
32,23,200911
32,25,200911
32,146,200911
32,197,200911
32,85,200911
32,139,200911
32,46,200911
32,28,200911
32,110,200911
32,17,200911
32,129,200911
32,242,200911
32,440,200911
32,181,200911
32,60,200911
32,159,200911
32,545,200911
32,63,200911
32,58,200911
32,27,200911
32,43,200911
32,65,200911
32,44,200911
32,52,200911
32,145,200911
32,362,200911
32,99,200911
32,157,200911
32,192,200911
32,144,200911
32,59,200911
32,429,200911
32,544,200911
32,420,200911
32,546,200911
32,16,200911
32,171,200911
32,92,200911
32,237,200911
32,78,200911
32,62,200911
32,117,200911
32,269,200911
32,193,200911
32,102,200911
32,39,200911
32,38,200911
32,163,200911
32,97,200911
32,31,200911
32,9,200911
32,233,200911
32,175,200911
32,100,200911
32,11,200911
32,137,200911
32,140,200911
32,332,200911
32,126,200911
32,72,200911
32,54,200911
32,276,200911
32,338,200911
32,198,200911
32,114,200911
32,57,200911
32,26,200911
32,101,200911
32,195,200911
32,135,200911
32,75,200911
32,10,200911
32,142,200911
32,79,200911
32,205,200911
32,182,200911
32,134,200911
32,55,200911
32,206,200911
32,208,200911
32,176,200911
32,35,200911
32,36,200911
32,48,200911
32,13,200911
33,10,200911
33,51,200911
33,184,200911
33,214,200911
33,12,200911
33,301,200911
33,112,200911
33,22,200911
33,5,200911
33,1,200911
33,17,200911
33,1227,200911
33,11,200911
33,136,200911
33,4,200911
33,20,200911
34,84,200911
34,480,200911
34,552,200911
34,588,200911
34,161,200911
34,60,200911
34,143,200911
34,160,200911
34,104,200911
34,82,200911
34,154,200911
34,97,200911
34,36,200911
34,83,200911
34,10,200911
34,150,200911
34,45,200911
34,16,200911
34,1,200911
34,48,200911
34,2,200911
34,28,200911
34,1147,200911
34,1227,200911
34,17,200911
34,18,200911
34,10,200911
34,136,200911
34,160,200911
34,25,200911
34,29,200911
34,97,200911
34,137,200911
35,139,200911
35,675,200911
35,294,200911
35,730,200911
35,108,200911
35,146,200911
35,39,200911
35,58,200911
35,17,200911
35,2,200911
35,48,200911
35,445,200911
35,160,200911
35,64,200911
35,1,200911
35,1139,200911
35,40,200911
35,266,200911
35,80,200911
35,196,200911
35,11,200911
35,97,200911
35,46,200911
35,9,200911
35,175,200911
35,143,200911
35,19,200911
35,129,200911
35,14,200911
35,57,200911
35,114,200911
35,60,200911
35,45,200911
35,41,200911
35,26,200911
35,20,200911
35,6,200911
35,155,200911
35,27,200911
35,0,200911
35,16,200911
35,28,200911
35,59,200911
35,136,200911
35,102,200911
35,341,200911
35,18,200911
35,482,200911
35,52,200911
35,10,200911
35,192,200911
35,31,200911
35,154,200911
35,83,200911
35,54,200911
35,21,200911
35,113,200911
35,1194,200911
35,101,200911
35,78,200911
35,29,200911
35,76,200911
35,77,200911
35,120,200911
35,38,200911
35,100,200911
35,81,200911
35,173,200911
35,4,200911
35,32,200911
35,25,200911
35,769,200911
35,172,200911
35,13,200911
35,99,200911
35,137,200911
36,35,200911
36,139,200911
36,65,200911
36,48,200911
36,79,200911
36,19,200911
36,143,200911
36,23,200911
36,444,200911
36,100,200911
36,31,200911
36,107,200911
36,5,200911
36,9,200911
36,208,200911
36,13,200911
36,60,200911
36,129,200911
36,18,200911
36,133,200911
36,53,200911
36,154,200911
36,59,200911
36,29,200911
36,155,200911
36,20,200911
36,160,200911
36,180,200911
36,52,200911
36,178,200911
36,142,200911
36,269,200911
36,83,200911
36,40,200911
36,16,200911
36,14,200911
36,81,200911
36,135,200911
36,341,200911
36,10,200911
36,102,200911
36,146,200911
36,25,200911
36,6,200911
36,32,200911
36,26,200911
36,97,200911
36,108,200911
36,137,200911
36,99,200911
36,119,200911
36,46,200911
37,493,200911
37,1339,200911
37,496,200911
37,17,200911
37,1,200911
38,40,200911
38,120,200911
38,77,200911
38,294,200911
38,1209,200911
38,160,200911
38,19,200911
38,16,200911
38,29,200911
38,112,200911
38,94,200911
38,165,200911
38,36,200911
38,119,200911
38,75,200911
38,31,200911
38,21,200911
38,142,200911
38,17,200911
38,80,200911
38,83,200911
38,124,200911
38,15,200911
38,59,200911
38,134,200911
38,143,200911
38,136,200911
38,117,200911
38,24,200911
38,27,200911
38,274,200911
38,81,200911
38,76,200911
38,97,200911
38,96,200911
38,99,200911
38,139,200911
38,57,200911
38,156,200911
38,178,200911
38,1147,200911
38,11,200911
38,64,200911
38,0,200911
38,146,200911
38,10,200911
38,180,200911
38,154,200911
38,1,200911
38,2,200911
38,26,200911
38,32,200911
38,46,200911
38,48,200911
38,35,200911
38,6,200911
38,137,200911
38,25,200911
38,108,200911
38,100,200911
38,60,200911
38,135,200911
38,14,200911
39,60,200911
39,5,200911
39,100,200911
39,160,200911
39,35,200911
39,137,200911
39,97,200911
39,112,200911
39,320,200911
39,23,200911
39,45,200911
39,143,200911
39,19,200911
39,65,200911
39,124,200911
39,140,200911
39,38,200911
39,12,200911
39,205,200911
39,178,200911
39,1147,200911
39,73,200911
39,544,200911
39,99,200911
39,26,200911
39,146,200911
39,32,200911
39,46,200911
39,25,200911
39,29,200911
39,64,200911
40,19,200911
40,205,200911
40,83,200911
40,722,200911
40,54,200911
40,1288,200911
40,136,200911
40,142,200911
40,81,200911
40,120,200911
40,143,200911
40,146,200911
40,48,200911
40,77,200911
40,116,200911
40,281,200911
40,27,200911
40,16,200911
40,170,200911
40,160,200911
40,22,200911
40,124,200911
40,97,200911
40,20,200911
40,13,200911
40,4,200911
40,26,200911
40,112,200911
40,102,200911
40,72,200911
40,107,200911
40,188,200911
40,274,200911
40,135,200911
40,133,200911
40,23,200911
40,316,200911
40,129,200911
40,1,200911
40,237,200911
40,41,200911
40,73,200911
40,180,200911
40,32,200911
40,6,200911
40,154,200911
40,80,200911
40,17,200911
40,739,200911
40,132,200911
40,45,200911
40,463,200911
40,178,200911
40,121,200911
40,206,200911
40,36,200911
40,25,200911
40,2,200911
40,94,200911
40,0,200911
40,342,200911
40,28,200911
40,9,200911
40,85,200911
40,18,200911
40,21,200911
40,14,200911
40,34,200911
40,126,200911
40,66,200911
40,92,200911
40,31,200911
40,29,200911
40,46,200911
40,320,200911
40,64,200911
40,59,200911
40,35,200911
40,99,200911
40,52,200911
40,108,200911
40,10,200911
40,139,200911
40,137,200911
40,60,200911
41,60,200911
41,160,200911
41,35,200911
41,342,200911
41,287,200911
41,146,200911
41,32,200911
41,274,200911
41,31,200911
41,24,200911
41,163,200911
41,154,200911
41,860,200911
41,76,200911
41,57,200911
41,97,200911
41,14,200911
41,99,200911
41,48,200911
41,108,200911
41,137,200911
41,46,200911
42,836,200911
43,54,200911
43,1270,200911
43,44,200911
43,170,200911
43,181,200911
43,101,200911
43,117,200911
43,266,200911
43,18,200911
43,29,200911
43,136,200911
43,32,200911
43,97,200911
43,10,200911
44,54,200911
44,43,200911
44,1194,200911
44,175,200911
44,206,200911
44,0,200911
44,346,200911
44,32,200911
44,29,200911
44,18,200911
45,142,200911
45,146,200911
45,207,200911
45,1194,200911
45,120,200911
45,178,200911
45,97,200911
45,64,200911
45,155,200911
45,242,200911
45,208,200911
45,157,200911
45,83,200911
45,75,200911
45,26,200911
45,14,200911
45,143,200911
45,205,200911
45,160,200911
45,78,200911
45,39,200911
45,38,200911
45,52,200911
45,40,200911
45,154,200911
45,77,200911
45,99,200911
45,0,200911
45,29,200911
45,19,200911
45,35,200911
45,46,200911
45,32,200911
45,25,200911
45,137,200911
45,6,200911
46,54,200911
46,97,200911
46,401,200911
46,143,200911
46,139,200911
46,27,200911
46,19,200911
46,77,200911
46,138,200911
46,160,200911
46,188,200911
46,175,200911
46,309,200911
46,339,200911
46,83,200911
46,31,200911
46,1194,200911
46,282,200911
46,13,200911
46,14,200911
46,113,200911
46,133,200911
46,23,200911
46,26,200911
46,265,200911
46,135,200911
46,6,200911
46,108,200911
46,354,200911
46,20,200911
46,64,200911
46,78,200911
46,24,200911
46,16,200911
46,106,200911
46,29,200911
46,2,200911
46,60,200911
46,25,200911
46,132,200911
46,120,200911
46,12,200911
46,65,200911
46,34,200911
46,48,200911
46,1147,200911
46,320,200911
46,142,200911
46,52,200911
46,100,200911
46,180,200911
46,102,200911
46,176,200911
46,178,200911
46,117,200911
46,0,200911
46,32,200911
46,85,200911
46,38,200911
46,126,200911
46,76,200911
46,40,200911
46,287,200911
46,101,200911
46,99,200911
46,156,200911
46,860,200911
46,58,200911
46,45,200911
46,208,200911
46,146,200911
46,18,200911
46,237,200911
46,82,200911
46,39,200911
46,81,200911
46,80,200911
46,94,200911
46,182,200911
46,224,200911
46,278,200911
46,141,200911
46,95,200911
46,769,200911
46,158,200911
46,799,200911
46,79,200911
46,155,200911
46,154,200911
46,813,200911
46,445,200911
46,250,200911
46,57,200911
46,134,200911
46,152,200911
46,192,200911
46,341,200911
46,544,200911
46,157,200911
46,59,200911
46,355,200911
46,140,200911
46,73,200911
46,458,200911
46,744,200911
46,797,200911
46,4,200911
46,124,200911
46,75,200911
46,35,200911
46,172,200911
46,63,200911
46,41,200911
46,28,200911
46,129,200911
46,342,200911
46,137,200911
46,17,200911
46,36,200911
46,136,200911
46,10,200911
46,1,200911
47,93,200911
47,124,200911
47,98,200911
47,25,200911
47,60,200911
47,96,200911
47,135,200911
47,27,200911
47,19,200911
47,80,200911
47,17,200911
47,10,200911
47,115,200911
47,0,200911
47,192,200911
47,116,200911
47,154,200911
47,346,200911
47,1169,200911
47,137,200911
47,274,200911
47,92,200911
48,108,200911
48,77,200911
48,768,200911
48,36,200911
48,17,200911
48,160,200911
48,143,200911
48,35,200911
48,769,200911
48,97,200911
48,28,200911
48,72,200911
48,96,200911
48,52,200911
48,113,200911
48,107,200911
48,165,200911
48,38,200911
48,64,200911
48,80,200911
48,5,200911
48,102,200911
48,85,200911
48,172,200911
48,31,200911
48,26,200911
48,142,200911
48,10,200911
48,40,200911
48,83,200911
48,20,200911
48,154,200911
48,11,200911
48,13,200911
48,81,200911
48,21,200911
48,137,200911
48,1,200911
48,14,200911
48,1147,200911
48,752,200911
48,274,200911
48,46,200911
48,460,200911
48,24,200911
48,250,200911
48,266,200911
48,18,200911
48,9,200911
48,136,200911
48,16,200911
48,12,200911
48,54,200911
48,155,200911
48,4,200911
48,41,200911
48,181,200911
48,176,200911
48,2,200911
48,197,200911
48,79,200911
48,75,200911
48,341,200911
48,95,200911
48,57,200911
48,101,200911
48,815,200911
48,320,200911
48,120,200911
48,194,200911
48,146,200911
48,180,200911
48,27,200911
48,195,200911
48,121,200911
48,0,200911
48,60,200911
48,92,200911
48,29,200911
48,208,200911
48,129,200911
48,59,200911
48,100,200911
48,99,200911
48,19,200911
48,32,200911
48,119,200911
48,178,200911
48,6,200911
48,135,200911
48,25,200911
49,69,200911
49,806,200911
49,51,200911
50,177,200911
50,69,200911
50,220,200911
50,27,200911
50,346,200911
50,4,200911
51,118,200911
51,160,200911
51,214,200911
51,17,200911
51,842,200911
51,795,200911
51,132,200911
51,1196,200911
51,901,200911
51,798,200911
51,184,200911
51,23,200911
51,5,200911
51,143,200911
51,69,200911
51,247,200911
51,741,200911
51,137,200911
51,215,200911
51,77,200911
51,9,200911
51,149,200911
51,102,200911
51,85,200911
51,2,200911
51,58,200911
51,157,200911
51,108,200911
51,115,200911
51,14,200911
51,22,200911
51,119,200911
51,60,200911
51,136,200911
51,4,200911
51,12,200911
51,146,200911
51,3,200911
51,13,200911
51,30,200911
51,20,200911
51,19,200911
51,93,200911
51,113,200911
51,38,200911
51,48,200911
51,21,200911
51,25,200911
51,133,200911
51,35,200911
51,124,200911
51,32,200911
51,495,200911
51,165,200911
51,86,200911
51,107,200911
51,1319,200911
51,346,200911
51,8,200911
51,142,200911
51,10,200911
51,31,200911
51,97,200911
51,189,200911
51,49,200911
51,213,200911
51,92,200911
51,274,200911
51,154,200911
51,819,200911
51,150,200911
51,33,200911
51,29,200911
51,28,200911
51,112,200911
51,59,200911
51,89,200911
51,27,200911
51,11,200911
51,96,200911
51,121,200911
51,110,200911
51,135,200911
51,7,200911
51,64,200911
51,183,200911
51,6,200911
51,1,200911
51,18,200911
52,77,200911
52,143,200911
52,293,200911
52,13,200911
52,117,200911
52,59,200911
52,19,200911
52,138,200911
52,6,200911
52,178,200911
52,102,200911
52,146,200911
52,180,200911
52,155,200911
52,160,200911
52,181,200911
52,274,200911
52,17,200911
52,38,200911
52,242,200911
52,40,200911
52,137,200911
52,48,200911
52,92,200911
52,81,200911
52,96,200911
52,85,200911
52,76,200911
52,27,200911
52,25,200911
52,0,200911
52,2,200911
52,60,200911
52,51,200911
52,131,200911
52,136,200911
52,28,200911
52,139,200911
52,730,200911
52,135,200911
52,64,200911
52,21,200911
52,126,200911
52,66,200911
52,99,200911
52,266,200911
52,46,200911
52,113,200911
52,16,200911
52,54,200911
52,100,200911
52,20,200911
52,83,200911
52,29,200911
52,5,200911
52,154,200911
52,32,200911
52,108,200911
52,36,200911
52,18,200911
52,31,200911
52,10,200911
52,35,200911
52,129,200911
52,97,200911
52,14,200911
53,160,200911
53,341,200911
53,70,200911
53,133,200911
53,213,200911
53,150,200911
53,27,200911
53,102,200911
53,544,200911
53,189,200911
53,97,200911
53,96,200911
53,83,200911
53,9,200911
53,60,200911
53,457,200911
53,10,200911
53,966,200911
53,20,200911
53,136,200911
53,29,200911
53,11,200911
53,17,200911
53,18,200911
53,1,200911
53,25,200911
53,137,200911
54,31,200911
54,18,200911
54,19,200911
54,131,200911
54,463,200911
54,143,200911
54,422,200911
54,101,200911
54,430,200911
54,43,200911
54,440,200911
54,77,200911
54,160,200911
54,44,200911
54,814,200911
54,276,200911
54,28,200911
54,2,200911
54,282,200911
54,0,200911
54,120,200911
54,13,200911
54,113,200911
54,16,200911
54,96,200911
54,74,200911
54,161,200911
54,115,200911
54,102,200911
54,20,200911
54,122,200911
54,107,200911
54,6,200911
54,59,200911
54,154,200911
54,181,200911
54,12,200911
54,124,200911
54,208,200911
54,136,200911
54,46,200911
54,85,200911
54,76,200911
54,40,200911
54,21,200911
54,97,200911
54,11,200911
54,244,200911
54,157,200911
54,92,200911
54,60,200911
54,139,200911
54,1205,200911
54,78,200911
54,156,200911
54,341,200911
54,108,200911
54,38,200911
54,346,200911
54,17,200911
54,51,200911
54,1180,200911
54,146,200911
54,10,200911
54,1,200911
54,48,200911
54,81,200911
54,132,200911
54,24,200911
54,274,200911
54,197,200911
54,4,200911
54,137,200911
54,99,200911
54,14,200911
54,29,200911
54,25,200911
54,27,200911
54,26,200911
54,32,200911
55,126,200911
55,155,200911
55,134,200911
55,270,200911
55,16,200911
55,74,200911
55,140,200911
55,29,200911
55,14,200911
55,97,200911
55,19,200911
55,815,200911
55,64,200911
55,99,200911
55,60,200911
55,59,200911
55,26,200911
55,32,200911
55,6,200911
57,27,200911
57,143,200911
57,78,200911
57,35,200911
57,140,200911
57,75,200911
57,160,200911
57,77,200911
57,124,200911
57,165,200911
57,102,200911
57,157,200911
57,197,200911
57,97,200911
57,64,200911
57,41,200911
57,99,200911
57,341,200911
57,46,200911
57,1147,200911
57,26,200911
57,146,200911
57,16,200911
57,29,200911
57,19,200911
57,1250,200911
57,48,200911
57,6,200911
57,375,200911
57,25,200911
57,32,200911
57,266,200911
57,137,200911
58,241,200911
58,160,200911
58,143,200911
58,64,200911
58,140,200911
58,16,200911
58,242,200911
58,18,200911
58,81,200911
58,132,200911
58,12,200911
58,9,200911
58,80,200911
58,142,200911
58,10,200911
58,2,200911
58,14,200911
58,32,200911
58,99,200911
58,29,200911
58,97,200911
58,146,200911
58,25,200911
58,136,200911
58,46,200911
58,137,200911
59,19,200911
59,281,200911
59,176,200911
59,29,200911
59,138,200911
59,6,200911
59,241,200911
59,160,200911
59,286,200911
59,77,200911
59,17,200911
59,129,200911
59,26,200911
59,143,200911
59,793,200911
59,652,200911
59,675,200911
59,146,200911
59,35,200911
59,120,200911
59,8,200911
59,16,200911
59,97,200911
59,58,200911
59,181,200911
59,64,200911
59,25,200911
59,38,200911
59,57,200911
59,154,200911
59,51,200911
59,2,200911
59,27,200911
59,137,200911
59,81,200911
59,14,200911
59,180,200911
59,40,200911
59,52,200911
59,54,200911
59,32,200911
59,172,200911
59,18,200911
59,21,200911
59,11,200911
59,114,200911
59,83,200911
59,46,200911
59,10,200911
59,108,200911
59,55,200911
59,136,200911
59,117,200911
59,126,200911
59,134,200911
59,217,200911
59,60,200911
59,112,200911
59,4,200911
59,20,200911
59,1,200911
59,31,200911
59,13,200911
59,142,200911
59,92,200911
59,28,200911
59,99,200911
59,85,200911
59,194,200911
59,94,200911
59,100,200911
59,0,200911
59,5,200911
59,48,200911
59,133,200911
59,121,200911
59,139,200911
59,36,200911
60,1115,200911
60,146,200911
60,101,200911
60,143,200911
60,83,200911
60,19,200911
60,97,200911
60,14,200911
60,120,200911
60,100,200911
60,772,200911
60,0,200911
60,35,200911
60,13,200911
60,160,200911
60,48,200911
60,39,200911
60,129,200911
60,31,200911
60,41,200911
60,73,200911
60,126,200911
60,113,200911
60,149,200911
60,16,200911
60,112,200911
60,93,200911
60,23,200911
60,17,200911
60,107,200911
60,26,200911
60,20,200911
60,117,200911
60,27,200911
60,36,200911
60,40,200911
60,108,200911
60,72,200911
60,34,200911
60,115,200911
60,739,200911
60,7,200911
60,85,200911
60,136,200911
60,18,200911
60,782,200911
60,530,200911
60,10,200911
60,142,200911
60,4,200911
60,5,200911
60,89,200911
60,9,200911
60,54,200911
60,137,200911
60,176,200911
60,124,200911
60,102,200911
60,11,200911
60,2,200911
60,370,200911
60,182,200911
60,12,200911
60,183,200911
60,21,200911
60,95,200911
60,25,200911
60,28,200911
60,133,200911
60,1,200911
60,32,200911
60,121,200911
60,194,200911
60,51,200911
60,165,200911
60,156,200911
60,46,200911
60,63,200911
60,237,200911
60,99,200911
60,163,200911
60,134,200911
60,269,200911
60,64,200911
60,178,200911
60,55,200911
60,154,200911
60,157,200911
60,860,200911
60,79,200911
60,274,200911
60,81,200911
60,208,200911
60,77,200911
60,96,200911
60,24,200911
60,75,200911
60,197,200911
60,59,200911
60,217,200911
60,195,200911
60,38,200911
60,80,200911
60,52,200911
60,135,200911
60,180,200911
60,92,200911
60,139,200911
60,155,200911
60,29,200911
60,119,200911
60,6,200911
61,12,200911
61,111,200911
61,143,200911
61,407,200911
61,234,200911
61,415,200911
61,160,200911
61,131,200911
61,2,200911
61,78,200911
61,29,200911
61,1,200911
61,69,200911
61,28,200911
61,379,200911
61,164,200911
61,64,200911
61,266,200911
61,17,200911
61,18,200911
61,97,200911
61,1227,200911
61,10,200911
61,136,200911
62,160,200911
62,66,200911
62,143,200911
62,276,200911
62,390,200911
62,142,200911
62,54,200911
62,176,200911
62,341,200911
62,346,200911
62,146,200911
62,266,200911
62,375,200911
62,32,200911
62,137,200911
62,97,200911
62,29,200911
63,354,200911
63,160,200911
63,146,200911
63,26,200911
63,32,200911
63,25,200911
63,60,200911
63,99,200911
63,29,200911
63,64,200911
63,46,200911
63,97,200911
64,739,200911
64,61,200911
64,19,200911
64,752,200911
64,136,200911
64,59,200911
64,335,200911
64,6,200911
64,143,200911
64,29,200911
64,160,200911
64,13,200911
64,39,200911
64,5,200911
64,132,200911
64,157,200911
64,18,200911
64,77,200911
64,544,200911
64,84,200911
64,139,200911
64,27,200911
64,112,200911
64,2,200911
64,233,200911
64,80,200911
64,20,200911
64,16,200911
64,0,200911
64,86,200911
64,7,200911
64,21,200911
64,94,200911
64,164,200911
64,82,200911
64,46,200911
64,36,200911
64,35,200911
64,25,200911
64,41,200911
64,9,200911
64,97,200911
64,83,200911
64,28,200911
64,48,200911
64,96,200911
64,22,200911
64,85,200911
64,170,200911
64,24,200911
64,1,200911
64,32,200911
64,53,200911
64,113,200911
64,126,200911
64,114,200911
64,92,200911
64,38,200911
64,76,200911
64,55,200911
64,57,200911
64,137,200911
64,104,200911
64,703,200911
64,163,200911
64,81,200911
64,23,200911
64,117,200911
64,154,200911
64,140,200911
64,4,200911
64,78,200911
64,89,200911
64,129,200911
64,100,200911
64,52,200911
64,172,200911
64,120,200911
64,180,200911
64,374,200911
64,722,200911
64,449,200911
64,549,200911
64,31,200911
64,730,200911
64,142,200911
64,373,200911
64,155,200911
64,146,200911
64,40,200911
64,101,200911
64,102,200911
64,134,200911
64,60,200911
64,58,200911
64,208,200911
64,63,200911
64,26,200911
64,192,200911
64,79,200911
64,332,200911
64,11,200911
64,205,200911
64,108,200911
64,10,200911
64,176,200911
64,45,200911
64,51,200911
64,121,200911
64,17,200911
64,135,200911
65,23,200911
65,36,200911
65,463,200911
65,170,200911
65,341,200911
65,131,200911
65,12,200911
65,99,200911
65,97,200911
65,1147,200911
65,46,200911
65,59,200911
65,146,200911
65,32,200911
65,26,200911
65,375,200911
65,160,200911
65,266,200911
65,25,200911
65,137,200911
65,29,200911
66,16,200911
66,62,200911
66,160,200911
66,178,200911
66,77,200911
66,101,200911
66,12,200911
66,24,200911
66,375,200911
66,19,200911
66,52,200911
66,346,200911
66,20,200911
66,40,200911
66,14,200911
66,146,200911
66,32,200911
66,18,200911
66,29,200911
66,10,200911
66,266,200911
66,97,200911
67,147,200911
67,754,200911
67,111,200911
67,68,200911
67,775,200911
67,30,200911
67,372,200911
67,136,200911
67,11,200911
68,67,200911
68,136,200911
69,49,200911
69,51,200911
69,247,200911
69,1,200911
69,311,200911
69,50,200911
69,177,200911
69,317,200911
69,132,200911
69,147,200911
69,143,200911
69,137,200911
69,23,200911
69,160,200911
69,27,200911
69,165,200911
69,154,200911
69,14,200911
69,70,200911
69,113,200911
69,112,200911
69,136,200911
69,274,200911
69,170,200911
69,96,200911
69,108,200911
69,25,200911
69,133,200911
69,85,200911
69,346,200911
69,20,200911
69,183,200911
69,7,200911
69,29,200911
69,92,200911
69,390,200911
69,17,200911
69,1169,200911
69,21,200911
69,28,200911
69,107,200911
69,4,200911
69,11,200911
69,5,200911
69,18,200911
69,10,200911
70,53,200911
70,160,200911
70,30,200911
70,1169,200911
70,17,200911
70,10,200911
70,1,200911
70,137,200911
70,136,200911
70,11,200911
71,5,200911
71,136,200911
71,137,200911
72,53,200911
72,1,200911
72,9,200911
72,198,200911
72,282,200911
72,344,200911
72,143,200911
72,160,200911
72,552,200911
72,69,200911
72,115,200911
72,165,200911
72,860,200911
72,122,200911
72,117,200911
72,116,200911
72,132,200911
72,270,200911
72,17,200911
72,18,200911
72,47,200911
72,14,200911
72,71,200911
72,2,200911
72,58,200911
72,113,200911
72,32,200911
72,176,200911
72,12,200911
72,161,200911
72,96,200911
72,21,200911
72,74,200911
72,108,200911
72,81,200911
72,93,200911
72,133,200911
72,97,200911
72,48,200911
72,136,200911
72,40,200911
72,5,200911
72,112,200911
72,28,200911
72,16,200911
72,1147,200911
72,31,200911
72,149,200911
72,288,200911
72,871,200911
72,1169,200911
72,20,200911
72,25,200911
72,60,200911
72,85,200911
72,0,200911
72,11,200911
72,146,200911
72,26,200911
72,51,200911
72,6,200911
72,137,200911
72,29,200911
72,135,200911
72,10,200911
72,154,200911
72,92,200911
72,274,200911
73,41,200911
73,25,200911
73,188,200911
73,97,200911
73,57,200911
73,40,200911
73,31,200911
73,39,200911
73,46,200911
74,34,200911
74,45,200911
74,6,200911
74,154,200911
74,25,200911
74,276,200911
74,27,200911
74,346,200911
74,32,200911
74,108,200911
74,18,200911
74,137,200911
74,112,200911
74,29,200911
74,54,200911
75,145,200911
75,530,200911
75,860,200911
75,769,200911
75,355,200911
75,4,200911
75,76,200911
75,31,200911
75,9,200911
75,19,200911
75,178,200911
75,1,200911
75,341,200911
75,29,200911
75,136,200911
75,99,200911
75,48,200911
75,97,200911
75,139,200911
75,13,200911
75,108,200911
75,60,200911
75,32,200911
75,46,200911
75,26,200911
76,36,200911
76,278,200911
76,143,200911
76,40,200911
76,813,200911
76,140,200911
76,160,200911
76,129,200911
76,77,200911
76,55,200911
76,146,200911
76,2,200911
76,38,200911
76,75,200911
76,80,200911
76,544,200911
76,54,200911
76,35,200911
76,97,200911
76,1147,200911
76,41,200911
76,99,200911
76,178,200911
76,375,200911
76,46,200911
76,64,200911
76,266,200911
76,19,200911
76,26,200911
76,29,200911
76,32,200911
76,25,200911
76,6,200911
76,137,200911
77,155,200911
77,2,200911
77,131,200911
77,52,200911
77,66,200911
77,281,200911
77,32,200911
77,38,200911
77,110,200911
77,6,200911
77,46,200911
77,739,200911
77,51,200911
77,28,200911
77,4,200911
77,29,200911
77,54,200911
77,40,200911
77,31,200911
77,15,200911
77,23,200911
77,14,200911
77,181,200911
77,83,200911
77,18,200911
77,97,200911
77,81,200911
77,176,200911
77,121,200911
77,16,200911
77,137,200911
77,95,200911
77,120,200911
77,136,200911
77,112,200911
77,160,200911
77,27,200911
77,12,200911
77,194,200911
77,24,200911
77,17,200911
77,19,200911
77,165,200911
77,79,200911
77,57,200911
77,362,200911
77,76,200911
77,154,200911
77,13,200911
77,101,200911
77,143,200911
77,59,200911
77,1,200911
77,5,200911
77,133,200911
77,93,200911
77,99,200911
77,96,200911
77,26,200911
77,139,200911
77,9,200911
77,53,200911
77,74,200911
77,278,200911
77,354,200911
77,64,200911
77,20,200911
77,92,200911
77,161,200911
77,100,200911
77,85,200911
77,183,200911
77,21,200911
77,129,200911
77,1147,200911
77,286,200911
77,156,200911
77,22,200911
77,102,200911
77,11,200911
77,25,200911
77,10,200911
77,146,200911
77,274,200911
77,35,200911
77,94,200911
77,48,200911
77,108,200911
77,60,200911
77,135,200911
78,160,200911
78,57,200911
78,29,200911
78,58,200911
78,120,200911
78,142,200911
78,79,200911
78,62,200911
78,102,200911
78,16,200911
78,85,200911
78,143,200911
78,34,200911
78,32,200911
78,46,200911
78,2,200911
78,64,200911
78,52,200911
78,1147,200911
78,18,200911
78,26,200911
78,54,200911
78,99,200911
78,35,200911
78,97,200911
78,19,200911
78,146,200911
78,25,200911
78,6,200911
78,137,200911
79,6,200911
79,77,200911
79,160,200911
79,182,200911
79,101,200911
79,163,200911
79,132,200911
79,41,200911
79,320,200911
79,1250,200911
79,16,200911
79,29,200911
79,48,200911
79,19,200911
79,375,200911
79,46,200911
79,60,200911
79,64,200911
79,266,200911
79,97,200911
79,32,200911
80,16,200911
80,512,200911
80,143,200911
80,188,200911
80,160,200911
80,149,200911
80,97,200911
80,9,200911
80,129,200911
80,25,200911
80,1194,200911
80,341,200911
80,27,200911
80,116,200911
80,234,200911
80,52,200911
80,165,200911
80,6,200911
80,4,200911
80,180,200911
80,5,200911
80,98,200911
80,55,200911
80,183,200911
80,140,200911
80,32,200911
80,813,200911
80,26,200911
80,21,200911
80,197,200911
80,93,200911
80,36,200911
80,77,200911
80,142,200911
80,182,200911
80,11,200911
80,20,200911
80,17,200911
80,40,200911
80,18,200911
80,38,200911
80,83,200911
80,495,200911
80,29,200911
80,136,200911
80,120,200911
80,119,200911
80,85,200911
80,115,200911
80,76,200911
80,266,200911
80,445,200911
80,48,200911
80,146,200911
80,155,200911
80,112,200911
80,28,200911
80,81,200911
80,2,200911
80,19,200911
80,46,200911
80,154,200911
80,100,200911
80,31,200911
80,1,200911
80,0,200911
80,10,200911
80,92,200911
80,108,200911
80,60,200911
80,274,200911
80,135,200911
80,14,200911
80,137,200911
81,5,200911
81,75,200911
81,344,200911
81,27,200911
81,77,200911
81,181,200911
81,1194,200911
81,401,200911
81,161,200911
81,0,200911
81,274,200911
81,41,200911
81,143,200911
81,12,200911
81,175,200911
81,154,200911
81,113,200911
81,136,200911
81,287,200911
81,69,200911
81,85,200911
81,129,200911
81,183,200911
81,102,200911
81,188,200911
81,20,200911
81,32,200911
81,119,200911
81,250,200911
81,53,200911
81,150,200911
81,46,200911
81,112,200911
81,126,200911
81,124,200911
81,205,200911
81,31,200911
81,107,200911
81,61,200911
81,83,200911
81,2,200911
81,146,200911
81,92,200911
81,26,200911
81,165,200911
81,21,200911
81,36,200911
81,132,200911
81,1147,200911
81,48,200911
81,15,200911
81,23,200911
81,51,200911
81,64,200911
81,178,200911
81,18,200911
81,14,200911
81,155,200911
81,9,200911
81,133,200911
81,28,200911
81,11,200911
81,17,200911
81,52,200911
81,100,200911
81,16,200911
81,25,200911
81,54,200911
81,99,200911
81,59,200911
81,13,200911
81,6,200911
81,137,200911
81,97,200911
81,35,200911
81,29,200911
81,19,200911
81,60,200911
81,1,200911
81,160,200911
81,139,200911
81,108,200911
81,10,200911
81,135,200911
82,192,200911
82,181,200911
82,16,200911
82,64,200911
82,101,200911
82,83,200911
82,13,200911
82,860,200911
82,341,200911
82,46,200911
82,97,200911
83,76,200911
83,339,200911
83,160,200911
83,143,200911
83,13,200911
83,101,200911
83,175,200911
83,97,200911
83,40,200911
83,14,200911
83,39,200911
83,19,200911
83,64,200911
83,102,200911
83,46,200911
83,219,200911
83,120,200911
83,77,200911
83,183,200911
83,20,200911
83,113,200911
83,6,200911
83,81,200911
83,544,200911
83,92,200911
83,154,200911
83,94,200911
83,134,200911
83,18,200911
83,110,200911
83,136,200911
83,0,200911
83,38,200911
83,85,200911
83,180,200911
83,16,200911
83,108,200911
83,80,200911
83,34,200911
83,31,200911
83,1,200911
83,74,200911
83,82,200911
83,28,200911
83,274,200911
83,48,200911
83,142,200911
83,35,200911
83,65,200911
83,288,200911
83,29,200911
83,55,200911
83,25,200911
83,17,200911
83,10,200911
83,155,200911
83,129,200911
83,9,200911
83,5,200911
83,11,200911
83,146,200911
83,1147,200911
83,27,200911
83,739,200911
83,1139,200911
83,2,200911
83,32,200911
83,4,200911
83,36,200911
83,112,200911
83,26,200911
83,178,200911
83,100,200911
83,23,200911
83,119,200911
83,52,200911
83,99,200911
83,59,200911
83,60,200911
83,135,200911
83,137,200911
84,753,200911
84,30,200911
84,160,200911
84,223,200911
84,34,200911
84,164,200911
84,86,200911
84,265,200911
84,88,200911
84,184,200911
84,234,200911
84,1169,200911
84,10,200911
84,1227,200911
84,18,200911
84,4,200911
84,136,200911
84,11,200911
85,344,200911
85,165,200911
85,552,200911
85,2,200911
85,143,200911
85,160,200911
85,483,200911
85,740,200911
85,137,200911
85,336,200911
85,119,200911
85,155,200911
85,176,200911
85,320,200911
85,183,200911
85,22,200911
85,107,200911
85,13,200911
85,28,200911
85,92,200911
85,102,200911
85,100,200911
85,142,200911
85,83,200911
85,27,200911
85,136,200911
85,11,200911
85,116,200911
85,12,200911
85,18,200911
85,180,200911
85,53,200911
85,99,200911
85,64,200911
85,161,200911
85,77,200911
85,1144,200911
85,32,200911
85,38,200911
85,213,200911
85,139,200911
85,9,200911
85,97,200911
85,51,200911
85,19,200911
85,21,200911
85,40,200911
85,6,200911
85,120,200911
85,1,200911
85,108,200911
85,154,200911
85,534,200911
85,266,200911
85,47,200911
85,124,200911
85,4,200911
85,121,200911
85,1169,200911
85,26,200911
85,10,200911
85,80,200911
85,112,200911
85,20,200911
85,81,200911
85,157,200911
85,0,200911
85,72,200911
85,29,200911
85,96,200911
85,25,200911
85,60,200911
85,48,200911
85,93,200911
85,5,200911
85,17,200911
85,115,200911
85,31,200911
85,135,200911
85,46,200911
85,59,200911
85,14,200911
85,274,200911
86,30,200911
86,84,200911
86,20,200911
86,46,200911
86,64,200911
86,21,200911
86,51,200911
86,10,200911
86,4,200911
86,136,200911
86,18,200911
86,11,200911
87,203,200911
87,2,200911
87,25,200911
87,89,200911
87,291,200911
88,30,200911
88,4,200911
88,18,200911
88,136,200911
88,11,200911
89,243,200911
89,25,200911
89,770,200911
89,90,200911
89,23,200911
89,778,200911
89,323,200911
89,87,200911
89,8,200911
89,7,200911
89,17,200911
89,5,200911
89,212,200911
89,281,200911
89,1408,200911
89,59,200911
89,46,200911
89,32,200911
89,10,200911
89,51,200911
89,110,200911
89,20,200911
89,112,200911
89,18,200911
89,6,200911
89,11,200911
89,1,200911
89,4,200911
89,136,200911
89,28,200911
89,21,200911
89,97,200911
89,29,200911
89,137,200911
90,7,200911
90,8,200911
90,243,200911
90,89,200911
90,17,200911
92,336,200911
92,142,200911
92,54,200911
92,160,200911
92,26,200911
92,24,200911
92,52,200911
92,5,200911
92,180,200911
92,0,200911
92,38,200911
92,9,200911
92,2,200911
92,17,200911
92,133,200911
92,1147,200911
92,124,200911
92,165,200911
92,31,200911
92,77,200911
92,21,200911
92,1169,200911
92,23,200911
92,16,200911
92,4,200911
92,341,200911
92,155,200911
92,119,200911
92,32,200911
92,107,200911
92,51,200911
92,112,200911
92,40,200911
92,20,200911
92,13,200911
92,11,200911
92,102,200911
92,143,200911
92,83,200911
92,97,200911
92,27,200911
92,116,200911
92,100,200911
92,115,200911
92,80,200911
92,59,200911
92,149,200911
92,28,200911
92,19,200911
92,48,200911
92,96,200911
92,47,200911
92,157,200911
92,136,200911
92,72,200911
92,108,200911
92,1,200911
92,154,200911
92,14,200911
92,85,200911
92,60,200911
92,93,200911
92,137,200911
92,10,200911
92,135,200911
92,274,200911
93,859,200911
93,160,200911
93,2,200911
93,143,200911
93,25,200911
93,47,200911
93,198,200911
93,124,200911
93,339,200911
93,100,200911
93,1,200911
93,154,200911
93,108,200911
93,9,200911
93,31,200911
93,393,200911
93,72,200911
93,116,200911
93,149,200911
93,510,200911
93,115,200911
93,135,200911
93,165,200911
93,27,200911
93,346,200911
93,1169,200911
93,60,200911
93,18,200911
93,85,200911
93,274,200911
93,92,200911
94,78,200911
94,75,200911
94,13,200911
94,25,200911
94,54,200911
94,18,200911
94,6,200911
94,154,200911
94,1147,200911
94,341,200911
94,46,200911
94,77,200911
94,99,200911
94,14,200911
94,135,200911
94,59,200911
94,97,200911
95,160,200911
95,131,200911
95,281,200911
95,159,200911
95,24,200911
95,274,200911
95,871,200911
95,165,200911
95,48,200911
95,375,200911
95,146,200911
95,46,200911
95,266,200911
96,23,200911
96,1025,200911
96,299,200911
96,115,200911
96,386,200911
96,777,200911
96,165,200911
96,1,200911
96,143,200911
96,130,200911
96,188,200911
96,10,200911
96,161,200911
96,160,200911
96,16,200911
96,27,200911
96,931,200911
96,31,200911
96,17,200911
96,80,200911
96,120,200911
96,12,200911
96,34,200911
96,20,200911
96,164,200911
96,5,200911
96,102,200911
96,24,200911
96,99,200911
96,11,200911
96,906,200911
96,19,200911
96,1794,200911
96,93,200911
96,53,200911
96,756,200911
96,14,200911
96,536,200911
96,139,200911
96,107,200911
96,72,200911
96,64,200911
96,154,200911
96,40,200911
96,39,200911
96,133,200911
96,346,200911
96,21,200911
96,1269,200911
96,146,200911
96,54,200911
96,966,200911
96,969,200911
96,113,200911
96,124,200911
96,757,200911
96,112,200911
96,801,200911
96,142,200911
96,136,200911
96,155,200911
96,69,200911
96,183,200911
96,26,200911
96,48,200911
96,108,200911
96,85,200911
96,29,200911
96,2,200911
96,149,200911
96,60,200911
96,51,200911
96,28,200911
96,4,200911
96,25,200911
96,22,200911
96,135,200911
96,18,200911
96,92,200911
96,97,200911
96,274,200911
96,137,200911
97,14,200911
97,143,200911
97,40,200911
97,101,200911
97,35,200911
97,83,200911
97,31,200911
97,241,200911
97,41,200911
97,393,200911
97,160,200911
97,552,200911
97,175,200911
97,19,200911
97,205,200911
97,77,200911
97,13,200911
97,110,200911
97,195,200911
97,138,200911
97,167,200911
97,675,200911
97,188,200911
97,129,200911
97,146,200911
97,739,200911
97,60,200911
97,48,200911
97,274,200911
97,0,200911
97,154,200911
97,20,200911
97,25,200911
97,113,200911
97,132,200911
97,80,200911
97,2,200911
97,157,200911
97,6,200911
97,744,200911
97,21,200911
97,9,200911
97,54,200911
97,26,200911
97,18,200911
97,12,200911
97,135,200911
97,140,200911
97,16,200911
97,463,200911
97,1147,200911
97,320,200911
97,32,200911
97,181,200911
97,124,200911
97,27,200911
97,108,200911
97,57,200911
97,81,200911
97,380,200911
97,142,200911
97,85,200911
97,38,200911
97,671,200911
97,133,200911
97,102,200911
97,39,200911
97,503,200911
97,17,200911
97,136,200911
97,180,200911
97,65,200911
97,4,200911
97,183,200911
97,10,200911
97,76,200911
97,28,200911
97,355,200911
97,120,200911
97,398,200911
97,64,200911
97,134,200911
97,544,200911
97,89,200911
97,52,200911
97,141,200911
97,24,200911
97,117,200911
97,46,200911
97,900,200911
97,173,200911
97,769,200911
97,29,200911
97,543,200911
97,58,200911
97,935,200911
97,341,200911
97,78,200911
97,75,200911
97,43,200911
97,126,200911
97,458,200911
97,92,200911
97,540,200911
97,61,200911
97,510,200911
97,45,200911
97,155,200911
97,208,200911
97,813,200911
97,1052,200911
97,156,200911
97,495,200911
97,66,200911
97,62,200911
97,860,200911
97,152,200911
97,216,200911
97,165,200911
97,455,200911
97,435,200911
97,797,200911
97,79,200911
97,106,200911
97,192,200911
97,118,200911
97,452,200911
97,198,200911
97,287,200911
97,82,200911
97,53,200911
97,104,200911
97,178,200911
97,112,200911
97,1258,200911
97,63,200911
97,34,200911
97,23,200911
97,269,200911
97,163,200911
97,176,200911
97,1,200911
97,36,200911
97,172,200911
97,94,200911
97,72,200911
97,278,200911
97,73,200911
97,250,200911
97,22,200911
97,249,200911
97,197,200911
97,98,200911
97,96,200911
97,237,200911
97,158,200911
97,224,200911
97,342,200911
97,51,200911
97,100,200911
97,139,200911
97,99,200911
97,137,200911
97,59,200911
97,11,200911
98,47,200911
98,25,200911
98,1194,200911
98,66,200911
98,269,200911
98,80,200911
98,530,200911
98,1147,200911
98,346,200911
98,160,200911
98,544,200911
98,137,200911
98,97,200911
99,55,200911
99,62,200911
99,64,200911
99,165,200911
99,96,200911
99,77,200911
99,0,200911
99,114,200911
99,18,200911
99,29,200911
99,108,200911
99,180,200911
99,22,200911
99,85,200911
99,38,200911
99,137,200911
99,172,200911
99,11,200911
99,61,200911
99,744,200911
99,27,200911
99,320,200911
99,113,200911
99,143,200911
99,65,200911
99,51,200911
99,129,200911
99,142,200911
99,244,200911
99,20,200911
99,39,200911
99,10,200911
99,76,200911
99,21,200911
99,28,200911
99,58,200911
99,35,200911
99,2,200911
99,1,200911
99,78,200911
99,57,200911
99,45,200911
99,52,200911
99,136,200911
99,6,200911
99,17,200911
99,107,200911
99,4,200911
99,157,200911
99,146,200911
99,24,200911
99,46,200911
99,224,200911
99,155,200911
99,75,200911
99,181,200911
99,208,200911
99,81,200911
99,132,200911
99,60,200911
99,131,200911
99,134,200911
99,102,200911
99,63,200911
99,126,200911
99,31,200911
99,19,200911
99,40,200911
99,13,200911
99,32,200911
99,16,200911
99,94,200911
99,101,200911
99,83,200911
99,139,200911
99,117,200911
99,12,200911
99,100,200911
99,54,200911
99,59,200911
99,160,200911
99,36,200911
99,154,200911
99,48,200911
99,26,200911
99,97,200911
99,25,200911
100,58,200911
100,60,200911
100,120,200911
100,143,200911
100,129,200911
100,178,200911
100,35,200911
100,135,200911
100,73,200911
100,160,200911
100,142,200911
100,112,200911
100,21,200911
100,208,200911
100,16,200911
100,20,200911
100,134,200911
100,36,200911
100,9,200911
100,266,200911
100,83,200911
100,544,200911
100,133,200911
100,154,200911
100,116,200911
100,96,200911
100,46,200911
100,102,200911
100,54,200911
100,6,200911
100,11,200911
100,40,200911
100,28,200911
100,77,200911
100,415,200911
100,137,200911
100,155,200911
100,158,200911
100,1147,200911
100,17,200911
100,26,200911
100,31,200911
100,1,200911
100,12,200911
100,19,200911
100,29,200911
100,113,200911
100,32,200911
100,4,200911
100,39,200911
100,341,200911
100,52,200911
100,27,200911
100,13,200911
100,136,200911
100,25,200911
100,274,200911
100,81,200911
100,0,200911
100,80,200911
100,64,200911
100,18,200911
100,146,200911
100,92,200911
100,99,200911
100,10,200911
100,38,200911
100,108,200911
100,59,200911
100,48,200911
100,14,200911
100,97,200911
101,160,200911
101,81,200911
101,129,200911
101,14,200911
101,143,200911
101,1194,200911
101,58,200911
101,83,200911
101,482,200911
101,97,200911
101,510,200911
101,77,200911
101,139,200911
101,54,200911
101,152,200911
101,131,200911
101,43,200911
101,182,200911
101,24,200911
101,140,200911
101,195,200911
101,2,200911
101,192,200911
101,333,200911
101,552,200911
101,19,200911
101,1147,200911
101,178,200911
101,341,200911
101,46,200911
101,35,200911
101,16,200911
101,26,200911
101,64,200911
101,146,200911
101,29,200911
101,1250,200911
101,6,200911
101,18,200911
101,48,200911
101,136,200911
101,60,200911
101,99,200911
101,375,200911
101,266,200911
101,32,200911
101,25,200911
101,137,200911
102,297,200911
102,1045,200911
102,52,200911
102,349,200911
102,114,200911
102,24,200911
102,180,200911
102,62,200911
102,1441,200911
102,23,200911
102,12,200911
102,133,200911
102,35,200911
102,120,200911
102,27,200911
102,10,200911
102,136,200911
102,77,200911
102,29,200911
102,2,200911
102,146,200911
102,85,200911
102,131,200911
102,97,200911
102,188,200911
102,5,200911
102,45,200911
102,274,200911
102,18,200911
102,0,200911
102,398,200911
102,154,200911
102,139,200911
102,16,200911
102,36,200911
102,6,200911
102,48,200911
102,21,200911
102,46,200911
102,143,200911
102,178,200911
102,40,200911
102,17,200911
102,20,200911
102,28,200911
102,100,200911
102,92,200911
102,32,200911
102,83,200911
102,19,200911
102,26,200911
102,99,200911
102,64,200911
102,31,200911
102,1,200911
102,108,200911
102,135,200911
102,60,200911
102,14,200911
103,666,200911
103,346,200911
103,10,200911
104,34,200911
104,143,200911
104,160,200911
104,145,200911
104,16,200911
104,136,200911
104,346,200911
104,1147,200911
104,64,200911
104,375,200911
104,18,200911
104,29,200911
104,17,200911
104,266,200911
104,1227,200911
104,10,200911
104,97,200911
104,137,200911
105,11,200911
105,17,200911
105,4,200911
105,10,200911
105,183,200911
105,136,200911
106,64,200911
106,97,200911
107,5,200911
107,501,200911
107,23,200911
107,160,200911
107,143,200911
107,20,200911
107,72,200911
107,100,200911
107,142,200911
107,27,200911
107,124,200911
107,60,200911
107,14,200911
107,83,200911
107,22,200911
107,77,200911
107,6,200911
107,12,200911
107,108,200911
107,25,200911
107,115,200911
107,85,200911
107,19,200911
107,0,200911
107,59,200911
107,274,200911
107,150,200911
107,156,200911
107,211,200911
107,46,200911
107,165,200911
107,51,200911
107,4,200911
107,34,200911
107,96,200911
107,92,200911
107,183,200911
107,222,200911
107,9,200911
107,136,200911
107,133,200911
107,31,200911
107,38,200911
107,17,200911
107,69,200911
107,113,200911
107,11,200911
107,29,200911
107,135,200911
107,1,200911
107,28,200911
107,112,200911
107,137,200911
107,10,200911
108,48,200911
108,112,200911
108,35,200911
108,77,200911
108,40,200911
108,160,200911
108,26,200911
108,14,200911
108,23,200911
108,165,200911
108,21,200911
108,36,200911
108,18,200911
108,1,200911
108,5,200911
108,134,200911
108,10,200911
108,52,200911
108,192,200911
108,107,200911
108,53,200911
108,64,200911
108,274,200911
108,25,200911
108,17,200911
108,19,200911
108,99,200911
108,154,200911
108,20,200911
108,137,200911
108,136,200911
108,120,200911
108,180,200911
108,0,200911
108,129,200911
108,9,200911
108,115,200911
108,97,200911
108,341,200911
108,11,200911
108,74,200911
108,6,200911
108,135,200911
108,143,200911
108,142,200911
108,28,200911
108,13,200911
108,12,200911
108,16,200911
108,29,200911
108,133,200911
108,32,200911
108,146,200911
108,96,200911
108,41,200911
108,156,200911
108,769,200911
108,54,200911
108,2,200911
108,38,200911
108,24,200911
108,59,200911
108,197,200911
108,85,200911
108,117,200911
108,75,200911
108,208,200911
108,178,200911
108,100,200911
108,80,200911
108,81,200911
108,27,200911
108,119,200911
108,155,200911
108,102,200911
108,83,200911
108,92,200911
108,31,200911
108,46,200911
109,592,200911
109,306,200911
109,427,200911
109,127,200911
109,110,200911
109,4,200911
109,864,200911
109,128,200911
109,913,200911
109,729,200911
109,629,200911
109,723,200911
109,840,200911
109,593,200911
109,724,200911
109,628,200911
109,305,200911
109,676,200911
109,633,200911
109,677,200911
110,641,200911
110,621,200911
110,841,200911
110,643,200911
110,231,200911
110,596,200911
110,684,200911
110,351,200911
110,465,200911
110,29,200911
110,200,200911
110,201,200911
110,5,200911
110,527,200911
110,17,200911
110,230,200911
110,627,200911
110,196,200911
110,525,200911
110,59,200911
110,694,200911
110,604,200911
110,109,200911
110,830,200911
110,636,200911
110,352,200911
110,378,200911
110,226,200911
110,236,200911
110,127,200911
110,305,200911
110,154,200911
110,575,200911
110,137,200911
110,185,200911
110,560,200911
110,552,200911
110,290,200911
110,424,200911
110,225,200911
110,186,200911
110,23,200911
110,143,200911
110,474,200911
110,35,200911
110,306,200911
110,190,200911
110,319,200911
110,640,200911
110,19,200911
110,138,200911
110,6,200911
110,633,200911
110,425,200911
110,146,200911
110,594,200911
110,639,200911
110,235,200911
110,128,200911
110,77,200911
110,600,200911
110,229,200911
110,160,200911
110,427,200911
110,232,200911
110,4,200911
110,808,200911
110,818,200911
110,635,200911
110,97,200911
110,786,200911
110,631,200911
110,925,200911
110,587,200911
110,1056,200911
110,650,200911
110,665,200911
110,12,200911
110,605,200911
110,247,200911
110,630,200911
110,526,200911
110,54,200911
110,1134,200911
110,27,200911
110,10,200911
110,1,200911
110,191,200911
110,886,200911
110,7,200911
110,25,200911
110,89,200911
110,51,200911
110,11,200911
110,18,200911
111,61,200911
111,147,200911
111,77,200911
111,132,200911
111,154,200911
111,1169,200911
111,10,200911
111,1227,200911
111,18,200911
111,136,200911
111,11,200911
112,142,200911
112,138,200911
112,77,200911
112,143,200911
112,160,200911
112,4,200911
112,80,200911
112,60,200911
112,26,200911
112,18,200911
112,16,200911
112,85,200911
112,32,200911
112,13,200911
112,9,200911
112,69,200911
112,19,200911
112,105,200911
112,120,200911
112,25,200911
112,54,200911
112,154,200911
112,544,200911
112,17,200911
112,1,200911
112,2,200911
112,64,200911
112,12,200911
112,31,200911
112,108,200911
112,14,200911
112,1172,200911
112,155,200911
112,346,200911
112,133,200911
112,33,200911
112,43,200911
112,22,200911
112,137,200911
112,274,200911
112,21,200911
112,81,200911
112,96,200911
112,0,200911
112,27,200911
112,165,200911
112,83,200911
112,92,200911
112,11,200911
112,189,200911
112,183,200911
112,113,200911
112,51,200911
112,136,200911
112,10,200911
112,59,200911
112,135,200911
112,97,200911
112,107,200911
112,89,200911
112,121,200911
112,29,200911
112,23,200911
112,28,200911
113,133,200911
113,143,200911
113,160,200911
113,1,200911
113,4,200911
113,14,200911
113,119,200911
113,142,200911
113,60,200911
113,31,200911
113,36,200911
113,99,200911
113,85,200911
113,18,200911
113,59,200911
113,165,200911
113,97,200911
113,124,200911
113,69,200911
113,92,200911
113,6,200911
113,22,200911
113,116,200911
113,19,200911
113,108,200911
113,13,200911
113,10,200911
113,100,200911
113,32,200911
113,52,200911
113,48,200911
113,81,200911
113,96,200911
113,72,200911
113,154,200911
113,274,200911
113,183,200911
113,12,200911
113,25,200911
113,51,200911
113,35,200911
113,64,200911
113,11,200911
113,107,200911
113,135,200911
113,20,200911
113,112,200911
113,136,200911
113,29,200911
113,21,200911
113,5,200911
113,137,200911
114,482,200911
114,398,200911
114,134,200911
114,19,200911
114,81,200911
114,14,200911
114,99,200911
114,40,200911
114,205,200911
114,32,200911
114,140,200911
114,720,200911
114,375,200911
114,13,200911
114,266,200911
114,26,200911
114,59,200911
115,96,200911
115,204,200911
115,72,200911
115,160,200911
115,1481,200911
115,552,200911
115,220,200911
115,149,200911
115,113,200911
115,22,200911
115,31,200911
115,28,200911
115,135,200911
115,5,200911
115,124,200911
115,156,200911
115,1,200911
115,27,200911
115,183,200911
115,165,200911
115,11,200911
115,12,200911
115,93,200911
115,154,200911
115,47,200911
115,17,200911
115,346,200911
115,9,200911
115,25,200911
115,92,200911
115,137,200911
115,10,200911
115,85,200911
115,274,200911
116,40,200911
116,31,200911
116,28,200911
116,154,200911
116,27,200911
116,96,200911
116,124,200911
116,135,200911
116,107,200911
116,47,200911
116,9,200911
116,17,200911
116,60,200911
116,14,200911
116,69,200911
116,93,200911
116,2,200911
116,11,200911
116,1,200911
116,92,200911
116,25,200911
116,85,200911
116,10,200911
116,137,200911
116,136,200911
116,274,200911
117,160,200911
117,52,200911
117,6,200911
117,206,200911
117,175,200911
117,146,200911
117,31,200911
117,136,200911
117,12,200911
117,355,200911
117,48,200911
117,94,200911
117,24,200911
117,64,200911
117,83,200911
117,178,200911
117,16,200911
117,36,200911
117,17,200911
117,46,200911
117,19,200911
117,99,200911
117,142,200911
117,20,200911
117,97,200911
117,29,200911
117,32,200911
117,26,200911
117,60,200911
117,13,200911
117,108,200911
117,59,200911
117,14,200911
118,98,200911
118,9,200911
118,160,200911
118,157,200911
118,143,200911
118,93,200911
118,140,200911
118,123,200911
118,31,200911
118,25,200911
118,97,200911
118,137,200911
119,100,200911
119,21,200911
119,23,200911
119,143,200911
119,165,200911
119,81,200911
119,112,200911
119,28,200911
119,51,200911
119,133,200911
119,274,200911
119,4,200911
119,85,200911
119,80,200911
119,5,200911
119,797,200911
119,83,200911
119,92,200911
119,1,200911
119,19,200911
119,10,200911
119,108,200911
119,135,200911
119,48,200911
119,36,200911
119,14,200911
119,60,200911
120,40,200911
120,482,200911
120,444,200911
120,143,200911
120,140,200911
120,38,200911
120,64,200911
120,77,200911
120,19,200911
120,160,200911
120,12,200911
120,78,200911
120,270,200911
120,0,200911
120,97,200911
120,137,200911
120,154,200911
120,100,200911
120,9,200911
120,85,200911
120,46,200911
120,55,200911
120,286,200911
120,59,200911
120,51,200911
120,2,200911
120,27,200911
120,18,200911
120,146,200911
120,4,200911
120,108,200911
120,31,200911
120,26,200911
120,29,200911
120,13,200911
120,35,200911
120,32,200911
120,26,200911
120,60,200911
120,48,200911
120,16,200911
120,19,200911
120,13,200911
120,32,200911
120,29,200911
120,64,200911
120,25,200911
120,59,200911
120,6,200911
120,46,200911
120,137,200911
120,97,200911
121,32,200911
121,17,200911
121,133,200911
121,143,200911
121,250,200911
121,138,200911
121,160,200911
121,53,200911
121,137,200911
121,85,200911
121,336,200911
121,12,200911
121,22,200911
121,28,200911
121,210,200911
121,2,200911
121,346,200911
121,60,200911
121,4,200911
121,51,200911
121,29,200911
121,48,200911
121,21,200911
121,13,200911
121,20,200911
121,64,200911
121,112,200911
121,11,200911
121,1,200911
121,10,200911
121,5,200911
121,59,200911
122,234,200911
122,762,200911
122,12,200911
122,144,200911
122,132,200911
122,1169,200911
122,29,200911
122,11,200911
122,18,200911
122,1227,200911
122,10,200911
122,136,200911
123,122,200911
123,738,200911
123,234,200911
123,181,200911
123,2,200911
123,118,200911
123,18,200911
124,1088,200911
124,385,200911
124,339,200911
124,188,200911
124,15,200911
124,165,200911
124,137,200911
124,143,200911
124,354,200911
124,146,200911
124,54,200911
124,47,200911
124,39,200911
124,116,200911
124,2,200911
124,114,200911
124,20,200911
124,136,200911
124,27,200911
124,278,200911
124,32,200911
124,12,200911
124,24,200911
124,76,200911
124,26,200911
124,113,200911
124,31,200911
124,97,200911
124,17,200911
124,342,200911
124,28,200911
124,4,200911
124,51,200911
124,16,200911
124,19,200911
124,92,200911
124,1169,200911
124,81,200911
124,234,200911
124,510,200911
124,85,200911
124,5,200911
124,96,200911
124,6,200911
124,160,200911
124,14,200911
124,135,200911
124,10,200911
124,1,200911
124,29,200911
124,154,200911
124,46,200911
124,25,200911
124,274,200911
125,969,200911
125,44,200911
125,16,200911
125,154,200911
125,1,200911
125,9,200911
125,136,200911
125,18,200911
125,29,200911
126,815,200911
126,143,200911
126,6,200911
126,140,200911
126,354,200911
126,23,200911
126,160,200911
126,180,200911
126,142,200911
126,134,200911
126,19,200911
126,206,200911
126,188,200911
126,32,200911
126,176,200911
126,401,200911
126,13,200911
126,282,200911
126,55,200911
126,155,200911
126,99,200911
126,242,200911
126,139,200911
126,171,200911
126,72,200911
126,45,200911
126,0,200911
126,25,200911
126,83,200911
126,29,200911
126,26,200911
126,64,200911
126,146,200911
126,52,200911
126,40,200911
126,75,200911
126,178,200911
126,46,200911
126,16,200911
126,97,200911
126,59,200911
126,60,200911
127,110,200911
127,427,200911
127,109,200911
127,4,200911
127,948,200911
128,306,200911
128,110,200911
128,427,200911
128,109,200911
128,4,200911
129,146,200911
129,97,200911
129,194,200911
129,173,200911
129,160,200911
129,143,200911
129,455,200911
129,101,200911
129,73,200911
129,35,200911
129,100,200911
129,59,200911
129,76,200911
129,172,200911
129,375,200911
129,26,200911
129,36,200911
129,99,200911
129,81,200911
129,28,200911
129,77,200911
129,48,200911
129,108,200911
129,29,200911
129,64,200911
129,284,200911
129,1129,200911
129,217,200911
129,32,200911
129,13,200911
129,14,200911
129,17,200911
129,19,200911
129,52,200911
129,60,200911
129,46,200911
129,25,200911
129,6,200911
129,137,200911
130,96,200911
130,299,200911
130,121,200911
130,1,200911
130,136,200911
131,159,200911
131,1,200911
131,27,200911
131,62,200911
131,192,200911
131,16,200911
131,34,200911
131,281,200911
131,132,200911
131,160,200911
131,77,200911
131,142,200911
131,40,200911
131,181,200911
131,125,200911
131,282,200911
131,76,200911
131,81,200911
131,652,200911
131,170,200911
131,102,200911
131,31,200911
131,46,200911
131,25,200911
131,6,200911
131,19,200911
131,26,200911
131,136,200911
131,304,200911
131,32,200911
131,14,200911
131,146,200911
131,346,200911
131,54,200911
131,154,200911
131,99,200911
131,18,200911
131,29,200911
131,137,200911
132,19,200911
132,143,200911
132,160,200911
132,23,200911
132,69,200911
132,1147,200911
132,501,200911
132,121,200911
132,131,200911
132,35,200911
132,15,200911
132,133,200911
132,51,200911
132,52,200911
132,154,200911
132,77,200911
132,180,200911
132,211,200911
132,261,200911
132,182,200911
132,30,200911
132,544,200911
132,80,200911
132,208,200911
132,16,200911
132,31,200911
132,10,200911
132,6,200911
132,24,200911
132,28,200911
132,32,200911
132,346,200911
132,495,200911
132,81,200911
132,29,200911
132,46,200911
132,136,200911
132,731,200911
132,17,200911
132,64,200911
132,54,200911
132,375,200911
132,99,200911
132,18,200911
132,26,200911
132,146,200911
132,266,200911
132,25,200911
132,97,200911
132,1,200911
132,137,200911
133,143,200911
133,1265,200911
133,931,200911
133,160,200911
133,132,200911
133,247,200911
133,500,200911
133,113,200911
133,6,200911
133,189,200911
133,1048,200911
133,1,200911
133,71,200911
133,19,200911
133,268,200911
133,1413,200911
133,77,200911
133,188,200911
133,1278,200911
133,60,200911
133,33,200911
133,966,200911
133,27,200911
133,14,200911
133,265,200911
133,149,200911
133,1162,200911
133,1313,200911
133,144,200911
133,444,200911
133,46,200911
133,2,200911
133,274,200911
133,20,200911
133,11,200911
133,124,200911
133,180,200911
133,10,200911
133,7,200911
133,223,200911
133,31,200911
133,183,200911
133,135,200911
133,119,200911
133,54,200911
133,107,200911
133,108,200911
133,0,200911
133,52,200911
133,154,200911
133,96,200911
133,85,200911
133,136,200911
133,22,200911
133,51,200911
133,155,200911
133,12,200911
133,115,200911
133,92,200911
133,4,200911
133,48,200911
133,16,200911
133,112,200911
133,81,200911
133,72,200911
133,25,200911
133,165,200911
133,69,200911
133,59,200911
133,137,200911
133,21,200911
133,5,200911
134,176,200911
134,160,200911
134,55,200911
134,289,200911
134,114,200911
134,170,200911
134,208,200911
134,46,200911
134,242,200911
134,40,200911
134,44,200911
134,120,200911
134,18,200911
134,6,200911
134,35,200911
134,29,200911
134,81,200911
134,178,200911
134,97,200911
134,26,200911
134,16,200911
134,64,200911
134,60,200911
134,99,200911
134,19,200911
134,59,200911
134,32,200911
134,14,200911
135,1258,200911
135,66,200911
135,100,200911
135,69,200911
135,115,200911
135,4,200911
135,1,200911
135,81,200911
135,2,200911
135,126,200911
135,38,200911
135,36,200911
135,30,200911
135,133,200911
135,93,200911
135,129,200911
135,22,200911
135,9,200911
135,19,200911
135,46,200911
135,83,200911
135,113,200911
135,136,200911
135,18,200911
135,0,200911
135,346,200911
135,544,200911
135,165,200911
135,341,200911
135,108,200911
135,183,200911
135,23,200911
135,139,200911
135,97,200911
135,72,200911
135,124,200911
135,32,200911
135,157,200911
135,107,200911
135,21,200911
135,112,200911
135,51,200911
135,180,200911
135,94,200911
135,80,200911
135,85,200911
135,11,200911
135,96,200911
135,274,200911
135,60,200911
135,77,200911
135,102,200911
135,155,200911
135,119,200911
135,52,200911
135,26,200911
135,20,200911
135,5,200911
135,143,200911
135,142,200911
135,28,200911
135,13,200911
135,12,200911
135,48,200911
135,40,200911
135,92,200911
135,16,200911
135,64,200911
135,31,200911
135,17,200911
135,14,200911
135,154,200911
135,27,200911
135,10,200911
136,77,200911
136,112,200911
136,70,200911
136,133,200911
136,138,200911
136,160,200911
136,146,200911
136,183,200911
136,143,200911
136,666,200911
136,30,200911
136,4,200911
136,17,200911
136,11,200911
136,137,200911
136,58,200911
136,5,200911
136,107,200911
136,23,200911
136,1,200911
136,53,200911
136,27,200911
136,14,200911
136,330,200911
136,119,200911
136,108,200911
136,139,200911
136,10,200911
136,31,200911
136,100,200911
136,81,200911
136,751,200911
136,753,200911
136,9,200911
136,61,200911
136,16,200911
136,163,200911
136,1090,200911
136,154,200911
136,51,200911
136,18,200911
136,102,200911
136,60,200911
136,21,200911
136,135,200911
136,131,200911
136,12,200911
136,6,200911
136,72,200911
136,463,200911
136,43,200911
136,132,200911
136,15,200911
136,754,200911
136,40,200911
136,25,200911
136,28,200911
136,113,200911
136,115,200911
136,13,200911
136,0,200911
136,26,200911
136,24,200911
136,941,200911
136,85,200911
136,345,200911
136,878,200911
136,142,200911
136,19,200911
136,775,200911
136,490,200911
136,29,200911
136,706,200911
136,164,200911
136,981,200911
136,36,200911
136,1169,200911
136,32,200911
136,731,200911
136,96,200911
136,346,200911
136,968,200911
136,336,200911
136,181,200911
136,752,200911
136,125,200911
136,99,200911
136,783,200911
136,64,200911
136,2,200911
136,982,200911
136,372,200911
136,891,200911
136,804,200911
136,834,200911
136,69,200911
136,1015,200911
136,376,200911
136,537,200911
136,67,200911
136,97,200911
136,75,200911
136,148,200911
136,52,200911
136,415,200911
136,80,200911
136,492,200911
136,165,200911
136,361,200911
136,502,200911
136,588,200911
136,359,200911
136,480,200911
136,221,200911
136,299,200911
136,862,200911
136,762,200911
136,7,200911
136,166,200911
136,104,200911
136,8,200911
136,738,200911
136,159,200911
136,243,200911
136,307,200911
136,358,200911
136,223,200911
136,211,200911
136,68,200911
136,147,200911
136,214,200911
136,261,200911
136,101,200911
136,184,200911
136,111,200911
136,544,200911
136,88,200911
136,265,200911
136,71,200911
136,84,200911
136,86,200911
136,105,200911
136,130,200911
136,169,200911
136,371,200911
136,153,200911
136,54,200911
136,303,200911
136,189,200911
136,34,200911
136,59,200911
136,213,200911
136,33,200911
136,116,200911
136,83,200911
136,22,200911
136,48,200911
136,122,200911
136,177,200911
136,150,200911
136,124,200911
136,35,200911
136,274,200911
136,89,200911
136,92,200911
136,20,200911
136,46,200911
137,113,200911
137,146,200911
137,339,200911
137,19,200911
137,165,200911
137,96,200911
137,13,200911
137,23,200911
137,6,200911
137,69,200911
137,2,200911
137,51,200911
137,52,200911
137,60,200911
137,143,200911
137,17,200911
137,110,200911
137,112,200911
137,160,200911
137,138,200911
137,77,200911
137,1,200911
137,89,200911
137,175,200911
137,25,200911
137,121,200911
137,35,200911
137,14,200911
137,223,200911
137,20,200911
137,40,200911
137,81,200911
137,120,200911
137,99,200911
137,108,200911
137,265,200911
137,333,200911
137,1258,200911
137,102,200911
137,136,200911
137,341,200911
137,4,200911
137,64,200911
137,5,200911
137,74,200911
137,359,200911
137,28,200911
137,11,200911
137,180,200911
137,142,200911
137,346,200911
137,210,200911
137,59,200911
137,47,200911
137,16,200911
137,26,200911
137,344,200911
137,244,200911
137,193,200911
137,72,200911
137,224,200911
137,198,200911
137,18,200911
137,29,200911
137,269,200911
137,950,200911
137,309,200911
137,335,200911
137,38,200911
137,32,200911
137,483,200911
137,24,200911
137,390,200911
137,41,200911
137,250,200911
137,216,200911
137,671,200911
137,149,200911
137,1190,200911
137,393,200911
137,163,200911
137,159,200911
137,62,200911
137,71,200911
137,115,200911
137,752,200911
137,70,200911
137,181,200911
137,327,200911
137,131,200911
137,152,200911
137,204,200911
137,336,200911
137,65,200911
137,188,200911
137,45,200911
137,39,200911
137,495,200911
137,76,200911
137,78,200911
137,118,200911
137,57,200911
137,54,200911
137,116,200911
137,101,200911
137,544,200911
137,355,200911
137,7,200911
137,15,200911
137,58,200911
137,156,200911
137,150,200911
137,220,200911
137,107,200911
137,132,200911
137,98,200911
137,80,200911
137,36,200911
137,34,200911
137,157,200911
137,10,200911
137,139,200911
137,104,200911
137,161,200911
137,213,200911
137,129,200911
137,92,200911
137,100,200911
137,133,200911
137,46,200911
137,12,200911
137,124,200911
137,53,200911
137,21,200911
137,83,200911
137,97,200911
137,48,200911
137,0,200911
137,31,200911
137,9,200911
137,27,200911
137,22,200911
137,154,200911
137,85,200911
138,97,200911
138,32,200911
138,143,200911
138,110,200911
138,137,200911
138,136,200911
138,247,200911
138,6,200911
138,154,200911
138,52,200911
138,23,200911
138,18,200911
138,501,200911
138,17,200911
138,54,200911
138,16,200911
138,2,200911
138,5,200911
138,14,200911
138,159,200911
138,1,200911
138,25,200911
138,51,200911
138,59,200911
138,175,200911
138,1250,200911
138,374,200911
138,346,200911
138,1258,200911
138,10,200911
138,375,200911
138,266,200911
138,1227,200911
139,46,200911
139,160,200911
139,35,200911
139,216,200911
139,58,200911
139,234,200911
139,101,200911
139,19,200911
139,36,200911
139,12,200911
139,137,200911
139,11,200911
139,1,200911
139,28,200911
139,83,200911
139,81,200911
139,161,200911
139,107,200911
139,136,200911
139,24,200911
139,64,200911
139,120,200911
139,17,200911
139,54,200911
139,155,200911
139,52,200911
139,31,200911
139,25,200911
139,102,200911
139,13,200911
139,32,200911
139,341,200911
139,142,200911
139,154,200911
139,27,200911
139,769,200911
139,119,200911
139,135,200911
139,16,200911
139,29,200911
139,26,200911
139,75,200911
139,197,200911
139,99,200911
139,40,200911
139,14,200911
139,18,200911
139,6,200911
139,146,200911
139,208,200911
139,178,200911
139,77,200911
139,60,200911
139,97,200911
139,59,200911
140,160,200911
140,38,200911
140,64,200911
140,159,200911
140,60,200911
140,76,200911
140,83,200911
140,19,200911
140,143,200911
140,57,200911
140,1258,200911
140,275,200911
140,281,200911
140,16,200911
140,445,200911
140,375,200911
140,29,200911
140,26,200911
140,266,200911
140,32,200911
140,46,200911
140,97,200911
141,83,200911
141,26,200911
141,188,200911
141,146,200911
141,65,200911
141,97,200911
141,1147,200911
141,375,200911
141,266,200911
141,46,200911
142,381,200911
142,374,200911
142,26,200911
142,81,200911
142,160,200911
142,126,200911
142,19,200911
142,138,200911
142,180,200911
142,13,200911
142,6,200911
142,108,200911
142,143,200911
142,113,200911
142,92,200911
142,55,200911
142,112,200911
142,85,200911
142,233,200911
142,28,200911
142,159,200911
142,38,200911
142,119,200911
142,5,200911
142,120,200911
142,72,200911
142,31,200911
142,25,200911
142,107,200911
142,32,200911
142,463,200911
142,83,200911
142,146,200911
142,23,200911
142,97,200911
142,0,200911
142,27,200911
142,45,200911
142,14,200911
142,94,200911
142,133,200911
142,36,200911
142,46,200911
142,739,200911
142,54,200911
142,34,200911
142,137,200911
142,48,200911
142,100,200911
142,281,200911
142,51,200911
142,178,200911
142,117,200911
142,139,200911
142,17,200911
142,136,200911
142,154,200911
142,16,200911
142,99,200911
142,64,200911
142,10,200911
142,60,200911
142,1,200911
142,29,200911
142,59,200911
142,135,200911
143,83,200911
143,112,200911
143,39,200911
143,6,200911
143,23,200911
143,101,200911
143,159,200911
143,72,200911
143,10,200911
143,54,200911
143,12,200911
143,154,200911
143,62,200911
143,176,200911
143,137,200911
143,9,200911
143,29,200911
143,188,200911
143,247,200911
143,48,200911
143,16,200911
143,69,200911
143,133,200911
143,5,200911
143,60,200911
143,104,200911
143,25,200911
143,281,200911
143,18,200911
143,118,200911
143,375,200911
143,120,200911
143,100,200911
143,51,200911
143,14,200911
143,96,200911
143,28,200911
143,140,200911
143,13,200911
143,463,200911
143,146,200911
143,15,200911
143,129,200911
143,38,200911
143,155,200911
143,46,200911
143,0,200911
143,61,200911
143,11,200911
143,126,200911
143,57,200911
143,142,200911
143,30,200911
143,138,200911
143,107,200911
143,64,200911
143,139,200911
143,195,200911
143,170,200911
143,110,200911
143,59,200911
143,40,200911
143,160,200911
143,124,200911
143,80,200911
143,132,200911
143,89,200911
143,76,200911
143,455,200911
143,180,200911
143,17,200911
143,36,200911
143,19,200911
143,27,200911
143,501,200911
143,34,200911
143,35,200911
143,384,200911
143,85,200911
143,1,200911
143,52,200911
143,136,200911
143,2,200911
143,157,200911
143,121,200911
143,97,200911
143,32,200911
143,156,200911
143,58,200911
143,93,200911
143,82,200911
143,165,200911
143,94,200911
143,21,200911
143,117,200911
143,320,200911
143,125,200911
143,20,200911
143,274,200911
143,178,200911
143,108,200911
143,92,200911
143,26,200911
143,99,200911
143,135,200911
144,17,200911
144,160,200911
144,29,200911
144,20,200911
144,122,200911
144,133,200911
144,180,200911
144,143,200911
144,346,200911
144,18,200911
144,32,200911
144,10,200911
145,274,200911
145,77,200911
145,205,200911
145,100,200911
145,346,200911
145,97,200911
145,18,200911
145,32,200911
145,29,200911
146,6,200911
146,25,200911
146,54,200911
146,20,200911
146,59,200911
146,1,200911
146,175,200911
146,160,200911
146,117,200911
146,136,200911
146,281,200911
146,18,200911
146,60,200911
146,17,200911
146,675,200911
146,19,200911
146,35,200911
146,76,200911
146,154,200911
146,241,200911
146,13,200911
146,137,200911
146,31,200911
146,110,200911
146,52,200911
146,27,200911
146,14,200911
146,40,200911
146,97,200911
146,29,200911
146,247,200911
146,143,200911
146,320,200911
146,112,200911
146,287,200911
146,83,200911
146,72,200911
146,141,200911
146,140,200911
146,182,200911
146,544,200911
146,55,200911
146,102,200911
146,79,200911
146,26,200911
146,120,200911
146,165,200911
146,181,200911
146,64,200911
146,9,200911
146,156,200911
146,16,200911
146,38,200911
146,5,200911
146,65,200911
146,142,200911
146,131,200911
146,126,200911
146,1147,200911
146,193,200911
146,12,200911
146,0,200911
146,66,200911
146,113,200911
146,176,200911
146,32,200911
146,108,200911
146,99,200911
146,77,200911
146,198,200911
146,101,200911
146,63,200911
146,81,200911
146,62,200911
146,58,200911
146,57,200911
146,39,200911
146,180,200911
146,45,200911
146,132,200911
146,46,200911
146,95,200911
146,36,200911
146,124,200911
146,78,200911
146,100,200911
146,48,200911
146,28,200911
146,139,200911
146,4,200911
146,10,200911
146,11,200911
147,372,200911
147,67,200911
147,160,200911
147,153,200911
147,30,200911
147,183,200911
147,221,200911
147,330,200911
147,1169,200911
147,10,200911
147,136,200911
147,11,200911
148,346,200911
148,1169,200911
148,136,200911
149,115,200911
149,31,200911
149,12,200911
149,11,200911
149,47,200911
149,133,200911
149,20,200911
149,77,200911
149,135,200911
149,27,200911
149,80,200911
149,124,200911
149,85,200911
149,22,200911
149,17,200911
149,23,200911
149,1,200911
149,0,200911
149,14,200911
149,346,200911
149,154,200911
149,28,200911
149,136,200911
149,9,200911
149,96,200911
149,10,200911
149,137,200911
149,92,200911
149,25,200911
149,274,200911
150,5,200911
150,107,200911
150,23,200911
150,29,200911
150,10,200911
150,132,200911
150,96,200911
150,165,200911
150,58,200911
150,21,200911
150,22,200911
150,2,200911
150,12,200911
150,317,200911
150,216,200911
150,51,200911
150,1,200911
150,11,200911
150,4,200911
150,136,200911
150,20,200911
150,17,200911
150,137,200911
151,40,200911
151,1147,200911
151,271,200911
151,265,200911
151,269,200911
151,178,200911
151,266,200911
152,80,200911
152,101,200911
152,99,200911
152,97,200911
152,46,200911
152,160,200911
152,137,200911
152,25,200911
153,147,200911
153,136,200911
154,137,200911
154,1,200911
154,183,200911
154,93,200911
154,77,200911
154,143,200911
154,159,200911
154,58,200911
154,97,200911
154,110,200911
154,175,200911
154,27,200911
154,29,200911
154,146,200911
154,125,200911
154,160,200911
154,81,200911
154,51,200911
154,38,200911
154,165,200911
154,17,200911
154,394,200911
154,102,200911
154,136,200911
154,320,200911
154,287,200911
154,181,200911
154,21,200911
154,169,200911
154,40,200911
154,522,200911
154,25,200911
154,275,200911
154,23,200911
154,111,200911
154,107,200911
154,152,200911
154,150,200911
154,100,200911
154,31,200911
154,296,200911
154,310,200911
154,32,200911
154,11,200911
154,249,200911
154,18,200911
154,534,200911
154,13,200911
154,16,200911
154,213,200911
154,22,200911
154,112,200911
154,96,200911
154,52,200911
154,85,200911
154,1580,200911
154,94,200911
154,45,200911
154,48,200911
154,59,200911
154,341,200911
154,4,200911
154,0,200911
154,113,200911
154,5,200911
154,142,200911
154,20,200911
154,26,200911
154,10,200911
154,149,200911
154,544,200911
154,1482,200911
154,64,200911
154,2,200911
154,19,200911
154,139,200911
154,28,200911
154,54,200911
154,83,200911
154,131,200911
154,34,200911
154,9,200911
154,120,200911
154,132,200911
154,80,200911
154,60,200911
154,46,200911
154,72,200911
154,6,200911
154,124,200911
154,108,200911
154,12,200911
154,35,200911
154,99,200911
154,92,200911
154,14,200911
154,274,200911
154,135,200911
155,19,200911
155,160,200911
155,77,200911
155,52,200911
155,132,200911
155,97,200911
155,143,200911
155,281,200911
155,59,200911
155,85,200911
155,4,200911
155,51,200911
155,92,200911
155,36,200911
155,107,200911
155,5,200911
155,48,200911
155,60,200911
155,181,200911
155,6,200911
155,0,200911
155,242,200911
155,139,200911
155,11,200911
155,38,200911
155,35,200911
155,80,200911
155,100,200911
155,17,200911
155,99,200911
155,112,200911
155,20,200911
155,83,200911
155,136,200911
155,31,200911
155,81,200911
155,64,200911
155,26,200911
155,32,200911
155,46,200911
155,10,200911
155,1,200911
155,29,200911
155,16,200911
155,108,200911
155,135,200911
155,14,200911
156,157,200911
156,72,200911
156,769,200911
156,250,200911
156,41,200911
156,75,200911
156,197,200911
156,6,200911
156,35,200911
156,860,200911
156,34,200911
156,120,200911
156,77,200911
156,146,200911
156,19,200911
156,27,200911
156,83,200911
156,38,200911
156,14,200911
156,54,200911
156,107,200911
156,46,200911
156,60,200911
156,108,200911
156,97,200911
156,160,200911
156,25,200911
156,137,200911
157,60,200911
157,96,200911
157,93,200911
157,61,200911
157,143,200911
157,118,200911
157,25,200911
157,101,200911
157,13,200911
157,81,200911
157,180,200911
157,17,200911
157,154,200911
157,72,200911
157,39,200911
157,57,200911
157,27,200911
157,112,200911
157,165,200911
157,19,200911
157,85,200911
157,20,200911
157,142,200911
157,16,200911
157,97,200911
157,120,200911
157,675,200911
157,26,200911
157,28,200911
157,2,200911
157,1,200911
157,99,200911
157,32,200911
157,46,200911
157,135,200911
157,160,200911
157,14,200911
157,92,200911
157,137,200911
158,100,200911
158,78,200911
158,860,200911
158,178,200911
158,46,200911
158,97,200911
159,160,200911
159,143,200911
159,131,200911
159,138,200911
159,18,200911
159,195,200911
159,966,200911
159,544,200911
159,1147,200911
159,346,200911
159,32,200911
159,136,200911
159,375,200911
159,1227,200911
159,137,200911
159,10,200911
159,29,200911
160,281,200911
160,139,200911
160,19,200911
160,180,200911
160,30,200911
160,155,200911
160,69,200911
160,59,200911
160,61,200911
160,52,200911
160,131,200911
160,335,200911
160,80,200911
160,132,200911
160,28,200911
160,136,200911
160,188,200911
160,100,200911
160,4,200911
160,46,200911
160,76,200911
160,159,200911
160,1020,200911
160,0,200911
160,354,200911
160,117,200911
160,51,200911
160,35,200911
160,133,200911
160,79,200911
160,20,200911
160,54,200911
160,12,200911
160,16,200911
160,102,200911
160,138,200911
160,32,200911
160,216,200911
160,147,200911
160,95,200911
160,146,200911
160,113,200911
160,21,200911
160,144,200911
160,40,200911
160,22,200911
160,14,200911
160,154,200911
160,29,200911
160,5,200911
160,93,200911
160,115,200911
160,118,200911
160,99,200911
160,57,200911
160,6,200911
160,1,200911
160,167,200911
160,18,200911
160,96,200911
160,62,200911
160,176,200911
160,13,200911
160,43,200911
160,142,200911
160,101,200911
160,112,200911
160,104,200911
160,63,200911
160,45,200911
160,83,200911
160,134,200911
160,435,200911
160,17,200911
160,129,200911
160,9,200911
160,194,200911
160,24,200911
160,197,200911
160,23,200911
160,183,200911
160,143,200911
160,34,200911
160,31,200911
160,53,200911
160,77,200911
160,195,200911
160,72,200911
160,512,200911
160,64,200911
160,60,200911
160,25,200911
160,175,200911
160,181,200911
160,70,200911
160,10,200911
160,120,200911
160,11,200911
160,126,200911
160,84,200911
160,165,200911
160,41,200911
160,85,200911
160,339,200911
160,89,200911
160,110,200911
160,27,200911
160,234,200911
160,108,200911
160,38,200911
160,15,200911
160,97,200911
160,48,200911
160,224,200911
160,2,200911
160,78,200911
160,39,200911
160,137,200911
160,140,200911
160,36,200911
160,107,200911
160,208,200911
160,278,200911
160,92,200911
160,1017,200911
160,521,200911
160,393,200911
160,1291,200911
160,209,200911
160,885,200911
160,543,200911
160,309,200911
160,318,200911
160,355,200911
160,163,200911
160,124,200911
160,871,200911
160,510,200911
160,379,200911
160,65,200911
160,161,200911
160,314,200911
160,250,200911
160,152,200911
160,544,200911
160,58,200911
160,249,200911
160,274,200911
160,341,200911
160,156,200911
160,157,200911
160,98,200911
160,81,200911
160,26,200911
161,85,200911
161,65,200911
161,120,200911
161,160,200911
161,40,200911
161,99,200911
161,108,200911
161,112,200911
161,97,200911
161,137,200911
161,266,200911
161,10,200911
161,25,200911
163,65,200911
163,126,200911
163,338,200911
163,16,200911
163,208,200911
163,136,200911
163,1147,200911
163,346,200911
163,64,200911
163,32,200911
163,29,200911
163,160,200911
163,60,200911
163,137,200911
163,18,200911
163,97,200911
164,84,200911
164,40,200911
164,1169,200911
164,136,200911
164,61,200911
164,17,200911
164,10,200911
164,1227,200911
164,18,200911
164,4,200911
164,11,200911
165,54,200911
165,137,200911
165,160,200911
165,72,200911
165,146,200911
165,96,200911
165,143,200911
165,1,200911
165,1794,200911
165,18,200911
165,139,200911
165,57,200911
165,11,200911
165,13,200911
165,47,200911
165,23,200911
165,150,200911
165,34,200911
165,274,200911
165,133,200911
165,58,200911
165,93,200911
165,213,200911
165,189,200911
165,85,200911
165,113,200911
165,38,200911
165,22,200911
165,64,200911
165,121,200911
165,24,200911
165,154,200911
165,801,200911
165,5,200911
165,48,200911
165,51,200911
165,108,200911
165,99,200911
165,60,200911
165,46,200911
165,20,200911
165,0,200911
165,339,200911
165,346,200911
165,107,200911
165,95,200911
165,124,200911
165,19,200911
165,135,200911
165,27,200911
165,112,200911
165,21,200911
165,136,200911
165,4,200911
165,31,200911
165,14,200911
165,28,200911
165,97,200911
165,29,200911
165,25,200911
165,17,200911
165,2,200911
165,92,200911
165,10,200911
166,933,200911
166,1169,200911
166,136,200911
167,160,200911
167,97,200911
167,342,200911
167,93,200911
168,203,200911
169,11,200911
169,28,200911
169,136,200911
170,154,200911
170,281,200911
170,143,200911
170,29,200911
170,142,200911
170,57,200911
170,16,200911
170,180,200911
170,134,200911
170,80,200911
170,101,200911
170,205,200911
170,64,200911
170,69,200911
170,178,200911
170,83,200911
170,341,200911
170,262,200911
170,32,200911
171,362,200911
171,75,200911
171,233,200911
171,83,200911
171,266,200911
171,1250,200911
171,18,200911
171,32,200911
171,29,200911
172,129,200911
172,60,200911
172,137,200911
172,29,200911
172,64,200911
172,357,200911
172,173,200911
172,13,200911
172,59,200911
172,19,200911
172,48,200911
172,6,200911
172,46,200911
172,97,200911
172,35,200911
173,129,200911
173,172,200911
173,444,200911
173,83,200911
173,97,200911
173,1129,200911
173,357,200911
173,35,200911
174,548,200911
174,18,200911
175,23,200911
175,101,200911
175,17,200911
175,89,200911
175,195,200911
175,136,200911
175,146,200911
175,25,200911
175,137,200911
175,160,200911
175,27,200911
175,52,200911
175,154,200911
175,19,200911
175,1,200911
175,247,200911
175,35,200911
175,83,200911
175,29,200911
175,46,200911
175,117,200911
175,6,200911
175,31,200911
175,97,200911
175,133,200911
175,178,200911
175,18,200911
175,341,200911
175,1250,200911
175,375,200911
175,266,200911
175,32,200911
176,6,200911
176,77,200911
176,143,200911
176,387,200911
176,160,200911
176,769,200911
176,320,200911
176,355,200911
176,135,200911
176,198,200911
176,278,200911
176,66,200911
176,65,200911
176,27,200911
176,60,200911
176,97,200911
176,18,200911
176,1147,200911
176,146,200911
176,46,200911
176,13,200911
176,48,200911
176,29,200911
176,16,200911
176,64,200911
176,32,200911
176,19,200911
177,69,200911
177,300,200911
177,23,200911
177,346,200911
177,1227,200911
177,10,200911
177,20,200911
177,136,200911
177,11,200911
177,4,200911
178,100,200911
178,32,200911
178,52,200911
178,45,200911
178,129,200911
178,170,200911
178,194,200911
178,16,200911
178,40,200911
178,175,200911
178,18,200911
178,75,200911
178,29,200911
178,24,200911
178,1045,200911
178,81,200911
178,31,200911
178,445,200911
178,101,200911
178,320,200911
178,120,200911
178,266,200911
178,117,200911
178,143,200911
178,180,200911
178,134,200911
178,158,200911
178,39,200911
178,288,200911
178,342,200911
178,126,200911
178,142,200911
178,102,200911
178,46,200911
178,83,200911
178,316,200911
178,76,200911
178,151,200911
178,60,200911
178,13,200911
178,36,200911
178,108,200911
178,97,200911
178,139,200911
178,48,200911
180,13,200911
180,126,200911
180,52,200911
180,6,200911
180,143,200911
180,160,200911
180,766,200911
180,80,200911
180,21,200911
180,320,200911
180,4,200911
180,171,200911
180,38,200911
180,16,200911
180,135,200911
180,107,200911
180,96,200911
180,29,200911
180,197,200911
180,0,200911
180,9,200911
180,270,200911
180,72,200911
180,274,200911
180,31,200911
180,99,200911
180,83,200911
180,139,200911
180,154,200911
180,97,200911
180,32,200911
180,28,200911
180,14,200911
180,17,200911
180,136,200911
180,46,200911
180,100,200911
180,178,200911
180,142,200911
180,5,200911
180,112,200911
180,18,200911
180,889,200911
180,36,200911
180,899,200911
180,360,200911
180,64,200911
180,59,200911
180,26,200911
180,146,200911
180,19,200911
180,10,200911
180,48,200911
180,108,200911
180,60,200911
181,160,200911
181,270,200911
181,546,200911
181,77,200911
181,429,200911
181,79,200911
181,9,200911
181,142,200911
181,76,200911
181,14,200911
181,223,200911
181,18,200911
181,140,200911
181,54,200911
181,146,200911
181,40,200911
181,97,200911
181,17,200911
181,24,200911
181,136,200911
181,233,200911
181,99,200911
181,46,200911
181,29,200911
181,26,200911
181,48,200911
181,1227,200911
181,10,200911
181,32,200911
181,375,200911
181,266,200911
181,6,200911
181,137,200911
181,25,200911
181,16,200911
182,176,200911
182,154,200911
182,72,200911
182,46,200911
182,60,200911
182,19,200911
182,6,200911
182,29,200911
182,32,200911
183,154,200911
183,147,200911
183,11,200911
183,160,200911
183,108,200911
183,149,200911
183,77,200911
183,274,200911
183,14,200911
183,31,200911
183,133,200911
183,137,200911
183,85,200911
183,80,200911
183,17,200911
183,27,200911
183,6,200911
183,13,200911
183,136,200911
183,165,200911
183,60,200911
183,69,200911
183,92,200911
183,97,200911
183,216,200911
183,113,200911
183,96,200911
183,107,200911
183,112,200911
183,301,200911
183,23,200911
183,135,200911
183,28,200911
183,1,200911
183,317,200911
183,105,200911
183,21,200911
183,29,200911
183,18,200911
183,5,200911
183,20,200911
183,51,200911
183,4,200911
183,10,200911
184,51,200911
184,842,200911
184,27,200911
184,33,200911
184,84,200911
184,346,200911
184,1227,200911
184,10,200911
184,17,200911
184,136,200911
184,11,200911
184,4,200911
184,20,200911
185,922,200911
185,525,200911
185,110,200911
185,697,200911
185,232,200911
185,997,200911
185,1016,200911
185,665,200911
185,186,200911
185,926,200911
185,190,200911
185,474,200911
185,630,200911
185,656,200911
185,698,200911
185,937,200911
185,947,200911
185,657,200911
185,200,200911
186,620,200911
186,110,200911
186,558,200911
186,473,200911
186,525,200911
186,185,200911
186,560,200911
186,926,200911
186,474,200911
186,1016,200911
186,556,200911
186,200,200911
186,559,200911
186,630,200911
186,561,200911
186,698,200911
186,922,200911
186,555,200911
186,599,200911
186,190,200911
188,96,200911
188,80,200911
188,126,200911
188,97,200911
188,137,200911
188,157,200911
188,1194,200911
188,160,200911
188,0,200911
188,143,200911
188,339,200911
188,17,200911
188,534,200911
188,9,200911
188,25,200911
188,1147,200911
188,11,200911
188,146,200911
188,124,200911
188,390,200911
188,274,200911
188,552,200911
188,530,200911
188,346,200911
188,1258,200911
188,116,200911
188,10,200911
189,23,200911
189,133,200911
189,529,200911
189,2,200911
189,53,200911
189,22,200911
189,211,200911
189,51,200911
189,112,200911
189,21,200911
189,4,200911
189,11,200911
189,136,200911
189,17,200911
189,20,200911
189,1,200911
190,201,200911
190,235,200911
190,110,200911
190,696,200911
190,897,200911
190,920,200911
190,185,200911
190,1183,200911
191,110,200911
192,188,200911
192,97,200911
192,322,200911
192,102,200911
192,288,200911
192,47,200911
192,12,200911
192,54,200911
192,205,200911
192,108,200911
192,101,200911
192,19,200911
192,57,200911
192,35,200911
192,739,200911
192,32,200911
192,26,200911
192,64,200911
192,46,200911
193,31,200911
193,9,200911
193,170,200911
193,16,200911
193,146,200911
193,18,200911
193,137,200911
193,32,200911
193,29,200911
194,77,200911
194,160,200911
194,178,200911
194,60,200911
194,48,200911
194,6,200911
194,59,200911
195,175,200911
195,6,200911
195,160,200911
195,143,200911
195,171,200911
195,552,200911
195,19,200911
195,97,200911
195,32,200911
195,48,200911
195,60,200911
196,378,200911
196,506,200911
196,351,200911
196,110,200911
196,364,200911
196,365,200911
196,477,200911
196,489,200911
196,640,200911
196,469,200911
196,705,200911
196,470,200911
196,448,200911
196,636,200911
196,475,200911
196,409,200911
196,471,200911
196,377,200911
196,367,200911
196,551,200911
196,532,200911
196,35,200911
196,352,200911
196,547,200911
196,472,200911
196,425,200911
196,366,200911
196,143,200911
196,578,200911
196,412,200911
196,528,200911
196,786,200911
196,476,200911
196,225,200911
196,1132,200911
196,363,200911
196,400,200911
196,625,200911
196,663,200911
196,516,200911
196,451,200911
196,402,200911
196,970,200911
196,681,200911
196,447,200911
196,595,200911
196,596,200911
196,575,200911
196,667,200911
196,231,200911
196,504,200911
196,1028,200911
196,526,200911
196,424,200911
196,627,200911
196,1134,200911
196,236,200911
196,695,200911
196,127,200911
196,427,200911
196,478,200911
196,109,200911
196,4,200911
197,160,200911
197,545,200911
197,181,200911
197,77,200911
197,15,200911
197,40,200911
197,114,200911
197,64,200911
197,97,200911
197,48,200911
197,32,200911
197,18,200911
197,16,200911
197,139,200911
197,54,200911
197,108,200911
197,60,200911
197,29,200911
198,242,200911
198,146,200911
198,137,200911
198,32,200911
198,97,200911
198,29,200911
200,656,200911
200,657,200911
200,937,200911
200,698,200911
200,185,200911
201,110,200911
201,235,200911
201,920,200911
201,190,200911
203,291,200911
203,87,200911
203,168,200911
204,115,200911
204,23,200911
204,17,200911
204,137,200911
205,241,200911
205,310,200911
205,14,200911
205,40,200911
205,782,200911
205,170,200911
205,282,200911
205,45,200911
205,114,200911
205,192,200911
205,39,200911
205,9,200911
205,81,200911
205,281,200911
205,304,200911
205,19,200911
205,64,200911
205,32,200911
206,117,200911
206,6,200911
206,43,200911
206,40,200911
206,9,200911
206,266,200911
206,19,200911
206,32,200911
207,45,200911
207,1044,200911
208,1895,200911
208,9,200911
208,1399,200911
208,768,200911
208,1174,200911
208,530,200911
208,1215,200911
208,421,200911
208,42,200911
208,100,200911
208,297,200911
208,250,200911
208,1417,200911
208,429,200911
208,349,200911
208,45,200911
208,134,200911
208,36,200911
208,132,200911
208,163,200911
208,92,200911
208,120,200911
208,739,200911
208,48,200911
208,19,200911
208,46,200911
208,29,200911
208,64,200911
208,97,200911
208,60,200911
208,99,200911
208,108,200911
208,32,200911
208,139,200911
209,1,200911
209,92,200911
209,345,200911
209,160,200911
209,17,200911
210,10,200911
210,826,200911
210,941,200911
210,1057,200911
210,121,200911
210,750,200911
210,998,200911
211,23,200911
211,22,200911
211,27,200911
211,85,200911
211,189,200911
211,107,200911
211,17,200911
211,136,200911
211,20,200911
211,1,200911
212,89,200911
213,2,200911
213,132,200911
213,165,200911
213,53,200911
213,22,200911
213,25,200911
213,160,200911
213,108,200911
213,97,200911
213,18,200911
213,51,200911
213,21,200911
213,10,200911
213,11,200911
213,222,200911
213,136,200911
213,29,200911
213,20,200911
213,17,200911
213,1,200911
213,4,200911
213,137,200911
214,33,200911
214,795,200911
214,51,200911
214,10,200911
214,1227,200911
214,136,200911
214,17,200911
214,11,200911
214,20,200911
214,4,200911
215,51,200911
215,214,200911
215,20,200911
216,393,200911
216,139,200911
216,29,200911
216,65,200911
216,150,200911
216,183,200911
216,453,200911
216,25,200911
216,160,200911
216,137,200911
216,97,200911
217,129,200911
217,59,200911
217,60,200911
219,101,200911
219,797,200911
220,115,200911
220,1602,200911
220,346,200911
220,50,200911
220,137,200911
221,147,200911
221,67,200911
221,1169,200911
221,136,200911
222,810,200911
222,747,200911
222,1070,200911
222,4,200911
222,748,200911
222,107,200911
222,1169,200911
222,5,200911
222,1227,200911
222,17,200911
222,28,200911
222,10,200911
222,213,200911
223,164,200911
223,84,200911
223,27,200911
223,1169,200911
223,136,200911
223,10,200911
223,18,200911
223,4,200911
223,11,200911
224,160,200911
224,1147,200911
224,99,200911
224,137,200911
224,375,200911
224,266,200911
224,29,200911
224,46,200911
224,97,200911
225,110,200911
225,471,200911
225,472,200911
225,378,200911
225,475,200911
225,196,200911
225,352,200911
225,351,200911
225,599,200911
225,470,200911
226,196,200911
226,586,200911
226,465,200911
226,110,200911
226,574,200911
226,351,200911
226,604,200911
226,573,200911
226,231,200911
226,590,200911
226,319,200911
226,660,200911
226,572,200911
226,527,200911
226,589,200911
226,587,200911
226,607,200911
226,679,200911
226,554,200911
227,11,200911
228,11,200911
228,1169,200911
229,230,200911
229,110,200911
229,642,200911
229,641,200911
229,669,200911
229,824,200911
229,663,200911
229,351,200911
229,925,200911
229,196,200911
230,600,200911
230,639,200911
230,634,200911
230,226,200911
230,642,200911
230,110,200911
230,641,200911
230,231,200911
230,594,200911
230,640,200911
230,636,200911
230,599,200911
230,638,200911
230,596,200911
230,229,200911
230,635,200911
230,232,200911
230,603,200911
230,254,200911
230,239,200911
230,252,200911
230,575,200911
231,232,200911
231,196,200911
231,575,200911
231,465,200911
231,110,200911
231,643,200911
231,576,200911
231,351,200911
231,594,200911
231,527,200911
231,597,200911
231,319,200911
231,230,200911
231,603,200911
231,605,200911
231,639,200911
231,644,200911
232,598,200911
232,594,200911
232,622,200911
232,599,200911
232,640,200911
232,635,200911
232,273,200911
232,260,200911
232,602,200911
232,231,200911
232,259,200911
232,319,200911
232,597,200911
232,186,200911
232,257,200911
232,605,200911
232,253,200911
232,185,200911
232,658,200911
232,255,200911
232,664,200911
232,661,200911
232,230,200911
232,351,200911
232,639,200911
232,659,200911
232,239,200911
232,575,200911
232,560,200911
232,644,200911
232,624,200911
232,256,200911
232,603,200911
232,636,200911
232,263,200911
232,258,200911
232,110,200911
232,591,200911
232,254,200911
232,634,200911
232,576,200911
232,700,200911
232,596,200911
232,670,200911
232,527,200911
232,229,200911
232,601,200911
232,252,200911
232,643,200911
232,604,200911
232,465,200911
232,600,200911
232,571,200911
232,559,200911
232,352,200911
232,621,200911
233,18,200911
233,206,200911
233,171,200911
233,117,200911
233,40,200911
233,135,200911
233,346,200911
233,181,200911
233,1169,200911
233,266,200911
233,10,200911
233,32,200911
234,122,200911
234,738,200911
234,61,200911
234,139,200911
234,762,200911
234,123,200911
234,160,200911
234,426,200911
234,544,200911
234,77,200911
234,154,200911
234,137,200911
234,84,200911
234,346,200911
234,124,200911
234,21,200911
234,1169,200911
234,1227,200911
234,18,200911
234,10,200911
235,1056,200911
235,110,200911
235,190,200911
235,1588,200911
235,201,200911
235,867,200911
235,1381,200911
236,110,200911
236,627,200911
236,196,200911
236,525,200911
237,79,200911
237,83,200911
237,40,200911
237,341,200911
237,26,200911
237,60,200911
237,25,200911
237,46,200911
237,32,200911
237,6,200911
237,97,200911
238,1169,200911
238,11,200911
239,253,200911
239,254,200911
239,258,200911
239,252,200911
239,602,200911
239,273,200911
239,232,200911
239,230,200911
239,644,200911
240,97,200911
241,58,200911
241,59,200911
241,675,200911
241,110,200911
241,73,200911
241,240,200911
241,453,200911
242,282,200911
242,131,200911
242,77,200911
242,198,200911
242,117,200911
242,65,200911
242,55,200911
242,61,200911
242,19,200911
242,1587,200911
242,728,200911
242,32,200911
242,18,200911
242,29,200911
243,89,200911
243,7,200911
243,90,200911
243,4,200911
243,29,200911
243,8,200911
243,136,200911
243,1,200911
243,17,200911
243,20,200911
244,137,200911
244,346,200911
245,279,200911
245,675,200911
247,23,200911
247,51,200911
247,143,200911
247,20,200911
247,107,200911
247,69,200911
247,146,200911
247,138,200911
247,501,200911
247,175,200911
247,110,200911
247,133,200911
247,17,200911
247,748,200911
247,747,200911
247,843,200911
248,11,200911
249,101,200911
249,181,200911
249,160,200911
249,97,200911
250,797,200911
250,106,200911
250,444,200911
250,156,200911
250,154,200911
250,48,200911
250,544,200911
250,137,200911
250,46,200911
250,160,200911
250,97,200911
251,27,200911
252,253,200911
252,594,200911
252,258,200911
252,273,200911
252,254,200911
252,239,200911
252,232,200911
252,257,200911
252,263,200911
252,230,200911
252,644,200911
253,239,200911
253,252,200911
253,232,200911
253,254,200911
254,239,200911
254,232,200911
254,253,200911
254,252,200911
254,263,200911
255,232,200911
255,700,200911
255,260,200911
255,258,200911
255,259,200911
255,186,200911
255,591,200911
255,602,200911
255,257,200911
256,232,200911
256,260,200911
256,258,200911
256,601,200911
256,263,200911
256,597,200911
256,257,200911
257,232,200911
257,186,200911
257,255,200911
257,700,200911
257,256,200911
257,591,200911
258,664,200911
258,263,200911
258,253,200911
258,602,200911
258,255,200911
258,597,200911
258,259,200911
258,260,200911
258,239,200911
258,232,200911
258,256,200911
259,601,200911
259,257,200911
259,659,200911
259,258,200911
259,232,200911
260,232,200911
260,601,200911
260,644,200911
260,259,200911
260,659,200911
260,700,200911
260,597,200911
260,661,200911
260,591,200911
260,257,200911
260,263,200911
260,255,200911
260,599,200911
260,658,200911
260,664,200911
260,256,200911
260,258,200911
261,5,200911
261,213,200911
261,132,200911
261,346,200911
261,10,200911
261,28,200911
261,136,200911
261,1,200911
261,17,200911
261,20,200911
262,739,200911
262,170,200911
263,232,200911
263,258,200911
263,256,200911
263,597,200911
263,664,200911
263,252,200911
263,239,200911
263,601,200911
263,260,200911
263,602,200911
264,265,200911
265,27,200911
265,133,200911
265,154,200911
265,64,200911
265,6,200911
265,11,200911
265,346,200911
265,1169,200911
265,137,200911
265,264,200911
265,77,200911
265,151,200911
265,17,200911
265,266,200911
265,10,200911
265,1227,200911
265,136,200911
265,29,200911
265,18,200911
266,1250,200911
266,100,200911
266,1147,200911
266,334,200911
266,10,200911
266,34,200911
266,6,200911
266,178,200911
266,0,200911
266,129,200911
266,80,200911
266,85,200911
266,171,200911
266,52,200911
266,131,200911
266,341,200911
266,144,200911
266,145,200911
266,233,200911
266,43,200911
266,544,200911
266,161,200911
266,206,200911
266,15,200911
266,61,200911
266,888,200911
266,151,200911
266,1020,200911
266,265,200911
266,114,200911
266,175,200911
266,62,200911
266,104,200911
266,278,200911
266,132,200911
266,140,200911
266,65,200911
266,815,200911
266,138,200911
266,66,200911
266,181,200911
266,224,200911
266,141,200911
266,76,200911
266,95,200911
266,79,200911
266,101,200911
266,57,200911
267,1250,200911
267,29,200911
268,11,200911
268,133,200911
269,341,200911
269,79,200911
269,1258,200911
269,10,200911
269,151,200911
269,32,200911
269,137,200911
269,60,200911
269,29,200911
269,97,200911
270,181,200911
270,15,200911
270,126,200911
270,24,200911
270,144,200911
270,32,200911
270,29,200911
270,18,200911
271,151,200911
271,18,200911
273,624,200911
273,602,200911
273,659,200911
273,239,200911
273,232,200911
274,101,200911
274,180,200911
274,22,200911
274,133,200911
274,154,200911
274,52,200911
274,102,200911
274,100,200911
274,36,200911
274,85,200911
274,9,200911
274,31,200911
274,165,200911
274,119,200911
274,32,200911
274,38,200911
274,157,200911
274,18,200911
274,11,200911
274,48,200911
274,92,200911
274,6,200911
274,143,200911
274,2,200911
274,23,200911
274,0,200911
274,16,200911
274,26,200911
274,20,200911
274,12,200911
274,64,200911
274,1147,200911
274,69,200911
274,160,200911
274,96,200911
274,95,200911
274,108,200911
274,107,200911
274,115,200911
274,1169,200911
274,113,200911
274,112,200911
274,81,200911
274,83,200911
274,21,200911
274,51,200911
274,54,200911
274,19,200911
274,77,200911
274,4,200911
274,60,200911
274,5,200911
274,28,200911
274,17,200911
274,47,200911
274,14,200911
274,93,200911
274,10,200911
274,1,200911
274,136,200911
274,135,200911
274,80,200911
274,25,200911
274,72,200911
274,149,200911
274,124,200911
274,116,200911
274,27,200911
275,154,200911
275,61,200911
276,54,200911
276,74,200911
276,29,200911
276,32,200911
277,19,200911
278,76,200911
278,124,200911
278,80,200911
278,134,200911
278,146,200911
278,24,200911
278,143,200911
278,16,200911
278,19,200911
278,32,200911
278,178,200911
278,266,200911
278,26,200911
278,46,200911
278,97,200911
279,245,200911
280,279,200911
281,16,200911
281,138,200911
281,374,200911
281,143,200911
281,160,200911
281,29,200911
281,77,200911
281,6,200911
281,131,200911
281,144,200911
281,59,200911
281,95,200911
281,205,200911
281,15,200911
282,401,200911
282,27,200911
282,143,200911
282,124,200911
282,188,200911
282,380,200911
282,453,200911
282,205,200911
282,486,200911
282,1258,200911
282,120,200911
282,534,200911
282,131,200911
282,262,200911
283,36,200911
283,13,200911
284,129,200911
286,120,200911
286,77,200911
287,143,200911
287,146,200911
287,46,200911
287,97,200911
288,344,200911
288,1147,200911
288,83,200911
288,178,200911
288,871,200911
288,341,200911
288,72,200911
289,134,200911
289,13,200911
290,110,200911
290,808,200911
290,186,200911
291,87,200911
291,203,200911
292,29,200911
294,380,200911
294,124,200911
294,385,200911
294,140,200911
294,393,200911
294,1343,200911
294,335,200911
294,488,200911
295,51,200911
296,154,200911
297,313,200911
297,102,200911
297,1130,200911
297,208,200911
297,444,200911
297,349,200911
297,1674,200911
297,13,200911
298,18,200911
299,130,200911
299,96,200911
299,941,200911
299,345,200911
299,536,200911
299,23,200911
299,1,200911
299,136,200911
300,177,200911
300,4,200911
301,317,200911
301,51,200911
301,1172,200911
301,22,200911
301,33,200911
301,183,200911
301,4,200911
302,482,200911
302,1194,200911
303,136,200911
304,482,200911
304,18,200911
304,131,200911
304,205,200911
305,110,200911
305,684,200911
305,830,200911
305,633,200911
305,109,200911
305,4,200911
306,110,200911
306,128,200911
306,427,200911
306,4,200911
306,109,200911
307,136,200911
309,282,200911
309,160,200911
309,137,200911
310,27,200911
310,154,200911
311,69,200911
311,3,200911
311,50,200911
311,4,200911
313,297,200911
313,349,200911
313,13,200911
314,752,200911
314,333,200911
314,160,200911
315,20,200911
316,40,200911
316,1147,200911
316,178,200911
317,69,200911
317,301,200911
317,51,200911
317,1169,200911
317,346,200911
317,150,200911
317,183,200911
317,4,200911
317,11,200911
318,160,200911
319,232,200911
319,527,200911
319,465,200911
319,604,200911
319,643,200911
319,231,200911
319,575,200911
319,196,200911
319,576,200911
319,644,200911
320,39,200911
320,46,200911
320,0,200911
320,97,200911
320,16,200911
320,180,200911
320,19,200911
320,154,200911
320,143,200911
320,142,200911
320,31,200911
320,55,200911
320,29,200911
320,99,200911
320,178,200911
320,40,200911
320,815,200911
320,6,200911
320,32,200911
320,434,200911
320,48,200911
320,13,200911
320,26,200911
322,675,200911
322,294,200911
323,770,200911
323,89,200911
326,25,200911
327,133,200911
327,81,200911
327,274,200911
327,137,200911
327,25,200911
330,147,200911
330,1265,200911
330,136,200911
330,11,200911
332,81,200911
332,62,200911
332,19,200911
332,32,200911
332,64,200911
333,137,200911
333,101,200911
333,1147,200911
333,314,200911
333,25,200911
334,266,200911
334,1250,200911
335,393,200911
335,35,200911
335,1147,200911
335,294,200911
335,25,200911
335,137,200911
336,25,200911
336,401,200911
336,83,200911
336,121,200911
336,136,200911
336,9,200911
336,132,200911
336,137,200911
338,58,200911
338,26,200911
338,19,200911
338,6,200911
338,32,200911
339,27,200911
339,486,200911
339,198,200911
339,181,200911
339,32,200911
339,143,200911
339,136,200911
339,65,200911
339,157,200911
339,161,200911
339,197,200911
339,165,200911
339,542,200911
339,2,200911
339,250,200911
339,0,200911
339,57,200911
339,25,200911
339,428,200911
339,160,200911
339,10,200911
339,137,200911
340,25,200911
341,19,200911
341,77,200911
341,544,200911
341,860,200911
341,13,200911
341,35,200911
341,36,200911
341,170,200911
341,422,200911
341,384,200911
341,58,200911
341,31,200911
341,288,200911
341,24,200911
341,175,200911
341,94,200911
341,75,200911
341,16,200911
341,54,200911
341,108,200911
341,32,200911
341,62,200911
341,154,200911
341,76,200911
341,82,200911
341,101,200911
341,18,200911
341,104,200911
341,78,200911
341,57,200911
341,266,200911
341,135,200911
341,92,200911
341,139,200911
341,100,200911
341,97,200911
341,48,200911
341,375,200911
341,46,200911
341,160,200911
341,137,200911
341,25,200911
342,117,200911
342,163,200911
342,393,200911
342,355,200911
342,101,200911
342,143,200911
342,495,200911
342,178,200911
342,40,200911
342,124,200911
342,278,200911
342,97,200911
342,46,200911
344,188,200911
344,25,200911
344,9,200911
344,387,200911
344,1147,200911
344,372,200911
344,137,200911
345,209,200911
345,299,200911
345,136,200911
345,23,200911
345,17,200911
346,784,200911
346,234,200911
346,22,200911
346,0,200911
346,12,200911
346,265,200911
346,244,200911
346,69,200911
346,144,200911
346,233,200911
346,28,200911
346,317,200911
346,443,200911
346,98,200911
346,413,200911
346,220,200911
346,132,200911
346,5,200911
346,163,200911
346,44,200911
346,149,200911
346,6,200911
346,184,200911
346,21,200911
346,188,200911
346,19,200911
346,142,200911
346,145,200911
346,165,200911
346,112,200911
346,93,200911
346,74,200911
346,408,200911
346,32,200911
346,148,200911
346,25,200911
346,66,200911
346,62,200911
346,143,200911
346,47,200911
346,2,200911
346,115,200911
346,863,200911
346,104,200911
346,261,200911
346,50,200911
346,9,200911
346,159,200911
346,138,200911
346,136,200911
346,51,200911
346,384,200911
346,54,200911
346,30,200911
346,43,200911
346,222,200911
346,1227,200911
346,121,200911
346,34,200911
346,131,200911
346,137,200911
346,4,200911
346,18,200911
348,23,200911
348,17,200911
349,102,200911
349,208,200911
349,313,200911
349,1674,200911
349,297,200911
349,13,200911
351,587,200911
351,110,200911
351,196,200911
351,589,200911
351,352,200911
351,606,200911
351,572,200911
351,607,200911
351,574,200911
351,226,200911
351,554,200911
351,425,200911
351,679,200911
351,660,200911
351,527,200911
351,586,200911
351,225,200911
351,647,200911
351,498,200911
351,604,200911
351,605,200911
351,590,200911
351,599,200911
351,760,200911
351,573,200911
351,232,200911
352,679,200911
352,622,200911
352,626,200911
352,678,200911
352,477,200911
352,579,200911
352,110,200911
352,625,200911
352,532,200911
352,805,200911
352,196,200911
352,425,200911
352,565,200911
352,484,200911
352,694,200911
352,621,200911
352,623,200911
352,351,200911
352,564,200911
352,424,200911
352,693,200911
352,225,200911
352,232,200911
353,17,200911
354,138,200911
354,1313,200911
354,54,200911
354,97,200911
354,19,200911
354,17,200911
354,60,200911
354,46,200911
355,335,200911
355,75,200911
355,176,200911
355,101,200911
355,860,200911
355,64,200911
355,136,200911
355,97,200911
355,160,200911
355,25,200911
355,46,200911
355,137,200911
357,1129,200911
357,172,200911
357,173,200911
358,68,200911
358,136,200911
359,966,200911
359,137,200911
359,136,200911
360,180,200911
361,136,200911
362,1193,200911
362,40,200911
362,544,200911
362,78,200911
362,19,200911
362,32,200911
362,16,200911
363,196,200911
363,409,200911
363,551,200911
363,400,200911
363,366,200911
364,196,200911
364,366,200911
364,551,200911
365,366,200911
365,364,200911
365,400,200911
365,551,200911
365,196,200911
366,196,200911
366,363,200911
366,365,200911
366,409,200911
366,402,200911
366,551,200911
366,364,200911
367,196,200911
368,27,200911
369,60,200911
369,14,200911
370,60,200911
371,136,200911
372,25,200911
372,147,200911
372,344,200911
372,67,200911
372,1169,200911
372,136,200911
372,11,200911
373,64,200911
374,281,200911
374,205,200911
374,19,200911
374,142,200911
374,138,200911
374,64,200911
375,46,200911
375,143,200911
375,100,200911
375,6,200911
375,19,200911
375,66,200911
375,1147,200911
375,76,200911
375,114,200911
375,104,200911
375,141,200911
375,15,200911
375,140,200911
375,132,200911
375,175,200911
375,65,200911
375,815,200911
375,181,200911
375,159,200911
375,224,200911
375,95,200911
375,62,200911
375,79,200911
375,138,200911
375,341,200911
375,101,200911
375,57,200911
376,136,200911
377,472,200911
377,196,200911
377,378,200911
378,196,200911
378,475,200911
378,412,200911
378,489,200911
378,377,200911
378,225,200911
378,471,200911
379,35,200911
379,160,200911
380,154,200911
380,463,200911
380,717,200911
380,48,200911
380,274,200911
380,19,200911
380,81,200911
381,142,200911
381,1086,200911
381,16,200911
383,667,200911
384,1147,200911
384,341,200911
384,34,200911
385,2,200911
385,25,200911
386,165,200911
387,176,200911
387,344,200911
387,19,200911
388,27,200911
389,1133,200911
389,1249,200911
390,69,200911
390,137,200911
390,25,200911
393,59,200911
393,342,200911
393,93,200911
393,160,200911
393,35,200911
393,155,200911
393,25,200911
393,137,200911
393,97,200911
394,154,200911
395,17,200911
398,160,200911
398,57,200911
398,97,200911
400,196,200911
400,551,200911
400,365,200911
400,504,200911
400,366,200911
401,85,200911
401,23,200911
401,336,200911
401,1265,200911
402,364,200911
402,196,200911
402,366,200911
407,61,200911
407,18,200911
408,346,200911
408,18,200911
409,196,200911
409,363,200911
410,436,200911
410,18,200911
412,489,200911
412,378,200911
412,196,200911
413,346,200911
413,18,200911
415,61,200911
415,416,200911
415,981,200911
415,18,200911
415,136,200911
416,415,200911
416,18,200911
420,32,200911
421,208,200911
422,380,200911
422,430,200911
422,54,200911
422,440,200911
422,18,200911
423,426,200911
423,18,200911
424,110,200911
424,622,200911
424,351,200911
424,477,200911
424,478,200911
424,469,200911
424,230,200911
424,425,200911
424,448,200911
424,476,200911
424,352,200911
424,532,200911
424,506,200911
424,225,200911
424,196,200911
425,506,200911
425,196,200911
425,478,200911
425,110,200911
425,424,200911
425,469,200911
425,794,200911
425,448,200911
425,476,200911
425,352,200911
426,234,200911
426,18,200911
426,737,200911
427,127,200911
427,306,200911
427,4,200911
427,128,200911
427,110,200911
427,109,200911
427,616,200911
427,614,200911
427,610,200911
427,612,200911
428,339,200911
428,58,200911
428,27,200911
428,401,200911
429,181,200911
429,546,200911
429,32,200911
430,54,200911
430,44,200911
430,443,200911
430,1205,200911
430,18,200911
431,136,200911
432,298,200911
432,18,200911
434,320,200911
435,167,200911
435,160,200911
435,41,200911
435,97,200911
436,410,200911
436,234,200911
436,18,200911
440,276,200911
440,54,200911
440,18,200911
440,32,200911
443,430,200911
443,346,200911
443,18,200911
444,120,200911
444,46,200911
444,1699,200911
444,931,200911
444,135,200911
444,490,200911
444,133,200911
444,297,200911
444,739,200911
444,652,200911
445,35,200911
445,6,200911
445,178,200911
445,140,200911
445,80,200911
445,46,200911
447,196,200911
447,489,200911
448,196,200911
448,447,200911
448,532,200911
448,424,200911
448,506,200911
448,478,200911
449,64,200911
451,196,200911
452,97,200911
453,205,200911
453,216,200911
455,512,200911
455,143,200911
455,375,200911
455,97,200911
457,1227,200911
457,17,200911
457,1037,200911
457,53,200911
458,97,200911
458,46,200911
459,533,200911
463,482,200911
463,19,200911
463,23,200911
463,143,200911
463,31,200911
463,36,200911
463,35,200911
463,6,200911
463,780,200911
463,97,200911
463,64,200911
463,18,200911
463,40,200911
463,534,200911
463,142,200911
465,527,200911
465,319,200911
465,232,200911
465,576,200911
465,110,200911
465,603,200911
465,643,200911
465,231,200911
465,196,200911
465,575,200911
465,604,200911
465,605,200911
465,599,200911
469,476,200911
469,424,200911
470,196,200911
470,475,200911
470,472,200911
470,471,200911
470,225,200911
471,472,200911
471,196,200911
471,470,200911
471,475,200911
471,225,200911
471,378,200911
472,196,200911
472,225,200911
472,475,200911
472,471,200911
472,470,200911
473,556,200911
473,257,200911
473,186,200911
473,559,200911
473,474,200911
474,825,200911
474,110,200911
474,651,200911
474,650,200911
474,186,200911
474,236,200911
474,997,200911
474,665,200911
474,922,200911
474,630,200911
474,185,200911
475,378,200911
475,196,200911
475,470,200911
475,471,200911
475,225,200911
476,196,200911
476,477,200911
476,425,200911
476,469,200911
476,478,200911
476,424,200911
477,352,200911
477,469,200911
477,476,200911
477,532,200911
477,424,200911
478,506,200911
478,448,200911
478,425,200911
478,424,200911
478,196,200911
479,196,200911
480,136,200911
482,16,200911
482,129,200911
482,25,200911
482,463,200911
482,304,200911
482,120,200911
482,552,200911
482,9,200911
482,302,200911
482,101,200911
482,262,200911
482,31,200911
482,35,200911
483,220,200911
483,85,200911
483,344,200911
483,137,200911
484,110,200911
484,626,200911
484,352,200911
484,694,200911
484,678,200911
484,625,200911
484,621,200911
484,622,200911
487,10,200911
488,144,200911
488,1,200911
489,196,200911
489,447,200911
489,412,200911
489,378,200911
490,126,200911
490,588,200911
490,133,200911
490,136,200911
490,27,200911
492,136,200911
493,28,200911
493,37,200911
493,17,200911
495,80,200911
495,126,200911
495,1258,200911
495,132,200911
495,51,200911
495,97,200911
495,25,200911
495,137,200911
496,22,200911
496,9,200911
496,393,200911
498,351,200911
500,133,200911
501,138,200911
501,132,200911
501,143,200911
501,20,200911
501,23,200911
501,107,200911
501,750,200911
502,728,200911
502,12,200911
502,1169,200911
502,136,200911
503,339,200911
503,888,200911
503,97,200911
503,31,200911
504,196,200911
506,196,200911
506,478,200911
506,424,200911
506,448,200911
506,425,200911
510,482,200911
510,14,200911
510,93,200911
510,124,200911
510,160,200911
510,97,200911
512,160,200911
512,80,200911
512,455,200911
512,143,200911
517,339,200911
517,728,200911
521,160,200911
522,154,200911
523,1022,200911
523,1086,200911
523,16,200911
525,110,200911
525,236,200911
525,961,200911
525,584,200911
525,726,200911
525,725,200911
525,839,200911
525,582,200911
525,585,200911
525,683,200911
525,716,200911
525,1239,200911
525,1653,200911
525,1089,200911
525,847,200911
525,962,200911
525,1030,200911
525,1087,200911
526,196,200911
526,110,200911
527,603,200911
527,599,200911
527,576,200911
527,319,200911
527,604,200911
527,600,200911
527,231,200911
527,643,200911
527,586,200911
527,575,200911
527,644,200911
527,465,200911
527,232,200911
528,196,200911
529,189,200911
530,35,200911
530,1895,200911
530,188,200911
530,60,200911
530,98,200911
532,110,200911
532,477,200911
532,424,200911
532,476,200911
532,622,200911
532,623,200911
532,448,200911
532,352,200911
534,83,200911
534,27,200911
534,282,200911
534,154,200911
534,15,200911
534,463,200911
534,85,200911
536,33,200911
536,96,200911
536,299,200911
536,133,200911
536,23,200911
537,534,200911
537,10,200911
537,136,200911
539,198,200911
540,83,200911
540,97,200911
542,11,200911
543,98,200911
543,160,200911
543,97,200911
544,1258,200911
544,192,200911
544,287,200911
544,165,200911
544,18,200911
544,80,200911
544,181,200911
544,341,200911
544,28,200911
544,13,200911
544,146,200911
544,97,200911
544,23,200911
544,40,200911
544,135,200911
544,98,200911
544,250,200911
544,39,200911
544,154,200911
544,266,200911
544,32,200911
544,26,200911
544,6,200911
544,10,200911
544,17,200911
544,136,200911
544,29,200911
544,160,200911
544,46,200911
544,25,200911
544,137,200911
545,546,200911
545,197,200911
545,32,200911
546,270,200911
546,181,200911
546,545,200911
546,32,200911
547,196,200911
548,10,200911
548,174,200911
548,28,200911
548,11,200911
549,64,200911
551,196,200911
551,365,200911
551,400,200911
551,363,200911
551,364,200911
551,366,200911
552,98,200911
552,188,200911
552,17,200911
552,97,200911
552,72,200911
552,29,200911
552,5,200911
552,34,200911
552,27,200911
552,85,200911
552,81,200911
552,25,200911
552,115,200911
552,0,200911
552,2,200911
552,48,200911
552,28,200911
552,482,200911
552,1194,200911
554,351,200911
554,226,200911
554,587,200911
554,586,200911
554,604,200911
555,186,200911
556,559,200911
556,186,200911
556,473,200911
556,474,200911
558,561,200911
558,186,200911
558,560,200911
559,186,200911
559,232,200911
559,473,200911
559,600,200911
560,110,200911
560,561,200911
560,558,200911
560,232,200911
560,186,200911
561,186,200911
562,563,200911
563,688,200911
563,569,200911
563,612,200911
563,680,200911
563,616,200911
563,615,200911
563,674,200911
563,562,200911
563,611,200911
563,734,200911
563,568,200911
563,566,200911
563,570,200911
563,427,200911
563,567,200911
563,1150,200911
563,617,200911
563,618,200911
563,614,200911
563,610,200911
563,616,200911
563,614,200911
563,612,200911
564,352,200911
564,694,200911
564,565,200911
564,621,200911
565,226,200911
565,352,200911
565,564,200911
565,694,200911
565,351,200911
565,579,200911
565,626,200911
565,621,200911
566,563,200911
567,563,200911
568,563,200911
569,563,200911
570,614,200911
570,563,200911
571,232,200911
572,589,200911
572,574,200911
572,226,200911
572,351,200911
572,352,200911
572,590,200911
572,573,200911
572,586,200911
573,574,200911
573,589,200911
573,572,200911
573,590,200911
573,226,200911
573,351,200911
574,226,200911
574,573,200911
574,589,200911
574,590,200911
574,586,200911
574,351,200911
575,576,200911
575,319,200911
575,465,200911
575,636,200911
575,643,200911
575,527,200911
575,604,200911
575,232,200911
575,594,200911
575,644,200911
575,599,200911
575,603,200911
575,231,200911
575,230,200911
575,639,200911
576,465,200911
576,575,200911
576,254,200911
576,231,200911
576,527,200911
576,319,200911
576,232,200911
576,604,200911
576,643,200911
576,605,200911
576,639,200911
576,603,200911
576,644,200911
578,196,200911
579,621,200911
579,196,200911
579,565,200911
579,484,200911
579,626,200911
579,694,200911
579,625,200911
579,352,200911
582,525,200911
584,525,200911
585,525,200911
586,226,200911
586,351,200911
586,465,200911
586,589,200911
586,527,200911
586,679,200911
586,660,200911
586,574,200911
586,572,200911
587,226,200911
587,554,200911
587,604,200911
587,351,200911
588,34,200911
588,752,200911
588,490,200911
588,346,200911
588,27,200911
588,136,200911
589,226,200911
589,572,200911
589,590,200911
589,574,200911
589,573,200911
589,586,200911
589,351,200911
590,226,200911
590,352,200911
590,574,200911
590,572,200911
590,589,200911
590,351,200911
590,573,200911
591,232,200911
591,700,200911
591,259,200911
591,257,200911
592,109,200911
593,109,200911
593,724,200911
594,231,200911
594,586,200911
594,252,200911
594,636,200911
594,640,200911
594,230,200911
594,229,200911
594,596,200911
594,575,200911
595,667,200911
595,196,200911
596,636,200911
596,231,200911
596,640,200911
596,230,200911
596,594,200911
597,232,200911
597,258,200911
597,256,200911
597,260,200911
597,263,200911
597,601,200911
597,658,200911
597,602,200911
597,670,200911
597,664,200911
598,232,200911
599,232,200911
599,231,200911
599,643,200911
599,527,200911
599,465,200911
599,575,200911
599,605,200911
599,644,200911
599,424,200911
599,186,200911
599,352,200911
599,351,200911
600,230,200911
600,110,200911
600,232,200911
600,594,200911
600,559,200911
600,254,200911
600,639,200911
601,232,200911
601,273,200911
601,664,200911
601,624,200911
601,258,200911
601,597,200911
601,256,200911
601,602,200911
601,260,200911
601,263,200911
601,658,200911
602,252,200911
602,273,200911
602,263,200911
602,258,200911
602,624,200911
602,239,200911
602,670,200911
602,255,200911
602,601,200911
602,597,200911
602,661,200911
602,232,200911
603,230,200911
603,232,200911
603,639,200911
603,231,200911
603,575,200911
603,643,200911
603,527,200911
603,576,200911
604,110,200911
604,575,200911
604,232,200911
604,196,200911
604,576,200911
604,226,200911
604,351,200911
604,465,200911
604,590,200911
604,527,200911
604,554,200911
604,587,200911
605,232,200911
605,599,200911
605,644,200911
605,604,200911
605,351,200911
605,586,200911
605,576,200911
605,319,200911
605,643,200911
605,110,200911
605,465,200911
606,607,200911
606,679,200911
606,226,200911
606,660,200911
606,351,200911
607,606,200911
607,226,200911
607,679,200911
607,351,200911
610,563,200911
610,427,200911
611,563,200911
612,614,200911
612,563,200911
612,427,200911
613,110,200911
614,570,200911
614,563,200911
614,427,200911
615,563,200911
616,563,200911
616,427,200911
617,563,200911
618,563,200911
620,186,200911
621,352,200911
621,625,200911
621,484,200911
621,678,200911
621,626,200911
621,579,200911
621,622,200911
621,564,200911
621,623,200911
621,565,200911
621,232,200911
621,694,200911
622,352,200911
622,564,200911
622,623,200911
622,484,200911
622,565,200911
622,621,200911
622,532,200911
622,694,200911
623,352,200911
623,477,200911
623,622,200911
623,694,200911
623,621,200911
623,532,200911
623,626,200911
624,670,200911
624,273,200911
624,659,200911
624,664,200911
624,232,200911
624,658,200911
624,602,200911
625,352,200911
625,694,200911
625,484,200911
625,678,200911
625,626,200911
625,579,200911
626,352,200911
626,484,200911
626,694,200911
626,678,200911
626,565,200911
626,621,200911
626,622,200911
626,623,200911
626,625,200911
626,579,200911
627,110,200911
627,236,200911
627,1891,200911
627,648,200911
627,630,200911
627,649,200911
627,196,200911
627,646,200911
628,629,200911
628,109,200911
629,109,200911
630,922,200911
630,665,200911
630,650,200911
630,186,200911
630,997,200911
630,185,200911
630,110,200911
630,627,200911
630,474,200911
631,110,200911
633,110,200911
633,305,200911
633,4,200911
633,109,200911
634,230,200911
634,635,200911
634,641,200911
634,256,200911
634,239,200911
635,230,200911
635,641,200911
635,634,200911
636,230,200911
636,196,200911
636,596,200911
636,594,200911
636,640,200911
638,230,200911
639,232,200911
639,527,200911
639,255,200911
639,603,200911
639,231,200911
639,576,200911
639,643,200911
639,575,200911
639,600,200911
639,230,200911
640,596,200911
640,594,200911
640,232,200911
640,230,200911
640,636,200911
641,110,200911
641,230,200911
641,635,200911
642,230,200911
642,634,200911
642,635,200911
642,641,200911
643,625,200911
643,576,200911
643,575,200911
643,231,200911
643,232,200911
643,603,200911
643,605,200911
643,527,200911
643,639,200911
644,232,200911
644,575,200911
644,605,200911
644,239,200911
644,599,200911
644,527,200911
644,319,200911
644,231,200911
644,253,200911
644,576,200911
645,457,200911
646,649,200911
646,648,200911
646,627,200911
647,765,200911
647,719,200911
647,841,200911
647,627,200911
647,1002,200911
647,351,200911
648,646,200911
648,649,200911
648,627,200911
649,648,200911
649,1891,200911
649,646,200911
649,627,200911
650,630,200911
650,665,200911
650,474,200911
650,110,200911
651,474,200911
651,185,200911
651,630,200911
652,16,200911
652,77,200911
652,29,200911
652,131,200911
656,657,200911
656,926,200911
656,697,200911
656,200,200911
656,937,200911
656,698,200911
656,185,200911
657,697,200911
657,656,200911
657,200,200911
657,937,200911
657,698,200911
657,185,200911
658,259,200911
658,664,200911
658,670,200911
658,597,200911
658,624,200911
658,232,200911
658,601,200911
659,232,200911
659,602,200911
659,260,200911
659,273,200911
659,664,200911
659,259,200911
659,599,200911
659,624,200911
660,351,200911
660,226,200911
660,606,200911
660,589,200911
660,554,200911
660,586,200911
660,679,200911
661,232,200911
661,670,200911
661,664,200911
661,260,200911
661,602,200911
663,229,200911
663,196,200911
664,232,200911
664,624,200911
664,601,200911
664,258,200911
664,670,200911
664,661,200911
664,658,200911
664,602,200911
664,263,200911
664,273,200911
664,231,200911
664,597,200911
665,186,200911
665,110,200911
665,630,200911
665,185,200911
665,474,200911
666,77,200911
666,211,200911
666,21,200911
666,23,200911
666,35,200911
666,103,200911
667,196,200911
667,383,200911
667,857,200911
667,595,200911
669,229,200911
670,232,200911
670,602,200911
670,661,200911
670,624,200911
670,597,200911
670,658,200911
670,664,200911
671,137,200911
674,563,200911
675,739,200911
675,4,200911
675,666,200911
675,59,200911
675,241,200911
675,35,200911
675,157,200911
676,677,200911
676,109,200911
677,676,200911
677,109,200911
678,196,200911
678,352,200911
678,694,200911
678,621,200911
678,626,200911
678,625,200911
679,351,200911
679,110,200911
679,660,200911
679,606,200911
679,607,200911
679,226,200911
679,604,200911
680,427,200911
681,196,200911
683,525,200911
684,110,200911
693,352,200911
694,110,200911
694,352,200911
694,579,200911
694,565,200911
694,621,200911
694,484,200911
694,622,200911
694,623,200911
694,564,200911
695,196,200911
696,190,200911
697,186,200911
697,656,200911
697,698,200911
697,937,200911
697,185,200911
698,926,200911
698,650,200911
698,656,200911
698,200,200911
698,937,200911
698,697,200911
698,947,200911
698,657,200911
698,185,200911
700,257,200911
700,591,200911
700,232,200911
703,64,200911
705,196,200911
706,751,200911
706,136,200911
710,35,200911
710,1147,200911
717,166,200911
719,647,200911
722,143,200911
722,64,200911
723,109,200911
724,109,200911
725,525,200911
726,525,200911
728,12,200911
728,502,200911
728,18,200911
728,242,200911
728,1169,200911
728,27,200911
728,1227,200911
728,10,200911
729,109,200911
730,35,200911
730,52,200911
730,64,200911
731,136,200911
731,115,200911
731,132,200911
734,563,200911
736,745,200911
736,832,200911
736,21,200911
736,761,200911
736,20,200911
737,18,200911
738,762,200911
738,234,200911
738,123,200911
738,982,200911
738,136,200911
739,13,200911
739,1197,200911
739,31,200911
739,444,200911
739,1413,200911
739,19,200911
739,6,200911
739,35,200911
739,77,200911
739,64,200911
739,208,200911
739,142,200911
739,40,200911
739,97,200911
739,380,200911
739,14,200911
739,192,200911
739,83,200911
740,85,200911
741,795,200911
741,295,200911
741,4,200911
741,51,200911
741,20,200911
744,142,200911
744,97,200911
744,99,200911
744,46,200911
745,21,200911
745,755,200911
747,748,200911
747,247,200911
747,1422,200911
747,1421,200911
747,222,200911
747,1424,200911
748,4,200911
748,222,200911
748,747,200911
748,1421,200911
748,247,200911
749,348,200911
750,501,200911
750,764,200911
750,210,200911
751,706,200911
751,136,200911
752,35,200911
752,368,200911
752,834,200911
752,266,200911
752,314,200911
752,136,200911
752,27,200911
752,137,200911
753,84,200911
753,136,200911
753,30,200911
754,775,200911
754,136,200911
754,30,200911
755,21,200911
755,745,200911
756,96,200911
757,96,200911
760,351,200911
761,51,200911
761,736,200911
761,866,200911
761,21,200911
761,4,200911
761,17,200911
761,20,200911
762,234,200911
762,122,200911
762,738,200911
762,136,200911
764,817,200911
764,750,200911
764,23,200911
765,647,200911
766,13,200911
768,48,200911
768,769,200911
768,208,200911
769,36,200911
769,48,200911
769,80,200911
769,12,200911
769,176,200911
769,97,200911
769,139,200911
769,108,200911
769,46,200911
769,35,200911
770,89,200911
770,1408,200911
770,7,200911
772,60,200911
775,30,200911
775,754,200911
775,136,200911
776,30,200911
777,96,200911
777,299,200911
778,89,200911
780,463,200911
781,10,200911
781,11,200911
782,29,200911
782,60,200911
783,776,200911
783,762,200911
783,30,200911
783,136,200911
784,1,200911
786,898,200911
786,110,200911
786,917,200911
794,425,200911
794,110,200911
795,184,200911
795,33,200911
797,250,200911
797,219,200911
797,119,200911
797,97,200911
797,46,200911
798,215,200911
799,14,200911
799,46,200911
799,19,200911
801,165,200911
801,96,200911
804,136,200911
805,352,200911
806,49,200911
808,110,200911
808,186,200911
808,290,200911
813,76,200911
813,124,200911
813,97,200911
813,46,200911
814,54,200911
814,440,200911
814,18,200911
814,32,200911
815,6,200911
815,180,200911
815,126,200911
815,1250,200911
815,13,200911
815,320,200911
815,375,200911
815,266,200911
815,48,200911
817,5,200911
817,764,200911
817,23,200911
819,5,200911
819,51,200911
819,10,200911
819,4,200911
819,17,200911
824,230,200911
824,229,200911
824,663,200911
825,474,200911
826,210,200911
826,998,200911
826,10,200911
828,7,200911
830,110,200911
832,21,200911
832,20,200911
834,752,200911
834,27,200911
834,136,200911
836,208,200911
839,525,200911
840,109,200911
841,647,200911
842,295,200911
842,51,200911
843,4,200911
843,247,200911
847,1087,200911
847,525,200911
847,961,200911
847,1089,200911
847,962,200911
851,525,200911
857,667,200911
860,237,200911
860,19,200911
860,157,200911
860,9,200911
860,355,200911
860,75,200911
860,83,200911
860,82,200911
860,41,200911
860,137,200911
860,46,200911
860,97,200911
860,60,200911
860,13,200911
860,26,200911
862,502,200911
862,12,200911
862,728,200911
862,136,200911
863,23,200911
863,906,200911
863,10,200911
863,17,200911
864,109,200911
866,21,200911
866,761,200911
866,4,200911
866,17,200911
866,20,200911
867,235,200911
871,65,200911
871,288,200911
871,72,200911
871,95,200911
871,160,200911
874,133,200911
878,891,200911
878,136,200911
885,160,200911
886,110,200911
888,503,200911
888,97,200911
888,31,200911
888,266,200911
889,180,200911
890,339,200911
891,878,200911
891,136,200911
892,1,200911
892,0,200911
896,13,200911
897,190,200911
897,110,200911
897,559,200911
898,786,200911
899,180,200911
900,9,200911
900,97,200911
906,23,200911
906,165,200911
906,17,200911
906,20,200911
906,1,200911
908,18,200911
909,908,200911
909,18,200911
913,109,200911
916,755,200911
917,786,200911
920,201,200911
920,190,200911
922,665,200911
922,185,200911
922,630,200911
922,650,200911
922,474,200911
922,997,200911
922,186,200911
925,110,200911
926,698,200911
926,185,200911
929,21,200911
929,755,200911
931,133,200911
931,325,200911
931,950,200911
933,355,200911
935,97,200911
937,200,200911
937,657,200911
937,698,200911
937,697,200911
937,185,200911
941,299,200911
941,210,200911
941,1057,200911
941,136,200911
941,1,200911
947,698,200911
947,185,200911
948,127,200911
950,96,200911
950,17,200911
950,137,200911
961,1087,200911
961,525,200911
961,847,200911
962,560,200911
962,1089,200911
962,1087,200911
962,847,200911
962,525,200911
966,133,200911
966,159,200911
966,96,200911
966,166,200911
966,53,200911
968,804,200911
968,136,200911
969,64,200911
969,28,200911
969,10,200911
970,196,200911
979,1422,200911
979,1424,200911
981,136,200911
982,738,200911
982,136,200911
995,13,200911
996,1118,200911
996,13,200911
997,110,200911
997,922,200911
997,947,200911
997,185,200911
997,474,200911
997,630,200911
998,10,200911
998,826,200911
998,210,200911
1002,647,200911
1015,136,200911
1016,186,200911
1016,185,200911
1017,160,200911
1020,14,200911
1020,266,200911
1022,523,200911
1022,16,200911
1025,130,200911
1028,196,200911
1030,726,200911
1030,1087,200911
1030,847,200911
1030,525,200911
1037,9,200911
1044,45,200911
1044,207,200911
1045,142,200911
1045,178,200911
1048,133,200911
1048,243,200911
1052,97,200911
1056,235,200911
1056,110,200911
1057,210,200911
1057,941,200911
1065,16,200911
1070,4,200911
1086,381,200911
1086,16,200911
1087,961,200911
1087,1030,200911
1087,847,200911
1087,1089,200911
1087,962,200911
1087,525,200911
1088,6,200911
1089,962,200911
1089,1087,200911
1089,847,200911
1089,525,200911
1090,136,200911
1090,30,200911
1103,7,200911
1107,1236,200911
1115,35,200911
1118,13,200911
1129,173,200911
1129,129,200911
1129,357,200911
1130,36,200911
1130,297,200911
1130,1367,200911
1132,196,200911
1134,196,200911
1134,110,200911
1139,294,200911
1144,85,200911
1147,15,200911
1147,132,200911
1147,1258,200911
1147,160,200911
1147,97,200911
1147,266,200911
1147,100,200911
1147,288,200911
1147,39,200911
1147,101,200911
1147,24,200911
1147,27,200911
1147,81,200911
1147,483,200911
1147,163,200911
1147,6,200911
1147,158,200911
1147,710,200911
1147,274,200911
1147,316,200911
1147,335,200911
1147,9,200911
1147,137,200911
1147,75,200911
1147,141,200911
1147,65,200911
1147,333,200911
1147,19,200911
1147,14,200911
1147,94,200911
1147,92,200911
1147,48,200911
1147,224,200911
1147,375,200911
1147,120,200911
1147,198,200911
1147,104,200911
1147,77,200911
1147,176,200911
1147,32,200911
1147,31,200911
1147,16,200911
1147,46,200911
1147,57,200911
1147,76,200911
1147,175,200911
1147,34,200911
1147,2,200911
1150,563,200911
1154,863,200911
1162,133,200911
1169,228,200911
1169,67,200911
1169,164,200911
1169,221,200911
1169,223,200911
1169,502,200911
1169,184,200911
1169,372,200911
1169,317,200911
1169,265,200911
1169,122,200911
1169,166,200911
1169,866,200911
1169,111,200911
1169,136,200911
1169,124,200911
1169,147,200911
1169,93,200911
1169,30,200911
1169,70,200911
1169,234,200911
1169,84,200911
1169,92,200911
1169,238,200911
1169,72,200911
1169,69,200911
1169,274,200911
1169,85,200911
1169,728,200911
1169,534,200911
1169,148,200911
1169,2,200911
1169,96,200911
1169,47,200911
1169,222,200911
1172,69,200911
1180,54,200911
1183,190,200911
1190,137,200911
1191,77,200911
1193,362,200911
1194,192,200911
1194,27,200911
1194,25,200911
1194,101,200911
1194,80,200911
1194,45,200911
1194,302,200911
1194,9,200911
1194,552,200911
1194,35,200911
1196,51,200911
1196,842,200911
1201,221,200911
1205,430,200911
1205,54,200911
1209,38,200911
1215,208,200911
1227,10,200911
1227,22,200911
1227,20,200911
1227,34,200911
1227,177,200911
1227,234,200911
1227,728,200911
1227,184,200911
1227,33,200911
1227,181,200911
1227,30,200911
1227,164,200911
1227,214,200911
1227,111,200911
1227,84,200911
1227,159,200911
1227,122,200911
1227,104,200911
1227,138,200911
1227,222,200911
1227,265,200911
1227,61,200911
1227,15,200911
1236,1,200911
1236,496,200911
1239,525,200911
1243,817,200911
1249,124,200911
1250,60,200911
1250,815,200911
1250,138,200911
1250,171,200911
1250,334,200911
1250,267,200911
1250,175,200911
1250,79,200911
1250,57,200911
1250,101,200911
1258,544,200911
1258,135,200911
1258,495,200911
1258,25,200911
1258,137,200911
1258,188,200911
1258,138,200911
1258,18,200911
1258,97,200911
1259,1286,200911
1261,1262,200911
1265,401,200911
1265,330,200911
1265,21,200911
1269,96,200911
1278,133,200911
1283,282,200911
1286,1259,200911
1288,19,200911
1291,160,200911
1313,133,200911
1313,354,200911
1319,51,200911
1324,1424,200911
1343,282,200911
1343,241,200911
1355,1,200911
1367,1130,200911
1380,525,200911
1381,235,200911
1395,1251,200911
1399,208,200911
1408,7,200911
1408,770,200911
1408,89,200911
1413,354,200911
1413,739,200911
1417,13,200911
1421,748,200911
1421,747,200911
1422,1424,200911
1422,1439,200911
1422,979,200911
1422,747,200911
1422,1450,200911
1424,1324,200911
1424,1395,200911
1424,1439,200911
1424,979,200911
1424,1450,200911
1424,747,200911
1439,1422,200911
1439,1424,200911
1450,1422,200911
1450,1424,200911
1482,27,200911
1482,154,200911
1509,349,200911
1534,156,200911
1580,154,200911
1587,242,200911
1588,235,200911
1602,220,200911
1627,444,200911
1653,525,200911
1674,297,200911
1674,349,200911
1699,444,200911
1699,1509,200911
1794,96,200911
1815,1904,200911
1891,627,200911
1904,1815,200911
