i,j,t
0,35,201806
0,80,201806
0,124,201806
0,156,201806
0,143,201806
0,48,201806
0,40,201806
0,25,201806
0,266,201806
0,393,201806
0,85,201806
0,2,201806
0,552,201806
0,160,201806
0,146,201806
0,121,201806
0,133,201806
0,132,201806
0,115,201806
0,58,201806
0,137,201806
0,197,201806
0,117,201806
0,102,201806
0,14,201806
0,69,201806
0,52,201806
0,19,201806
0,12,201806
0,183,201806
0,45,201806
0,119,201806
0,51,201806
0,72,201806
0,96,201806
0,93,201806
0,120,201806
0,165,201806
0,107,201806
0,11,201806
0,64,201806
0,4,201806
0,100,201806
0,29,201806
0,346,201806
0,18,201806
0,32,201806
0,155,201806
0,54,201806
0,57,201806
0,16,201806
0,116,201806
0,23,201806
0,47,201806
0,149,201806
0,180,201806
0,46,201806
0,129,201806
0,26,201806
0,112,201806
0,21,201806
0,77,201806
0,13,201806
0,83,201806
0,81,201806
0,178,201806
0,1430,201806
0,28,201806
0,136,201806
0,6,201806
0,60,201806
0,97,201806
0,59,201806
0,10,201806
0,108,201806
0,20,201806
0,27,201806
0,17,201806
0,5,201806
0,1,201806
0,99,201806
0,154,201806
0,31,201806
0,135,201806
0,274,201806
0,92,201806
1,281,201806
1,23,201806
1,19,201806
1,138,201806
1,143,201806
1,247,201806
1,17,201806
1,2,201806
1,209,201806
1,784,201806
1,1236,201806
1,79,201806
1,146,201806
1,35,201806
1,28,201806
1,107,201806
1,76,201806
1,10,201806
1,1399,201806
1,552,201806
1,165,201806
1,77,201806
1,160,201806
1,5,201806
1,9,201806
1,116,201806
1,115,201806
1,181,201806
1,36,201806
1,93,201806
1,64,201806
1,46,201806
1,149,201806
1,119,201806
1,57,201806
1,121,201806
1,52,201806
1,129,201806
1,45,201806
1,155,201806
1,892,201806
1,136,201806
1,161,201806
1,154,201806
1,108,201806
1,11,201806
1,40,201806
1,97,201806
1,285,201806
1,142,201806
1,361,201806
1,1269,201806
1,139,201806
1,13,201806
1,99,201806
1,26,201806
1,211,201806
1,112,201806
1,906,201806
1,130,201806
1,261,201806
1,1355,201806
1,60,201806
1,48,201806
1,169,201806
1,371,201806
1,133,201806
1,137,201806
1,204,201806
1,950,201806
1,150,201806
1,184,201806
1,33,201806
1,819,201806
1,214,201806
1,61,201806
1,22,201806
1,85,201806
1,96,201806
1,781,201806
1,16,201806
1,29,201806
1,20,201806
1,110,201806
1,70,201806
1,183,201806
1,53,201806
1,213,201806
1,34,201806
1,124,201806
1,59,201806
1,83,201806
1,4,201806
1,69,201806
1,0,201806
1,51,201806
1,8,201806
1,6,201806
1,243,201806
1,81,201806
1,12,201806
1,37,201806
1,54,201806
1,72,201806
1,132,201806
1,25,201806
1,89,201806
1,27,201806
1,32,201806
1,18,201806
1,189,201806
1,14,201806
1,7,201806
1,31,201806
1,92,201806
1,21,201806
1,113,201806
1,274,201806
1,135,201806
2,339,201806
2,138,201806
2,143,201806
2,4,201806
2,25,201806
2,1411,201806
2,137,201806
2,274,201806
2,188,201806
2,220,201806
2,35,201806
2,40,201806
2,552,201806
2,385,201806
2,160,201806
2,16,201806
2,183,201806
2,139,201806
2,12,201806
2,54,201806
2,102,201806
2,11,201806
2,181,201806
2,100,201806
2,13,201806
2,149,201806
2,93,201806
2,107,201806
2,119,201806
2,120,201806
2,1366,201806
2,18,201806
2,23,201806
2,51,201806
2,116,201806
2,38,201806
2,6,201806
2,180,201806
2,52,201806
2,22,201806
2,45,201806
2,77,201806
2,129,201806
2,133,201806
2,46,201806
2,72,201806
2,81,201806
2,346,201806
2,155,201806
2,341,201806
2,327,201806
2,457,201806
2,115,201806
2,112,201806
2,19,201806
2,32,201806
2,21,201806
2,5,201806
2,26,201806
2,96,201806
2,83,201806
2,1169,201806
2,48,201806
2,99,201806
2,136,201806
2,0,201806
2,64,201806
2,28,201806
2,10,201806
2,266,201806
2,1,201806
2,146,201806
2,97,201806
2,29,201806
2,20,201806
2,60,201806
2,53,201806
2,59,201806
2,17,201806
2,27,201806
2,108,201806
2,165,201806
2,31,201806
2,154,201806
2,135,201806
2,14,201806
2,92,201806
3,69,201806
3,110,201806
4,51,201806
4,85,201806
4,53,201806
4,70,201806
4,138,201806
4,28,201806
4,222,201806
4,843,201806
4,748,201806
4,747,201806
4,1070,201806
4,110,201806
4,109,201806
4,427,201806
4,306,201806
4,127,201806
4,128,201806
4,79,201806
4,146,201806
4,23,201806
4,1,201806
4,21,201806
4,17,201806
4,35,201806
4,247,201806
4,207,201806
4,77,201806
4,160,201806
4,5,201806
4,58,201806
4,32,201806
4,93,201806
4,18,201806
4,26,201806
4,13,201806
4,11,201806
4,100,201806
4,0,201806
4,134,201806
4,45,201806
4,124,201806
4,155,201806
4,16,201806
4,102,201806
4,183,201806
4,72,201806
4,9,201806
4,116,201806
4,99,201806
4,184,201806
4,143,201806
4,60,201806
4,112,201806
4,33,201806
4,132,201806
4,137,201806
4,113,201806
4,86,201806
4,92,201806
4,2,201806
4,20,201806
4,6,201806
4,48,201806
4,40,201806
4,38,201806
4,133,201806
4,97,201806
4,108,201806
4,12,201806
4,181,201806
4,29,201806
4,96,201806
4,169,201806
4,81,201806
4,22,201806
4,107,201806
4,592,201806
4,633,201806
4,305,201806
4,164,201806
4,185,201806
4,268,201806
4,27,201806
4,177,201806
4,150,201806
4,30,201806
4,88,201806
4,34,201806
4,69,201806
4,906,201806
4,213,201806
4,317,201806
4,214,201806
4,54,201806
4,64,201806
4,31,201806
4,819,201806
4,274,201806
4,84,201806
4,83,201806
4,189,201806
4,300,201806
4,25,201806
4,14,201806
4,301,201806
4,154,201806
4,243,201806
4,8,201806
4,19,201806
4,50,201806
4,7,201806
4,223,201806
4,311,201806
4,121,201806
4,196,201806
4,59,201806
4,89,201806
4,136,201806
4,10,201806
4,135,201806
4,46,201806
5,39,201806
5,146,201806
5,137,201806
5,501,201806
5,23,201806
5,19,201806
5,138,201806
5,107,201806
5,143,201806
5,165,201806
5,552,201806
5,110,201806
5,183,201806
5,136,201806
5,6,201806
5,150,201806
5,1314,201806
5,89,201806
5,77,201806
5,10,201806
5,17,201806
5,121,201806
5,160,201806
5,261,201806
5,29,201806
5,51,201806
5,1,201806
5,28,201806
5,4,201806
5,11,201806
5,21,201806
5,817,201806
5,119,201806
5,12,201806
5,102,201806
5,38,201806
5,16,201806
5,181,201806
5,124,201806
5,155,201806
5,52,201806
5,34,201806
5,139,201806
5,149,201806
5,54,201806
5,46,201806
5,18,201806
5,93,201806
5,97,201806
5,120,201806
5,108,201806
5,100,201806
5,36,201806
5,72,201806
5,27,201806
5,1144,201806
5,113,201806
5,48,201806
5,13,201806
5,2,201806
5,40,201806
5,764,201806
5,8,201806
5,22,201806
5,99,201806
5,736,201806
5,60,201806
5,105,201806
5,223,201806
5,33,201806
5,164,201806
5,133,201806
5,1227,201806
5,243,201806
5,222,201806
5,85,201806
5,59,201806
5,14,201806
5,7,201806
5,81,201806
5,31,201806
5,0,201806
5,154,201806
5,25,201806
5,69,201806
5,32,201806
5,274,201806
5,96,201806
5,92,201806
5,135,201806
6,110,201806
6,137,201806
6,281,201806
6,23,201806
6,138,201806
6,143,201806
6,25,201806
6,96,201806
6,166,201806
6,181,201806
6,124,201806
6,27,201806
6,19,201806
6,146,201806
6,176,201806
6,552,201806
6,180,201806
6,97,201806
6,52,201806
6,13,201806
6,142,201806
6,14,201806
6,16,201806
6,46,201806
6,32,201806
6,48,201806
6,64,201806
6,77,201806
6,17,201806
6,60,201806
6,160,201806
6,5,201806
6,29,201806
6,815,201806
6,51,201806
6,40,201806
6,102,201806
6,4,201806
6,126,201806
6,22,201806
6,21,201806
6,139,201806
6,282,201806
6,129,201806
6,133,201806
6,237,201806
6,20,201806
6,10,201806
6,274,201806
6,294,201806
6,155,201806
6,92,201806
6,28,201806
6,12,201806
6,59,201806
6,544,201806
6,111,201806
6,65,201806
6,83,201806
6,101,201806
6,18,201806
6,78,201806
6,45,201806
6,320,201806
6,117,201806
6,297,201806
6,182,201806
6,270,201806
6,31,201806
6,772,201806
6,94,201806
6,55,201806
6,85,201806
6,54,201806
6,100,201806
6,769,201806
6,99,201806
6,62,201806
6,66,201806
6,131,201806
6,120,201806
6,355,201806
6,134,201806
6,114,201806
6,76,201806
6,57,201806
6,36,201806
6,206,201806
6,132,201806
6,9,201806
6,38,201806
6,154,201806
6,81,201806
6,224,201806
6,24,201806
6,75,201806
6,0,201806
6,86,201806
6,338,201806
6,112,201806
6,2,201806
6,11,201806
6,1,201806
6,194,201806
6,89,201806
6,108,201806
6,136,201806
6,113,201806
6,35,201806
6,135,201806
7,89,201806
7,90,201806
7,8,201806
7,243,201806
7,1267,201806
7,1408,201806
7,52,201806
7,778,201806
7,323,201806
7,40,201806
7,18,201806
7,828,201806
7,1103,201806
7,97,201806
7,770,201806
7,28,201806
7,21,201806
7,5,201806
7,112,201806
7,17,201806
7,136,201806
7,20,201806
7,51,201806
7,4,201806
7,29,201806
7,1,201806
7,137,201806
8,23,201806
8,89,201806
8,90,201806
8,243,201806
8,7,201806
8,17,201806
8,828,201806
8,1267,201806
8,323,201806
8,1408,201806
8,770,201806
8,87,201806
8,112,201806
8,16,201806
8,1103,201806
8,5,201806
8,18,201806
8,778,201806
8,51,201806
8,20,201806
8,28,201806
8,136,201806
8,1,201806
8,4,201806
8,137,201806
9,31,201806
9,137,201806
9,124,201806
9,143,201806
9,104,201806
9,72,201806
9,64,201806
9,34,201806
9,141,201806
9,160,201806
9,40,201806
9,181,201806
9,52,201806
9,97,201806
9,134,201806
9,5,201806
9,142,201806
9,69,201806
9,45,201806
9,11,201806
9,19,201806
9,16,201806
9,21,201806
9,23,201806
9,96,201806
9,112,201806
9,33,201806
9,20,201806
9,77,201806
9,139,201806
9,13,201806
9,274,201806
9,0,201806
9,29,201806
9,83,201806
9,28,201806
9,108,201806
9,115,201806
9,2,201806
9,165,201806
9,133,201806
9,346,201806
9,149,201806
9,51,201806
9,341,201806
9,99,201806
9,48,201806
9,26,201806
9,85,201806
9,17,201806
9,60,201806
9,10,201806
9,1,201806
9,6,201806
9,25,201806
9,4,201806
9,266,201806
9,355,201806
9,136,201806
9,32,201806
9,46,201806
9,14,201806
9,135,201806
9,18,201806
9,154,201806
9,92,201806
10,143,201806
10,110,201806
10,13,201806
10,16,201806
10,53,201806
10,54,201806
10,28,201806
10,154,201806
10,108,201806
10,85,201806
10,17,201806
10,176,201806
10,375,201806
10,966,201806
10,914,201806
10,266,201806
10,355,201806
10,64,201806
10,433,201806
10,1,201806
10,548,201806
10,160,201806
10,107,201806
10,781,201806
10,20,201806
10,931,201806
10,485,201806
10,941,201806
10,115,201806
10,19,201806
10,35,201806
10,133,201806
10,7,201806
10,39,201806
10,31,201806
10,58,201806
10,47,201806
10,45,201806
10,136,201806
10,165,201806
10,146,201806
10,102,201806
10,18,201806
10,2,201806
10,119,201806
10,113,201806
10,60,201806
10,26,201806
10,139,201806
10,93,201806
10,14,201806
10,38,201806
10,27,201806
10,117,201806
10,62,201806
10,1433,201806
10,129,201806
10,99,201806
10,100,201806
10,142,201806
10,5,201806
10,180,201806
10,234,201806
10,728,201806
10,96,201806
10,223,201806
10,710,201806
10,70,201806
10,86,201806
10,34,201806
10,111,201806
10,544,201806
10,43,201806
10,122,201806
10,163,201806
10,261,201806
10,138,201806
10,339,201806
10,15,201806
10,72,201806
10,105,201806
10,183,201806
10,84,201806
10,12,201806
10,164,201806
10,9,201806
10,66,201806
10,101,201806
10,265,201806
10,30,201806
10,184,201806
10,181,201806
10,1227,201806
10,11,201806
10,131,201806
10,177,201806
10,33,201806
10,863,201806
10,104,201806
10,123,201806
10,159,201806
10,188,201806
10,121,201806
10,137,201806
10,61,201806
10,132,201806
10,77,201806
10,112,201806
10,116,201806
10,89,201806
10,149,201806
10,40,201806
10,97,201806
10,0,201806
10,48,201806
10,124,201806
10,59,201806
10,52,201806
10,80,201806
10,161,201806
10,81,201806
10,83,201806
10,32,201806
10,6,201806
10,150,201806
10,29,201806
10,103,201806
10,69,201806
10,222,201806
10,22,201806
10,51,201806
10,25,201806
10,4,201806
10,23,201806
10,274,201806
10,92,201806
10,46,201806
10,21,201806
10,135,201806
11,5,201806
11,23,201806
11,1,201806
11,143,201806
11,105,201806
11,146,201806
11,501,201806
11,20,201806
11,183,201806
11,169,201806
11,160,201806
11,228,201806
11,268,201806
11,227,201806
11,85,201806
11,12,201806
11,99,201806
11,69,201806
11,39,201806
11,108,201806
11,870,201806
11,1366,201806
11,81,201806
11,26,201806
11,124,201806
11,107,201806
11,46,201806
11,54,201806
11,6,201806
11,10,201806
11,96,201806
11,0,201806
11,18,201806
11,100,201806
11,48,201806
11,102,201806
11,9,201806
11,13,201806
11,40,201806
11,25,201806
11,51,201806
11,97,201806
11,184,201806
11,72,201806
11,121,201806
11,1015,201806
11,60,201806
11,113,201806
11,1169,201806
11,154,201806
11,177,201806
11,27,201806
11,4,201806
11,31,201806
11,2,201806
11,88,201806
11,112,201806
11,137,201806
11,92,201806
11,136,201806
11,214,201806
11,133,201806
11,548,201806
11,111,201806
11,86,201806
11,330,201806
11,248,201806
11,132,201806
11,131,201806
11,33,201806
11,17,201806
11,28,201806
11,1712,201806
11,110,201806
11,238,201806
11,53,201806
11,317,201806
11,147,201806
11,303,201806
11,84,201806
11,213,201806
11,223,201806
11,164,201806
11,70,201806
11,77,201806
11,19,201806
11,21,201806
11,781,201806
11,274,201806
11,30,201806
11,64,201806
11,150,201806
11,59,201806
11,22,201806
11,83,201806
11,29,201806
11,89,201806
11,14,201806
11,135,201806
11,32,201806
12,107,201806
12,143,201806
12,401,201806
12,544,201806
12,15,201806
12,146,201806
12,154,201806
12,167,201806
12,862,201806
12,728,201806
12,502,201806
12,160,201806
12,40,201806
12,180,201806
12,303,201806
12,81,201806
12,32,201806
12,35,201806
12,132,201806
12,96,201806
12,51,201806
12,46,201806
12,77,201806
12,124,201806
12,26,201806
12,57,201806
12,80,201806
12,13,201806
12,21,201806
12,393,201806
12,22,201806
12,48,201806
12,19,201806
12,18,201806
12,102,201806
12,175,201806
12,45,201806
12,133,201806
12,113,201806
12,310,201806
12,247,201806
12,2,201806
12,139,201806
12,85,201806
12,0,201806
12,4,201806
12,83,201806
12,510,201806
12,115,201806
12,31,201806
12,97,201806
12,33,201806
12,20,201806
12,29,201806
12,6,201806
12,73,201806
12,16,201806
12,14,201806
12,112,201806
12,11,201806
12,136,201806
12,28,201806
12,108,201806
12,10,201806
12,1227,201806
12,25,201806
12,375,201806
12,266,201806
12,60,201806
12,99,201806
12,17,201806
12,274,201806
12,92,201806
12,1,201806
12,137,201806
12,135,201806
13,137,201806
13,19,201806
13,143,201806
13,282,201806
13,6,201806
13,85,201806
13,16,201806
13,26,201806
13,54,201806
13,146,201806
13,102,201806
13,77,201806
13,160,201806
13,36,201806
13,208,201806
13,2094,201806
13,349,201806
13,782,201806
13,444,201806
13,32,201806
13,64,201806
13,34,201806
13,35,201806
13,9,201806
13,100,201806
13,297,201806
13,40,201806
13,48,201806
13,45,201806
13,107,201806
13,69,201806
13,51,201806
13,183,201806
13,38,201806
13,132,201806
13,181,201806
13,142,201806
13,115,201806
13,149,201806
13,18,201806
13,60,201806
13,57,201806
13,133,201806
13,1366,201806
13,120,201806
13,89,201806
13,20,201806
13,320,201806
13,135,201806
13,17,201806
13,14,201806
13,10,201806
13,96,201806
13,139,201806
13,29,201806
13,108,201806
13,5,201806
13,80,201806
13,112,201806
13,4,201806
13,12,201806
13,81,201806
13,11,201806
13,78,201806
13,28,201806
13,313,201806
13,59,201806
13,2,201806
13,83,201806
13,1118,201806
13,360,201806
13,180,201806
13,766,201806
13,99,201806
13,896,201806
13,996,201806
13,283,201806
13,176,201806
13,0,201806
13,1,201806
13,995,201806
13,126,201806
13,31,201806
13,1417,201806
13,27,201806
13,117,201806
13,97,201806
13,21,201806
13,92,201806
13,121,201806
13,274,201806
13,46,201806
13,136,201806
13,129,201806
13,154,201806
13,25,201806
14,26,201806
14,19,201806
14,180,201806
14,64,201806
14,143,201806
14,6,201806
14,77,201806
14,146,201806
14,21,201806
14,4,201806
14,79,201806
14,25,201806
14,18,201806
14,108,201806
14,23,201806
14,45,201806
14,160,201806
14,799,201806
14,135,201806
14,22,201806
14,28,201806
14,672,201806
14,51,201806
14,107,201806
14,102,201806
14,31,201806
14,69,201806
14,133,201806
14,444,201806
14,57,201806
14,115,201806
14,124,201806
14,12,201806
14,183,201806
14,165,201806
14,97,201806
14,72,201806
14,20,201806
14,156,201806
14,32,201806
14,29,201806
14,96,201806
14,116,201806
14,99,201806
14,346,201806
14,369,201806
14,549,201806
14,46,201806
14,13,201806
14,9,201806
14,81,201806
14,449,201806
14,247,201806
14,1020,201806
14,523,201806
14,375,201806
14,175,201806
14,373,201806
14,83,201806
14,355,201806
14,101,201806
14,129,201806
14,237,201806
14,398,201806
14,78,201806
14,59,201806
14,1366,201806
14,48,201806
14,181,201806
14,17,201806
14,60,201806
14,80,201806
14,5,201806
14,136,201806
14,112,201806
14,0,201806
14,137,201806
14,10,201806
14,320,201806
14,11,201806
14,85,201806
14,40,201806
14,1,201806
14,36,201806
14,54,201806
14,27,201806
14,2,201806
14,16,201806
14,117,201806
14,100,201806
14,134,201806
14,35,201806
14,139,201806
14,119,201806
14,38,201806
14,154,201806
14,92,201806
14,274,201806
14,142,201806
14,155,201806
14,52,201806
15,183,201806
15,132,201806
15,143,201806
15,8,201806
15,26,201806
15,27,201806
15,77,201806
15,146,201806
15,138,201806
15,160,201806
15,131,201806
15,29,201806
15,136,201806
15,346,201806
15,97,201806
15,32,201806
15,18,201806
15,17,201806
15,10,201806
15,375,201806
15,266,201806
15,1250,201806
15,1227,201806
15,46,201806
15,137,201806
16,81,201806
16,206,201806
16,120,201806
16,35,201806
16,154,201806
16,138,201806
16,29,201806
16,117,201806
16,77,201806
16,10,201806
16,143,201806
16,362,201806
16,6,201806
16,281,201806
16,160,201806
16,133,201806
16,544,201806
16,354,201806
16,129,201806
16,96,201806
16,149,201806
16,23,201806
16,113,201806
16,80,201806
16,46,201806
16,57,201806
16,36,201806
16,21,201806
16,12,201806
16,39,201806
16,5,201806
16,18,201806
16,108,201806
16,0,201806
16,13,201806
16,99,201806
16,9,201806
16,28,201806
16,45,201806
16,38,201806
16,11,201806
16,156,201806
16,48,201806
16,72,201806
16,20,201806
16,1366,201806
16,64,201806
16,182,201806
16,85,201806
16,19,201806
16,274,201806
16,17,201806
16,2,201806
16,83,201806
16,341,201806
16,100,201806
16,4,201806
16,54,201806
16,27,201806
16,92,201806
16,25,201806
16,266,201806
16,136,201806
16,60,201806
16,320,201806
16,355,201806
16,52,201806
16,32,201806
16,375,201806
16,1250,201806
16,51,201806
16,1,201806
16,78,201806
16,26,201806
16,59,201806
16,137,201806
16,97,201806
16,139,201806
16,31,201806
16,14,201806
16,135,201806
17,146,201806
17,28,201806
17,137,201806
17,143,201806
17,85,201806
17,52,201806
17,166,201806
17,77,201806
17,0,201806
17,64,201806
17,1227,201806
17,10,201806
17,89,201806
17,4,201806
17,20,201806
17,110,201806
17,274,201806
17,243,201806
17,51,201806
17,245,201806
17,1,201806
17,107,201806
17,675,201806
17,820,201806
17,552,201806
17,6,201806
17,160,201806
17,5,201806
17,29,201806
17,116,201806
17,72,201806
17,7,201806
17,93,201806
17,108,201806
17,181,201806
17,58,201806
17,112,201806
17,25,201806
17,19,201806
17,69,201806
17,444,201806
17,39,201806
17,265,201806
17,149,201806
17,32,201806
17,124,201806
17,81,201806
17,48,201806
17,156,201806
17,285,201806
17,100,201806
17,9,201806
17,57,201806
17,18,201806
17,97,201806
17,26,201806
17,53,201806
17,16,201806
17,35,201806
17,223,201806
17,130,201806
17,83,201806
17,54,201806
17,60,201806
17,86,201806
17,80,201806
17,209,201806
17,183,201806
17,13,201806
17,764,201806
17,493,201806
17,99,201806
17,761,201806
17,164,201806
17,105,201806
17,70,201806
17,30,201806
17,161,201806
17,132,201806
17,177,201806
17,213,201806
17,15,201806
17,781,201806
17,966,201806
17,34,201806
17,544,201806
17,61,201806
17,1649,201806
17,33,201806
17,268,201806
17,184,201806
17,150,201806
17,104,201806
17,169,201806
17,11,201806
17,12,201806
17,222,201806
17,22,201806
17,90,201806
17,303,201806
17,136,201806
17,214,201806
17,96,201806
17,165,201806
17,14,201806
17,189,201806
17,40,201806
17,906,201806
17,2,201806
17,142,201806
17,261,201806
17,819,201806
17,8,201806
17,27,201806
17,154,201806
17,21,201806
17,31,201806
17,92,201806
17,59,201806
17,135,201806
17,46,201806
18,110,201806
18,19,201806
18,138,201806
18,143,201806
18,426,201806
18,423,201806
18,53,201806
18,12,201806
18,6,201806
18,48,201806
18,146,201806
18,32,201806
18,436,201806
18,57,201806
18,233,201806
18,77,201806
18,160,201806
18,54,201806
18,13,201806
18,26,201806
18,221,201806
18,85,201806
18,100,201806
18,444,201806
18,132,201806
18,36,201806
18,51,201806
18,1366,201806
18,92,201806
18,93,201806
18,38,201806
18,20,201806
18,11,201806
18,99,201806
18,58,201806
18,10,201806
18,142,201806
18,124,201806
18,28,201806
18,96,201806
18,45,201806
18,72,201806
18,112,201806
18,113,201806
18,79,201806
18,31,201806
18,81,201806
18,175,201806
18,154,201806
18,156,201806
18,17,201806
18,139,201806
18,354,201806
18,0,201806
18,544,201806
18,242,201806
18,393,201806
18,23,201806
18,60,201806
18,22,201806
18,9,201806
18,102,201806
18,83,201806
18,33,201806
18,69,201806
18,16,201806
18,52,201806
18,46,201806
18,274,201806
18,107,201806
18,136,201806
18,265,201806
18,4,201806
18,5,201806
18,74,201806
18,40,201806
18,29,201806
18,108,201806
18,64,201806
18,7,201806
18,432,201806
18,819,201806
18,133,201806
18,135,201806
18,21,201806
18,1205,201806
18,2,201806
18,341,201806
18,320,201806
18,298,201806
18,269,201806
18,8,201806
18,105,201806
18,270,201806
18,180,201806
18,78,201806
18,120,201806
18,183,201806
18,25,201806
18,84,201806
18,164,201806
18,144,201806
18,169,201806
18,27,201806
18,223,201806
18,15,201806
18,346,201806
18,131,201806
18,159,201806
18,546,201806
18,814,201806
18,276,201806
18,122,201806
18,62,201806
18,61,201806
18,137,201806
18,410,201806
18,119,201806
18,181,201806
18,88,201806
18,65,201806
18,163,201806
18,43,201806
18,285,201806
18,101,201806
18,171,201806
18,407,201806
18,413,201806
18,30,201806
18,430,201806
18,738,201806
18,35,201806
18,170,201806
18,126,201806
18,117,201806
18,66,201806
18,111,201806
18,44,201806
18,177,201806
18,197,201806
18,145,201806
18,125,201806
18,97,201806
18,24,201806
18,34,201806
18,14,201806
18,196,201806
18,89,201806
18,123,201806
18,234,201806
18,1,201806
18,86,201806
18,59,201806
19,455,201806
19,180,201806
19,97,201806
19,52,201806
19,13,201806
19,142,201806
19,39,201806
19,46,201806
19,281,201806
19,121,201806
19,155,201806
19,35,201806
19,18,201806
19,5,201806
19,23,201806
19,29,201806
19,36,201806
19,40,201806
19,83,201806
19,138,201806
19,120,201806
19,143,201806
19,112,201806
19,108,201806
19,85,201806
19,6,201806
19,12,201806
19,146,201806
19,77,201806
19,160,201806
19,64,201806
19,14,201806
19,739,201806
19,444,201806
19,69,201806
19,419,201806
19,132,201806
19,107,201806
19,1366,201806
19,34,201806
19,9,201806
19,80,201806
19,100,201806
19,76,201806
19,28,201806
19,38,201806
19,31,201806
19,342,201806
19,131,201806
19,16,201806
19,165,201806
19,0,201806
19,32,201806
19,20,201806
19,102,201806
19,54,201806
19,27,201806
19,10,201806
19,92,201806
19,51,201806
19,129,201806
19,2,201806
19,26,201806
19,341,201806
19,24,201806
19,63,201806
19,57,201806
19,182,201806
19,59,201806
19,17,201806
19,320,201806
19,1,201806
19,117,201806
19,81,201806
19,101,201806
19,860,201806
19,181,201806
19,25,201806
19,45,201806
19,78,201806
19,278,201806
19,62,201806
19,55,201806
19,156,201806
19,75,201806
19,137,201806
19,192,201806
19,154,201806
19,140,201806
19,899,201806
19,387,201806
19,362,201806
19,139,201806
19,65,201806
19,114,201806
19,99,201806
19,134,201806
19,277,201806
19,119,201806
19,338,201806
19,11,201806
19,195,201806
19,79,201806
19,799,201806
19,126,201806
19,48,201806
19,274,201806
19,205,201806
19,4,201806
19,176,201806
19,136,201806
19,60,201806
19,135,201806
20,6,201806
20,53,201806
20,70,201806
20,74,201806
20,181,201806
20,139,201806
20,2,201806
20,64,201806
20,110,201806
20,35,201806
20,146,201806
20,17,201806
20,25,201806
20,552,201806
20,137,201806
20,160,201806
20,180,201806
20,18,201806
20,5,201806
20,224,201806
20,107,201806
20,4,201806
20,10,201806
20,72,201806
20,135,201806
20,444,201806
20,108,201806
20,27,201806
20,60,201806
20,69,201806
20,22,201806
20,96,201806
20,31,201806
20,32,201806
20,92,201806
20,85,201806
20,26,201806
20,83,201806
20,100,201806
20,77,201806
20,116,201806
20,19,201806
20,99,201806
20,48,201806
20,165,201806
20,12,201806
20,52,201806
20,0,201806
20,28,201806
20,136,201806
20,1,201806
20,97,201806
20,16,201806
20,29,201806
20,9,201806
20,11,201806
20,13,201806
20,40,201806
20,268,201806
20,81,201806
20,164,201806
20,189,201806
20,14,201806
20,86,201806
20,741,201806
20,177,201806
20,303,201806
20,23,201806
20,132,201806
20,131,201806
20,169,201806
20,223,201806
20,544,201806
20,211,201806
20,154,201806
20,819,201806
20,150,201806
20,261,201806
20,183,201806
20,213,201806
20,54,201806
20,8,201806
20,21,201806
20,33,201806
20,866,201806
20,133,201806
20,184,201806
20,89,201806
20,7,201806
20,906,201806
20,761,201806
20,113,201806
20,51,201806
20,214,201806
20,274,201806
20,243,201806
20,59,201806
20,121,201806
20,46,201806
21,80,201806
21,27,201806
21,101,201806
21,79,201806
21,136,201806
21,138,201806
21,108,201806
21,14,201806
21,761,201806
21,736,201806
21,160,201806
21,5,201806
21,866,201806
21,107,201806
21,72,201806
21,755,201806
21,81,201806
21,34,201806
21,77,201806
21,213,201806
21,119,201806
21,100,201806
21,32,201806
21,19,201806
21,13,201806
21,9,201806
21,93,201806
21,16,201806
21,165,201806
21,102,201806
21,18,201806
21,155,201806
21,115,201806
21,40,201806
21,132,201806
21,31,201806
21,26,201806
21,12,201806
21,139,201806
21,99,201806
21,46,201806
21,6,201806
21,143,201806
21,83,201806
21,97,201806
21,96,201806
21,48,201806
21,2,201806
21,54,201806
21,69,201806
21,22,201806
21,0,201806
21,92,201806
21,183,201806
21,11,201806
21,64,201806
21,4,201806
21,7,201806
21,20,201806
21,85,201806
21,60,201806
21,29,201806
21,274,201806
21,154,201806
21,59,201806
21,28,201806
21,89,201806
21,121,201806
21,17,201806
21,51,201806
21,25,201806
21,135,201806
21,1,201806
21,23,201806
21,137,201806
21,113,201806
21,133,201806
21,10,201806
22,137,201806
22,161,201806
22,160,201806
22,149,201806
22,154,201806
22,189,201806
22,113,201806
22,72,201806
22,31,201806
22,115,201806
22,11,201806
22,274,201806
22,27,201806
22,150,201806
22,96,201806
22,18,201806
22,77,201806
22,97,201806
22,81,201806
22,54,201806
22,12,201806
22,85,201806
22,183,201806
22,20,201806
22,112,201806
22,14,201806
22,92,201806
22,19,201806
22,5,201806
22,51,201806
22,25,201806
22,136,201806
22,21,201806
22,1,201806
22,29,201806
22,17,201806
22,46,201806
22,135,201806
22,4,201806
22,28,201806
22,10,201806
23,96,201806
23,110,201806
23,52,201806
23,247,201806
23,30,201806
23,39,201806
23,136,201806
23,137,201806
23,6,201806
23,150,201806
23,89,201806
23,17,201806
23,60,201806
23,501,201806
23,5,201806
23,51,201806
23,19,201806
23,1,201806
23,138,201806
23,143,201806
23,11,201806
23,108,201806
23,28,201806
23,189,201806
23,146,201806
23,327,201806
23,14,201806
23,15,201806
23,46,201806
23,102,201806
23,654,201806
23,65,201806
23,519,201806
23,552,201806
23,211,201806
23,749,201806
23,77,201806
23,348,201806
23,160,201806
23,906,201806
23,863,201806
23,36,201806
23,100,201806
23,54,201806
23,155,201806
23,80,201806
23,45,201806
23,81,201806
23,9,201806
23,31,201806
23,83,201806
23,2,201806
23,20,201806
23,107,201806
23,85,201806
23,97,201806
23,154,201806
23,26,201806
23,183,201806
23,0,201806
23,4,201806
23,27,201806
23,92,201806
23,69,201806
23,274,201806
23,135,201806
23,10,201806
23,112,201806
23,21,201806
24,1099,201806
24,81,201806
24,29,201806
24,27,201806
24,160,201806
24,18,201806
24,136,201806
24,19,201806
24,346,201806
24,32,201806
24,320,201806
24,99,201806
24,25,201806
24,266,201806
24,375,201806
24,1250,201806
24,6,201806
24,64,201806
24,26,201806
24,46,201806
24,137,201806
24,97,201806
25,137,201806
25,138,201806
25,143,201806
25,81,201806
25,53,201806
25,54,201806
25,9,201806
25,64,201806
25,146,201806
25,93,201806
25,0,201806
25,14,201806
25,35,201806
25,23,201806
25,108,201806
25,57,201806
25,552,201806
25,97,201806
25,336,201806
25,77,201806
25,160,201806
25,154,201806
25,1363,201806
25,47,201806
25,188,201806
25,11,201806
25,375,201806
25,27,201806
25,85,201806
25,100,201806
25,45,201806
25,136,201806
25,107,201806
25,86,201806
25,153,201806
25,169,201806
25,96,201806
25,172,201806
25,346,201806
25,544,201806
25,120,201806
25,16,201806
25,111,201806
25,22,201806
25,307,201806
25,132,201806
25,139,201806
25,2,201806
25,78,201806
25,72,201806
25,183,201806
25,38,201806
25,152,201806
25,165,201806
25,80,201806
25,34,201806
25,98,201806
25,181,201806
25,18,201806
25,161,201806
25,36,201806
25,26,201806
25,31,201806
25,75,201806
25,32,201806
25,327,201806
25,24,201806
25,63,201806
25,19,201806
25,39,201806
25,65,201806
25,12,201806
25,1366,201806
25,303,201806
25,118,201806
25,149,201806
25,371,201806
25,104,201806
25,46,201806
25,40,201806
25,355,201806
25,83,201806
25,756,201806
25,216,201806
25,393,201806
25,495,201806
25,335,201806
25,17,201806
25,339,201806
25,124,201806
25,157,201806
25,116,201806
25,58,201806
25,29,201806
25,156,201806
25,115,201806
25,99,201806
25,110,201806
25,101,201806
25,341,201806
25,112,201806
25,28,201806
25,4,201806
25,5,201806
25,6,201806
25,1,201806
25,48,201806
25,21,201806
25,129,201806
25,10,201806
25,89,201806
25,60,201806
25,51,201806
25,113,201806
25,13,201806
25,20,201806
26,221,201806
26,16,201806
26,53,201806
26,24,201806
26,32,201806
26,181,201806
26,54,201806
26,18,201806
26,46,201806
26,97,201806
26,156,201806
26,238,201806
26,224,201806
26,60,201806
26,81,201806
26,100,201806
26,25,201806
26,20,201806
26,51,201806
26,28,201806
26,107,201806
26,139,201806
26,10,201806
26,31,201806
26,129,201806
26,57,201806
26,99,201806
26,137,201806
26,12,201806
26,0,201806
26,65,201806
26,108,201806
26,113,201806
26,143,201806
26,9,201806
26,29,201806
26,19,201806
26,5,201806
26,85,201806
26,270,201806
26,320,201806
26,17,201806
26,237,201806
26,40,201806
26,38,201806
26,544,201806
26,134,201806
26,117,201806
26,1,201806
26,278,201806
26,86,201806
26,83,201806
26,349,201806
26,297,201806
26,45,201806
26,2,201806
26,75,201806
26,154,201806
26,27,201806
26,140,201806
26,94,201806
26,160,201806
26,192,201806
26,136,201806
26,114,201806
26,48,201806
26,131,201806
26,132,201806
26,146,201806
26,39,201806
26,77,201806
26,35,201806
26,101,201806
26,155,201806
26,142,201806
26,76,201806
26,120,201806
26,80,201806
26,55,201806
26,78,201806
26,126,201806
26,64,201806
26,274,201806
26,13,201806
26,36,201806
26,92,201806
26,135,201806
27,161,201806
27,23,201806
27,138,201806
27,143,201806
27,137,201806
27,34,201806
27,15,201806
27,393,201806
27,18,201806
27,552,201806
27,77,201806
27,160,201806
27,180,201806
27,80,201806
27,183,201806
27,52,201806
27,117,201806
27,121,201806
27,131,201806
27,9,201806
27,72,201806
27,115,201806
27,26,201806
27,38,201806
27,327,201806
27,57,201806
27,102,201806
27,6,201806
27,133,201806
27,197,201806
27,36,201806
27,32,201806
27,320,201806
27,46,201806
27,93,201806
27,29,201806
27,60,201806
27,54,201806
27,113,201806
27,81,201806
27,129,201806
27,11,201806
27,45,201806
27,40,201806
27,64,201806
27,16,201806
27,25,201806
27,119,201806
27,165,201806
27,341,201806
27,107,201806
27,21,201806
27,120,201806
27,1366,201806
27,20,201806
27,100,201806
27,136,201806
27,19,201806
27,4,201806
27,112,201806
27,146,201806
27,13,201806
27,139,201806
27,375,201806
27,266,201806
27,1250,201806
27,156,201806
27,51,201806
27,28,201806
27,83,201806
27,35,201806
27,355,201806
27,2,201806
27,85,201806
27,96,201806
27,0,201806
27,48,201806
27,10,201806
27,17,201806
27,99,201806
27,5,201806
27,1,201806
27,108,201806
27,92,201806
27,14,201806
27,154,201806
27,31,201806
27,97,201806
27,274,201806
27,135,201806
28,180,201806
28,23,201806
28,143,201806
28,85,201806
28,53,201806
28,70,201806
28,176,201806
28,9,201806
28,40,201806
28,138,201806
28,1,201806
28,133,201806
28,77,201806
28,493,201806
28,160,201806
28,5,201806
28,7,201806
28,17,201806
28,444,201806
28,52,201806
28,10,201806
28,112,201806
28,119,201806
28,18,201806
28,92,201806
28,115,201806
28,155,201806
28,136,201806
28,13,201806
28,14,201806
28,32,201806
28,19,201806
28,83,201806
28,139,201806
28,26,201806
28,100,201806
28,146,201806
28,134,201806
28,80,201806
28,1366,201806
28,35,201806
28,20,201806
28,16,201806
28,48,201806
28,181,201806
28,34,201806
28,1227,201806
28,195,201806
28,102,201806
28,99,201806
28,142,201806
28,72,201806
28,38,201806
28,69,201806
28,29,201806
28,4,201806
28,81,201806
28,12,201806
28,165,201806
28,33,201806
28,0,201806
28,2,201806
28,222,201806
28,103,201806
28,261,201806
28,27,201806
28,274,201806
28,96,201806
28,819,201806
28,11,201806
28,154,201806
28,183,201806
28,60,201806
28,54,201806
28,243,201806
28,8,201806
28,108,201806
28,137,201806
28,97,201806
28,89,201806
28,6,201806
28,150,201806
28,25,201806
28,21,201806
28,22,201806
28,107,201806
28,59,201806
28,31,201806
28,51,201806
28,64,201806
28,46,201806
28,135,201806
29,19,201806
29,159,201806
29,143,201806
29,221,201806
29,53,201806
29,24,201806
29,58,201806
29,8,201806
29,72,201806
29,101,201806
29,20,201806
29,296,201806
29,110,201806
29,97,201806
29,146,201806
29,137,201806
29,59,201806
29,35,201806
29,3,201806
29,4,201806
29,89,201806
29,17,201806
29,245,201806
29,552,201806
29,6,201806
29,77,201806
29,160,201806
29,54,201806
29,18,201806
29,0,201806
29,5,201806
29,31,201806
29,104,201806
29,278,201806
29,76,201806
29,131,201806
29,61,201806
29,144,201806
29,410,201806
29,181,201806
29,27,201806
29,66,201806
29,40,201806
29,117,201806
29,126,201806
29,154,201806
29,78,201806
29,544,201806
29,14,201806
29,180,201806
29,13,201806
29,118,201806
29,1,201806
29,129,201806
29,12,201806
29,265,201806
29,96,201806
29,80,201806
29,99,201806
29,9,201806
29,102,201806
29,15,201806
29,480,201806
29,52,201806
29,163,201806
29,46,201806
29,270,201806
29,371,201806
29,30,201806
29,39,201806
29,871,201806
29,124,201806
29,114,201806
29,165,201806
29,175,201806
29,85,201806
29,65,201806
29,55,201806
29,134,201806
29,320,201806
29,16,201806
29,730,201806
29,100,201806
29,298,201806
29,1205,201806
29,38,201806
29,57,201806
29,251,201806
29,44,201806
29,2,201806
29,34,201806
29,69,201806
29,28,201806
29,193,201806
29,86,201806
29,156,201806
29,314,201806
29,79,201806
29,224,201806
29,490,201806
29,32,201806
29,198,201806
29,170,201806
29,205,201806
29,769,201806
29,94,201806
29,83,201806
29,132,201806
29,394,201806
29,213,201806
29,155,201806
29,81,201806
29,74,201806
29,176,201806
29,145,201806
29,1065,201806
29,522,201806
29,540,201806
29,722,201806
29,45,201806
29,43,201806
29,122,201806
29,152,201806
29,125,201806
29,150,201806
29,164,201806
29,84,201806
29,140,201806
29,182,201806
29,36,201806
29,75,201806
29,420,201806
29,271,201806
29,183,201806
29,443,201806
29,22,201806
29,422,201806
29,197,201806
29,379,201806
29,157,201806
29,192,201806
29,276,201806
29,233,201806
29,174,201806
29,752,201806
29,63,201806
29,362,201806
29,111,201806
29,171,201806
29,269,201806
29,120,201806
29,107,201806
29,169,201806
29,292,201806
29,142,201806
29,303,201806
29,267,201806
29,242,201806
29,208,201806
29,223,201806
29,196,201806
29,25,201806
29,136,201806
29,21,201806
29,119,201806
29,48,201806
29,51,201806
29,285,201806
29,237,201806
29,139,201806
29,108,201806
29,11,201806
29,60,201806
29,10,201806
29,112,201806
29,7,201806
29,62,201806
29,26,201806
29,113,201806
29,64,201806
30,247,201806
30,183,201806
30,136,201806
30,23,201806
30,31,201806
30,61,201806
30,84,201806
30,160,201806
30,11,201806
30,12,201806
30,59,201806
30,346,201806
30,29,201806
30,776,201806
30,1090,201806
30,753,201806
30,754,201806
30,783,201806
30,4,201806
30,51,201806
30,17,201806
30,10,201806
30,1227,201806
30,137,201806
30,18,201806
31,64,201806
31,19,201806
31,6,201806
31,160,201806
31,146,201806
31,77,201806
31,65,201806
31,453,201806
31,320,201806
31,101,201806
31,141,201806
31,1440,201806
31,1483,201806
31,69,201806
31,157,201806
31,14,201806
31,161,201806
31,1335,201806
31,181,201806
31,188,201806
31,85,201806
31,104,201806
31,183,201806
31,1471,201806
31,72,201806
31,97,201806
31,18,201806
31,165,201806
31,149,201806
31,9,201806
31,4,201806
31,124,201806
31,129,201806
31,38,201806
31,142,201806
31,46,201806
31,119,201806
31,143,201806
31,29,201806
31,120,201806
31,133,201806
31,117,201806
31,12,201806
31,107,201806
31,93,201806
31,96,201806
31,113,201806
31,136,201806
31,112,201806
31,935,201806
31,180,201806
31,102,201806
31,23,201806
31,346,201806
31,20,201806
31,139,201806
31,115,201806
31,341,201806
31,59,201806
31,21,201806
31,155,201806
31,34,201806
31,60,201806
31,318,201806
31,52,201806
31,25,201806
31,51,201806
31,11,201806
31,137,201806
31,355,201806
31,375,201806
31,126,201806
31,32,201806
31,78,201806
31,13,201806
31,35,201806
31,99,201806
31,543,201806
31,1250,201806
31,83,201806
31,285,201806
31,10,201806
31,26,201806
31,48,201806
31,5,201806
31,45,201806
31,40,201806
31,81,201806
31,2,201806
31,156,201806
31,17,201806
31,28,201806
31,54,201806
31,1366,201806
31,100,201806
31,0,201806
31,154,201806
31,16,201806
31,1,201806
31,27,201806
31,92,201806
31,274,201806
31,108,201806
31,135,201806
32,22,201806
32,19,201806
32,138,201806
32,110,201806
32,26,201806
32,146,201806
32,18,201806
32,4,201806
32,143,201806
32,54,201806
32,6,201806
32,77,201806
32,281,201806
32,160,201806
32,180,201806
32,51,201806
32,1366,201806
32,72,201806
32,133,201806
32,20,201806
32,5,201806
32,52,201806
32,13,201806
32,135,201806
32,36,201806
32,48,201806
32,124,201806
32,9,201806
32,112,201806
32,12,201806
32,139,201806
32,107,201806
32,85,201806
32,27,201806
32,17,201806
32,45,201806
32,208,201806
32,34,201806
32,1088,201806
32,100,201806
32,156,201806
32,40,201806
32,136,201806
32,83,201806
32,99,201806
32,178,201806
32,2,201806
32,64,201806
32,346,201806
32,11,201806
32,0,201806
32,28,201806
32,120,201806
32,25,201806
32,60,201806
32,92,201806
32,65,201806
32,108,201806
32,224,201806
32,142,201806
32,24,201806
32,29,201806
32,129,201806
32,165,201806
32,134,201806
32,176,201806
32,102,201806
32,137,201806
32,89,201806
32,341,201806
32,320,201806
32,57,201806
32,15,201806
32,43,201806
32,46,201806
32,182,201806
32,74,201806
32,31,201806
32,814,201806
32,181,201806
32,545,201806
32,81,201806
32,80,201806
32,117,201806
32,101,201806
32,546,201806
32,119,201806
32,55,201806
32,155,201806
32,58,201806
32,131,201806
32,16,201806
32,242,201806
32,440,201806
32,35,201806
32,75,201806
32,171,201806
32,276,201806
32,76,201806
32,78,201806
32,270,201806
32,159,201806
32,195,201806
32,44,201806
32,38,201806
32,163,201806
32,126,201806
32,285,201806
32,62,201806
32,205,201806
32,79,201806
32,338,201806
32,332,201806
32,429,201806
32,198,201806
32,362,201806
32,170,201806
32,274,201806
32,14,201806
32,10,201806
32,59,201806
32,154,201806
32,113,201806
32,132,201806
32,66,201806
32,206,201806
32,1,201806
32,97,201806
33,1,201806
33,51,201806
33,214,201806
33,28,201806
33,6,201806
33,336,201806
33,115,201806
33,107,201806
33,12,201806
33,1169,201806
33,132,201806
33,17,201806
33,5,201806
33,112,201806
33,1227,201806
33,11,201806
33,10,201806
33,136,201806
33,20,201806
33,4,201806
34,136,201806
34,27,201806
34,143,201806
34,552,201806
34,72,201806
34,588,201806
34,70,201806
34,160,201806
34,45,201806
34,21,201806
34,81,201806
34,17,201806
34,5,201806
34,51,201806
34,4,201806
34,16,201806
34,96,201806
34,54,201806
34,31,201806
34,0,201806
34,48,201806
34,60,201806
34,69,201806
34,135,201806
34,83,201806
34,112,201806
34,32,201806
34,137,201806
34,14,201806
34,28,201806
34,13,201806
34,133,201806
34,25,201806
34,29,201806
34,10,201806
34,266,201806
34,1227,201806
34,4,201806
34,136,201806
34,1,201806
34,29,201806
34,10,201806
34,25,201806
34,18,201806
34,154,201806
34,137,201806
34,97,201806
35,97,201806
35,46,201806
35,0,201806
35,39,201806
35,48,201806
35,19,201806
35,143,201806
35,129,201806
35,146,201806
35,8,201806
35,60,201806
35,1250,201806
35,375,201806
35,266,201806
35,31,201806
35,110,201806
35,59,201806
35,281,201806
35,1,201806
35,339,201806
35,72,201806
35,393,201806
35,327,201806
35,167,201806
35,64,201806
35,25,201806
35,161,201806
35,2,201806
35,14,201806
35,17,201806
35,29,201806
35,77,201806
35,175,201806
35,108,201806
35,178,201806
35,1227,201806
35,16,201806
35,32,201806
35,160,201806
35,154,201806
35,1413,201806
35,119,201806
35,1088,201806
35,860,201806
35,444,201806
35,81,201806
35,892,201806
35,83,201806
35,118,201806
35,36,201806
35,53,201806
35,250,201806
35,120,201806
35,78,201806
35,136,201806
35,76,201806
35,40,201806
35,12,201806
35,73,201806
35,26,201806
35,38,201806
35,45,201806
35,27,201806
35,100,201806
35,80,201806
35,156,201806
35,18,201806
35,85,201806
35,41,201806
35,20,201806
35,52,201806
35,28,201806
35,769,201806
35,4,201806
35,173,201806
35,172,201806
35,6,201806
35,10,201806
35,13,201806
35,99,201806
35,137,201806
36,35,201806
36,139,201806
36,143,201806
36,512,201806
36,60,201806
36,160,201806
36,57,201806
36,17,201806
36,208,201806
36,1445,201806
36,285,201806
36,78,201806
36,5,201806
36,136,201806
36,1,201806
36,77,201806
36,466,201806
36,274,201806
36,10,201806
36,102,201806
36,92,201806
36,13,201806
36,40,201806
36,16,201806
36,64,201806
36,52,201806
36,178,201806
36,341,201806
36,81,201806
36,99,201806
36,48,201806
36,25,201806
36,108,201806
36,59,201806
36,6,201806
36,29,201806
36,119,201806
36,32,201806
36,97,201806
36,137,201806
36,14,201806
36,19,201806
36,26,201806
36,46,201806
37,16,201806
37,1,201806
38,154,201806
38,120,201806
38,77,201806
38,101,201806
38,160,201806
38,1209,201806
38,155,201806
38,129,201806
38,72,201806
38,85,201806
38,52,201806
38,54,201806
38,347,201806
38,117,201806
38,338,201806
38,172,201806
38,112,201806
38,11,201806
38,48,201806
38,17,201806
38,0,201806
38,2,201806
38,80,201806
38,16,201806
38,274,201806
38,4,201806
38,180,201806
38,99,201806
38,13,201806
38,21,201806
38,92,201806
38,45,201806
38,19,201806
38,81,201806
38,178,201806
38,27,201806
38,10,201806
38,64,201806
38,28,201806
38,1,201806
38,102,201806
38,26,201806
38,25,201806
38,29,201806
38,46,201806
38,100,201806
38,136,201806
38,18,201806
38,375,201806
38,266,201806
38,6,201806
38,35,201806
38,59,201806
38,32,201806
38,60,201806
38,135,201806
38,137,201806
38,14,201806
38,97,201806
39,137,201806
39,100,201806
39,501,201806
39,5,201806
39,23,201806
39,19,201806
39,143,201806
39,339,201806
39,533,201806
39,77,201806
39,160,201806
39,320,201806
39,2,201806
39,81,201806
39,26,201806
39,346,201806
39,4,201806
39,29,201806
39,99,201806
39,46,201806
39,97,201806
39,25,201806
39,64,201806
40,35,201806
40,19,201806
40,143,201806
40,14,201806
40,77,201806
40,26,201806
40,131,201806
40,16,201806
40,65,201806
40,160,201806
40,205,201806
40,1361,201806
40,900,201806
40,1363,201806
40,332,201806
40,142,201806
40,81,201806
40,12,201806
40,38,201806
40,139,201806
40,529,201806
40,72,201806
40,36,201806
40,208,201806
40,486,201806
40,453,201806
40,21,201806
40,60,201806
40,155,201806
40,97,201806
40,5,201806
40,45,201806
40,124,201806
40,83,201806
40,4,201806
40,1862,201806
40,458,201806
40,57,201806
40,176,201806
40,74,201806
40,163,201806
40,159,201806
40,100,201806
40,2,201806
40,102,201806
40,9,201806
40,112,201806
40,93,201806
40,1366,201806
40,11,201806
40,133,201806
40,54,201806
40,444,201806
40,20,201806
40,13,201806
40,18,201806
40,85,201806
40,80,201806
40,51,201806
40,113,201806
40,347,201806
40,146,201806
40,6,201806
40,32,201806
40,52,201806
40,17,201806
40,1020,201806
40,29,201806
40,180,201806
40,46,201806
40,1022,201806
40,449,201806
40,341,201806
40,59,201806
40,373,201806
40,549,201806
40,1086,201806
40,523,201806
40,369,201806
40,28,201806
40,27,201806
40,0,201806
40,99,201806
40,94,201806
40,355,201806
40,266,201806
40,78,201806
40,25,201806
40,64,201806
40,136,201806
40,137,201806
40,320,201806
40,1250,201806
40,375,201806
40,10,201806
40,48,201806
40,274,201806
40,92,201806
40,1,201806
40,154,201806
40,31,201806
40,108,201806
40,135,201806
41,60,201806
41,160,201806
41,36,201806
41,137,201806
41,99,201806
41,108,201806
41,48,201806
41,97,201806
41,35,201806
41,46,201806
43,54,201806
43,160,201806
43,131,201806
43,97,201806
43,1169,201806
43,32,201806
43,29,201806
43,136,201806
43,266,201806
43,10,201806
43,375,201806
43,1227,201806
43,18,201806
44,74,201806
44,54,201806
44,131,201806
44,10,201806
44,1169,201806
44,346,201806
44,29,201806
44,32,201806
44,18,201806
45,14,201806
45,24,201806
45,37,201806
45,110,201806
45,1044,201806
45,207,201806
45,35,201806
45,552,201806
45,533,201806
45,69,201806
45,39,201806
45,1130,201806
45,99,201806
45,143,201806
45,165,201806
45,139,201806
45,32,201806
45,0,201806
45,17,201806
45,131,201806
45,112,201806
45,96,201806
45,180,201806
45,85,201806
45,13,201806
45,60,201806
45,81,201806
45,102,201806
45,48,201806
45,5,201806
45,1,201806
45,4,201806
45,12,201806
45,51,201806
45,25,201806
45,97,201806
45,19,201806
45,64,201806
45,10,201806
45,16,201806
45,6,201806
45,26,201806
45,29,201806
45,40,201806
45,77,201806
45,46,201806
45,146,201806
45,274,201806
45,137,201806
45,59,201806
45,136,201806
45,285,201806
45,154,201806
45,92,201806
45,31,201806
45,135,201806
46,97,201806
46,5,201806
46,19,201806
46,143,201806
46,30,201806
46,237,201806
46,23,201806
46,146,201806
46,39,201806
46,76,201806
46,35,201806
46,62,201806
46,77,201806
46,160,201806
46,78,201806
46,93,201806
46,134,201806
46,28,201806
46,85,201806
46,51,201806
46,16,201806
46,81,201806
46,4,201806
46,72,201806
46,12,201806
46,2,201806
46,26,201806
46,102,201806
46,181,201806
46,154,201806
46,116,201806
46,40,201806
46,1,201806
46,48,201806
46,69,201806
46,136,201806
46,132,201806
46,13,201806
46,108,201806
46,60,201806
46,297,201806
46,10,201806
46,21,201806
46,27,201806
46,178,201806
46,14,201806
46,250,201806
46,1254,201806
46,53,201806
46,6,201806
46,25,201806
46,158,201806
46,157,201806
46,703,201806
46,860,201806
46,180,201806
46,266,201806
46,32,201806
46,374,201806
46,38,201806
46,95,201806
46,782,201806
46,18,201806
46,111,201806
46,98,201806
46,173,201806
46,342,201806
46,29,201806
46,99,201806
46,813,201806
46,45,201806
46,797,201806
46,52,201806
46,114,201806
46,58,201806
46,141,201806
46,106,201806
46,192,201806
46,59,201806
46,0,201806
46,100,201806
46,278,201806
46,156,201806
46,63,201806
46,198,201806
46,31,201806
46,285,201806
46,159,201806
46,66,201806
46,175,201806
46,188,201806
46,341,201806
46,799,201806
46,83,201806
46,117,201806
46,22,201806
46,769,201806
46,1366,201806
46,15,201806
46,104,201806
46,744,201806
46,131,201806
46,55,201806
46,126,201806
46,9,201806
46,320,201806
46,224,201806
46,152,201806
46,458,201806
46,445,201806
46,274,201806
46,11,201806
46,112,201806
46,208,201806
46,176,201806
46,79,201806
46,41,201806
46,124,201806
46,544,201806
46,92,201806
46,65,201806
46,73,201806
46,355,201806
46,155,201806
46,94,201806
46,182,201806
46,82,201806
46,120,201806
46,75,201806
46,135,201806
46,24,201806
46,54,201806
46,287,201806
46,64,201806
46,140,201806
46,80,201806
46,101,201806
46,57,201806
46,142,201806
46,129,201806
46,139,201806
46,36,201806
46,20,201806
46,17,201806
46,137,201806
47,25,201806
47,31,201806
47,32,201806
47,2,201806
47,1366,201806
47,124,201806
47,160,201806
47,10,201806
47,135,201806
47,116,201806
47,108,201806
47,28,201806
47,149,201806
47,137,201806
47,0,201806
47,341,201806
47,274,201806
47,92,201806
48,20,201806
48,143,201806
48,517,201806
48,13,201806
48,32,201806
48,77,201806
48,35,201806
48,36,201806
48,320,201806
48,1250,201806
48,375,201806
48,266,201806
48,129,201806
48,6,201806
48,769,201806
48,160,201806
48,768,201806
48,72,201806
48,80,201806
48,133,201806
48,18,201806
48,149,201806
48,12,201806
48,107,201806
48,108,201806
48,463,201806
48,21,201806
48,274,201806
48,89,201806
48,23,201806
48,183,201806
48,46,201806
48,38,201806
48,58,201806
48,28,201806
48,115,201806
48,86,201806
48,9,201806
48,113,201806
48,34,201806
48,51,201806
48,16,201806
48,4,201806
48,116,201806
48,155,201806
48,17,201806
48,5,201806
48,120,201806
48,112,201806
48,78,201806
48,117,201806
48,96,201806
48,60,201806
48,341,201806
48,165,201806
48,1,201806
48,54,201806
48,63,201806
48,2,201806
48,83,201806
48,815,201806
48,41,201806
48,434,201806
48,281,201806
48,26,201806
48,79,201806
48,126,201806
48,710,201806
48,173,201806
48,57,201806
48,45,201806
48,195,201806
48,334,201806
48,65,201806
48,119,201806
48,101,201806
48,14,201806
48,64,201806
48,81,201806
48,40,201806
48,316,201806
48,31,201806
48,0,201806
48,85,201806
48,52,201806
48,29,201806
48,10,201806
48,180,201806
48,102,201806
48,121,201806
48,194,201806
48,142,201806
48,11,201806
48,172,201806
48,146,201806
48,19,201806
48,1430,201806
48,27,201806
48,237,201806
48,100,201806
48,208,201806
48,136,201806
48,25,201806
48,97,201806
48,99,201806
48,154,201806
48,178,201806
48,92,201806
48,137,201806
48,59,201806
48,135,201806
49,69,201806
49,806,201806
49,51,201806
50,69,201806
50,177,201806
50,4,201806
51,110,201806
51,69,201806
51,27,201806
51,23,201806
51,143,201806
51,79,201806
51,142,201806
51,4,201806
51,215,201806
51,184,201806
51,1196,201806
51,741,201806
51,795,201806
51,214,201806
51,33,201806
51,552,201806
51,77,201806
51,160,201806
51,5,201806
51,72,201806
51,317,201806
51,46,201806
51,13,201806
51,38,201806
51,157,201806
51,18,201806
51,58,201806
51,12,201806
51,107,201806
51,81,201806
51,32,201806
51,64,201806
51,85,201806
51,10,201806
51,34,201806
51,16,201806
51,40,201806
51,165,201806
51,19,201806
51,11,201806
51,6,201806
51,54,201806
51,83,201806
51,2,201806
51,108,201806
51,31,201806
51,213,201806
51,97,201806
51,117,201806
51,268,201806
51,60,201806
51,150,201806
51,121,201806
51,113,201806
51,49,201806
51,133,201806
51,183,201806
51,177,201806
51,274,201806
51,164,201806
51,8,201806
51,223,201806
51,189,201806
51,112,201806
51,30,201806
51,96,201806
51,819,201806
51,222,201806
51,86,201806
51,14,201806
51,59,201806
51,29,201806
51,1,201806
51,99,201806
51,137,201806
51,92,201806
51,154,201806
51,7,201806
51,89,201806
51,17,201806
51,20,201806
51,136,201806
51,21,201806
51,28,201806
51,135,201806
51,25,201806
52,206,201806
52,160,201806
52,102,201806
52,180,201806
52,13,201806
52,142,201806
52,6,201806
52,19,201806
52,138,201806
52,143,201806
52,32,201806
52,181,201806
52,54,201806
52,23,201806
52,117,201806
52,293,201806
52,77,201806
52,40,201806
52,11,201806
52,154,201806
52,81,201806
52,119,201806
52,80,201806
52,92,201806
52,100,201806
52,51,201806
52,28,201806
52,85,201806
52,96,201806
52,0,201806
52,129,201806
52,17,201806
52,274,201806
52,5,201806
52,27,201806
52,45,201806
52,146,201806
52,97,201806
52,1,201806
52,31,201806
52,18,201806
52,29,201806
52,83,201806
52,64,201806
52,16,201806
52,59,201806
52,139,201806
52,46,201806
52,99,201806
52,20,201806
52,36,201806
52,48,201806
52,108,201806
52,35,201806
52,136,201806
52,10,201806
52,320,201806
52,60,201806
52,137,201806
52,135,201806
52,14,201806
53,136,201806
53,85,201806
53,132,201806
53,26,201806
53,28,201806
53,20,201806
53,113,201806
53,35,201806
53,143,201806
53,70,201806
53,160,201806
53,72,201806
53,346,201806
53,137,201806
53,25,201806
53,29,201806
53,97,201806
53,4,201806
53,18,201806
53,64,201806
53,11,201806
53,2,201806
53,17,201806
53,60,201806
53,1,201806
53,10,201806
54,143,201806
54,25,201806
54,29,201806
54,15,201806
54,146,201806
54,420,201806
54,131,201806
54,43,201806
54,422,201806
54,44,201806
54,440,201806
54,814,201806
54,77,201806
54,160,201806
54,276,201806
54,430,201806
54,81,201806
54,115,201806
54,18,201806
54,156,201806
54,21,201806
54,2,201806
54,22,201806
54,134,201806
54,142,201806
54,180,201806
54,129,201806
54,113,201806
54,57,201806
54,9,201806
54,11,201806
54,85,201806
54,69,201806
54,32,201806
54,892,201806
54,247,201806
54,19,201806
54,40,201806
54,5,201806
54,96,201806
54,38,201806
54,274,201806
54,83,201806
54,107,201806
54,0,201806
54,139,201806
54,133,201806
54,136,201806
54,60,201806
54,135,201806
54,102,201806
54,64,201806
54,178,201806
54,341,201806
54,48,201806
54,137,201806
54,1169,201806
54,16,201806
54,6,201806
54,13,201806
54,375,201806
54,51,201806
54,1250,201806
54,10,201806
54,266,201806
54,26,201806
54,4,201806
54,20,201806
54,17,201806
54,92,201806
54,28,201806
54,108,201806
54,27,201806
54,1,201806
54,99,201806
54,154,201806
54,46,201806
54,97,201806
54,31,201806
54,14,201806
55,297,201806
55,208,201806
55,160,201806
55,134,201806
55,126,201806
55,143,201806
55,444,201806
55,125,201806
55,45,201806
55,64,201806
55,43,201806
55,29,201806
55,6,201806
55,32,201806
55,99,201806
55,19,201806
55,97,201806
55,46,201806
55,59,201806
55,26,201806
57,143,201806
57,1099,201806
57,530,201806
57,282,201806
57,35,201806
57,339,201806
57,552,201806
57,77,201806
57,160,201806
57,2,201806
57,124,201806
57,40,201806
57,36,201806
57,64,201806
57,126,201806
57,739,201806
57,274,201806
57,27,201806
57,26,201806
57,54,201806
57,60,201806
57,18,201806
57,108,201806
57,79,201806
57,136,201806
57,0,201806
57,48,201806
57,13,201806
57,341,201806
57,29,201806
57,19,201806
57,6,201806
57,97,201806
57,32,201806
57,99,201806
57,25,201806
57,375,201806
57,266,201806
57,137,201806
57,46,201806
58,143,201806
58,188,201806
58,31,201806
58,35,201806
58,80,201806
58,160,201806
58,40,201806
58,224,201806
58,64,201806
58,29,201806
58,99,201806
58,97,201806
58,46,201806
58,32,201806
58,137,201806
58,136,201806
58,25,201806
59,138,201806
59,143,201806
59,126,201806
59,146,201806
59,110,201806
59,35,201806
59,29,201806
59,77,201806
59,160,201806
59,782,201806
59,208,201806
59,181,201806
59,25,201806
59,117,201806
59,108,201806
59,27,201806
59,97,201806
59,12,201806
59,51,201806
59,17,201806
59,78,201806
59,31,201806
59,96,201806
59,13,201806
59,99,201806
59,19,201806
59,81,201806
59,83,201806
59,36,201806
59,40,201806
59,334,201806
59,313,201806
59,46,201806
59,114,201806
59,14,201806
59,137,201806
59,45,201806
59,38,201806
59,349,201806
59,16,201806
59,0,201806
59,112,201806
59,136,201806
59,55,201806
59,217,201806
59,94,201806
59,2,201806
59,107,201806
59,1,201806
59,82,201806
59,120,201806
59,32,201806
59,5,201806
59,133,201806
59,85,201806
59,64,201806
59,92,201806
59,10,201806
59,11,201806
59,134,201806
59,21,201806
59,172,201806
59,100,201806
59,297,201806
59,28,201806
59,60,201806
59,4,201806
59,139,201806
59,89,201806
59,194,201806
59,121,201806
59,142,201806
59,18,201806
59,20,201806
59,129,201806
59,48,201806
60,39,201806
60,48,201806
60,27,201806
60,35,201806
60,23,201806
60,143,201806
60,108,201806
60,13,201806
60,393,201806
60,70,201806
60,77,201806
60,36,201806
60,139,201806
60,266,201806
60,146,201806
60,124,201806
60,160,201806
60,41,201806
60,40,201806
60,2,201806
60,156,201806
60,18,201806
60,107,201806
60,133,201806
60,115,201806
60,134,201806
60,100,201806
60,1254,201806
60,85,201806
60,183,201806
60,34,201806
60,26,201806
60,80,201806
60,1,201806
60,116,201806
60,113,201806
60,51,201806
60,20,201806
60,4,201806
60,32,201806
60,28,201806
60,93,201806
60,54,201806
60,370,201806
60,181,201806
60,165,201806
60,31,201806
60,154,201806
60,99,201806
60,11,201806
60,136,201806
60,182,201806
60,72,201806
60,5,201806
60,16,201806
60,9,201806
60,17,201806
60,96,201806
60,12,201806
60,132,201806
60,769,201806
60,81,201806
60,64,201806
60,142,201806
60,334,201806
60,83,201806
60,195,201806
60,0,201806
60,120,201806
60,126,201806
60,117,201806
60,53,201806
60,46,201806
60,97,201806
60,180,201806
60,14,201806
60,21,201806
60,112,201806
60,285,201806
60,316,201806
60,38,201806
60,155,201806
60,102,201806
60,75,201806
60,217,201806
60,10,201806
60,6,201806
60,119,201806
60,29,201806
60,129,201806
60,52,201806
60,59,201806
60,194,201806
60,208,201806
60,19,201806
60,178,201806
60,25,201806
60,137,201806
60,274,201806
60,92,201806
60,135,201806
61,143,201806
61,111,201806
61,407,201806
61,160,201806
61,415,201806
61,320,201806
61,29,201806
61,346,201806
61,136,201806
61,17,201806
61,266,201806
61,375,201806
61,18,201806
61,1,201806
61,10,201806
61,1227,201806
61,97,201806
61,137,201806
62,66,201806
62,143,201806
62,146,201806
62,339,201806
62,124,201806
62,160,201806
62,101,201806
62,44,201806
62,137,201806
62,6,201806
62,320,201806
62,18,201806
62,19,201806
62,1227,201806
62,1250,201806
62,266,201806
62,375,201806
62,46,201806
62,32,201806
62,97,201806
62,29,201806
63,35,201806
63,62,201806
63,140,201806
63,19,201806
63,48,201806
63,320,201806
63,97,201806
63,99,201806
63,25,201806
63,46,201806
63,64,201806
63,29,201806
64,143,201806
64,96,201806
64,221,201806
64,53,201806
64,77,201806
64,26,201806
64,160,201806
64,12,201806
64,35,201806
64,129,201806
64,10,201806
64,14,201806
64,6,201806
64,165,201806
64,1358,201806
64,16,201806
64,208,201806
64,81,201806
64,21,201806
64,419,201806
64,444,201806
64,59,201806
64,17,201806
64,135,201806
64,0,201806
64,28,201806
64,46,201806
64,100,201806
64,161,201806
64,2,201806
64,55,201806
64,92,201806
64,79,201806
64,97,201806
64,102,201806
64,146,201806
64,57,201806
64,38,201806
64,108,201806
64,18,201806
64,490,201806
64,78,201806
64,375,201806
64,45,201806
64,32,201806
64,51,201806
64,85,201806
64,54,201806
64,163,201806
64,274,201806
64,342,201806
64,181,201806
64,58,201806
64,120,201806
64,52,201806
64,180,201806
64,25,201806
64,1065,201806
64,126,201806
64,1,201806
64,13,201806
64,140,201806
64,134,201806
64,192,201806
64,142,201806
64,101,201806
64,722,201806
64,112,201806
64,176,201806
64,72,201806
64,730,201806
64,205,201806
64,117,201806
64,154,201806
64,31,201806
64,63,201806
64,60,201806
64,19,201806
64,9,201806
64,40,201806
64,278,201806
64,76,201806
64,39,201806
64,24,201806
64,4,201806
64,172,201806
64,83,201806
64,137,201806
64,48,201806
64,11,201806
64,27,201806
64,136,201806
64,89,201806
64,20,201806
64,29,201806
65,40,201806
65,274,201806
65,48,201806
65,119,201806
65,519,201806
65,188,201806
65,57,201806
65,31,201806
65,26,201806
65,97,201806
65,32,201806
65,6,201806
65,29,201806
65,320,201806
65,99,201806
65,78,201806
65,355,201806
65,25,201806
65,18,201806
65,375,201806
65,19,201806
65,1250,201806
65,266,201806
65,137,201806
65,46,201806
66,62,201806
66,77,201806
66,160,201806
66,31,201806
66,29,201806
66,18,201806
66,346,201806
66,6,201806
66,97,201806
66,10,201806
66,375,201806
66,1227,201806
66,1250,201806
66,137,201806
66,46,201806
66,266,201806
66,32,201806
67,136,201806
68,358,201806
68,136,201806
69,247,201806
69,137,201806
69,51,201806
69,138,201806
69,143,201806
69,311,201806
69,806,201806
69,317,201806
69,49,201806
69,177,201806
69,50,201806
69,53,201806
69,27,201806
69,160,201806
69,72,201806
69,81,201806
69,0,201806
69,142,201806
69,60,201806
69,14,201806
69,52,201806
69,2,201806
69,121,201806
69,40,201806
69,31,201806
69,165,201806
69,132,201806
69,9,201806
69,19,201806
69,346,201806
69,83,201806
69,133,201806
69,113,201806
69,274,201806
69,4,201806
69,17,201806
69,21,201806
69,92,201806
69,23,201806
69,29,201806
69,20,201806
69,11,201806
69,28,201806
69,136,201806
69,112,201806
69,135,201806
69,1,201806
69,183,201806
69,5,201806
69,10,201806
69,18,201806
70,136,201806
70,19,201806
70,53,201806
70,27,201806
70,160,201806
70,11,201806
70,17,201806
70,10,201806
70,1,201806
70,137,201806
71,165,201806
71,55,201806
71,444,201806
71,189,201806
71,85,201806
71,136,201806
71,137,201806
72,124,201806
72,9,201806
72,143,201806
72,552,201806
72,85,201806
72,146,201806
72,20,201806
72,247,201806
72,160,201806
72,40,201806
72,16,201806
72,47,201806
72,11,201806
72,108,201806
72,80,201806
72,81,201806
72,278,201806
72,133,201806
72,149,201806
72,22,201806
72,77,201806
72,48,201806
72,69,201806
72,23,201806
72,113,201806
72,5,201806
72,21,201806
72,51,201806
72,54,201806
72,99,201806
72,112,201806
72,135,201806
72,346,201806
72,165,201806
72,29,201806
72,25,201806
72,19,201806
72,97,201806
72,0,201806
72,14,201806
72,96,201806
72,32,201806
72,2,201806
72,28,201806
72,137,201806
72,31,201806
72,60,201806
72,136,201806
72,35,201806
72,64,201806
72,375,201806
72,17,201806
72,10,201806
72,46,201806
72,266,201806
72,18,201806
72,1,201806
72,154,201806
72,92,201806
72,274,201806
73,80,201806
73,9,201806
73,12,201806
73,341,201806
73,97,201806
73,35,201806
73,46,201806
74,29,201806
74,43,201806
74,276,201806
74,413,201806
74,18,201806
74,1169,201806
74,346,201806
74,32,201806
74,97,201806
75,282,201806
75,14,201806
75,40,201806
75,57,201806
75,341,201806
75,26,201806
75,25,201806
75,99,201806
75,29,201806
75,19,201806
75,32,201806
75,6,201806
75,60,201806
75,46,201806
75,97,201806
76,140,201806
76,143,201806
76,10,201806
76,320,201806
76,146,201806
76,120,201806
76,46,201806
76,35,201806
76,813,201806
76,278,201806
76,77,201806
76,160,201806
76,14,201806
76,31,201806
76,66,201806
76,29,201806
76,36,201806
76,178,201806
76,341,201806
76,19,201806
76,266,201806
76,375,201806
76,6,201806
76,136,201806
76,32,201806
76,99,201806
76,64,201806
76,26,201806
76,137,201806
76,97,201806
77,26,201806
77,517,201806
77,282,201806
77,64,201806
77,17,201806
77,18,201806
77,2,201806
77,146,201806
77,38,201806
77,160,201806
77,79,201806
77,110,201806
77,97,201806
77,52,201806
77,31,201806
77,13,201806
77,142,201806
77,14,201806
77,39,201806
77,15,201806
77,16,201806
77,46,201806
77,136,201806
77,137,201806
77,32,201806
77,6,201806
77,61,201806
77,181,201806
77,76,201806
77,57,201806
77,25,201806
77,100,201806
77,59,201806
77,281,201806
77,27,201806
77,176,201806
77,35,201806
77,54,201806
77,5,201806
77,12,201806
77,23,201806
77,29,201806
77,51,201806
77,19,201806
77,1,201806
77,40,201806
77,374,201806
77,83,201806
77,120,201806
77,28,201806
77,66,201806
77,4,201806
77,154,201806
77,195,201806
77,126,201806
77,108,201806
77,101,201806
77,119,201806
77,11,201806
77,107,201806
77,96,201806
77,149,201806
77,115,201806
77,112,201806
77,99,201806
77,165,201806
77,93,201806
77,113,201806
77,183,201806
77,544,201806
77,155,201806
77,72,201806
77,9,201806
77,133,201806
77,22,201806
77,129,201806
77,21,201806
77,180,201806
77,346,201806
77,552,201806
77,20,201806
77,341,201806
77,139,201806
77,0,201806
77,320,201806
77,85,201806
77,45,201806
77,94,201806
77,78,201806
77,355,201806
77,10,201806
77,60,201806
77,48,201806
77,266,201806
77,1250,201806
77,375,201806
77,274,201806
77,135,201806
77,92,201806
78,45,201806
78,100,201806
78,25,201806
78,60,201806
78,28,201806
78,120,201806
78,266,201806
78,160,201806
78,453,201806
78,549,201806
78,32,201806
78,64,201806
78,83,201806
78,29,201806
78,59,201806
78,6,201806
78,13,201806
78,99,201806
78,18,201806
78,31,201806
78,65,201806
78,143,201806
78,35,201806
78,19,201806
78,137,201806
78,136,201806
78,46,201806
78,14,201806
78,77,201806
78,40,201806
78,281,201806
78,16,201806
78,146,201806
78,26,201806
78,97,201806
79,24,201806
79,6,201806
79,146,201806
79,137,201806
79,23,201806
79,4,201806
79,14,201806
79,143,201806
79,178,201806
79,182,201806
79,77,201806
79,160,201806
79,28,201806
79,19,201806
79,29,201806
79,97,201806
79,48,201806
79,320,201806
79,1250,201806
79,375,201806
79,32,201806
79,46,201806
79,266,201806
80,97,201806
80,0,201806
80,156,201806
80,143,201806
80,6,201806
80,57,201806
80,160,201806
80,81,201806
80,165,201806
80,52,201806
80,149,201806
80,116,201806
80,115,201806
80,18,201806
80,316,201806
80,28,201806
80,13,201806
80,16,201806
80,107,201806
80,96,201806
80,136,201806
80,102,201806
80,17,201806
80,26,201806
80,5,201806
80,40,201806
80,29,201806
80,142,201806
80,154,201806
80,2,201806
80,4,201806
80,51,201806
80,48,201806
80,60,201806
80,25,201806
80,19,201806
80,32,201806
80,99,201806
80,137,201806
80,35,201806
80,14,201806
80,10,201806
80,108,201806
80,135,201806
80,92,201806
80,274,201806
80,46,201806
81,338,201806
81,38,201806
81,154,201806
81,188,201806
81,108,201806
81,63,201806
81,40,201806
81,180,201806
81,34,201806
81,119,201806
81,332,201806
81,183,201806
81,115,201806
81,143,201806
81,54,201806
81,444,201806
81,72,201806
81,133,201806
81,26,201806
81,35,201806
81,52,201806
81,93,201806
81,134,201806
81,112,201806
81,124,201806
81,19,201806
81,85,201806
81,156,201806
81,21,201806
81,23,201806
81,113,201806
81,17,201806
81,83,201806
81,107,201806
81,12,201806
81,354,201806
81,96,201806
81,29,201806
81,102,201806
81,51,201806
81,136,201806
81,27,201806
81,9,201806
81,11,201806
81,22,201806
81,155,201806
81,341,201806
81,132,201806
81,14,201806
81,99,201806
81,2,201806
81,139,201806
81,28,201806
81,100,201806
81,4,201806
81,18,201806
81,59,201806
81,92,201806
81,64,201806
81,32,201806
81,0,201806
81,25,201806
81,60,201806
81,6,201806
81,320,201806
81,48,201806
81,274,201806
81,10,201806
81,5,201806
81,13,201806
81,46,201806
81,1,201806
81,31,201806
81,97,201806
81,137,201806
81,135,201806
82,282,201806
82,341,201806
82,59,201806
82,46,201806
82,97,201806
83,46,201806
83,39,201806
83,19,201806
83,143,201806
83,97,201806
83,85,201806
83,77,201806
83,320,201806
83,281,201806
83,160,201806
83,38,201806
83,155,201806
83,444,201806
83,115,201806
83,23,201806
83,12,201806
83,20,201806
83,72,201806
83,52,201806
83,133,201806
83,99,201806
83,4,201806
83,11,201806
83,146,201806
83,129,201806
83,31,201806
83,165,201806
83,69,201806
83,113,201806
83,101,201806
83,26,201806
83,139,201806
83,18,201806
83,137,201806
83,124,201806
83,2,201806
83,96,201806
83,132,201806
83,120,201806
83,82,201806
83,17,201806
83,51,201806
83,32,201806
83,35,201806
83,81,201806
83,21,201806
83,134,201806
83,25,201806
83,9,201806
83,5,201806
83,28,201806
83,341,201806
83,178,201806
83,16,201806
83,6,201806
83,14,201806
83,13,201806
83,48,201806
83,112,201806
83,119,201806
83,108,201806
83,0,201806
83,29,201806
83,355,201806
83,375,201806
83,266,201806
83,59,201806
83,1250,201806
83,142,201806
83,27,201806
83,54,201806
83,40,201806
83,102,201806
83,60,201806
83,64,201806
83,285,201806
83,92,201806
83,1,201806
83,274,201806
83,10,201806
83,136,201806
83,154,201806
83,135,201806
84,164,201806
84,30,201806
84,86,201806
84,223,201806
84,160,201806
84,9,201806
84,753,201806
84,18,201806
84,136,201806
84,1227,201806
84,10,201806
84,29,201806
84,11,201806
84,4,201806
85,137,201806
85,143,201806
85,401,201806
85,45,201806
85,25,201806
85,29,201806
85,110,201806
85,53,201806
85,1,201806
85,139,201806
85,28,201806
85,10,201806
85,35,201806
85,72,201806
85,274,201806
85,92,201806
85,146,201806
85,552,201806
85,740,201806
85,165,201806
85,93,201806
85,160,201806
85,2,201806
85,483,201806
85,64,201806
85,133,201806
85,117,201806
85,22,201806
85,36,201806
85,38,201806
85,52,201806
85,100,201806
85,26,201806
85,69,201806
85,13,201806
85,180,201806
85,181,201806
85,1014,201806
85,9,201806
85,142,201806
85,113,201806
85,40,201806
85,124,201806
85,135,201806
85,12,201806
85,19,201806
85,79,201806
85,80,201806
85,46,201806
85,18,201806
85,0,201806
85,54,201806
85,32,201806
85,285,201806
85,914,201806
85,346,201806
85,116,201806
85,83,201806
85,183,201806
85,94,201806
85,107,201806
85,81,201806
85,149,201806
85,136,201806
85,1258,201806
85,11,201806
85,57,201806
85,156,201806
85,16,201806
85,23,201806
85,4,201806
85,77,201806
85,6,201806
85,281,201806
85,108,201806
85,375,201806
85,266,201806
85,96,201806
85,1366,201806
85,102,201806
85,355,201806
85,112,201806
85,51,201806
85,20,201806
85,97,201806
85,115,201806
85,21,201806
85,60,201806
85,17,201806
85,48,201806
85,27,201806
85,5,201806
85,59,201806
85,99,201806
85,121,201806
85,154,201806
85,14,201806
85,31,201806
86,84,201806
86,133,201806
86,48,201806
86,4,201806
86,77,201806
86,25,201806
86,17,201806
86,26,201806
86,29,201806
86,20,201806
86,10,201806
86,136,201806
86,11,201806
86,1227,201806
86,97,201806
86,6,201806
86,51,201806
86,137,201806
86,18,201806
87,89,201806
87,110,201806
87,291,201806
87,168,201806
87,203,201806
88,11,201806
88,18,201806
88,4,201806
88,136,201806
89,8,201806
89,121,201806
89,7,201806
89,23,201806
89,835,201806
89,87,201806
89,90,201806
89,243,201806
89,212,201806
89,17,201806
89,828,201806
89,1267,201806
89,323,201806
89,1103,201806
89,778,201806
89,160,201806
89,770,201806
89,5,201806
89,28,201806
89,20,201806
89,13,201806
89,328,201806
89,1408,201806
89,59,201806
89,32,201806
89,10,201806
89,110,201806
89,112,201806
89,51,201806
89,64,201806
89,18,201806
89,6,201806
89,11,201806
89,1,201806
89,97,201806
89,21,201806
89,4,201806
89,29,201806
89,25,201806
89,136,201806
89,137,201806
90,89,201806
90,8,201806
90,243,201806
90,7,201806
90,17,201806
92,143,201806
92,85,201806
92,274,201806
92,120,201806
92,197,201806
92,119,201806
92,325,201806
92,22,201806
92,36,201806
92,181,201806
92,134,201806
92,142,201806
92,139,201806
92,183,201806
92,146,201806
92,155,201806
92,69,201806
92,20,201806
92,108,201806
92,13,201806
92,375,201806
92,19,201806
92,18,201806
92,116,201806
92,102,201806
92,107,201806
92,52,201806
92,81,201806
92,6,201806
92,64,201806
92,124,201806
92,32,201806
92,133,201806
92,23,201806
92,115,201806
92,16,201806
92,11,201806
92,137,201806
92,21,201806
92,156,201806
92,45,201806
92,40,201806
92,4,201806
92,59,201806
92,83,201806
92,1366,201806
92,100,201806
92,12,201806
92,112,201806
92,54,201806
92,51,201806
92,46,201806
92,129,201806
92,113,201806
92,80,201806
92,160,201806
92,77,201806
92,47,201806
92,149,201806
92,5,201806
92,28,201806
92,72,201806
92,27,201806
92,165,201806
92,96,201806
92,26,201806
92,99,201806
92,48,201806
92,9,201806
92,154,201806
92,93,201806
92,31,201806
92,2,201806
92,14,201806
92,97,201806
92,1,201806
92,60,201806
92,17,201806
92,10,201806
92,135,201806
92,136,201806
92,0,201806
93,146,201806
93,552,201806
93,160,201806
93,2,201806
93,23,201806
93,183,201806
93,20,201806
93,5,201806
93,72,201806
93,27,201806
93,13,201806
93,45,201806
93,100,201806
93,96,201806
93,10,201806
93,14,201806
93,108,201806
93,0,201806
93,1,201806
93,28,201806
93,149,201806
93,135,201806
93,25,201806
93,274,201806
93,85,201806
93,92,201806
94,375,201806
94,4,201806
94,48,201806
94,341,201806
94,134,201806
94,6,201806
94,29,201806
94,26,201806
94,40,201806
94,77,201806
94,146,201806
94,99,201806
94,59,201806
94,46,201806
94,97,201806
95,281,201806
95,160,201806
95,46,201806
95,1250,201806
95,320,201806
95,266,201806
95,375,201806
96,53,201806
96,23,201806
96,1,201806
96,143,201806
96,130,201806
96,299,201806
96,110,201806
96,46,201806
96,0,201806
96,115,201806
96,160,201806
96,16,201806
96,57,201806
96,54,201806
96,22,201806
96,2,201806
96,129,201806
96,132,201806
96,100,201806
96,31,201806
96,52,201806
96,40,201806
96,6,201806
96,38,201806
96,72,201806
96,47,201806
96,107,201806
96,149,201806
96,133,201806
96,97,201806
96,20,201806
96,93,201806
96,4,201806
96,18,201806
96,21,201806
96,113,201806
96,12,201806
96,146,201806
96,85,201806
96,48,201806
96,32,201806
96,11,201806
96,77,201806
96,154,201806
96,13,201806
96,25,201806
96,29,201806
96,155,201806
96,81,201806
96,108,201806
96,801,201806
96,99,201806
96,1269,201806
96,112,201806
96,136,201806
96,60,201806
96,10,201806
96,51,201806
96,28,201806
96,27,201806
96,17,201806
96,59,201806
96,137,201806
96,14,201806
96,5,201806
96,135,201806
96,92,201806
96,274,201806
97,35,201806
97,154,201806
97,19,201806
97,138,201806
97,143,201806
97,96,201806
97,26,201806
97,60,201806
97,23,201806
97,146,201806
97,29,201806
97,17,201806
97,384,201806
97,114,201806
97,1227,201806
97,2,201806
97,552,201806
97,167,201806
97,6,201806
97,77,201806
97,160,201806
97,188,201806
97,1444,201806
97,129,201806
97,31,201806
97,18,201806
97,136,201806
97,12,201806
97,22,201806
97,110,201806
97,112,201806
97,133,201806
97,69,201806
97,11,201806
97,74,201806
97,134,201806
97,149,201806
97,165,201806
97,7,201806
97,102,201806
97,4,201806
97,192,201806
97,28,201806
97,183,201806
97,9,201806
97,132,201806
97,25,201806
97,43,201806
97,20,201806
97,64,201806
97,14,201806
97,1,201806
97,155,201806
97,142,201806
97,892,201806
97,45,201806
97,65,201806
97,66,201806
97,119,201806
97,180,201806
97,36,201806
97,21,201806
97,100,201806
97,124,201806
97,270,201806
97,52,201806
97,503,201806
97,80,201806
97,197,201806
97,51,201806
97,111,201806
97,15,201806
97,57,201806
97,309,201806
97,935,201806
97,243,201806
97,107,201806
97,73,201806
97,72,201806
97,152,201806
97,131,201806
97,544,201806
97,164,201806
97,813,201806
97,224,201806
97,455,201806
97,223,201806
97,860,201806
97,269,201806
97,173,201806
97,144,201806
97,140,201806
97,208,201806
97,104,201806
97,510,201806
97,452,201806
97,98,201806
97,79,201806
97,99,201806
97,278,201806
97,769,201806
97,287,201806
97,63,201806
97,58,201806
97,39,201806
97,141,201806
97,125,201806
97,101,201806
97,53,201806
97,158,201806
97,169,201806
97,41,201806
97,86,201806
97,237,201806
97,85,201806
97,157,201806
97,341,201806
97,182,201806
97,5,201806
97,198,201806
97,55,201806
97,118,201806
97,61,201806
97,250,201806
97,0,201806
97,46,201806
97,342,201806
97,1052,201806
97,13,201806
97,16,201806
97,159,201806
97,10,201806
97,216,201806
97,178,201806
97,393,201806
97,435,201806
97,285,201806
97,62,201806
97,163,201806
97,40,201806
97,108,201806
97,54,201806
97,172,201806
97,139,201806
97,89,201806
97,59,201806
97,176,201806
97,48,201806
97,32,201806
97,81,201806
97,137,201806
97,83,201806
97,75,201806
97,120,201806
97,117,201806
97,27,201806
97,126,201806
97,34,201806
97,106,201806
97,320,201806
97,24,201806
97,274,201806
97,113,201806
97,92,201806
97,181,201806
97,355,201806
97,135,201806
97,82,201806
97,1366,201806
97,76,201806
97,94,201806
97,156,201806
97,78,201806
97,38,201806
98,80,201806
98,25,201806
98,46,201806
98,97,201806
98,137,201806
99,180,201806
99,85,201806
99,70,201806
99,181,201806
99,10,201806
99,2,201806
99,672,201806
99,160,201806
99,47,201806
99,34,201806
99,149,201806
99,23,201806
99,21,201806
99,13,201806
99,32,201806
99,26,201806
99,31,201806
99,165,201806
99,444,201806
99,135,201806
99,57,201806
99,80,201806
99,51,201806
99,77,201806
99,278,201806
99,69,201806
99,143,201806
99,16,201806
99,156,201806
99,112,201806
99,100,201806
99,20,201806
99,146,201806
99,139,201806
99,429,201806
99,120,201806
99,4,201806
99,18,201806
99,9,201806
99,137,201806
99,64,201806
99,38,201806
99,17,201806
99,126,201806
99,117,201806
99,29,201806
99,267,201806
99,159,201806
99,81,201806
99,78,201806
99,544,201806
99,5,201806
99,155,201806
99,250,201806
99,60,201806
99,36,201806
99,6,201806
99,96,201806
99,1,201806
99,769,201806
99,142,201806
99,136,201806
99,58,201806
99,28,201806
99,97,201806
99,101,201806
99,349,201806
99,40,201806
99,45,201806
99,39,201806
99,41,201806
99,297,201806
99,224,201806
99,46,201806
99,75,201806
99,170,201806
99,24,201806
99,157,201806
99,83,201806
99,134,201806
99,65,201806
99,63,201806
99,55,201806
99,59,201806
99,355,201806
99,12,201806
99,102,201806
99,131,201806
99,52,201806
99,320,201806
99,208,201806
99,94,201806
99,124,201806
99,132,201806
99,114,201806
99,76,201806
99,108,201806
99,154,201806
99,19,201806
99,25,201806
99,129,201806
99,27,201806
99,274,201806
99,11,201806
99,0,201806
99,54,201806
99,48,201806
99,92,201806
99,35,201806
100,142,201806
100,338,201806
100,120,201806
100,35,201806
100,19,201806
100,143,201806
100,129,201806
100,101,201806
100,97,201806
100,108,201806
100,266,201806
100,160,201806
100,26,201806
100,119,201806
100,183,201806
100,13,201806
100,9,201806
100,113,201806
100,165,201806
100,23,201806
100,22,201806
100,157,201806
100,83,201806
100,17,201806
100,393,201806
100,77,201806
100,69,201806
100,85,201806
100,21,201806
100,32,201806
100,64,201806
100,134,201806
100,16,201806
100,5,201806
100,10,201806
100,28,201806
100,25,201806
100,1,201806
100,81,201806
100,99,201806
100,51,201806
100,45,201806
100,6,201806
100,0,201806
100,2,201806
100,341,201806
100,27,201806
100,180,201806
100,18,201806
100,29,201806
100,38,201806
100,60,201806
100,46,201806
100,281,201806
100,710,201806
100,274,201806
100,146,201806
100,285,201806
100,40,201806
100,137,201806
100,136,201806
100,135,201806
100,92,201806
100,59,201806
100,48,201806
100,31,201806
100,14,201806
101,143,201806
101,97,201806
101,31,201806
101,320,201806
101,141,201806
101,77,201806
101,160,201806
101,444,201806
101,64,201806
101,32,201806
101,224,201806
101,178,201806
101,6,201806
101,136,201806
101,29,201806
101,99,201806
101,19,201806
101,14,201806
101,10,201806
101,355,201806
101,137,201806
101,18,201806
101,26,201806
101,1250,201806
101,48,201806
101,25,201806
101,375,201806
101,266,201806
101,46,201806
102,17,201806
102,52,201806
102,142,201806
102,146,201806
102,14,201806
102,141,201806
102,181,201806
102,297,201806
102,62,201806
102,349,201806
102,40,201806
102,10,201806
102,115,201806
102,28,201806
102,277,201806
102,160,201806
102,206,201806
102,444,201806
102,96,201806
102,23,201806
102,154,201806
102,11,201806
102,274,201806
102,100,201806
102,112,201806
102,21,201806
102,69,201806
102,0,201806
102,77,201806
102,38,201806
102,83,201806
102,4,201806
102,64,201806
102,119,201806
102,32,201806
102,27,201806
102,97,201806
102,19,201806
102,92,201806
102,136,201806
102,18,201806
102,129,201806
102,85,201806
102,139,201806
102,29,201806
102,5,201806
102,54,201806
102,6,201806
102,375,201806
102,1250,201806
102,99,201806
102,46,201806
102,320,201806
102,108,201806
102,48,201806
102,60,201806
102,135,201806
103,146,201806
103,23,201806
103,28,201806
103,1227,201806
103,10,201806
104,34,201806
104,143,201806
104,160,201806
104,132,201806
104,80,201806
104,58,201806
104,333,201806
104,29,201806
104,124,201806
104,346,201806
104,97,201806
104,136,201806
104,1250,201806
104,25,201806
104,17,201806
104,10,201806
104,1227,201806
104,355,201806
104,46,201806
104,266,201806
104,375,201806
104,137,201806
105,11,201806
105,228,201806
105,18,201806
105,5,201806
105,17,201806
105,10,201806
105,136,201806
105,1227,201806
106,39,201806
106,6,201806
106,134,201806
106,341,201806
106,46,201806
106,97,201806
107,501,201806
107,5,201806
107,23,201806
107,143,201806
107,1,201806
107,160,201806
107,72,201806
107,99,201806
107,20,201806
107,26,201806
107,97,201806
107,10,201806
107,12,201806
107,45,201806
107,40,201806
107,165,201806
107,60,201806
107,27,201806
107,113,201806
107,9,201806
107,31,201806
107,19,201806
107,81,201806
107,85,201806
107,18,201806
107,51,201806
107,14,201806
107,124,201806
107,154,201806
107,69,201806
107,25,201806
107,33,201806
107,116,201806
107,0,201806
107,146,201806
107,92,201806
107,2,201806
107,11,201806
107,96,201806
107,22,201806
107,136,201806
107,133,201806
107,112,201806
107,274,201806
107,183,201806
107,29,201806
107,59,201806
107,121,201806
107,135,201806
107,17,201806
107,28,201806
107,4,201806
107,137,201806
108,124,201806
108,60,201806
108,19,201806
108,139,201806
108,143,201806
108,96,201806
108,48,201806
108,100,201806
108,137,201806
108,146,201806
108,14,201806
108,25,201806
108,35,201806
108,552,201806
108,97,201806
108,31,201806
108,77,201806
108,160,201806
108,13,201806
108,1366,201806
108,181,201806
108,22,201806
108,113,201806
108,116,201806
108,45,201806
108,114,201806
108,64,201806
108,6,201806
108,18,201806
108,41,201806
108,107,201806
108,23,201806
108,9,201806
108,165,201806
108,93,201806
108,85,201806
108,5,201806
108,32,201806
108,38,201806
108,16,201806
108,115,201806
108,72,201806
108,132,201806
108,28,201806
108,17,201806
108,20,201806
108,51,201806
108,1,201806
108,11,201806
108,112,201806
108,83,201806
108,4,201806
108,134,201806
108,21,201806
108,12,201806
108,36,201806
108,156,201806
108,142,201806
108,285,201806
108,769,201806
108,208,201806
108,99,201806
108,136,201806
108,119,201806
108,117,201806
108,102,201806
108,0,201806
108,2,201806
108,180,201806
108,10,201806
108,52,201806
108,54,201806
108,80,201806
108,178,201806
108,155,201806
108,29,201806
108,26,201806
108,27,201806
108,129,201806
108,154,201806
108,81,201806
108,274,201806
108,40,201806
108,92,201806
108,59,201806
108,135,201806
108,46,201806
109,110,201806
109,427,201806
109,4,201806
109,127,201806
109,633,201806
109,306,201806
109,128,201806
109,913,201806
109,677,201806
109,628,201806
109,723,201806
109,840,201806
109,676,201806
109,613,201806
109,846,201806
109,729,201806
109,593,201806
109,864,201806
109,592,201806
109,629,201806
109,305,201806
109,724,201806
110,247,201806
110,23,201806
110,143,201806
110,236,201806
110,196,201806
110,627,201806
110,131,201806
110,230,201806
110,231,201806
110,560,201806
110,226,201806
110,191,201806
110,525,201806
110,232,201806
110,424,201806
110,305,201806
110,186,201806
110,109,201806
110,427,201806
110,351,201806
110,352,201806
110,425,201806
110,4,201806
110,127,201806
110,633,201806
110,185,201806
110,190,201806
110,235,201806
110,947,201806
110,474,201806
110,559,201806
110,704,201806
110,830,201806
110,306,201806
110,201,201806
110,290,201806
110,808,201806
110,684,201806
110,1222,201806
110,128,201806
110,146,201806
110,59,201806
110,17,201806
110,35,201806
110,45,201806
110,137,201806
110,58,201806
110,29,201806
110,625,201806
110,476,201806
110,252,201806
110,448,201806
110,596,201806
110,469,201806
110,273,201806
110,319,201806
110,478,201806
110,597,201806
110,564,201806
110,255,201806
110,572,201806
110,465,201806
110,366,201806
110,225,201806
110,587,201806
110,589,201806
110,591,201806
110,594,201806
110,599,201806
110,378,201806
110,484,201806
110,470,201806
110,636,201806
110,590,201806
110,256,201806
110,253,201806
110,600,201806
110,527,201806
110,601,201806
110,660,201806
110,602,201806
110,623,201806
110,263,201806
110,257,201806
110,239,201806
110,603,201806
110,575,201806
110,661,201806
110,658,201806
110,506,201806
110,471,201806
110,659,201806
110,678,201806
110,664,201806
110,621,201806
110,532,201806
110,477,201806
110,258,201806
110,643,201806
110,638,201806
110,639,201806
110,644,201806
110,640,201806
110,573,201806
110,641,201806
110,604,201806
110,576,201806
110,607,201806
110,254,201806
110,605,201806
110,579,201806
110,259,201806
110,622,201806
110,260,201806
110,624,201806
110,852,201806
110,552,201806
110,841,201806
110,958,201806
110,632,201806
110,229,201806
110,694,201806
110,663,201806
110,200,201806
110,87,201806
110,77,201806
110,160,201806
110,5,201806
110,154,201806
110,1183,201806
110,650,201806
110,108,201806
110,630,201806
110,1273,201806
110,847,201806
110,651,201806
110,1016,201806
110,897,201806
110,997,201806
110,556,201806
110,886,201806
110,696,201806
110,920,201806
110,526,201806
110,1134,201806
110,1241,201806
110,6,201806
110,11,201806
110,51,201806
110,1,201806
110,20,201806
110,25,201806
110,89,201806
110,18,201806
110,136,201806
110,97,201806
111,61,201806
111,54,201806
111,136,201806
111,6,201806
111,25,201806
111,97,201806
111,46,201806
111,29,201806
111,10,201806
111,11,201806
111,1227,201806
111,18,201806
111,137,201806
112,146,201806
112,23,201806
112,107,201806
112,143,201806
112,132,201806
112,70,201806
112,113,201806
112,137,201806
112,77,201806
112,160,201806
112,13,201806
112,99,201806
112,100,201806
112,25,201806
112,189,201806
112,444,201806
112,6,201806
112,38,201806
112,115,201806
112,124,201806
112,134,201806
112,72,201806
112,26,201806
112,139,201806
112,17,201806
112,19,201806
112,28,201806
112,80,201806
112,156,201806
112,40,201806
112,32,201806
112,4,201806
112,14,201806
112,52,201806
112,81,201806
112,261,201806
112,31,201806
112,97,201806
112,133,201806
112,54,201806
112,2,201806
112,108,201806
112,102,201806
112,285,201806
112,12,201806
112,129,201806
112,27,201806
112,136,201806
112,96,201806
112,1,201806
112,165,201806
112,83,201806
112,22,201806
112,64,201806
112,0,201806
112,85,201806
112,274,201806
112,33,201806
112,51,201806
112,183,201806
112,10,201806
112,69,201806
112,59,201806
112,154,201806
112,7,201806
112,243,201806
112,60,201806
112,8,201806
112,92,201806
112,89,201806
112,46,201806
112,11,201806
112,29,201806
112,135,201806
112,18,201806
112,121,201806
113,143,201806
113,53,201806
113,70,201806
113,77,201806
113,10,201806
113,1,201806
113,138,201806
113,120,201806
113,2,201806
113,160,201806
113,72,201806
113,124,201806
113,80,201806
113,139,201806
113,0,201806
113,60,201806
113,22,201806
113,4,201806
113,116,201806
113,96,201806
113,97,201806
113,32,201806
113,47,201806
113,54,201806
113,100,201806
113,81,201806
113,165,201806
113,154,201806
113,108,201806
113,40,201806
113,181,201806
113,13,201806
113,12,201806
113,85,201806
113,9,201806
113,112,201806
113,64,201806
113,99,201806
113,69,201806
113,11,201806
113,34,201806
113,18,201806
113,183,201806
113,83,201806
113,31,201806
113,27,201806
113,107,201806
113,51,201806
113,819,201806
113,274,201806
113,135,201806
113,20,201806
113,92,201806
113,6,201806
113,136,201806
113,29,201806
113,25,201806
113,21,201806
113,5,201806
113,137,201806
114,552,201806
114,134,201806
114,32,201806
114,274,201806
114,165,201806
114,6,201806
114,29,201806
114,26,201806
114,46,201806
114,375,201806
114,59,201806
114,99,201806
114,266,201806
114,19,201806
115,165,201806
115,552,201806
115,149,201806
115,220,201806
115,137,201806
115,160,201806
115,204,201806
115,16,201806
115,77,201806
115,5,201806
115,120,201806
115,4,201806
115,183,201806
115,81,201806
115,154,201806
115,108,201806
115,22,201806
115,51,201806
115,46,201806
115,21,201806
115,96,201806
115,26,201806
115,2,201806
115,17,201806
115,112,201806
115,9,201806
115,99,201806
115,48,201806
115,72,201806
115,113,201806
115,27,201806
115,20,201806
115,124,201806
115,75,201806
115,14,201806
115,83,201806
115,143,201806
115,97,201806
115,12,201806
115,133,201806
115,92,201806
115,33,201806
115,1169,201806
115,136,201806
115,1,201806
115,10,201806
115,85,201806
115,25,201806
115,274,201806
116,1,201806
116,146,201806
116,96,201806
116,5,201806
116,155,201806
116,83,201806
116,136,201806
116,0,201806
116,112,201806
116,113,201806
116,17,201806
116,135,201806
116,4,201806
116,28,201806
116,31,201806
116,2,201806
116,27,201806
116,11,201806
116,1169,201806
116,85,201806
116,92,201806
116,10,201806
116,25,201806
116,137,201806
116,274,201806
117,181,201806
117,57,201806
117,77,201806
117,160,201806
117,38,201806
117,180,201806
117,52,201806
117,146,201806
117,206,201806
117,92,201806
117,51,201806
117,349,201806
117,155,201806
117,55,201806
117,7,201806
117,31,201806
117,165,201806
117,120,201806
117,89,201806
117,10,201806
117,139,201806
117,110,201806
117,5,201806
117,17,201806
117,129,201806
117,1,201806
117,46,201806
117,27,201806
117,135,201806
117,83,201806
117,274,201806
117,142,201806
117,54,201806
117,2,201806
117,0,201806
117,20,201806
117,26,201806
117,99,201806
117,6,201806
117,29,201806
117,19,201806
117,1250,201806
117,32,201806
117,64,201806
117,266,201806
117,13,201806
117,108,201806
117,18,201806
117,60,201806
117,59,201806
117,97,201806
117,14,201806
118,157,201806
118,0,201806
118,143,201806
118,160,201806
118,25,201806
118,137,201806
118,97,201806
119,143,201806
119,155,201806
119,896,201806
119,274,201806
119,112,201806
119,17,201806
119,52,201806
119,129,201806
119,2,201806
119,54,201806
119,31,201806
119,136,201806
119,142,201806
119,154,201806
119,45,201806
119,38,201806
119,135,201806
119,40,201806
119,10,201806
119,97,201806
119,102,201806
119,178,201806
119,46,201806
119,83,201806
119,32,201806
119,18,201806
119,320,201806
119,108,201806
119,36,201806
119,48,201806
119,19,201806
119,29,201806
119,60,201806
119,14,201806
120,45,201806
120,181,201806
120,14,201806
120,64,201806
120,38,201806
120,19,201806
120,143,201806
120,339,201806
120,70,201806
120,146,201806
120,76,201806
120,77,201806
120,281,201806
120,160,201806
120,176,201806
120,13,201806
120,32,201806
120,117,201806
120,54,201806
120,57,201806
120,208,201806
120,48,201806
120,10,201806
120,5,201806
120,17,201806
120,27,201806
120,154,201806
120,100,201806
120,81,201806
120,18,201806
120,341,201806
120,25,201806
120,35,201806
120,31,201806
120,136,201806
120,266,201806
120,6,201806
120,375,201806
120,35,201806
120,29,201806
120,32,201806
120,64,201806
120,26,201806
120,48,201806
120,60,201806
120,13,201806
120,59,201806
120,136,201806
120,6,201806
120,46,201806
120,19,201806
120,97,201806
120,137,201806
121,143,201806
121,160,201806
121,85,201806
121,1,201806
121,77,201806
121,183,201806
121,154,201806
121,135,201806
121,12,201806
121,274,201806
121,27,201806
121,4,201806
121,19,201806
121,51,201806
121,11,201806
121,136,201806
121,10,201806
121,107,201806
121,13,201806
121,48,201806
121,89,201806
121,21,201806
121,59,201806
121,5,201806
121,112,201806
121,20,201806
122,762,201806
122,265,201806
122,64,201806
122,346,201806
122,18,201806
122,10,201806
122,29,201806
122,1227,201806
122,137,201806
122,266,201806
122,136,201806
123,122,201806
123,265,201806
123,738,201806
123,346,201806
123,136,201806
123,1227,201806
123,10,201806
123,18,201806
124,165,201806
124,143,201806
124,137,201806
124,72,201806
124,113,201806
124,25,201806
124,160,201806
124,96,201806
124,112,201806
124,51,201806
124,80,201806
124,69,201806
124,14,201806
124,28,201806
124,11,201806
124,107,201806
124,83,201806
124,19,201806
124,27,201806
124,16,201806
124,108,201806
124,23,201806
124,29,201806
124,20,201806
124,81,201806
124,136,201806
124,21,201806
124,92,201806
124,346,201806
124,135,201806
124,341,201806
124,97,201806
124,85,201806
124,17,201806
124,32,201806
124,99,201806
124,266,201806
124,10,201806
124,1,201806
124,46,201806
124,154,201806
124,274,201806
125,55,201806
125,346,201806
125,29,201806
125,136,201806
125,97,201806
125,18,201806
126,142,201806
126,140,201806
126,143,201806
126,55,201806
126,6,201806
126,77,201806
126,160,201806
126,155,201806
126,1864,201806
126,338,201806
126,29,201806
126,99,201806
126,237,201806
126,64,201806
126,13,201806
126,320,201806
126,31,201806
126,266,201806
126,48,201806
126,32,201806
126,375,201806
126,60,201806
126,46,201806
126,18,201806
126,19,201806
126,59,201806
126,26,201806
126,97,201806
127,110,201806
127,109,201806
127,427,201806
127,306,201806
127,4,201806
127,128,201806
127,677,201806
127,701,201806
127,948,201806
127,592,201806
127,613,201806
127,729,201806
128,110,201806
128,109,201806
128,427,201806
128,306,201806
128,4,201806
129,39,201806
129,48,201806
129,57,201806
129,100,201806
129,36,201806
129,40,201806
129,83,201806
129,140,201806
129,143,201806
129,108,201806
129,101,201806
129,172,201806
129,173,201806
129,1075,201806
129,146,201806
129,35,201806
129,178,201806
129,65,201806
129,60,201806
129,519,201806
129,124,201806
129,160,201806
129,11,201806
129,119,201806
129,169,201806
129,117,201806
129,47,201806
129,99,201806
129,51,201806
129,28,201806
129,154,201806
129,17,201806
129,23,201806
129,10,201806
129,54,201806
129,1,201806
129,102,201806
129,85,201806
129,142,201806
129,81,201806
129,16,201806
129,64,201806
129,97,201806
129,1129,201806
129,12,201806
129,27,201806
129,77,201806
129,80,201806
129,136,201806
129,13,201806
129,31,201806
129,38,201806
129,4,201806
129,52,201806
129,29,201806
129,19,201806
129,139,201806
129,274,201806
129,0,201806
129,32,201806
129,284,201806
129,14,201806
129,266,201806
129,135,201806
129,92,201806
129,6,201806
129,137,201806
129,25,201806
129,46,201806
129,59,201806
130,96,201806
130,17,201806
130,1,201806
130,136,201806
130,137,201806
131,25,201806
131,43,201806
131,269,201806
131,44,201806
131,77,201806
131,160,201806
131,16,201806
131,31,201806
131,30,201806
131,54,201806
131,29,201806
131,20,201806
131,1169,201806
131,346,201806
131,97,201806
131,6,201806
131,18,201806
131,32,201806
131,19,201806
131,99,201806
131,10,201806
131,26,201806
131,11,201806
131,136,201806
131,46,201806
131,137,201806
132,247,201806
132,15,201806
132,32,201806
132,16,201806
132,61,201806
132,160,201806
132,12,201806
132,133,201806
132,146,201806
132,48,201806
132,24,201806
132,31,201806
132,69,201806
132,274,201806
132,83,201806
132,2,201806
132,112,201806
132,131,201806
132,46,201806
132,54,201806
132,92,201806
132,17,201806
132,97,201806
132,346,201806
132,544,201806
132,135,201806
132,25,201806
132,6,201806
132,18,201806
132,29,201806
132,136,201806
132,137,201806
132,1250,201806
132,20,201806
132,60,201806
132,26,201806
132,266,201806
132,375,201806
132,99,201806
132,11,201806
132,1227,201806
132,10,201806
132,19,201806
132,1,201806
132,154,201806
133,48,201806
133,138,201806
133,143,201806
133,870,201806
133,17,201806
133,28,201806
133,20,201806
133,819,201806
133,77,201806
133,124,201806
133,160,201806
133,85,201806
133,25,201806
133,10,201806
133,99,201806
133,146,201806
133,27,201806
133,972,201806
133,487,201806
133,108,201806
133,247,201806
133,444,201806
133,97,201806
133,14,201806
133,32,201806
133,93,201806
133,129,201806
133,9,201806
133,0,201806
133,1335,201806
133,189,201806
133,2,201806
133,116,201806
133,40,201806
133,183,201806
133,13,201806
133,26,201806
133,92,201806
133,69,201806
133,34,201806
133,12,201806
133,165,201806
133,22,201806
133,83,201806
133,142,201806
133,72,201806
133,52,201806
133,132,201806
133,60,201806
133,54,201806
133,112,201806
133,46,201806
133,154,201806
133,11,201806
133,149,201806
133,107,201806
133,31,201806
133,135,201806
133,96,201806
133,136,201806
133,4,201806
133,1433,201806
133,51,201806
133,1,201806
133,5,201806
133,274,201806
133,59,201806
133,21,201806
134,338,201806
134,137,201806
134,32,201806
134,208,201806
134,18,201806
134,114,201806
134,13,201806
134,55,201806
134,176,201806
134,160,201806
134,19,201806
134,289,201806
134,1441,201806
134,100,201806
134,274,201806
134,117,201806
134,21,201806
134,31,201806
134,51,201806
134,1,201806
134,154,201806
134,97,201806
134,2,201806
134,136,201806
134,16,201806
134,48,201806
134,59,201806
134,106,201806
134,20,201806
134,772,201806
134,94,201806
134,26,201806
134,29,201806
134,46,201806
134,64,201806
134,135,201806
134,6,201806
134,99,201806
134,14,201806
135,180,201806
135,110,201806
135,138,201806
135,430,201806
135,672,201806
135,1088,201806
135,739,201806
135,1383,201806
135,54,201806
135,34,201806
135,208,201806
135,115,201806
135,36,201806
135,1413,201806
135,931,201806
135,31,201806
135,1459,201806
135,149,201806
135,117,201806
135,99,201806
135,64,201806
135,444,201806
135,18,201806
135,47,201806
135,137,201806
135,32,201806
135,16,201806
135,93,201806
135,346,201806
135,57,201806
135,124,201806
135,1180,201806
135,341,201806
135,72,201806
135,782,201806
135,133,201806
135,134,201806
135,165,201806
135,1366,201806
135,197,201806
135,156,201806
135,183,201806
135,113,201806
135,69,201806
135,129,201806
135,9,201806
135,22,201806
135,100,201806
135,107,201806
135,23,201806
135,77,201806
135,160,201806
135,80,201806
135,46,201806
135,45,201806
135,21,201806
135,112,201806
135,11,201806
135,38,201806
135,96,201806
135,155,201806
135,181,201806
135,52,201806
135,2,201806
135,102,201806
135,20,201806
135,85,201806
135,51,201806
135,0,201806
135,143,201806
135,83,201806
135,142,201806
135,5,201806
135,139,201806
135,146,201806
135,40,201806
135,48,201806
135,81,201806
135,4,201806
135,28,201806
135,19,201806
135,6,201806
135,108,201806
135,12,201806
135,13,201806
135,97,201806
135,26,201806
135,154,201806
135,14,201806
135,17,201806
135,92,201806
135,274,201806
135,27,201806
135,1,201806
135,60,201806
135,10,201806
135,136,201806
136,133,201806
136,23,201806
136,107,201806
136,143,201806
136,11,201806
136,80,201806
136,138,201806
136,101,201806
136,79,201806
136,146,201806
136,552,201806
136,137,201806
136,165,201806
136,150,201806
136,25,201806
136,77,201806
136,160,201806
136,96,201806
136,31,201806
136,155,201806
136,93,201806
136,36,201806
136,116,201806
136,416,201806
136,46,201806
136,71,201806
136,129,201806
136,119,201806
136,34,201806
136,149,201806
136,102,201806
136,68,201806
136,59,201806
136,35,201806
136,9,201806
136,18,201806
136,104,201806
136,40,201806
136,81,201806
136,32,201806
136,111,201806
136,738,201806
136,1227,201806
136,72,201806
136,115,201806
136,54,201806
136,1015,201806
136,981,201806
136,27,201806
136,24,201806
136,112,201806
136,265,201806
136,346,201806
136,268,201806
136,15,201806
136,142,201806
136,124,201806
136,968,201806
136,181,201806
136,12,201806
136,123,201806
136,741,201806
136,85,201806
136,60,201806
136,270,201806
136,223,201806
136,139,201806
136,13,201806
136,169,201806
136,834,201806
136,285,201806
136,16,201806
136,544,201806
136,537,201806
136,147,201806
136,982,201806
136,908,201806
136,361,201806
136,26,201806
136,330,201806
136,99,201806
136,22,201806
136,97,201806
136,61,201806
136,490,201806
136,1366,201806
136,132,201806
136,492,201806
136,130,201806
136,164,201806
136,120,201806
136,148,201806
136,480,201806
136,53,201806
136,213,201806
136,222,201806
136,121,201806
136,38,201806
136,84,201806
136,1258,201806
136,43,201806
136,371,201806
136,30,201806
136,221,201806
136,214,201806
136,314,201806
136,909,201806
136,122,201806
136,78,201806
136,188,201806
136,706,201806
136,69,201806
136,20,201806
136,163,201806
136,156,201806
136,154,201806
136,502,201806
136,237,201806
136,359,201806
136,125,201806
136,358,201806
136,0,201806
136,86,201806
136,320,201806
136,70,201806
136,76,201806
136,105,201806
136,183,201806
136,307,201806
136,131,201806
136,45,201806
136,372,201806
136,415,201806
136,762,201806
136,100,201806
136,58,201806
136,88,201806
136,153,201806
136,2,201806
136,781,201806
136,211,201806
136,17,201806
136,108,201806
136,33,201806
136,184,201806
136,67,201806
136,906,201806
136,21,201806
136,14,201806
136,29,201806
136,950,201806
136,52,201806
136,177,201806
136,8,201806
136,189,201806
136,243,201806
136,64,201806
136,180,201806
136,7,201806
136,48,201806
136,83,201806
136,51,201806
136,1,201806
136,110,201806
136,10,201806
136,19,201806
136,6,201806
136,4,201806
136,28,201806
136,113,201806
136,89,201806
136,303,201806
136,5,201806
136,92,201806
136,274,201806
136,135,201806
137,154,201806
137,96,201806
137,13,201806
137,165,201806
137,6,201806
137,69,201806
137,60,201806
137,5,201806
137,23,201806
137,19,201806
137,138,201806
137,143,201806
137,112,201806
137,53,201806
137,70,201806
137,10,201806
137,161,201806
137,9,201806
137,79,201806
137,146,201806
137,4,201806
137,21,201806
137,110,201806
137,59,201806
137,2,201806
137,393,201806
137,17,201806
137,29,201806
137,77,201806
137,160,201806
137,72,201806
137,24,201806
137,134,201806
137,0,201806
137,1841,201806
137,46,201806
137,80,201806
137,26,201806
137,671,201806
137,78,201806
137,25,201806
137,100,201806
137,20,201806
137,47,201806
137,278,201806
137,28,201806
137,115,201806
137,34,201806
137,1,201806
137,346,201806
137,341,201806
137,801,201806
137,318,201806
137,340,201806
137,209,201806
137,237,201806
137,32,201806
137,149,201806
137,54,201806
137,769,201806
137,157,201806
137,1291,201806
137,71,201806
137,495,201806
137,320,201806
137,885,201806
137,169,201806
137,521,201806
137,757,201806
137,163,201806
137,544,201806
137,11,201806
137,336,201806
137,62,201806
137,31,201806
137,41,201806
137,216,201806
137,540,201806
137,388,201806
137,871,201806
137,371,201806
137,39,201806
137,327,201806
137,224,201806
137,181,201806
137,92,201806
137,136,201806
137,132,201806
137,309,201806
137,174,201806
137,270,201806
137,188,201806
137,18,201806
137,58,201806
137,164,201806
137,156,201806
137,204,201806
137,303,201806
137,101,201806
137,122,201806
137,314,201806
137,752,201806
137,45,201806
137,30,201806
137,588,201806
137,66,201806
137,1190,201806
137,267,201806
137,731,201806
137,27,201806
137,118,201806
137,326,201806
137,193,201806
137,1366,201806
137,335,201806
137,244,201806
137,40,201806
137,728,201806
137,189,201806
137,198,201806
137,64,201806
137,16,201806
137,250,201806
137,265,201806
137,269,201806
137,116,201806
137,61,201806
137,390,201806
137,339,201806
137,159,201806
137,355,201806
137,111,201806
137,65,201806
137,344,201806
137,76,201806
137,108,201806
137,51,201806
137,130,201806
137,483,201806
137,333,201806
137,950,201806
137,8,201806
137,14,201806
137,152,201806
137,131,201806
137,15,201806
137,213,201806
137,220,201806
137,86,201806
137,183,201806
137,52,201806
137,98,201806
137,57,201806
137,36,201806
137,129,201806
137,139,201806
137,38,201806
137,97,201806
137,150,201806
137,120,201806
137,107,201806
137,104,201806
137,124,201806
137,12,201806
137,7,201806
137,48,201806
137,89,201806
137,81,201806
137,83,201806
137,22,201806
137,113,201806
137,99,201806
137,85,201806
137,35,201806
138,110,201806
138,97,201806
138,52,201806
138,247,201806
138,14,201806
138,16,201806
138,136,201806
138,137,201806
138,32,201806
138,6,201806
138,69,201806
138,25,201806
138,59,201806
138,170,201806
138,27,201806
138,501,201806
138,155,201806
138,18,201806
138,5,201806
138,23,201806
138,51,201806
138,19,201806
138,1,201806
138,159,201806
138,2,201806
138,143,201806
138,112,201806
138,11,201806
138,154,201806
138,29,201806
138,54,201806
138,21,201806
138,146,201806
138,672,201806
138,346,201806
138,10,201806
138,1227,201806
138,266,201806
138,375,201806
138,1250,201806
139,58,201806
139,36,201806
139,48,201806
139,60,201806
139,35,201806
139,19,201806
139,108,201806
139,160,201806
139,13,201806
139,21,201806
139,113,201806
139,93,201806
139,1,201806
139,26,201806
139,96,201806
139,46,201806
139,149,201806
139,41,201806
139,78,201806
139,28,201806
139,274,201806
139,72,201806
139,142,201806
139,120,201806
139,18,201806
139,17,201806
139,92,201806
139,119,201806
139,12,201806
139,99,201806
139,9,201806
139,10,201806
139,31,201806
139,341,201806
139,102,201806
139,25,201806
139,81,201806
139,77,201806
139,136,201806
139,769,201806
139,146,201806
139,54,201806
139,52,201806
139,27,201806
139,208,201806
139,32,201806
139,178,201806
139,40,201806
139,29,201806
139,16,201806
139,97,201806
139,59,201806
139,154,201806
139,6,201806
139,137,201806
139,135,201806
139,14,201806
140,205,201806
140,76,201806
140,143,201806
140,160,201806
140,178,201806
140,63,201806
140,341,201806
140,64,201806
140,97,201806
140,26,201806
140,29,201806
140,375,201806
140,266,201806
140,19,201806
140,46,201806
141,143,201806
141,79,201806
141,453,201806
141,178,201806
141,375,201806
141,97,201806
141,266,201806
141,46,201806
142,180,201806
142,81,201806
142,78,201806
142,19,201806
142,143,201806
142,126,201806
142,6,201806
142,77,201806
142,160,201806
142,453,201806
142,183,201806
142,38,201806
142,112,201806
142,208,201806
142,0,201806
142,69,201806
142,23,201806
142,80,201806
142,139,201806
142,274,201806
142,102,201806
142,154,201806
142,28,201806
142,32,201806
142,27,201806
142,13,201806
142,31,201806
142,129,201806
142,85,201806
142,45,201806
142,51,201806
142,136,201806
142,17,201806
142,1,201806
142,64,201806
142,83,201806
142,133,201806
142,176,201806
142,119,201806
142,97,201806
142,92,201806
142,18,201806
142,21,201806
142,178,201806
142,5,201806
142,4,201806
142,99,201806
142,108,201806
142,60,201806
142,29,201806
142,26,201806
142,48,201806
142,10,201806
142,59,201806
142,46,201806
142,135,201806
142,14,201806
143,124,201806
143,64,201806
143,96,201806
143,455,201806
143,180,201806
143,110,201806
143,97,201806
143,85,201806
143,52,201806
143,247,201806
143,80,201806
143,30,201806
143,183,201806
143,13,201806
143,142,201806
143,133,201806
143,14,201806
143,39,201806
143,15,201806
143,46,201806
143,53,201806
143,136,201806
143,137,201806
143,132,201806
143,165,201806
143,6,201806
143,48,201806
143,61,201806
143,62,201806
143,76,201806
143,57,201806
143,89,201806
143,58,201806
143,25,201806
143,34,201806
143,157,201806
143,100,201806
143,59,201806
143,170,201806
143,10,201806
143,17,201806
143,115,201806
143,281,201806
143,118,201806
143,121,201806
143,27,201806
143,60,201806
143,176,201806
143,160,201806
143,161,201806
143,501,201806
143,155,201806
143,35,201806
143,54,201806
143,18,201806
143,0,201806
143,5,201806
143,9,201806
143,12,201806
143,23,201806
143,29,201806
143,36,201806
143,51,201806
143,19,201806
143,1,201806
143,159,201806
143,40,201806
143,83,201806
143,138,201806
143,120,201806
143,107,201806
143,140,201806
143,139,201806
143,28,201806
143,2,201806
143,835,201806
143,104,201806
143,188,201806
143,112,201806
143,129,201806
143,11,201806
143,113,201806
143,154,201806
143,195,201806
143,126,201806
143,108,201806
143,72,201806
143,101,201806
143,119,201806
143,16,201806
143,32,201806
143,1418,201806
143,453,201806
143,1411,201806
143,931,201806
143,274,201806
143,1445,201806
143,813,201806
143,544,201806
143,26,201806
143,92,201806
143,102,201806
143,346,201806
143,341,201806
143,21,201806
143,78,201806
143,320,201806
143,355,201806
143,99,201806
143,266,201806
143,1250,201806
143,375,201806
143,135,201806
144,145,201806
144,15,201806
144,160,201806
144,18,201806
144,29,201806
144,97,201806
145,44,201806
145,100,201806
145,1169,201806
145,346,201806
145,29,201806
145,18,201806
146,143,201806
146,89,201806
146,16,201806
146,24,201806
146,197,201806
146,77,201806
146,281,201806
146,124,201806
146,160,201806
146,79,201806
146,31,201806
146,14,201806
146,137,201806
146,35,201806
146,19,201806
146,1,201806
146,4,201806
146,72,201806
146,129,201806
146,97,201806
146,46,201806
146,6,201806
146,93,201806
146,25,201806
146,59,201806
146,17,201806
146,60,201806
146,18,201806
146,322,201806
146,102,201806
146,108,201806
146,241,201806
146,110,201806
146,32,201806
146,165,201806
146,29,201806
146,76,201806
146,15,201806
146,136,201806
146,501,201806
146,54,201806
146,11,201806
146,154,201806
146,13,201806
146,45,201806
146,675,201806
146,1039,201806
146,279,201806
146,0,201806
146,138,201806
146,103,201806
146,20,201806
146,1444,201806
146,23,201806
146,117,201806
146,38,201806
146,2,201806
146,62,201806
146,85,201806
146,48,201806
146,181,201806
146,10,201806
146,100,201806
146,12,201806
146,180,201806
146,99,201806
146,1144,201806
146,892,201806
146,52,201806
146,27,201806
146,341,201806
146,274,201806
146,83,201806
146,139,201806
146,544,201806
146,1227,201806
146,112,201806
146,94,201806
146,26,201806
146,28,201806
146,320,201806
146,78,201806
146,355,201806
146,266,201806
146,1250,201806
146,375,201806
146,64,201806
146,135,201806
147,221,201806
147,30,201806
147,183,201806
147,330,201806
147,153,201806
147,160,201806
147,372,201806
147,346,201806
147,136,201806
147,11,201806
148,136,201806
149,115,201806
149,29,201806
149,142,201806
149,165,201806
149,112,201806
149,1366,201806
149,40,201806
149,5,201806
149,183,201806
149,14,201806
149,96,201806
149,136,201806
149,23,201806
149,69,201806
149,51,201806
149,97,201806
149,28,201806
149,9,201806
149,47,201806
149,113,201806
149,133,201806
149,135,201806
149,26,201806
149,21,201806
149,80,201806
149,2,201806
149,60,201806
149,20,201806
149,31,201806
149,154,201806
149,72,201806
149,85,201806
149,1169,201806
149,137,201806
149,1,201806
149,25,201806
149,10,201806
149,92,201806
149,274,201806
150,23,201806
150,143,201806
150,30,201806
150,70,201806
150,160,201806
150,5,201806
150,83,201806
150,51,201806
150,29,201806
150,17,201806
150,1,201806
150,4,201806
150,136,201806
150,20,201806
150,11,201806
150,28,201806
150,10,201806
150,137,201806
151,384,201806
152,250,201806
152,25,201806
152,266,201806
152,97,201806
152,29,201806
152,46,201806
152,137,201806
153,147,201806
153,25,201806
153,136,201806
154,149,201806
154,180,201806
154,206,201806
154,137,201806
154,35,201806
154,138,201806
154,143,201806
154,104,201806
154,53,201806
154,29,201806
154,296,201806
154,394,201806
154,522,201806
154,146,201806
154,12,201806
154,85,201806
154,482,201806
154,77,201806
154,160,201806
154,120,201806
154,47,201806
154,121,201806
154,58,201806
154,115,201806
154,23,201806
154,28,201806
154,100,201806
154,102,201806
154,124,201806
154,52,201806
154,107,201806
154,133,201806
154,181,201806
154,55,201806
154,57,201806
154,129,201806
154,113,201806
154,183,201806
154,142,201806
154,155,201806
154,40,201806
154,20,201806
154,165,201806
154,269,201806
154,27,201806
154,96,201806
154,69,201806
154,346,201806
154,11,201806
154,341,201806
154,38,201806
154,93,201806
154,64,201806
154,60,201806
154,251,201806
154,503,201806
154,25,201806
154,1580,201806
154,18,201806
154,432,201806
154,888,201806
154,1017,201806
154,156,201806
154,1482,201806
154,26,201806
154,275,201806
154,136,201806
154,6,201806
154,19,201806
154,99,201806
154,46,201806
154,112,201806
154,45,201806
154,5,201806
154,32,201806
154,21,201806
154,1366,201806
154,51,201806
154,4,201806
154,72,201806
154,10,201806
154,34,201806
154,132,201806
154,0,201806
154,17,201806
154,54,201806
154,9,201806
154,2,201806
154,81,201806
154,83,201806
154,1,201806
154,139,201806
154,16,201806
154,48,201806
154,108,201806
154,31,201806
154,13,201806
154,97,201806
154,92,201806
154,14,201806
154,274,201806
154,135,201806
155,52,201806
155,134,201806
155,19,201806
155,138,201806
155,143,201806
155,160,201806
155,85,201806
155,274,201806
155,21,201806
155,146,201806
155,92,201806
155,40,201806
155,142,201806
155,2,201806
155,27,201806
155,54,201806
155,18,201806
155,83,201806
155,129,201806
155,9,201806
155,38,201806
155,81,201806
155,48,201806
155,1,201806
155,112,201806
155,6,201806
155,17,201806
155,10,201806
155,28,201806
155,97,201806
155,136,201806
155,45,201806
155,154,201806
155,99,201806
155,29,201806
155,32,201806
155,26,201806
155,108,201806
155,60,201806
155,46,201806
155,135,201806
155,14,201806
156,455,201806
156,143,201806
156,142,201806
156,107,201806
156,10,201806
156,99,201806
156,1,201806
156,83,201806
156,13,201806
156,17,201806
156,69,201806
156,26,201806
156,54,201806
156,28,201806
156,32,201806
156,85,201806
156,154,201806
156,29,201806
156,136,201806
156,60,201806
156,108,201806
156,274,201806
156,46,201806
156,19,201806
156,135,201806
156,137,201806
156,27,201806
156,35,201806
156,92,201806
156,25,201806
156,31,201806
156,97,201806
157,118,201806
157,143,201806
157,29,201806
157,303,201806
157,146,201806
157,159,201806
157,266,201806
157,46,201806
157,137,201806
157,99,201806
157,97,201806
157,25,201806
158,341,201806
158,46,201806
158,97,201806
159,138,201806
159,143,201806
159,12,201806
159,29,201806
159,346,201806
159,99,201806
159,18,201806
159,266,201806
159,355,201806
159,10,201806
159,1250,201806
159,32,201806
159,46,201806
159,375,201806
159,1227,201806
159,97,201806
159,137,201806
160,80,201806
160,100,201806
160,154,201806
160,138,201806
160,143,201806
160,137,201806
160,146,201806
160,18,201806
160,79,201806
160,96,201806
160,180,201806
160,110,201806
160,97,201806
160,43,201806
160,85,201806
160,52,201806
160,512,201806
160,30,201806
160,269,201806
160,31,201806
160,183,201806
160,13,201806
160,194,201806
160,55,201806
160,142,201806
160,133,201806
160,14,201806
160,39,201806
160,224,201806
160,45,201806
160,15,201806
160,16,201806
160,46,201806
160,53,201806
160,147,201806
160,63,201806
160,24,201806
160,136,201806
160,132,201806
160,32,201806
160,165,201806
160,198,201806
160,6,201806
160,265,201806
160,48,201806
160,197,201806
160,61,201806
160,62,201806
160,69,201806
160,70,201806
160,181,201806
160,76,201806
160,57,201806
160,84,201806
160,89,201806
160,93,201806
160,58,201806
160,95,201806
160,64,201806
160,25,201806
160,34,201806
160,77,201806
160,59,201806
160,10,201806
160,17,201806
160,115,201806
160,281,201806
160,118,201806
160,339,201806
160,27,201806
160,60,201806
160,176,201806
160,155,201806
160,35,201806
160,54,201806
160,216,201806
160,131,201806
160,0,201806
160,5,201806
160,9,201806
160,12,201806
160,23,201806
160,29,201806
160,38,201806
160,36,201806
160,51,201806
160,19,201806
160,1,201806
160,40,201806
160,102,201806
160,134,201806
160,83,201806
160,120,201806
160,107,201806
160,140,201806
160,117,201806
160,144,201806
160,139,201806
160,28,201806
160,2,201806
160,78,201806
160,4,201806
160,20,201806
160,104,201806
160,188,201806
160,112,201806
160,129,201806
160,11,201806
160,21,201806
160,113,201806
160,195,201806
160,126,201806
160,41,201806
160,108,201806
160,72,201806
160,22,201806
160,101,201806
160,81,201806
160,116,201806
160,7,201806
160,47,201806
160,26,201806
160,119,201806
160,99,201806
160,1455,201806
160,885,201806
160,1227,201806
160,178,201806
160,341,201806
160,355,201806
160,375,201806
160,266,201806
160,274,201806
160,92,201806
160,135,201806
161,124,201806
161,143,201806
161,401,201806
161,77,201806
161,138,201806
161,2,201806
161,1099,201806
161,97,201806
161,35,201806
161,137,201806
161,19,201806
161,375,201806
161,25,201806
161,17,201806
161,266,201806
161,10,201806
163,31,201806
163,40,201806
163,346,201806
163,64,201806
163,29,201806
163,137,201806
163,1250,201806
163,266,201806
163,1227,201806
163,10,201806
163,136,201806
163,375,201806
163,18,201806
163,32,201806
163,97,201806
164,84,201806
164,238,201806
164,223,201806
164,1169,201806
164,20,201806
164,97,201806
164,18,201806
164,17,201806
164,136,201806
164,4,201806
164,10,201806
164,5,201806
164,29,201806
164,137,201806
164,1227,201806
164,51,201806
164,11,201806
165,96,201806
165,143,201806
165,161,201806
165,146,201806
165,339,201806
165,327,201806
165,137,201806
165,1099,201806
165,57,201806
165,23,201806
165,5,201806
165,1484,201806
165,262,201806
165,552,201806
165,77,201806
165,160,201806
165,99,201806
165,54,201806
165,139,201806
165,1987,201806
165,116,201806
165,45,201806
165,115,201806
165,83,201806
165,108,201806
165,150,201806
165,40,201806
165,9,201806
165,100,201806
165,97,201806
165,18,201806
165,113,201806
165,107,201806
165,13,201806
165,51,201806
165,80,201806
165,133,201806
165,26,201806
165,93,201806
165,129,201806
165,34,201806
165,11,201806
165,25,201806
165,85,201806
165,21,201806
165,60,201806
165,1227,201806
165,154,201806
165,4,201806
165,12,201806
165,32,201806
165,114,201806
165,112,201806
165,0,201806
165,285,201806
165,136,201806
165,29,201806
165,14,201806
165,28,201806
165,135,201806
165,10,201806
165,266,201806
165,17,201806
165,2,201806
165,1,201806
165,92,201806
165,274,201806
166,136,201806
167,393,201806
167,327,201806
167,35,201806
167,97,201806
167,160,201806
167,544,201806
167,453,201806
168,87,201806
168,291,201806
168,203,201806
169,166,201806
169,11,201806
169,30,201806
169,17,201806
169,4,201806
169,136,201806
169,137,201806
169,18,201806
169,1,201806
169,20,201806
169,97,201806
169,29,201806
170,281,201806
170,54,201806
170,143,201806
170,154,201806
170,31,201806
170,341,201806
170,29,201806
170,99,201806
170,18,201806
170,32,201806
171,32,201806
171,18,201806
171,29,201806
172,129,201806
172,173,201806
172,100,201806
172,25,201806
172,64,201806
172,48,201806
172,59,201806
172,97,201806
172,35,201806
173,129,201806
173,172,201806
173,1129,201806
173,46,201806
173,97,201806
173,48,201806
173,35,201806
174,346,201806
174,137,201806
174,29,201806
175,5,201806
175,339,201806
175,346,201806
175,14,201806
175,29,201806
175,375,201806
175,266,201806
175,1250,201806
175,46,201806
176,6,201806
176,138,201806
176,143,201806
176,14,201806
176,327,201806
176,77,201806
176,387,201806
176,160,201806
176,134,201806
176,120,201806
176,444,201806
176,40,201806
176,100,201806
176,29,201806
176,393,201806
176,32,201806
176,13,201806
176,64,201806
176,320,201806
176,1250,201806
176,375,201806
176,266,201806
176,46,201806
176,19,201806
176,97,201806
177,69,201806
177,317,201806
177,346,201806
177,1169,201806
177,11,201806
177,17,201806
177,20,201806
177,1227,201806
177,4,201806
177,51,201806
177,10,201806
177,18,201806
177,136,201806
178,35,201806
178,0,201806
178,463,201806
178,119,201806
178,120,201806
178,140,201806
178,32,201806
178,39,201806
178,445,201806
178,141,201806
178,13,201806
178,160,201806
178,81,201806
178,46,201806
178,101,201806
178,76,201806
178,316,201806
178,54,201806
178,420,201806
178,83,201806
178,108,201806
178,97,201806
178,320,201806
178,139,201806
178,60,201806
178,48,201806
180,338,201806
180,52,201806
180,143,201806
180,126,201806
180,6,201806
180,181,201806
180,135,201806
180,160,201806
180,815,201806
180,766,201806
180,27,201806
180,23,201806
180,51,201806
180,176,201806
180,444,201806
180,146,201806
180,129,201806
180,142,201806
180,113,201806
180,96,201806
180,4,201806
180,72,201806
180,81,201806
180,77,201806
180,31,201806
180,672,201806
180,92,201806
180,18,201806
180,36,201806
180,274,201806
180,2,201806
180,154,201806
180,1,201806
180,55,201806
180,40,201806
180,29,201806
180,21,201806
180,17,201806
180,85,201806
180,10,201806
180,100,201806
180,108,201806
180,97,201806
180,46,201806
180,320,201806
180,99,201806
180,64,201806
180,83,201806
180,889,201806
180,13,201806
180,19,201806
180,32,201806
180,48,201806
180,60,201806
180,136,201806
180,14,201806
181,182,201806
181,338,201806
181,6,201806
181,10,201806
181,7,201806
181,51,201806
181,546,201806
181,77,201806
181,160,201806
181,429,201806
181,270,201806
181,16,201806
181,142,201806
181,60,201806
181,17,201806
181,40,201806
181,176,201806
181,132,201806
181,117,201806
181,444,201806
181,29,201806
181,52,201806
181,92,201806
181,19,201806
181,112,201806
181,107,201806
181,108,201806
181,25,201806
181,32,201806
181,85,201806
181,274,201806
181,27,201806
181,64,201806
181,136,201806
181,137,201806
181,1250,201806
181,99,201806
181,18,201806
181,1227,201806
181,375,201806
181,46,201806
181,14,201806
181,266,201806
181,26,201806
181,135,201806
181,97,201806
182,176,201806
182,59,201806
182,24,201806
182,1430,201806
182,171,201806
182,19,201806
182,60,201806
182,6,201806
182,32,201806
182,29,201806
182,97,201806
182,46,201806
183,20,201806
183,787,201806
183,143,201806
183,11,201806
183,154,201806
183,147,201806
183,160,201806
183,5,201806
183,9,201806
183,77,201806
183,139,201806
183,54,201806
183,108,201806
183,132,201806
183,0,201806
183,83,201806
183,97,201806
183,146,201806
183,81,201806
183,17,201806
183,85,201806
183,64,201806
183,4,201806
183,52,201806
183,6,201806
183,2,201806
183,16,201806
183,133,201806
183,92,201806
183,1169,201806
183,113,201806
183,25,201806
183,18,201806
183,274,201806
183,317,201806
183,1227,201806
183,107,201806
183,10,201806
183,51,201806
183,29,201806
183,136,201806
183,21,201806
183,112,201806
183,28,201806
183,135,201806
183,1,201806
183,69,201806
183,137,201806
184,10,201806
184,51,201806
184,4,201806
184,11,201806
184,1227,201806
184,17,201806
184,1,201806
184,136,201806
184,20,201806
185,232,201806
185,110,201806
185,947,201806
185,236,201806
185,627,201806
185,186,201806
185,351,201806
185,657,201806
185,698,201806
185,656,201806
185,937,201806
185,1016,201806
185,474,201806
185,997,201806
185,1225,201806
185,1226,201806
185,922,201806
185,697,201806
185,993,201806
185,200,201806
185,1701,201806
186,110,201806
186,558,201806
186,232,201806
186,351,201806
186,185,201806
186,555,201806
186,557,201806
186,922,201806
186,559,201806
186,1016,201806
186,561,201806
186,556,201806
186,560,201806
186,473,201806
188,157,201806
188,160,201806
188,143,201806
188,1236,201806
188,282,201806
188,552,201806
188,453,201806
188,25,201806
188,346,201806
188,97,201806
188,137,201806
188,136,201806
188,266,201806
188,10,201806
188,46,201806
189,23,201806
189,35,201806
189,444,201806
189,4,201806
189,6,201806
189,133,201806
189,22,201806
189,20,201806
189,51,201806
189,137,201806
189,17,201806
189,136,201806
189,1,201806
190,110,201806
190,235,201806
190,201,201806
190,920,201806
190,696,201806
190,1183,201806
190,897,201806
191,110,201806
192,1903,201806
192,444,201806
192,59,201806
192,24,201806
192,97,201806
192,64,201806
192,26,201806
192,46,201806
192,29,201806
192,19,201806
193,1190,201806
193,29,201806
193,137,201806
194,35,201806
194,160,201806
194,83,201806
194,48,201806
194,6,201806
194,59,201806
194,60,201806
195,143,201806
195,160,201806
195,59,201806
195,266,201806
195,1250,201806
195,320,201806
195,375,201806
195,48,201806
195,32,201806
195,60,201806
195,19,201806
196,110,201806
196,489,201806
196,448,201806
196,230,201806
196,424,201806
196,712,201806
196,225,201806
196,378,201806
196,516,201806
196,506,201806
196,596,201806
196,363,201806
196,525,201806
196,476,201806
196,469,201806
196,319,201806
196,232,201806
196,186,201806
196,564,201806
196,465,201806
196,236,201806
196,591,201806
196,594,201806
196,627,201806
196,636,201806
196,600,201806
196,231,201806
196,239,201806
196,603,201806
196,659,201806
196,351,201806
196,532,201806
196,477,201806
196,643,201806
196,639,201806
196,644,201806
196,626,201806
196,640,201806
196,554,201806
196,226,201806
196,605,201806
196,886,201806
196,586,201806
196,574,201806
196,622,201806
196,624,201806
196,1277,201806
196,551,201806
196,478,201806
196,852,201806
196,367,201806
196,366,201806
196,364,201806
196,451,201806
196,494,201806
196,447,201806
196,678,201806
196,681,201806
196,578,201806
196,470,201806
196,547,201806
196,383,201806
196,377,201806
196,667,201806
196,1035,201806
196,705,201806
196,229,201806
196,425,201806
196,479,201806
196,1252,201806
196,1654,201806
196,535,201806
196,1376,201806
196,409,201806
196,504,201806
196,595,201806
196,472,201806
196,402,201806
196,400,201806
196,1134,201806
196,526,201806
196,365,201806
196,475,201806
196,412,201806
196,471,201806
196,29,201806
196,18,201806
196,4,201806
197,545,201806
197,160,201806
197,97,201806
197,0,201806
197,12,201806
197,139,201806
197,27,201806
197,154,201806
197,274,201806
197,320,201806
197,135,201806
197,1250,201806
197,29,201806
197,375,201806
197,266,201806
197,18,201806
198,282,201806
198,24,201806
198,29,201806
198,355,201806
198,266,201806
198,46,201806
198,97,201806
198,137,201806
198,32,201806
200,110,201806
200,657,201806
200,185,201806
201,110,201806
201,235,201806
201,937,201806
201,185,201806
203,291,201806
203,168,201806
203,87,201806
204,115,201806
204,1,201806
204,137,201806
205,40,201806
205,29,201806
205,64,201806
205,32,201806
205,19,201806
206,117,201806
206,1048,201806
206,375,201806
206,6,201806
206,266,201806
206,32,201806
207,45,201806
207,1044,201806
207,662,201806
208,195,201806
208,1417,201806
208,135,201806
208,1991,201806
208,875,201806
208,142,201806
208,1020,201806
208,1861,201806
208,102,201806
208,35,201806
208,192,201806
208,283,201806
208,1903,201806
208,40,201806
208,13,201806
208,36,201806
208,1978,201806
208,2067,201806
208,1045,201806
208,1413,201806
208,1948,201806
208,739,201806
208,1088,201806
208,313,201806
208,995,201806
208,896,201806
208,353,201806
208,126,201806
208,120,201806
208,1441,201806
208,1657,201806
208,1476,201806
208,45,201806
208,171,201806
208,349,201806
208,1900,201806
208,297,201806
208,772,201806
208,134,201806
208,97,201806
208,99,201806
208,108,201806
208,139,201806
208,29,201806
208,46,201806
208,32,201806
208,48,201806
208,60,201806
209,1,201806
209,17,201806
209,137,201806
210,1345,201806
210,998,201806
210,690,201806
210,1368,201806
210,1369,201806
210,941,201806
211,23,201806
211,863,201806
211,1,201806
211,20,201806
211,136,201806
212,89,201806
212,2235,201806
212,1758,201806
213,21,201806
213,40,201806
213,51,201806
213,29,201806
213,17,201806
213,222,201806
213,136,201806
213,4,201806
213,20,201806
213,11,201806
213,1,201806
213,137,201806
214,33,201806
214,51,201806
214,866,201806
214,1169,201806
214,11,201806
214,136,201806
214,1,201806
214,17,201806
214,4,201806
214,20,201806
215,51,201806
215,214,201806
216,137,201806
216,25,201806
216,97,201806
217,59,201806
217,60,201806
220,483,201806
220,115,201806
220,116,201806
220,137,201806
221,136,201806
221,29,201806
221,51,201806
221,147,201806
221,372,201806
221,111,201806
222,748,201806
222,747,201806
222,4,201806
222,247,201806
222,70,201806
222,863,201806
222,136,201806
222,213,201806
222,28,201806
222,1227,201806
222,17,201806
222,5,201806
222,51,201806
222,10,201806
223,84,201806
223,17,201806
223,136,201806
223,18,201806
223,97,201806
223,5,201806
223,10,201806
223,20,201806
223,51,201806
223,29,201806
223,11,201806
223,4,201806
224,77,201806
224,160,201806
224,384,201806
224,101,201806
224,341,201806
224,32,201806
224,29,201806
224,97,201806
224,99,201806
224,137,201806
224,266,201806
224,375,201806
224,6,201806
224,46,201806
225,110,201806
225,465,201806
225,226,201806
225,475,201806
225,471,201806
225,352,201806
225,575,201806
225,196,201806
225,186,201806
225,712,201806
225,378,201806
225,472,201806
225,470,201806
226,110,201806
226,465,201806
226,589,201806
226,527,201806
226,232,201806
226,255,201806
226,236,201806
226,196,201806
226,231,201806
226,590,201806
226,351,201806
226,573,201806
226,586,201806
226,352,201806
226,225,201806
226,470,201806
226,471,201806
226,572,201806
226,574,201806
227,994,201806
227,11,201806
227,268,201806
228,11,201806
228,227,201806
229,110,201806
229,636,201806
229,230,201806
230,110,201806
230,232,201806
230,196,201806
230,600,201806
230,231,201806
230,640,201806
230,1112,201806
230,465,201806
230,596,201806
230,634,201806
230,635,201806
230,594,201806
230,636,201806
230,639,201806
230,641,201806
230,642,201806
230,229,201806
230,351,201806
230,474,201806
230,638,201806
230,818,201806
230,603,201806
230,695,201806
230,712,201806
231,110,201806
231,230,201806
231,196,201806
231,712,201806
231,527,201806
231,639,201806
231,576,201806
231,226,201806
231,186,201806
231,236,201806
231,351,201806
231,604,201806
231,525,201806
231,232,201806
231,465,201806
231,575,201806
231,643,201806
231,185,201806
231,594,201806
231,605,201806
231,603,201806
231,644,201806
231,319,201806
232,252,201806
232,273,201806
232,256,201806
232,658,201806
232,664,201806
232,603,201806
232,226,201806
232,110,201806
232,186,201806
232,185,201806
232,305,201806
232,236,201806
232,196,201806
232,590,201806
232,352,201806
232,230,201806
232,597,201806
232,255,201806
232,591,201806
232,599,201806
232,253,201806
232,601,201806
232,231,201806
232,602,201806
232,263,201806
232,257,201806
232,239,201806
232,661,201806
232,659,201806
232,258,201806
232,700,201806
232,639,201806
232,644,201806
232,254,201806
232,670,201806
232,605,201806
232,259,201806
232,260,201806
232,624,201806
232,715,201806
232,424,201806
232,351,201806
232,598,201806
232,571,201806
232,560,201806
232,465,201806
232,643,201806
232,576,201806
232,634,201806
232,600,201806
232,638,201806
232,527,201806
232,319,201806
232,575,201806
233,18,201806
233,346,201806
233,29,201806
234,346,201806
234,1227,201806
234,10,201806
234,18,201806
235,110,201806
235,190,201806
235,1056,201806
235,867,201806
235,185,201806
235,1382,201806
236,110,201806
236,627,201806
236,625,201806
236,525,201806
236,185,201806
236,230,201806
236,232,201806
236,424,201806
236,305,201806
236,186,201806
236,465,201806
236,196,201806
236,587,201806
236,231,201806
236,603,201806
236,658,201806
236,351,201806
236,352,201806
236,425,201806
236,604,201806
236,607,201806
236,226,201806
236,605,201806
236,886,201806
236,579,201806
236,841,201806
236,474,201806
237,320,201806
237,26,201806
237,772,201806
237,137,201806
237,6,201806
237,14,201806
237,136,201806
237,97,201806
237,1250,201806
237,266,201806
237,375,201806
237,29,201806
237,48,201806
237,46,201806
238,1413,201806
238,11,201806
239,230,201806
239,258,201806
239,232,201806
239,659,201806
239,254,201806
239,253,201806
239,252,201806
241,322,201806
242,18,201806
242,32,201806
242,29,201806
243,89,201806
243,7,201806
243,90,201806
243,931,201806
243,1,201806
243,97,201806
243,5,201806
243,28,201806
243,8,201806
243,112,201806
243,136,201806
243,17,201806
243,4,201806
243,20,201806
244,346,201806
244,137,201806
245,110,201806
247,110,201806
247,69,201806
247,501,201806
247,23,201806
247,51,201806
247,138,201806
247,143,201806
247,165,201806
247,1,201806
247,327,201806
247,4,201806
247,1857,201806
247,1223,201806
247,979,201806
247,133,201806
247,823,201806
247,136,201806
247,2,201806
247,747,201806
247,12,201806
247,64,201806
247,17,201806
247,18,201806
247,748,201806
248,11,201806
250,152,201806
250,266,201806
250,46,201806
250,99,201806
250,97,201806
250,137,201806
251,298,201806
251,154,201806
251,29,201806
252,253,201806
252,239,201806
252,254,201806
252,232,201806
253,230,201806
253,232,201806
253,252,201806
253,254,201806
253,239,201806
254,258,201806
254,715,201806
254,230,201806
254,232,201806
254,252,201806
254,239,201806
254,253,201806
255,232,201806
255,257,201806
255,260,201806
255,258,201806
256,232,201806
256,601,201806
256,602,201806
256,259,201806
256,263,201806
256,260,201806
256,1019,201806
257,571,201806
257,591,201806
257,259,201806
257,232,201806
257,258,201806
257,602,201806
257,260,201806
257,256,201806
257,700,201806
257,255,201806
258,602,201806
258,232,201806
258,255,201806
258,259,201806
258,239,201806
258,260,201806
259,255,201806
259,273,201806
259,256,201806
259,659,201806
259,258,201806
259,239,201806
259,232,201806
259,260,201806
260,232,201806
260,255,201806
260,601,201806
260,597,201806
260,258,201806
260,256,201806
260,263,201806
260,257,201806
260,259,201806
261,5,201806
261,444,201806
261,1,201806
261,10,201806
261,28,201806
261,20,201806
261,17,201806
263,258,201806
263,232,201806
263,597,201806
263,256,201806
263,260,201806
263,601,201806
263,257,201806
263,259,201806
265,122,201806
265,133,201806
265,43,201806
265,426,201806
265,269,201806
265,762,201806
265,738,201806
265,160,201806
265,123,201806
265,29,201806
265,908,201806
265,171,201806
265,18,201806
265,136,201806
265,64,201806
265,17,201806
265,266,201806
265,10,201806
265,1227,201806
265,137,201806
266,48,201806
266,100,201806
266,145,201806
266,35,201806
266,320,201806
266,1250,201806
266,375,201806
266,250,201806
266,78,201806
266,149,201806
266,152,201806
266,157,201806
266,46,201806
266,889,201806
266,83,201806
266,76,201806
266,120,201806
266,16,201806
266,43,201806
266,195,201806
266,117,201806
266,341,201806
266,163,201806
266,34,201806
266,61,201806
266,40,201806
266,54,201806
266,224,201806
266,27,201806
266,12,201806
266,126,201806
266,24,201806
266,85,201806
266,188,201806
266,722,201806
266,2,201806
266,38,201806
266,159,201806
266,294,201806
266,15,201806
266,141,201806
266,888,201806
266,122,201806
266,165,201806
266,1020,201806
266,265,201806
266,175,201806
266,269,201806
266,434,201806
266,62,201806
266,132,201806
266,815,201806
266,143,201806
266,198,201806
266,140,201806
266,57,201806
266,124,201806
266,160,201806
266,206,201806
266,161,201806
266,138,201806
266,72,201806
266,9,201806
266,66,201806
266,544,201806
266,114,201806
266,1430,201806
266,281,201806
266,129,201806
266,104,201806
266,197,201806
266,710,201806
266,176,201806
266,95,201806
266,77,201806
266,237,201806
266,181,201806
266,65,201806
266,146,201806
266,79,201806
266,101,201806
267,346,201806
267,99,201806
267,1250,201806
267,137,201806
267,29,201806
268,11,201806
268,183,201806
268,20,201806
268,136,201806
268,51,201806
268,17,201806
268,4,201806
269,160,201806
269,131,201806
269,18,201806
269,97,201806
269,375,201806
269,266,201806
269,29,201806
269,137,201806
270,181,201806
270,26,201806
270,29,201806
270,97,201806
270,6,201806
270,136,201806
270,18,201806
270,137,201806
270,32,201806
271,29,201806
273,602,201806
273,254,201806
273,232,201806
273,259,201806
273,659,201806
274,85,201806
274,92,201806
274,2,201806
274,23,201806
274,146,201806
274,463,201806
274,1131,201806
274,180,201806
274,250,201806
274,552,201806
274,22,201806
274,189,201806
274,48,201806
274,52,201806
274,121,201806
274,119,201806
274,117,201806
274,64,201806
274,155,201806
274,16,201806
274,120,201806
274,139,201806
274,181,201806
274,27,201806
274,17,201806
274,183,201806
274,143,201806
274,57,201806
274,54,201806
274,69,201806
274,36,201806
274,102,201806
274,6,201806
274,129,201806
274,18,201806
274,107,201806
274,100,201806
274,93,201806
274,45,201806
274,47,201806
274,112,201806
274,51,201806
274,28,201806
274,156,201806
274,113,201806
274,133,201806
274,12,201806
274,81,201806
274,19,201806
274,32,201806
274,21,201806
274,11,201806
274,4,201806
274,46,201806
274,83,201806
274,40,201806
274,160,201806
274,77,201806
274,13,201806
274,99,201806
274,1366,201806
274,80,201806
274,26,201806
274,20,201806
274,5,201806
274,108,201806
274,124,201806
274,9,201806
274,116,201806
274,72,201806
274,165,201806
274,115,201806
274,149,201806
274,96,201806
274,97,201806
274,31,201806
274,60,201806
274,14,201806
274,154,201806
274,1,201806
274,10,201806
274,0,201806
274,136,201806
274,135,201806
275,154,201806
276,54,201806
276,18,201806
276,32,201806
276,29,201806
277,102,201806
277,19,201806
278,76,201806
278,160,201806
278,99,201806
278,29,201806
278,137,201806
278,26,201806
278,97,201806
278,19,201806
278,46,201806
278,64,201806
279,280,201806
281,59,201806
281,29,201806
281,138,201806
281,143,201806
281,146,201806
281,4,201806
281,6,201806
281,77,201806
281,160,201806
281,374,201806
281,85,201806
281,355,201806
281,100,201806
281,48,201806
281,78,201806
281,266,201806
281,1250,201806
281,375,201806
281,320,201806
282,247,201806
282,81,201806
282,485,201806
282,61,201806
282,530,201806
282,428,201806
282,339,201806
282,198,201806
282,27,201806
282,1144,201806
282,143,201806
282,380,201806
282,22,201806
282,1430,201806
283,77,201806
283,208,201806
283,13,201806
284,129,201806
285,208,201806
285,809,201806
285,19,201806
285,1462,201806
285,1457,201806
285,17,201806
285,85,201806
285,10,201806
285,1,201806
285,112,201806
285,165,201806
285,136,201806
285,18,201806
285,100,201806
285,31,201806
285,46,201806
285,108,201806
285,320,201806
285,45,201806
285,32,201806
285,36,201806
285,83,201806
285,97,201806
285,60,201806
285,29,201806
287,73,201806
287,178,201806
287,97,201806
287,46,201806
289,114,201806
289,134,201806
290,110,201806
290,808,201806
291,87,201806
291,203,201806
291,168,201806
292,346,201806
292,29,201806
293,297,201806
294,12,201806
294,18,201806
294,6,201806
294,320,201806
294,1250,201806
294,266,201806
295,51,201806
296,154,201806
296,29,201806
297,313,201806
297,102,201806
297,46,201806
297,1674,201806
297,1441,201806
297,1657,201806
297,1980,201806
297,55,201806
297,1130,201806
297,1971,201806
297,293,201806
297,855,201806
297,1903,201806
297,19,201806
297,1671,201806
297,1442,201806
297,208,201806
297,349,201806
297,6,201806
297,26,201806
297,444,201806
297,99,201806
297,13,201806
297,59,201806
298,432,201806
298,251,201806
298,18,201806
298,29,201806
299,96,201806
299,130,201806
299,777,201806
300,4,201806
301,4,201806
302,112,201806
303,133,201806
303,31,201806
303,502,201806
303,20,201806
303,25,201806
303,137,201806
303,17,201806
303,11,201806
303,29,201806
303,136,201806
305,110,201806
305,109,201806
305,4,201806
305,627,201806
305,886,201806
305,633,201806
306,110,201806
306,109,201806
306,4,201806
306,613,201806
306,427,201806
306,128,201806
307,25,201806
307,136,201806
309,97,201806
309,137,201806
310,1052,201806
311,69,201806
311,50,201806
311,4,201806
313,297,201806
313,208,201806
313,1932,201806
313,444,201806
313,349,201806
313,13,201806
313,59,201806
314,29,201806
314,136,201806
314,137,201806
316,393,201806
316,35,201806
316,14,201806
316,178,201806
316,48,201806
316,320,201806
316,60,201806
317,69,201806
317,164,201806
317,1169,201806
317,183,201806
317,11,201806
317,4,201806
318,137,201806
318,31,201806
319,527,201806
319,575,201806
319,576,201806
319,232,201806
319,465,201806
319,231,201806
320,83,201806
320,237,201806
320,48,201806
320,76,201806
320,35,201806
320,1250,201806
320,266,201806
320,101,201806
320,120,201806
320,39,201806
320,40,201806
320,97,201806
320,170,201806
320,13,201806
320,178,201806
320,26,201806
320,180,201806
320,18,201806
320,6,201806
320,29,201806
320,19,201806
320,137,201806
320,32,201806
320,24,201806
320,197,201806
320,294,201806
320,65,201806
320,815,201806
320,126,201806
320,27,201806
320,31,201806
320,143,201806
320,62,201806
320,63,201806
320,722,201806
320,16,201806
320,176,201806
320,710,201806
320,195,201806
320,77,201806
320,434,201806
320,99,201806
320,136,201806
320,102,201806
320,79,201806
320,95,201806
320,285,201806
320,119,201806
320,81,201806
320,146,201806
320,281,201806
320,46,201806
320,52,201806
320,316,201806
320,14,201806
322,146,201806
322,39,201806
322,208,201806
322,17,201806
323,89,201806
323,828,201806
323,778,201806
323,1267,201806
323,1408,201806
323,770,201806
323,1103,201806
323,8,201806
323,7,201806
326,137,201806
327,142,201806
327,167,201806
327,165,201806
327,6,201806
327,384,201806
327,339,201806
327,35,201806
327,12,201806
327,151,201806
327,1227,201806
327,393,201806
327,137,201806
327,25,201806
328,89,201806
330,147,201806
330,136,201806
330,11,201806
332,57,201806
332,444,201806
332,32,201806
333,244,201806
333,137,201806
334,59,201806
334,48,201806
334,60,201806
335,25,201806
335,137,201806
336,115,201806
336,25,201806
336,33,201806
336,137,201806
338,79,201806
338,6,201806
338,19,201806
338,32,201806
339,137,201806
339,124,201806
339,160,201806
339,2,201806
339,143,201806
339,224,201806
339,1099,201806
339,57,201806
339,282,201806
339,165,201806
339,24,201806
339,198,201806
339,51,201806
339,107,201806
339,530,201806
339,247,201806
339,327,201806
339,167,201806
339,533,201806
339,237,201806
339,904,201806
339,428,201806
339,1781,201806
339,1,201806
339,1613,201806
339,250,201806
339,133,201806
339,93,201806
339,333,201806
339,393,201806
339,10,201806
339,25,201806
340,137,201806
341,131,201806
341,78,201806
341,92,201806
341,73,201806
341,170,201806
341,175,201806
341,171,201806
341,81,201806
341,137,201806
341,158,201806
341,2,201806
341,16,201806
341,83,201806
341,139,201806
341,160,201806
341,19,201806
341,48,201806
341,27,201806
341,120,201806
341,224,201806
341,398,201806
341,76,201806
341,54,201806
341,18,201806
341,100,201806
341,40,201806
341,140,201806
341,154,201806
341,143,201806
341,31,201806
341,124,201806
341,9,201806
341,36,201806
341,77,201806
341,75,201806
341,146,201806
341,82,201806
341,57,201806
341,94,201806
341,135,201806
341,106,201806
341,32,201806
341,266,201806
341,375,201806
341,97,201806
341,46,201806
341,25,201806
342,64,201806
342,46,201806
342,97,201806
344,1567,201806
344,137,201806
346,174,201806
346,61,201806
346,188,201806
346,66,201806
346,69,201806
346,72,201806
346,124,201806
346,265,201806
346,333,201806
346,147,201806
346,534,201806
346,14,201806
346,244,201806
346,53,201806
346,9,201806
346,135,201806
346,132,201806
346,137,201806
346,77,201806
346,0,201806
346,2,201806
346,31,201806
346,24,201806
346,175,201806
346,32,201806
346,25,201806
346,143,201806
346,125,201806
346,177,201806
346,104,201806
346,154,201806
346,16,201806
346,159,201806
346,101,201806
346,85,201806
346,426,201806
346,163,201806
346,407,201806
346,44,201806
346,30,201806
346,233,201806
346,267,201806
346,423,201806
346,131,201806
346,15,201806
346,138,201806
346,144,201806
346,420,201806
346,408,201806
346,292,201806
346,443,201806
346,123,201806
346,122,201806
346,234,201806
346,74,201806
346,18,201806
347,453,201806
347,142,201806
347,40,201806
348,23,201806
349,297,201806
349,102,201806
349,13,201806
349,444,201806
349,1671,201806
349,208,201806
349,313,201806
349,1674,201806
349,26,201806
349,99,201806
349,59,201806
351,352,201806
351,110,201806
351,565,201806
351,589,201806
351,586,201806
351,574,201806
351,425,201806
351,572,201806
351,587,201806
351,660,201806
351,713,201806
351,679,201806
351,573,201806
351,554,201806
351,607,201806
351,606,201806
351,230,201806
351,232,201806
351,185,201806
351,465,201806
351,231,201806
351,760,201806
351,226,201806
351,590,201806
352,565,201806
352,564,201806
352,484,201806
352,231,201806
352,532,201806
352,477,201806
352,579,201806
352,110,201806
352,186,201806
352,448,201806
352,424,201806
352,196,201806
352,660,201806
352,695,201806
352,693,201806
352,465,201806
352,351,201806
352,425,201806
352,625,201806
352,623,201806
352,678,201806
352,621,201806
352,626,201806
352,622,201806
352,225,201806
352,694,201806
352,838,201806
353,444,201806
353,208,201806
354,444,201806
354,81,201806
355,97,201806
355,35,201806
355,1250,201806
355,31,201806
355,198,201806
355,83,201806
355,14,201806
355,1430,201806
355,65,201806
355,40,201806
355,281,201806
355,101,201806
355,160,201806
355,143,201806
355,6,201806
355,85,201806
355,16,201806
355,159,201806
355,544,201806
355,99,201806
355,77,201806
355,27,201806
355,25,201806
355,104,201806
355,9,201806
355,146,201806
355,137,201806
355,710,201806
355,46,201806
357,1075,201806
357,1129,201806
357,172,201806
358,136,201806
358,68,201806
359,136,201806
360,13,201806
361,1,201806
361,136,201806
362,181,201806
362,29,201806
362,19,201806
362,32,201806
363,366,201806
363,196,201806
364,366,201806
364,1654,201806
364,551,201806
364,196,201806
364,478,201806
365,196,201806
366,196,201806
366,425,201806
366,551,201806
366,1468,201806
366,402,201806
366,364,201806
366,363,201806
366,478,201806
366,712,201806
367,196,201806
367,479,201806
369,14,201806
369,40,201806
370,60,201806
371,29,201806
371,137,201806
371,136,201806
371,1,201806
371,25,201806
372,147,201806
372,153,201806
372,136,201806
373,14,201806
373,40,201806
374,703,201806
374,46,201806
375,1227,201806
375,48,201806
375,10,201806
375,35,201806
375,0,201806
375,1250,201806
375,78,201806
375,266,201806
375,457,201806
375,355,201806
375,247,201806
375,19,201806
375,14,201806
375,320,201806
375,889,201806
375,31,201806
375,72,201806
375,141,201806
375,102,201806
375,83,201806
375,54,201806
375,38,201806
375,1020,201806
375,27,201806
375,15,201806
375,815,201806
375,175,201806
375,85,201806
375,43,201806
375,434,201806
375,76,201806
375,12,201806
375,160,201806
375,206,201806
375,61,201806
375,163,201806
375,269,201806
375,66,201806
375,24,201806
375,341,201806
375,120,201806
375,195,201806
375,132,201806
375,57,201806
375,114,201806
375,16,201806
375,224,201806
375,140,201806
375,143,201806
375,176,201806
375,138,201806
375,65,201806
375,159,201806
375,197,201806
375,79,201806
375,126,201806
375,62,201806
375,181,201806
375,104,201806
375,40,201806
375,281,201806
375,95,201806
375,710,201806
375,1430,201806
375,101,201806
375,77,201806
375,237,201806
375,146,201806
376,931,201806
377,412,201806
377,378,201806
377,196,201806
378,196,201806
378,377,201806
378,470,201806
378,412,201806
378,225,201806
378,471,201806
378,475,201806
378,712,201806
379,31,201806
379,29,201806
383,667,201806
383,1468,201806
384,178,201806
384,327,201806
384,27,201806
384,485,201806
384,224,201806
385,1099,201806
385,2,201806
386,1227,201806
387,176,201806
387,19,201806
388,137,201806
390,137,201806
393,25,201806
393,327,201806
393,97,201806
393,160,201806
393,35,201806
393,0,201806
393,167,201806
393,165,201806
393,542,201806
393,18,201806
393,29,201806
393,12,201806
393,6,201806
393,120,201806
393,384,201806
393,1227,201806
393,137,201806
394,522,201806
394,29,201806
398,453,201806
398,341,201806
398,14,201806
400,196,201806
401,336,201806
401,33,201806
401,12,201806
402,366,201806
402,196,201806
407,61,201806
407,346,201806
407,18,201806
408,346,201806
408,1227,201806
409,196,201806
410,346,201806
410,18,201806
412,377,201806
412,489,201806
412,378,201806
412,196,201806
413,486,201806
413,113,201806
413,18,201806
415,61,201806
415,416,201806
415,136,201806
416,136,201806
416,415,201806
419,64,201806
419,19,201806
419,2019,201806
419,444,201806
420,178,201806
420,346,201806
420,29,201806
422,440,201806
422,54,201806
422,29,201806
423,426,201806
423,18,201806
423,346,201806
424,196,201806
424,425,201806
424,110,201806
424,185,201806
424,232,201806
424,352,201806
424,532,201806
424,448,201806
424,469,201806
424,477,201806
424,506,201806
424,478,201806
424,476,201806
425,448,201806
425,478,201806
425,506,201806
425,110,201806
425,424,201806
425,236,201806
425,627,201806
425,886,201806
425,579,201806
425,1393,201806
425,882,201806
425,366,201806
425,196,201806
426,423,201806
426,18,201806
426,265,201806
427,110,201806
427,109,201806
427,4,201806
427,127,201806
427,306,201806
427,128,201806
427,616,201806
427,566,201806
427,610,201806
427,613,201806
429,181,201806
429,545,201806
429,99,201806
429,32,201806
430,54,201806
430,135,201806
430,18,201806
432,298,201806
432,18,201806
432,154,201806
434,197,201806
434,1463,201806
434,320,201806
434,375,201806
434,48,201806
434,1250,201806
434,266,201806
435,160,201806
435,97,201806
436,160,201806
436,265,201806
436,124,201806
436,18,201806
440,54,201806
440,276,201806
440,32,201806
443,346,201806
443,29,201806
444,1460,201806
444,942,201806
444,31,201806
444,316,201806
444,453,201806
444,1932,201806
444,1197,201806
444,247,201806
444,17,201806
444,261,201806
444,9,201806
444,83,201806
444,1864,201806
444,1463,201806
444,975,201806
444,79,201806
444,55,201806
444,875,201806
444,81,201806
444,434,201806
444,739,201806
444,71,201806
444,353,201806
444,176,201806
444,1471,201806
444,112,201806
444,1088,201806
444,64,201806
444,13,201806
444,181,201806
444,303,201806
444,1048,201806
444,672,201806
444,20,201806
444,1674,201806
444,208,201806
444,419,201806
444,1900,201806
444,35,201806
444,135,201806
444,931,201806
444,14,201806
444,133,201806
444,40,201806
444,313,201806
444,349,201806
444,297,201806
445,83,201806
445,287,201806
445,46,201806
447,1468,201806
447,448,201806
447,489,201806
447,196,201806
448,196,201806
448,366,201806
448,425,201806
448,447,201806
448,479,201806
448,506,201806
448,424,201806
449,14,201806
449,40,201806
451,196,201806
451,479,201806
452,97,201806
453,77,201806
453,160,201806
453,1863,201806
453,31,201806
453,485,201806
453,1073,201806
453,398,201806
453,60,201806
453,135,201806
453,768,201806
453,1411,201806
453,143,201806
453,1097,201806
453,1014,201806
453,2019,201806
453,137,201806
453,167,201806
453,99,201806
453,1445,201806
453,2168,201806
453,40,201806
453,78,201806
455,100,201806
455,0,201806
455,156,201806
455,143,201806
455,97,201806
457,327,201806
457,1227,201806
458,40,201806
458,46,201806
463,13,201806
463,178,201806
463,102,201806
463,1861,201806
463,297,201806
463,1900,201806
463,48,201806
465,576,201806
465,226,201806
465,110,201806
465,319,201806
465,527,201806
465,225,201806
465,231,201806
465,644,201806
465,232,201806
465,575,201806
465,586,201806
465,643,201806
469,424,201806
469,476,201806
470,226,201806
470,225,201806
470,472,201806
470,378,201806
470,196,201806
470,471,201806
471,226,201806
471,475,201806
471,472,201806
471,572,201806
471,225,201806
471,196,201806
471,470,201806
472,351,201806
472,225,201806
472,378,201806
472,196,201806
473,559,201806
473,474,201806
473,186,201806
474,110,201806
474,651,201806
474,185,201806
474,473,201806
474,559,201806
474,1019,201806
474,665,201806
474,556,201806
474,630,201806
474,650,201806
474,236,201806
474,922,201806
474,698,201806
474,997,201806
475,196,201806
475,378,201806
475,471,201806
475,225,201806
476,477,201806
476,424,201806
476,469,201806
477,352,201806
477,476,201806
477,424,201806
477,532,201806
478,425,201806
478,196,201806
478,366,201806
478,424,201806
479,526,201806
479,451,201806
479,551,201806
479,448,201806
479,425,201806
479,196,201806
480,490,201806
480,29,201806
480,136,201806
482,154,201806
483,149,201806
483,85,201806
483,115,201806
483,137,201806
484,352,201806
484,579,201806
484,694,201806
484,626,201806
484,621,201806
485,517,201806
485,13,201806
485,1385,201806
485,10,201806
485,384,201806
485,347,201806
486,40,201806
486,320,201806
487,710,201806
487,133,201806
489,196,201806
489,447,201806
489,412,201806
490,10,201806
490,480,201806
490,29,201806
490,136,201806
492,136,201806
493,28,201806
493,17,201806
494,196,201806
495,137,201806
495,25,201806
499,384,201806
500,208,201806
500,20,201806
500,782,201806
501,5,201806
501,23,201806
501,138,201806
501,107,201806
501,143,201806
501,11,201806
502,728,201806
502,12,201806
502,40,201806
502,136,201806
503,97,201806
503,154,201806
504,547,201806
504,196,201806
506,196,201806
506,448,201806
506,424,201806
506,425,201806
508,488,201806
510,97,201806
512,160,201806
512,188,201806
516,712,201806
516,196,201806
517,1099,201806
517,1236,201806
517,120,201806
517,188,201806
517,282,201806
519,165,201806
519,143,201806
519,129,201806
521,137,201806
522,242,201806
522,394,201806
522,29,201806
523,14,201806
523,40,201806
525,110,201806
525,109,201806
525,4,201806
525,185,201806
525,305,201806
525,186,201806
525,236,201806
525,196,201806
525,627,201806
525,231,201806
525,886,201806
525,947,201806
525,1491,201806
525,961,201806
525,1019,201806
525,1239,201806
525,1087,201806
525,962,201806
525,847,201806
525,1030,201806
525,1089,201806
526,1468,201806
526,196,201806
526,110,201806
527,230,201806
527,599,201806
527,576,201806
527,319,201806
527,226,201806
527,465,201806
527,232,201806
527,575,201806
527,231,201806
527,586,201806
529,40,201806
530,57,201806
532,352,201806
532,424,201806
532,622,201806
532,478,201806
532,623,201806
532,477,201806
533,62,201806
534,346,201806
535,196,201806
537,148,201806
537,136,201806
540,871,201806
540,137,201806
540,29,201806
543,31,201806
544,167,201806
544,176,201806
544,12,201806
544,77,201806
544,25,201806
544,26,201806
544,99,201806
544,18,201806
544,29,201806
544,97,201806
544,146,201806
544,137,201806
544,10,201806
544,17,201806
544,136,201806
544,6,201806
544,355,201806
544,20,201806
544,266,201806
544,46,201806
545,197,201806
545,18,201806
545,429,201806
545,32,201806
546,181,201806
546,545,201806
546,32,201806
546,18,201806
547,504,201806
547,196,201806
548,10,201806
548,11,201806
549,40,201806
549,14,201806
551,196,201806
551,425,201806
551,364,201806
551,478,201806
551,366,201806
552,34,201806
552,115,201806
552,149,201806
552,188,201806
552,72,201806
552,97,201806
552,114,201806
552,57,201806
552,89,201806
552,8,201806
552,6,201806
552,85,201806
552,133,201806
552,136,201806
552,165,201806
552,25,201806
552,17,201806
552,121,201806
552,339,201806
552,27,201806
552,160,201806
552,5,201806
552,29,201806
552,51,201806
552,204,201806
552,2,201806
552,4,201806
552,11,201806
552,108,201806
552,274,201806
552,77,201806
554,587,201806
554,351,201806
554,110,201806
555,186,201806
556,473,201806
556,110,201806
556,186,201806
558,186,201806
559,474,201806
559,556,201806
559,922,201806
559,186,201806
560,186,201806
560,110,201806
560,232,201806
561,186,201806
562,611,201806
562,563,201806
563,610,201806
563,611,201806
563,570,201806
563,567,201806
563,562,201806
563,612,201806
563,566,201806
563,674,201806
563,128,201806
563,569,201806
563,614,201806
563,617,201806
563,618,201806
563,734,201806
563,1974,201806
563,680,201806
563,1150,201806
563,616,201806
563,568,201806
563,616,201806
563,612,201806
563,1150,201806
563,614,201806
563,610,201806
564,352,201806
564,565,201806
564,694,201806
565,352,201806
565,351,201806
565,564,201806
565,579,201806
565,694,201806
566,568,201806
566,427,201806
566,569,201806
566,563,201806
567,566,201806
567,570,201806
567,563,201806
567,618,201806
568,566,201806
568,563,201806
568,570,201806
569,566,201806
569,563,201806
570,612,201806
570,568,201806
570,618,201806
570,563,201806
571,232,201806
572,226,201806
572,574,201806
572,590,201806
572,586,201806
572,573,201806
572,589,201806
572,351,201806
573,351,201806
573,226,201806
573,589,201806
573,110,201806
573,659,201806
573,590,201806
574,573,201806
574,351,201806
574,226,201806
574,572,201806
574,589,201806
574,586,201806
575,230,201806
575,599,201806
575,603,201806
575,644,201806
575,586,201806
575,225,201806
575,643,201806
575,465,201806
575,527,201806
575,576,201806
575,231,201806
575,639,201806
575,319,201806
575,232,201806
576,643,201806
576,465,201806
576,231,201806
576,527,201806
576,232,201806
576,575,201806
576,319,201806
578,196,201806
579,352,201806
579,351,201806
579,625,201806
579,564,201806
579,621,201806
579,694,201806
579,622,201806
579,565,201806
582,850,201806
583,850,201806
584,850,201806
585,850,201806
586,231,201806
586,226,201806
586,575,201806
586,351,201806
586,110,201806
586,465,201806
586,527,201806
587,351,201806
587,554,201806
588,34,201806
588,137,201806
589,586,201806
589,351,201806
589,572,201806
589,226,201806
589,574,201806
590,351,201806
590,226,201806
590,572,201806
590,589,201806
590,573,201806
590,586,201806
591,259,201806
591,232,201806
591,257,201806
591,255,201806
591,700,201806
592,677,201806
592,127,201806
592,593,201806
592,109,201806
592,110,201806
593,109,201806
594,232,201806
594,231,201806
594,230,201806
594,636,201806
594,600,201806
594,196,201806
594,639,201806
594,640,201806
594,596,201806
595,196,201806
596,230,201806
596,640,201806
596,110,201806
596,636,201806
596,594,201806
597,232,201806
597,256,201806
597,260,201806
597,658,201806
597,601,201806
597,263,201806
597,664,201806
598,232,201806
599,231,201806
599,659,201806
599,232,201806
599,575,201806
599,605,201806
599,644,201806
600,232,201806
600,230,201806
600,639,201806
600,594,201806
600,231,201806
601,256,201806
601,664,201806
601,258,201806
601,260,201806
601,597,201806
601,658,201806
601,602,201806
601,263,201806
601,1019,201806
601,232,201806
602,659,201806
602,232,201806
602,258,201806
602,255,201806
602,256,201806
602,594,201806
602,259,201806
602,273,201806
603,231,201806
603,239,201806
603,254,201806
603,465,201806
603,232,201806
603,575,201806
603,639,201806
603,643,201806
603,623,201806
603,230,201806
605,232,201806
605,599,201806
605,231,201806
605,624,201806
605,644,201806
606,351,201806
606,607,201806
606,110,201806
606,679,201806
606,660,201806
607,660,201806
607,679,201806
607,606,201806
607,110,201806
607,351,201806
610,612,201806
610,563,201806
610,614,201806
610,427,201806
611,610,201806
611,562,201806
611,614,201806
611,563,201806
612,611,201806
612,614,201806
612,563,201806
612,610,201806
613,110,201806
613,729,201806
613,127,201806
613,306,201806
613,109,201806
613,427,201806
614,567,201806
614,612,201806
614,610,201806
614,563,201806
616,427,201806
616,563,201806
617,563,201806
618,566,201806
618,569,201806
618,563,201806
618,570,201806
621,110,201806
621,196,201806
621,625,201806
621,484,201806
621,579,201806
621,352,201806
621,694,201806
622,625,201806
622,352,201806
622,623,201806
622,694,201806
623,352,201806
623,694,201806
623,622,201806
623,532,201806
624,232,201806
624,658,201806
624,664,201806
624,670,201806
625,352,201806
625,626,201806
625,621,201806
625,678,201806
625,694,201806
625,579,201806
626,352,201806
626,678,201806
626,625,201806
626,694,201806
627,110,201806
627,236,201806
627,525,201806
627,185,201806
627,232,201806
627,305,201806
627,186,201806
627,196,201806
627,589,201806
627,594,201806
627,527,201806
627,351,201806
627,290,201806
627,226,201806
627,886,201806
627,474,201806
627,1163,201806
627,1142,201806
627,646,201806
627,648,201806
627,649,201806
628,629,201806
628,109,201806
629,109,201806
630,1769,201806
630,650,201806
630,997,201806
630,1019,201806
630,665,201806
630,474,201806
630,110,201806
633,109,201806
633,4,201806
633,110,201806
633,305,201806
634,638,201806
634,230,201806
634,641,201806
634,600,201806
634,232,201806
634,635,201806
635,596,201806
635,638,201806
635,642,201806
635,230,201806
635,634,201806
635,641,201806
636,596,201806
636,594,201806
636,230,201806
636,640,201806
638,230,201806
638,634,201806
638,641,201806
638,635,201806
639,594,201806
639,643,201806
639,254,201806
639,575,201806
639,230,201806
639,576,201806
639,253,201806
639,231,201806
639,600,201806
639,465,201806
639,603,201806
639,232,201806
640,230,201806
640,636,201806
640,596,201806
640,594,201806
641,635,201806
641,638,201806
641,230,201806
641,642,201806
641,232,201806
642,641,201806
642,230,201806
642,638,201806
642,635,201806
643,230,201806
643,319,201806
643,527,201806
643,575,201806
643,639,201806
643,465,201806
643,603,201806
643,231,201806
643,232,201806
644,231,201806
644,232,201806
644,575,201806
644,643,201806
644,465,201806
644,599,201806
644,605,201806
646,649,201806
646,648,201806
646,627,201806
647,841,201806
647,1002,201806
647,719,201806
647,765,201806
647,684,201806
648,649,201806
648,646,201806
648,627,201806
649,646,201806
649,648,201806
649,627,201806
650,474,201806
650,630,201806
650,110,201806
651,665,201806
651,110,201806
651,474,201806
654,146,201806
656,200,201806
656,185,201806
657,185,201806
657,697,201806
657,200,201806
657,937,201806
658,232,201806
658,273,201806
658,597,201806
658,670,201806
658,624,201806
658,661,201806
658,602,201806
658,601,201806
658,664,201806
658,558,201806
659,231,201806
659,257,201806
659,232,201806
659,603,201806
659,253,201806
659,560,201806
659,273,201806
659,602,201806
660,679,201806
660,351,201806
660,606,201806
660,607,201806
661,658,201806
661,232,201806
661,670,201806
661,664,201806
662,25,201806
663,110,201806
664,232,201806
664,273,201806
664,601,201806
664,602,201806
664,670,201806
664,658,201806
664,624,201806
664,597,201806
664,661,201806
665,997,201806
665,185,201806
665,630,201806
665,651,201806
665,110,201806
665,1769,201806
665,474,201806
667,383,201806
667,110,201806
667,857,201806
667,196,201806
670,232,201806
670,664,201806
670,658,201806
670,624,201806
670,256,201806
670,661,201806
671,137,201806
672,135,201806
672,138,201806
672,77,201806
672,14,201806
672,1413,201806
672,180,201806
674,563,201806
675,662,201806
676,109,201806
676,677,201806
676,592,201806
676,593,201806
677,592,201806
677,109,201806
677,127,201806
678,625,201806
678,579,201806
678,694,201806
678,352,201806
678,626,201806
679,660,201806
679,607,201806
679,606,201806
679,351,201806
680,563,201806
681,1468,201806
681,196,201806
681,1241,201806
683,850,201806
684,110,201806
684,647,201806
690,998,201806
693,352,201806
694,110,201806
694,564,201806
694,678,201806
694,352,201806
694,625,201806
694,626,201806
694,484,201806
694,621,201806
694,579,201806
694,623,201806
694,622,201806
694,565,201806
696,190,201806
696,110,201806
697,937,201806
697,185,201806
698,697,201806
698,200,201806
698,993,201806
698,185,201806
700,232,201806
700,257,201806
700,591,201806
701,127,201806
703,95,201806
703,374,201806
703,46,201806
705,196,201806
706,136,201806
710,35,201806
710,10,201806
710,100,201806
710,320,201806
710,48,201806
710,1250,201806
710,266,201806
710,375,201806
710,355,201806
712,196,201806
712,378,201806
712,625,201806
712,565,201806
712,590,201806
712,225,201806
712,412,201806
712,366,201806
712,516,201806
715,232,201806
715,254,201806
716,850,201806
719,647,201806
722,83,201806
722,64,201806
722,320,201806
722,29,201806
722,266,201806
723,109,201806
724,723,201806
724,109,201806
725,850,201806
726,850,201806
728,862,201806
728,12,201806
728,346,201806
728,10,201806
728,1227,201806
728,137,201806
729,109,201806
729,127,201806
730,1065,201806
730,29,201806
730,64,201806
731,137,201806
732,11,201806
734,563,201806
736,761,201806
736,21,201806
736,5,201806
738,265,201806
738,123,201806
738,136,201806
738,18,201806
739,297,201806
739,135,201806
739,444,201806
739,19,201806
739,57,201806
739,1861,201806
739,208,201806
739,1772,201806
740,85,201806
741,795,201806
741,295,201806
741,136,201806
741,20,201806
744,46,201806
747,222,201806
747,748,201806
747,247,201806
747,1162,201806
748,222,201806
748,747,201806
748,247,201806
749,348,201806
752,137,201806
752,29,201806
753,84,201806
753,30,201806
754,30,201806
755,21,201806
756,25,201806
757,137,201806
760,351,201806
761,21,201806
761,755,201806
761,17,201806
761,20,201806
762,122,201806
762,265,201806
762,738,201806
762,136,201806
764,5,201806
764,17,201806
765,647,201806
766,13,201806
768,769,201806
768,48,201806
769,48,201806
769,137,201806
769,99,201806
769,29,201806
769,139,201806
769,6,201806
769,97,201806
769,2270,201806
769,60,201806
769,46,201806
769,108,201806
769,35,201806
770,828,201806
770,90,201806
770,1267,201806
770,8,201806
770,323,201806
770,1103,201806
770,89,201806
770,778,201806
770,1408,201806
770,7,201806
772,208,201806
772,134,201806
772,237,201806
772,6,201806
776,783,201806
776,30,201806
777,96,201806
777,299,201806
778,828,201806
778,1267,201806
778,323,201806
778,1408,201806
778,1103,201806
778,89,201806
778,7,201806
778,770,201806
778,8,201806
781,548,201806
781,10,201806
781,17,201806
781,1,201806
781,136,201806
781,11,201806
782,135,201806
782,46,201806
782,1130,201806
782,500,201806
782,1088,201806
783,776,201806
783,30,201806
784,1,201806
785,35,201806
786,1060,201806
786,1468,201806
786,898,201806
786,1225,201806
786,917,201806
787,183,201806
795,33,201806
795,184,201806
795,51,201806
796,941,201806
797,19,201806
797,46,201806
799,14,201806
799,46,201806
799,19,201806
801,137,201806
801,96,201806
806,49,201806
808,110,201806
808,290,201806
809,444,201806
809,1413,201806
809,1462,201806
813,76,201806
813,143,201806
813,97,201806
813,46,201806
814,54,201806
814,32,201806
814,18,201806
815,180,201806
815,60,201806
815,320,201806
815,48,201806
815,375,201806
815,266,201806
817,150,201806
817,5,201806
818,230,201806
819,303,201806
819,18,201806
819,1,201806
819,113,201806
819,28,201806
819,20,201806
819,51,201806
819,4,201806
819,17,201806
820,279,201806
823,2222,201806
828,89,201806
828,778,201806
828,1267,201806
828,8,201806
828,323,201806
828,1408,201806
828,770,201806
828,1103,201806
828,7,201806
830,110,201806
832,21,201806
834,136,201806
835,138,201806
835,143,201806
836,78,201806
839,850,201806
840,109,201806
841,236,201806
841,647,201806
841,110,201806
842,51,201806
843,4,201806
846,109,201806
847,961,201806
847,1087,201806
847,1019,201806
847,186,201806
847,850,201806
847,110,201806
847,525,201806
850,1089,201806
850,839,201806
850,726,201806
850,1239,201806
850,584,201806
850,585,201806
850,683,201806
850,583,201806
850,725,201806
850,716,201806
850,582,201806
850,851,201806
850,1380,201806
851,850,201806
852,110,201806
852,196,201806
852,489,201806
857,667,201806
860,1351,201806
860,1337,201806
860,158,201806
860,80,201806
860,46,201806
860,97,201806
860,19,201806
862,12,201806
863,17,201806
863,23,201806
863,906,201806
863,10,201806
864,677,201806
864,109,201806
866,177,201806
866,21,201806
866,1169,201806
866,20,201806
867,235,201806
869,77,201806
869,339,201806
869,453,201806
870,8,201806
870,11,201806
870,1048,201806
871,540,201806
871,29,201806
871,137,201806
875,1861,201806
875,1443,201806
875,1462,201806
875,444,201806
875,1460,201806
885,160,201806
885,137,201806
886,525,201806
886,236,201806
886,196,201806
886,627,201806
886,658,201806
886,664,201806
886,425,201806
886,110,201806
888,154,201806
888,266,201806
889,375,201806
889,180,201806
889,266,201806
892,146,201806
892,19,201806
892,35,201806
892,97,201806
896,119,201806
896,208,201806
896,13,201806
897,190,201806
898,786,201806
899,19,201806
900,81,201806
906,23,201806
906,1,201806
906,4,201806
906,136,201806
906,17,201806
906,20,201806
908,909,201806
908,136,201806
909,908,201806
909,136,201806
913,109,201806
914,10,201806
914,85,201806
917,786,201806
920,110,201806
920,190,201806
922,997,201806
922,474,201806
922,186,201806
922,185,201806
931,71,201806
931,13,201806
931,143,201806
931,376,201806
931,135,201806
931,500,201806
931,463,201806
931,444,201806
935,31,201806
935,97,201806
937,200,201806
937,185,201806
937,201,201806
937,697,201806
937,657,201806
941,1345,201806
941,1368,201806
941,690,201806
941,931,201806
941,210,201806
941,796,201806
941,1057,201806
941,998,201806
942,1193,201806
947,110,201806
947,525,201806
947,185,201806
948,127,201806
950,1,201806
950,136,201806
950,137,201806
958,110,201806
961,847,201806
961,525,201806
962,1089,201806
962,947,201806
962,525,201806
966,17,201806
966,1227,201806
968,136,201806
975,444,201806
978,197,201806
979,1422,201806
979,247,201806
981,982,201806
981,136,201806
982,981,201806
982,136,201806
993,185,201806
993,698,201806
994,268,201806
995,208,201806
995,13,201806
996,13,201806
997,922,201806
997,665,201806
997,110,201806
997,630,201806
997,185,201806
997,474,201806
998,1345,201806
998,690,201806
998,941,201806
998,1369,201806
998,1368,201806
998,210,201806
1002,647,201806
1014,453,201806
1014,85,201806
1015,11,201806
1015,136,201806
1016,186,201806
1016,185,201806
1017,154,201806
1019,185,201806
1019,232,201806
1019,474,201806
1019,630,201806
1020,208,201806
1020,40,201806
1020,14,201806
1020,375,201806
1020,266,201806
1022,40,201806
1030,1087,201806
1030,525,201806
1035,196,201806
1044,45,201806
1044,207,201806
1045,444,201806
1045,208,201806
1045,1903,201806
1048,870,201806
1052,97,201806
1056,235,201806
1057,941,201806
1060,1468,201806
1060,786,201806
1065,730,201806
1065,64,201806
1065,29,201806
1070,4,201806
1073,1434,201806
1073,1361,201806
1075,357,201806
1075,1404,201806
1075,129,201806
1079,138,201806
1086,40,201806
1087,1030,201806
1087,525,201806
1088,79,201806
1088,444,201806
1088,208,201806
1088,17,201806
1088,35,201806
1088,135,201806
1088,18,201806
1088,782,201806
1089,850,201806
1089,525,201806
1089,962,201806
1090,30,201806
1097,453,201806
1097,1383,201806
1099,1088,201806
1099,81,201806
1099,24,201806
1099,385,201806
1099,60,201806
1099,530,201806
1099,72,201806
1103,89,201806
1103,828,201806
1103,778,201806
1103,1267,201806
1103,323,201806
1103,1408,201806
1103,770,201806
1103,8,201806
1103,7,201806
1112,196,201806
1118,1699,201806
1118,13,201806
1129,357,201806
1129,129,201806
1129,173,201806
1129,1404,201806
1130,285,201806
1130,1674,201806
1130,297,201806
1130,45,201806
1130,1441,201806
1130,500,201806
1130,2156,201806
1130,782,201806
1131,274,201806
1134,196,201806
1134,110,201806
1142,627,201806
1144,40,201806
1144,13,201806
1150,563,201806
1151,1422,201806
1162,1422,201806
1162,747,201806
1163,627,201806
1169,1227,201806
1169,164,201806
1169,44,201806
1169,214,201806
1169,33,201806
1169,51,201806
1169,177,201806
1169,866,201806
1169,74,201806
1169,183,201806
1169,317,201806
1169,220,201806
1169,145,201806
1169,483,201806
1169,149,201806
1169,161,201806
1169,144,201806
1169,43,201806
1169,54,201806
1169,2,201806
1180,135,201806
1183,190,201806
1190,137,201806
1193,1904,201806
1193,297,201806
1193,942,201806
1193,349,201806
1196,842,201806
1197,119,201806
1205,18,201806
1205,29,201806
1209,38,201806
1223,247,201806
1225,786,201806
1225,1226,201806
1226,1225,201806
1226,1701,201806
1227,17,201806
1227,375,201806
1227,457,201806
1227,16,201806
1227,1169,201806
1227,35,201806
1227,25,201806
1227,100,201806
1227,10,201806
1227,2,201806
1227,327,201806
1227,247,201806
1227,136,201806
1227,165,201806
1227,5,201806
1227,393,201806
1227,234,201806
1227,84,201806
1227,184,201806
1227,123,201806
1227,183,201806
1227,160,201806
1227,163,201806
1227,12,201806
1227,177,201806
1227,408,201806
1227,122,201806
1227,728,201806
1227,386,201806
1227,103,201806
1227,34,201806
1227,43,201806
1227,62,201806
1227,66,201806
1227,146,201806
1227,33,201806
1227,164,201806
1227,30,201806
1227,86,201806
1227,132,201806
1227,265,201806
1227,138,201806
1227,222,201806
1227,181,201806
1227,104,201806
1227,105,201806
1227,159,201806
1227,111,201806
1227,61,201806
1227,15,201806
1227,966,201806
1236,1,201806
1236,16,201806
1239,525,201806
1239,850,201806
1241,110,201806
1250,48,201806
1250,35,201806
1250,320,201806
1250,375,201806
1250,266,201806
1250,355,201806
1250,163,201806
1250,294,201806
1250,117,201806
1250,95,201806
1250,195,201806
1250,176,201806
1250,132,201806
1250,104,201806
1250,54,201806
1250,1430,201806
1250,83,201806
1250,24,201806
1250,15,201806
1250,31,201806
1250,102,201806
1250,197,201806
1250,434,201806
1250,181,201806
1250,267,201806
1250,27,201806
1250,175,201806
1250,62,201806
1250,66,201806
1250,143,201806
1250,16,201806
1250,159,201806
1250,79,201806
1250,138,201806
1250,237,201806
1250,281,201806
1250,101,201806
1250,710,201806
1250,40,201806
1250,65,201806
1250,77,201806
1250,146,201806
1252,196,201806
1252,447,201806
1254,60,201806
1254,46,201806
1258,85,201806
1258,136,201806
1259,1286,201806
1269,1,201806
1269,96,201806
1273,627,201806
1273,110,201806
1277,196,201806
1277,451,201806
1286,1259,201806
1291,137,201806
1314,1121,201806
1317,5,201806
1335,86,201806
1335,31,201806
1335,133,201806
1337,1351,201806
1345,1368,201806
1345,690,201806
1345,998,201806
1351,860,201806
1351,1337,201806
1355,1,201806
1361,12,201806
1361,1864,201806
1361,1073,201806
1363,40,201806
1363,0,201806
1363,444,201806
1366,97,201806
1366,48,201806
1366,107,201806
1366,4,201806
1366,108,201806
1366,133,201806
1366,99,201806
1366,5,201806
1366,19,201806
1366,146,201806
1366,96,201806
1366,165,201806
1366,115,201806
1366,26,201806
1366,23,201806
1366,9,201806
1366,12,201806
1366,27,201806
1366,28,201806
1366,1,201806
1366,149,201806
1366,116,201806
1366,136,201806
1366,135,201806
1366,85,201806
1366,25,201806
1366,137,201806
1366,46,201806
1366,14,201806
1366,92,201806
1366,154,201806
1366,274,201806
1366,31,201806
1368,1345,201806
1368,690,201806
1368,210,201806
1368,941,201806
1368,1369,201806
1368,998,201806
1369,1368,201806
1369,690,201806
1369,210,201806
1369,998,201806
1369,941,201806
1371,1385,201806
1373,1776,201806
1376,196,201806
1380,850,201806
1381,2095,201806
1382,235,201806
1383,1413,201806
1383,1097,201806
1383,133,201806
1385,485,201806
1385,1371,201806
1391,2,201806
1393,110,201806
1393,425,201806
1404,1075,201806
1404,1129,201806
1408,828,201806
1408,778,201806
1408,1267,201806
1408,8,201806
1408,323,201806
1408,1103,201806
1408,7,201806
1408,89,201806
1408,770,201806
1411,416,201806
1411,1430,201806
1411,453,201806
1411,36,201806
1413,1383,201806
1413,277,201806
1413,26,201806
1413,208,201806
1413,444,201806
1413,41,201806
1414,444,201806
1417,208,201806
1417,13,201806
1418,29,201806
1422,1467,201806
1422,1151,201806
1422,1446,201806
1422,979,201806
1422,1424,201806
1424,1151,201806
1424,979,201806
1424,1439,201806
1424,1422,201806
1430,116,201806
1430,282,201806
1430,355,201806
1430,1250,201806
1430,0,201806
1430,266,201806
1430,375,201806
1430,48,201806
1433,10,201806
1433,133,201806
1434,379,201806
1438,1422,201806
1440,14,201806
1441,297,201806
1441,64,201806
1441,995,201806
1441,739,201806
1441,1130,201806
1441,208,201806
1442,297,201806
1444,146,201806
1445,453,201806
1445,36,201806
1445,1542,201806
1445,143,201806
1445,1455,201806
1455,31,201806
1455,160,201806
1457,285,201806
1459,135,201806
1460,444,201806
1460,875,201806
1460,809,201806
1462,285,201806
1462,809,201806
1462,1457,201806
1462,875,201806
1463,444,201806
1468,786,201806
1468,1273,201806
1468,447,201806
1468,1060,201806
1468,366,201806
1468,526,201806
1468,681,201806
1471,444,201806
1471,31,201806
1476,208,201806
1482,154,201806
1483,31,201806
1484,133,201806
1490,1422,201806
1580,154,201806
1627,59,201806
1649,17,201806
1654,196,201806
1657,297,201806
1657,208,201806
1661,349,201806
1671,349,201806
1674,297,201806
1674,444,201806
1674,349,201806
1699,1903,201806
1701,1226,201806
1701,185,201806
1712,11,201806
1758,212,201806
1769,630,201806
1769,665,201806
1769,474,201806
1772,739,201806
1776,419,201806
1815,1904,201806
1856,208,201806
1857,247,201806
1861,444,201806
1861,739,201806
1861,463,201806
1861,208,201806
1862,40,201806
1863,40,201806
1864,40,201806
1864,208,201806
1888,1900,201806
1900,1414,201806
1900,1888,201806
1900,463,201806
1900,444,201806
1900,208,201806
1903,444,201806
1903,297,201806
1903,192,201806
1903,1118,201806
1903,208,201806
1904,1193,201806
1904,208,201806
1904,1815,201806
1915,1441,201806
1932,313,201806
1932,444,201806
1948,208,201806
1971,208,201806
1974,563,201806
1978,208,201806
1980,297,201806
1987,133,201806
1991,208,201806
1993,444,201806
2019,453,201806
2019,419,201806
2067,208,201806
2094,59,201806
2095,1381,201806
2156,1130,201806
2168,453,201806
2222,247,201806
2235,212,201806
2270,769,201806
