i,j,t
0,110,200009
0,286,200009
0,181,200009
0,25,200009
0,77,200009
0,157,200009
0,10,200009
0,38,200009
0,146,200009
0,18,200009
0,278,200009
0,6,200009
0,54,200009
0,143,200009
0,160,200009
0,137,200009
0,32,200009
0,53,200009
0,23,200009
0,81,200009
0,108,200009
0,52,200009
0,4,200009
0,135,200009
0,121,200009
0,14,200009
0,19,200009
0,208,200009
0,11,200009
0,16,200009
0,85,200009
0,99,200009
0,83,200009
0,45,200009
0,197,200009
0,51,200009
0,96,200009
0,24,200009
0,27,200009
0,180,200009
0,183,200009
0,29,200009
0,156,200009
0,170,200009
0,64,200009
0,2,200009
0,20,200009
0,139,200009
0,445,200009
0,102,200009
0,115,200009
0,9,200009
0,13,200009
0,136,200009
0,119,200009
0,26,200009
0,149,200009
0,142,200009
0,36,200009
0,35,200009
0,21,200009
0,129,200009
0,165,200009
0,1,200009
0,28,200009
0,100,200009
0,59,200009
0,17,200009
0,60,200009
0,40,200009
0,48,200009
0,31,200009
0,97,200009
0,80,200009
0,46,200009
0,154,200009
0,274,200009
0,92,200009
1,96,200009
1,97,200009
1,14,200009
1,53,200009
1,92,200009
1,10,200009
1,26,200009
1,138,200009
1,112,200009
1,11,200009
1,72,200009
1,100,200009
1,154,200009
1,183,200009
1,99,200009
1,135,200009
1,5,200009
1,120,200009
1,77,200009
1,54,200009
1,33,200009
1,59,200009
1,108,200009
1,137,200009
1,107,200009
1,85,200009
1,6,200009
1,38,200009
1,15,200009
1,29,200009
1,35,200009
1,161,200009
1,134,200009
1,196,200009
1,46,200009
1,69,200009
1,20,200009
1,155,200009
1,9,200009
1,13,200009
1,110,200009
1,16,200009
1,248,200009
1,48,200009
1,78,200009
1,36,200009
1,102,200009
1,104,200009
1,83,200009
1,18,200009
1,22,200009
1,81,200009
1,51,200009
1,149,200009
1,157,200009
1,52,200009
1,7,200009
1,116,200009
1,89,200009
1,32,200009
1,115,200009
1,0,200009
1,80,200009
1,119,200009
1,12,200009
1,143,200009
1,124,200009
1,64,200009
1,160,200009
1,60,200009
1,34,200009
1,31,200009
1,2,200009
1,17,200009
1,4,200009
1,27,200009
1,19,200009
1,165,200009
1,136,200009
1,21,200009
1,40,200009
1,25,200009
1,146,200009
1,121,200009
1,133,200009
1,23,200009
1,113,200009
1,28,200009
2,142,200009
2,81,200009
2,137,200009
2,32,200009
2,25,200009
2,35,200009
2,38,200009
2,22,200009
2,46,200009
2,64,200009
2,121,200009
2,86,200009
2,28,200009
2,14,200009
2,9,200009
2,31,200009
2,20,200009
2,83,200009
2,108,200009
2,112,200009
2,152,200009
2,208,200009
2,117,200009
2,26,200009
2,41,200009
2,18,200009
2,23,200009
2,99,200009
2,143,200009
2,4,200009
2,5,200009
2,161,200009
2,107,200009
2,97,200009
2,19,200009
2,52,200009
2,133,200009
2,6,200009
2,27,200009
2,160,200009
2,13,200009
2,16,200009
2,0,200009
2,85,200009
2,113,200009
2,100,200009
2,77,200009
2,17,200009
2,60,200009
2,65,200009
2,129,200009
2,149,200009
2,248,200009
2,136,200009
2,80,200009
2,48,200009
2,59,200009
2,72,200009
2,54,200009
2,124,200009
2,135,200009
2,96,200009
2,11,200009
2,93,200009
2,29,200009
2,146,200009
2,1,200009
2,165,200009
2,10,200009
2,154,200009
2,92,200009
2,274,200009
3,311,200009
3,4,200009
4,96,200009
4,47,200009
4,87,200009
4,77,200009
4,125,200009
4,60,200009
4,12,200009
4,1,200009
4,28,200009
4,21,200009
4,154,200009
4,117,200009
4,13,200009
4,74,200009
4,16,200009
4,59,200009
4,99,200009
4,132,200009
4,97,200009
4,17,200009
4,0,200009
4,26,200009
4,6,200009
4,129,200009
4,120,200009
4,108,200009
4,29,200009
4,80,200009
4,131,200009
4,165,200009
4,189,200009
4,27,200009
4,18,200009
4,592,200009
4,180,200009
4,51,200009
4,137,200009
4,85,200009
4,215,200009
4,115,200009
4,81,200009
4,152,200009
4,83,200009
4,32,200009
4,149,200009
4,305,200009
4,9,200009
4,19,200009
4,34,200009
4,124,200009
4,23,200009
4,135,200009
4,48,200009
4,133,200009
4,741,200009
4,128,200009
4,306,200009
4,196,200009
4,22,200009
4,248,200009
4,54,200009
4,761,200009
4,10,200009
4,866,200009
4,102,200009
4,14,200009
4,525,200009
4,3,200009
4,238,200009
4,633,200009
4,213,200009
4,88,200009
4,110,200009
4,92,200009
4,127,200009
4,843,200009
4,268,200009
4,31,200009
4,84,200009
4,35,200009
4,300,200009
4,301,200009
4,184,200009
4,223,200009
4,317,200009
4,86,200009
4,214,200009
4,30,200009
4,311,200009
4,150,200009
4,164,200009
4,113,200009
4,50,200009
4,33,200009
4,177,200009
4,222,200009
4,427,200009
4,11,200009
4,112,200009
4,183,200009
4,89,200009
4,107,200009
4,160,200009
4,109,200009
4,46,200009
4,146,200009
4,69,200009
4,136,200009
4,64,200009
4,40,200009
4,5,200009
4,25,200009
4,20,200009
5,125,200009
5,20,200009
5,46,200009
5,12,200009
5,40,200009
5,11,200009
5,17,200009
5,52,200009
5,0,200009
5,120,200009
5,99,200009
5,134,200009
5,60,200009
5,32,200009
5,97,200009
5,100,200009
5,165,200009
5,85,200009
5,115,200009
5,155,200009
5,102,200009
5,157,200009
5,2,200009
5,28,200009
5,72,200009
5,26,200009
5,22,200009
5,53,200009
5,154,200009
5,27,200009
5,119,200009
5,9,200009
5,149,200009
5,107,200009
5,16,200009
5,10,200009
5,135,200009
5,92,200009
5,7,200009
5,183,200009
5,14,200009
5,89,200009
5,69,200009
5,6,200009
5,31,200009
5,25,200009
5,59,200009
5,96,200009
5,137,200009
5,29,200009
5,51,200009
5,113,200009
5,1,200009
5,136,200009
5,4,200009
5,23,200009
5,133,200009
6,34,200009
6,59,200009
6,26,200009
6,176,200009
6,18,200009
6,12,200009
6,17,200009
6,23,200009
6,5,200009
6,25,200009
6,38,200009
6,181,200009
6,243,200009
6,169,200009
6,133,200009
6,39,200009
6,10,200009
6,40,200009
6,4,200009
6,81,200009
6,27,200009
6,137,200009
6,157,200009
6,100,200009
6,28,200009
6,21,200009
6,31,200009
6,96,200009
6,22,200009
6,132,200009
6,172,200009
6,69,200009
6,24,200009
6,2,200009
6,113,200009
6,53,200009
6,29,200009
6,165,200009
6,60,200009
6,78,200009
6,85,200009
6,77,200009
6,108,200009
6,136,200009
6,139,200009
6,142,200009
6,14,200009
6,11,200009
6,9,200009
6,76,200009
6,36,200009
6,35,200009
6,0,200009
6,52,200009
6,48,200009
6,57,200009
6,51,200009
6,92,200009
6,20,200009
6,135,200009
6,110,200009
6,349,200009
6,146,200009
6,101,200009
6,80,200009
6,160,200009
6,154,200009
6,19,200009
6,297,200009
6,143,200009
6,46,200009
6,120,200009
6,94,200009
6,54,200009
6,155,200009
6,82,200009
6,194,200009
6,45,200009
6,126,200009
6,320,200009
6,55,200009
6,180,200009
6,117,200009
6,64,200009
6,102,200009
6,134,200009
6,112,200009
6,89,200009
6,83,200009
6,129,200009
6,1,200009
6,32,200009
6,97,200009
6,16,200009
6,99,200009
6,13,200009
7,135,200009
7,8,200009
7,89,200009
7,1,200009
7,243,200009
7,90,200009
7,5,200009
7,17,200009
7,20,200009
7,154,200009
8,7,200009
8,4,200009
8,243,200009
8,154,200009
8,17,200009
8,20,200009
8,89,200009
9,92,200009
9,64,200009
9,281,200009
9,2,200009
9,205,200009
9,46,200009
9,40,200009
9,18,200009
9,108,200009
9,93,200009
9,20,200009
9,59,200009
9,48,200009
9,163,200009
9,6,200009
9,86,200009
9,54,200009
9,16,200009
9,47,200009
9,14,200009
9,0,200009
9,28,200009
9,112,200009
9,19,200009
9,99,200009
9,72,200009
9,25,200009
9,23,200009
9,13,200009
9,248,200009
9,77,200009
9,26,200009
9,31,200009
9,143,200009
9,32,200009
9,85,200009
9,96,200009
9,17,200009
9,10,200009
9,135,200009
9,146,200009
9,29,200009
9,154,200009
9,137,200009
9,11,200009
9,1,200009
9,160,200009
9,27,200009
9,97,200009
9,136,200009
9,274,200009
10,133,200009
10,14,200009
10,274,200009
10,92,200009
10,170,200009
10,26,200009
10,54,200009
10,112,200009
10,245,200009
10,99,200009
10,27,200009
10,32,200009
10,19,200009
10,64,200009
10,85,200009
10,16,200009
10,48,200009
10,189,200009
10,33,200009
10,20,200009
10,13,200009
10,117,200009
10,60,200009
10,38,200009
10,2,200009
10,21,200009
10,183,200009
10,40,200009
10,137,200009
10,35,200009
10,88,200009
10,146,200009
10,108,200009
10,135,200009
10,78,200009
10,0,200009
10,155,200009
10,6,200009
10,102,200009
10,120,200009
10,136,200009
10,96,200009
10,77,200009
10,52,200009
10,107,200009
10,4,200009
10,51,200009
10,100,200009
10,119,200009
10,17,200009
10,80,200009
10,11,200009
10,5,200009
10,72,200009
10,69,200009
10,12,200009
10,9,200009
10,23,200009
10,150,200009
10,22,200009
10,116,200009
10,121,200009
10,165,200009
10,25,200009
10,115,200009
10,18,200009
10,149,200009
10,81,200009
10,97,200009
10,154,200009
10,59,200009
10,180,200009
10,160,200009
10,89,200009
10,29,200009
10,46,200009
10,31,200009
10,28,200009
10,113,200009
10,1,200009
11,96,200009
11,165,200009
11,10,200009
11,18,200009
11,12,200009
11,51,200009
11,1,200009
11,134,200009
11,227,200009
11,137,200009
11,32,200009
11,76,200009
11,64,200009
11,2,200009
11,117,200009
11,121,200009
11,19,200009
11,40,200009
11,31,200009
11,13,200009
11,136,200009
11,0,200009
11,97,200009
11,108,200009
11,181,200009
11,102,200009
11,81,200009
11,99,200009
11,34,200009
11,16,200009
11,131,200009
11,26,200009
11,29,200009
11,27,200009
11,189,200009
11,35,200009
11,22,200009
11,14,200009
11,83,200009
11,52,200009
11,166,200009
11,72,200009
11,5,200009
11,23,200009
11,133,200009
11,112,200009
11,7,200009
11,21,200009
11,48,200009
11,92,200009
11,154,200009
11,69,200009
11,89,200009
11,6,200009
11,28,200009
11,85,200009
11,183,200009
11,17,200009
11,88,200009
11,107,200009
11,25,200009
11,84,200009
11,9,200009
11,53,200009
11,86,200009
11,4,200009
11,164,200009
11,177,200009
11,30,200009
11,223,200009
11,20,200009
11,60,200009
11,110,200009
11,113,200009
11,59,200009
11,146,200009
12,220,200009
12,80,200009
12,326,200009
12,39,200009
12,32,200009
12,10,200009
12,17,200009
12,27,200009
12,0,200009
12,1,200009
12,28,200009
12,4,200009
12,20,200009
12,76,200009
12,161,200009
12,40,200009
12,154,200009
12,16,200009
12,146,200009
12,11,200009
12,6,200009
12,35,200009
12,113,200009
12,136,200009
12,99,200009
12,46,200009
12,108,200009
12,48,200009
12,31,200009
12,69,200009
12,21,200009
12,112,200009
12,165,200009
12,52,200009
12,100,200009
12,26,200009
12,5,200009
12,339,200009
12,139,200009
12,2,200009
12,51,200009
12,97,200009
12,19,200009
12,96,200009
12,248,200009
12,13,200009
12,77,200009
12,60,200009
12,23,200009
12,269,200009
12,92,200009
12,18,200009
12,25,200009
12,160,200009
12,54,200009
12,29,200009
12,137,200009
12,135,200009
13,96,200009
13,97,200009
13,24,200009
13,77,200009
13,59,200009
13,117,200009
13,20,200009
13,113,200009
13,18,200009
13,5,200009
13,31,200009
13,161,200009
13,320,200009
13,85,200009
13,53,200009
13,28,200009
13,10,200009
13,108,200009
13,136,200009
13,99,200009
13,60,200009
13,110,200009
13,25,200009
13,2,200009
13,133,200009
13,137,200009
13,89,200009
13,48,200009
13,21,200009
13,27,200009
13,11,200009
13,154,200009
13,112,200009
13,16,200009
13,54,200009
13,17,200009
13,0,200009
13,9,200009
13,12,200009
13,165,200009
13,139,200009
13,83,200009
13,29,200009
13,4,200009
13,51,200009
13,100,200009
13,1,200009
13,22,200009
13,35,200009
13,52,200009
13,114,200009
13,120,200009
13,81,200009
13,126,200009
13,180,200009
13,38,200009
13,129,200009
13,208,200009
13,19,200009
13,36,200009
13,142,200009
13,160,200009
13,135,200009
13,64,200009
13,14,200009
13,146,200009
13,46,200009
13,40,200009
13,32,200009
13,6,200009
13,26,200009
14,96,200009
14,6,200009
14,64,200009
14,77,200009
14,10,200009
14,17,200009
14,155,200009
14,4,200009
14,20,200009
14,11,200009
14,101,200009
14,97,200009
14,53,200009
14,25,200009
14,143,200009
14,22,200009
14,234,200009
14,23,200009
14,60,200009
14,21,200009
14,163,200009
14,0,200009
14,51,200009
14,136,200009
14,133,200009
14,161,200009
14,1,200009
14,104,200009
14,29,200009
14,375,200009
14,129,200009
14,55,200009
14,181,200009
14,113,200009
14,27,200009
14,18,200009
14,224,200009
14,112,200009
14,54,200009
14,156,200009
14,2,200009
14,139,200009
14,237,200009
14,137,200009
14,28,200009
14,31,200009
14,183,200009
14,72,200009
14,5,200009
14,320,200009
14,12,200009
14,16,200009
14,9,200009
14,107,200009
14,187,200009
14,157,200009
14,59,200009
14,35,200009
14,36,200009
14,85,200009
14,19,200009
14,100,200009
14,80,200009
14,52,200009
14,48,200009
14,108,200009
14,92,200009
14,154,200009
14,135,200009
14,13,200009
14,83,200009
14,146,200009
14,180,200009
14,102,200009
14,40,200009
14,119,200009
14,46,200009
14,32,200009
15,146,200009
15,18,200009
15,46,200009
15,77,200009
15,79,200009
15,13,200009
15,265,200009
15,40,200009
15,97,200009
15,108,200009
15,31,200009
15,101,200009
15,137,200009
15,64,200009
15,25,200009
15,248,200009
15,154,200009
15,29,200009
15,136,200009
16,52,200009
16,32,200009
16,6,200009
16,48,200009
16,77,200009
16,59,200009
16,397,200009
16,118,200009
16,54,200009
16,40,200009
16,175,200009
16,72,200009
16,120,200009
16,146,200009
16,25,200009
16,0,200009
16,113,200009
16,96,200009
16,170,200009
16,62,200009
16,132,200009
16,98,200009
16,23,200009
16,36,200009
16,4,200009
16,76,200009
16,137,200009
16,9,200009
16,180,200009
16,136,200009
16,112,200009
16,2,200009
16,101,200009
16,38,200009
16,27,200009
16,57,200009
16,11,200009
16,28,200009
16,61,200009
16,133,200009
16,12,200009
16,10,200009
16,21,200009
16,160,200009
16,158,200009
16,169,200009
16,39,200009
16,80,200009
16,58,200009
16,107,200009
16,17,200009
16,320,200009
16,24,200009
16,31,200009
16,45,200009
16,35,200009
16,20,200009
16,75,200009
16,51,200009
16,248,200009
16,22,200009
16,13,200009
16,178,200009
16,78,200009
16,99,200009
16,14,200009
16,1,200009
16,60,200009
16,108,200009
16,129,200009
16,92,200009
16,182,200009
16,55,200009
16,19,200009
16,79,200009
16,242,200009
16,171,200009
16,63,200009
16,131,200009
16,97,200009
16,197,200009
16,100,200009
16,65,200009
16,274,200009
16,176,200009
16,85,200009
16,46,200009
16,66,200009
16,102,200009
16,64,200009
16,362,200009
16,26,200009
16,134,200009
16,119,200009
16,81,200009
16,117,200009
16,208,200009
16,135,200009
16,143,200009
16,18,200009
16,181,200009
16,83,200009
16,126,200009
16,155,200009
16,154,200009
16,139,200009
16,29,200009
16,142,200009
17,85,200009
17,52,200009
17,13,200009
17,133,200009
17,274,200009
17,24,200009
17,165,200009
17,89,200009
17,281,200009
17,27,200009
17,176,200009
17,212,200009
17,138,200009
17,126,200009
17,72,200009
17,112,200009
17,12,200009
17,157,200009
17,139,200009
17,22,200009
17,19,200009
17,136,200009
17,154,200009
17,242,200009
17,132,200009
17,183,200009
17,53,200009
17,2,200009
17,96,200009
17,29,200009
17,11,200009
17,14,200009
17,99,200009
17,64,200009
17,48,200009
17,97,200009
17,35,200009
17,60,200009
17,155,200009
17,26,200009
17,196,200009
17,142,200009
17,32,200009
17,117,200009
17,20,200009
17,223,200009
17,108,200009
17,116,200009
17,18,200009
17,129,200009
17,102,200009
17,149,200009
17,137,200009
17,33,200009
17,0,200009
17,51,200009
17,100,200009
17,6,200009
17,10,200009
17,9,200009
17,189,200009
17,77,200009
17,54,200009
17,143,200009
17,36,200009
17,83,200009
17,81,200009
17,69,200009
17,124,200009
17,213,200009
17,135,200009
17,59,200009
17,28,200009
17,119,200009
17,8,200009
17,110,200009
17,184,200009
17,211,200009
17,4,200009
17,261,200009
17,92,200009
17,906,200009
17,107,200009
17,7,200009
17,31,200009
17,243,200009
17,25,200009
17,150,200009
17,1,200009
17,5,200009
17,16,200009
17,160,200009
17,46,200009
17,40,200009
17,146,200009
17,21,200009
18,96,200009
18,110,200009
18,165,200009
18,10,200009
18,17,200009
18,29,200009
18,51,200009
18,28,200009
18,11,200009
18,46,200009
18,83,200009
18,26,200009
18,38,200009
18,24,200009
18,278,200009
18,111,200009
18,113,200009
18,154,200009
18,80,200009
18,341,200009
18,176,200009
18,9,200009
18,97,200009
18,137,200009
18,40,200009
18,64,200009
18,58,200009
18,101,200009
18,19,200009
18,124,200009
18,31,200009
18,25,200009
18,2,200009
18,77,200009
18,99,200009
18,48,200009
18,208,200009
18,34,200009
18,160,200009
18,136,200009
18,52,200009
18,320,200009
18,180,200009
18,13,200009
18,112,200009
18,117,200009
18,0,200009
18,60,200009
18,5,200009
18,142,200009
18,120,200009
18,4,200009
18,108,200009
18,183,200009
18,15,200009
18,126,200009
18,21,200009
18,193,200009
18,100,200009
18,20,200009
18,197,200009
18,1,200009
18,429,200009
18,416,200009
18,440,200009
18,436,200009
18,145,200009
18,269,200009
18,415,200009
18,123,200009
18,122,200009
18,276,200009
18,411,200009
18,410,200009
18,432,200009
18,16,200009
18,131,200009
18,171,200009
18,298,200009
18,12,200009
18,422,200009
18,292,200009
18,159,200009
18,443,200009
18,61,200009
18,27,200009
18,181,200009
18,174,200009
18,408,200009
18,407,200009
18,423,200009
18,270,200009
18,413,200009
18,271,200009
18,223,200009
18,146,200009
18,132,200009
18,426,200009
18,430,200009
18,74,200009
18,89,200009
18,32,200009
18,59,200009
18,242,200009
18,84,200009
18,234,200009
18,22,200009
18,144,200009
18,125,200009
18,163,200009
18,43,200009
18,170,200009
18,85,200009
18,233,200009
18,143,200009
18,164,200009
18,1211,200009
18,44,200009
18,265,200009
18,54,200009
18,35,200009
18,30,200009
18,23,200009
18,135,200009
18,86,200009
18,53,200009
18,107,200009
18,69,200009
18,6,200009
18,81,200009
18,14,200009
19,6,200009
19,281,200009
19,26,200009
19,155,200009
19,138,200009
19,282,200009
19,154,200009
19,139,200009
19,25,200009
19,5,200009
19,161,200009
19,63,200009
19,10,200009
19,30,200009
19,108,200009
19,21,200009
19,125,200009
19,0,200009
19,136,200009
19,96,200009
19,137,200009
19,124,200009
19,320,200009
19,94,200009
19,18,200009
19,12,200009
19,107,200009
19,144,200009
19,15,200009
19,4,200009
19,77,200009
19,29,200009
19,112,200009
19,132,200009
19,188,200009
19,85,200009
19,57,200009
19,46,200009
19,362,200009
19,541,200009
19,172,200009
19,181,200009
19,64,200009
19,175,200009
19,160,200009
19,28,200009
19,20,200009
19,51,200009
19,17,200009
19,278,200009
19,113,200009
19,173,200009
19,16,200009
19,143,200009
19,182,200009
19,48,200009
19,59,200009
19,24,200009
19,13,200009
19,60,200009
19,54,200009
19,129,200009
19,31,200009
19,83,200009
19,11,200009
19,35,200009
19,32,200009
19,27,200009
19,36,200009
19,76,200009
19,99,200009
19,126,200009
19,14,200009
19,81,200009
19,1,200009
19,100,200009
19,117,200009
19,135,200009
19,55,200009
19,120,200009
19,97,200009
19,180,200009
19,134,200009
19,142,200009
19,146,200009
19,38,200009
19,52,200009
19,102,200009
19,40,200009
20,13,200009
20,81,200009
20,385,200009
20,165,200009
20,87,200009
20,59,200009
20,10,200009
20,60,200009
20,176,200009
20,135,200009
20,18,200009
20,1,200009
20,112,200009
20,11,200009
20,154,200009
20,110,200009
20,97,200009
20,52,200009
20,142,200009
20,27,200009
20,525,200009
20,96,200009
20,85,200009
20,53,200009
20,183,200009
20,72,200009
20,0,200009
20,19,200009
20,35,200009
20,108,200009
20,181,200009
20,137,200009
20,83,200009
20,169,200009
20,48,200009
20,32,200009
20,31,200009
20,15,200009
20,22,200009
20,17,200009
20,38,200009
20,12,200009
20,14,200009
20,77,200009
20,6,200009
20,26,200009
20,9,200009
20,99,200009
20,36,200009
20,2,200009
20,102,200009
20,243,200009
20,25,200009
20,54,200009
20,213,200009
20,7,200009
20,184,200009
20,89,200009
20,69,200009
20,8,200009
20,160,200009
20,189,200009
20,16,200009
20,51,200009
20,136,200009
20,113,200009
20,33,200009
20,107,200009
20,23,200009
20,46,200009
20,146,200009
20,40,200009
20,4,200009
20,28,200009
20,133,200009
20,29,200009
20,64,200009
21,274,200009
21,48,200009
21,92,200009
21,138,200009
21,38,200009
21,18,200009
21,13,200009
21,12,200009
21,137,200009
21,154,200009
21,119,200009
21,81,200009
21,2,200009
21,25,200009
21,20,200009
21,108,200009
21,77,200009
21,54,200009
21,85,200009
21,32,200009
21,83,200009
21,100,200009
21,27,200009
21,99,200009
21,35,200009
21,29,200009
21,69,200009
21,64,200009
21,136,200009
21,96,200009
21,19,200009
21,26,200009
21,80,200009
21,1,200009
21,14,200009
21,6,200009
21,183,200009
21,28,200009
21,102,200009
21,132,200009
21,165,200009
21,22,200009
21,31,200009
21,135,200009
21,10,200009
21,51,200009
21,97,200009
21,113,200009
21,4,200009
21,11,200009
21,17,200009
21,133,200009
21,23,200009
22,85,200009
22,18,200009
22,29,200009
22,53,200009
22,2,200009
22,69,200009
22,32,200009
22,60,200009
22,6,200009
22,78,200009
22,17,200009
22,13,200009
22,48,200009
22,52,200009
22,19,200009
22,83,200009
22,14,200009
22,21,200009
22,102,200009
22,136,200009
22,35,200009
22,165,200009
22,183,200009
22,248,200009
22,12,200009
22,16,200009
22,51,200009
22,96,200009
22,77,200009
22,108,200009
22,11,200009
22,121,200009
22,99,200009
22,5,200009
22,31,200009
22,112,200009
22,23,200009
22,1,200009
22,4,200009
22,20,200009
22,107,200009
22,64,200009
22,27,200009
22,97,200009
22,10,200009
22,137,200009
22,146,200009
22,25,200009
22,28,200009
23,64,200009
23,59,200009
23,17,200009
23,52,200009
23,97,200009
23,22,200009
23,96,200009
23,85,200009
23,108,200009
23,184,200009
23,81,200009
23,77,200009
23,100,200009
23,27,200009
23,136,200009
23,19,200009
23,154,200009
23,13,200009
23,99,200009
23,32,200009
23,2,200009
23,34,200009
23,16,200009
23,92,200009
23,69,200009
23,164,200009
23,0,200009
23,60,200009
23,38,200009
23,25,200009
23,30,200009
23,6,200009
23,115,200009
23,28,200009
23,11,200009
23,137,200009
23,72,200009
23,14,200009
23,51,200009
23,12,200009
23,4,200009
23,48,200009
23,135,200009
23,165,200009
23,10,200009
23,31,200009
23,107,200009
23,29,200009
23,18,200009
23,20,200009
23,1,200009
23,112,200009
23,5,200009
23,21,200009
24,16,200009
24,137,200009
24,165,200009
24,34,200009
24,17,200009
24,339,200009
24,25,200009
24,18,200009
24,84,200009
24,223,200009
24,61,200009
24,158,200009
24,124,200009
24,53,200009
24,72,200009
24,27,200009
24,106,200009
24,134,200009
24,48,200009
24,40,200009
24,248,200009
24,78,200009
24,139,200009
24,108,200009
24,26,200009
24,6,200009
24,32,200009
24,99,200009
24,19,200009
24,29,200009
24,46,200009
24,146,200009
24,97,200009
24,154,200009
25,13,200009
25,14,200009
25,16,200009
25,165,200009
25,34,200009
25,160,200009
25,134,200009
25,126,200009
25,146,200009
25,137,200009
25,19,200009
25,10,200009
25,18,200009
25,183,200009
25,46,200009
25,107,200009
25,83,200009
25,102,200009
25,11,200009
25,28,200009
25,27,200009
25,52,200009
25,24,200009
25,60,200009
25,97,200009
25,39,200009
25,142,200009
25,154,200009
25,32,200009
25,131,200009
25,124,200009
25,40,200009
25,6,200009
25,111,200009
25,35,200009
25,76,200009
25,133,200009
25,195,200009
25,55,200009
25,26,200009
25,15,200009
25,81,200009
25,149,200009
25,74,200009
25,115,200009
25,112,200009
25,53,200009
25,143,200009
25,248,200009
25,121,200009
25,155,200009
25,21,200009
25,72,200009
25,180,200009
25,161,200009
25,94,200009
25,92,200009
25,390,200009
25,333,200009
25,54,200009
25,483,200009
25,220,200009
25,31,200009
25,77,200009
25,337,200009
25,216,200009
25,101,200009
25,120,200009
25,340,200009
25,78,200009
25,157,200009
25,80,200009
25,59,200009
25,57,200009
25,47,200009
25,156,200009
25,12,200009
25,393,200009
25,45,200009
25,9,200009
25,58,200009
25,20,200009
25,38,200009
25,336,200009
25,341,200009
25,129,200009
25,339,200009
25,286,200009
25,152,200009
25,139,200009
25,335,200009
25,116,200009
25,110,200009
25,326,200009
25,188,200009
25,93,200009
25,36,200009
25,17,200009
25,5,200009
25,327,200009
25,64,200009
25,23,200009
25,98,200009
25,22,200009
25,100,200009
25,118,200009
25,89,200009
25,51,200009
25,29,200009
25,274,200009
25,136,200009
25,113,200009
25,1,200009
25,96,200009
25,48,200009
25,108,200009
25,99,200009
25,4,200009
25,85,200009
25,2,200009
25,0,200009
26,96,200009
26,137,200009
26,165,200009
26,34,200009
26,59,200009
26,118,200009
26,54,200009
26,0,200009
26,12,200009
26,51,200009
26,28,200009
26,4,200009
26,20,200009
26,11,200009
26,75,200009
26,113,200009
26,27,200009
26,58,200009
26,31,200009
26,10,200009
26,15,200009
26,32,200009
26,57,200009
26,136,200009
26,181,200009
26,17,200009
26,107,200009
26,16,200009
26,139,200009
26,270,200009
26,45,200009
26,135,200009
26,53,200009
26,92,200009
26,132,200009
26,146,200009
26,2,200009
26,77,200009
26,21,200009
26,85,200009
26,160,200009
26,60,200009
26,94,200009
26,22,200009
26,14,200009
26,6,200009
26,64,200009
26,213,200009
26,98,200009
26,35,200009
26,320,200009
26,9,200009
26,1065,200009
26,48,200009
26,1,200009
26,152,200009
26,18,200009
26,25,200009
26,108,200009
26,114,200009
26,24,200009
26,120,200009
26,117,200009
26,142,200009
26,76,200009
26,143,200009
26,19,200009
26,38,200009
26,155,200009
26,78,200009
26,100,200009
26,134,200009
26,81,200009
26,274,200009
26,36,200009
26,106,200009
26,102,200009
26,187,200009
26,83,200009
26,97,200009
26,154,200009
26,40,200009
26,46,200009
26,99,200009
26,29,200009
26,13,200009
27,97,200009
27,269,200009
27,136,200009
27,92,200009
27,64,200009
27,34,200009
27,77,200009
27,10,200009
27,17,200009
27,1,200009
27,28,200009
27,2,200009
27,20,200009
27,11,200009
27,142,200009
27,101,200009
27,52,200009
27,76,200009
27,121,200009
27,19,200009
27,26,200009
27,22,200009
27,59,200009
27,96,200009
27,35,200009
27,107,200009
27,99,200009
27,165,200009
27,25,200009
27,180,200009
27,129,200009
27,30,200009
27,133,200009
27,51,200009
27,242,200009
27,78,200009
27,100,200009
27,48,200009
27,126,200009
27,106,200009
27,4,200009
27,102,200009
27,5,200009
27,112,200009
27,108,200009
27,122,200009
27,45,200009
27,248,200009
27,31,200009
27,16,200009
27,14,200009
27,83,200009
27,0,200009
27,36,200009
27,183,200009
27,32,200009
27,278,200009
27,62,200009
27,124,200009
27,38,200009
27,29,200009
27,143,200009
27,6,200009
27,40,200009
27,13,200009
27,23,200009
27,119,200009
27,320,200009
27,81,200009
27,155,200009
27,146,200009
27,18,200009
27,21,200009
27,60,200009
27,54,200009
27,72,200009
27,137,200009
27,135,200009
27,160,200009
27,9,200009
27,46,200009
27,154,200009
28,13,200009
28,81,200009
28,64,200009
28,26,200009
28,124,200009
28,18,200009
28,2,200009
28,245,200009
28,97,200009
28,6,200009
28,99,200009
28,120,200009
28,183,200009
28,136,200009
28,132,200009
28,19,200009
28,23,200009
28,77,200009
28,59,200009
28,134,200009
28,10,200009
28,53,200009
28,29,200009
28,320,200009
28,12,200009
28,48,200009
28,31,200009
28,108,200009
28,52,200009
28,57,200009
28,32,200009
28,135,200009
28,69,200009
28,51,200009
28,189,200009
28,17,200009
28,60,200009
28,96,200009
28,22,200009
28,11,200009
28,102,200009
28,100,200009
28,14,200009
28,85,200009
28,38,200009
28,5,200009
28,35,200009
28,139,200009
28,27,200009
28,83,200009
28,36,200009
28,154,200009
28,149,200009
28,21,200009
28,107,200009
28,4,200009
28,72,200009
28,155,200009
28,92,200009
28,0,200009
28,160,200009
28,16,200009
28,165,200009
28,46,200009
28,137,200009
28,146,200009
28,40,200009
28,112,200009
28,25,200009
28,20,200009
28,1,200009
29,74,200009
29,87,200009
29,59,200009
29,281,200009
29,35,200009
29,175,200009
29,23,200009
29,96,200009
29,48,200009
29,216,200009
29,28,200009
29,27,200009
29,522,200009
29,17,200009
29,139,200009
29,52,200009
29,142,200009
29,19,200009
29,180,200009
29,161,200009
29,11,200009
29,126,200009
29,108,200009
29,100,200009
29,113,200009
29,9,200009
29,143,200009
29,36,200009
29,124,200009
29,83,200009
29,21,200009
29,137,200009
29,120,200009
29,4,200009
29,25,200009
29,20,200009
29,79,200009
29,85,200009
29,131,200009
29,0,200009
29,354,200009
29,172,200009
29,250,200009
29,38,200009
29,61,200009
29,169,200009
29,10,200009
29,2,200009
29,107,200009
29,237,200009
29,248,200009
29,155,200009
29,156,200009
29,8,200009
29,213,200009
29,320,200009
29,196,200009
29,121,200009
29,269,200009
29,110,200009
29,159,200009
29,98,200009
29,58,200009
29,141,200009
29,224,200009
29,292,200009
29,44,200009
29,233,200009
29,171,200009
29,145,200009
29,160,200009
29,129,200009
29,54,200009
29,80,200009
29,69,200009
29,62,200009
29,16,200009
29,274,200009
29,57,200009
29,270,200009
29,15,200009
29,198,200009
29,183,200009
29,544,200009
29,125,200009
29,12,200009
29,65,200009
29,66,200009
29,242,200009
29,193,200009
29,40,200009
29,34,200009
29,24,200009
29,146,200009
29,132,200009
29,144,200009
29,101,200009
29,176,200009
29,55,200009
29,53,200009
29,76,200009
29,165,200009
29,134,200009
29,43,200009
29,51,200009
29,163,200009
29,195,200009
29,181,200009
29,89,200009
29,208,200009
29,31,200009
29,22,200009
29,81,200009
29,46,200009
29,72,200009
29,5,200009
29,77,200009
29,117,200009
29,154,200009
29,14,200009
29,112,200009
29,97,200009
29,102,200009
29,60,200009
29,18,200009
29,1,200009
29,32,200009
29,136,200009
29,6,200009
29,64,200009
29,99,200009
29,13,200009
29,26,200009
30,12,200009
30,2,200009
30,85,200009
30,72,200009
30,143,200009
30,265,200009
30,18,200009
30,113,200009
30,248,200009
30,28,200009
30,136,200009
30,4,200009
30,11,200009
31,160,200009
31,123,200009
31,15,200009
31,79,200009
31,47,200009
31,132,200009
31,113,200009
31,16,200009
31,48,200009
31,183,200009
31,61,200009
31,64,200009
31,125,200009
31,1211,200009
31,25,200009
31,32,200009
31,165,200009
31,20,200009
31,6,200009
31,265,200009
31,5,200009
31,96,200009
31,115,200009
31,51,200009
31,72,200009
31,54,200009
31,57,200009
31,126,200009
31,341,200009
31,27,200009
31,136,200009
31,45,200009
31,102,200009
31,120,200009
31,143,200009
31,38,200009
31,76,200009
31,94,200009
31,180,200009
31,155,200009
31,73,200009
31,112,200009
31,14,200009
31,197,200009
31,13,200009
31,22,200009
31,133,200009
31,18,200009
31,21,200009
31,28,200009
31,2,200009
31,35,200009
31,99,200009
31,81,200009
31,23,200009
31,4,200009
31,52,200009
31,146,200009
31,80,200009
31,85,200009
31,17,200009
31,119,200009
31,19,200009
31,26,200009
31,100,200009
31,60,200009
31,137,200009
31,1,200009
31,29,200009
31,40,200009
31,10,200009
31,0,200009
31,108,200009
31,46,200009
31,154,200009
31,92,200009
31,83,200009
31,135,200009
31,97,200009
32,13,200009
32,16,200009
32,242,200009
32,2,200009
32,39,200009
32,33,200009
32,72,200009
32,48,200009
32,11,200009
32,21,200009
32,121,200009
32,123,200009
32,5,200009
32,126,200009
32,10,200009
32,35,200009
32,4,200009
32,85,200009
32,46,200009
32,177,200009
32,83,200009
32,99,200009
32,28,200009
32,27,200009
32,160,200009
32,112,200009
32,136,200009
32,161,200009
32,0,200009
32,97,200009
32,171,200009
32,250,200009
32,1211,200009
32,108,200009
32,430,200009
32,146,200009
32,20,200009
32,23,200009
32,26,200009
32,12,200009
32,51,200009
32,80,200009
32,36,200009
32,143,200009
32,124,200009
32,9,200009
32,86,200009
32,165,200009
32,96,200009
32,17,200009
32,151,200009
32,422,200009
32,92,200009
32,142,200009
32,440,200009
32,60,200009
32,110,200009
32,262,200009
32,129,200009
32,81,200009
32,79,200009
32,545,200009
32,45,200009
32,62,200009
32,163,200009
32,159,200009
32,206,200009
32,18,200009
32,332,200009
32,66,200009
32,24,200009
32,546,200009
32,59,200009
32,1,200009
32,205,200009
32,101,200009
32,420,200009
32,176,200009
32,138,200009
32,170,200009
32,64,200009
32,117,200009
32,140,200009
32,74,200009
32,198,200009
32,63,200009
32,208,200009
32,269,200009
32,44,200009
32,132,200009
32,429,200009
32,276,200009
32,40,200009
32,193,200009
32,75,200009
32,113,200009
32,320,200009
32,175,200009
32,43,200009
32,362,200009
32,139,200009
32,197,200009
32,65,200009
32,270,200009
32,57,200009
32,134,200009
32,89,200009
32,120,200009
32,76,200009
32,31,200009
32,100,200009
32,38,200009
32,19,200009
32,52,200009
32,6,200009
32,180,200009
32,154,200009
32,131,200009
32,137,200009
32,25,200009
32,155,200009
32,135,200009
32,102,200009
32,181,200009
32,29,200009
32,77,200009
32,54,200009
32,14,200009
33,34,200009
33,11,200009
33,248,200009
33,97,200009
33,17,200009
33,133,200009
33,23,200009
33,136,200009
33,51,200009
33,4,200009
33,20,200009
34,333,200009
34,326,200009
34,165,200009
34,9,200009
34,2,200009
34,80,200009
34,53,200009
34,77,200009
34,19,200009
34,97,200009
34,79,200009
34,25,200009
34,160,200009
34,18,200009
34,54,200009
34,11,200009
34,23,200009
34,46,200009
34,28,200009
34,248,200009
34,137,200009
34,25,200009
34,97,200009
34,146,200009
34,1,200009
34,29,200009
34,136,200009
34,154,200009
35,97,200009
35,85,200009
35,14,200009
35,32,200009
35,48,200009
35,25,200009
35,17,200009
35,121,200009
35,160,200009
35,216,200009
35,19,200009
35,266,200009
35,129,200009
35,21,200009
35,362,200009
35,142,200009
35,155,200009
35,112,200009
35,108,200009
35,13,200009
35,55,200009
35,176,200009
35,107,200009
35,132,200009
35,51,200009
35,113,200009
35,10,200009
35,78,200009
35,163,200009
35,22,200009
35,135,200009
35,137,200009
35,161,200009
35,4,200009
35,104,200009
35,102,200009
35,18,200009
35,38,200009
35,156,200009
35,28,200009
35,16,200009
35,197,200009
35,60,200009
35,20,200009
35,136,200009
35,0,200009
35,1,200009
35,52,200009
35,99,200009
35,6,200009
35,27,200009
35,64,200009
35,59,200009
35,173,200009
35,26,200009
35,347,200009
35,94,200009
35,31,200009
35,41,200009
35,172,200009
35,139,200009
35,83,200009
35,100,200009
35,769,200009
35,40,200009
35,146,200009
35,154,200009
35,29,200009
35,46,200009
36,14,200009
36,48,200009
36,64,200009
36,19,200009
36,18,200009
36,6,200009
36,2,200009
36,134,200009
36,154,200009
36,41,200009
36,40,200009
36,81,200009
36,29,200009
36,5,200009
36,97,200009
36,60,200009
36,32,200009
36,54,200009
36,176,200009
36,11,200009
36,108,200009
36,107,200009
36,16,200009
36,77,200009
36,142,200009
36,17,200009
36,102,200009
36,119,200009
36,52,200009
36,59,200009
36,26,200009
36,137,200009
36,178,200009
36,83,200009
36,13,200009
36,25,200009
36,146,200009
36,99,200009
36,46,200009
38,6,200009
38,77,200009
38,182,200009
38,81,200009
38,161,200009
38,21,200009
38,23,200009
38,108,200009
38,18,200009
38,342,200009
38,120,200009
38,20,200009
38,125,200009
38,15,200009
38,101,200009
38,270,200009
38,31,200009
38,143,200009
38,28,200009
38,126,200009
38,137,200009
38,0,200009
38,142,200009
38,2,200009
38,13,200009
38,27,200009
38,96,200009
38,35,200009
38,60,200009
38,83,200009
38,16,200009
38,146,200009
38,26,200009
38,25,200009
38,59,200009
38,40,200009
38,29,200009
38,32,200009
38,154,200009
38,19,200009
38,46,200009
38,97,200009
39,98,200009
39,57,200009
39,120,200009
39,237,200009
39,16,200009
39,142,200009
39,156,200009
39,26,200009
39,59,200009
39,35,200009
39,124,200009
39,6,200009
39,85,200009
39,31,200009
39,40,200009
39,99,200009
39,32,200009
39,29,200009
39,341,200009
39,25,200009
39,137,200009
39,146,200009
39,46,200009
39,97,200009
40,6,200009
40,76,200009
40,154,200009
40,107,200009
40,72,200009
40,101,200009
40,61,200009
40,65,200009
40,66,200009
40,242,200009
40,234,200009
40,57,200009
40,136,200009
40,5,200009
40,165,200009
40,125,200009
40,9,200009
40,132,200009
40,144,200009
40,0,200009
40,137,200009
40,143,200009
40,92,200009
40,78,200009
40,160,200009
40,270,200009
40,36,200009
40,12,200009
40,23,200009
40,96,200009
40,104,200009
40,19,200009
40,85,200009
40,94,200009
40,39,200009
40,97,200009
40,108,200009
40,27,200009
40,320,200009
40,18,200009
40,100,200009
40,294,200009
40,384,200009
40,266,200009
40,114,200009
40,146,200009
40,16,200009
40,55,200009
40,129,200009
40,64,200009
40,175,200009
40,59,200009
40,332,200009
40,208,200009
40,32,200009
40,338,200009
40,140,200009
40,29,200009
40,63,200009
40,206,200009
40,181,200009
40,25,200009
40,134,200009
40,182,200009
40,135,200009
40,35,200009
40,113,200009
40,139,200009
40,362,200009
40,75,200009
40,38,200009
40,120,200009
40,117,200009
40,79,200009
40,31,200009
40,126,200009
40,83,200009
40,54,200009
40,24,200009
40,176,200009
40,142,200009
40,48,200009
40,180,200009
40,155,200009
40,28,200009
40,81,200009
40,10,200009
40,52,200009
40,102,200009
40,77,200009
40,1,200009
40,99,200009
40,4,200009
40,14,200009
40,17,200009
40,20,200009
40,60,200009
40,13,200009
40,46,200009
40,26,200009
41,79,200009
41,98,200009
41,176,200009
41,40,200009
41,48,200009
41,36,200009
41,135,200009
41,97,200009
41,60,200009
41,35,200009
43,44,200009
43,74,200009
43,145,200009
43,16,200009
43,137,200009
43,131,200009
43,40,200009
43,54,200009
43,136,200009
43,97,200009
43,32,200009
43,18,200009
43,146,200009
43,29,200009
44,43,200009
44,420,200009
44,248,200009
44,29,200009
44,32,200009
44,18,200009
45,92,200009
45,118,200009
45,43,200009
45,24,200009
45,136,200009
45,156,200009
45,58,200009
45,139,200009
45,40,200009
45,16,200009
45,77,200009
45,20,200009
45,81,200009
45,108,200009
45,35,200009
45,29,200009
45,38,200009
45,26,200009
45,13,200009
45,99,200009
45,32,200009
45,83,200009
45,154,200009
45,25,200009
45,146,200009
45,6,200009
45,46,200009
45,97,200009
46,39,200009
46,146,200009
46,76,200009
46,83,200009
46,27,200009
46,18,200009
46,1,200009
46,137,200009
46,5,200009
46,85,200009
46,99,200009
46,113,200009
46,34,200009
46,163,200009
46,135,200009
46,55,200009
46,54,200009
46,31,200009
46,98,200009
46,104,200009
46,155,200009
46,72,200009
46,81,200009
46,28,200009
46,170,200009
46,21,200009
46,51,200009
46,160,200009
46,66,200009
46,341,200009
46,1065,200009
46,362,200009
46,182,200009
46,134,200009
46,181,200009
46,32,200009
46,25,200009
46,16,200009
46,6,200009
46,79,200009
46,117,200009
46,126,200009
46,141,200009
46,129,200009
46,180,200009
46,58,200009
46,176,200009
46,224,200009
46,24,200009
46,342,200009
46,101,200009
46,143,200009
46,140,200009
46,237,200009
46,154,200009
46,4,200009
46,57,200009
46,136,200009
46,10,200009
46,29,200009
46,142,200009
46,80,200009
46,156,200009
46,102,200009
46,64,200009
46,94,200009
46,97,200009
46,77,200009
46,278,200009
46,52,200009
46,0,200009
46,78,200009
46,36,200009
46,45,200009
46,38,200009
46,139,200009
46,20,200009
46,100,200009
46,120,200009
46,35,200009
46,17,200009
46,320,200009
46,48,200009
46,14,200009
46,108,200009
46,40,200009
46,13,200009
46,60,200009
46,19,200009
46,26,200009
47,80,200009
47,336,200009
47,24,200009
47,137,200009
47,25,200009
47,10,200009
47,17,200009
47,4,200009
47,99,200009
47,2,200009
47,97,200009
47,14,200009
47,124,200009
47,116,200009
47,149,200009
47,165,200009
47,248,200009
47,274,200009
47,92,200009
48,97,200009
48,85,200009
48,52,200009
48,25,200009
48,83,200009
48,120,200009
48,452,200009
48,21,200009
48,136,200009
48,161,200009
48,140,200009
48,107,200009
48,13,200009
48,12,200009
48,77,200009
48,320,200009
48,2,200009
48,20,200009
48,16,200009
48,165,200009
48,237,200009
48,94,200009
48,154,200009
48,132,200009
48,110,200009
48,28,200009
48,4,200009
48,160,200009
48,24,200009
48,1,200009
48,22,200009
48,242,200009
48,29,200009
48,41,200009
48,362,200009
48,81,200009
48,32,200009
48,10,200009
48,51,200009
48,112,200009
48,143,200009
48,6,200009
48,134,200009
48,117,200009
48,142,200009
48,155,200009
48,27,200009
48,129,200009
48,17,200009
48,180,200009
48,96,200009
48,11,200009
48,119,200009
48,92,200009
48,102,200009
48,146,200009
48,108,200009
48,19,200009
48,341,200009
48,64,200009
48,59,200009
48,178,200009
48,0,200009
48,60,200009
48,135,200009
48,99,200009
48,31,200009
48,26,200009
48,14,200009
48,40,200009
48,137,200009
48,100,200009
48,46,200009
49,177,200009
49,51,200009
50,51,200009
50,4,200009
51,96,200009
51,97,200009
51,14,200009
51,15,200009
51,47,200009
51,26,200009
51,60,200009
51,5,200009
51,12,200009
51,120,200009
51,99,200009
51,16,200009
51,25,200009
51,77,200009
51,2,200009
51,74,200009
51,6,200009
51,23,200009
51,133,200009
51,18,200009
51,160,200009
51,64,200009
51,9,200009
51,317,200009
51,48,200009
51,88,200009
51,137,200009
51,124,200009
51,108,200009
51,135,200009
51,83,200009
51,126,200009
51,80,200009
51,4,200009
51,27,200009
51,222,200009
51,32,200009
51,0,200009
51,196,200009
51,22,200009
51,102,200009
51,35,200009
51,72,200009
51,132,200009
51,92,200009
51,125,200009
51,165,200009
51,150,200009
51,136,200009
51,69,200009
51,248,200009
51,85,200009
51,84,200009
51,13,200009
51,10,200009
51,301,200009
51,50,200009
51,1,200009
51,28,200009
51,223,200009
51,81,200009
51,31,200009
51,311,200009
51,761,200009
51,866,200009
51,177,200009
51,49,200009
51,110,200009
51,741,200009
51,17,200009
51,107,200009
51,215,200009
51,33,200009
51,11,200009
51,112,200009
51,214,200009
51,59,200009
51,184,200009
51,21,200009
51,183,200009
51,29,200009
51,89,200009
51,113,200009
51,20,200009
51,146,200009
51,154,200009
52,13,200009
52,137,200009
52,59,200009
52,281,200009
52,54,200009
52,0,200009
52,19,200009
52,21,200009
52,282,200009
52,233,200009
52,11,200009
52,25,200009
52,2,200009
52,27,200009
52,133,200009
52,45,200009
52,17,200009
52,60,200009
52,5,200009
52,77,200009
52,43,200009
52,22,200009
52,96,200009
52,18,200009
52,183,200009
52,1,200009
52,112,200009
52,97,200009
52,111,200009
52,131,200009
52,69,200009
52,129,200009
52,10,200009
52,23,200009
52,12,200009
52,83,200009
52,81,200009
52,28,200009
52,29,200009
52,53,200009
52,80,200009
52,320,200009
52,142,200009
52,134,200009
52,213,200009
52,143,200009
52,136,200009
52,35,200009
52,4,200009
52,100,200009
52,20,200009
52,92,200009
52,64,200009
52,48,200009
52,6,200009
52,36,200009
52,108,200009
52,31,200009
52,16,200009
52,135,200009
52,99,200009
52,14,200009
52,32,200009
52,154,200009
52,46,200009
52,40,200009
52,146,200009
53,32,200009
53,19,200009
53,24,200009
53,125,200009
53,21,200009
53,83,200009
53,11,200009
53,22,200009
53,84,200009
53,124,200009
53,142,200009
53,20,200009
53,137,200009
53,64,200009
53,16,200009
53,108,200009
53,13,200009
53,25,200009
53,99,200009
53,6,200009
53,58,200009
53,248,200009
53,77,200009
53,17,200009
53,52,200009
53,31,200009
53,1,200009
53,29,200009
53,146,200009
53,97,200009
53,154,200009
53,18,200009
53,136,200009
54,242,200009
54,165,200009
54,26,200009
54,14,200009
54,139,200009
54,134,200009
54,104,200009
54,51,200009
54,81,200009
54,140,200009
54,183,200009
54,136,200009
54,21,200009
54,176,200009
54,233,200009
54,6,200009
54,78,200009
54,97,200009
54,77,200009
54,82,200009
54,99,200009
54,31,200009
54,137,200009
54,64,200009
54,25,200009
54,43,200009
54,32,200009
54,34,200009
54,180,200009
54,13,200009
54,10,200009
54,248,200009
54,17,200009
54,132,200009
54,2,200009
54,60,200009
54,83,200009
54,131,200009
54,16,200009
54,52,200009
54,20,200009
54,12,200009
54,1,200009
54,29,200009
54,146,200009
54,19,200009
54,18,200009
54,27,200009
54,46,200009
54,160,200009
54,40,200009
54,154,200009
55,79,200009
55,102,200009
55,126,200009
55,108,200009
55,12,200009
55,27,200009
55,25,200009
55,11,200009
55,139,200009
55,60,200009
55,137,200009
55,16,200009
55,6,200009
55,40,200009
55,59,200009
55,29,200009
55,19,200009
57,46,200009
57,101,200009
57,274,200009
57,0,200009
57,31,200009
57,94,200009
57,160,200009
57,40,200009
57,117,200009
57,176,200009
57,77,200009
57,19,200009
57,6,200009
57,97,200009
57,26,200009
57,154,200009
57,25,200009
57,137,200009
57,29,200009
57,32,200009
57,146,200009
58,80,200009
58,39,200009
58,161,200009
58,141,200009
58,146,200009
58,18,200009
58,83,200009
58,216,200009
58,77,200009
58,120,200009
58,154,200009
58,165,200009
58,137,200009
58,29,200009
58,25,200009
58,160,200009
58,46,200009
58,97,200009
59,52,200009
59,739,200009
59,13,200009
59,14,200009
59,6,200009
59,87,200009
59,27,200009
59,54,200009
59,322,200009
59,496,200009
59,375,200009
59,274,200009
59,28,200009
59,112,200009
59,21,200009
59,64,200009
59,223,200009
59,197,200009
59,107,200009
59,84,200009
59,196,200009
59,10,200009
59,35,200009
59,132,200009
59,135,200009
59,23,200009
59,9,200009
59,53,200009
59,0,200009
59,160,200009
59,7,200009
59,29,200009
59,129,200009
59,2,200009
59,136,200009
59,334,200009
59,20,200009
59,120,200009
59,19,200009
59,16,200009
59,83,200009
59,172,200009
59,17,200009
59,81,200009
59,32,200009
59,25,200009
59,36,200009
59,40,200009
59,126,200009
59,108,200009
59,102,200009
59,18,200009
59,137,200009
59,38,200009
59,180,200009
59,117,200009
59,1,200009
59,48,200009
59,4,200009
59,55,200009
59,142,200009
59,99,200009
59,5,200009
59,51,200009
59,60,200009
59,146,200009
59,97,200009
59,11,200009
59,154,200009
60,13,200009
60,137,200009
60,64,200009
60,77,200009
60,100,200009
60,17,200009
60,35,200009
60,38,200009
60,83,200009
60,108,200009
60,169,200009
60,54,200009
60,1,200009
60,142,200009
60,11,200009
60,81,200009
60,112,200009
60,110,200009
60,113,200009
60,96,200009
60,21,200009
60,19,200009
60,4,200009
60,20,200009
60,29,200009
60,14,200009
60,136,200009
60,182,200009
60,10,200009
60,134,200009
60,85,200009
60,6,200009
60,45,200009
60,16,200009
60,24,200009
60,120,200009
60,320,200009
60,154,200009
60,89,200009
60,5,200009
60,28,200009
60,26,200009
60,51,200009
60,135,200009
60,12,200009
60,55,200009
60,176,200009
60,75,200009
60,97,200009
60,155,200009
60,119,200009
60,32,200009
60,117,200009
60,18,200009
60,102,200009
60,146,200009
60,187,200009
60,2,200009
60,94,200009
60,126,200009
60,157,200009
60,180,200009
60,143,200009
60,80,200009
60,156,200009
60,79,200009
60,36,200009
60,52,200009
60,139,200009
60,769,200009
60,92,200009
60,41,200009
60,0,200009
60,27,200009
60,178,200009
60,129,200009
60,48,200009
60,31,200009
60,99,200009
60,59,200009
60,160,200009
60,40,200009
60,25,200009
60,46,200009
61,54,200009
61,144,200009
61,101,200009
61,27,200009
61,40,200009
61,83,200009
61,2,200009
61,85,200009
61,29,200009
61,415,200009
61,111,200009
61,18,200009
61,136,200009
61,154,200009
62,16,200009
62,97,200009
62,66,200009
62,32,200009
62,137,200009
62,29,200009
62,146,200009
63,282,200009
63,83,200009
63,140,200009
63,16,200009
63,32,200009
63,97,200009
63,146,200009
63,40,200009
64,14,200009
64,6,200009
64,76,200009
64,57,200009
64,77,200009
64,160,200009
64,19,200009
64,154,200009
64,17,200009
64,137,200009
64,5,200009
64,12,200009
64,113,200009
64,21,200009
64,2,200009
64,80,200009
64,25,200009
64,20,200009
64,97,200009
64,242,200009
64,100,200009
64,27,200009
64,81,200009
64,0,200009
64,48,200009
64,18,200009
64,69,200009
64,173,200009
64,23,200009
64,59,200009
64,11,200009
64,342,200009
64,54,200009
64,41,200009
64,108,200009
64,10,200009
64,78,200009
64,129,200009
64,22,200009
64,7,200009
64,52,200009
64,89,200009
64,35,200009
64,142,200009
64,135,200009
64,40,200009
64,16,200009
64,117,200009
64,32,200009
64,85,200009
64,1,200009
64,51,200009
64,274,200009
64,112,200009
64,60,200009
64,28,200009
64,146,200009
64,46,200009
64,13,200009
64,4,200009
64,26,200009
64,29,200009
64,136,200009
65,141,200009
65,96,200009
65,171,200009
65,269,200009
65,136,200009
65,117,200009
65,26,200009
65,40,200009
65,16,200009
65,97,200009
65,32,200009
65,29,200009
65,146,200009
66,142,200009
66,40,200009
66,16,200009
66,206,200009
66,62,200009
66,64,200009
66,79,200009
66,32,200009
66,154,200009
66,97,200009
66,29,200009
66,146,200009
69,27,200009
69,54,200009
69,15,200009
69,83,200009
69,108,200009
69,189,200009
69,222,200009
69,177,200009
69,17,200009
69,136,200009
69,137,200009
69,23,200009
69,6,200009
69,33,200009
69,34,200009
69,105,200009
69,22,200009
69,19,200009
69,28,200009
69,228,200009
69,20,200009
69,248,200009
69,1,200009
69,10,200009
69,112,200009
69,21,200009
69,11,200009
69,107,200009
69,183,200009
69,5,200009
69,29,200009
69,51,200009
69,18,200009
69,4,200009
70,136,200009
72,137,200009
72,60,200009
72,29,200009
72,34,200009
72,115,200009
72,40,200009
72,31,200009
72,99,200009
72,36,200009
72,46,200009
72,96,200009
72,5,200009
72,16,200009
72,17,200009
72,143,200009
72,93,200009
72,54,200009
72,124,200009
72,9,200009
72,248,200009
72,165,200009
72,81,200009
72,0,200009
72,149,200009
72,32,200009
72,133,200009
72,51,200009
72,2,200009
72,77,200009
72,85,200009
72,10,200009
72,135,200009
72,146,200009
72,11,200009
72,1,200009
72,27,200009
72,154,200009
72,92,200009
72,136,200009
72,97,200009
72,25,200009
72,274,200009
73,12,200009
73,31,200009
73,553,200009
73,97,200009
74,43,200009
74,18,200009
74,122,200009
74,65,200009
74,143,200009
74,132,200009
74,46,200009
74,81,200009
74,354,200009
74,248,200009
74,32,200009
74,146,200009
74,29,200009
75,151,200009
75,180,200009
75,77,200009
75,48,200009
75,248,200009
75,60,200009
75,16,200009
75,32,200009
75,146,200009
75,40,200009
75,97,200009
76,46,200009
76,24,200009
76,181,200009
76,19,200009
76,137,200009
76,32,200009
76,342,200009
76,320,200009
76,4,200009
76,27,200009
76,108,200009
76,116,200009
76,57,200009
76,29,200009
76,83,200009
76,94,200009
76,165,200009
76,60,200009
76,126,200009
76,142,200009
76,135,200009
76,152,200009
76,80,200009
76,31,200009
76,0,200009
76,160,200009
76,170,200009
76,154,200009
76,35,200009
76,117,200009
76,81,200009
76,6,200009
76,146,200009
76,25,200009
76,99,200009
76,16,200009
76,26,200009
76,40,200009
76,97,200009
77,137,200009
77,281,200009
77,0,200009
77,29,200009
77,1798,200009
77,143,200009
77,4,200009
77,129,200009
77,21,200009
77,108,200009
77,2,200009
77,170,200009
77,181,200009
77,25,200009
77,142,200009
77,51,200009
77,10,200009
77,188,200009
77,107,200009
77,13,200009
77,216,200009
77,120,200009
77,117,200009
77,265,200009
77,100,200009
77,136,200009
77,27,200009
77,176,200009
77,80,200009
77,12,200009
77,18,200009
77,28,200009
77,26,200009
77,126,200009
77,54,200009
77,157,200009
77,23,200009
77,1,200009
77,85,200009
77,94,200009
77,155,200009
77,124,200009
77,112,200009
77,14,200009
77,17,200009
77,355,200009
77,20,200009
77,282,200009
77,180,200009
77,6,200009
77,160,200009
77,113,200009
77,102,200009
77,248,200009
77,132,200009
77,16,200009
77,135,200009
77,48,200009
77,92,200009
77,60,200009
77,139,200009
77,375,200009
77,83,200009
77,146,200009
77,99,200009
77,154,200009
77,19,200009
77,40,200009
77,46,200009
77,97,200009
77,32,200009
78,100,200009
78,118,200009
78,58,200009
78,341,200009
78,22,200009
78,139,200009
78,80,200009
78,17,200009
78,108,200009
78,120,200009
78,83,200009
78,18,200009
78,119,200009
78,85,200009
78,6,200009
78,64,200009
78,19,200009
78,75,200009
78,52,200009
78,1,200009
78,16,200009
78,35,200009
78,26,200009
78,25,200009
78,137,200009
78,146,200009
78,97,200009
78,46,200009
79,182,200009
79,6,200009
79,137,200009
79,57,200009
79,143,200009
79,362,200009
79,242,200009
79,12,200009
79,136,200009
79,21,200009
79,176,200009
79,81,200009
79,41,200009
79,77,200009
79,29,200009
79,32,200009
79,16,200009
79,60,200009
79,46,200009
79,146,200009
79,97,200009
79,40,200009
80,81,200009
80,274,200009
80,5,200009
80,12,200009
80,46,200009
80,165,200009
80,135,200009
80,76,200009
80,28,200009
80,34,200009
80,116,200009
80,53,200009
80,341,200009
80,278,200009
80,16,200009
80,45,200009
80,10,200009
80,154,200009
80,72,200009
80,142,200009
80,120,200009
80,1,200009
80,18,200009
80,152,200009
80,98,200009
80,20,200009
80,102,200009
80,157,200009
80,48,200009
80,6,200009
80,100,200009
80,60,200009
80,25,200009
80,143,200009
80,29,200009
80,146,200009
80,137,200009
80,160,200009
80,108,200009
80,32,200009
80,31,200009
80,92,200009
80,14,200009
80,0,200009
80,97,200009
81,75,200009
81,137,200009
81,32,200009
81,19,200009
81,101,200009
81,100,200009
81,13,200009
81,76,200009
81,135,200009
81,196,200009
81,38,200009
81,51,200009
81,120,200009
81,165,200009
81,0,200009
81,320,200009
81,1,200009
81,158,200009
81,83,200009
81,265,200009
81,22,200009
81,110,200009
81,9,200009
81,136,200009
81,29,200009
81,18,200009
81,85,200009
81,21,200009
81,117,200009
81,180,200009
81,6,200009
81,112,200009
81,25,200009
81,278,200009
81,72,200009
81,20,200009
81,132,200009
81,2,200009
81,4,200009
81,28,200009
81,77,200009
81,131,200009
81,31,200009
81,74,200009
81,160,200009
81,155,200009
81,205,200009
81,102,200009
81,27,200009
81,11,200009
81,52,200009
81,92,200009
81,113,200009
81,48,200009
81,17,200009
81,54,200009
81,59,200009
81,139,200009
81,146,200009
81,16,200009
81,26,200009
81,60,200009
81,10,200009
81,99,200009
81,108,200009
81,154,200009
81,40,200009
81,46,200009
81,97,200009
82,9,200009
82,32,200009
82,99,200009
82,6,200009
82,97,200009
83,6,200009
83,48,200009
83,76,200009
83,119,200009
83,10,200009
83,140,200009
83,154,200009
83,137,200009
83,362,200009
83,60,200009
83,72,200009
83,25,200009
83,38,200009
83,43,200009
83,2,200009
83,134,200009
83,54,200009
83,165,200009
83,104,200009
83,102,200009
83,85,200009
83,174,200009
83,77,200009
83,30,200009
83,27,200009
83,9,200009
83,126,200009
83,31,200009
83,170,200009
83,29,200009
83,21,200009
83,0,200009
83,1,200009
83,117,200009
83,17,200009
83,320,200009
83,152,200009
83,61,200009
83,13,200009
83,120,200009
83,11,200009
83,108,200009
83,160,200009
83,4,200009
83,136,200009
83,112,200009
83,155,200009
83,142,200009
83,28,200009
83,278,200009
83,180,200009
83,16,200009
83,45,200009
83,59,200009
83,36,200009
83,143,200009
83,100,200009
83,35,200009
83,19,200009
83,146,200009
83,81,200009
83,99,200009
83,195,200009
83,26,200009
83,18,200009
83,135,200009
83,97,200009
83,52,200009
83,40,200009
83,32,200009
83,14,200009
83,46,200009
84,88,200009
84,83,200009
84,69,200009
84,154,200009
84,223,200009
84,21,200009
84,248,200009
84,4,200009
84,18,200009
84,11,200009
85,52,200009
85,423,200009
85,460,200009
85,16,200009
85,136,200009
85,69,200009
85,76,200009
85,25,200009
85,281,200009
85,60,200009
85,505,200009
85,51,200009
85,40,200009
85,102,200009
85,20,200009
85,31,200009
85,133,200009
85,126,200009
85,100,200009
85,19,200009
85,165,200009
85,99,200009
85,64,200009
85,21,200009
85,97,200009
85,48,200009
85,5,200009
85,183,200009
85,18,200009
85,32,200009
85,108,200009
85,13,200009
85,208,200009
85,28,200009
85,111,200009
85,135,200009
85,0,200009
85,6,200009
85,341,200009
85,113,200009
85,23,200009
85,4,200009
85,2,200009
85,59,200009
85,26,200009
85,12,200009
85,1,200009
85,36,200009
85,29,200009
85,120,200009
85,81,200009
85,17,200009
85,375,200009
85,124,200009
85,74,200009
85,65,200009
85,14,200009
85,155,200009
85,77,200009
85,83,200009
85,10,200009
85,80,200009
85,248,200009
85,96,200009
85,116,200009
85,9,200009
85,92,200009
85,161,200009
85,112,200009
85,72,200009
85,154,200009
85,93,200009
85,149,200009
85,146,200009
85,11,200009
85,115,200009
85,160,200009
85,137,200009
85,274,200009
86,238,200009
86,46,200009
86,112,200009
86,4,200009
86,11,200009
86,18,200009
87,89,200009
87,203,200009
88,69,200009
88,223,200009
88,84,200009
88,4,200009
88,11,200009
89,64,200009
89,17,200009
89,212,200009
89,23,200009
89,14,200009
89,19,200009
89,91,200009
89,99,200009
89,396,200009
89,4,200009
89,135,200009
89,323,200009
89,1,200009
89,11,200009
89,7,200009
89,90,200009
89,770,200009
89,5,200009
89,18,200009
89,10,200009
89,112,200009
89,20,200009
89,32,200009
89,6,200009
89,137,200009
89,87,200009
89,154,200009
89,29,200009
89,8,200009
89,25,200009
89,51,200009
89,97,200009
89,243,200009
90,243,200009
90,8,200009
90,7,200009
90,89,200009
91,89,200009
92,13,200009
92,16,200009
92,81,200009
92,25,200009
92,18,200009
92,282,200009
92,320,200009
92,26,200009
92,24,200009
92,248,200009
92,77,200009
92,48,200009
92,58,200009
92,59,200009
92,112,200009
92,135,200009
92,51,200009
92,20,200009
92,23,200009
92,32,200009
92,155,200009
92,107,200009
92,5,200009
92,11,200009
92,28,200009
92,85,200009
92,12,200009
92,100,200009
92,83,200009
92,119,200009
92,4,200009
92,116,200009
92,102,200009
92,124,200009
92,341,200009
92,60,200009
92,137,200009
92,115,200009
92,108,200009
92,146,200009
92,17,200009
92,96,200009
92,80,200009
92,149,200009
92,27,200009
92,165,200009
92,157,200009
92,9,200009
92,72,200009
92,47,200009
92,10,200009
92,14,200009
92,1,200009
92,31,200009
92,97,200009
92,154,200009
92,93,200009
92,2,200009
92,0,200009
92,274,200009
93,286,200009
93,92,200009
93,115,200009
93,116,200009
93,96,200009
93,149,200009
93,72,200009
93,85,200009
93,137,200009
93,2,200009
93,25,200009
93,274,200009
94,108,200009
94,55,200009
94,16,200009
94,11,200009
94,9,200009
94,77,200009
94,45,200009
94,72,200009
94,1,200009
94,309,200009
94,19,200009
94,136,200009
94,38,200009
94,40,200009
94,13,200009
94,25,200009
94,142,200009
94,26,200009
94,154,200009
94,60,200009
94,97,200009
94,135,200009
94,35,200009
94,6,200009
94,146,200009
94,46,200009
95,170,200009
95,97,200009
96,13,200009
96,53,200009
96,77,200009
96,26,200009
96,35,200009
96,12,200009
96,51,200009
96,14,200009
96,112,200009
96,2,200009
96,137,200009
96,108,200009
96,83,200009
96,27,200009
96,97,200009
96,19,200009
96,0,200009
96,29,200009
96,86,200009
96,81,200009
96,9,200009
96,78,200009
96,38,200009
96,22,200009
96,183,200009
96,16,200009
96,5,200009
96,1,200009
96,93,200009
96,333,200009
96,69,200009
96,124,200009
96,120,200009
96,18,200009
96,121,200009
96,99,200009
96,107,200009
96,248,200009
96,59,200009
96,165,200009
96,6,200009
96,20,200009
96,23,200009
96,133,200009
96,21,200009
96,11,200009
96,60,200009
96,149,200009
96,154,200009
96,136,200009
96,116,200009
96,115,200009
96,4,200009
96,135,200009
96,92,200009
96,28,200009
96,146,200009
96,10,200009
96,17,200009
96,25,200009
96,274,200009
97,96,200009
97,45,200009
97,81,200009
97,25,200009
97,77,200009
97,118,200009
97,735,200009
97,35,200009
97,0,200009
97,36,200009
97,51,200009
97,4,200009
97,20,200009
97,129,200009
97,137,200009
97,176,200009
97,30,200009
97,52,200009
97,15,200009
97,18,200009
97,59,200009
97,113,200009
97,66,200009
97,34,200009
97,102,200009
97,11,200009
97,142,200009
97,117,200009
97,64,200009
97,208,200009
97,16,200009
97,131,200009
97,28,200009
97,12,200009
97,29,200009
97,13,200009
97,165,200009
97,26,200009
97,22,200009
97,9,200009
97,24,200009
97,136,200009
97,126,200009
97,121,200009
97,23,200009
97,135,200009
97,19,200009
97,133,200009
97,181,200009
97,10,200009
97,54,200009
97,2,200009
97,120,200009
97,182,200009
97,155,200009
97,17,200009
97,55,200009
97,27,200009
97,110,200009
97,163,200009
97,332,200009
97,170,200009
97,40,200009
97,1170,200009
97,43,200009
97,266,200009
97,1,200009
97,60,200009
97,100,200009
97,157,200009
97,57,200009
97,187,200009
97,393,200009
97,320,200009
97,95,200009
97,85,200009
97,797,200009
97,101,200009
97,94,200009
97,540,200009
97,1052,200009
97,47,200009
97,143,200009
97,458,200009
97,195,200009
97,7,200009
97,334,200009
97,510,200009
97,41,200009
97,452,200009
97,398,200009
97,62,200009
97,132,200009
97,172,200009
97,198,200009
97,175,200009
97,63,200009
97,455,200009
97,274,200009
97,216,200009
97,139,200009
97,119,200009
97,82,200009
97,65,200009
97,79,200009
97,106,200009
97,435,200009
97,342,200009
97,167,200009
97,278,200009
97,250,200009
97,341,200009
97,544,200009
97,269,200009
97,140,200009
97,78,200009
97,134,200009
97,158,200009
97,197,200009
97,83,200009
97,14,200009
97,53,200009
97,188,200009
97,21,200009
97,76,200009
97,141,200009
97,112,200009
97,160,200009
97,180,200009
97,72,200009
97,73,200009
97,237,200009
97,75,200009
97,355,200009
97,860,200009
97,98,200009
97,249,200009
97,46,200009
97,224,200009
97,89,200009
97,92,200009
97,6,200009
97,124,200009
97,48,200009
97,39,200009
97,108,200009
97,154,200009
97,156,200009
97,152,200009
97,32,200009
97,58,200009
97,38,200009
97,31,200009
97,146,200009
97,80,200009
97,99,200009
98,286,200009
98,18,200009
98,176,200009
98,0,200009
98,22,200009
98,165,200009
98,544,200009
98,46,200009
98,79,200009
98,102,200009
98,80,200009
98,45,200009
98,157,200009
98,5,200009
98,152,200009
98,26,200009
98,146,200009
98,29,200009
98,160,200009
98,137,200009
98,25,200009
98,97,200009
99,81,200009
99,74,200009
99,64,200009
99,77,200009
99,118,200009
99,72,200009
99,9,200009
99,110,200009
99,4,200009
99,0,200009
99,13,200009
99,10,200009
99,143,200009
99,137,200009
99,1,200009
99,154,200009
99,96,200009
99,12,200009
99,102,200009
99,20,200009
99,8,200009
99,121,200009
99,60,200009
99,32,200009
99,54,200009
99,136,200009
99,113,200009
99,242,200009
99,144,200009
99,27,200009
99,11,200009
99,25,200009
99,31,200009
99,165,200009
99,23,200009
99,18,200009
99,28,200009
99,85,200009
99,112,200009
99,17,200009
99,29,200009
99,320,200009
99,51,200009
99,21,200009
99,160,200009
99,108,200009
99,157,200009
99,2,200009
99,131,200009
99,16,200009
99,76,200009
99,45,200009
99,35,200009
99,24,200009
99,117,200009
99,59,200009
99,155,200009
99,100,200009
99,126,200009
99,180,200009
99,48,200009
99,83,200009
99,142,200009
99,19,200009
99,52,200009
99,36,200009
99,135,200009
99,146,200009
99,40,200009
99,6,200009
99,46,200009
99,26,200009
99,97,200009
100,27,200009
100,110,200009
100,161,200009
100,137,200009
100,121,200009
100,125,200009
100,136,200009
100,29,200009
100,38,200009
100,149,200009
100,51,200009
100,16,200009
100,31,200009
100,9,200009
100,6,200009
100,170,200009
100,81,200009
100,18,200009
100,5,200009
100,23,200009
100,134,200009
100,4,200009
100,20,200009
100,64,200009
100,113,200009
100,10,200009
100,17,200009
100,860,200009
100,13,200009
100,52,200009
100,155,200009
100,97,200009
100,102,200009
100,80,200009
100,1,200009
100,92,200009
100,146,200009
100,135,200009
100,77,200009
100,26,200009
100,119,200009
100,0,200009
100,108,200009
100,99,200009
100,160,200009
100,83,200009
100,35,200009
100,14,200009
100,154,200009
100,32,200009
100,25,200009
100,19,200009
100,48,200009
100,46,200009
101,141,200009
101,181,200009
101,40,200009
101,45,200009
101,58,200009
101,78,200009
101,102,200009
101,24,200009
101,125,200009
101,154,200009
101,98,200009
101,15,200009
101,12,200009
101,34,200009
101,160,200009
101,18,200009
101,134,200009
101,85,200009
101,64,200009
101,14,200009
101,157,200009
101,99,200009
101,38,200009
101,183,200009
101,871,200009
101,97,200009
101,16,200009
101,137,200009
101,32,200009
101,6,200009
101,25,200009
101,29,200009
101,46,200009
101,146,200009
102,24,200009
102,77,200009
102,97,200009
102,117,200009
102,121,200009
102,120,200009
102,81,200009
102,0,200009
102,98,200009
102,27,200009
102,165,200009
102,216,200009
102,139,200009
102,132,200009
102,28,200009
102,25,200009
102,160,200009
102,64,200009
102,54,200009
102,100,200009
102,35,200009
102,137,200009
102,1,200009
102,78,200009
102,58,200009
102,12,200009
102,85,200009
102,157,200009
102,60,200009
102,80,200009
102,136,200009
102,2,200009
102,38,200009
102,48,200009
102,21,200009
102,83,200009
102,108,200009
102,17,200009
102,92,200009
102,16,200009
102,59,200009
102,26,200009
102,6,200009
102,31,200009
102,119,200009
102,146,200009
102,99,200009
102,135,200009
102,46,200009
102,29,200009
102,32,200009
102,40,200009
102,19,200009
102,14,200009
104,19,200009
104,13,200009
104,25,200009
104,108,200009
104,100,200009
104,333,200009
104,29,200009
104,6,200009
104,248,200009
104,154,200009
104,136,200009
104,137,200009
105,228,200009
105,69,200009
105,317,200009
105,96,200009
105,183,200009
106,60,200009
106,9,200009
106,137,200009
106,26,200009
106,99,200009
106,97,200009
107,119,200009
107,11,200009
107,108,200009
107,40,200009
107,27,200009
107,29,200009
107,83,200009
107,25,200009
107,13,200009
107,12,200009
107,99,200009
107,213,200009
107,17,200009
107,136,200009
107,26,200009
107,133,200009
107,60,200009
107,96,200009
107,32,200009
107,115,200009
107,154,200009
107,10,200009
107,22,200009
107,92,200009
107,165,200009
107,113,200009
107,14,200009
107,28,200009
107,150,200009
107,112,200009
107,69,200009
107,51,200009
107,23,200009
107,183,200009
107,137,200009
107,1,200009
107,18,200009
107,4,200009
107,20,200009
107,5,200009
108,81,200009
108,64,200009
108,34,200009
108,60,200009
108,19,200009
108,121,200009
108,107,200009
108,13,200009
108,54,200009
108,26,200009
108,4,200009
108,10,200009
108,53,200009
108,96,200009
108,112,200009
108,113,200009
108,0,200009
108,16,200009
108,142,200009
108,11,200009
108,133,200009
108,28,200009
108,35,200009
108,51,200009
108,104,200009
108,59,200009
108,149,200009
108,85,200009
108,83,200009
108,29,200009
108,17,200009
108,52,200009
108,69,200009
108,1,200009
108,27,200009
108,92,200009
108,77,200009
108,22,200009
108,136,200009
108,182,200009
108,38,200009
108,163,200009
108,117,200009
108,20,200009
108,132,200009
108,36,200009
108,5,200009
108,76,200009
108,135,200009
108,99,200009
108,197,200009
108,120,200009
108,12,200009
108,32,200009
108,119,200009
108,102,200009
108,155,200009
108,48,200009
108,2,200009
108,143,200009
108,100,200009
108,341,200009
108,129,200009
108,154,200009
108,178,200009
108,6,200009
108,80,200009
108,18,200009
108,14,200009
108,160,200009
108,31,200009
108,137,200009
108,146,200009
108,40,200009
108,97,200009
108,25,200009
108,46,200009
109,305,200009
109,592,200009
109,128,200009
109,633,200009
109,306,200009
109,427,200009
109,127,200009
109,110,200009
109,4,200009
110,185,200009
110,230,200009
110,97,200009
110,232,200009
110,186,200009
110,465,200009
110,6,200009
110,196,200009
110,59,200009
110,231,200009
110,351,200009
110,226,200009
110,352,200009
110,154,200009
110,35,200009
110,26,200009
110,60,200009
110,200,200009
110,0,200009
110,77,200009
110,128,200009
110,201,200009
110,112,200009
110,191,200009
110,306,200009
110,290,200009
110,13,200009
110,17,200009
110,633,200009
110,1,200009
110,190,200009
110,20,200009
110,305,200009
110,127,200009
110,425,200009
110,146,200009
110,137,200009
110,427,200009
110,424,200009
110,29,200009
110,235,200009
110,4,200009
110,525,200009
110,51,200009
110,25,200009
110,109,200009
110,11,200009
110,18,200009
111,18,200009
111,415,200009
111,64,200009
111,29,200009
111,6,200009
111,61,200009
111,136,200009
112,13,200009
112,142,200009
112,92,200009
112,281,200009
112,23,200009
112,20,200009
112,155,200009
112,120,200009
112,137,200009
112,81,200009
112,27,200009
112,48,200009
112,64,200009
112,0,200009
112,165,200009
112,6,200009
112,100,200009
112,18,200009
112,156,200009
112,16,200009
112,116,200009
112,10,200009
112,99,200009
112,15,200009
112,35,200009
112,25,200009
112,125,200009
112,2,200009
112,154,200009
112,110,200009
112,60,200009
112,59,200009
112,183,200009
112,26,200009
112,52,200009
112,32,200009
112,119,200009
112,248,200009
112,108,200009
112,19,200009
112,1,200009
112,117,200009
112,124,200009
112,135,200009
112,97,200009
112,83,200009
112,14,200009
112,85,200009
112,69,200009
112,28,200009
112,22,200009
112,31,200009
112,96,200009
112,11,200009
112,107,200009
112,146,200009
112,89,200009
112,51,200009
112,136,200009
112,4,200009
112,29,200009
112,17,200009
112,113,200009
112,133,200009
113,53,200009
113,23,200009
113,2,200009
113,46,200009
113,137,200009
113,36,200009
113,97,200009
113,146,200009
113,29,200009
113,135,200009
113,77,200009
113,25,200009
113,30,200009
113,26,200009
113,18,200009
113,54,200009
113,16,200009
113,40,200009
113,108,200009
113,124,200009
113,27,200009
113,31,200009
113,99,200009
113,136,200009
113,129,200009
113,72,200009
113,59,200009
113,64,200009
113,51,200009
113,60,200009
113,6,200009
113,22,200009
113,132,200009
113,35,200009
113,14,200009
113,85,200009
113,107,200009
113,19,200009
113,13,200009
113,32,200009
113,4,200009
113,21,200009
113,20,200009
113,154,200009
113,11,200009
113,5,200009
113,10,200009
113,1,200009
113,112,200009
114,134,200009
114,40,200009
114,63,200009
114,119,200009
114,294,200009
114,26,200009
114,13,200009
114,146,200009
115,286,200009
115,11,200009
115,60,200009
115,5,200009
115,116,200009
115,112,200009
115,93,200009
115,28,200009
115,0,200009
115,17,200009
115,25,200009
115,1,200009
115,165,200009
115,137,200009
115,10,200009
115,92,200009
115,96,200009
115,85,200009
115,274,200009
116,85,200009
116,51,200009
116,143,200009
116,20,200009
116,97,200009
116,69,200009
116,101,200009
116,5,200009
116,93,200009
116,248,200009
116,17,200009
116,2,200009
116,136,200009
116,1,200009
116,92,200009
116,137,200009
116,96,200009
116,10,200009
116,25,200009
116,274,200009
117,362,200009
117,77,200009
117,100,200009
117,45,200009
117,146,200009
117,2,200009
117,72,200009
117,28,200009
117,197,200009
117,142,200009
117,81,200009
117,11,200009
117,97,200009
117,29,200009
117,31,200009
117,120,200009
117,27,200009
117,38,200009
117,35,200009
117,126,200009
117,154,200009
117,60,200009
117,0,200009
117,36,200009
117,108,200009
117,26,200009
117,64,200009
117,16,200009
117,32,200009
117,13,200009
117,83,200009
117,46,200009
117,59,200009
117,99,200009
117,6,200009
117,19,200009
117,40,200009
118,326,200009
118,25,200009
118,20,200009
118,540,200009
118,137,200009
118,97,200009
119,59,200009
119,27,200009
119,112,200009
119,114,200009
119,0,200009
119,28,200009
119,60,200009
119,143,200009
119,108,200009
119,139,200009
119,48,200009
119,36,200009
119,17,200009
119,92,200009
119,100,200009
119,16,200009
119,1,200009
119,146,200009
119,97,200009
119,102,200009
119,31,200009
119,135,200009
119,14,200009
120,77,200009
120,32,200009
120,113,200009
120,29,200009
120,38,200009
120,155,200009
120,18,200009
120,112,200009
120,9,200009
120,51,200009
120,81,200009
120,242,200009
120,108,200009
120,96,200009
120,16,200009
120,142,200009
120,362,200009
120,170,200009
120,4,200009
120,160,200009
120,154,200009
120,61,200009
120,163,200009
120,58,200009
120,101,200009
120,6,200009
120,28,200009
120,137,200009
120,17,200009
120,136,200009
120,1,200009
120,60,200009
120,26,200009
120,59,200009
120,13,200009
120,25,200009
120,6,200009
120,146,200009
120,26,200009
120,154,200009
120,32,200009
120,137,200009
120,29,200009
120,40,200009
120,19,200009
120,46,200009
120,97,200009
121,23,200009
121,85,200009
121,29,200009
121,81,200009
121,18,200009
121,22,200009
121,99,200009
121,12,200009
121,136,200009
121,97,200009
121,137,200009
121,96,200009
121,150,200009
121,1336,200009
121,10,200009
121,1,200009
122,53,200009
122,61,200009
122,81,200009
122,27,200009
122,137,200009
122,18,200009
122,136,200009
123,83,200009
123,99,200009
123,18,200009
124,282,200009
124,80,200009
124,25,200009
124,24,200009
124,106,200009
124,5,200009
124,28,200009
124,46,200009
124,31,200009
124,23,200009
124,52,200009
124,83,200009
124,116,200009
124,355,200009
124,32,200009
124,16,200009
124,0,200009
124,29,200009
124,165,200009
124,93,200009
124,1144,200009
124,112,200009
124,160,200009
124,77,200009
124,20,200009
124,2,200009
124,146,200009
124,17,200009
124,1,200009
124,92,200009
124,135,200009
124,137,200009
124,154,200009
124,97,200009
124,274,200009
125,242,200009
125,27,200009
125,146,200009
125,46,200009
125,5,200009
125,64,200009
125,77,200009
125,40,200009
125,24,200009
125,21,200009
125,18,200009
125,29,200009
125,136,200009
125,154,200009
126,52,200009
126,13,200009
126,6,200009
126,77,200009
126,26,200009
126,165,200009
126,27,200009
126,18,200009
126,66,200009
126,72,200009
126,16,200009
126,51,200009
126,137,200009
126,136,200009
126,85,200009
126,80,200009
126,160,200009
126,181,200009
126,74,200009
126,1,200009
126,117,200009
126,156,200009
126,4,200009
126,112,200009
126,76,200009
126,31,200009
126,139,200009
126,97,200009
126,108,200009
126,146,200009
126,60,200009
126,59,200009
126,46,200009
126,99,200009
126,29,200009
126,19,200009
126,32,200009
126,40,200009
127,427,200009
127,110,200009
127,4,200009
127,109,200009
128,306,200009
128,110,200009
128,427,200009
128,4,200009
128,109,200009
129,97,200009
129,194,200009
129,47,200009
129,146,200009
129,77,200009
129,60,200009
129,35,200009
129,19,200009
129,217,200009
129,172,200009
129,173,200009
129,4,200009
129,113,200009
129,13,200009
129,18,200009
129,31,200009
129,20,200009
129,2,200009
129,64,200009
129,48,200009
129,14,200009
129,59,200009
129,16,200009
129,160,200009
129,135,200009
129,32,200009
129,17,200009
129,40,200009
129,284,200009
129,154,200009
129,25,200009
129,108,200009
129,29,200009
129,46,200009
129,52,200009
129,6,200009
129,137,200009
130,53,200009
130,136,200009
131,61,200009
131,60,200009
131,43,200009
131,97,200009
131,208,200009
131,142,200009
131,77,200009
131,64,200009
131,23,200009
131,69,200009
131,136,200009
131,248,200009
131,391,200009
131,99,200009
131,18,200009
131,137,200009
131,16,200009
131,154,200009
131,54,200009
131,146,200009
131,29,200009
131,32,200009
132,97,200009
132,6,200009
132,146,200009
132,126,200009
132,233,200009
132,544,200009
132,112,200009
132,133,200009
132,31,200009
132,39,200009
132,24,200009
132,137,200009
132,208,200009
132,81,200009
132,60,200009
132,242,200009
132,96,200009
132,108,200009
132,16,200009
132,29,200009
132,26,200009
132,99,200009
132,13,200009
132,35,200009
132,77,200009
132,54,200009
132,160,200009
132,18,200009
132,32,200009
132,136,200009
132,154,200009
133,6,200009
133,27,200009
133,32,200009
133,33,200009
133,52,200009
133,16,200009
133,160,200009
133,19,200009
133,72,200009
133,100,200009
133,81,200009
133,116,200009
133,48,200009
133,107,200009
133,183,200009
133,85,200009
133,69,200009
133,4,200009
133,2,200009
133,25,200009
133,80,200009
133,9,200009
133,165,200009
133,154,200009
133,11,200009
133,51,200009
133,96,200009
133,136,200009
133,137,200009
133,1,200009
133,112,200009
133,20,200009
133,21,200009
133,10,200009
133,5,200009
134,13,200009
134,77,200009
134,54,200009
134,2,200009
134,97,200009
134,11,200009
134,80,200009
134,114,200009
134,38,200009
134,53,200009
134,32,200009
134,137,200009
134,155,200009
134,31,200009
134,29,200009
134,101,200009
134,0,200009
134,136,200009
134,22,200009
134,52,200009
134,48,200009
134,1065,200009
134,60,200009
134,46,200009
134,154,200009
134,26,200009
134,16,200009
134,6,200009
134,40,200009
134,146,200009
134,19,200009
135,274,200009
135,93,200009
135,2,200009
135,60,200009
135,1,200009
135,61,200009
135,165,200009
135,102,200009
135,45,200009
135,51,200009
135,0,200009
135,83,200009
135,341,200009
135,78,200009
135,48,200009
135,11,200009
135,13,200009
135,35,200009
135,28,200009
135,20,200009
135,10,200009
135,100,200009
135,355,200009
135,65,200009
135,112,200009
135,85,200009
135,320,200009
135,108,200009
135,180,200009
135,7,200009
135,23,200009
135,89,200009
135,17,200009
135,5,200009
135,6,200009
135,4,200009
135,59,200009
135,26,200009
135,129,200009
135,9,200009
135,64,200009
135,21,200009
135,16,200009
135,72,200009
135,187,200009
135,137,200009
135,94,200009
135,96,200009
135,146,200009
135,124,200009
135,142,200009
135,136,200009
135,157,200009
135,139,200009
135,40,200009
135,52,200009
135,80,200009
135,27,200009
135,18,200009
135,155,200009
135,119,200009
135,375,200009
135,97,200009
135,19,200009
135,77,200009
135,99,200009
135,92,200009
135,14,200009
135,32,200009
135,12,200009
135,143,200009
135,81,200009
135,31,200009
135,154,200009
136,492,200009
136,286,200009
136,54,200009
136,204,200009
136,11,200009
136,142,200009
136,16,200009
136,51,200009
136,233,200009
136,19,200009
136,94,200009
136,26,200009
136,32,200009
136,166,200009
136,59,200009
136,47,200009
136,17,200009
136,121,200009
136,18,200009
136,13,200009
136,14,200009
136,52,200009
136,81,200009
136,74,200009
136,139,200009
136,6,200009
136,143,200009
136,28,200009
136,97,200009
136,40,200009
136,108,200009
136,131,200009
136,100,200009
136,155,200009
136,181,200009
136,0,200009
136,48,200009
136,2,200009
136,177,200009
136,107,200009
136,133,200009
136,77,200009
136,375,200009
136,89,200009
136,83,200009
136,99,200009
136,320,200009
136,120,200009
136,4,200009
136,248,200009
136,113,200009
136,43,200009
136,30,200009
136,116,200009
136,12,200009
136,269,200009
136,169,200009
136,307,200009
136,153,200009
136,157,200009
136,330,200009
136,69,200009
136,165,200009
136,159,200009
136,33,200009
136,122,200009
136,96,200009
136,265,200009
136,147,200009
136,160,200009
136,163,200009
136,35,200009
136,10,200009
136,60,200009
136,371,200009
136,104,200009
136,135,200009
136,189,200009
136,130,200009
136,112,200009
136,70,200009
136,31,200009
136,125,200009
136,15,200009
136,61,200009
136,34,200009
136,1,200009
136,132,200009
136,22,200009
136,27,200009
136,111,200009
136,85,200009
136,137,200009
136,72,200009
136,46,200009
136,183,200009
136,53,200009
136,154,200009
136,25,200009
136,23,200009
136,303,200009
136,20,200009
136,9,200009
136,146,200009
136,5,200009
136,21,200009
136,29,200009
136,64,200009
137,85,200009
137,48,200009
137,25,200009
137,17,200009
137,281,200009
137,2,200009
137,20,200009
137,154,200009
137,282,200009
137,21,200009
137,24,200009
137,155,200009
137,36,200009
137,1,200009
137,80,200009
137,76,200009
137,159,200009
137,99,200009
137,18,200009
137,79,200009
137,165,200009
137,40,200009
137,113,200009
137,13,200009
137,132,200009
137,11,200009
137,54,200009
137,6,200009
137,208,200009
137,157,200009
137,29,200009
137,83,200009
137,26,200009
137,12,200009
137,45,200009
137,146,200009
137,107,200009
137,96,200009
137,59,200009
137,117,200009
137,97,200009
137,10,200009
137,101,200009
137,112,200009
137,14,200009
137,126,200009
137,51,200009
137,181,200009
137,145,200009
137,134,200009
137,135,200009
137,23,200009
137,170,200009
137,52,200009
137,19,200009
137,46,200009
137,22,200009
137,265,200009
137,78,200009
137,28,200009
137,139,200009
137,60,200009
137,15,200009
137,355,200009
137,75,200009
137,38,200009
137,43,200009
137,163,200009
137,140,200009
137,81,200009
137,102,200009
137,860,200009
137,248,200009
137,64,200009
137,5,200009
137,540,200009
137,180,200009
137,510,200009
137,188,200009
137,110,200009
137,156,200009
137,160,200009
137,244,200009
137,4,200009
137,326,200009
137,118,200009
137,671,200009
137,131,200009
137,393,200009
137,344,200009
137,309,200009
137,116,200009
137,115,200009
137,62,200009
137,337,200009
137,16,200009
137,216,200009
137,34,200009
137,143,200009
137,92,200009
137,250,200009
137,341,200009
137,335,200009
137,57,200009
137,93,200009
137,152,200009
137,544,200009
137,150,200009
137,39,200009
137,1190,200009
137,142,200009
137,483,200009
137,339,200009
137,220,200009
137,169,200009
137,53,200009
137,98,200009
137,333,200009
137,72,200009
137,9,200009
137,390,200009
137,336,200009
137,31,200009
137,27,200009
137,133,200009
137,89,200009
137,213,200009
137,149,200009
137,161,200009
137,124,200009
137,58,200009
137,104,200009
137,100,200009
137,120,200009
137,47,200009
137,0,200009
137,136,200009
137,108,200009
137,129,200009
137,32,200009
137,121,200009
137,77,200009
137,35,200009
138,76,200009
138,60,200009
138,29,200009
138,248,200009
138,250,200009
138,32,200009
139,77,200009
139,40,200009
139,26,200009
139,83,200009
139,17,200009
139,28,200009
139,0,200009
139,132,200009
139,136,200009
139,12,200009
139,13,200009
139,78,200009
139,52,200009
139,21,200009
139,23,200009
139,38,200009
139,81,200009
139,120,200009
139,29,200009
139,65,200009
139,143,200009
139,117,200009
139,99,200009
139,31,200009
139,102,200009
139,119,200009
139,14,200009
139,60,200009
139,25,200009
139,178,200009
139,16,200009
139,32,200009
139,135,200009
139,35,200009
139,97,200009
139,6,200009
139,154,200009
139,19,200009
139,146,200009
139,46,200009
140,100,200009
140,6,200009
140,26,200009
140,117,200009
140,16,200009
140,63,200009
140,97,200009
140,137,200009
140,160,200009
140,32,200009
140,146,200009
140,40,200009
140,46,200009
141,46,200009
141,57,200009
141,397,200009
141,17,200009
141,160,200009
141,16,200009
141,29,200009
141,146,200009
141,97,200009
142,32,200009
142,143,200009
142,28,200009
142,27,200009
142,139,200009
142,45,200009
142,0,200009
142,160,200009
142,164,200009
142,188,200009
142,17,200009
142,157,200009
142,35,200009
142,108,200009
142,36,200009
142,12,200009
142,48,200009
142,20,200009
142,94,200009
142,14,200009
142,25,200009
142,77,200009
142,11,200009
142,107,200009
142,117,200009
142,136,200009
142,137,200009
142,18,200009
142,82,200009
142,31,200009
142,99,200009
142,97,200009
142,24,200009
142,76,200009
142,112,200009
142,29,200009
142,120,200009
142,60,200009
142,38,200009
142,52,200009
142,6,200009
142,83,200009
142,100,200009
142,320,200009
142,64,200009
142,26,200009
142,146,200009
142,135,200009
142,16,200009
142,13,200009
142,59,200009
142,46,200009
142,40,200009
142,19,200009
143,13,200009
143,14,200009
143,16,200009
143,81,200009
143,77,200009
143,40,200009
143,161,200009
143,11,200009
143,35,200009
143,21,200009
143,104,200009
143,163,200009
143,102,200009
143,97,200009
143,26,200009
143,23,200009
143,164,200009
143,133,200009
143,22,200009
143,25,200009
143,112,200009
143,30,200009
143,18,200009
143,51,200009
143,126,200009
143,157,200009
143,39,200009
143,72,200009
143,242,200009
143,48,200009
143,38,200009
143,6,200009
143,165,200009
143,76,200009
143,65,200009
143,66,200009
143,31,200009
143,2,200009
143,160,200009
143,216,200009
143,27,200009
143,12,200009
143,32,200009
143,17,200009
143,92,200009
143,0,200009
143,60,200009
143,19,200009
143,80,200009
143,1,200009
143,108,200009
143,137,200009
143,83,200009
143,46,200009
143,146,200009
143,154,200009
143,29,200009
143,135,200009
144,19,200009
144,195,200009
144,29,200009
144,170,200009
144,176,200009
144,6,200009
144,181,200009
144,13,200009
144,208,200009
144,18,200009
145,132,200009
145,111,200009
145,54,200009
145,18,200009
145,29,200009
146,114,200009
146,59,200009
146,18,200009
146,134,200009
146,43,200009
146,15,200009
146,154,200009
146,61,200009
146,125,200009
146,80,200009
146,144,200009
146,35,200009
146,174,200009
146,171,200009
146,94,200009
146,233,200009
146,5,200009
146,64,200009
146,54,200009
146,32,200009
146,117,200009
146,164,200009
146,76,200009
146,29,200009
146,21,200009
146,196,200009
146,10,200009
146,107,200009
146,188,200009
146,98,200009
146,40,200009
146,137,200009
146,124,200009
146,160,200009
146,48,200009
146,142,200009
146,26,200009
146,110,200009
146,126,200009
146,60,200009
146,6,200009
146,38,200009
146,100,200009
146,16,200009
146,157,200009
146,192,200009
146,9,200009
146,34,200009
146,152,200009
146,85,200009
146,112,200009
146,120,200009
146,135,200009
146,45,200009
146,92,200009
146,170,200009
146,27,200009
146,208,200009
146,320,200009
146,58,200009
146,74,200009
146,25,200009
146,182,200009
146,195,200009
146,63,200009
146,140,200009
146,237,200009
146,119,200009
146,79,200009
146,78,200009
146,83,200009
146,77,200009
146,131,200009
146,141,200009
146,72,200009
146,81,200009
146,176,200009
146,31,200009
146,224,200009
146,12,200009
146,36,200009
146,75,200009
146,132,200009
146,155,200009
146,62,200009
146,96,200009
146,22,200009
146,2,200009
146,143,200009
146,53,200009
146,198,200009
146,175,200009
146,39,200009
146,65,200009
146,46,200009
146,66,200009
146,57,200009
146,101,200009
146,102,200009
146,181,200009
146,24,200009
146,139,200009
146,180,200009
146,28,200009
146,0,200009
146,19,200009
146,4,200009
146,1,200009
146,14,200009
146,52,200009
146,108,200009
146,51,200009
146,99,200009
146,136,200009
146,13,200009
146,20,200009
146,17,200009
146,97,200009
146,11,200009
147,136,200009
149,336,200009
149,9,200009
149,154,200009
149,0,200009
149,47,200009
149,28,200009
149,17,200009
149,2,200009
149,25,200009
149,165,200009
149,1,200009
149,10,200009
149,85,200009
149,96,200009
149,92,200009
149,137,200009
149,274,200009
150,51,200009
150,154,200009
150,248,200009
150,69,200009
150,183,200009
150,121,200009
150,107,200009
150,10,200009
150,137,200009
150,4,200009
150,17,200009
151,32,200009
151,205,200009
151,160,200009
152,22,200009
152,32,200009
152,165,200009
152,45,200009
152,160,200009
152,16,200009
152,54,200009
152,146,200009
152,98,200009
152,53,200009
152,80,200009
152,38,200009
152,25,200009
152,137,200009
152,97,200009
153,53,200009
153,136,200009
154,81,200009
154,53,200009
154,62,200009
154,57,200009
154,64,200009
154,65,200009
154,339,200009
154,27,200009
154,29,200009
154,20,200009
154,113,200009
154,96,200009
154,15,200009
154,120,200009
154,195,200009
154,146,200009
154,18,200009
154,5,200009
154,156,200009
154,101,200009
154,183,200009
154,23,200009
154,131,200009
154,176,200009
154,36,200009
154,58,200009
154,139,200009
154,2,200009
154,107,200009
154,38,200009
154,112,200009
154,52,200009
154,51,200009
154,141,200009
154,181,200009
154,242,200009
154,155,200009
154,14,200009
154,79,200009
154,237,200009
154,30,200009
154,28,200009
154,19,200009
154,234,200009
154,197,200009
154,126,200009
154,265,200009
154,142,200009
154,12,200009
154,121,200009
154,165,200009
154,180,200009
154,207,200009
154,39,200009
154,133,200009
154,21,200009
154,4,200009
154,188,200009
154,0,200009
154,83,200009
154,161,200009
154,94,200009
154,102,200009
154,296,200009
154,85,200009
154,379,200009
154,8,200009
154,134,200009
154,25,200009
154,11,200009
154,388,200009
154,45,200009
154,163,200009
154,6,200009
154,314,200009
154,160,200009
154,48,200009
154,198,200009
154,267,200009
154,80,200009
154,17,200009
154,129,200009
154,66,200009
154,104,200009
154,110,200009
154,193,200009
154,16,200009
154,10,200009
154,544,200009
154,108,200009
154,7,200009
154,9,200009
154,269,200009
154,159,200009
154,60,200009
154,72,200009
154,61,200009
154,40,200009
154,143,200009
154,1,200009
154,46,200009
154,100,200009
154,89,200009
154,124,200009
154,77,200009
154,125,200009
154,35,200009
154,24,200009
154,34,200009
154,136,200009
154,31,200009
154,32,200009
154,132,200009
154,54,200009
154,92,200009
154,137,200009
154,97,200009
154,59,200009
154,13,200009
154,26,200009
154,99,200009
154,135,200009
155,77,200009
155,126,200009
155,27,200009
155,35,200009
155,216,200009
155,45,200009
155,86,200009
155,157,200009
155,48,200009
155,60,200009
155,181,200009
155,12,200009
155,97,200009
155,46,200009
155,21,200009
155,1,200009
155,25,200009
155,0,200009
155,36,200009
155,2,200009
155,85,200009
155,16,200009
155,18,200009
155,92,200009
155,80,200009
155,154,200009
155,10,200009
155,83,200009
155,26,200009
155,28,200009
155,108,200009
155,6,200009
155,31,200009
155,99,200009
155,146,200009
155,135,200009
155,40,200009
155,32,200009
155,14,200009
155,19,200009
155,29,200009
156,165,200009
156,117,200009
156,26,200009
156,2,200009
156,39,200009
156,157,200009
156,113,200009
156,65,200009
156,98,200009
156,32,200009
156,52,200009
156,28,200009
156,35,200009
156,14,200009
156,0,200009
156,13,200009
156,137,200009
156,25,200009
156,60,200009
156,46,200009
156,97,200009
157,80,200009
157,326,200009
157,53,200009
157,286,200009
157,154,200009
157,132,200009
157,216,200009
157,9,200009
157,82,200009
157,107,200009
157,156,200009
157,5,200009
157,19,200009
157,165,200009
157,188,200009
157,16,200009
157,31,200009
157,2,200009
157,1,200009
157,102,200009
157,10,200009
157,17,200009
157,136,200009
157,97,200009
157,146,200009
157,60,200009
157,25,200009
157,14,200009
157,160,200009
157,135,200009
157,137,200009
157,92,200009
158,16,200009
158,97,200009
159,135,200009
159,163,200009
159,29,200009
159,131,200009
159,269,200009
159,248,200009
159,32,200009
159,136,200009
159,18,200009
159,154,200009
160,57,200009
160,25,200009
160,35,200009
160,104,200009
160,175,200009
160,151,200009
160,116,200009
160,224,200009
160,274,200009
160,181,200009
160,9,200009
160,81,200009
160,208,200009
160,11,200009
160,242,200009
160,161,200009
160,40,200009
160,108,200009
160,117,200009
160,38,200009
160,0,200009
160,53,200009
160,34,200009
160,64,200009
160,126,200009
160,23,200009
160,142,200009
160,159,200009
160,31,200009
160,79,200009
160,314,200009
160,14,200009
160,157,200009
160,339,200009
160,86,200009
160,16,200009
160,143,200009
160,83,200009
160,141,200009
160,101,200009
160,52,200009
160,76,200009
160,140,200009
160,51,200009
160,48,200009
160,19,200009
160,77,200009
160,124,200009
160,46,200009
160,32,200009
160,129,200009
160,132,200009
160,146,200009
160,137,200009
160,6,200009
160,154,200009
160,28,200009
160,12,200009
160,341,200009
160,98,200009
160,29,200009
160,1,200009
160,136,200009
160,80,200009
160,58,200009
160,10,200009
160,100,200009
160,54,200009
160,85,200009
160,544,200009
160,2,200009
160,20,200009
160,13,200009
160,4,200009
160,26,200009
160,97,200009
160,27,200009
160,355,200009
160,60,200009
160,99,200009
160,17,200009
160,18,200009
161,40,200009
161,2,200009
161,282,200009
161,137,200009
161,6,200009
161,18,200009
161,36,200009
161,77,200009
161,97,200009
161,160,200009
161,13,200009
161,20,200009
161,35,200009
161,10,200009
161,60,200009
161,25,200009
161,154,200009
161,85,200009
163,159,200009
163,36,200009
163,53,200009
163,81,200009
163,10,200009
163,46,200009
163,100,200009
163,97,200009
163,32,200009
163,154,200009
163,136,200009
163,18,200009
163,29,200009
164,24,200009
164,59,200009
164,84,200009
164,223,200009
164,712,200009
164,233,200009
164,248,200009
164,51,200009
164,97,200009
164,101,200009
164,17,200009
164,4,200009
164,18,200009
164,11,200009
165,97,200009
165,16,200009
165,24,200009
165,76,200009
165,92,200009
165,25,200009
165,34,200009
165,17,200009
165,160,200009
165,35,200009
165,83,200009
165,117,200009
165,4,200009
165,11,200009
165,22,200009
165,282,200009
165,155,200009
165,5,200009
165,100,200009
165,52,200009
165,136,200009
165,86,200009
165,27,200009
165,393,200009
165,6,200009
165,77,200009
165,19,200009
165,102,200009
165,135,200009
165,14,200009
165,64,200009
165,26,200009
165,183,200009
165,21,200009
165,18,200009
165,23,200009
165,133,200009
165,96,200009
165,51,200009
165,157,200009
165,72,200009
165,154,200009
165,31,200009
165,9,200009
165,20,200009
165,32,200009
165,112,200009
165,149,200009
165,115,200009
165,10,200009
165,28,200009
165,137,200009
165,2,200009
165,29,200009
165,85,200009
165,1,200009
165,274,200009
166,136,200009
166,248,200009
166,174,200009
167,97,200009
169,60,200009
169,12,200009
169,13,200009
169,19,200009
169,26,200009
169,29,200009
169,136,200009
169,137,200009
170,10,200009
170,1211,200009
170,38,200009
170,117,200009
170,29,200009
170,143,200009
170,0,200009
170,27,200009
170,166,200009
170,16,200009
170,32,200009
170,146,200009
170,18,200009
171,66,200009
171,146,200009
171,265,200009
171,101,200009
171,74,200009
171,32,200009
171,16,200009
171,18,200009
171,29,200009
172,129,200009
172,173,200009
172,52,200009
172,19,200009
172,29,200009
172,6,200009
172,59,200009
172,97,200009
172,35,200009
173,129,200009
173,172,200009
173,97,200009
173,19,200009
173,35,200009
174,19,200009
174,170,200009
174,18,200009
175,165,200009
175,77,200009
175,59,200009
175,126,200009
175,40,200009
175,19,200009
175,160,200009
175,46,200009
175,16,200009
175,97,200009
175,32,200009
175,29,200009
175,146,200009
176,6,200009
176,19,200009
176,29,200009
176,31,200009
176,54,200009
176,78,200009
176,143,200009
176,144,200009
176,66,200009
176,101,200009
176,25,200009
176,62,200009
176,79,200009
176,18,200009
176,27,200009
176,48,200009
176,60,200009
176,16,200009
176,32,200009
176,46,200009
176,146,200009
176,97,200009
176,40,200009
177,300,200009
177,18,200009
177,69,200009
177,49,200009
177,136,200009
177,248,200009
177,51,200009
177,4,200009
177,11,200009
178,16,200009
178,320,200009
178,36,200009
178,139,200009
178,108,200009
178,60,200009
178,48,200009
180,362,200009
180,25,200009
180,77,200009
180,160,200009
180,107,200009
180,0,200009
180,120,200009
180,140,200009
180,2,200009
180,23,200009
180,101,200009
180,29,200009
180,135,200009
180,75,200009
180,108,200009
180,53,200009
180,129,200009
180,52,200009
180,97,200009
180,4,200009
180,59,200009
180,112,200009
180,18,200009
180,154,200009
180,31,200009
180,83,200009
180,11,200009
180,5,200009
180,27,200009
180,143,200009
180,81,200009
180,94,200009
180,36,200009
180,137,200009
180,100,200009
180,48,200009
180,1,200009
180,60,200009
180,13,200009
180,16,200009
180,46,200009
180,6,200009
180,10,200009
180,99,200009
180,146,200009
180,32,200009
180,19,200009
180,40,200009
180,14,200009
181,126,200009
181,65,200009
181,51,200009
181,29,200009
181,101,200009
181,544,200009
181,34,200009
181,99,200009
181,97,200009
181,52,200009
181,23,200009
181,19,200009
181,154,200009
181,96,200009
181,11,200009
181,17,200009
181,35,200009
181,160,200009
181,16,200009
181,137,200009
181,40,200009
181,146,200009
181,18,200009
181,32,200009
182,362,200009
182,79,200009
182,29,200009
182,54,200009
182,35,200009
182,108,200009
182,16,200009
182,19,200009
182,146,200009
182,40,200009
183,27,200009
183,60,200009
183,135,200009
183,21,200009
183,155,200009
183,5,200009
183,25,200009
183,77,200009
183,112,200009
183,34,200009
183,133,200009
183,12,200009
183,0,200009
183,23,200009
183,180,200009
183,22,200009
183,20,200009
183,105,200009
183,150,200009
183,96,200009
183,712,200009
183,17,200009
183,309,200009
183,18,200009
183,154,200009
183,268,200009
183,28,200009
183,1,200009
183,228,200009
183,317,200009
183,69,200009
183,11,200009
183,107,200009
183,29,200009
183,10,200009
183,4,200009
183,51,200009
183,136,200009
184,213,200009
184,189,200009
184,1,200009
184,248,200009
184,17,200009
184,4,200009
184,51,200009
184,20,200009
185,110,200009
185,186,200009
185,474,200009
185,190,200009
186,185,200009
186,232,200009
186,474,200009
186,110,200009
187,97,200009
187,60,200009
187,135,200009
187,14,200009
187,26,200009
188,116,200009
188,286,200009
188,160,200009
188,216,200009
188,54,200009
188,85,200009
188,40,200009
188,157,200009
188,19,200009
188,266,200009
188,4,200009
188,146,200009
188,154,200009
188,137,200009
188,25,200009
188,97,200009
189,28,200009
189,184,200009
189,183,200009
189,4,200009
189,17,200009
189,136,200009
189,20,200009
190,191,200009
190,201,200009
190,185,200009
190,110,200009
191,190,200009
191,110,200009
192,482,200009
192,83,200009
192,146,200009
193,159,200009
193,544,200009
193,31,200009
193,154,200009
193,32,200009
193,29,200009
194,217,200009
194,129,200009
194,14,200009
194,6,200009
195,6,200009
195,25,200009
195,154,200009
195,31,200009
195,97,200009
195,146,200009
195,83,200009
195,29,200009
196,110,200009
196,447,200009
196,367,200009
196,366,200009
196,480,200009
196,470,200009
196,471,200009
196,425,200009
196,365,200009
196,494,200009
196,448,200009
196,225,200009
196,378,200009
196,424,200009
196,516,200009
196,377,200009
196,409,200009
196,59,200009
196,17,200009
196,1,200009
196,51,200009
196,29,200009
196,11,200009
196,4,200009
197,146,200009
197,99,200009
197,142,200009
197,6,200009
197,18,200009
197,31,200009
197,60,200009
197,16,200009
197,32,200009
197,97,200009
198,493,200009
198,248,200009
198,154,200009
198,32,200009
198,97,200009
198,29,200009
198,146,200009
200,110,200009
201,110,200009
203,87,200009
204,96,200009
205,48,200009
205,81,200009
205,32,200009
206,338,200009
206,332,200009
206,32,200009
206,40,200009
207,121,200009
208,97,200009
208,160,200009
208,80,200009
208,137,200009
208,362,200009
208,18,200009
208,85,200009
208,242,200009
208,65,200009
208,144,200009
208,16,200009
208,32,200009
208,13,200009
208,146,200009
208,40,200009
208,29,200009
211,245,200009
211,17,200009
212,89,200009
213,10,200009
213,525,200009
213,110,200009
213,85,200009
213,5,200009
213,77,200009
213,52,200009
213,29,200009
213,51,200009
213,17,200009
213,4,200009
213,20,200009
213,137,200009
214,50,200009
214,4,200009
214,51,200009
215,4,200009
215,51,200009
216,35,200009
216,65,200009
216,188,200009
216,4,200009
216,80,200009
216,143,200009
216,156,200009
216,752,200009
216,25,200009
216,137,200009
216,97,200009
217,194,200009
217,129,200009
220,336,200009
220,483,200009
220,248,200009
220,25,200009
220,137,200009
222,248,200009
222,51,200009
222,4,200009
223,83,200009
223,2,200009
223,164,200009
223,154,200009
223,85,200009
223,84,200009
223,427,200009
223,51,200009
223,18,200009
223,4,200009
223,11,200009
224,160,200009
224,83,200009
224,40,200009
224,29,200009
224,146,200009
224,46,200009
224,97,200009
225,110,200009
225,196,200009
225,378,200009
225,412,200009
225,470,200009
225,475,200009
225,471,200009
225,472,200009
226,110,200009
226,465,200009
226,229,200009
226,351,200009
227,136,200009
227,148,200009
228,317,200009
228,69,200009
228,183,200009
229,110,200009
230,110,200009
231,110,200009
231,230,200009
232,110,200009
232,230,200009
232,231,200009
233,270,200009
233,208,200009
233,54,200009
233,16,200009
233,13,200009
233,154,200009
233,29,200009
233,18,200009
234,77,200009
234,27,200009
234,64,200009
234,18,200009
235,110,200009
237,39,200009
237,36,200009
237,9,200009
237,29,200009
237,13,200009
237,146,200009
237,46,200009
237,97,200009
238,86,200009
238,4,200009
242,513,200009
242,18,200009
242,101,200009
242,40,200009
242,81,200009
242,74,200009
242,176,200009
242,16,200009
242,76,200009
242,97,200009
242,100,200009
242,31,200009
242,137,200009
242,333,200009
242,32,200009
242,29,200009
243,90,200009
243,8,200009
243,7,200009
243,20,200009
243,17,200009
243,89,200009
244,344,200009
244,248,200009
244,137,200009
245,914,200009
245,28,200009
247,393,200009
247,119,200009
248,112,200009
248,92,200009
248,84,200009
248,2245,200009
248,166,200009
248,27,200009
248,184,200009
248,969,200009
248,33,200009
248,22,200009
248,198,200009
248,53,200009
248,30,200009
248,24,200009
248,51,200009
248,177,200009
248,1190,200009
248,70,200009
248,85,200009
248,443,200009
248,25,200009
248,534,200009
248,309,200009
248,29,200009
248,44,200009
248,69,200009
248,9,200009
248,159,200009
248,138,200009
248,164,200009
248,72,200009
248,75,200009
248,728,200009
248,267,200009
248,222,200009
248,15,200009
248,384,200009
248,34,200009
248,317,200009
248,671,200009
248,74,200009
248,339,200009
248,244,200009
248,1,200009
248,96,200009
248,12,200009
248,47,200009
248,2,200009
248,333,200009
248,116,200009
248,131,200009
248,137,200009
248,77,200009
248,54,200009
248,136,200009
248,220,200009
248,4,200009
249,355,200009
249,97,200009
250,146,200009
250,76,200009
250,216,200009
250,32,200009
250,138,200009
250,137,200009
250,97,200009
261,17,200009
262,205,200009
262,32,200009
265,145,200009
265,197,200009
265,43,200009
265,122,200009
265,137,200009
265,26,200009
265,154,200009
265,18,200009
265,136,200009
266,35,200009
266,282,200009
266,188,200009
266,97,200009
266,40,200009
266,294,200009
266,710,200009
267,248,200009
267,154,200009
268,183,200009
268,4,200009
269,96,200009
269,10,200009
269,1,200009
269,28,200009
269,171,200009
269,242,200009
269,11,200009
269,51,200009
269,159,200009
269,0,200009
269,248,200009
269,12,200009
269,18,200009
269,136,200009
269,29,200009
269,32,200009
269,154,200009
269,97,200009
270,282,200009
270,154,200009
270,16,200009
270,31,200009
270,18,200009
270,429,200009
270,29,200009
270,32,200009
271,18,200009
274,24,200009
274,286,200009
274,102,200009
274,28,200009
274,57,200009
274,59,200009
274,97,200009
274,10,200009
274,16,200009
274,26,200009
274,17,200009
274,29,200009
274,64,200009
274,47,200009
274,93,200009
274,25,200009
274,149,200009
274,165,200009
274,9,200009
274,116,200009
274,124,200009
274,115,200009
274,72,200009
274,0,200009
274,96,200009
274,2,200009
274,85,200009
274,92,200009
276,422,200009
276,18,200009
276,32,200009
278,38,200009
278,45,200009
278,57,200009
278,156,200009
278,26,200009
278,29,200009
278,154,200009
278,40,200009
278,83,200009
278,97,200009
278,46,200009
281,85,200009
281,52,200009
281,31,200009
281,13,200009
281,46,200009
281,482,200009
281,17,200009
281,508,200009
281,19,200009
281,1,200009
281,112,200009
281,129,200009
281,282,200009
281,132,200009
282,171,200009
282,31,200009
282,391,200009
282,142,200009
282,16,200009
282,314,200009
282,24,200009
282,165,200009
282,771,200009
282,62,200009
282,181,200009
282,57,200009
282,384,200009
282,59,200009
282,397,200009
282,281,200009
282,339,200009
282,145,200009
282,782,200009
282,27,200009
282,176,200009
282,499,200009
282,500,200009
282,266,200009
282,175,200009
282,101,200009
282,52,200009
284,129,200009
286,25,200009
286,19,200009
286,139,200009
290,110,200009
292,66,200009
292,18,200009
292,29,200009
294,114,200009
294,40,200009
294,266,200009
296,154,200009
297,349,200009
297,6,200009
298,432,200009
298,18,200009
299,148,200009
299,425,200009
300,866,200009
300,51,200009
300,4,200009
301,317,200009
301,69,200009
301,50,200009
301,51,200009
301,4,200009
303,136,200009
305,633,200009
305,109,200009
305,4,200009
305,110,200009
306,128,200009
306,110,200009
306,427,200009
306,4,200009
306,109,200009
307,371,200009
307,136,200009
309,544,200009
309,339,200009
309,248,200009
309,137,200009
311,3,200009
311,51,200009
311,4,200009
314,339,200009
314,154,200009
317,761,200009
317,866,200009
317,228,200009
317,248,200009
317,105,200009
317,51,200009
317,183,200009
317,4,200009
320,45,200009
320,81,200009
320,83,200009
320,1,200009
320,14,200009
320,48,200009
320,18,200009
320,64,200009
320,28,200009
320,120,200009
320,52,200009
320,99,200009
320,136,200009
320,60,200009
320,135,200009
320,16,200009
320,26,200009
320,142,200009
320,40,200009
320,13,200009
320,29,200009
320,19,200009
320,97,200009
320,27,200009
320,178,200009
320,6,200009
320,32,200009
320,146,200009
320,46,200009
323,770,200009
323,89,200009
326,137,200009
326,25,200009
327,24,200009
327,286,200009
327,92,200009
327,124,200009
327,6,200009
327,80,200009
327,25,200009
330,166,200009
330,136,200009
332,24,200009
332,32,200009
332,81,200009
332,206,200009
332,40,200009
333,336,200009
333,337,200009
333,248,200009
333,85,200009
333,25,200009
333,137,200009
334,59,200009
334,97,200009
335,137,200009
335,25,200009
336,25,200009
336,137,200009
337,336,200009
337,333,200009
337,25,200009
337,137,200009
338,206,200009
338,54,200009
338,40,200009
339,97,200009
339,274,200009
339,24,200009
339,92,200009
339,25,200009
339,17,200009
339,281,200009
339,22,200009
339,340,200009
339,160,200009
339,393,200009
339,248,200009
339,137,200009
340,25,200009
341,326,200009
341,286,200009
341,320,200009
341,544,200009
341,6,200009
341,18,200009
341,27,200009
341,135,200009
341,9,200009
341,39,200009
341,46,200009
341,160,200009
341,92,200009
341,137,200009
341,48,200009
341,25,200009
341,108,200009
341,97,200009
342,120,200009
342,38,200009
342,101,200009
342,154,200009
342,97,200009
342,46,200009
344,137,200009
347,35,200009
349,297,200009
349,6,200009
351,110,200009
351,465,200009
351,352,200009
351,226,200009
352,110,200009
352,225,200009
352,351,200009
354,242,200009
354,79,200009
355,157,200009
355,97,200009
355,2,200009
355,9,200009
355,13,200009
355,135,200009
355,160,200009
362,329,200009
362,175,200009
362,35,200009
362,60,200009
362,16,200009
362,32,200009
362,40,200009
364,196,200009
364,366,200009
364,365,200009
365,364,200009
365,366,200009
365,196,200009
366,448,200009
366,196,200009
366,364,200009
366,365,200009
367,196,200009
371,136,200009
375,59,200009
375,247,200009
375,36,200009
375,77,200009
375,135,200009
377,196,200009
377,225,200009
377,516,200009
377,472,200009
377,412,200009
377,504,200009
378,196,200009
378,225,200009
378,471,200009
378,678,200009
378,472,200009
378,475,200009
378,412,200009
379,154,200009
384,193,200009
384,248,200009
384,40,200009
384,710,200009
388,935,200009
388,154,200009
390,25,200009
390,137,200009
393,286,200009
393,216,200009
393,160,200009
393,94,200009
393,73,200009
393,510,200009
393,137,200009
393,97,200009
393,25,200009
396,89,200009
398,97,200009
401,339,200009
407,416,200009
407,18,200009
408,18,200009
409,367,200009
410,423,200009
410,18,200009
411,18,200009
412,225,200009
412,377,200009
412,196,200009
412,472,200009
412,378,200009
413,423,200009
413,426,200009
413,18,200009
415,111,200009
415,61,200009
415,18,200009
416,18,200009
420,32,200009
422,276,200009
422,32,200009
422,18,200009
423,59,200009
423,410,200009
423,18,200009
424,448,200009
424,425,200009
424,476,200009
424,196,200009
424,532,200009
424,477,200009
424,469,200009
424,506,200009
424,110,200009
425,247,200009
425,478,200009
425,196,200009
425,506,200009
425,424,200009
425,110,200009
426,436,200009
426,18,200009
427,712,200009
427,128,200009
427,306,200009
427,127,200009
427,110,200009
427,109,200009
427,4,200009
429,440,200009
429,270,200009
429,18,200009
429,32,200009
430,43,200009
430,440,200009
430,44,200009
430,32,200009
430,18,200009
432,298,200009
432,18,200009
435,97,200009
436,234,200009
436,18,200009
440,443,200009
440,430,200009
440,429,200009
440,18,200009
440,32,200009
443,440,200009
443,248,200009
443,18,200009
445,0,200009
447,196,200009
448,447,200009
448,196,200009
452,97,200009
455,97,200009
456,500,200009
458,97,200009
460,46,200009
465,110,200009
465,229,200009
465,226,200009
469,196,200009
469,506,200009
469,425,200009
469,477,200009
469,424,200009
469,476,200009
470,110,200009
470,196,200009
470,225,200009
470,471,200009
470,472,200009
471,196,200009
471,225,200009
471,475,200009
471,378,200009
471,470,200009
472,196,200009
472,378,200009
472,412,200009
472,470,200009
472,377,200009
472,225,200009
472,681,200009
474,110,200009
475,378,200009
475,470,200009
475,471,200009
476,425,200009
476,469,200009
476,424,200009
476,477,200009
477,469,200009
477,424,200009
477,476,200009
478,196,200009
480,378,200009
482,281,200009
483,92,200009
483,25,200009
483,137,200009
492,130,200009
494,225,200009
495,339,200009
501,112,200009
504,196,200009
505,339,200009
506,196,200009
506,425,200009
506,424,200009
507,327,200009
508,281,200009
509,114,200009
510,393,200009
510,137,200009
510,97,200009
516,196,200009
525,4,200009
525,110,200009
532,196,200009
534,248,200009
540,118,200009
540,137,200009
540,97,200009
544,58,200009
544,157,200009
544,15,200009
544,137,200009
544,29,200009
544,154,200009
544,160,200009
544,97,200009
545,32,200009
546,545,200009
546,32,200009
548,10,200009
548,1,200009
548,154,200009
592,110,200009
592,109,200009
633,305,200009
633,109,200009
633,4,200009
633,110,200009
671,248,200009
671,137,200009
678,196,200009
681,1241,200009
710,384,200009
710,266,200009
722,19,200009
728,248,200009
741,4,200009
741,51,200009
752,216,200009
761,866,200009
761,4,200009
761,51,200009
769,60,200009
769,35,200009
770,323,200009
770,89,200009
797,97,200009
836,174,200009
843,51,200009
843,4,200009
860,100,200009
860,35,200009
860,60,200009
860,97,200009
866,761,200009
866,4,200009
866,51,200009
871,731,200009
871,101,200009
906,17,200009
935,388,200009
969,248,200009
1052,97,200009
1065,46,200009
1065,134,200009
1065,26,200009
1144,135,200009
1170,274,200009
1190,248,200009
1190,137,200009
1211,83,200009
1211,99,200009
1211,18,200009
1241,196,200009
1336,121,200009
1435,1000,200009
1798,38,200009
1799,282,200009
2245,248,200009
