i,j,t
0,165,201803
0,48,201803
0,23,201803
0,36,201803
0,146,201803
0,25,201803
0,97,201803
0,80,201803
0,118,201803
0,143,201803
0,160,201803
0,52,201803
0,47,201803
0,155,201803
0,38,201803
0,672,201803
0,119,201803
0,6,201803
0,124,201803
0,180,201803
0,113,201803
0,100,201803
0,115,201803
0,133,201803
0,34,201803
0,14,201803
0,183,201803
0,45,201803
0,85,201803
0,69,201803
0,139,201803
0,142,201803
0,57,201803
0,54,201803
0,107,201803
0,18,201803
0,11,201803
0,77,201803
0,46,201803
0,93,201803
0,149,201803
0,32,201803
0,274,201803
0,102,201803
0,22,201803
0,35,201803
0,16,201803
0,13,201803
0,120,201803
0,2,201803
0,129,201803
0,92,201803
0,83,201803
0,9,201803
0,739,201803
0,12,201803
0,29,201803
0,4,201803
0,79,201803
0,19,201803
0,51,201803
0,59,201803
0,72,201803
0,26,201803
0,112,201803
0,81,201803
0,20,201803
0,96,201803
0,40,201803
0,21,201803
0,281,201803
0,375,201803
0,266,201803
0,1430,201803
0,99,201803
0,137,201803
0,64,201803
0,108,201803
0,17,201803
0,5,201803
0,28,201803
0,27,201803
0,60,201803
0,10,201803
0,136,201803
0,154,201803
0,1,201803
0,135,201803
0,31,201803
1,146,201803
1,17,201803
1,107,201803
1,35,201803
1,1385,201803
1,96,201803
1,23,201803
1,19,201803
1,138,201803
1,143,201803
1,166,201803
1,28,201803
1,2,201803
1,552,201803
1,209,201803
1,784,201803
1,77,201803
1,160,201803
1,1236,201803
1,5,201803
1,1227,201803
1,183,201803
1,181,201803
1,100,201803
1,931,201803
1,36,201803
1,57,201803
1,108,201803
1,121,201803
1,136,201803
1,137,201803
1,80,201803
1,129,201803
1,180,201803
1,10,201803
1,1445,201803
1,376,201803
1,155,201803
1,46,201803
1,1366,201803
1,112,201803
1,26,201803
1,274,201803
1,16,201803
1,18,201803
1,247,201803
1,97,201803
1,165,201803
1,25,201803
1,139,201803
1,85,201803
1,12,201803
1,102,201803
1,11,201803
1,24,201803
1,92,201803
1,119,201803
1,52,201803
1,1269,201803
1,20,201803
1,149,201803
1,361,201803
1,51,201803
1,54,201803
1,941,201803
1,1355,201803
1,13,201803
1,99,201803
1,32,201803
1,48,201803
1,204,201803
1,132,201803
1,303,201803
1,371,201803
1,71,201803
1,130,201803
1,261,201803
1,22,201803
1,950,201803
1,214,201803
1,184,201803
1,819,201803
1,21,201803
1,189,201803
1,61,201803
1,115,201803
1,110,201803
1,781,201803
1,33,201803
1,124,201803
1,150,201803
1,70,201803
1,213,201803
1,83,201803
1,34,201803
1,29,201803
1,6,201803
1,4,201803
1,53,201803
1,59,201803
1,40,201803
1,142,201803
1,211,201803
1,64,201803
1,60,201803
1,906,201803
1,69,201803
1,81,201803
1,133,201803
1,243,201803
1,72,201803
1,0,201803
1,8,201803
1,9,201803
1,37,201803
1,89,201803
1,7,201803
1,27,201803
1,14,201803
1,154,201803
1,31,201803
1,113,201803
1,135,201803
2,146,201803
2,137,201803
2,165,201803
2,85,201803
2,874,201803
2,931,201803
2,339,201803
2,138,201803
2,143,201803
2,552,201803
2,385,201803
2,160,201803
2,29,201803
2,1013,201803
2,16,201803
2,336,201803
2,64,201803
2,35,201803
2,19,201803
2,154,201803
2,274,201803
2,654,201803
2,73,201803
2,129,201803
2,25,201803
2,20,201803
2,183,201803
2,22,201803
2,180,201803
2,132,201803
2,93,201803
2,72,201803
2,57,201803
2,155,201803
2,92,201803
2,124,201803
2,51,201803
2,117,201803
2,26,201803
2,107,201803
2,142,201803
2,116,201803
2,120,201803
2,11,201803
2,113,201803
2,135,201803
2,18,201803
2,54,201803
2,149,201803
2,9,201803
2,0,201803
2,40,201803
2,69,201803
2,60,201803
2,17,201803
2,102,201803
2,45,201803
2,100,201803
2,81,201803
2,48,201803
2,6,201803
2,4,201803
2,32,201803
2,5,201803
2,1366,201803
2,13,201803
2,77,201803
2,46,201803
2,52,201803
2,112,201803
2,21,201803
2,327,201803
2,115,201803
2,133,201803
2,23,201803
2,341,201803
2,83,201803
2,96,201803
2,99,201803
2,80,201803
2,1,201803
2,97,201803
2,136,201803
2,10,201803
2,266,201803
2,28,201803
2,59,201803
2,27,201803
2,108,201803
2,31,201803
2,14,201803
3,69,201803
4,146,201803
4,17,201803
4,51,201803
4,33,201803
4,110,201803
4,222,201803
4,843,201803
4,748,201803
4,77,201803
4,160,201803
4,1070,201803
4,5,201803
4,79,201803
4,109,201803
4,427,201803
4,306,201803
4,127,201803
4,128,201803
4,50,201803
4,35,201803
4,214,201803
4,247,201803
4,137,201803
4,80,201803
4,165,201803
4,19,201803
4,155,201803
4,81,201803
4,18,201803
4,22,201803
4,54,201803
4,782,201803
4,16,201803
4,6,201803
4,40,201803
4,83,201803
4,32,201803
4,181,201803
4,9,201803
4,108,201803
4,100,201803
4,11,201803
4,48,201803
4,99,201803
4,2,201803
4,183,201803
4,86,201803
4,13,201803
4,113,201803
4,0,201803
4,97,201803
4,112,201803
4,31,201803
4,633,201803
4,180,201803
4,60,201803
4,136,201803
4,1169,201803
4,169,201803
4,346,201803
4,305,201803
4,153,201803
4,133,201803
4,23,201803
4,906,201803
4,25,201803
4,92,201803
4,274,201803
4,21,201803
4,213,201803
4,164,201803
4,154,201803
4,150,201803
4,69,201803
4,184,201803
4,177,201803
4,27,201803
4,88,201803
4,268,201803
4,819,201803
4,34,201803
4,96,201803
4,84,201803
4,107,201803
4,317,201803
4,14,201803
4,10,201803
4,45,201803
4,20,201803
4,30,201803
4,196,201803
4,189,201803
4,59,201803
4,1,201803
4,28,201803
4,85,201803
4,300,201803
4,64,201803
4,12,201803
4,223,201803
4,311,201803
4,7,201803
4,8,201803
4,243,201803
4,29,201803
4,301,201803
4,121,201803
4,89,201803
4,135,201803
4,46,201803
5,327,201803
5,10,201803
5,112,201803
5,6,201803
5,931,201803
5,39,201803
5,137,201803
5,501,201803
5,23,201803
5,19,201803
5,138,201803
5,107,201803
5,143,201803
5,20,201803
5,552,201803
5,110,201803
5,183,201803
5,136,201803
5,150,201803
5,89,201803
5,77,201803
5,17,201803
5,160,201803
5,261,201803
5,29,201803
5,51,201803
5,1,201803
5,28,201803
5,4,201803
5,11,201803
5,817,201803
5,142,201803
5,38,201803
5,181,201803
5,115,201803
5,155,201803
5,227,201803
5,189,201803
5,116,201803
5,48,201803
5,100,201803
5,146,201803
5,40,201803
5,149,201803
5,46,201803
5,139,201803
5,133,201803
5,72,201803
5,52,201803
5,80,201803
5,13,201803
5,12,201803
5,9,201803
5,96,201803
5,54,201803
5,165,201803
5,34,201803
5,18,201803
5,117,201803
5,26,201803
5,64,201803
5,124,201803
5,108,201803
5,16,201803
5,83,201803
5,764,201803
5,60,201803
5,8,201803
5,22,201803
5,2,201803
5,32,201803
5,99,201803
5,33,201803
5,243,201803
5,1227,201803
5,222,201803
5,59,201803
5,7,201803
5,154,201803
5,27,201803
5,31,201803
5,85,201803
5,14,201803
5,81,201803
5,0,201803
5,97,201803
5,274,201803
5,69,201803
5,92,201803
5,135,201803
5,121,201803
5,113,201803
6,146,201803
6,52,201803
6,739,201803
6,274,201803
6,110,201803
6,137,201803
6,23,201803
6,19,201803
6,138,201803
6,143,201803
6,122,201803
6,53,201803
6,70,201803
6,54,201803
6,40,201803
6,180,201803
6,97,201803
6,31,201803
6,13,201803
6,142,201803
6,14,201803
6,16,201803
6,32,201803
6,48,201803
6,64,201803
6,77,201803
6,59,201803
6,17,201803
6,60,201803
6,176,201803
6,160,201803
6,155,201803
6,5,201803
6,29,201803
6,815,201803
6,51,201803
6,102,201803
6,4,201803
6,126,201803
6,73,201803
6,35,201803
6,12,201803
6,107,201803
6,139,201803
6,28,201803
6,96,201803
6,11,201803
6,809,201803
6,132,201803
6,83,201803
6,10,201803
6,65,201803
6,108,201803
6,20,201803
6,101,201803
6,21,201803
6,46,201803
6,24,201803
6,27,201803
6,81,201803
6,78,201803
6,18,201803
6,34,201803
6,41,201803
6,66,201803
6,125,201803
6,294,201803
6,131,201803
6,262,201803
6,304,201803
6,170,201803
6,282,201803
6,2,201803
6,193,201803
6,85,201803
6,544,201803
6,55,201803
6,92,201803
6,25,201803
6,57,201803
6,154,201803
6,237,201803
6,62,201803
6,36,201803
6,772,201803
6,153,201803
6,120,201803
6,76,201803
6,371,201803
6,181,201803
6,134,201803
6,100,201803
6,45,201803
6,224,201803
6,182,201803
6,0,201803
6,75,201803
6,117,201803
6,86,201803
6,38,201803
6,114,201803
6,112,201803
6,169,201803
6,338,201803
6,71,201803
6,99,201803
6,320,201803
6,769,201803
6,94,201803
6,194,201803
6,1,201803
6,89,201803
6,113,201803
6,136,201803
6,129,201803
6,135,201803
7,89,201803
7,90,201803
7,8,201803
7,243,201803
7,31,201803
7,778,201803
7,444,201803
7,323,201803
7,64,201803
7,770,201803
7,828,201803
7,1103,201803
7,97,201803
7,18,201803
7,110,201803
7,222,201803
7,5,201803
7,112,201803
7,21,201803
7,17,201803
7,20,201803
7,4,201803
7,28,201803
7,136,201803
7,11,201803
7,51,201803
7,29,201803
7,1,201803
7,137,201803
8,17,201803
8,89,201803
8,90,201803
8,243,201803
8,7,201803
8,23,201803
8,14,201803
8,1408,201803
8,5,201803
8,18,201803
8,778,201803
8,222,201803
8,110,201803
8,28,201803
8,112,201803
8,20,201803
8,136,201803
8,137,201803
8,51,201803
8,4,201803
8,1,201803
9,344,201803
9,137,201803
9,124,201803
9,72,201803
9,160,201803
9,48,201803
9,27,201803
9,21,201803
9,1144,201803
9,139,201803
9,69,201803
9,40,201803
9,81,201803
9,183,201803
9,181,201803
9,23,201803
9,11,201803
9,22,201803
9,57,201803
9,102,201803
9,5,201803
9,13,201803
9,51,201803
9,108,201803
9,165,201803
9,93,201803
9,99,201803
9,92,201803
9,132,201803
9,346,201803
9,46,201803
9,113,201803
9,77,201803
9,26,201803
9,17,201803
9,97,201803
9,96,201803
9,136,201803
9,47,201803
9,2,201803
9,31,201803
9,28,201803
9,155,201803
9,0,201803
9,722,201803
9,336,201803
9,107,201803
9,112,201803
9,341,201803
9,1169,201803
9,85,201803
9,60,201803
9,29,201803
9,266,201803
9,10,201803
9,32,201803
9,25,201803
9,20,201803
9,64,201803
9,4,201803
9,135,201803
9,18,201803
9,14,201803
9,154,201803
9,1,201803
9,274,201803
10,1335,201803
10,5,201803
10,1278,201803
10,121,201803
10,143,201803
10,18,201803
10,548,201803
10,160,201803
10,107,201803
10,781,201803
10,1345,201803
10,998,201803
10,137,201803
10,117,201803
10,17,201803
10,64,201803
10,31,201803
10,346,201803
10,6,201803
10,444,201803
10,60,201803
10,124,201803
10,112,201803
10,146,201803
10,133,201803
10,120,201803
10,135,201803
10,28,201803
10,136,201803
10,1,201803
10,14,201803
10,26,201803
10,32,201803
10,19,201803
10,27,201803
10,22,201803
10,20,201803
10,119,201803
10,102,201803
10,97,201803
10,45,201803
10,131,201803
10,1433,201803
10,139,201803
10,99,201803
10,36,201803
10,180,201803
10,11,201803
10,100,201803
10,13,201803
10,339,201803
10,395,201803
10,261,201803
10,234,201803
10,86,201803
10,96,201803
10,72,201803
10,53,201803
10,70,201803
10,104,201803
10,183,201803
10,9,201803
10,544,201803
10,728,201803
10,66,201803
10,12,201803
10,2,201803
10,223,201803
10,164,201803
10,111,201803
10,188,201803
10,30,201803
10,163,201803
10,177,201803
10,77,201803
10,184,201803
10,43,201803
10,101,201803
10,165,201803
10,710,201803
10,34,201803
10,84,201803
10,138,201803
10,33,201803
10,159,201803
10,105,201803
10,1227,201803
10,863,201803
10,181,201803
10,25,201803
10,52,201803
10,80,201803
10,123,201803
10,85,201803
10,15,201803
10,149,201803
10,122,201803
10,116,201803
10,161,201803
10,4,201803
10,115,201803
10,265,201803
10,89,201803
10,132,201803
10,0,201803
10,61,201803
10,59,201803
10,81,201803
10,83,201803
10,51,201803
10,48,201803
10,40,201803
10,150,201803
10,35,201803
10,16,201803
10,54,201803
10,154,201803
10,29,201803
10,113,201803
10,103,201803
10,142,201803
10,69,201803
10,108,201803
10,222,201803
10,23,201803
10,274,201803
10,92,201803
10,46,201803
10,21,201803
11,303,201803
11,274,201803
11,1131,201803
11,10,201803
11,20,201803
11,183,201803
11,5,201803
11,23,201803
11,1,201803
11,143,201803
11,105,201803
11,169,201803
11,160,201803
11,228,201803
11,268,201803
11,227,201803
11,97,201803
11,6,201803
11,146,201803
11,501,201803
11,54,201803
11,133,201803
11,132,201803
11,120,201803
11,204,201803
11,176,201803
11,537,201803
11,1335,201803
11,444,201803
11,80,201803
11,116,201803
11,149,201803
11,12,201803
11,72,201803
11,26,201803
11,180,201803
11,155,201803
11,99,201803
11,40,201803
11,2,201803
11,115,201803
11,165,201803
11,102,201803
11,59,201803
11,9,201803
11,83,201803
11,107,201803
11,51,201803
11,154,201803
11,48,201803
11,77,201803
11,13,201803
11,17,201803
11,136,201803
11,184,201803
11,60,201803
11,739,201803
11,52,201803
11,0,201803
11,153,201803
11,18,201803
11,121,201803
11,96,201803
11,728,201803
11,4,201803
11,108,201803
11,1015,201803
11,32,201803
11,27,201803
11,21,201803
11,85,201803
11,81,201803
11,113,201803
11,31,201803
11,330,201803
11,92,201803
11,111,201803
11,548,201803
11,28,201803
11,248,201803
11,30,201803
11,131,201803
11,177,201803
11,86,201803
11,238,201803
11,147,201803
11,317,201803
11,53,201803
11,25,201803
11,223,201803
11,164,201803
11,70,201803
11,29,201803
11,19,201803
11,69,201803
11,33,201803
11,214,201803
11,137,201803
11,84,201803
11,35,201803
11,22,201803
11,64,201803
11,46,201803
11,88,201803
11,150,201803
11,14,201803
11,781,201803
11,7,201803
11,112,201803
11,213,201803
11,89,201803
11,135,201803
12,18,201803
12,107,201803
12,143,201803
12,862,201803
12,728,201803
12,502,201803
12,160,201803
12,146,201803
12,154,201803
12,52,201803
12,46,201803
12,77,201803
12,100,201803
12,51,201803
12,1366,201803
12,61,201803
12,81,201803
12,4,201803
12,20,201803
12,197,201803
12,5,201803
12,112,201803
12,2,201803
12,142,201803
12,32,201803
12,102,201803
12,69,201803
12,26,201803
12,97,201803
12,17,201803
12,23,201803
12,6,201803
12,48,201803
12,74,201803
12,13,201803
12,175,201803
12,14,201803
12,0,201803
12,287,201803
12,11,201803
12,83,201803
12,346,201803
12,19,201803
12,126,201803
12,21,201803
12,57,201803
12,29,201803
12,59,201803
12,133,201803
12,28,201803
12,60,201803
12,139,201803
12,54,201803
12,393,201803
12,136,201803
12,137,201803
12,31,201803
12,108,201803
12,1227,201803
12,266,201803
12,10,201803
12,375,201803
12,1250,201803
12,99,201803
12,35,201803
12,25,201803
12,274,201803
12,92,201803
12,1,201803
12,135,201803
13,31,201803
13,486,201803
13,19,201803
13,208,201803
13,6,201803
13,137,201803
13,143,201803
13,85,201803
13,26,201803
13,77,201803
13,160,201803
13,146,201803
13,59,201803
13,23,201803
13,154,201803
13,20,201803
13,32,201803
13,165,201803
13,22,201803
13,131,201803
13,36,201803
13,1373,201803
13,34,201803
13,11,201803
13,135,201803
13,16,201803
13,1366,201803
13,142,201803
13,124,201803
13,12,201803
13,444,201803
13,931,201803
13,100,201803
13,156,201803
13,72,201803
13,1130,201803
13,48,201803
13,2,201803
13,64,201803
13,313,201803
13,18,201803
13,29,201803
13,247,201803
13,117,201803
13,40,201803
13,9,201803
13,102,201803
13,57,201803
13,120,201803
13,25,201803
13,1,201803
13,83,201803
13,51,201803
13,178,201803
13,10,201803
13,136,201803
13,139,201803
13,4,201803
13,96,201803
13,113,201803
13,89,201803
13,115,201803
13,28,201803
13,78,201803
13,0,201803
13,996,201803
13,1417,201803
13,45,201803
13,1118,201803
13,995,201803
13,108,201803
13,896,201803
13,766,201803
13,17,201803
13,180,201803
13,283,201803
13,60,201803
13,349,201803
13,815,201803
13,35,201803
13,176,201803
13,99,201803
13,126,201803
13,289,201803
13,297,201803
13,38,201803
13,27,201803
13,54,201803
13,81,201803
13,112,201803
13,97,201803
13,92,201803
13,121,201803
13,274,201803
13,320,201803
13,94,201803
13,46,201803
13,14,201803
13,129,201803
14,146,201803
14,21,201803
14,142,201803
14,143,201803
14,64,201803
14,32,201803
14,6,201803
14,77,201803
14,160,201803
14,799,201803
14,138,201803
14,139,201803
14,40,201803
14,25,201803
14,108,201803
14,23,201803
14,4,201803
14,165,201803
14,835,201803
14,26,201803
14,453,201803
14,116,201803
14,69,201803
14,113,201803
14,35,201803
14,285,201803
14,133,201803
14,97,201803
14,19,201803
14,12,201803
14,183,201803
14,149,201803
14,57,201803
14,121,201803
14,115,201803
14,129,201803
14,28,201803
14,132,201803
14,99,201803
14,59,201803
14,107,201803
14,369,201803
14,96,201803
14,1020,201803
14,449,201803
14,549,201803
14,341,201803
14,360,201803
14,523,201803
14,373,201803
14,83,201803
14,156,201803
14,20,201803
14,18,201803
14,51,201803
14,46,201803
14,29,201803
14,398,201803
14,136,201803
14,78,201803
14,1366,201803
14,9,201803
14,320,201803
14,181,201803
14,80,201803
14,11,201803
14,0,201803
14,60,201803
14,17,201803
14,5,201803
14,112,201803
14,137,201803
14,10,201803
14,27,201803
14,13,201803
14,54,201803
14,48,201803
14,85,201803
14,1,201803
14,134,201803
14,16,201803
14,81,201803
14,2,201803
14,117,201803
14,119,201803
14,45,201803
14,154,201803
14,100,201803
14,38,201803
14,92,201803
14,180,201803
14,274,201803
14,155,201803
14,52,201803
14,36,201803
14,31,201803
14,102,201803
14,135,201803
15,146,201803
15,27,201803
15,183,201803
15,132,201803
15,143,201803
15,77,201803
15,160,201803
15,131,201803
15,11,201803
15,282,201803
15,29,201803
15,136,201803
15,346,201803
15,17,201803
15,97,201803
15,18,201803
15,266,201803
15,60,201803
15,1250,201803
15,375,201803
15,10,201803
15,46,201803
15,32,201803
15,1227,201803
15,137,201803
16,5,201803
16,154,201803
16,138,201803
16,143,201803
16,64,201803
16,142,201803
16,362,201803
16,6,201803
16,77,201803
16,281,201803
16,160,201803
16,32,201803
16,102,201803
16,4,201803
16,97,201803
16,46,201803
16,180,201803
16,165,201803
16,149,201803
16,9,201803
16,34,201803
16,18,201803
16,52,201803
16,83,201803
16,59,201803
16,48,201803
16,26,201803
16,133,201803
16,274,201803
16,99,201803
16,12,201803
16,25,201803
16,17,201803
16,85,201803
16,36,201803
16,1366,201803
16,45,201803
16,60,201803
16,0,201803
16,21,201803
16,51,201803
16,19,201803
16,354,201803
16,156,201803
16,136,201803
16,54,201803
16,2,201803
16,13,201803
16,28,201803
16,20,201803
16,346,201803
16,92,201803
16,108,201803
16,178,201803
16,27,201803
16,29,201803
16,139,201803
16,100,201803
16,78,201803
16,320,201803
16,266,201803
16,375,201803
16,35,201803
16,1250,201803
16,10,201803
16,1,201803
16,31,201803
16,14,201803
16,137,201803
16,135,201803
17,146,201803
17,89,201803
17,20,201803
17,1,201803
17,107,201803
17,133,201803
17,4,201803
17,1227,201803
17,132,201803
17,121,201803
17,28,201803
17,154,201803
17,11,201803
17,22,201803
17,931,201803
17,137,201803
17,143,201803
17,115,201803
17,40,201803
17,112,201803
17,113,201803
17,552,201803
17,6,201803
17,64,201803
17,77,201803
17,160,201803
17,5,201803
17,29,201803
17,35,201803
17,110,201803
17,51,201803
17,245,201803
17,149,201803
17,303,201803
17,213,201803
17,71,201803
17,180,201803
17,100,201803
17,176,201803
17,347,201803
17,325,201803
17,14,201803
17,1052,201803
17,10,201803
17,57,201803
17,0,201803
17,9,201803
17,16,201803
17,26,201803
17,69,201803
17,72,201803
17,376,201803
17,18,201803
17,46,201803
17,108,201803
17,139,201803
17,183,201803
17,83,201803
17,2,201803
17,135,201803
17,34,201803
17,12,201803
17,24,201803
17,66,201803
17,155,201803
17,15,201803
17,282,201803
17,99,201803
17,81,201803
17,27,201803
17,142,201803
17,41,201803
17,70,201803
17,336,201803
17,48,201803
17,129,201803
17,21,201803
17,52,201803
17,136,201803
17,85,201803
17,45,201803
17,386,201803
17,80,201803
17,32,201803
17,19,201803
17,345,201803
17,371,201803
17,764,201803
17,60,201803
17,493,201803
17,86,201803
17,153,201803
17,781,201803
17,104,201803
17,966,201803
17,169,201803
17,96,201803
17,214,201803
17,33,201803
17,268,201803
17,184,201803
17,544,201803
17,97,201803
17,222,201803
17,53,201803
17,1649,201803
17,90,201803
17,54,201803
17,150,201803
17,165,201803
17,189,201803
17,906,201803
17,819,201803
17,8,201803
17,13,201803
17,261,201803
17,243,201803
17,7,201803
17,31,201803
17,25,201803
17,274,201803
17,92,201803
17,59,201803
18,40,201803
18,32,201803
18,426,201803
18,423,201803
18,146,201803
18,274,201803
18,74,201803
18,29,201803
18,739,201803
18,19,201803
18,138,201803
18,143,201803
18,233,201803
18,77,201803
18,160,201803
18,5,201803
18,28,201803
18,38,201803
18,0,201803
18,107,201803
18,26,201803
18,6,201803
18,213,201803
18,21,201803
18,154,201803
18,52,201803
18,197,201803
18,22,201803
18,113,201803
18,165,201803
18,931,201803
18,119,201803
18,181,201803
18,2,201803
18,11,201803
18,23,201803
18,13,201803
18,133,201803
18,112,201803
18,51,201803
18,108,201803
18,85,201803
18,97,201803
18,205,201803
18,30,201803
18,12,201803
18,64,201803
18,135,201803
18,10,201803
18,31,201803
18,54,201803
18,86,201803
18,14,201803
18,17,201803
18,265,201803
18,83,201803
18,81,201803
18,48,201803
18,25,201803
18,132,201803
18,131,201803
18,136,201803
18,432,201803
18,33,201803
18,1205,201803
18,393,201803
18,96,201803
18,99,201803
18,1169,201803
18,298,201803
18,16,201803
18,100,201803
18,175,201803
18,24,201803
18,15,201803
18,303,201803
18,78,201803
18,7,201803
18,436,201803
18,92,201803
18,8,201803
18,60,201803
18,120,201803
18,59,201803
18,546,201803
18,159,201803
18,269,201803
18,814,201803
18,242,201803
18,44,201803
18,234,201803
18,62,201803
18,413,201803
18,276,201803
18,4,201803
18,544,201803
18,43,201803
18,169,201803
18,72,201803
18,410,201803
18,346,201803
18,36,201803
18,88,201803
18,139,201803
18,180,201803
18,117,201803
18,142,201803
18,101,201803
18,430,201803
18,153,201803
18,84,201803
18,171,201803
18,183,201803
18,163,201803
18,27,201803
18,177,201803
18,126,201803
18,46,201803
18,123,201803
18,129,201803
18,223,201803
18,93,201803
18,66,201803
18,407,201803
18,738,201803
18,122,201803
18,144,201803
18,137,201803
18,170,201803
18,9,201803
18,20,201803
18,125,201803
18,34,201803
18,145,201803
18,164,201803
18,1,201803
18,35,201803
18,111,201803
18,110,201803
18,61,201803
18,69,201803
18,89,201803
19,282,201803
19,285,201803
19,180,201803
19,97,201803
19,52,201803
19,13,201803
19,142,201803
19,39,201803
19,46,201803
19,121,201803
19,60,201803
19,155,201803
19,35,201803
19,18,201803
19,5,201803
19,23,201803
19,29,201803
19,40,201803
19,83,201803
19,138,201803
19,120,201803
19,143,201803
19,108,201803
19,31,201803
19,6,201803
19,77,201803
19,160,201803
19,146,201803
19,32,201803
19,41,201803
19,24,201803
19,64,201803
19,1088,201803
19,27,201803
19,347,201803
19,45,201803
19,181,201803
19,156,201803
19,107,201803
19,1215,201803
19,183,201803
19,135,201803
19,102,201803
19,132,201803
19,80,201803
19,419,201803
19,51,201803
19,149,201803
19,1366,201803
19,12,201803
19,10,201803
19,165,201803
19,112,201803
19,81,201803
19,208,201803
19,133,201803
19,115,201803
19,490,201803
19,54,201803
19,85,201803
19,59,201803
19,20,201803
19,2,201803
19,66,201803
19,341,201803
19,0,201803
19,34,201803
19,4,201803
19,76,201803
19,17,201803
19,21,201803
19,55,201803
19,92,201803
19,26,201803
19,36,201803
19,63,201803
19,16,201803
19,154,201803
19,278,201803
19,14,201803
19,320,201803
19,114,201803
19,387,201803
19,25,201803
19,75,201803
19,65,201803
19,192,201803
19,899,201803
19,38,201803
19,362,201803
19,140,201803
19,79,201803
19,860,201803
19,101,201803
19,119,201803
19,100,201803
19,799,201803
19,195,201803
19,99,201803
19,134,201803
19,117,201803
19,277,201803
19,126,201803
19,338,201803
19,182,201803
19,57,201803
19,136,201803
19,11,201803
19,205,201803
19,78,201803
19,274,201803
19,1,201803
19,139,201803
19,176,201803
19,137,201803
19,48,201803
19,129,201803
19,28,201803
20,52,201803
20,13,201803
20,9,201803
20,89,201803
20,17,201803
20,21,201803
20,120,201803
20,129,201803
20,29,201803
20,160,201803
20,146,201803
20,247,201803
20,183,201803
20,48,201803
20,143,201803
20,108,201803
20,139,201803
20,11,201803
20,23,201803
20,133,201803
20,14,201803
20,155,201803
20,444,201803
20,12,201803
20,107,201803
20,26,201803
20,34,201803
20,165,201803
20,19,201803
20,16,201803
20,22,201803
20,92,201803
20,46,201803
20,60,201803
20,136,201803
20,99,201803
20,81,201803
20,54,201803
20,10,201803
20,70,201803
20,0,201803
20,153,201803
20,97,201803
20,72,201803
20,27,201803
20,31,201803
20,86,201803
20,2,201803
20,110,201803
20,71,201803
20,227,201803
20,371,201803
20,18,201803
20,741,201803
20,268,201803
20,211,201803
20,1649,201803
20,177,201803
20,51,201803
20,96,201803
20,28,201803
20,169,201803
20,544,201803
20,261,201803
20,819,201803
20,33,201803
20,1,201803
20,303,201803
20,85,201803
20,184,201803
20,77,201803
20,150,201803
20,866,201803
20,8,201803
20,4,201803
20,906,201803
20,32,201803
20,113,201803
20,137,201803
20,40,201803
20,154,201803
20,761,201803
20,7,201803
20,83,201803
20,69,201803
20,35,201803
20,213,201803
20,214,201803
20,64,201803
20,189,201803
20,243,201803
20,274,201803
20,135,201803
20,59,201803
20,6,201803
20,121,201803
20,25,201803
21,133,201803
21,14,201803
21,53,201803
21,6,201803
21,761,201803
21,736,201803
21,745,201803
21,160,201803
21,866,201803
21,819,201803
21,755,201803
21,79,201803
21,138,201803
21,16,201803
21,139,201803
21,444,201803
21,13,201803
21,142,201803
21,52,201803
21,83,201803
21,72,201803
21,93,201803
21,36,201803
21,80,201803
21,26,201803
21,19,201803
21,40,201803
21,54,201803
21,22,201803
21,12,201803
21,96,201803
21,9,201803
21,5,201803
21,11,201803
21,136,201803
21,0,201803
21,17,201803
21,51,201803
21,32,201803
21,60,201803
21,108,201803
21,18,201803
21,48,201803
21,1,201803
21,97,201803
21,85,201803
21,77,201803
21,69,201803
21,124,201803
21,31,201803
21,27,201803
21,165,201803
21,2,201803
21,154,201803
21,92,201803
21,28,201803
21,183,201803
21,64,201803
21,4,201803
21,20,201803
21,7,201803
21,59,201803
21,29,201803
21,274,201803
21,46,201803
21,135,201803
21,25,201803
21,121,201803
21,89,201803
21,137,201803
21,23,201803
21,113,201803
21,10,201803
22,160,201803
22,26,201803
22,121,201803
22,16,201803
22,274,201803
22,38,201803
22,85,201803
22,32,201803
22,12,201803
22,1313,201803
22,180,201803
22,2,201803
22,14,201803
22,132,201803
22,60,201803
22,18,201803
22,150,201803
22,99,201803
22,9,201803
22,27,201803
22,0,201803
22,23,201803
22,34,201803
22,154,201803
22,10,201803
22,52,201803
22,31,201803
22,51,201803
22,149,201803
22,77,201803
22,92,201803
22,113,201803
22,183,201803
22,107,201803
22,112,201803
22,21,201803
22,5,201803
22,25,201803
22,1,201803
22,17,201803
22,4,201803
22,29,201803
22,46,201803
22,11,201803
22,135,201803
22,136,201803
22,20,201803
22,28,201803
22,97,201803
22,137,201803
23,165,201803
23,65,201803
23,124,201803
23,0,201803
23,146,201803
23,97,201803
23,17,201803
23,110,201803
23,52,201803
23,247,201803
23,30,201803
23,39,201803
23,136,201803
23,137,201803
23,6,201803
23,150,201803
23,89,201803
23,60,201803
23,501,201803
23,5,201803
23,51,201803
23,19,201803
23,1,201803
23,138,201803
23,143,201803
23,11,201803
23,113,201803
23,552,201803
23,211,201803
23,749,201803
23,77,201803
23,348,201803
23,160,201803
23,955,201803
23,189,201803
23,906,201803
23,863,201803
23,46,201803
23,14,201803
23,25,201803
23,102,201803
23,72,201803
23,139,201803
23,28,201803
23,64,201803
23,149,201803
23,108,201803
23,32,201803
23,18,201803
23,31,201803
23,26,201803
23,20,201803
23,183,201803
23,99,201803
23,96,201803
23,16,201803
23,154,201803
23,69,201803
23,38,201803
23,2,201803
23,81,201803
23,12,201803
23,92,201803
23,1227,201803
23,107,201803
23,9,201803
23,85,201803
23,4,201803
23,274,201803
23,135,201803
23,112,201803
23,10,201803
23,21,201803
24,339,201803
24,160,201803
24,142,201803
24,76,201803
24,92,201803
24,135,201803
24,19,201803
24,83,201803
24,40,201803
24,146,201803
24,6,201803
24,274,201803
24,17,201803
24,31,201803
24,137,201803
24,32,201803
24,1,201803
24,346,201803
24,18,201803
24,26,201803
24,29,201803
24,99,201803
24,136,201803
24,266,201803
24,375,201803
24,64,201803
24,1250,201803
24,46,201803
24,97,201803
25,146,201803
25,93,201803
25,0,201803
25,722,201803
25,6,201803
25,29,201803
25,85,201803
25,137,201803
25,138,201803
25,2,201803
25,143,201803
25,165,201803
25,115,201803
25,213,201803
25,966,201803
25,552,201803
25,336,201803
25,77,201803
25,160,201803
25,40,201803
25,662,201803
25,23,201803
25,83,201803
25,327,201803
25,544,201803
25,28,201803
25,1227,201803
25,11,201803
25,181,201803
25,59,201803
25,154,201803
25,27,201803
25,64,201803
25,12,201803
25,117,201803
25,16,201803
25,120,201803
25,18,201803
25,346,201803
25,96,201803
25,266,201803
25,100,201803
25,70,201803
25,110,201803
25,34,201803
25,32,201803
25,45,201803
25,371,201803
25,35,201803
25,98,201803
25,307,201803
25,26,201803
25,132,201803
25,53,201803
25,169,201803
25,4,201803
25,63,201803
25,31,201803
25,65,201803
25,39,201803
25,161,201803
25,57,201803
25,72,201803
25,47,201803
25,22,201803
25,86,201803
25,19,201803
25,216,201803
25,10,201803
25,118,201803
25,124,201803
25,38,201803
25,756,201803
25,71,201803
25,97,201803
25,80,201803
25,153,201803
25,46,201803
25,393,201803
25,183,201803
25,335,201803
25,107,201803
25,104,201803
25,495,201803
25,9,201803
25,54,201803
25,1366,201803
25,78,201803
25,339,201803
25,81,201803
25,341,201803
25,116,201803
25,112,201803
25,188,201803
25,101,201803
25,58,201803
25,355,201803
25,36,201803
25,99,201803
25,136,201803
25,149,201803
25,303,201803
25,14,201803
25,48,201803
25,152,201803
25,157,201803
25,17,201803
25,108,201803
25,129,201803
25,156,201803
25,21,201803
25,1,201803
25,89,201803
25,51,201803
25,139,201803
25,60,201803
25,13,201803
25,113,201803
25,20,201803
26,160,201803
26,69,201803
26,18,201803
26,28,201803
26,115,201803
26,20,201803
26,47,201803
26,11,201803
26,17,201803
26,72,201803
26,139,201803
26,51,201803
26,83,201803
26,2,201803
26,4,201803
26,32,201803
26,142,201803
26,156,201803
26,143,201803
26,38,201803
26,10,201803
26,21,201803
26,5,201803
26,16,201803
26,40,201803
26,12,201803
26,25,201803
26,113,201803
26,57,201803
26,81,201803
26,0,201803
26,35,201803
26,1,201803
26,9,201803
26,134,201803
26,64,201803
26,60,201803
26,100,201803
26,169,201803
26,19,201803
26,85,201803
26,99,201803
26,46,201803
26,371,201803
26,126,201803
26,24,201803
26,140,201803
26,65,201803
26,45,201803
26,120,201803
26,75,201803
26,154,201803
26,544,201803
26,192,201803
26,181,201803
26,31,201803
26,117,201803
26,131,201803
26,48,201803
26,132,201803
26,78,201803
26,39,201803
26,114,201803
26,146,201803
26,101,201803
26,36,201803
26,278,201803
26,80,201803
26,76,201803
26,137,201803
26,77,201803
26,155,201803
26,27,201803
26,55,201803
26,97,201803
26,94,201803
26,54,201803
26,29,201803
26,274,201803
26,108,201803
26,136,201803
26,320,201803
26,13,201803
26,92,201803
26,135,201803
27,15,201803
27,146,201803
27,339,201803
27,161,201803
27,138,201803
27,143,201803
27,19,201803
27,20,201803
27,552,201803
27,77,201803
27,160,201803
27,393,201803
27,35,201803
27,32,201803
27,25,201803
27,34,201803
27,46,201803
27,11,201803
27,45,201803
27,165,201803
27,69,201803
27,149,201803
27,107,201803
27,97,201803
27,102,201803
27,129,201803
27,52,201803
27,133,201803
27,6,201803
27,5,201803
27,181,201803
27,142,201803
27,80,201803
27,112,201803
27,59,201803
27,29,201803
27,40,201803
27,115,201803
27,93,201803
27,22,201803
27,120,201803
27,116,201803
27,21,201803
27,346,201803
27,155,201803
27,81,201803
27,341,201803
27,9,201803
27,108,201803
27,16,201803
27,23,201803
27,99,201803
27,2,201803
27,113,201803
27,60,201803
27,83,201803
27,153,201803
27,136,201803
27,100,201803
27,48,201803
27,13,201803
27,1227,201803
27,266,201803
27,1250,201803
27,375,201803
27,18,201803
27,28,201803
27,139,201803
27,51,201803
27,4,201803
27,96,201803
27,85,201803
27,26,201803
27,64,201803
27,0,201803
27,54,201803
27,10,201803
27,17,201803
27,137,201803
27,14,201803
27,1,201803
27,92,201803
27,31,201803
27,154,201803
27,274,201803
27,135,201803
28,133,201803
28,143,201803
28,77,201803
28,493,201803
28,160,201803
28,5,201803
28,1,201803
28,931,201803
28,180,201803
28,80,201803
28,36,201803
28,994,201803
28,81,201803
28,149,201803
28,487,201803
28,139,201803
28,124,201803
28,52,201803
28,112,201803
28,136,201803
28,6,201803
28,12,201803
28,26,201803
28,115,201803
28,142,201803
28,64,201803
28,119,201803
28,13,201803
28,19,201803
28,60,201803
28,18,201803
28,16,201803
28,93,201803
28,48,201803
28,72,201803
28,14,201803
28,34,201803
28,95,201803
28,54,201803
28,9,201803
28,1170,201803
28,45,201803
28,722,201803
28,250,201803
28,1366,201803
28,57,201803
28,379,201803
28,4,201803
28,17,201803
28,10,201803
28,32,201803
28,40,201803
28,1227,201803
28,83,201803
28,153,201803
28,38,201803
28,99,201803
28,165,201803
28,100,201803
28,1649,201803
28,103,201803
28,69,201803
28,222,201803
28,20,201803
28,11,201803
28,96,201803
28,27,201803
28,85,201803
28,53,201803
28,154,201803
28,274,201803
28,150,201803
28,819,201803
28,261,201803
28,8,201803
28,243,201803
28,183,201803
28,2,201803
28,25,201803
28,0,201803
28,7,201803
28,97,201803
28,108,201803
28,59,201803
28,29,201803
28,89,201803
28,31,201803
28,21,201803
28,107,201803
28,22,201803
28,35,201803
28,92,201803
28,51,201803
28,135,201803
28,46,201803
28,137,201803
29,110,201803
29,97,201803
29,146,201803
29,59,201803
29,35,201803
29,20,201803
29,296,201803
29,303,201803
29,25,201803
29,6,201803
29,137,201803
29,19,201803
29,143,201803
29,23,201803
29,552,201803
29,77,201803
29,17,201803
29,160,201803
29,5,201803
29,139,201803
29,52,201803
29,48,201803
29,76,201803
29,83,201803
29,89,201803
29,144,201803
29,64,201803
29,71,201803
29,8,201803
29,63,201803
29,197,201803
29,27,201803
29,80,201803
29,66,201803
29,24,201803
29,54,201803
29,124,201803
29,117,201803
29,92,201803
29,126,201803
29,46,201803
29,13,201803
29,136,201803
29,96,201803
29,15,201803
29,129,201803
29,131,201803
29,0,201803
29,155,201803
29,134,201803
29,102,201803
29,104,201803
29,354,201803
29,18,201803
29,45,201803
29,140,201803
29,69,201803
29,274,201803
29,154,201803
29,38,201803
29,227,201803
29,268,201803
29,2,201803
29,176,201803
29,182,201803
29,39,201803
29,34,201803
29,157,201803
29,79,201803
29,265,201803
29,31,201803
29,78,201803
29,270,201803
29,871,201803
29,132,201803
29,169,201803
29,125,201803
29,81,201803
29,99,201803
29,371,201803
29,86,201803
29,1205,201803
29,43,201803
29,44,201803
29,298,201803
29,223,201803
29,40,201803
29,57,201803
29,251,201803
29,544,201803
29,12,201803
29,142,201803
29,61,201803
29,85,201803
29,159,201803
29,36,201803
29,163,201803
29,171,201803
29,394,201803
29,722,201803
29,94,201803
29,70,201803
29,32,201803
29,107,201803
29,16,201803
29,522,201803
29,53,201803
29,224,201803
29,14,201803
29,540,201803
29,193,201803
29,58,201803
29,122,201803
29,120,201803
29,170,201803
29,175,201803
29,152,201803
29,314,201803
29,145,201803
29,192,201803
29,181,201803
29,111,201803
29,153,201803
29,420,201803
29,180,201803
29,72,201803
29,276,201803
29,55,201803
29,379,201803
29,269,201803
29,198,201803
29,271,201803
29,65,201803
29,9,201803
29,233,201803
29,101,201803
29,422,201803
29,165,201803
29,769,201803
29,183,201803
29,100,201803
29,443,201803
29,74,201803
29,51,201803
29,174,201803
29,75,201803
29,22,201803
29,267,201803
29,362,201803
29,205,201803
29,752,201803
29,156,201803
29,208,201803
29,242,201803
29,292,201803
29,237,201803
29,11,201803
29,213,201803
29,21,201803
29,1,201803
29,320,201803
29,28,201803
29,112,201803
29,26,201803
29,7,201803
29,10,201803
29,4,201803
29,108,201803
29,62,201803
29,60,201803
29,113,201803
30,111,201803
30,247,201803
30,183,201803
30,136,201803
30,23,201803
30,107,201803
30,835,201803
30,143,201803
30,53,201803
30,132,201803
30,61,201803
30,84,201803
30,27,201803
30,160,201803
30,346,201803
30,776,201803
30,1090,201803
30,753,201803
30,754,201803
30,51,201803
30,783,201803
30,10,201803
30,11,201803
30,137,201803
30,1227,201803
30,4,201803
30,18,201803
31,51,201803
31,146,201803
31,6,201803
31,48,201803
31,10,201803
31,83,201803
31,77,201803
31,160,201803
31,453,201803
31,143,201803
31,1445,201803
31,85,201803
31,35,201803
31,58,201803
31,119,201803
31,444,201803
31,325,201803
31,59,201803
31,23,201803
31,500,201803
31,155,201803
31,419,201803
31,4,201803
31,97,201803
31,183,201803
31,102,201803
31,117,201803
31,113,201803
31,32,201803
31,96,201803
31,27,201803
31,180,201803
31,129,201803
31,124,201803
31,112,201803
31,132,201803
31,36,201803
31,108,201803
31,18,201803
31,52,201803
31,1,201803
31,274,201803
31,11,201803
31,136,201803
31,13,201803
31,133,201803
31,12,201803
31,165,201803
31,14,201803
31,92,201803
31,107,201803
31,137,201803
31,46,201803
31,266,201803
31,314,201803
31,346,201803
31,341,201803
31,935,201803
31,93,201803
31,116,201803
31,29,201803
31,22,201803
31,72,201803
31,20,201803
31,142,201803
31,60,201803
31,38,201803
31,318,201803
31,9,201803
31,21,201803
31,26,201803
31,543,201803
31,99,201803
31,25,201803
31,19,201803
31,139,201803
31,40,201803
31,45,201803
31,5,201803
31,28,201803
31,17,201803
31,64,201803
31,81,201803
31,156,201803
31,16,201803
31,1366,201803
31,2,201803
31,54,201803
31,154,201803
31,100,201803
31,0,201803
31,135,201803
32,124,201803
32,161,201803
32,188,201803
32,146,201803
32,18,201803
32,76,201803
32,154,201803
32,19,201803
32,138,201803
32,143,201803
32,132,201803
32,14,201803
32,6,201803
32,77,201803
32,281,201803
32,160,201803
32,54,201803
32,35,201803
32,36,201803
32,116,201803
32,115,201803
32,21,201803
32,22,201803
32,80,201803
32,97,201803
32,45,201803
32,26,201803
32,99,201803
32,72,201803
32,112,201803
32,136,201803
32,83,201803
32,165,201803
32,85,201803
32,107,201803
32,129,201803
32,58,201803
32,69,201803
32,13,201803
32,159,201803
32,52,201803
32,12,201803
32,29,201803
32,40,201803
32,64,201803
32,142,201803
32,28,201803
32,17,201803
32,31,201803
32,155,201803
32,270,201803
32,120,201803
32,16,201803
32,126,201803
32,176,201803
32,117,201803
32,23,201803
32,92,201803
32,137,201803
32,208,201803
32,178,201803
32,310,201803
32,0,201803
32,57,201803
32,346,201803
32,46,201803
32,2,201803
32,48,201803
32,100,201803
32,5,201803
32,38,201803
32,27,201803
32,43,201803
32,341,201803
32,181,201803
32,1,201803
32,89,201803
32,25,201803
32,60,201803
32,814,201803
32,545,201803
32,224,201803
32,108,201803
32,182,201803
32,134,201803
32,546,201803
32,24,201803
32,101,201803
32,198,201803
32,94,201803
32,180,201803
32,65,201803
32,171,201803
32,135,201803
32,102,201803
32,440,201803
32,131,201803
32,429,201803
32,81,201803
32,9,201803
32,276,201803
32,78,201803
32,51,201803
32,320,201803
32,44,201803
32,163,201803
32,195,201803
32,332,201803
32,20,201803
32,79,201803
32,242,201803
32,62,201803
32,74,201803
32,338,201803
32,362,201803
32,75,201803
32,205,201803
32,55,201803
32,15,201803
32,59,201803
32,139,201803
32,4,201803
32,113,201803
32,170,201803
32,274,201803
32,10,201803
32,66,201803
32,206,201803
32,11,201803
33,1169,201803
33,6,201803
33,51,201803
33,74,201803
33,107,201803
33,18,201803
33,65,201803
33,101,201803
33,346,201803
33,136,201803
33,5,201803
33,10,201803
33,17,201803
33,112,201803
33,20,201803
33,1227,201803
33,11,201803
33,1,201803
33,4,201803
34,39,201803
34,57,201803
34,95,201803
34,9,201803
34,27,201803
34,143,201803
34,104,201803
34,552,201803
34,588,201803
34,160,201803
34,24,201803
34,21,201803
34,69,201803
34,13,201803
34,133,201803
34,108,201803
34,28,201803
34,19,201803
34,112,201803
34,54,201803
34,48,201803
34,16,201803
34,52,201803
34,83,201803
34,136,201803
34,107,201803
34,29,201803
34,346,201803
34,15,201803
34,164,201803
34,282,201803
34,92,201803
34,6,201803
34,60,201803
34,17,201803
34,1169,201803
34,31,201803
34,25,201803
34,10,201803
34,137,201803
34,29,201803
34,1227,201803
34,4,201803
34,136,201803
34,1,201803
34,18,201803
34,10,201803
34,25,201803
34,137,201803
34,154,201803
34,97,201803
35,110,201803
35,48,201803
35,217,201803
35,433,201803
35,1,201803
35,129,201803
35,339,201803
35,31,201803
35,146,201803
35,60,201803
35,393,201803
35,85,201803
35,1227,201803
35,52,201803
35,142,201803
35,336,201803
35,81,201803
35,274,201803
35,6,201803
35,18,201803
35,154,201803
35,41,201803
35,303,201803
35,125,201803
35,1130,201803
35,19,201803
35,143,201803
35,108,201803
35,36,201803
35,97,201803
35,160,201803
35,64,201803
35,25,201803
35,1847,201803
35,739,201803
35,327,201803
35,192,201803
35,46,201803
35,167,201803
35,83,201803
35,151,201803
35,45,201803
35,58,201803
35,59,201803
35,17,201803
35,29,201803
35,77,201803
35,250,201803
35,40,201803
35,266,201803
35,100,201803
35,1402,201803
35,92,201803
35,14,201803
35,13,201803
35,444,201803
35,380,201803
35,208,201803
35,9,201803
35,51,201803
35,135,201803
35,16,201803
35,2,201803
35,26,201803
35,99,201803
35,72,201803
35,32,201803
35,73,201803
35,76,201803
35,12,201803
35,285,201803
35,120,201803
35,80,201803
35,0,201803
35,38,201803
35,27,201803
35,119,201803
35,156,201803
35,11,201803
35,71,201803
35,4,201803
35,20,201803
35,136,201803
35,102,201803
35,10,201803
35,54,201803
35,28,201803
35,769,201803
35,173,201803
35,172,201803
35,137,201803
36,119,201803
36,124,201803
36,0,201803
36,48,201803
36,277,201803
36,1402,201803
36,419,201803
36,444,201803
36,139,201803
36,143,201803
36,60,201803
36,160,201803
36,35,201803
36,274,201803
36,135,201803
36,931,201803
36,71,201803
36,1445,201803
36,92,201803
36,285,201803
36,949,201803
36,197,201803
36,208,201803
36,77,201803
36,10,201803
36,5,201803
36,1341,201803
36,303,201803
36,26,201803
36,485,201803
36,81,201803
36,1174,201803
36,57,201803
36,136,201803
36,142,201803
36,59,201803
36,64,201803
36,134,201803
36,129,201803
36,117,201803
36,25,201803
36,13,201803
36,19,201803
36,120,201803
36,14,201803
36,180,201803
36,341,201803
36,99,201803
36,154,201803
36,52,201803
36,29,201803
36,6,201803
36,102,201803
36,40,201803
36,18,201803
36,108,201803
36,32,201803
36,178,201803
36,97,201803
36,137,201803
36,46,201803
37,1,201803
38,274,201803
38,120,201803
38,117,201803
38,160,201803
38,1209,201803
38,1,201803
38,113,201803
38,52,201803
38,16,201803
38,46,201803
38,77,201803
38,17,201803
38,81,201803
38,48,201803
38,21,201803
38,154,201803
38,4,201803
38,96,201803
38,45,201803
38,31,201803
38,14,201803
38,26,201803
38,155,201803
38,136,201803
38,341,201803
38,27,201803
38,29,201803
38,178,201803
38,92,201803
38,108,201803
38,32,201803
38,28,201803
38,64,201803
38,59,201803
38,99,201803
38,13,201803
38,266,201803
38,375,201803
38,19,201803
38,25,201803
38,6,201803
38,35,201803
38,60,201803
38,135,201803
38,137,201803
38,97,201803
39,401,201803
39,165,201803
39,137,201803
39,501,201803
39,23,201803
39,19,201803
39,143,201803
39,77,201803
39,160,201803
39,320,201803
39,40,201803
39,46,201803
39,136,201803
39,192,201803
39,180,201803
39,341,201803
39,29,201803
39,9,201803
39,99,201803
39,25,201803
39,26,201803
39,64,201803
39,97,201803
40,126,201803
40,1361,201803
40,444,201803
40,64,201803
40,6,201803
40,32,201803
40,281,201803
40,19,201803
40,143,201803
40,16,201803
40,53,201803
40,77,201803
40,160,201803
40,134,201803
40,205,201803
40,114,201803
40,1411,201803
40,52,201803
40,24,201803
40,65,201803
40,35,201803
40,375,201803
40,108,201803
40,282,201803
40,423,201803
40,142,201803
40,81,201803
40,362,201803
40,728,201803
40,338,201803
40,549,201803
40,125,201803
40,453,201803
40,1250,201803
40,94,201803
40,120,201803
40,133,201803
40,23,201803
40,113,201803
40,21,201803
40,26,201803
40,156,201803
40,112,201803
40,18,201803
40,116,201803
40,129,201803
40,124,201803
40,78,201803
40,60,201803
40,1215,201803
40,51,201803
40,107,201803
40,72,201803
40,183,201803
40,80,201803
40,46,201803
40,93,201803
40,12,201803
40,22,201803
40,54,201803
40,131,201803
40,20,201803
40,28,201803
40,36,201803
40,4,201803
40,2,201803
40,347,201803
40,5,201803
40,274,201803
40,96,201803
40,176,201803
40,208,201803
40,25,201803
40,99,201803
40,102,201803
40,1020,201803
40,180,201803
40,530,201803
40,1022,201803
40,85,201803
40,9,201803
40,83,201803
40,449,201803
40,59,201803
40,178,201803
40,27,201803
40,266,201803
40,373,201803
40,100,201803
40,523,201803
40,1086,201803
40,369,201803
40,29,201803
40,0,201803
40,13,201803
40,320,201803
40,48,201803
40,137,201803
40,17,201803
40,154,201803
40,31,201803
40,1,201803
40,92,201803
40,136,201803
40,139,201803
40,10,201803
40,97,201803
40,14,201803
40,135,201803
41,60,201803
41,160,201803
41,393,201803
41,6,201803
41,9,201803
41,327,201803
41,35,201803
41,482,201803
41,142,201803
41,143,201803
41,83,201803
41,124,201803
41,17,201803
41,31,201803
41,59,201803
41,99,201803
41,108,201803
41,48,201803
41,137,201803
41,46,201803
41,97,201803
43,160,201803
43,54,201803
43,131,201803
43,97,201803
43,815,201803
43,29,201803
43,32,201803
43,18,201803
43,1227,201803
43,10,201803
43,375,201803
43,266,201803
44,54,201803
44,131,201803
44,12,201803
44,346,201803
44,29,201803
44,18,201803
44,32,201803
45,97,201803
45,197,201803
45,1236,201803
45,110,201803
45,196,201803
45,1044,201803
45,662,201803
45,207,201803
45,155,201803
45,329,201803
45,672,201803
45,139,201803
45,83,201803
45,48,201803
45,134,201803
45,213,201803
45,1,201803
45,5,201803
45,112,201803
45,108,201803
45,16,201803
45,10,201803
45,149,201803
45,0,201803
45,178,201803
45,14,201803
45,320,201803
45,40,201803
45,29,201803
45,137,201803
45,17,201803
45,28,201803
45,64,201803
45,13,201803
45,25,201803
45,136,201803
45,26,201803
45,59,201803
45,274,201803
45,6,201803
45,19,201803
45,35,201803
45,4,201803
45,32,201803
45,92,201803
45,31,201803
45,99,201803
45,135,201803
45,46,201803
46,422,201803
46,23,201803
46,143,201803
46,154,201803
46,19,201803
46,96,201803
46,77,201803
46,100,201803
46,160,201803
46,146,201803
46,107,201803
46,29,201803
46,82,201803
46,13,201803
46,36,201803
46,40,201803
46,137,201803
46,85,201803
46,28,201803
46,81,201803
46,0,201803
46,1,201803
46,93,201803
46,181,201803
46,115,201803
46,102,201803
46,78,201803
46,139,201803
46,60,201803
46,4,201803
46,108,201803
46,134,201803
46,14,201803
46,192,201803
46,64,201803
46,274,201803
46,6,201803
46,73,201803
46,27,201803
46,35,201803
46,16,201803
46,178,201803
46,120,201803
46,10,201803
46,183,201803
46,341,201803
46,83,201803
46,31,201803
46,730,201803
46,17,201803
46,106,201803
46,752,201803
46,1065,201803
46,458,201803
46,336,201803
46,18,201803
46,266,201803
46,12,201803
46,703,201803
46,1254,201803
46,52,201803
46,26,201803
46,142,201803
46,374,201803
46,782,201803
46,371,201803
46,156,201803
46,89,201803
46,173,201803
46,141,201803
46,140,201803
46,250,201803
46,38,201803
46,813,201803
46,98,201803
46,158,201803
46,32,201803
46,72,201803
46,285,201803
46,9,201803
46,101,201803
46,97,201803
46,198,201803
46,180,201803
46,126,201803
46,57,201803
46,188,201803
46,22,201803
46,99,201803
46,799,201803
46,159,201803
46,797,201803
46,175,201803
46,104,201803
46,744,201803
46,95,201803
46,25,201803
46,76,201803
46,15,201803
46,62,201803
46,54,201803
46,79,201803
46,92,201803
46,131,201803
46,55,201803
46,136,201803
46,208,201803
46,445,201803
46,152,201803
46,11,201803
46,21,201803
46,39,201803
46,157,201803
46,176,201803
46,59,201803
46,124,201803
46,544,201803
46,63,201803
46,51,201803
46,155,201803
46,132,201803
46,182,201803
46,58,201803
46,65,201803
46,45,201803
46,769,201803
46,135,201803
46,278,201803
46,41,201803
46,75,201803
46,224,201803
46,860,201803
46,355,201803
46,117,201803
46,342,201803
46,24,201803
46,287,201803
46,237,201803
46,80,201803
46,94,201803
46,129,201803
46,320,201803
46,2,201803
46,20,201803
46,48,201803
47,93,201803
47,116,201803
47,51,201803
47,83,201803
47,28,201803
47,154,201803
47,165,201803
47,12,201803
47,17,201803
47,149,201803
47,14,201803
47,72,201803
47,900,201803
47,135,201803
47,136,201803
47,1169,201803
47,346,201803
47,25,201803
47,274,201803
47,137,201803
47,92,201803
48,143,201803
48,35,201803
48,36,201803
48,93,201803
48,81,201803
48,135,201803
48,29,201803
48,2,201803
48,53,201803
48,60,201803
48,139,201803
48,6,201803
48,769,201803
48,160,201803
48,768,201803
48,83,201803
48,108,201803
48,47,201803
48,57,201803
48,34,201803
48,73,201803
48,444,201803
48,69,201803
48,45,201803
48,85,201803
48,21,201803
48,113,201803
48,132,201803
48,126,201803
48,96,201803
48,86,201803
48,20,201803
48,110,201803
48,5,201803
48,22,201803
48,51,201803
48,181,201803
48,133,201803
48,72,201803
48,38,201803
48,11,201803
48,14,201803
48,32,201803
48,155,201803
48,142,201803
48,208,201803
48,274,201803
48,19,201803
48,16,201803
48,18,201803
48,136,201803
48,12,201803
48,4,201803
48,341,201803
48,71,201803
48,115,201803
48,17,201803
48,1,201803
48,9,201803
48,13,201803
48,80,201803
48,165,201803
48,117,201803
48,112,201803
48,28,201803
48,27,201803
48,41,201803
48,26,201803
48,54,201803
48,710,201803
48,79,201803
48,65,201803
48,75,201803
48,120,201803
48,40,201803
48,195,201803
48,334,201803
48,281,201803
48,815,201803
48,101,201803
48,320,201803
48,31,201803
48,102,201803
48,121,201803
48,172,201803
48,1430,201803
48,0,201803
48,64,201803
48,194,201803
48,180,201803
48,434,201803
48,237,201803
48,10,201803
48,146,201803
48,52,201803
48,77,201803
48,316,201803
48,25,201803
48,129,201803
48,119,201803
48,97,201803
48,100,201803
48,99,201803
48,137,201803
48,92,201803
48,154,201803
48,178,201803
48,59,201803
48,46,201803
49,951,201803
49,69,201803
49,806,201803
49,51,201803
50,69,201803
50,177,201803
50,346,201803
50,1169,201803
50,4,201803
51,4,201803
51,183,201803
51,32,201803
51,110,201803
51,69,201803
51,18,201803
51,23,201803
51,143,201803
51,552,201803
51,77,201803
51,17,201803
51,215,201803
51,160,201803
51,184,201803
51,5,201803
51,1196,201803
51,1419,201803
51,741,201803
51,795,201803
51,214,201803
51,108,201803
51,85,201803
51,1366,201803
51,9,201803
51,2,201803
51,26,201803
51,113,201803
51,47,201803
51,31,201803
51,124,201803
51,83,201803
51,40,201803
51,6,201803
51,165,201803
51,48,201803
51,155,201803
51,117,201803
51,13,201803
51,14,201803
51,11,201803
51,54,201803
51,81,201803
51,21,201803
51,19,201803
51,0,201803
51,142,201803
51,135,201803
51,107,201803
51,22,201803
51,10,201803
51,97,201803
51,60,201803
51,96,201803
51,346,201803
51,92,201803
51,30,201803
51,268,201803
51,49,201803
51,133,201803
51,112,201803
51,223,201803
51,89,201803
51,20,201803
51,177,201803
51,222,201803
51,189,201803
51,154,201803
51,819,201803
51,274,201803
51,1,201803
51,164,201803
51,29,201803
51,150,201803
51,27,201803
51,64,201803
51,243,201803
51,59,201803
51,99,201803
51,8,201803
51,7,201803
51,33,201803
51,137,201803
51,46,201803
51,136,201803
51,213,201803
51,121,201803
51,25,201803
51,28,201803
52,46,201803
52,282,201803
52,117,201803
52,16,201803
52,393,201803
52,422,201803
52,77,201803
52,303,201803
52,13,201803
52,419,201803
52,29,201803
52,28,201803
52,444,201803
52,180,201803
52,142,201803
52,6,201803
52,155,201803
52,19,201803
52,102,201803
52,138,201803
52,143,201803
52,293,201803
52,55,201803
52,160,201803
52,126,201803
52,183,201803
52,208,201803
52,17,201803
52,124,201803
52,5,201803
52,112,201803
52,45,201803
52,181,201803
52,51,201803
52,1,201803
52,31,201803
52,27,201803
52,20,201803
52,2,201803
52,23,201803
52,97,201803
52,205,201803
52,92,201803
52,129,201803
52,154,201803
52,83,201803
52,40,201803
52,100,201803
52,146,201803
52,34,201803
52,274,201803
52,66,201803
52,81,201803
52,35,201803
52,60,201803
52,32,201803
52,38,201803
52,59,201803
52,0,201803
52,64,201803
52,36,201803
52,18,201803
52,320,201803
52,10,201803
52,99,201803
52,139,201803
52,108,201803
52,48,201803
52,136,201803
52,135,201803
52,137,201803
52,14,201803
53,1227,201803
53,136,201803
53,86,201803
53,131,201803
53,18,201803
53,70,201803
53,160,201803
53,61,201803
53,25,201803
53,10,201803
53,139,201803
53,28,201803
53,17,201803
53,11,201803
53,108,201803
53,97,201803
53,60,201803
53,1,201803
53,29,201803
53,137,201803
54,66,201803
54,143,201803
54,137,201803
54,29,201803
54,43,201803
54,15,201803
54,422,201803
54,44,201803
54,440,201803
54,814,201803
54,77,201803
54,160,201803
54,276,201803
54,430,201803
54,154,201803
54,4,201803
54,107,201803
54,146,201803
54,94,201803
54,18,201803
54,51,201803
54,129,201803
54,69,201803
54,132,201803
54,124,201803
54,0,201803
54,36,201803
54,34,201803
54,155,201803
54,11,201803
54,25,201803
54,180,201803
54,133,201803
54,113,201803
54,5,201803
54,96,201803
54,57,201803
54,22,201803
54,85,201803
54,28,201803
54,45,201803
54,32,201803
54,156,201803
54,208,201803
54,23,201803
54,97,201803
54,17,201803
54,46,201803
54,6,201803
54,2,201803
54,16,201803
54,40,201803
54,64,201803
54,20,201803
54,21,201803
54,341,201803
54,346,201803
54,102,201803
54,1,201803
54,100,201803
54,12,201803
54,81,201803
54,112,201803
54,60,201803
54,19,201803
54,274,201803
54,1227,201803
54,48,201803
54,375,201803
54,266,201803
54,1250,201803
54,136,201803
54,13,201803
54,92,201803
54,10,201803
54,26,201803
54,35,201803
54,108,201803
54,27,201803
54,139,201803
54,99,201803
54,14,201803
54,31,201803
55,36,201803
55,160,201803
55,134,201803
55,126,201803
55,117,201803
55,6,201803
55,19,201803
55,64,201803
55,29,201803
55,99,201803
55,59,201803
55,32,201803
55,26,201803
55,46,201803
55,97,201803
56,180,201803
56,178,201803
57,142,201803
57,165,201803
57,1099,201803
57,339,201803
57,275,201803
57,282,201803
57,14,201803
57,393,201803
57,143,201803
57,77,201803
57,160,201803
57,198,201803
57,107,201803
57,64,201803
57,2,201803
57,100,201803
57,28,201803
57,139,201803
57,19,201803
57,17,201803
57,26,201803
57,13,201803
57,60,201803
57,85,201803
57,341,201803
57,135,201803
57,32,201803
57,137,201803
57,12,201803
57,178,201803
57,136,201803
57,6,201803
57,29,201803
57,97,201803
57,99,201803
57,25,201803
57,375,201803
57,48,201803
57,266,201803
57,46,201803
58,282,201803
58,143,201803
58,160,201803
58,35,201803
58,64,201803
58,32,201803
58,29,201803
58,136,201803
58,25,201803
58,99,201803
58,46,201803
58,137,201803
58,97,201803
59,110,201803
59,25,201803
59,146,201803
59,35,201803
59,19,201803
59,138,201803
59,143,201803
59,6,201803
59,77,201803
59,160,201803
59,17,201803
59,675,201803
59,29,201803
59,1445,201803
59,81,201803
59,11,201803
59,31,201803
59,51,201803
59,36,201803
59,0,201803
59,341,201803
59,152,201803
59,46,201803
59,12,201803
59,278,201803
59,94,201803
59,142,201803
59,169,201803
59,213,201803
59,18,201803
59,38,201803
59,45,201803
59,99,201803
59,14,201803
59,16,201803
59,40,201803
59,139,201803
59,83,201803
59,114,201803
59,13,201803
59,5,201803
59,32,201803
59,120,201803
59,71,201803
59,55,201803
59,137,201803
59,107,201803
59,112,201803
59,78,201803
59,2,201803
59,21,201803
59,96,201803
59,134,201803
59,92,201803
59,217,201803
59,4,201803
59,82,201803
59,64,201803
59,133,201803
59,28,201803
59,85,201803
59,10,201803
59,1,201803
59,126,201803
59,117,201803
59,100,201803
59,136,201803
59,194,201803
59,97,201803
59,89,201803
59,121,201803
59,60,201803
59,129,201803
59,20,201803
59,108,201803
59,48,201803
60,129,201803
60,146,201803
60,35,201803
60,393,201803
60,154,201803
60,519,201803
60,64,201803
60,39,201803
60,48,201803
60,23,201803
60,19,201803
60,143,201803
60,108,201803
60,139,201803
60,160,201803
60,41,201803
60,76,201803
60,94,201803
60,26,201803
60,116,201803
60,136,201803
60,93,201803
60,40,201803
60,1,201803
60,133,201803
60,96,201803
60,11,201803
60,57,201803
60,54,201803
60,4,201803
60,2,201803
60,132,201803
60,97,201803
60,16,201803
60,29,201803
60,13,201803
60,0,201803
60,85,201803
60,10,201803
60,72,201803
60,6,201803
60,107,201803
60,52,201803
60,274,201803
60,21,201803
60,165,201803
60,51,201803
60,370,201803
60,28,201803
60,198,201803
60,34,201803
60,9,201803
60,369,201803
60,112,201803
60,5,201803
60,12,201803
60,20,201803
60,27,201803
60,544,201803
60,77,201803
60,80,201803
60,17,201803
60,31,201803
60,341,201803
60,99,201803
60,81,201803
60,181,201803
60,182,201803
60,120,201803
60,83,201803
60,134,201803
60,197,201803
60,32,201803
60,18,201803
60,156,201803
60,131,201803
60,101,201803
60,769,201803
60,15,201803
60,334,201803
60,195,201803
60,53,201803
60,75,201803
60,38,201803
60,14,201803
60,46,201803
60,126,201803
60,180,201803
60,142,201803
60,194,201803
60,217,201803
60,316,201803
60,117,201803
60,102,201803
60,59,201803
60,119,201803
60,285,201803
60,208,201803
60,155,201803
60,25,201803
60,137,201803
60,178,201803
60,92,201803
60,135,201803
61,143,201803
61,407,201803
61,132,201803
61,34,201803
61,160,201803
61,415,201803
61,111,201803
61,53,201803
61,346,201803
61,66,201803
61,389,201803
61,183,201803
61,136,201803
61,29,201803
61,375,201803
61,266,201803
61,1,201803
61,97,201803
61,137,201803
61,10,201803
61,1227,201803
61,18,201803
62,339,201803
62,66,201803
62,143,201803
62,160,201803
62,54,201803
62,346,201803
62,6,201803
62,18,201803
62,1227,201803
62,266,201803
62,32,201803
62,375,201803
62,46,201803
62,137,201803
62,1250,201803
62,97,201803
62,29,201803
63,178,201803
63,97,201803
63,19,201803
63,25,201803
63,29,201803
63,99,201803
63,64,201803
63,46,201803
64,1052,201803
64,143,201803
64,45,201803
64,1471,201803
64,6,201803
64,27,201803
64,77,201803
64,160,201803
64,40,201803
64,59,201803
64,274,201803
64,453,201803
64,1699,201803
64,31,201803
64,0,201803
64,4,201803
64,36,201803
64,354,201803
64,336,201803
64,5,201803
64,107,201803
64,112,201803
64,444,201803
64,100,201803
64,60,201803
64,135,201803
64,101,201803
64,28,201803
64,142,201803
64,208,201803
64,17,201803
64,108,201803
64,134,201803
64,19,201803
64,83,201803
64,13,201803
64,32,201803
64,35,201803
64,463,201803
64,113,201803
64,81,201803
64,10,201803
64,146,201803
64,97,201803
64,18,201803
64,342,201803
64,161,201803
64,46,201803
64,48,201803
64,140,201803
64,126,201803
64,2,201803
64,58,201803
64,1,201803
64,192,201803
64,132,201803
64,26,201803
64,181,201803
64,78,201803
64,85,201803
64,180,201803
64,57,201803
64,55,201803
64,29,201803
64,722,201803
64,16,201803
64,117,201803
64,52,201803
64,120,201803
64,176,201803
64,71,201803
64,153,201803
64,38,201803
64,63,201803
64,102,201803
64,9,201803
64,154,201803
64,24,201803
64,205,201803
64,25,201803
64,21,201803
64,76,201803
64,51,201803
64,39,201803
64,11,201803
64,89,201803
64,20,201803
64,129,201803
64,137,201803
64,136,201803
65,48,201803
65,519,201803
65,35,201803
65,6,201803
65,32,201803
65,73,201803
65,112,201803
65,97,201803
65,33,201803
65,333,201803
65,183,201803
65,26,201803
65,99,201803
65,25,201803
65,19,201803
65,29,201803
65,375,201803
65,1250,201803
65,137,201803
65,266,201803
65,46,201803
66,62,201803
66,143,201803
66,77,201803
66,160,201803
66,815,201803
66,35,201803
66,205,201803
66,81,201803
66,120,201803
66,346,201803
66,17,201803
66,19,201803
66,52,201803
66,6,201803
66,69,201803
66,192,201803
66,61,201803
66,29,201803
66,1227,201803
66,10,201803
66,18,201803
66,266,201803
66,375,201803
66,1250,201803
66,32,201803
66,97,201803
67,136,201803
68,358,201803
68,136,201803
69,1227,201803
69,222,201803
69,32,201803
69,247,201803
69,137,201803
69,51,201803
69,138,201803
69,311,201803
69,806,201803
69,317,201803
69,160,201803
69,49,201803
69,177,201803
69,50,201803
69,20,201803
69,165,201803
69,97,201803
69,48,201803
69,121,201803
69,0,201803
69,11,201803
69,54,201803
69,85,201803
69,18,201803
69,17,201803
69,96,201803
69,132,201803
69,27,201803
69,92,201803
69,135,201803
69,9,201803
69,23,201803
69,14,201803
69,113,201803
69,112,201803
69,33,201803
69,66,201803
69,242,201803
69,183,201803
69,336,201803
69,107,201803
69,1169,201803
69,346,201803
69,21,201803
69,274,201803
69,133,201803
69,28,201803
69,4,201803
69,29,201803
69,1,201803
69,5,201803
69,136,201803
69,10,201803
70,371,201803
70,53,201803
70,160,201803
70,33,201803
70,17,201803
70,1169,201803
70,10,201803
70,136,201803
70,11,201803
70,1,201803
70,137,201803
71,303,201803
71,247,201803
71,17,201803
71,36,201803
71,13,201803
71,29,201803
71,20,201803
71,136,201803
71,64,201803
71,1,201803
71,25,201803
71,6,201803
71,59,201803
71,35,201803
71,97,201803
71,137,201803
72,184,201803
72,124,201803
72,9,201803
72,143,201803
72,552,201803
72,17,201803
72,160,201803
72,85,201803
72,146,201803
72,35,201803
72,303,201803
72,180,201803
72,52,201803
72,26,201803
72,5,201803
72,107,201803
72,51,201803
72,99,201803
72,69,201803
72,21,201803
72,133,201803
72,149,201803
72,139,201803
72,13,201803
72,165,201803
72,97,201803
72,135,201803
72,2,201803
72,112,201803
72,20,201803
72,31,201803
72,11,201803
72,60,201803
72,0,201803
72,136,201803
72,28,201803
72,1366,201803
72,81,201803
72,6,201803
72,96,201803
72,48,201803
72,113,201803
72,137,201803
72,25,201803
72,29,201803
72,32,201803
72,10,201803
72,18,201803
72,46,201803
72,266,201803
72,154,201803
72,1,201803
72,92,201803
72,274,201803
73,48,201803
73,83,201803
73,310,201803
73,65,201803
73,341,201803
73,137,201803
73,154,201803
73,97,201803
73,35,201803
73,46,201803
74,393,201803
74,33,201803
74,32,201803
74,346,201803
74,29,201803
74,97,201803
74,18,201803
75,32,201803
75,341,201803
75,26,201803
75,99,201803
75,19,201803
75,108,201803
75,6,201803
75,48,201803
75,29,201803
75,139,201803
75,60,201803
75,46,201803
75,97,201803
76,739,201803
76,81,201803
76,32,201803
76,1169,201803
76,34,201803
76,60,201803
76,35,201803
76,83,201803
76,154,201803
76,140,201803
76,143,201803
76,46,201803
76,813,201803
76,278,201803
76,77,201803
76,160,201803
76,384,201803
76,146,201803
76,120,201803
76,453,201803
76,97,201803
76,16,201803
76,24,201803
76,40,201803
76,29,201803
76,126,201803
76,66,201803
76,183,201803
76,341,201803
76,19,201803
76,178,201803
76,6,201803
76,375,201803
76,266,201803
76,99,201803
76,26,201803
76,64,201803
76,137,201803
77,35,201803
77,117,201803
77,4,201803
77,142,201803
77,131,201803
77,86,201803
77,1,201803
77,931,201803
77,79,201803
77,110,201803
77,97,201803
77,52,201803
77,31,201803
77,13,201803
77,133,201803
77,14,201803
77,39,201803
77,15,201803
77,16,201803
77,46,201803
77,136,201803
77,137,201803
77,32,201803
77,6,201803
77,61,201803
77,181,201803
77,76,201803
77,57,201803
77,64,201803
77,25,201803
77,59,201803
77,17,201803
77,281,201803
77,27,201803
77,176,201803
77,160,201803
77,54,201803
77,18,201803
77,5,201803
77,12,201803
77,23,201803
77,29,201803
77,51,201803
77,19,201803
77,40,201803
77,374,201803
77,83,201803
77,120,201803
77,28,201803
77,66,201803
77,154,201803
77,195,201803
77,126,201803
77,108,201803
77,101,201803
77,542,201803
77,393,201803
77,247,201803
77,24,201803
77,155,201803
77,113,201803
77,100,201803
77,80,201803
77,183,201803
77,486,201803
77,143,201803
77,149,201803
77,107,201803
77,2,201803
77,93,201803
77,102,201803
77,129,201803
77,26,201803
77,282,201803
77,0,201803
77,125,201803
77,99,201803
77,20,201803
77,96,201803
77,21,201803
77,11,201803
77,85,201803
77,112,201803
77,346,201803
77,60,201803
77,266,201803
77,375,201803
77,139,201803
77,78,201803
77,1227,201803
77,10,201803
77,135,201803
77,274,201803
77,48,201803
77,1250,201803
77,92,201803
78,160,201803
78,41,201803
78,40,201803
78,16,201803
78,99,201803
78,6,201803
78,341,201803
78,137,201803
78,13,201803
78,29,201803
78,18,201803
78,143,201803
78,97,201803
78,64,201803
78,77,201803
78,26,201803
78,281,201803
78,14,201803
78,32,201803
78,146,201803
78,25,201803
78,59,201803
78,19,201803
78,46,201803
79,146,201803
79,83,201803
79,182,201803
79,77,201803
79,176,201803
79,160,201803
79,40,201803
79,137,201803
79,23,201803
79,138,201803
79,4,201803
79,444,201803
79,136,201803
79,197,201803
79,97,201803
79,81,201803
79,29,201803
79,48,201803
79,1250,201803
79,19,201803
79,375,201803
79,32,201803
79,46,201803
79,266,201803
80,156,201803
80,143,201803
80,160,201803
80,32,201803
80,165,201803
80,0,201803
80,77,201803
80,19,201803
80,72,201803
80,120,201803
80,99,201803
80,155,201803
80,769,201803
80,149,201803
80,54,201803
80,180,201803
80,181,201803
80,119,201803
80,134,201803
80,113,201803
80,5,201803
80,102,201803
80,107,201803
80,197,201803
80,27,201803
80,13,201803
80,154,201803
80,17,201803
80,9,201803
80,142,201803
80,136,201803
80,29,201803
80,40,201803
80,11,201803
80,112,201803
80,85,201803
80,346,201803
80,60,201803
80,48,201803
80,25,201803
80,35,201803
80,26,201803
80,14,201803
80,137,201803
80,10,201803
80,135,201803
80,108,201803
80,92,201803
80,274,201803
80,46,201803
80,97,201803
81,282,201803
81,339,201803
81,11,201803
81,35,201803
81,112,201803
81,77,201803
81,176,201803
81,108,201803
81,54,201803
81,40,201803
81,131,201803
81,180,201803
81,444,201803
81,27,201803
81,132,201803
81,18,201803
81,38,201803
81,181,201803
81,52,201803
81,76,201803
81,21,201803
81,124,201803
81,119,201803
81,96,201803
81,45,201803
81,19,201803
81,20,201803
81,59,201803
81,1,201803
81,120,201803
81,102,201803
81,113,201803
81,136,201803
81,154,201803
81,133,201803
81,32,201803
81,48,201803
81,13,201803
81,64,201803
81,129,201803
81,739,201803
81,85,201803
81,79,201803
81,107,201803
81,98,201803
81,83,201803
81,92,201803
81,183,201803
81,12,201803
81,346,201803
81,6,201803
81,23,201803
81,17,201803
81,28,201803
81,36,201803
81,29,201803
81,139,201803
81,60,201803
81,2,201803
81,0,201803
81,320,201803
81,26,201803
81,25,201803
81,46,201803
81,5,201803
81,274,201803
81,10,201803
81,99,201803
81,31,201803
81,97,201803
81,14,201803
81,137,201803
81,135,201803
82,34,201803
82,46,201803
82,341,201803
82,59,201803
82,97,201803
83,510,201803
83,97,201803
83,40,201803
83,19,201803
83,143,201803
83,77,201803
83,160,201803
83,739,201803
83,13,201803
83,14,201803
83,892,201803
83,32,201803
83,76,201803
83,17,201803
83,208,201803
83,274,201803
83,4,201803
83,20,201803
83,36,201803
83,444,201803
83,1284,201803
83,181,201803
83,99,201803
83,54,201803
83,12,201803
83,146,201803
83,23,201803
83,11,201803
83,112,201803
83,16,201803
83,52,201803
83,156,201803
83,59,201803
83,72,201803
83,100,201803
83,107,201803
83,115,201803
83,18,201803
83,5,201803
83,64,201803
83,142,201803
83,6,201803
83,48,201803
83,41,201803
83,102,201803
83,108,201803
83,85,201803
83,180,201803
83,9,201803
83,21,201803
83,31,201803
83,35,201803
83,81,201803
83,24,201803
83,80,201803
83,1144,201803
83,46,201803
83,28,201803
83,2,201803
83,27,201803
83,341,201803
83,132,201803
83,34,201803
83,139,201803
83,178,201803
83,119,201803
83,60,201803
83,25,201803
83,0,201803
83,266,201803
83,375,201803
83,26,201803
83,1250,201803
83,29,201803
83,1,201803
83,154,201803
83,10,201803
83,92,201803
83,136,201803
83,135,201803
83,137,201803
84,69,201803
84,30,201803
84,86,201803
84,223,201803
84,160,201803
84,164,201803
84,753,201803
84,23,201803
84,346,201803
84,1169,201803
84,10,201803
84,18,201803
84,1227,201803
84,4,201803
84,136,201803
84,11,201803
85,47,201803
85,34,201803
85,35,201803
85,722,201803
85,25,201803
85,143,201803
85,21,201803
85,108,201803
85,220,201803
85,552,201803
85,740,201803
85,165,201803
85,160,201803
85,483,201803
85,72,201803
85,274,201803
85,92,201803
85,453,201803
85,32,201803
85,18,201803
85,22,201803
85,16,201803
85,2,201803
85,142,201803
85,139,201803
85,26,201803
85,98,201803
85,181,201803
85,36,201803
85,23,201803
85,10,201803
85,77,201803
85,13,201803
85,57,201803
85,124,201803
85,60,201803
85,46,201803
85,119,201803
85,52,201803
85,40,201803
85,83,201803
85,51,201803
85,1144,201803
85,102,201803
85,69,201803
85,100,201803
85,346,201803
85,125,201803
85,80,201803
85,197,201803
85,1,201803
85,133,201803
85,114,201803
85,54,201803
85,31,201803
85,155,201803
85,12,201803
85,341,201803
85,11,201803
85,99,201803
85,4,201803
85,6,201803
85,0,201803
85,116,201803
85,149,201803
85,1169,201803
85,183,201803
85,64,201803
85,113,201803
85,9,201803
85,120,201803
85,107,201803
85,19,201803
85,153,201803
85,112,201803
85,81,201803
85,29,201803
85,136,201803
85,281,201803
85,96,201803
85,97,201803
85,375,201803
85,266,201803
85,17,201803
85,28,201803
85,146,201803
85,115,201803
85,20,201803
85,93,201803
85,27,201803
85,59,201803
85,48,201803
85,5,201803
85,121,201803
85,154,201803
85,14,201803
85,135,201803
85,137,201803
86,84,201803
86,83,201803
86,18,201803
86,277,201803
86,143,201803
86,1445,201803
86,133,201803
86,4,201803
86,208,201803
86,48,201803
86,1169,201803
86,29,201803
86,20,201803
86,17,201803
86,10,201803
86,25,201803
86,1227,201803
86,11,201803
86,137,201803
86,6,201803
86,136,201803
86,97,201803
87,291,201803
87,203,201803
87,168,201803
87,89,201803
88,69,201803
88,18,201803
88,4,201803
88,136,201803
88,11,201803
89,8,201803
89,17,201803
89,90,201803
89,243,201803
89,7,201803
89,110,201803
89,121,201803
89,23,201803
89,835,201803
89,87,201803
89,778,201803
89,323,201803
89,160,201803
89,770,201803
89,5,201803
89,212,201803
89,213,201803
89,99,201803
89,189,201803
89,13,201803
89,446,201803
89,59,201803
89,1408,201803
89,32,201803
89,51,201803
89,112,201803
89,10,201803
89,20,201803
89,28,201803
89,64,201803
89,6,201803
89,21,201803
89,18,201803
89,25,201803
89,1,201803
89,11,201803
89,97,201803
89,4,201803
89,29,201803
89,136,201803
89,137,201803
90,89,201803
90,8,201803
90,243,201803
90,7,201803
90,17,201803
92,145,201803
92,77,201803
92,85,201803
92,274,201803
92,117,201803
92,133,201803
92,36,201803
92,134,201803
92,52,201803
92,69,201803
92,1363,201803
92,180,201803
92,444,201803
92,1402,201803
92,146,201803
92,143,201803
92,149,201803
92,1677,201803
92,16,201803
92,132,201803
92,22,201803
92,32,201803
92,57,201803
92,120,201803
92,38,201803
92,135,201803
92,18,201803
92,2,201803
92,20,201803
92,35,201803
92,354,201803
92,9,201803
92,0,201803
92,4,201803
92,155,201803
92,24,201803
92,346,201803
92,124,201803
92,34,201803
92,142,201803
92,102,201803
92,48,201803
92,6,201803
92,115,201803
92,341,201803
92,19,201803
92,81,201803
92,64,201803
92,107,201803
92,23,201803
92,51,201803
92,116,201803
92,112,201803
92,21,201803
92,11,201803
92,137,201803
92,1366,201803
92,156,201803
92,46,201803
92,54,201803
92,13,201803
92,113,201803
92,100,201803
92,59,201803
92,45,201803
92,129,201803
92,12,201803
92,83,201803
92,40,201803
92,80,201803
92,160,201803
92,72,201803
92,47,201803
92,28,201803
92,5,201803
92,96,201803
92,26,201803
92,27,201803
92,165,201803
92,99,201803
92,108,201803
92,154,201803
92,93,201803
92,31,201803
92,14,201803
92,60,201803
92,1,201803
92,97,201803
92,17,201803
92,10,201803
92,136,201803
93,146,201803
93,161,201803
93,552,201803
93,339,201803
93,160,201803
93,188,201803
93,149,201803
93,21,201803
93,14,201803
93,99,201803
93,10,201803
93,45,201803
93,115,201803
93,9,201803
93,165,201803
93,17,201803
93,116,201803
93,136,201803
93,60,201803
93,0,201803
93,28,201803
93,96,201803
93,1169,201803
93,346,201803
93,1,201803
93,274,201803
93,25,201803
93,18,201803
93,85,201803
93,92,201803
94,1250,201803
94,81,201803
94,549,201803
94,39,201803
94,135,201803
94,40,201803
94,106,201803
94,38,201803
94,341,201803
94,48,201803
94,208,201803
94,59,201803
94,134,201803
94,29,201803
94,32,201803
94,99,201803
94,26,201803
94,6,201803
94,13,201803
94,46,201803
94,97,201803
95,62,201803
95,281,201803
95,160,201803
95,208,201803
95,72,201803
95,375,201803
95,266,201803
95,46,201803
96,5,201803
96,23,201803
96,1,201803
96,143,201803
96,130,201803
96,299,201803
96,115,201803
96,160,201803
96,69,201803
96,38,201803
96,22,201803
96,52,201803
96,119,201803
96,72,201803
96,931,201803
96,6,201803
96,18,201803
96,19,201803
96,181,201803
96,80,201803
96,183,201803
96,81,201803
96,132,201803
96,32,201803
96,9,201803
96,146,201803
96,112,201803
96,117,201803
96,113,201803
96,54,201803
96,20,201803
96,108,201803
96,107,201803
96,21,201803
96,48,201803
96,2,201803
96,97,201803
96,13,201803
96,12,201803
96,29,201803
96,51,201803
96,492,201803
96,77,201803
96,139,201803
96,11,201803
96,4,201803
96,100,201803
96,25,201803
96,31,201803
96,165,201803
96,346,201803
96,10,201803
96,801,201803
96,133,201803
96,60,201803
96,1269,201803
96,0,201803
96,154,201803
96,99,201803
96,85,201803
96,17,201803
96,28,201803
96,27,201803
96,136,201803
96,59,201803
96,14,201803
96,137,201803
96,135,201803
96,92,201803
96,274,201803
97,29,201803
97,146,201803
97,333,201803
97,81,201803
97,19,201803
97,138,201803
97,143,201803
97,26,201803
97,243,201803
97,60,201803
97,11,201803
97,552,201803
97,46,201803
97,167,201803
97,6,201803
97,77,201803
97,100,201803
97,160,201803
97,35,201803
97,32,201803
97,80,201803
97,93,201803
97,149,201803
97,102,201803
97,931,201803
97,69,201803
97,12,201803
97,7,201803
97,34,201803
97,155,201803
97,23,201803
97,96,201803
97,133,201803
97,197,201803
97,107,201803
97,72,201803
97,22,201803
97,119,201803
97,4,201803
97,120,201803
97,181,201803
97,52,201803
97,14,201803
97,21,201803
97,76,201803
97,134,201803
97,142,201803
97,309,201803
97,18,201803
97,136,201803
97,59,201803
97,117,201803
97,342,201803
97,65,201803
97,54,201803
97,51,201803
97,83,201803
97,9,201803
97,113,201803
97,208,201803
97,5,201803
97,79,201803
97,25,201803
97,38,201803
97,165,201803
97,10,201803
97,28,201803
97,158,201803
97,278,201803
97,140,201803
97,43,201803
97,98,201803
97,115,201803
97,180,201803
97,393,201803
97,159,201803
97,752,201803
97,346,201803
97,163,201803
97,63,201803
97,20,201803
97,129,201803
97,73,201803
97,503,201803
97,31,201803
97,124,201803
97,198,201803
97,132,201803
97,15,201803
97,112,201803
97,341,201803
97,935,201803
97,192,201803
97,265,201803
97,57,201803
97,78,201803
97,188,201803
97,2,201803
97,435,201803
97,287,201803
97,371,201803
97,85,201803
97,152,201803
97,303,201803
97,104,201803
97,125,201803
97,237,201803
97,144,201803
97,141,201803
97,173,201803
97,17,201803
97,269,201803
97,813,201803
97,118,201803
97,285,201803
97,544,201803
97,182,201803
97,74,201803
97,13,201803
97,0,201803
97,86,201803
97,61,201803
97,860,201803
97,153,201803
97,455,201803
97,250,201803
97,64,201803
97,16,201803
97,53,201803
97,1052,201803
97,137,201803
97,169,201803
97,510,201803
97,452,201803
97,39,201803
97,172,201803
97,216,201803
97,71,201803
97,224,201803
97,55,201803
97,108,201803
97,769,201803
97,62,201803
97,66,201803
97,101,201803
97,48,201803
97,40,201803
97,99,201803
97,41,201803
97,89,201803
97,36,201803
97,1,201803
97,176,201803
97,75,201803
97,139,201803
97,131,201803
97,126,201803
97,27,201803
97,320,201803
97,154,201803
97,24,201803
97,274,201803
97,106,201803
97,135,201803
97,157,201803
97,92,201803
97,58,201803
97,355,201803
97,1366,201803
97,82,201803
97,94,201803
97,156,201803
97,45,201803
98,1331,201803
98,31,201803
98,314,201803
98,81,201803
98,346,201803
98,97,201803
98,25,201803
98,46,201803
98,137,201803
99,26,201803
99,1193,201803
99,6,201803
99,23,201803
99,80,201803
99,51,201803
99,116,201803
99,107,201803
99,97,201803
99,183,201803
99,77,201803
99,129,201803
99,18,201803
99,2,201803
99,112,201803
99,21,201803
99,181,201803
99,156,201803
99,13,201803
99,35,201803
99,1366,201803
99,160,201803
99,78,201803
99,341,201803
99,34,201803
99,20,201803
99,4,201803
99,32,201803
99,17,201803
99,64,201803
99,165,201803
99,139,201803
99,117,201803
99,16,201803
99,136,201803
99,83,201803
99,60,201803
99,27,201803
99,154,201803
99,155,201803
99,102,201803
99,29,201803
99,36,201803
99,114,201803
99,355,201803
99,320,201803
99,5,201803
99,10,201803
99,274,201803
99,96,201803
99,28,201803
99,101,201803
99,224,201803
99,40,201803
99,24,201803
99,75,201803
99,1,201803
99,126,201803
99,63,201803
99,57,201803
99,31,201803
99,59,201803
99,143,201803
99,157,201803
99,39,201803
99,170,201803
99,142,201803
99,544,201803
99,65,201803
99,38,201803
99,131,201803
99,41,201803
99,19,201803
99,12,201803
99,132,201803
99,208,201803
99,55,201803
99,94,201803
99,0,201803
99,769,201803
99,100,201803
99,52,201803
99,76,201803
99,146,201803
99,46,201803
99,108,201803
99,25,201803
99,58,201803
99,180,201803
99,85,201803
99,45,201803
99,11,201803
99,81,201803
99,134,201803
99,54,201803
99,48,201803
99,92,201803
99,135,201803
99,137,201803
100,54,201803
100,46,201803
100,35,201803
100,143,201803
100,129,201803
100,101,201803
100,60,201803
100,160,201803
100,327,201803
100,21,201803
100,24,201803
100,36,201803
100,85,201803
100,120,201803
100,26,201803
100,134,201803
100,165,201803
100,16,201803
100,18,201803
100,0,201803
100,99,201803
100,155,201803
100,102,201803
100,81,201803
100,13,201803
100,28,201803
100,38,201803
100,17,201803
100,1,201803
100,64,201803
100,27,201803
100,341,201803
100,154,201803
100,5,201803
100,10,201803
100,108,201803
100,6,201803
100,274,201803
100,710,201803
100,77,201803
100,40,201803
100,25,201803
100,146,201803
100,19,201803
100,29,201803
100,137,201803
100,32,201803
100,135,201803
100,136,201803
100,92,201803
100,59,201803
100,48,201803
100,31,201803
100,97,201803
100,14,201803
101,143,201803
101,77,201803
101,160,201803
101,120,201803
101,27,201803
101,371,201803
101,75,201803
101,14,201803
101,29,201803
101,192,201803
101,57,201803
101,6,201803
101,33,201803
101,154,201803
101,274,201803
101,136,201803
101,99,201803
101,32,201803
101,46,201803
101,10,201803
101,18,201803
101,19,201803
101,26,201803
101,60,201803
101,64,201803
101,1250,201803
101,137,201803
101,375,201803
101,48,201803
101,25,201803
101,266,201803
101,97,201803
102,79,201803
102,146,201803
102,13,201803
102,52,201803
102,143,201803
102,297,201803
102,62,201803
102,160,201803
102,349,201803
102,14,201803
102,85,201803
102,117,201803
102,112,201803
102,1,201803
102,17,201803
102,5,201803
102,142,201803
102,97,201803
102,21,201803
102,81,201803
102,18,201803
102,11,201803
102,31,201803
102,38,201803
102,92,201803
102,154,201803
102,32,201803
102,0,201803
102,10,201803
102,28,201803
102,129,201803
102,274,201803
102,27,201803
102,29,201803
102,77,201803
102,178,201803
102,2,201803
102,40,201803
102,16,201803
102,46,201803
102,136,201803
102,19,201803
102,99,201803
102,36,201803
102,6,201803
102,375,201803
102,64,201803
102,1250,201803
102,108,201803
102,139,201803
102,48,201803
102,35,201803
102,60,201803
102,135,201803
103,146,201803
103,23,201803
103,28,201803
103,1227,201803
103,10,201803
104,34,201803
104,143,201803
104,160,201803
104,346,201803
104,29,201803
104,136,201803
104,17,201803
104,10,201803
104,1227,201803
104,97,201803
104,375,201803
104,25,201803
104,266,201803
104,46,201803
104,137,201803
105,11,201803
105,1169,201803
105,10,201803
105,1227,201803
105,136,201803
106,178,201803
106,1471,201803
106,208,201803
106,46,201803
106,341,201803
106,134,201803
106,97,201803
107,1,201803
107,133,201803
107,501,201803
107,5,201803
107,23,201803
107,143,201803
107,160,201803
107,11,201803
107,31,201803
107,97,201803
107,165,201803
107,303,201803
107,69,201803
107,9,201803
107,20,201803
107,77,201803
107,274,201803
107,34,201803
107,12,201803
107,40,201803
107,0,201803
107,6,201803
107,32,201803
107,154,201803
107,183,201803
107,96,201803
107,18,201803
107,14,201803
107,13,201803
107,92,201803
107,48,201803
107,72,201803
107,16,201803
107,85,201803
107,54,201803
107,4,201803
107,960,201803
107,2,201803
107,33,201803
107,60,201803
107,80,201803
107,51,201803
107,27,201803
107,108,201803
107,81,201803
107,136,201803
107,113,201803
107,29,201803
107,112,201803
107,25,201803
107,17,201803
107,59,201803
107,10,201803
107,135,201803
107,121,201803
107,28,201803
107,137,201803
108,146,201803
108,133,201803
108,38,201803
108,53,201803
108,137,201803
108,48,201803
108,10,201803
108,60,201803
108,7,201803
108,11,201803
108,94,201803
108,19,201803
108,139,201803
108,143,201803
108,552,201803
108,77,201803
108,160,201803
108,32,201803
108,14,201803
108,81,201803
108,64,201803
108,22,201803
108,46,201803
108,34,201803
108,45,201803
108,100,201803
108,107,201803
108,121,201803
108,180,201803
108,183,201803
108,51,201803
108,28,201803
108,93,201803
108,20,201803
108,132,201803
108,31,201803
108,83,201803
108,72,201803
108,274,201803
108,354,201803
108,739,201803
108,6,201803
108,13,201803
108,23,201803
108,120,201803
108,97,201803
108,57,201803
108,96,201803
108,4,201803
108,1,201803
108,112,201803
108,149,201803
108,85,201803
108,16,201803
108,17,201803
108,5,201803
108,197,201803
108,12,201803
108,41,201803
108,18,201803
108,36,201803
108,156,201803
108,27,201803
108,154,201803
108,75,201803
108,316,201803
108,102,201803
108,208,201803
108,769,201803
108,99,201803
108,142,201803
108,285,201803
108,2,201803
108,0,201803
108,52,201803
108,181,201803
108,129,201803
108,119,201803
108,80,201803
108,136,201803
108,40,201803
108,54,201803
108,25,201803
108,117,201803
108,29,201803
108,178,201803
108,155,201803
108,26,201803
108,92,201803
108,59,201803
108,35,201803
108,135,201803
109,593,201803
109,110,201803
109,427,201803
109,306,201803
109,127,201803
109,128,201803
109,913,201803
109,840,201803
109,4,201803
109,864,201803
109,628,201803
109,592,201803
109,723,201803
109,613,201803
109,677,201803
109,724,201803
109,629,201803
109,305,201803
109,729,201803
109,633,201803
109,676,201803
110,29,201803
110,474,201803
110,525,201803
110,236,201803
110,196,201803
110,627,201803
110,352,201803
110,425,201803
110,146,201803
110,185,201803
110,230,201803
110,232,201803
110,190,201803
110,305,201803
110,186,201803
110,235,201803
110,109,201803
110,558,201803
110,559,201803
110,427,201803
110,830,201803
110,477,201803
110,306,201803
110,201,201803
110,127,201803
110,290,201803
110,808,201803
110,684,201803
110,633,201803
110,351,201803
110,694,201803
110,476,201803
110,252,201803
110,448,201803
110,596,201803
110,469,201803
110,273,201803
110,319,201803
110,565,201803
110,424,201803
110,634,201803
110,635,201803
110,597,201803
110,564,201803
110,255,201803
110,572,201803
110,465,201803
110,366,201803
110,225,201803
110,587,201803
110,589,201803
110,591,201803
110,594,201803
110,599,201803
110,484,201803
110,470,201803
110,636,201803
110,590,201803
110,256,201803
110,253,201803
110,600,201803
110,527,201803
110,601,201803
110,660,201803
110,602,201803
110,623,201803
110,263,201803
110,257,201803
110,239,201803
110,603,201803
110,575,201803
110,661,201803
110,658,201803
110,506,201803
110,471,201803
110,659,201803
110,678,201803
110,664,201803
110,621,201803
110,258,201803
110,526,201803
110,643,201803
110,700,201803
110,472,201803
110,639,201803
110,644,201803
110,640,201803
110,573,201803
110,641,201803
110,604,201803
110,642,201803
110,554,201803
110,576,201803
110,670,201803
110,605,201803
110,586,201803
110,579,201803
110,574,201803
110,259,201803
110,622,201803
110,260,201803
110,624,201803
110,23,201803
110,143,201803
110,231,201803
110,254,201803
110,226,201803
110,87,201803
110,77,201803
110,160,201803
110,5,201803
110,191,201803
110,4,201803
110,229,201803
110,17,201803
110,45,201803
110,137,201803
110,58,201803
110,59,201803
110,35,201803
110,207,201803
110,560,201803
110,625,201803
110,667,201803
110,650,201803
110,532,201803
110,478,201803
110,665,201803
110,841,201803
110,656,201803
110,630,201803
110,1134,201803
110,128,201803
110,25,201803
110,886,201803
110,8,201803
110,7,201803
110,1,201803
110,136,201803
110,89,201803
110,18,201803
110,51,201803
111,61,201803
111,221,201803
111,1169,201803
111,136,201803
111,11,201803
111,29,201803
111,10,201803
111,1227,201803
111,137,201803
111,18,201803
112,247,201803
112,133,201803
112,2,201803
112,20,201803
112,107,201803
112,143,201803
112,77,201803
112,160,201803
112,22,201803
112,6,201803
112,48,201803
112,100,201803
112,19,201803
112,32,201803
112,38,201803
112,72,201803
112,303,201803
112,69,201803
112,26,201803
112,10,201803
112,117,201803
112,142,201803
112,18,201803
112,134,201803
112,34,201803
112,9,201803
112,108,201803
112,116,201803
112,52,201803
112,97,201803
112,1,201803
112,96,201803
112,17,201803
112,31,201803
112,136,201803
112,28,201803
112,40,201803
112,14,201803
112,64,201803
112,135,201803
112,12,201803
112,81,201803
112,65,201803
112,274,201803
112,183,201803
112,4,201803
112,154,201803
112,189,201803
112,60,201803
112,139,201803
112,314,201803
112,346,201803
112,51,201803
112,21,201803
112,0,201803
112,27,201803
112,54,201803
112,83,201803
112,92,201803
112,113,201803
112,33,201803
112,8,201803
112,85,201803
112,89,201803
112,13,201803
112,243,201803
112,7,201803
112,25,201803
112,59,201803
112,29,201803
112,11,201803
112,121,201803
112,23,201803
112,137,201803
113,133,201803
113,931,201803
113,135,201803
113,10,201803
113,5,201803
113,1,201803
113,143,201803
113,160,201803
113,108,201803
113,116,201803
113,444,201803
113,214,201803
113,99,201803
113,6,201803
113,12,201803
113,52,201803
113,72,201803
113,26,201803
113,97,201803
113,16,201803
113,22,201803
113,35,201803
113,48,201803
113,69,201803
113,96,201803
113,2,201803
113,165,201803
113,40,201803
113,115,201803
113,154,201803
113,77,201803
113,81,201803
113,9,201803
113,124,201803
113,18,201803
113,0,201803
113,183,201803
113,31,201803
113,146,201803
113,4,201803
113,20,201803
113,54,201803
113,181,201803
113,142,201803
113,107,201803
113,27,201803
113,13,201803
113,64,201803
113,11,201803
113,85,201803
113,112,201803
113,51,201803
113,819,201803
113,274,201803
113,92,201803
113,32,201803
113,136,201803
113,29,201803
113,25,201803
113,21,201803
113,137,201803
114,6,201803
114,289,201803
114,134,201803
114,85,201803
114,99,201803
114,26,201803
114,19,201803
114,59,201803
114,375,201803
114,266,201803
115,165,201803
115,20,201803
115,220,201803
115,552,201803
115,149,201803
115,160,201803
115,204,201803
115,35,201803
115,99,201803
115,21,201803
115,72,201803
115,51,201803
115,28,201803
115,48,201803
115,5,201803
115,107,201803
115,19,201803
115,47,201803
115,1,201803
115,154,201803
115,0,201803
115,60,201803
115,542,201803
115,31,201803
115,112,201803
115,65,201803
115,97,201803
115,274,201803
115,13,201803
115,17,201803
115,2,201803
115,1169,201803
115,92,201803
115,137,201803
115,136,201803
115,85,201803
115,10,201803
115,25,201803
116,31,201803
116,83,201803
116,20,201803
116,149,201803
116,5,201803
116,108,201803
116,77,201803
116,14,201803
116,51,201803
116,96,201803
116,9,201803
116,92,201803
116,27,201803
116,0,201803
116,1,201803
116,32,201803
116,28,201803
116,85,201803
116,112,201803
116,99,201803
116,48,201803
116,346,201803
116,136,201803
116,137,201803
116,10,201803
116,25,201803
116,274,201803
117,52,201803
117,146,201803
117,97,201803
117,206,201803
117,181,201803
117,160,201803
117,208,201803
117,45,201803
117,83,201803
117,274,201803
117,27,201803
117,2,201803
117,17,201803
117,4,201803
117,31,201803
117,10,201803
117,39,201803
117,85,201803
117,20,201803
117,81,201803
117,51,201803
117,28,201803
117,36,201803
117,29,201803
117,197,201803
117,142,201803
117,1,201803
117,32,201803
117,139,201803
117,99,201803
117,64,201803
117,26,201803
117,266,201803
117,1250,201803
117,13,201803
117,18,201803
117,6,201803
117,19,201803
117,59,201803
117,108,201803
117,60,201803
117,46,201803
117,14,201803
118,157,201803
118,143,201803
118,160,201803
118,25,201803
118,97,201803
118,137,201803
119,36,201803
119,97,201803
119,274,201803
119,92,201803
119,139,201803
119,28,201803
119,11,201803
119,113,201803
119,54,201803
119,2,201803
119,129,201803
119,154,201803
119,85,201803
119,96,201803
119,81,201803
119,136,201803
119,1,201803
119,27,201803
119,100,201803
119,31,201803
119,0,201803
119,83,201803
119,19,201803
119,35,201803
119,108,201803
119,48,201803
119,60,201803
119,14,201803
120,6,201803
120,20,201803
120,14,201803
120,64,201803
120,38,201803
120,19,201803
120,143,201803
120,180,201803
120,81,201803
120,281,201803
120,160,201803
120,151,201803
120,146,201803
120,76,201803
120,40,201803
120,13,201803
120,92,201803
120,1,201803
120,176,201803
120,27,201803
120,79,201803
120,517,201803
120,97,201803
120,544,201803
120,29,201803
120,5,201803
120,2,201803
120,140,201803
120,36,201803
120,100,201803
120,85,201803
120,25,201803
120,274,201803
120,32,201803
120,77,201803
120,59,201803
120,10,201803
120,18,201803
120,60,201803
120,26,201803
120,266,201803
120,375,201803
120,35,201803
120,48,201803
120,136,201803
120,60,201803
120,64,201803
120,29,201803
120,26,201803
120,59,201803
120,19,201803
120,13,201803
120,6,201803
120,32,201803
120,46,201803
120,137,201803
120,97,201803
121,143,201803
121,160,201803
121,274,201803
121,124,201803
121,27,201803
121,11,201803
121,107,201803
121,154,201803
121,1,201803
121,29,201803
121,51,201803
121,4,201803
121,136,201803
121,10,201803
121,13,201803
121,48,201803
121,85,201803
121,21,201803
121,59,201803
121,5,201803
121,112,201803
121,20,201803
122,4,201803
122,762,201803
122,265,201803
122,1169,201803
122,136,201803
122,29,201803
122,266,201803
122,137,201803
122,18,201803
122,10,201803
122,1227,201803
123,234,201803
123,122,201803
123,265,201803
123,738,201803
123,1169,201803
123,136,201803
123,18,201803
123,10,201803
123,1227,201803
124,161,201803
124,197,201803
124,0,201803
124,519,201803
124,23,201803
124,36,201803
124,40,201803
124,25,201803
124,165,201803
124,143,201803
124,28,201803
124,115,201803
124,112,201803
124,31,201803
124,60,201803
124,133,201803
124,12,201803
124,4,201803
124,113,201803
124,19,201803
124,108,201803
124,2,201803
124,14,201803
124,64,201803
124,85,201803
124,97,201803
124,20,201803
124,26,201803
124,5,201803
124,136,201803
124,13,201803
124,107,201803
124,346,201803
124,41,201803
124,29,201803
124,341,201803
124,17,201803
124,32,201803
124,92,201803
124,135,201803
124,266,201803
124,1,201803
124,10,201803
124,46,201803
124,154,201803
124,274,201803
124,137,201803
125,534,201803
125,282,201803
125,11,201803
125,371,201803
125,97,201803
125,85,201803
125,1169,201803
125,136,201803
125,29,201803
125,18,201803
126,142,201803
126,155,201803
126,19,201803
126,140,201803
126,143,201803
126,52,201803
126,55,201803
126,6,201803
126,77,201803
126,160,201803
126,205,201803
126,76,201803
126,29,201803
126,18,201803
126,178,201803
126,32,201803
126,510,201803
126,64,201803
126,192,201803
126,24,201803
126,12,201803
126,26,201803
126,13,201803
126,99,201803
126,46,201803
126,48,201803
126,59,201803
126,375,201803
126,60,201803
126,97,201803
127,110,201803
127,109,201803
127,427,201803
127,306,201803
127,128,201803
127,4,201803
127,592,201803
127,701,201803
127,593,201803
127,948,201803
127,613,201803
127,729,201803
128,110,201803
128,109,201803
128,427,201803
128,306,201803
128,4,201803
129,1075,201803
129,35,201803
129,146,201803
129,48,201803
129,0,201803
129,97,201803
129,46,201803
129,100,201803
129,36,201803
129,143,201803
129,108,201803
129,160,201803
129,172,201803
129,173,201803
129,178,201803
129,52,201803
129,133,201803
129,119,201803
129,2,201803
129,102,201803
129,21,201803
129,197,201803
129,155,201803
129,134,201803
129,1,201803
129,81,201803
129,85,201803
129,154,201803
129,117,201803
129,80,201803
129,509,201803
129,99,201803
129,83,201803
129,14,201803
129,40,201803
129,77,201803
129,136,201803
129,31,201803
129,486,201803
129,9,201803
129,54,201803
129,29,201803
129,25,201803
129,274,201803
129,16,201803
129,10,201803
129,32,201803
129,1129,201803
129,284,201803
129,266,201803
129,135,201803
129,18,201803
129,92,201803
129,64,201803
129,19,201803
129,60,201803
129,6,201803
129,137,201803
129,13,201803
129,59,201803
130,96,201803
130,136,201803
130,1,201803
130,137,201803
131,76,201803
131,174,201803
131,25,201803
131,43,201803
131,269,201803
131,44,201803
131,77,201803
131,160,201803
131,54,201803
131,430,201803
131,30,201803
131,52,201803
131,282,201803
131,29,201803
131,18,201803
131,10,201803
131,20,201803
131,346,201803
131,26,201803
131,99,201803
131,11,201803
131,32,201803
131,6,201803
131,60,201803
131,136,201803
131,46,201803
131,137,201803
131,97,201803
132,122,201803
132,29,201803
132,15,201803
132,32,201803
132,265,201803
132,57,201803
132,160,201803
132,24,201803
132,51,201803
132,17,201803
132,13,201803
132,1366,201803
132,26,201803
132,48,201803
132,2,201803
132,0,201803
132,274,201803
132,16,201803
132,83,201803
132,107,201803
132,6,201803
132,9,201803
132,136,201803
132,18,201803
132,14,201803
132,112,201803
132,21,201803
132,336,201803
132,19,201803
132,64,201803
132,97,201803
132,25,201803
132,1,201803
132,99,201803
132,11,201803
132,60,201803
132,375,201803
132,1250,201803
132,1227,201803
132,10,201803
132,266,201803
132,46,201803
132,154,201803
132,137,201803
133,1475,201803
133,211,201803
133,17,201803
133,1,201803
133,28,201803
133,189,201803
133,113,201803
133,22,201803
133,138,201803
133,143,201803
133,77,201803
133,160,201803
133,966,201803
133,11,201803
133,1278,201803
133,83,201803
133,86,201803
133,100,201803
133,80,201803
133,115,201803
133,40,201803
133,64,201803
133,8,201803
133,132,201803
133,777,201803
133,20,201803
133,112,201803
133,54,201803
133,376,201803
133,180,201803
133,48,201803
133,247,201803
133,108,201803
133,444,201803
133,0,201803
133,97,201803
133,16,201803
133,5,201803
133,72,201803
133,18,201803
133,165,201803
133,34,201803
133,10,201803
133,183,201803
133,124,201803
133,96,201803
133,69,201803
133,85,201803
133,32,201803
133,14,201803
133,99,201803
133,107,201803
133,9,201803
133,81,201803
133,52,201803
133,92,201803
133,135,201803
133,27,201803
133,2,201803
133,12,201803
133,31,201803
133,1649,201803
133,154,201803
133,51,201803
133,4,201803
133,1433,201803
133,136,201803
133,274,201803
133,59,201803
133,21,201803
134,114,201803
134,13,201803
134,55,201803
134,6,201803
134,160,201803
134,289,201803
134,115,201803
134,180,201803
134,100,201803
134,92,201803
134,46,201803
134,96,201803
134,45,201803
134,11,201803
134,83,201803
134,81,201803
134,274,201803
134,10,201803
134,135,201803
134,1,201803
134,18,201803
134,64,201803
134,97,201803
134,29,201803
134,155,201803
134,26,201803
134,94,201803
134,60,201803
134,106,201803
134,32,201803
134,19,201803
134,59,201803
134,99,201803
134,14,201803
135,85,201803
135,1313,201803
135,485,201803
135,77,201803
135,836,201803
135,380,201803
135,931,201803
135,453,201803
135,64,201803
135,208,201803
135,213,201803
135,354,201803
135,149,201803
135,120,201803
135,19,201803
135,83,201803
135,20,201803
135,325,201803
135,347,201803
135,154,201803
135,444,201803
135,93,201803
135,303,201803
135,119,201803
135,47,201803
135,115,201803
135,134,201803
135,133,201803
135,116,201803
135,183,201803
135,160,201803
135,146,201803
135,18,201803
135,81,201803
135,892,201803
135,136,201803
135,92,201803
135,16,201803
135,336,201803
135,69,201803
135,2,201803
135,72,201803
135,113,201803
135,34,201803
135,341,201803
135,124,201803
135,1366,201803
135,1180,201803
135,782,201803
135,36,201803
135,165,201803
135,156,201803
135,32,201803
135,129,201803
135,9,201803
135,107,201803
135,100,201803
135,112,201803
135,21,201803
135,22,201803
135,23,201803
135,52,201803
135,46,201803
135,80,201803
135,45,201803
135,38,201803
135,96,201803
135,142,201803
135,102,201803
135,155,201803
135,180,201803
135,51,201803
135,181,201803
135,197,201803
135,143,201803
135,5,201803
135,11,201803
135,4,201803
135,0,201803
135,13,201803
135,40,201803
135,6,201803
135,12,201803
135,28,201803
135,99,201803
135,97,201803
135,31,201803
135,26,201803
135,48,201803
135,17,201803
135,139,201803
135,14,201803
135,27,201803
135,108,201803
135,274,201803
135,10,201803
135,60,201803
135,1,201803
136,146,201803
136,166,201803
136,133,201803
136,23,201803
136,107,201803
136,143,201803
136,11,201803
136,552,201803
136,165,201803
136,150,201803
136,84,201803
136,25,201803
136,77,201803
136,17,201803
136,115,201803
136,160,201803
136,5,201803
136,145,201803
136,57,201803
136,45,201803
136,119,201803
136,1366,201803
136,941,201803
136,153,201803
136,371,201803
136,80,201803
136,26,201803
136,142,201803
136,197,201803
136,345,201803
136,46,201803
136,36,201803
136,156,201803
136,116,201803
136,544,201803
136,10,201803
136,147,201803
136,223,201803
136,13,201803
136,34,201803
136,18,201803
136,416,201803
136,79,201803
136,9,201803
136,51,201803
136,19,201803
136,124,201803
136,137,201803
136,29,201803
136,121,201803
136,31,201803
136,20,201803
136,163,201803
136,129,201803
136,15,201803
136,72,201803
136,135,201803
136,738,201803
136,184,201803
136,120,201803
136,164,201803
136,132,201803
136,113,201803
136,4,201803
136,85,201803
136,981,201803
136,117,201803
136,968,201803
136,101,201803
136,61,201803
136,149,201803
136,376,201803
136,181,201803
136,834,201803
136,2,201803
136,537,201803
136,183,201803
136,99,201803
136,123,201803
136,71,201803
136,97,201803
136,490,201803
136,1015,201803
136,112,201803
136,492,201803
136,908,201803
136,982,201803
136,361,201803
136,16,201803
136,227,201803
136,104,201803
136,27,201803
136,111,201803
136,148,201803
136,221,201803
136,12,201803
136,502,201803
136,480,201803
136,122,201803
136,14,201803
136,70,201803
136,307,201803
136,909,201803
136,130,201803
136,268,201803
136,314,201803
136,188,201803
136,359,201803
136,358,201803
136,58,201803
136,906,201803
136,33,201803
136,372,201803
136,125,201803
136,154,201803
136,169,201803
136,330,201803
136,762,201803
136,265,201803
136,54,201803
136,88,201803
136,81,201803
136,415,201803
136,214,201803
136,131,201803
136,67,201803
136,105,201803
136,86,201803
136,177,201803
136,24,201803
136,211,201803
136,30,201803
136,950,201803
136,781,201803
136,53,201803
136,96,201803
136,100,201803
136,21,201803
136,189,201803
136,110,201803
136,213,201803
136,139,201803
136,52,201803
136,8,201803
136,40,201803
136,180,201803
136,7,201803
136,243,201803
136,35,201803
136,32,201803
136,108,201803
136,22,201803
136,0,201803
136,59,201803
136,28,201803
136,48,201803
136,6,201803
136,69,201803
136,83,201803
136,89,201803
136,303,201803
136,1,201803
136,60,201803
136,64,201803
136,274,201803
136,92,201803
137,146,201803
137,165,201803
137,2,201803
137,96,201803
137,13,201803
137,6,201803
137,69,201803
137,25,201803
137,60,201803
137,23,201803
137,19,201803
137,138,201803
137,143,201803
137,112,201803
137,85,201803
137,17,201803
137,77,201803
137,59,201803
137,160,201803
137,79,201803
137,21,201803
137,35,201803
137,29,201803
137,14,201803
137,10,201803
137,393,201803
137,136,201803
137,113,201803
137,132,201803
137,1,201803
137,216,201803
137,70,201803
137,45,201803
137,24,201803
137,57,201803
137,32,201803
137,314,201803
137,78,201803
137,101,201803
137,341,201803
137,5,201803
137,495,201803
137,346,201803
137,266,201803
137,318,201803
137,801,201803
137,340,201803
137,72,201803
137,1291,201803
137,12,201803
137,885,201803
137,269,201803
137,521,201803
137,757,201803
137,540,201803
137,871,201803
137,18,201803
137,344,201803
137,336,201803
137,115,201803
137,174,201803
137,161,201803
137,371,201803
137,149,201803
137,0,201803
137,309,201803
137,34,201803
137,154,201803
137,950,201803
137,122,201803
137,731,201803
137,1190,201803
137,30,201803
137,335,201803
137,86,201803
137,100,201803
137,326,201803
137,189,201803
137,92,201803
137,588,201803
137,193,201803
137,47,201803
137,267,201803
137,188,201803
137,26,201803
137,728,201803
137,40,201803
137,671,201803
137,244,201803
137,116,201803
137,307,201803
137,80,201803
137,157,201803
137,20,201803
137,243,201803
137,250,201803
137,153,201803
137,204,201803
137,198,201803
137,97,201803
137,76,201803
137,65,201803
137,62,201803
137,265,201803
137,752,201803
137,41,201803
137,31,201803
137,39,201803
137,11,201803
137,152,201803
137,388,201803
137,169,201803
137,339,201803
137,61,201803
137,111,201803
137,156,201803
137,390,201803
137,163,201803
137,224,201803
137,333,201803
137,183,201803
137,159,201803
137,355,201803
137,483,201803
137,118,201803
137,51,201803
137,130,201803
137,8,201803
137,131,201803
137,108,201803
137,303,201803
137,327,201803
137,220,201803
137,15,201803
137,181,201803
137,27,201803
137,64,201803
137,9,201803
137,38,201803
137,52,201803
137,58,201803
137,120,201803
137,150,201803
137,71,201803
137,98,201803
137,107,201803
137,129,201803
137,48,201803
137,104,201803
137,7,201803
137,36,201803
137,4,201803
137,213,201803
137,54,201803
137,81,201803
137,16,201803
137,139,201803
137,124,201803
137,544,201803
137,89,201803
137,53,201803
137,83,201803
137,22,201803
137,99,201803
137,28,201803
137,46,201803
138,29,201803
138,110,201803
138,97,201803
138,52,201803
138,247,201803
138,14,201803
138,16,201803
138,136,201803
138,137,201803
138,32,201803
138,6,201803
138,69,201803
138,25,201803
138,59,201803
138,170,201803
138,27,201803
138,501,201803
138,18,201803
138,5,201803
138,23,201803
138,51,201803
138,19,201803
138,1,201803
138,159,201803
138,2,201803
138,143,201803
138,154,201803
138,79,201803
138,21,201803
138,107,201803
138,146,201803
138,346,201803
138,10,201803
138,375,201803
138,1227,201803
138,266,201803
138,1250,201803
139,96,201803
139,97,201803
139,108,201803
139,58,201803
139,36,201803
139,160,201803
139,675,201803
139,59,201803
139,1329,201803
139,143,201803
139,165,201803
139,0,201803
139,112,201803
139,17,201803
139,107,201803
139,2,201803
139,28,201803
139,92,201803
139,11,201803
139,124,201803
139,274,201803
139,4,201803
139,132,201803
139,64,201803
139,26,201803
139,13,201803
139,85,201803
139,83,201803
139,19,201803
139,341,201803
139,94,201803
139,60,201803
139,48,201803
139,117,201803
139,99,201803
139,1,201803
139,32,201803
139,81,201803
139,77,201803
139,10,201803
139,197,201803
139,769,201803
139,12,201803
139,18,201803
139,53,201803
139,16,201803
139,154,201803
139,27,201803
139,181,201803
139,31,201803
139,75,201803
139,316,201803
139,29,201803
139,208,201803
139,142,201803
139,136,201803
139,180,201803
139,102,201803
139,285,201803
139,52,201803
139,40,201803
139,14,201803
139,146,201803
139,119,201803
139,54,201803
139,25,201803
139,178,201803
139,6,201803
139,137,201803
139,135,201803
139,46,201803
140,76,201803
140,143,201803
140,160,201803
140,304,201803
140,64,201803
140,29,201803
140,97,201803
140,178,201803
140,341,201803
140,26,201803
140,46,201803
140,375,201803
140,19,201803
140,266,201803
141,46,201803
141,266,201803
141,97,201803
142,160,201803
142,120,201803
142,19,201803
142,143,201803
142,126,201803
142,180,201803
142,6,201803
142,77,201803
142,281,201803
142,39,201803
142,347,201803
142,40,201803
142,5,201803
142,12,201803
142,51,201803
142,2,201803
142,97,201803
142,112,201803
142,96,201803
142,28,201803
142,102,201803
142,38,201803
142,129,201803
142,92,201803
142,136,201803
142,0,201803
142,80,201803
142,64,201803
142,41,201803
142,29,201803
142,31,201803
142,24,201803
142,26,201803
142,17,201803
142,183,201803
142,178,201803
142,208,201803
142,100,201803
142,36,201803
142,274,201803
142,46,201803
142,59,201803
142,99,201803
142,32,201803
142,18,201803
142,35,201803
142,13,201803
142,139,201803
142,108,201803
142,48,201803
142,60,201803
142,1,201803
142,135,201803
142,10,201803
142,14,201803
143,39,201803
143,5,201803
143,490,201803
143,23,201803
143,96,201803
143,455,201803
143,110,201803
143,97,201803
143,85,201803
143,52,201803
143,247,201803
143,80,201803
143,30,201803
143,183,201803
143,13,201803
143,142,201803
143,133,201803
143,14,201803
143,15,201803
143,16,201803
143,46,201803
143,136,201803
143,137,201803
143,132,201803
143,32,201803
143,165,201803
143,6,201803
143,48,201803
143,61,201803
143,62,201803
143,76,201803
143,57,201803
143,89,201803
143,64,201803
143,25,201803
143,34,201803
143,157,201803
143,100,201803
143,59,201803
143,170,201803
143,10,201803
143,17,201803
143,115,201803
143,281,201803
143,118,201803
143,121,201803
143,124,201803
143,27,201803
143,60,201803
143,176,201803
143,160,201803
143,161,201803
143,501,201803
143,155,201803
143,35,201803
143,54,201803
143,18,201803
143,0,201803
143,9,201803
143,12,201803
143,29,201803
143,36,201803
143,51,201803
143,19,201803
143,1,201803
143,159,201803
143,40,201803
143,156,201803
143,83,201803
143,138,201803
143,120,201803
143,107,201803
143,139,201803
143,28,201803
143,2,201803
143,835,201803
143,104,201803
143,188,201803
143,112,201803
143,129,201803
143,11,201803
143,113,201803
143,154,201803
143,195,201803
143,126,201803
143,108,201803
143,72,201803
143,101,201803
143,95,201803
143,675,201803
143,890,201803
143,282,201803
143,77,201803
143,1411,201803
143,482,201803
143,453,201803
143,772,201803
143,99,201803
143,102,201803
143,931,201803
143,181,201803
143,347,201803
143,92,201803
143,21,201803
143,86,201803
143,180,201803
143,274,201803
143,4,201803
143,41,201803
143,26,201803
143,208,201803
143,346,201803
143,341,201803
143,78,201803
143,1227,201803
143,1250,201803
143,375,201803
143,266,201803
143,135,201803
144,28,201803
144,160,201803
144,29,201803
144,346,201803
144,97,201803
144,18,201803
145,375,201803
145,346,201803
145,274,201803
145,29,201803
145,18,201803
146,110,201803
146,137,201803
146,32,201803
146,165,201803
146,17,201803
146,29,201803
146,4,201803
146,15,201803
146,1,201803
146,117,201803
146,129,201803
146,97,201803
146,14,201803
146,46,201803
146,136,201803
146,6,201803
146,93,201803
146,25,201803
146,59,201803
146,60,201803
146,35,201803
146,18,201803
146,102,201803
146,204,201803
146,654,201803
146,108,201803
146,393,201803
146,160,201803
146,143,201803
146,79,201803
146,31,201803
146,23,201803
146,19,201803
146,72,201803
146,89,201803
146,13,201803
146,675,201803
146,76,201803
146,487,201803
146,58,201803
146,54,201803
146,138,201803
146,120,201803
146,2,201803
146,103,201803
146,20,201803
146,11,201803
146,154,201803
146,245,201803
146,241,201803
146,12,201803
146,453,201803
146,45,201803
146,48,201803
146,142,201803
146,16,201803
146,112,201803
146,80,201803
146,77,201803
146,52,201803
146,135,201803
146,40,201803
146,64,201803
146,10,201803
146,51,201803
146,27,201803
146,341,201803
146,178,201803
146,544,201803
146,26,201803
146,83,201803
146,0,201803
146,78,201803
146,1227,201803
146,100,201803
146,85,201803
146,355,201803
146,99,201803
146,139,201803
146,266,201803
146,1250,201803
146,375,201803
147,221,201803
147,30,201803
147,183,201803
147,330,201803
147,153,201803
147,160,201803
147,372,201803
147,136,201803
147,346,201803
147,1169,201803
147,11,201803
148,537,201803
148,136,201803
149,25,201803
149,115,201803
149,160,201803
149,22,201803
149,99,201803
149,83,201803
149,92,201803
149,135,201803
149,19,201803
149,85,201803
149,26,201803
149,17,201803
149,113,201803
149,81,201803
149,13,201803
149,1366,201803
149,2,201803
149,341,201803
149,0,201803
149,136,201803
149,137,201803
149,10,201803
149,1,201803
149,274,201803
150,23,201803
150,70,201803
150,160,201803
150,5,201803
150,4,201803
150,51,201803
150,17,201803
150,20,201803
150,1,201803
150,28,201803
150,136,201803
150,11,201803
150,10,201803
150,137,201803
151,327,201803
151,176,201803
151,393,201803
151,178,201803
152,0,201803
152,346,201803
152,29,201803
152,97,201803
152,137,201803
152,46,201803
152,25,201803
153,147,201803
153,54,201803
153,20,201803
153,85,201803
153,27,201803
153,28,201803
153,4,201803
153,136,201803
153,64,201803
153,17,201803
153,6,201803
153,29,201803
153,18,201803
153,25,201803
153,137,201803
153,97,201803
154,394,201803
154,522,201803
154,544,201803
154,296,201803
154,208,201803
154,138,201803
154,143,201803
154,104,201803
154,77,201803
154,160,201803
154,43,201803
154,52,201803
154,142,201803
154,86,201803
154,46,201803
154,76,201803
154,19,201803
154,12,201803
154,146,201803
154,135,201803
154,112,201803
154,10,201803
154,94,201803
154,149,201803
154,64,201803
154,102,201803
154,113,201803
154,115,201803
154,47,201803
154,100,201803
154,22,201803
154,69,201803
154,116,201803
154,180,201803
154,183,201803
154,124,201803
154,165,201803
154,38,201803
154,274,201803
154,81,201803
154,136,201803
154,336,201803
154,310,201803
154,129,201803
154,107,201803
154,177,201803
154,18,201803
154,40,201803
154,11,201803
154,21,201803
154,346,201803
154,101,201803
154,73,201803
154,29,201803
154,341,201803
154,96,201803
154,45,201803
154,23,201803
154,80,201803
154,6,201803
154,133,201803
154,251,201803
154,60,201803
154,99,201803
154,57,201803
154,503,201803
154,888,201803
154,1017,201803
154,1580,201803
154,36,201803
154,432,201803
154,1482,201803
154,275,201803
154,26,201803
154,4,201803
154,51,201803
154,108,201803
154,137,201803
154,25,201803
154,139,201803
154,28,201803
154,35,201803
154,5,201803
154,1366,201803
154,20,201803
154,32,201803
154,83,201803
154,34,201803
154,72,201803
154,54,201803
154,132,201803
154,9,201803
154,16,201803
154,85,201803
154,17,201803
154,2,201803
154,0,201803
154,31,201803
154,13,201803
154,27,201803
154,14,201803
154,1,201803
154,92,201803
154,97,201803
154,48,201803
155,19,201803
155,143,201803
155,114,201803
155,160,201803
155,289,201803
155,117,201803
155,129,201803
155,18,201803
155,154,201803
155,2,201803
155,5,201803
155,274,201803
155,0,201803
155,4,201803
155,81,201803
155,77,201803
155,32,201803
155,96,201803
155,45,201803
155,146,201803
155,38,201803
155,136,201803
155,1,201803
155,29,201803
155,31,201803
155,28,201803
155,178,201803
155,21,201803
155,46,201803
155,139,201803
155,83,201803
155,48,201803
155,99,201803
155,6,201803
155,26,201803
155,97,201803
155,108,201803
155,135,201803
155,60,201803
155,14,201803
156,455,201803
156,0,201803
156,143,201803
156,99,201803
156,102,201803
156,32,201803
156,54,201803
156,81,201803
156,19,201803
156,274,201803
156,5,201803
156,1,201803
156,26,201803
156,39,201803
156,10,201803
156,46,201803
156,135,201803
156,60,201803
156,108,201803
156,29,201803
156,92,201803
156,35,201803
156,137,201803
156,25,201803
156,31,201803
156,97,201803
157,1455,201803
157,160,201803
157,118,201803
157,143,201803
157,419,201803
157,453,201803
157,346,201803
157,960,201803
157,29,201803
157,99,201803
157,137,201803
157,46,201803
157,25,201803
157,97,201803
158,444,201803
158,97,201803
158,341,201803
158,46,201803
159,2,201803
159,138,201803
159,143,201803
159,32,201803
159,346,201803
159,341,201803
159,97,201803
159,29,201803
159,18,201803
159,266,201803
159,10,201803
159,375,201803
159,1227,201803
159,46,201803
159,1250,201803
159,137,201803
160,157,201803
160,175,201803
160,5,201803
160,339,201803
160,35,201803
160,138,201803
160,143,201803
160,79,201803
160,96,201803
160,180,201803
160,110,201803
160,97,201803
160,85,201803
160,52,201803
160,512,201803
160,80,201803
160,30,201803
160,269,201803
160,31,201803
160,183,201803
160,13,201803
160,194,201803
160,55,201803
160,142,201803
160,133,201803
160,14,201803
160,39,201803
160,224,201803
160,45,201803
160,15,201803
160,16,201803
160,46,201803
160,53,201803
160,147,201803
160,63,201803
160,146,201803
160,24,201803
160,136,201803
160,137,201803
160,132,201803
160,32,201803
160,165,201803
160,198,201803
160,6,201803
160,265,201803
160,48,201803
160,197,201803
160,61,201803
160,62,201803
160,69,201803
160,70,201803
160,181,201803
160,76,201803
160,57,201803
160,84,201803
160,89,201803
160,93,201803
160,58,201803
160,95,201803
160,64,201803
160,25,201803
160,34,201803
160,77,201803
160,100,201803
160,59,201803
160,10,201803
160,17,201803
160,115,201803
160,281,201803
160,118,201803
160,27,201803
160,60,201803
160,176,201803
160,155,201803
160,54,201803
160,216,201803
160,131,201803
160,18,201803
160,0,201803
160,9,201803
160,12,201803
160,23,201803
160,29,201803
160,38,201803
160,36,201803
160,51,201803
160,19,201803
160,1,201803
160,40,201803
160,102,201803
160,134,201803
160,83,201803
160,120,201803
160,107,201803
160,140,201803
160,117,201803
160,144,201803
160,139,201803
160,28,201803
160,2,201803
160,78,201803
160,4,201803
160,20,201803
160,104,201803
160,188,201803
160,112,201803
160,129,201803
160,11,201803
160,21,201803
160,113,201803
160,154,201803
160,195,201803
160,126,201803
160,41,201803
160,108,201803
160,72,201803
160,22,201803
160,101,201803
160,453,201803
160,92,201803
160,444,201803
160,47,201803
160,81,201803
160,26,201803
160,274,201803
160,354,201803
160,1455,201803
160,341,201803
160,885,201803
160,178,201803
160,375,201803
160,99,201803
160,266,201803
160,135,201803
161,165,201803
161,57,201803
161,175,201803
161,124,201803
161,143,201803
161,329,201803
161,530,201803
161,85,201803
161,341,201803
161,346,201803
161,115,201803
161,1227,201803
161,25,201803
161,137,201803
161,10,201803
163,136,201803
163,97,201803
163,29,201803
163,1227,201803
163,10,201803
163,375,201803
163,1250,201803
163,266,201803
163,18,201803
163,32,201803
163,137,201803
164,84,201803
164,34,201803
164,136,201803
164,4,201803
164,10,201803
164,51,201803
164,1227,201803
164,11,201803
164,18,201803
165,57,201803
165,143,201803
165,282,201803
165,146,201803
165,339,201803
165,5,201803
165,23,201803
165,32,201803
165,19,201803
165,354,201803
165,138,201803
165,1,201803
165,96,201803
165,10,201803
165,77,201803
165,160,201803
165,460,201803
165,39,201803
165,137,201803
165,80,201803
165,149,201803
165,16,201803
165,1366,201803
165,120,201803
165,197,201803
165,107,201803
165,113,201803
165,54,201803
165,4,201803
165,102,201803
165,124,201803
165,20,201803
165,393,201803
165,46,201803
165,108,201803
165,11,201803
165,136,201803
165,60,201803
165,154,201803
165,28,201803
165,51,201803
165,0,201803
165,99,201803
165,133,201803
165,12,201803
165,112,201803
165,21,201803
165,97,201803
165,31,201803
165,47,201803
165,48,201803
165,2,201803
165,14,201803
165,27,201803
165,135,201803
165,25,201803
165,1227,201803
165,29,201803
165,17,201803
165,85,201803
165,92,201803
165,274,201803
166,147,201803
166,136,201803
166,1169,201803
167,160,201803
167,393,201803
167,35,201803
167,165,201803
167,97,201803
168,87,201803
168,291,201803
168,203,201803
169,113,201803
169,11,201803
169,672,201803
169,515,201803
169,303,201803
169,17,201803
169,836,201803
169,13,201803
169,4,201803
169,29,201803
169,59,201803
169,25,201803
169,136,201803
169,18,201803
169,20,201803
169,6,201803
169,97,201803
169,137,201803
170,138,201803
170,281,201803
170,29,201803
170,143,201803
170,6,201803
170,341,201803
170,99,201803
170,18,201803
170,32,201803
171,54,201803
171,341,201803
171,29,201803
171,32,201803
171,18,201803
172,129,201803
172,173,201803
172,48,201803
172,97,201803
172,35,201803
173,129,201803
173,1129,201803
173,46,201803
173,172,201803
173,97,201803
173,35,201803
174,125,201803
174,1169,201803
174,137,201803
174,29,201803
175,92,201803
175,282,201803
175,2,201803
175,339,201803
175,346,201803
175,341,201803
175,29,201803
175,375,201803
175,46,201803
175,266,201803
175,1250,201803
176,81,201803
176,138,201803
176,143,201803
176,14,201803
176,6,201803
176,77,201803
176,387,201803
176,160,201803
176,27,201803
176,327,201803
176,35,201803
176,151,201803
176,26,201803
176,16,201803
176,40,201803
176,32,201803
176,18,201803
176,64,201803
176,393,201803
176,13,201803
176,29,201803
176,375,201803
176,1250,201803
176,266,201803
176,19,201803
176,46,201803
176,97,201803
177,69,201803
177,346,201803
177,51,201803
177,20,201803
177,10,201803
177,11,201803
177,1227,201803
177,4,201803
177,18,201803
177,136,201803
178,19,201803
178,35,201803
178,24,201803
178,101,201803
178,242,201803
178,46,201803
178,63,201803
178,287,201803
178,181,201803
178,140,201803
178,445,201803
178,57,201803
178,142,201803
178,134,201803
178,146,201803
178,45,201803
178,32,201803
178,56,201803
178,342,201803
178,83,201803
178,266,201803
178,13,201803
178,316,201803
178,76,201803
178,160,201803
178,120,201803
178,151,201803
178,16,201803
178,40,201803
178,320,201803
178,36,201803
178,108,201803
178,139,201803
178,60,201803
178,48,201803
180,52,201803
180,143,201803
180,126,201803
180,55,201803
180,142,201803
180,6,201803
180,160,201803
180,815,201803
180,766,201803
180,97,201803
180,5,201803
180,739,201803
180,83,201803
180,2,201803
180,45,201803
180,51,201803
180,129,201803
180,96,201803
180,146,201803
180,2014,201803
180,80,201803
180,81,201803
180,28,201803
180,100,201803
180,85,201803
180,27,201803
180,21,201803
180,16,201803
180,154,201803
180,0,201803
180,31,201803
180,56,201803
180,39,201803
180,40,201803
180,18,201803
180,17,201803
180,92,201803
180,360,201803
180,64,201803
180,889,201803
180,13,201803
180,10,201803
180,29,201803
180,32,201803
180,19,201803
180,46,201803
180,139,201803
180,48,201803
180,136,201803
180,60,201803
180,99,201803
180,135,201803
180,108,201803
180,14,201803
181,16,201803
181,546,201803
181,77,201803
181,160,201803
181,429,201803
181,270,201803
181,92,201803
181,5,201803
181,96,201803
181,107,201803
181,772,201803
181,100,201803
181,72,201803
181,38,201803
181,99,201803
181,85,201803
181,129,201803
181,97,201803
181,0,201803
181,48,201803
181,18,201803
181,143,201803
181,25,201803
181,29,201803
181,242,201803
181,28,201803
181,274,201803
181,27,201803
181,346,201803
181,60,201803
181,136,201803
181,32,201803
181,6,201803
181,26,201803
181,64,201803
181,1227,201803
181,10,201803
181,139,201803
181,19,201803
181,14,201803
181,108,201803
181,46,201803
181,375,201803
181,1250,201803
181,266,201803
181,137,201803
181,135,201803
182,176,201803
182,101,201803
182,29,201803
182,60,201803
182,32,201803
182,6,201803
182,97,201803
182,19,201803
182,46,201803
183,27,201803
183,28,201803
183,23,201803
183,143,201803
183,11,201803
183,154,201803
183,53,201803
183,147,201803
183,160,201803
183,5,201803
183,9,201803
183,77,201803
183,17,201803
183,22,201803
183,97,201803
183,181,201803
183,54,201803
183,142,201803
183,99,201803
183,19,201803
183,0,201803
183,92,201803
183,121,201803
183,20,201803
183,2,201803
183,85,201803
183,40,201803
183,112,201803
183,787,201803
183,72,201803
183,12,201803
183,274,201803
183,31,201803
183,107,201803
183,113,201803
183,18,201803
183,96,201803
183,46,201803
183,76,201803
183,81,201803
183,65,201803
183,69,201803
183,61,201803
183,133,201803
183,136,201803
183,317,201803
183,10,201803
183,1227,201803
183,29,201803
183,21,201803
183,25,201803
183,4,201803
183,1,201803
183,137,201803
183,51,201803
184,33,201803
184,215,201803
184,51,201803
184,346,201803
184,136,201803
184,11,201803
184,10,201803
184,4,201803
184,17,201803
184,1,201803
184,20,201803
185,656,201803
185,110,201803
185,186,201803
185,657,201803
185,993,201803
185,473,201803
185,1016,201803
185,997,201803
185,697,201803
185,937,201803
185,559,201803
185,698,201803
185,630,201803
185,947,201803
185,200,201803
185,922,201803
186,555,201803
186,558,201803
186,110,201803
186,947,201803
186,697,201803
186,657,201803
186,229,201803
186,1016,201803
186,560,201803
186,993,201803
186,630,201803
186,591,201803
186,698,201803
186,200,201803
186,561,201803
186,922,201803
186,185,201803
186,474,201803
186,556,201803
186,559,201803
186,473,201803
188,161,201803
188,124,201803
188,160,201803
188,143,201803
188,552,201803
188,115,201803
188,282,201803
188,97,201803
188,136,201803
188,10,201803
188,137,201803
188,46,201803
188,25,201803
189,133,201803
189,10,201803
189,23,201803
189,863,201803
189,213,201803
189,21,201803
189,1265,201803
189,89,201803
189,112,201803
189,51,201803
189,137,201803
189,1,201803
189,136,201803
189,4,201803
189,17,201803
189,20,201803
190,696,201803
190,110,201803
190,235,201803
190,201,201803
190,897,201803
190,474,201803
190,920,201803
190,1183,201803
191,110,201803
192,327,201803
192,66,201803
192,46,201803
192,39,201803
192,126,201803
192,64,201803
192,97,201803
192,26,201803
192,29,201803
192,19,201803
193,160,201803
193,29,201803
193,137,201803
194,108,201803
194,160,201803
194,6,201803
194,48,201803
194,60,201803
194,59,201803
195,19,201803
195,444,201803
195,143,201803
195,160,201803
195,181,201803
195,1250,201803
195,266,201803
195,375,201803
195,48,201803
195,32,201803
195,60,201803
196,471,201803
196,477,201803
196,472,201803
196,547,201803
196,110,201803
196,525,201803
196,476,201803
196,230,201803
196,596,201803
196,469,201803
196,273,201803
196,232,201803
196,565,201803
196,424,201803
196,597,201803
196,564,201803
196,255,201803
196,465,201803
196,236,201803
196,594,201803
196,627,201803
196,599,201803
196,484,201803
196,636,201803
196,256,201803
196,600,201803
196,527,201803
196,601,201803
196,660,201803
196,229,201803
196,603,201803
196,658,201803
196,506,201803
196,678,201803
196,351,201803
196,621,201803
196,352,201803
196,532,201803
196,526,201803
196,643,201803
196,640,201803
196,604,201803
196,670,201803
196,226,201803
196,886,201803
196,586,201803
196,574,201803
196,622,201803
196,624,201803
196,225,201803
196,489,201803
196,448,201803
196,378,201803
196,470,201803
196,475,201803
196,425,201803
196,551,201803
196,478,201803
196,367,201803
196,366,201803
196,364,201803
196,365,201803
196,667,201803
196,705,201803
196,504,201803
196,1035,201803
196,1028,201803
196,852,201803
196,402,201803
196,663,201803
196,1252,201803
196,578,201803
196,412,201803
196,681,201803
196,516,201803
196,363,201803
196,595,201803
196,479,201803
196,409,201803
196,1134,201803
196,400,201803
196,1277,201803
196,447,201803
196,377,201803
196,4,201803
197,545,201803
197,160,201803
197,92,201803
197,32,201803
197,46,201803
197,1,201803
197,97,201803
197,48,201803
197,80,201803
197,96,201803
197,154,201803
197,341,201803
197,346,201803
197,139,201803
197,60,201803
197,108,201803
197,29,201803
197,1250,201803
197,18,201803
197,266,201803
197,375,201803
197,135,201803
198,165,201803
198,60,201803
198,32,201803
198,29,201803
198,266,201803
198,46,201803
198,97,201803
198,137,201803
200,937,201803
200,186,201803
200,657,201803
200,698,201803
200,185,201803
201,110,201803
201,190,201803
201,559,201803
201,474,201803
203,291,201803
203,87,201803
203,168,201803
204,115,201803
204,1,201803
204,137,201803
205,40,201803
205,48,201803
205,52,201803
205,18,201803
205,66,201803
205,64,201803
205,29,201803
205,32,201803
205,19,201803
206,117,201803
206,375,201803
206,266,201803
206,32,201803
207,45,201803
207,1044,201803
208,297,201803
208,313,201803
208,349,201803
208,1417,201803
208,158,201803
208,41,201803
208,444,201803
208,32,201803
208,106,201803
208,135,201803
208,739,201803
208,1918,201803
208,1373,201803
208,1413,201803
208,283,201803
208,1589,201803
208,294,201803
208,140,201803
208,125,201803
208,282,201803
208,1088,201803
208,13,201803
208,1476,201803
208,860,201803
208,55,201803
208,1921,201803
208,95,201803
208,419,201803
208,1383,201803
208,1886,201803
208,1954,201803
208,35,201803
208,1434,201803
208,2,201803
208,303,201803
208,154,201803
208,108,201803
208,97,201803
208,143,201803
208,40,201803
208,86,201803
208,64,201803
208,29,201803
208,15,201803
208,94,201803
208,99,201803
208,139,201803
208,46,201803
208,48,201803
208,60,201803
208,36,201803
209,1,201803
210,941,201803
210,998,201803
211,23,201803
211,906,201803
211,863,201803
211,113,201803
211,20,201803
211,136,201803
211,1,201803
212,89,201803
212,2235,201803
212,1758,201803
213,135,201803
213,189,201803
213,159,201803
213,444,201803
213,17,201803
213,268,201803
213,40,201803
213,48,201803
213,4,201803
213,59,201803
213,25,201803
213,222,201803
213,136,201803
213,1,201803
213,29,201803
213,18,201803
213,20,201803
213,11,201803
213,51,201803
213,137,201803
214,931,201803
214,33,201803
214,51,201803
214,247,201803
214,143,201803
214,4,201803
214,17,201803
214,136,201803
214,1,201803
214,11,201803
214,20,201803
215,51,201803
215,214,201803
216,137,201803
216,25,201803
216,97,201803
217,97,201803
217,250,201803
217,375,201803
217,46,201803
217,59,201803
217,60,201803
220,740,201803
220,115,201803
220,346,201803
220,137,201803
221,502,201803
221,147,201803
221,1169,201803
221,136,201803
222,247,201803
222,4,201803
222,748,201803
222,346,201803
222,1169,201803
222,8,201803
222,28,201803
222,51,201803
222,7,201803
222,5,201803
222,17,201803
222,1227,201803
222,213,201803
222,10,201803
223,69,201803
223,84,201803
223,136,201803
223,29,201803
223,51,201803
223,10,201803
223,18,201803
223,11,201803
223,4,201803
224,160,201803
224,346,201803
224,99,201803
224,32,201803
224,29,201803
224,375,201803
224,6,201803
224,266,201803
224,137,201803
224,97,201803
224,46,201803
225,110,201803
225,484,201803
225,196,201803
225,470,201803
225,472,201803
225,475,201803
225,471,201803
225,590,201803
225,378,201803
226,590,201803
226,573,201803
226,604,201803
226,586,201803
226,196,201803
226,351,201803
226,230,201803
226,572,201803
226,589,201803
226,231,201803
226,660,201803
226,554,201803
226,606,201803
226,574,201803
226,110,201803
226,229,201803
226,594,201803
226,607,201803
226,527,201803
226,679,201803
226,587,201803
226,596,201803
227,11,201803
227,268,201803
227,5,201803
227,29,201803
227,20,201803
227,136,201803
228,11,201803
228,227,201803
229,824,201803
229,669,201803
229,110,201803
229,232,201803
229,351,201803
229,186,201803
229,226,201803
229,663,201803
230,596,201803
230,634,201803
230,635,201803
230,594,201803
230,636,201803
230,600,201803
230,638,201803
230,640,201803
230,641,201803
230,110,201803
230,232,201803
230,465,201803
230,256,201803
230,527,201803
230,231,201803
230,575,201803
230,186,201803
230,229,201803
230,639,201803
230,253,201803
230,642,201803
231,232,201803
231,575,201803
231,643,201803
231,236,201803
231,196,201803
231,351,201803
231,110,201803
231,424,201803
231,639,201803
231,886,201803
231,465,201803
231,644,201803
231,527,201803
231,576,201803
231,605,201803
231,319,201803
231,603,201803
232,256,201803
232,658,201803
232,670,201803
232,260,201803
232,624,201803
232,252,201803
232,273,201803
232,597,201803
232,255,201803
232,591,201803
232,599,201803
232,253,201803
232,601,201803
232,602,201803
232,263,201803
232,257,201803
232,239,201803
232,603,201803
232,661,201803
232,659,201803
232,664,201803
232,258,201803
232,700,201803
232,644,201803
232,254,201803
232,605,201803
232,259,201803
232,110,201803
232,645,201803
232,525,201803
232,186,201803
232,236,201803
232,196,201803
232,225,201803
232,587,201803
232,590,201803
232,554,201803
232,586,201803
232,622,201803
232,596,201803
232,634,201803
232,635,201803
232,465,201803
232,594,201803
232,636,201803
232,527,201803
232,638,201803
232,640,201803
232,641,201803
232,642,201803
232,576,201803
232,351,201803
232,352,201803
232,600,201803
232,598,201803
232,319,201803
232,230,201803
232,231,201803
232,571,201803
232,639,201803
232,643,201803
232,575,201803
233,18,201803
233,1169,201803
233,346,201803
233,29,201803
234,265,201803
234,1169,201803
234,346,201803
234,18,201803
234,1227,201803
234,266,201803
234,10,201803
235,191,201803
235,110,201803
235,190,201803
235,1381,201803
235,1056,201803
235,867,201803
235,1382,201803
236,525,201803
236,232,201803
236,424,201803
236,190,201803
236,186,201803
236,465,201803
236,196,201803
236,591,201803
236,627,201803
236,601,201803
236,623,201803
236,263,201803
236,351,201803
236,664,201803
236,352,201803
236,639,201803
236,886,201803
236,110,201803
236,474,201803
236,425,201803
237,6,201803
237,97,201803
237,1250,201803
237,375,201803
237,266,201803
237,29,201803
237,48,201803
237,46,201803
238,86,201803
238,1169,201803
238,11,201803
239,232,201803
242,1227,201803
242,69,201803
242,346,201803
242,178,201803
242,18,201803
242,32,201803
242,29,201803
243,89,201803
243,7,201803
243,90,201803
243,97,201803
243,5,201803
243,28,201803
243,112,201803
243,137,201803
243,51,201803
243,8,201803
243,136,201803
243,17,201803
243,4,201803
243,1,201803
243,20,201803
244,346,201803
244,137,201803
247,222,201803
247,748,201803
247,17,201803
247,69,201803
247,501,201803
247,23,201803
247,51,201803
247,138,201803
247,143,201803
247,108,201803
247,4,201803
247,265,201803
247,1395,201803
247,1278,201803
247,500,201803
247,81,201803
247,214,201803
247,165,201803
247,747,201803
248,11,201803
250,35,201803
250,336,201803
250,129,201803
250,28,201803
250,46,201803
250,137,201803
250,97,201803
251,298,201803
251,154,201803
251,29,201803
252,258,201803
252,659,201803
252,254,201803
252,232,201803
252,253,201803
253,232,201803
253,254,201803
253,252,201803
253,659,201803
254,232,201803
254,253,201803
254,659,201803
254,252,201803
255,260,201803
255,591,201803
255,232,201803
255,257,201803
256,263,201803
256,260,201803
256,670,201803
256,232,201803
257,255,201803
257,591,201803
257,232,201803
257,659,201803
258,232,201803
259,258,201803
259,232,201803
260,597,201803
260,255,201803
260,263,201803
260,256,201803
260,659,201803
260,232,201803
261,5,201803
261,10,201803
261,1,201803
261,20,201803
261,28,201803
261,17,201803
262,165,201803
262,1227,201803
262,73,201803
262,13,201803
263,259,201803
263,260,201803
263,232,201803
263,256,201803
265,233,201803
265,43,201803
265,122,201803
265,426,201803
265,762,201803
265,132,201803
265,62,201803
265,738,201803
265,27,201803
265,160,201803
265,123,201803
265,29,201803
265,783,201803
265,18,201803
265,53,201803
265,346,201803
265,1169,201803
265,97,201803
265,266,201803
265,136,201803
265,10,201803
265,137,201803
265,1227,201803
266,35,201803
266,769,201803
266,1471,201803
266,77,201803
266,27,201803
266,730,201803
266,346,201803
266,46,201803
266,178,201803
266,25,201803
266,137,201803
266,40,201803
266,15,201803
266,341,201803
266,38,201803
266,889,201803
266,9,201803
266,0,201803
266,195,201803
266,888,201803
266,12,201803
266,544,201803
266,117,201803
266,129,201803
266,83,201803
266,159,201803
266,120,201803
266,85,201803
266,2,201803
266,234,201803
266,61,201803
266,722,201803
266,54,201803
266,265,201803
266,76,201803
266,1020,201803
266,198,201803
266,122,201803
266,24,201803
266,124,201803
266,163,201803
266,141,201803
266,224,201803
266,72,201803
266,16,201803
266,160,201803
266,710,201803
266,140,201803
266,269,201803
266,57,201803
266,62,201803
266,143,201803
266,1430,201803
266,104,201803
266,43,201803
266,95,201803
266,294,201803
266,66,201803
266,175,201803
266,197,201803
266,434,201803
266,138,201803
266,237,201803
266,281,201803
266,206,201803
266,176,201803
266,132,201803
266,114,201803
266,65,201803
266,815,201803
266,181,201803
266,146,201803
266,101,201803
266,79,201803
267,346,201803
267,137,201803
267,29,201803
267,1250,201803
268,11,201803
268,86,201803
268,29,201803
268,51,201803
268,20,201803
268,136,201803
268,17,201803
268,4,201803
269,62,201803
269,160,201803
269,131,201803
269,18,201803
269,137,201803
269,97,201803
269,266,201803
269,375,201803
269,29,201803
270,181,201803
270,32,201803
270,29,201803
271,29,201803
273,232,201803
274,73,201803
274,1227,201803
274,136,201803
274,35,201803
274,325,201803
274,154,201803
274,672,201803
274,85,201803
274,92,201803
274,2,201803
274,24,201803
274,129,201803
274,102,201803
274,444,201803
274,931,201803
274,96,201803
274,36,201803
274,1386,201803
274,57,201803
274,64,201803
274,142,201803
274,180,201803
274,52,201803
274,17,201803
274,1677,201803
274,34,201803
274,119,201803
274,155,201803
274,143,201803
274,146,201803
274,46,201803
274,160,201803
274,181,201803
274,108,201803
274,18,201803
274,134,201803
274,120,201803
274,40,201803
274,60,201803
274,1,201803
274,115,201803
274,69,201803
274,29,201803
274,38,201803
274,22,201803
274,183,201803
274,16,201803
274,6,201803
274,156,201803
274,99,201803
274,4,201803
274,45,201803
274,107,201803
274,93,201803
274,100,201803
274,54,201803
274,112,201803
274,28,201803
274,51,201803
274,47,201803
274,113,201803
274,133,201803
274,1366,201803
274,19,201803
274,23,201803
274,12,201803
274,11,201803
274,83,201803
274,13,201803
274,32,201803
274,81,201803
274,77,201803
274,21,201803
274,80,201803
274,26,201803
274,5,201803
274,20,201803
274,124,201803
274,48,201803
274,116,201803
274,72,201803
274,9,201803
274,149,201803
274,165,201803
274,97,201803
274,31,201803
274,14,201803
274,27,201803
274,10,201803
274,0,201803
274,135,201803
275,282,201803
275,154,201803
276,422,201803
276,814,201803
276,54,201803
276,18,201803
276,29,201803
276,32,201803
277,1445,201803
277,739,201803
277,86,201803
277,19,201803
278,813,201803
278,76,201803
278,178,201803
278,97,201803
278,19,201803
278,26,201803
278,46,201803
281,29,201803
281,138,201803
281,143,201803
281,6,201803
281,77,201803
281,160,201803
281,374,201803
281,1391,201803
281,0,201803
281,85,201803
281,78,201803
281,48,201803
281,266,201803
281,1250,201803
281,375,201803
282,52,201803
282,327,201803
282,81,201803
282,82,201803
282,32,201803
282,165,201803
282,57,201803
282,58,201803
282,339,201803
282,160,201803
282,19,201803
282,143,201803
282,188,201803
282,195,201803
282,27,201803
282,5,201803
282,107,201803
282,445,201803
282,835,201803
282,208,201803
282,15,201803
282,131,201803
282,334,201803
282,333,201803
282,34,201803
282,17,201803
282,2,201803
283,77,201803
283,208,201803
283,13,201803
284,129,201803
285,106,201803
285,347,201803
285,809,201803
285,1472,201803
285,1413,201803
285,19,201803
285,14,201803
285,36,201803
285,1440,201803
285,83,201803
285,1250,201803
285,46,201803
285,35,201803
285,97,201803
285,108,201803
285,139,201803
285,60,201803
287,178,201803
287,97,201803
287,46,201803
289,114,201803
289,134,201803
289,13,201803
290,110,201803
290,808,201803
291,203,201803
291,87,201803
291,168,201803
292,346,201803
292,29,201803
293,815,201803
293,1918,201803
293,1954,201803
294,208,201803
294,393,201803
294,12,201803
294,266,201803
294,1250,201803
295,51,201803
296,29,201803
296,154,201803
296,135,201803
296,31,201803
297,208,201803
297,313,201803
297,349,201803
297,102,201803
297,6,201803
297,444,201803
297,1130,201803
297,1674,201803
297,13,201803
298,251,201803
298,432,201803
298,18,201803
298,29,201803
299,96,201803
299,130,201803
299,777,201803
300,4,201803
301,4,201803
303,169,201803
303,515,201803
303,137,201803
303,17,201803
303,672,201803
303,213,201803
303,994,201803
303,819,201803
303,463,201803
303,5,201803
303,931,201803
303,133,201803
303,1385,201803
303,36,201803
303,500,201803
303,208,201803
303,444,201803
303,135,201803
303,18,201803
303,1,201803
303,97,201803
303,11,201803
303,20,201803
303,25,201803
303,29,201803
303,136,201803
304,140,201803
305,110,201803
305,4,201803
305,633,201803
305,109,201803
306,110,201803
306,109,201803
306,4,201803
306,128,201803
306,427,201803
307,25,201803
307,136,201803
307,137,201803
309,97,201803
309,137,201803
310,401,201803
310,285,201803
310,336,201803
310,314,201803
310,46,201803
311,69,201803
311,50,201803
311,4,201803
313,297,201803
313,208,201803
313,349,201803
313,444,201803
313,13,201803
314,1411,201803
314,310,201803
314,137,201803
314,112,201803
314,31,201803
314,29,201803
314,136,201803
316,178,201803
316,108,201803
316,139,201803
316,320,201803
316,48,201803
316,60,201803
317,69,201803
317,49,201803
317,346,201803
317,183,201803
317,11,201803
317,4,201803
318,137,201803
318,31,201803
319,575,201803
319,231,201803
319,576,201803
319,465,201803
319,232,201803
319,644,201803
319,527,201803
319,599,201803
319,226,201803
320,39,201803
320,60,201803
320,178,201803
320,341,201803
320,99,201803
320,81,201803
320,40,201803
320,19,201803
320,16,201803
320,434,201803
320,52,201803
320,32,201803
320,6,201803
320,14,201803
320,13,201803
320,29,201803
320,316,201803
320,48,201803
320,26,201803
320,97,201803
320,46,201803
322,32,201803
322,77,201803
322,40,201803
322,35,201803
323,89,201803
323,778,201803
323,8,201803
323,7,201803
323,770,201803
325,303,201803
325,135,201803
325,28,201803
325,1385,201803
325,672,201803
325,836,201803
325,444,201803
326,137,201803
327,57,201803
327,354,201803
327,530,201803
327,282,201803
327,393,201803
327,142,201803
327,165,201803
327,6,201803
327,384,201803
327,25,201803
327,100,201803
327,35,201803
327,2,201803
327,137,201803
329,453,201803
330,147,201803
330,11,201803
330,136,201803
332,32,201803
333,85,201803
333,35,201803
333,510,201803
333,136,201803
333,282,201803
333,65,201803
333,115,201803
333,137,201803
334,282,201803
334,48,201803
334,60,201803
335,137,201803
335,25,201803
336,401,201803
336,133,201803
336,35,201803
336,25,201803
336,1411,201803
336,24,201803
336,64,201803
336,250,201803
336,154,201803
336,137,201803
336,135,201803
336,9,201803
336,132,201803
336,69,201803
336,46,201803
336,17,201803
338,739,201803
338,54,201803
338,6,201803
338,32,201803
338,19,201803
339,513,201803
339,198,201803
339,262,201803
339,65,201803
339,160,201803
339,138,201803
339,544,201803
339,282,201803
339,165,201803
339,16,201803
339,453,201803
339,5,201803
339,143,201803
339,80,201803
339,24,201803
339,62,201803
339,57,201803
339,27,201803
339,175,201803
339,354,201803
339,137,201803
339,2,201803
339,133,201803
339,93,201803
339,434,201803
339,170,201803
339,51,201803
339,380,201803
339,327,201803
339,146,201803
339,393,201803
339,10,201803
339,25,201803
340,137,201803
341,224,201803
341,46,201803
341,81,201803
341,59,201803
341,57,201803
341,140,201803
341,149,201803
341,39,201803
341,19,201803
341,48,201803
341,99,201803
341,161,201803
341,83,201803
341,139,201803
341,146,201803
341,160,201803
341,78,201803
341,14,201803
341,82,201803
341,137,201803
341,76,201803
341,38,201803
341,85,201803
341,197,201803
341,62,201803
341,100,201803
341,54,201803
341,159,201803
341,171,201803
341,170,201803
341,124,201803
341,320,201803
341,9,201803
341,143,201803
341,106,201803
341,36,201803
341,158,201803
341,135,201803
341,2,201803
341,92,201803
341,60,201803
341,94,201803
341,154,201803
341,97,201803
341,32,201803
341,375,201803
341,266,201803
341,25,201803
342,97,201803
342,278,201803
342,178,201803
342,64,201803
342,46,201803
344,333,201803
344,1169,201803
344,137,201803
345,376,201803
345,136,201803
345,17,201803
346,1,201803
346,123,201803
346,30,201803
346,132,201803
346,1190,201803
346,9,201803
346,147,201803
346,84,201803
346,145,201803
346,544,201803
346,104,201803
346,184,201803
346,407,201803
346,165,201803
346,124,201803
346,157,201803
346,85,201803
346,131,201803
346,15,201803
346,115,201803
346,50,201803
346,92,201803
346,61,201803
346,34,201803
346,98,201803
346,220,201803
346,149,201803
346,177,201803
346,27,201803
346,112,201803
346,244,201803
346,159,201803
346,154,201803
346,152,201803
346,31,201803
346,97,201803
346,32,201803
346,181,201803
346,77,201803
346,161,201803
346,54,201803
346,143,201803
346,224,201803
346,16,201803
346,728,201803
346,242,201803
346,80,201803
346,62,201803
346,135,201803
346,12,201803
346,388,201803
346,101,201803
346,266,201803
346,265,201803
346,39,201803
346,33,201803
346,116,201803
346,69,201803
346,93,201803
346,138,201803
346,234,201803
346,317,201803
346,420,201803
346,4,201803
346,44,201803
346,197,201803
346,413,201803
346,51,201803
346,426,201803
346,423,201803
346,410,201803
346,144,201803
346,408,201803
346,292,201803
346,122,201803
346,81,201803
346,267,201803
346,47,201803
346,137,201803
346,74,201803
346,222,201803
346,18,201803
347,36,201803
347,1215,201803
347,19,201803
347,142,201803
347,40,201803
348,23,201803
349,208,201803
349,313,201803
349,102,201803
349,1674,201803
349,297,201803
349,13,201803
351,572,201803
351,465,201803
351,587,201803
351,589,201803
351,660,201803
351,352,201803
351,679,201803
351,554,201803
351,607,201803
351,606,201803
351,574,201803
351,110,201803
351,196,201803
351,590,201803
351,575,201803
351,260,201803
351,232,201803
351,186,201803
351,760,201803
351,647,201803
351,586,201803
351,573,201803
351,527,201803
351,564,201803
351,604,201803
351,226,201803
352,625,201803
352,565,201803
352,564,201803
352,484,201803
352,623,201803
352,678,201803
352,621,201803
352,532,201803
352,626,201803
352,579,201803
352,622,201803
352,110,201803
352,645,201803
352,351,201803
352,478,201803
352,236,201803
352,196,201803
352,658,201803
352,476,201803
352,477,201803
352,525,201803
352,232,201803
352,424,201803
352,693,201803
352,465,201803
352,694,201803
354,339,201803
354,135,201803
354,64,201803
354,11,201803
354,6,201803
354,60,201803
355,99,201803
355,710,201803
355,146,201803
355,25,201803
355,137,201803
355,46,201803
355,97,201803
357,1075,201803
357,1129,201803
358,68,201803
358,136,201803
359,183,201803
359,136,201803
360,14,201803
360,180,201803
361,1,201803
361,136,201803
362,347,201803
362,19,201803
362,29,201803
362,32,201803
363,196,201803
363,366,201803
364,551,201803
364,366,201803
364,196,201803
365,400,201803
365,196,201803
366,402,201803
366,196,201803
366,409,201803
366,551,201803
366,363,201803
366,364,201803
367,196,201803
367,479,201803
369,14,201803
369,40,201803
370,1472,201803
370,60,201803
371,1144,201803
371,29,201803
371,26,201803
371,46,201803
371,25,201803
371,20,201803
371,17,201803
371,136,201803
371,6,201803
371,137,201803
371,1,201803
371,97,201803
372,147,201803
372,1169,201803
372,136,201803
373,40,201803
373,14,201803
374,703,201803
374,46,201803
375,266,201803
375,97,201803
375,77,201803
375,341,201803
375,102,201803
375,0,201803
375,1227,201803
375,889,201803
375,38,201803
375,140,201803
375,54,201803
375,83,201803
375,85,201803
375,57,201803
375,224,201803
375,61,201803
375,12,201803
375,76,201803
375,195,201803
375,163,201803
375,160,201803
375,43,201803
375,27,201803
375,120,201803
375,16,201803
375,269,201803
375,24,201803
375,95,201803
375,176,201803
375,65,201803
375,104,201803
375,175,201803
375,815,201803
375,206,201803
375,159,201803
375,138,201803
375,143,201803
375,1430,201803
375,132,201803
375,79,201803
375,434,201803
375,15,201803
375,710,201803
375,66,201803
375,197,201803
375,40,201803
375,237,201803
375,101,201803
375,62,201803
375,126,201803
375,114,201803
375,281,201803
375,181,201803
375,146,201803
376,133,201803
376,345,201803
376,941,201803
376,208,201803
376,17,201803
376,1,201803
376,136,201803
377,196,201803
377,378,201803
377,412,201803
378,377,201803
378,475,201803
378,196,201803
378,412,201803
378,225,201803
379,28,201803
379,29,201803
380,135,201803
380,1676,201803
380,35,201803
383,667,201803
384,27,201803
384,393,201803
385,27,201803
385,2,201803
386,143,201803
386,17,201803
386,1227,201803
387,176,201803
387,19,201803
388,346,201803
388,137,201803
390,137,201803
393,52,201803
393,739,201803
393,39,201803
393,76,201803
393,60,201803
393,138,201803
393,154,201803
393,126,201803
393,530,201803
393,72,201803
393,102,201803
393,327,201803
393,137,201803
393,167,201803
393,384,201803
393,1227,201803
393,12,201803
393,176,201803
393,25,201803
393,6,201803
393,18,201803
393,97,201803
393,35,201803
393,542,201803
393,165,201803
394,522,201803
394,29,201803
395,10,201803
398,142,201803
398,517,201803
398,341,201803
398,14,201803
400,196,201803
401,336,201803
401,165,201803
401,310,201803
401,453,201803
402,196,201803
407,265,201803
407,61,201803
407,346,201803
407,18,201803
408,346,201803
408,1250,201803
408,1227,201803
409,366,201803
409,196,201803
410,346,201803
410,18,201803
412,377,201803
412,196,201803
412,378,201803
412,489,201803
413,354,201803
413,346,201803
413,18,201803
415,61,201803
415,111,201803
415,416,201803
415,136,201803
416,136,201803
416,415,201803
419,48,201803
419,29,201803
419,282,201803
419,1363,201803
419,36,201803
419,40,201803
419,444,201803
419,108,201803
419,453,201803
419,1130,201803
419,208,201803
420,346,201803
420,29,201803
422,6,201803
422,440,201803
422,54,201803
422,52,201803
422,29,201803
423,426,201803
423,18,201803
423,40,201803
423,346,201803
424,448,201803
424,478,201803
424,484,201803
424,623,201803
424,532,201803
424,579,201803
424,622,201803
424,110,201803
424,425,201803
424,232,201803
424,506,201803
424,477,201803
424,196,201803
424,476,201803
424,469,201803
424,352,201803
425,424,201803
425,448,201803
425,236,201803
425,627,201803
425,484,201803
425,886,201803
425,476,201803
425,110,201803
425,469,201803
425,196,201803
425,477,201803
425,1134,201803
425,478,201803
425,506,201803
426,423,201803
426,18,201803
426,265,201803
426,346,201803
427,110,201803
427,109,201803
427,306,201803
427,128,201803
427,633,201803
427,4,201803
427,127,201803
427,613,201803
429,181,201803
429,545,201803
429,32,201803
430,54,201803
430,18,201803
432,298,201803
432,18,201803
432,154,201803
434,320,201803
434,375,201803
434,266,201803
434,48,201803
434,1250,201803
435,160,201803
435,282,201803
435,97,201803
436,132,201803
436,265,201803
436,160,201803
436,18,201803
439,1040,201803
440,54,201803
440,32,201803
443,346,201803
443,29,201803
444,303,201803
444,739,201803
444,81,201803
444,99,201803
444,6,201803
444,208,201803
444,26,201803
444,500,201803
444,195,201803
444,1771,201803
444,1861,201803
444,896,201803
444,135,201803
444,1131,201803
444,146,201803
444,274,201803
444,875,201803
444,32,201803
444,809,201803
444,17,201803
444,9,201803
444,83,201803
444,160,201803
444,296,201803
444,48,201803
444,419,201803
444,36,201803
444,20,201803
444,1363,201803
444,14,201803
444,112,201803
444,354,201803
444,169,201803
444,836,201803
444,86,201803
444,11,201803
444,900,201803
444,92,201803
444,7,201803
444,133,201803
444,35,201803
444,325,201803
444,13,201803
444,40,201803
444,1144,201803
445,72,201803
445,287,201803
445,46,201803
446,960,201803
446,89,201803
447,196,201803
448,424,201803
448,479,201803
448,196,201803
449,14,201803
449,40,201803
452,97,201803
453,77,201803
453,160,201803
453,31,201803
453,45,201803
453,1399,201803
453,65,201803
453,18,201803
453,40,201803
453,1445,201803
453,274,201803
453,398,201803
453,135,201803
453,401,201803
453,157,201803
455,0,201803
455,156,201803
455,143,201803
455,97,201803
457,1227,201803
458,46,201803
463,208,201803
463,35,201803
463,19,201803
463,36,201803
463,836,201803
465,319,201803
465,527,201803
465,576,201803
465,110,201803
465,196,201803
465,644,201803
465,605,201803
465,231,201803
465,575,201803
465,232,201803
465,603,201803
469,476,201803
469,424,201803
470,590,201803
470,225,201803
470,471,201803
470,196,201803
471,472,201803
471,470,201803
471,225,201803
471,196,201803
472,196,201803
472,225,201803
472,377,201803
473,559,201803
473,556,201803
473,186,201803
474,651,201803
474,185,201803
474,110,201803
474,665,201803
474,650,201803
474,630,201803
474,997,201803
474,186,201803
474,559,201803
474,201,201803
475,196,201803
475,378,201803
475,225,201803
476,469,201803
476,424,201803
477,424,201803
477,532,201803
478,110,201803
478,424,201803
478,425,201803
478,196,201803
479,367,201803
479,1277,201803
479,448,201803
479,196,201803
479,110,201803
480,502,201803
480,136,201803
482,208,201803
482,41,201803
483,85,201803
483,740,201803
483,137,201803
484,621,201803
484,626,201803
484,694,201803
484,352,201803
485,135,201803
485,780,201803
485,1131,201803
485,36,201803
486,739,201803
486,1130,201803
486,129,201803
487,28,201803
489,447,201803
489,412,201803
489,196,201803
490,96,201803
490,10,201803
490,1169,201803
490,136,201803
492,96,201803
492,136,201803
493,28,201803
493,395,201803
493,17,201803
495,40,201803
495,137,201803
495,25,201803
500,64,201803
500,444,201803
500,31,201803
501,39,201803
501,5,201803
501,23,201803
501,138,201803
501,107,201803
501,143,201803
501,11,201803
502,728,201803
502,12,201803
502,1169,201803
502,136,201803
503,97,201803
503,154,201803
504,196,201803
506,110,201803
506,424,201803
506,425,201803
509,29,201803
510,310,201803
510,336,201803
510,393,201803
510,333,201803
510,731,201803
510,126,201803
510,1144,201803
510,81,201803
510,97,201803
512,25,201803
512,160,201803
512,101,201803
513,165,201803
515,303,201803
515,11,201803
516,196,201803
517,120,201803
519,65,201803
519,124,201803
519,0,201803
519,23,201803
519,143,201803
519,36,201803
521,137,201803
522,394,201803
522,29,201803
523,14,201803
523,40,201803
525,110,201803
525,4,201803
525,185,201803
525,236,201803
525,196,201803
525,627,201803
525,961,201803
525,847,201803
525,1089,201803
525,962,201803
525,1087,201803
525,1030,201803
526,196,201803
526,110,201803
527,232,201803
527,575,201803
527,643,201803
527,576,201803
527,319,201803
527,465,201803
527,586,201803
527,231,201803
527,226,201803
527,604,201803
527,639,201803
527,351,201803
527,599,201803
527,644,201803
530,393,201803
530,892,201803
530,40,201803
532,352,201803
532,477,201803
532,110,201803
532,623,201803
532,424,201803
534,34,201803
534,2,201803
534,490,201803
537,157,201803
537,148,201803
537,136,201803
540,871,201803
540,29,201803
540,137,201803
542,1411,201803
542,1144,201803
542,115,201803
542,32,201803
543,31,201803
544,85,201803
544,25,201803
544,136,201803
544,29,201803
544,346,201803
544,154,201803
544,6,201803
544,59,201803
544,32,201803
544,60,201803
544,146,201803
544,26,201803
544,18,201803
544,99,201803
544,266,201803
544,10,201803
544,20,201803
544,17,201803
544,97,201803
544,46,201803
544,137,201803
545,197,201803
545,32,201803
546,181,201803
546,32,201803
546,18,201803
547,504,201803
547,196,201803
548,10,201803
548,11,201803
549,40,201803
549,94,201803
549,14,201803
551,196,201803
551,366,201803
551,364,201803
552,282,201803
552,85,201803
552,133,201803
552,740,201803
552,136,201803
552,165,201803
552,93,201803
552,25,201803
552,34,201803
552,17,201803
552,115,201803
552,339,201803
552,149,201803
552,27,201803
552,160,201803
552,5,201803
552,29,201803
552,51,201803
552,204,201803
552,2,201803
552,4,201803
552,188,201803
552,11,201803
552,108,201803
552,72,201803
554,110,201803
554,351,201803
554,587,201803
555,186,201803
556,186,201803
556,559,201803
556,473,201803
558,186,201803
558,1019,201803
558,474,201803
559,556,201803
559,473,201803
559,110,201803
559,186,201803
559,474,201803
560,110,201803
560,561,201803
560,186,201803
561,186,201803
562,563,201803
563,567,201803
563,614,201803
563,611,201803
563,569,201803
563,618,201803
563,562,201803
563,616,201803
563,674,201803
563,610,201803
563,734,201803
563,617,201803
563,568,201803
563,570,201803
563,612,201803
563,566,201803
563,616,201803
564,694,201803
564,565,201803
564,351,201803
564,352,201803
565,564,201803
565,579,201803
565,484,201803
565,622,201803
565,694,201803
565,352,201803
566,563,201803
567,563,201803
567,570,201803
568,563,201803
569,563,201803
570,563,201803
571,232,201803
572,589,201803
572,574,201803
572,590,201803
572,573,201803
572,226,201803
572,351,201803
573,658,201803
573,586,201803
573,572,201803
573,590,201803
573,226,201803
573,351,201803
574,351,201803
574,589,201803
574,590,201803
574,226,201803
575,644,201803
575,576,201803
575,319,201803
575,232,201803
575,643,201803
575,527,201803
575,599,201803
575,465,201803
575,603,201803
575,231,201803
576,527,201803
576,319,201803
576,232,201803
576,231,201803
576,465,201803
578,196,201803
579,352,201803
579,621,201803
579,678,201803
579,626,201803
579,694,201803
579,625,201803
582,850,201803
584,850,201803
585,850,201803
586,110,201803
586,226,201803
586,351,201803
586,527,201803
587,110,201803
587,554,201803
587,351,201803
588,34,201803
588,137,201803
589,351,201803
589,573,201803
589,226,201803
589,572,201803
589,574,201803
590,226,201803
590,572,201803
590,589,201803
590,574,201803
590,573,201803
590,225,201803
590,586,201803
590,351,201803
591,232,201803
591,700,201803
591,255,201803
591,186,201803
591,257,201803
592,593,201803
592,109,201803
592,127,201803
593,109,201803
593,127,201803
593,592,201803
594,110,201803
594,232,201803
594,226,201803
594,636,201803
594,640,201803
594,230,201803
596,230,201803
596,110,201803
596,636,201803
596,225,201803
596,196,201803
596,226,201803
597,273,201803
597,232,201803
597,601,201803
597,664,201803
598,232,201803
599,232,201803
599,231,201803
599,644,201803
599,605,201803
599,110,201803
599,319,201803
599,527,201803
599,532,201803
600,110,201803
600,636,201803
600,254,201803
600,232,201803
600,230,201803
601,232,201803
601,597,201803
602,259,201803
602,659,201803
602,273,201803
602,232,201803
603,639,201803
603,575,201803
603,643,201803
603,231,201803
603,232,201803
604,351,201803
604,110,201803
604,226,201803
604,527,201803
604,573,201803
604,574,201803
605,232,201803
605,599,201803
605,319,201803
605,644,201803
605,527,201803
605,231,201803
606,351,201803
606,679,201803
606,607,201803
606,660,201803
606,352,201803
607,351,201803
607,660,201803
610,563,201803
611,563,201803
612,614,201803
612,563,201803
613,593,201803
613,110,201803
613,729,201803
613,427,201803
613,109,201803
613,127,201803
614,563,201803
616,427,201803
616,563,201803
617,563,201803
618,563,201803
621,352,201803
621,678,201803
621,694,201803
621,484,201803
621,625,201803
622,352,201803
622,623,201803
622,694,201803
623,352,201803
623,622,201803
623,694,201803
623,532,201803
624,658,201803
624,232,201803
624,670,201803
624,664,201803
625,565,201803
625,694,201803
625,579,201803
625,678,201803
625,621,201803
625,626,201803
625,352,201803
626,352,201803
626,625,201803
626,621,201803
626,579,201803
626,484,201803
626,694,201803
626,678,201803
627,525,201803
627,424,201803
627,236,201803
627,196,201803
627,231,201803
627,263,201803
627,352,201803
627,643,201803
627,425,201803
627,604,201803
627,886,201803
627,624,201803
627,110,201803
627,646,201803
627,648,201803
627,649,201803
628,127,201803
628,629,201803
628,109,201803
629,628,201803
629,109,201803
630,650,201803
630,186,201803
630,665,201803
630,997,201803
630,559,201803
630,474,201803
630,110,201803
633,110,201803
633,109,201803
633,4,201803
633,127,201803
633,305,201803
634,230,201803
634,110,201803
634,600,201803
634,635,201803
635,230,201803
635,232,201803
635,575,201803
635,254,201803
636,230,201803
636,110,201803
636,196,201803
636,594,201803
636,232,201803
636,640,201803
638,230,201803
639,230,201803
639,232,201803
639,527,201803
639,603,201803
639,231,201803
640,110,201803
640,596,201803
640,594,201803
640,636,201803
640,196,201803
640,226,201803
640,230,201803
641,230,201803
641,232,201803
641,635,201803
642,232,201803
642,230,201803
643,231,201803
643,575,201803
643,639,201803
643,232,201803
643,603,201803
644,599,201803
644,527,201803
644,575,201803
644,232,201803
644,605,201803
644,231,201803
644,576,201803
644,319,201803
646,649,201803
646,648,201803
646,627,201803
647,841,201803
647,1002,201803
647,719,201803
647,765,201803
648,649,201803
648,646,201803
648,627,201803
649,646,201803
649,648,201803
649,627,201803
650,474,201803
650,630,201803
650,236,201803
651,474,201803
654,146,201803
656,185,201803
656,186,201803
657,185,201803
657,186,201803
657,697,201803
657,200,201803
657,937,201803
658,232,201803
658,239,201803
658,664,201803
658,601,201803
658,624,201803
659,232,201803
659,273,201803
659,257,201803
659,664,201803
659,254,201803
659,260,201803
659,252,201803
659,253,201803
660,351,201803
660,352,201803
660,606,201803
660,679,201803
660,574,201803
661,232,201803
661,664,201803
662,45,201803
662,25,201803
663,196,201803
663,229,201803
664,232,201803
664,661,201803
664,658,201803
664,239,201803
664,624,201803
664,597,201803
665,630,201803
665,185,201803
665,474,201803
665,110,201803
667,857,201803
667,196,201803
667,110,201803
667,383,201803
669,229,201803
670,232,201803
670,624,201803
670,597,201803
670,256,201803
671,137,201803
672,485,201803
672,0,201803
672,169,201803
672,303,201803
672,325,201803
676,677,201803
676,109,201803
677,109,201803
677,676,201803
678,352,201803
678,694,201803
678,625,201803
678,579,201803
678,626,201803
679,351,201803
679,110,201803
679,352,201803
679,607,201803
679,606,201803
679,226,201803
681,547,201803
681,196,201803
684,110,201803
693,352,201803
694,110,201803
694,352,201803
694,623,201803
694,565,201803
694,621,201803
694,564,201803
694,626,201803
694,579,201803
694,484,201803
694,622,201803
696,190,201803
696,920,201803
697,185,201803
697,186,201803
697,937,201803
698,947,201803
698,186,201803
698,200,201803
698,185,201803
700,591,201803
700,232,201803
701,127,201803
703,95,201803
703,374,201803
703,46,201803
710,1227,201803
710,10,201803
710,100,201803
710,48,201803
710,266,201803
710,355,201803
710,1250,201803
710,375,201803
716,850,201803
719,647,201803
722,61,201803
722,85,201803
722,64,201803
722,9,201803
722,27,201803
722,13,201803
722,28,201803
722,29,201803
722,266,201803
723,109,201803
724,109,201803
726,850,201803
728,122,201803
728,12,201803
728,371,201803
728,346,201803
728,1169,201803
728,10,201803
728,1227,201803
728,137,201803
729,127,201803
729,109,201803
730,1373,201803
730,266,201803
730,46,201803
731,510,201803
731,137,201803
734,563,201803
736,761,201803
736,21,201803
738,265,201803
738,123,201803
738,136,201803
738,18,201803
739,81,201803
739,83,201803
739,338,201803
739,208,201803
739,20,201803
739,444,201803
739,1772,201803
739,133,201803
739,48,201803
739,40,201803
739,995,201803
739,135,201803
739,892,201803
739,51,201803
739,92,201803
739,126,201803
739,60,201803
739,19,201803
739,722,201803
739,160,201803
739,262,201803
740,85,201803
740,483,201803
741,795,201803
741,295,201803
741,20,201803
744,46,201803
746,285,201803
747,222,201803
747,748,201803
747,247,201803
748,247,201803
748,222,201803
748,747,201803
749,348,201803
752,46,201803
752,97,201803
752,29,201803
752,137,201803
753,84,201803
753,30,201803
754,30,201803
755,21,201803
756,25,201803
757,137,201803
758,266,201803
760,351,201803
761,21,201803
761,755,201803
761,20,201803
762,265,201803
762,738,201803
762,136,201803
764,5,201803
764,17,201803
765,647,201803
766,13,201803
768,769,201803
768,48,201803
769,48,201803
769,266,201803
769,80,201803
769,108,201803
769,139,201803
769,2270,201803
769,29,201803
769,60,201803
769,99,201803
769,6,201803
769,97,201803
769,46,201803
769,35,201803
770,89,201803
770,323,201803
770,7,201803
770,778,201803
770,1408,201803
772,444,201803
772,40,201803
772,181,201803
772,6,201803
776,783,201803
776,30,201803
777,96,201803
777,299,201803
777,133,201803
778,89,201803
778,770,201803
778,8,201803
780,36,201803
781,548,201803
781,10,201803
781,931,201803
781,17,201803
781,1,201803
781,136,201803
781,11,201803
782,77,201803
782,135,201803
782,46,201803
782,1088,201803
782,1130,201803
783,738,201803
783,776,201803
783,30,201803
784,1,201803
786,898,201803
786,917,201803
786,1468,201803
786,1225,201803
787,183,201803
795,33,201803
795,184,201803
795,51,201803
797,46,201803
799,14,201803
799,19,201803
799,46,201803
801,137,201803
801,96,201803
806,49,201803
808,110,201803
808,290,201803
809,1472,201803
809,444,201803
813,76,201803
813,46,201803
813,97,201803
814,54,201803
814,32,201803
814,18,201803
815,180,201803
815,154,201803
815,74,201803
815,13,201803
815,1250,201803
815,375,201803
815,48,201803
815,266,201803
817,5,201803
819,133,201803
819,4,201803
819,20,201803
819,1,201803
819,113,201803
819,28,201803
819,51,201803
819,17,201803
824,229,201803
828,7,201803
830,110,201803
832,21,201803
834,136,201803
835,133,201803
835,143,201803
836,303,201803
836,77,201803
836,135,201803
836,463,201803
836,169,201803
836,419,201803
839,850,201803
840,109,201803
841,647,201803
841,110,201803
842,51,201803
843,4,201803
847,525,201803
850,582,201803
850,726,201803
850,851,201803
850,716,201803
850,1428,201803
850,584,201803
850,683,201803
850,923,201803
850,1239,201803
850,585,201803
850,839,201803
851,850,201803
857,667,201803
860,208,201803
860,83,201803
860,19,201803
860,97,201803
860,46,201803
862,502,201803
862,12,201803
863,23,201803
863,10,201803
864,109,201803
866,21,201803
866,20,201803
867,235,201803
869,2,201803
871,540,201803
871,29,201803
871,137,201803
874,931,201803
875,6,201803
875,1472,201803
885,160,201803
885,137,201803
886,232,201803
886,236,201803
886,196,201803
886,627,201803
886,1785,201803
886,110,201803
888,154,201803
888,266,201803
889,180,201803
889,266,201803
889,375,201803
890,143,201803
892,393,201803
892,31,201803
892,739,201803
892,274,201803
892,530,201803
896,13,201803
897,190,201803
898,786,201803
899,19,201803
900,1130,201803
900,336,201803
906,23,201803
906,4,201803
906,136,201803
906,20,201803
906,17,201803
906,1,201803
908,909,201803
908,136,201803
909,908,201803
909,136,201803
913,109,201803
914,495,201803
917,786,201803
920,190,201803
922,186,201803
922,185,201803
923,850,201803
931,1335,201803
931,274,201803
931,135,201803
931,107,201803
931,11,201803
931,28,201803
931,112,201803
931,1,201803
931,325,201803
931,1131,201803
931,89,201803
931,1363,201803
931,444,201803
931,781,201803
931,20,201803
931,984,201803
931,1384,201803
931,10,201803
931,515,201803
935,31,201803
935,97,201803
937,186,201803
937,697,201803
937,185,201803
937,657,201803
941,931,201803
941,136,201803
941,210,201803
941,998,201803
941,1,201803
947,185,201803
948,127,201803
949,40,201803
950,1,201803
950,137,201803
950,136,201803
955,906,201803
960,165,201803
960,262,201803
960,163,201803
961,1089,201803
961,525,201803
962,1089,201803
962,525,201803
966,11,201803
966,133,201803
966,17,201803
966,1227,201803
968,136,201803
978,27,201803
979,1424,201803
981,982,201803
981,136,201803
982,981,201803
982,136,201803
993,186,201803
994,4,201803
994,303,201803
995,739,201803
995,13,201803
996,13,201803
997,185,201803
997,474,201803
998,1345,201803
998,1024,201803
998,941,201803
998,210,201803
998,1368,201803
1002,647,201803
1014,282,201803
1015,11,201803
1015,136,201803
1016,185,201803
1016,186,201803
1017,154,201803
1020,40,201803
1020,14,201803
1020,266,201803
1022,40,201803
1024,10,201803
1028,196,201803
1030,525,201803
1044,45,201803
1044,207,201803
1046,1276,201803
1050,282,201803
1052,336,201803
1052,17,201803
1052,97,201803
1056,235,201803
1060,1468,201803
1060,786,201803
1065,1254,201803
1065,46,201803
1070,4,201803
1075,1129,201803
1075,1404,201803
1075,129,201803
1075,357,201803
1086,40,201803
1087,525,201803
1088,19,201803
1088,208,201803
1088,782,201803
1089,525,201803
1090,30,201803
1099,165,201803
1099,1321,201803
1103,7,201803
1118,13,201803
1129,357,201803
1129,1404,201803
1129,1075,201803
1129,173,201803
1129,129,201803
1130,739,201803
1130,71,201803
1130,160,201803
1130,444,201803
1130,1674,201803
1130,297,201803
1130,13,201803
1130,782,201803
1131,444,201803
1131,17,201803
1131,485,201803
1131,931,201803
1131,34,201803
1134,1468,201803
1134,425,201803
1134,196,201803
1134,110,201803
1144,35,201803
1144,64,201803
1144,112,201803
1144,81,201803
1144,542,201803
1144,83,201803
1144,85,201803
1144,17,201803
1144,722,201803
1144,510,201803
1150,563,201803
1151,1422,201803
1151,1424,201803
1169,1227,201803
1169,105,201803
1169,30,201803
1169,534,201803
1169,372,201803
1169,86,201803
1169,221,201803
1169,136,201803
1169,238,201803
1169,166,201803
1169,131,201803
1169,47,201803
1169,69,201803
1169,123,201803
1169,233,201803
1169,234,201803
1169,111,201803
1169,70,201803
1169,344,201803
1169,174,201803
1169,333,201803
1169,85,201803
1169,265,201803
1169,9,201803
1169,728,201803
1169,502,201803
1169,122,201803
1169,34,201803
1169,147,201803
1169,84,201803
1169,93,201803
1169,125,201803
1169,4,201803
1169,222,201803
1170,28,201803
1174,36,201803
1180,135,201803
1183,190,201803
1190,346,201803
1190,188,201803
1190,137,201803
1196,842,201803
1205,18,201803
1205,29,201803
1209,38,201803
1215,48,201803
1215,120,201803
1215,40,201803
1215,39,201803
1225,786,201803
1227,393,201803
1227,81,201803
1227,32,201803
1227,6,201803
1227,69,201803
1227,76,201803
1227,17,201803
1227,35,201803
1227,66,201803
1227,11,201803
1227,19,201803
1227,327,201803
1227,25,201803
1227,96,201803
1227,2,201803
1227,542,201803
1227,51,201803
1227,457,201803
1227,247,201803
1227,10,201803
1227,5,201803
1227,165,201803
1227,167,201803
1227,143,201803
1227,77,201803
1227,103,201803
1227,183,201803
1227,54,201803
1227,386,201803
1227,27,201803
1227,710,201803
1227,163,201803
1227,375,201803
1227,728,201803
1227,234,201803
1227,62,201803
1227,12,201803
1227,43,201803
1227,86,201803
1227,164,201803
1227,33,201803
1227,104,201803
1227,105,201803
1227,177,201803
1227,34,201803
1227,146,201803
1227,84,201803
1227,111,201803
1227,181,201803
1227,408,201803
1227,30,201803
1227,159,201803
1227,222,201803
1227,138,201803
1227,123,201803
1227,132,201803
1227,122,201803
1227,15,201803
1227,265,201803
1227,61,201803
1227,966,201803
1236,1,201803
1236,77,201803
1236,35,201803
1236,40,201803
1239,525,201803
1239,850,201803
1250,36,201803
1250,94,201803
1250,195,201803
1250,12,201803
1250,27,201803
1250,163,201803
1250,54,201803
1250,102,201803
1250,117,201803
1250,408,201803
1250,285,201803
1250,83,201803
1250,1430,201803
1250,815,201803
1250,24,201803
1250,237,201803
1250,16,201803
1250,79,201803
1250,143,201803
1250,197,201803
1250,710,201803
1250,176,201803
1250,101,201803
1250,267,201803
1250,294,201803
1250,40,201803
1250,175,201803
1250,132,201803
1250,281,201803
1250,15,201803
1250,65,201803
1250,66,201803
1250,159,201803
1250,138,201803
1250,62,201803
1250,181,201803
1250,434,201803
1250,77,201803
1250,146,201803
1254,1065,201803
1254,46,201803
1259,1286,201803
1265,189,201803
1269,1,201803
1269,96,201803
1276,1046,201803
1276,97,201803
1277,479,201803
1277,196,201803
1278,133,201803
1284,83,201803
1286,1259,201803
1291,137,201803
1313,135,201803
1317,5,201803
1321,282,201803
1329,114,201803
1331,176,201803
1335,133,201803
1335,739,201803
1335,11,201803
1335,1385,201803
1337,285,201803
1337,1351,201803
1341,931,201803
1345,1368,201803
1345,1024,201803
1345,998,201803
1351,1337,201803
1355,1,201803
1361,35,201803
1362,367,201803
1363,325,201803
1363,1130,201803
1366,99,201803
1366,48,201803
1366,4,201803
1366,0,201803
1366,51,201803
1366,28,201803
1366,1,201803
1366,83,201803
1366,16,201803
1366,102,201803
1366,72,201803
1366,134,201803
1366,17,201803
1366,26,201803
1366,96,201803
1366,32,201803
1366,135,201803
1366,136,201803
1366,14,201803
1366,25,201803
1366,92,201803
1366,154,201803
1366,274,201803
1366,31,201803
1366,97,201803
1368,1345,201803
1368,998,201803
1373,285,201803
1373,208,201803
1373,13,201803
1373,730,201803
1382,235,201803
1383,208,201803
1384,1445,201803
1385,10,201803
1385,35,201803
1385,325,201803
1385,1335,201803
1391,1418,201803
1391,139,201803
1395,247,201803
1399,892,201803
1402,77,201803
1402,347,201803
1402,274,201803
1404,1129,201803
1404,1075,201803
1408,8,201803
1408,89,201803
1408,770,201803
1411,27,201803
1411,98,201803
1411,336,201803
1411,81,201803
1411,47,201803
1411,143,201803
1413,809,201803
1413,444,201803
1413,1363,201803
1417,208,201803
1417,13,201803
1418,29,201803
1422,1423,201803
1422,1424,201803
1422,1151,201803
1423,1424,201803
1424,1467,201803
1424,1151,201803
1424,1422,201803
1430,0,201803
1430,1250,201803
1430,375,201803
1430,266,201803
1430,48,201803
1433,10,201803
1433,133,201803
1434,1455,201803
1440,139,201803
1444,78,201803
1445,31,201803
1445,59,201803
1445,453,201803
1445,36,201803
1445,277,201803
1445,1384,201803
1445,1434,201803
1445,86,201803
1445,10,201803
1455,157,201803
1455,1445,201803
1455,160,201803
1467,1424,201803
1468,786,201803
1468,1060,201803
1468,425,201803
1468,886,201803
1468,1362,201803
1471,106,201803
1471,266,201803
1472,942,201803
1472,285,201803
1472,370,201803
1472,1413,201803
1472,809,201803
1475,247,201803
1476,208,201803
1477,92,201803
1482,154,201803
1553,77,201803
1580,154,201803
1589,208,201803
1649,133,201803
1649,28,201803
1649,20,201803
1649,17,201803
1663,444,201803
1674,1130,201803
1674,349,201803
1674,297,201803
1676,444,201803
1677,1477,201803
1677,274,201803
1677,92,201803
1699,64,201803
1758,212,201803
1772,739,201803
1785,886,201803
1815,1904,201803
1886,208,201803
1904,1815,201803
1918,293,201803
1921,208,201803
1954,293,201803
1954,208,201803
2014,180,201803
2235,212,201803
2270,769,201803
