i,j,t
0,146,201908
0,81,201908
0,139,201908
0,48,201908
0,80,201908
0,281,201908
0,160,201908
0,159,201908
0,143,201908
0,154,201908
0,100,201908
0,121,201908
0,107,201908
0,14,201908
0,69,201908
0,12,201908
0,137,201908
0,165,201908
0,46,201908
0,38,201908
0,51,201908
0,102,201908
0,45,201908
0,16,201908
0,23,201908
0,11,201908
0,133,201908
0,155,201908
0,13,201908
0,115,201908
0,93,201908
0,113,201908
0,180,201908
0,149,201908
0,26,201908
0,60,201908
0,25,201908
0,136,201908
0,5,201908
0,19,201908
0,54,201908
0,47,201908
0,72,201908
0,134,201908
0,29,201908
0,510,201908
0,57,201908
0,4,201908
0,9,201908
0,35,201908
0,6,201908
0,18,201908
0,752,201908
0,112,201908
0,96,201908
0,40,201908
0,83,201908
0,32,201908
0,77,201908
0,1430,201908
0,21,201908
0,2,201908
0,85,201908
0,17,201908
0,64,201908
0,20,201908
0,28,201908
0,1,201908
0,97,201908
0,27,201908
0,108,201908
0,10,201908
0,99,201908
0,59,201908
0,31,201908
0,135,201908
0,274,201908
0,92,201908
1,21,201908
1,17,201908
1,107,201908
1,36,201908
1,28,201908
1,209,201908
1,784,201908
1,1236,201908
1,146,201908
1,136,201908
1,18,201908
1,103,201908
1,108,201908
1,137,201908
1,23,201908
1,19,201908
1,138,201908
1,2,201908
1,143,201908
1,79,201908
1,133,201908
1,77,201908
1,160,201908
1,5,201908
1,81,201908
1,444,201908
1,129,201908
1,115,201908
1,121,201908
1,180,201908
1,119,201908
1,72,201908
1,100,201908
1,45,201908
1,13,201908
1,116,201908
1,1488,201908
1,102,201908
1,70,201908
1,135,201908
1,35,201908
1,0,201908
1,20,201908
1,52,201908
1,99,201908
1,131,201908
1,1269,201908
1,142,201908
1,75,201908
1,38,201908
1,361,201908
1,26,201908
1,48,201908
1,303,201908
1,1355,201908
1,941,201908
1,950,201908
1,132,201908
1,189,201908
1,371,201908
1,169,201908
1,149,201908
1,204,201908
1,25,201908
1,211,201908
1,214,201908
1,819,201908
1,61,201908
1,33,201908
1,184,201908
1,9,201908
1,11,201908
1,22,201908
1,51,201908
1,207,201908
1,150,201908
1,124,201908
1,96,201908
1,110,201908
1,64,201908
1,34,201908
1,130,201908
1,40,201908
1,12,201908
1,29,201908
1,14,201908
1,213,201908
1,83,201908
1,16,201908
1,183,201908
1,59,201908
1,53,201908
1,8,201908
1,32,201908
1,69,201908
1,6,201908
1,243,201908
1,60,201908
1,37,201908
1,97,201908
1,27,201908
1,89,201908
1,54,201908
1,261,201908
1,7,201908
1,906,201908
1,154,201908
1,165,201908
1,31,201908
1,85,201908
1,92,201908
1,4,201908
1,112,201908
1,10,201908
1,113,201908
1,274,201908
1,46,201908
2,25,201908
2,17,201908
2,146,201908
2,137,201908
2,1193,201908
2,380,201908
2,339,201908
2,143,201908
2,552,201908
2,385,201908
2,93,201908
2,160,201908
2,80,201908
2,121,201908
2,69,201908
2,401,201908
2,20,201908
2,46,201908
2,9,201908
2,485,201908
2,18,201908
2,149,201908
2,120,201908
2,100,201908
2,4,201908
2,107,201908
2,155,201908
2,133,201908
2,40,201908
2,57,201908
2,27,201908
2,136,201908
2,19,201908
2,142,201908
2,34,201908
2,115,201908
2,72,201908
2,29,201908
2,81,201908
2,23,201908
2,31,201908
2,113,201908
2,21,201908
2,26,201908
2,129,201908
2,77,201908
2,96,201908
2,38,201908
2,124,201908
2,112,201908
2,11,201908
2,51,201908
2,54,201908
2,83,201908
2,12,201908
2,341,201908
2,64,201908
2,52,201908
2,346,201908
2,99,201908
2,13,201908
2,266,201908
2,0,201908
2,5,201908
2,10,201908
2,32,201908
2,28,201908
2,97,201908
2,6,201908
2,60,201908
2,53,201908
2,35,201908
2,48,201908
2,59,201908
2,108,201908
2,165,201908
2,14,201908
2,154,201908
2,135,201908
2,1,201908
2,92,201908
2,274,201908
3,69,201908
4,146,201908
4,51,201908
4,85,201908
4,142,201908
4,46,201908
4,33,201908
4,77,201908
4,9,201908
4,108,201908
4,453,201908
4,222,201908
4,843,201908
4,748,201908
4,1070,201908
4,247,201908
4,110,201908
4,52,201908
4,137,201908
4,17,201908
4,23,201908
4,109,201908
4,427,201908
4,306,201908
4,127,201908
4,128,201908
4,160,201908
4,5,201908
4,40,201908
4,139,201908
4,18,201908
4,102,201908
4,129,201908
4,183,201908
4,11,201908
4,165,201908
4,22,201908
4,38,201908
4,83,201908
4,60,201908
4,184,201908
4,20,201908
4,121,201908
4,48,201908
4,1,201908
4,32,201908
4,13,201908
4,28,201908
4,2,201908
4,161,201908
4,0,201908
4,181,201908
4,213,201908
4,131,201908
4,195,201908
4,180,201908
4,72,201908
4,12,201908
4,136,201908
4,133,201908
4,305,201908
4,16,201908
4,819,201908
4,169,201908
4,86,201908
4,150,201908
4,97,201908
4,113,201908
4,592,201908
4,10,201908
4,54,201908
4,92,201908
4,31,201908
4,274,201908
4,633,201908
4,21,201908
4,88,201908
4,27,201908
4,906,201908
4,268,201908
4,69,201908
4,34,201908
4,112,201908
4,84,201908
4,45,201908
4,81,201908
4,189,201908
4,30,201908
4,243,201908
4,154,201908
4,64,201908
4,300,201908
4,107,201908
4,29,201908
4,14,201908
4,214,201908
4,35,201908
4,25,201908
4,50,201908
4,8,201908
4,311,201908
4,7,201908
4,223,201908
4,301,201908
4,177,201908
4,164,201908
4,196,201908
4,96,201908
4,89,201908
4,59,201908
4,99,201908
4,19,201908
4,135,201908
4,6,201908
5,35,201908
5,537,201908
5,155,201908
5,39,201908
5,137,201908
5,501,201908
5,23,201908
5,19,201908
5,138,201908
5,107,201908
5,143,201908
5,552,201908
5,110,201908
5,136,201908
5,6,201908
5,150,201908
5,1314,201908
5,89,201908
5,77,201908
5,10,201908
5,17,201908
5,160,201908
5,261,201908
5,29,201908
5,51,201908
5,1,201908
5,40,201908
5,28,201908
5,4,201908
5,11,201908
5,817,201908
5,100,201908
5,303,201908
5,124,201908
5,149,201908
5,1488,201908
5,9,201908
5,115,201908
5,139,201908
5,133,201908
5,113,201908
5,181,201908
5,1335,201908
5,72,201908
5,60,201908
5,93,201908
5,22,201908
5,45,201908
5,142,201908
5,146,201908
5,34,201908
5,32,201908
5,108,201908
5,184,201908
5,46,201908
5,165,201908
5,12,201908
5,132,201908
5,13,201908
5,274,201908
5,1144,201908
5,1386,201908
5,207,201908
5,26,201908
5,25,201908
5,189,201908
5,54,201908
5,83,201908
5,18,201908
5,2,201908
5,736,201908
5,99,201908
5,223,201908
5,105,201908
5,164,201908
5,1227,201908
5,33,201908
5,243,201908
5,27,201908
5,85,201908
5,97,201908
5,0,201908
5,8,201908
5,222,201908
5,154,201908
5,81,201908
5,7,201908
5,59,201908
5,31,201908
5,14,201908
5,183,201908
5,121,201908
5,69,201908
5,92,201908
5,96,201908
5,135,201908
6,20,201908
6,192,201908
6,176,201908
6,146,201908
6,53,201908
6,99,201908
6,341,201908
6,181,201908
6,9,201908
6,38,201908
6,101,201908
6,64,201908
6,29,201908
6,60,201908
6,35,201908
6,1193,201908
6,529,201908
6,137,201908
6,23,201908
6,19,201908
6,138,201908
6,143,201908
6,180,201908
6,97,201908
6,52,201908
6,13,201908
6,14,201908
6,48,201908
6,76,201908
6,77,201908
6,17,201908
6,160,201908
6,5,201908
6,51,201908
6,40,201908
6,102,201908
6,4,201908
6,126,201908
6,855,201908
6,145,201908
6,21,201908
6,27,201908
6,0,201908
6,1366,201908
6,100,201908
6,156,201908
6,28,201908
6,96,201908
6,18,201908
6,237,201908
6,92,201908
6,544,201908
6,25,201908
6,83,201908
6,136,201908
6,16,201908
6,334,201908
6,131,201908
6,117,201908
6,165,201908
6,24,201908
6,274,201908
6,78,201908
6,57,201908
6,120,201908
6,172,201908
6,114,201908
6,32,201908
6,10,201908
6,772,201908
6,134,201908
6,31,201908
6,744,201908
6,54,201908
6,59,201908
6,75,201908
6,111,201908
6,320,201908
6,66,201908
6,142,201908
6,270,201908
6,154,201908
6,55,201908
6,289,201908
6,85,201908
6,355,201908
6,45,201908
6,769,201908
6,2,201908
6,94,201908
6,81,201908
6,112,201908
6,86,201908
6,297,201908
6,1,201908
6,139,201908
6,11,201908
6,12,201908
6,110,201908
6,194,201908
6,46,201908
6,89,201908
6,36,201908
6,108,201908
6,113,201908
6,129,201908
6,135,201908
7,89,201908
7,90,201908
7,8,201908
7,243,201908
7,18,201908
7,10,201908
7,21,201908
7,931,201908
7,112,201908
7,5,201908
7,20,201908
7,28,201908
7,17,201908
7,51,201908
7,4,201908
7,29,201908
7,1,201908
7,136,201908
7,137,201908
8,89,201908
8,243,201908
8,7,201908
8,17,201908
8,90,201908
8,23,201908
8,21,201908
8,169,201908
8,261,201908
8,20,201908
8,28,201908
8,112,201908
8,5,201908
8,137,201908
8,1,201908
8,136,201908
8,4,201908
9,137,201908
9,34,201908
9,23,201908
9,143,201908
9,72,201908
9,160,201908
9,181,201908
9,93,201908
9,26,201908
9,121,201908
9,112,201908
9,22,201908
9,165,201908
9,17,201908
9,27,201908
9,85,201908
9,48,201908
9,77,201908
9,149,201908
9,155,201908
9,5,201908
9,142,201908
9,69,201908
9,1366,201908
9,52,201908
9,40,201908
9,20,201908
9,29,201908
9,13,201908
9,21,201908
9,107,201908
9,0,201908
9,6,201908
9,184,201908
9,97,201908
9,2,201908
9,341,201908
9,113,201908
9,346,201908
9,32,201908
9,60,201908
9,108,201908
9,51,201908
9,28,201908
9,266,201908
9,136,201908
9,31,201908
9,25,201908
9,10,201908
9,19,201908
9,355,201908
9,1,201908
9,99,201908
9,64,201908
9,4,201908
9,135,201908
9,14,201908
9,46,201908
9,18,201908
9,11,201908
9,154,201908
9,274,201908
9,92,201908
10,96,201908
10,52,201908
10,183,201908
10,13,201908
10,142,201908
10,76,201908
10,1,201908
10,28,201908
10,71,201908
10,143,201908
10,548,201908
10,77,201908
10,160,201908
10,107,201908
10,33,201908
10,134,201908
10,247,201908
10,29,201908
10,64,201908
10,1335,201908
10,35,201908
10,102,201908
10,180,201908
10,45,201908
10,26,201908
10,119,201908
10,931,201908
10,7,201908
10,155,201908
10,120,201908
10,6,201908
10,1488,201908
10,139,201908
10,46,201908
10,18,201908
10,14,201908
10,93,201908
10,146,201908
10,19,201908
10,136,201908
10,17,201908
10,83,201908
10,100,201908
10,80,201908
10,113,201908
10,99,201908
10,20,201908
10,4,201908
10,941,201908
10,710,201908
10,12,201908
10,189,201908
10,70,201908
10,86,201908
10,32,201908
10,57,201908
10,261,201908
10,2,201908
10,43,201908
10,728,201908
10,223,201908
10,16,201908
10,234,201908
10,84,201908
10,164,201908
10,72,201908
10,9,201908
10,265,201908
10,34,201908
10,30,201908
10,15,201908
10,66,201908
10,177,201908
10,122,201908
10,188,201908
10,163,201908
10,138,201908
10,104,201908
10,339,201908
10,105,201908
10,38,201908
10,101,201908
10,111,201908
10,165,201908
10,544,201908
10,184,201908
10,1227,201908
10,123,201908
10,110,201908
10,112,201908
10,159,201908
10,131,201908
10,54,201908
10,61,201908
10,69,201908
10,11,201908
10,132,201908
10,25,201908
10,863,201908
10,181,201908
10,85,201908
10,31,201908
10,137,201908
10,116,201908
10,51,201908
10,115,201908
10,89,201908
10,5,201908
10,60,201908
10,149,201908
10,124,201908
10,21,201908
10,48,201908
10,207,201908
10,27,201908
10,81,201908
10,108,201908
10,59,201908
10,0,201908
10,40,201908
10,97,201908
10,161,201908
10,103,201908
10,53,201908
10,154,201908
10,133,201908
10,150,201908
10,222,201908
10,22,201908
10,121,201908
10,23,201908
10,274,201908
10,92,201908
10,135,201908
11,20,201908
11,97,201908
11,55,201908
11,146,201908
11,136,201908
11,105,201908
11,18,201908
11,5,201908
11,23,201908
11,19,201908
11,1,201908
11,138,201908
11,143,201908
11,183,201908
11,169,201908
11,10,201908
11,160,201908
11,228,201908
11,268,201908
11,227,201908
11,107,201908
11,931,201908
11,126,201908
11,46,201908
11,26,201908
11,45,201908
11,99,201908
11,155,201908
11,83,201908
11,189,201908
11,224,201908
11,60,201908
11,48,201908
11,31,201908
11,13,201908
11,69,201908
11,51,201908
11,129,201908
11,9,201908
11,12,201908
11,113,201908
11,142,201908
11,32,201908
11,96,201908
11,85,201908
11,81,201908
11,165,201908
11,16,201908
11,0,201908
11,72,201908
11,52,201908
11,132,201908
11,4,201908
11,108,201908
11,29,201908
11,184,201908
11,27,201908
11,121,201908
11,731,201908
11,22,201908
11,214,201908
11,195,201908
11,40,201908
11,112,201908
11,131,201908
11,154,201908
11,92,201908
11,177,201908
11,33,201908
11,86,201908
11,25,201908
11,330,201908
11,248,201908
11,17,201908
11,1712,201908
11,28,201908
11,133,201908
11,238,201908
11,147,201908
11,223,201908
11,30,201908
11,111,201908
11,303,201908
11,548,201908
11,84,201908
11,54,201908
11,110,201908
11,213,201908
11,317,201908
11,70,201908
11,164,201908
11,2,201908
11,53,201908
11,77,201908
11,64,201908
11,21,201908
11,6,201908
11,274,201908
11,88,201908
11,14,201908
11,150,201908
11,89,201908
11,59,201908
11,135,201908
11,137,201908
12,181,201908
12,154,201908
12,107,201908
12,143,201908
12,132,201908
12,862,201908
12,728,201908
12,1500,201908
12,1501,201908
12,502,201908
12,160,201908
12,32,201908
12,48,201908
12,38,201908
12,5,201908
12,0,201908
12,113,201908
12,18,201908
12,81,201908
12,85,201908
12,69,201908
12,77,201908
12,14,201908
12,146,201908
12,20,201908
12,21,201908
12,29,201908
12,108,201908
12,96,201908
12,142,201908
12,51,201908
12,112,201908
12,97,201908
12,13,201908
12,4,201908
12,155,201908
12,26,201908
12,23,201908
12,6,201908
12,133,201908
12,83,201908
12,25,201908
12,16,201908
12,137,201908
12,2,201908
12,346,201908
12,44,201908
12,60,201908
12,136,201908
12,19,201908
12,375,201908
12,1227,201908
12,31,201908
12,10,201908
12,17,201908
12,266,201908
12,355,201908
12,99,201908
12,46,201908
12,28,201908
12,274,201908
12,1,201908
12,92,201908
12,11,201908
12,135,201908
13,85,201908
13,26,201908
13,176,201908
13,83,201908
13,195,201908
13,64,201908
13,29,201908
13,108,201908
13,146,201908
13,137,201908
13,19,201908
13,143,201908
13,52,201908
13,14,201908
13,6,201908
13,181,201908
13,77,201908
13,160,201908
13,36,201908
13,117,201908
13,208,201908
13,1441,201908
13,1417,201908
13,444,201908
13,133,201908
13,135,201908
13,48,201908
13,96,201908
13,1366,201908
13,107,201908
13,28,201908
13,4,201908
13,17,201908
13,99,201908
13,297,201908
13,165,201908
13,72,201908
13,115,201908
13,5,201908
13,119,201908
13,100,201908
13,1017,201908
13,139,201908
13,10,201908
13,2,201908
13,46,201908
13,51,201908
13,16,201908
13,9,201908
13,0,201908
13,156,201908
13,20,201908
13,131,201908
13,45,201908
13,354,201908
13,60,201908
13,1088,201908
13,40,201908
13,35,201908
13,320,201908
13,32,201908
13,76,201908
13,313,201908
13,59,201908
13,112,201908
13,69,201908
13,134,201908
13,213,201908
13,120,201908
13,78,201908
13,1,201908
13,27,201908
13,1118,201908
13,360,201908
13,283,201908
13,766,201908
13,896,201908
13,996,201908
13,126,201908
13,97,201908
13,995,201908
13,142,201908
13,38,201908
13,349,201908
13,31,201908
13,54,201908
13,21,201908
13,92,201908
13,121,201908
13,11,201908
13,274,201908
13,81,201908
13,136,201908
13,18,201908
13,89,201908
13,154,201908
13,129,201908
13,25,201908
14,64,201908
14,146,201908
14,433,201908
14,35,201908
14,6,201908
14,19,201908
14,66,201908
14,112,201908
14,21,201908
14,46,201908
14,1337,201908
14,52,201908
14,100,201908
14,51,201908
14,914,201908
14,108,201908
14,143,201908
14,1,201908
14,77,201908
14,176,201908
14,160,201908
14,799,201908
14,931,201908
14,26,201908
14,13,201908
14,116,201908
14,121,201908
14,1445,201908
14,156,201908
14,132,201908
14,124,201908
14,34,201908
14,183,201908
14,22,201908
14,133,201908
14,69,201908
14,4,201908
14,375,201908
14,92,201908
14,135,201908
14,113,201908
14,165,201908
14,369,201908
14,107,201908
14,449,201908
14,149,201908
14,74,201908
14,523,201908
14,1020,201908
14,20,201908
14,549,201908
14,12,201908
14,373,201908
14,59,201908
14,101,201908
14,1366,201908
14,355,201908
14,398,201908
14,29,201908
14,78,201908
14,237,201908
14,94,201908
14,83,201908
14,60,201908
14,9,201908
14,136,201908
14,80,201908
14,32,201908
14,181,201908
14,85,201908
14,28,201908
14,17,201908
14,11,201908
14,18,201908
14,137,201908
14,25,201908
14,5,201908
14,10,201908
14,0,201908
14,129,201908
14,2,201908
14,320,201908
14,96,201908
14,36,201908
14,40,201908
14,16,201908
14,81,201908
14,27,201908
14,54,201908
14,45,201908
14,139,201908
14,117,201908
14,154,201908
14,48,201908
14,97,201908
14,38,201908
14,274,201908
14,119,201908
14,134,201908
14,142,201908
14,155,201908
14,31,201908
14,180,201908
14,102,201908
15,146,201908
15,27,201908
15,13,201908
15,18,201908
15,29,201908
15,183,201908
15,132,201908
15,12,201908
15,143,201908
15,77,201908
15,160,201908
15,131,201908
15,136,201908
15,1250,201908
15,17,201908
15,31,201908
15,10,201908
15,266,201908
15,375,201908
15,1227,201908
15,32,201908
15,97,201908
15,46,201908
15,137,201908
16,6,201908
16,31,201908
16,26,201908
16,4,201908
16,64,201908
16,197,201908
16,339,201908
16,23,201908
16,54,201908
16,19,201908
16,143,201908
16,362,201908
16,77,201908
16,281,201908
16,160,201908
16,27,201908
16,134,201908
16,14,201908
16,99,201908
16,113,201908
16,59,201908
16,13,201908
16,34,201908
16,72,201908
16,51,201908
16,156,201908
16,112,201908
16,78,201908
16,100,201908
16,18,201908
16,96,201908
16,85,201908
16,48,201908
16,139,201908
16,40,201908
16,92,201908
16,192,201908
16,83,201908
16,2,201908
16,131,201908
16,354,201908
16,25,201908
16,20,201908
16,274,201908
16,1144,201908
16,146,201908
16,45,201908
16,9,201908
16,52,201908
16,32,201908
16,17,201908
16,102,201908
16,346,201908
16,120,201908
16,108,201908
16,0,201908
16,320,201908
16,60,201908
16,38,201908
16,266,201908
16,29,201908
16,355,201908
16,1250,201908
16,10,201908
16,375,201908
16,28,201908
16,94,201908
16,11,201908
16,1,201908
16,35,201908
16,137,201908
16,97,201908
16,46,201908
16,136,201908
16,154,201908
16,135,201908
17,11,201908
17,146,201908
17,89,201908
17,60,201908
17,20,201908
17,195,201908
17,110,201908
17,245,201908
17,1,201908
17,107,201908
17,221,201908
17,40,201908
17,117,201908
17,2,201908
17,108,201908
17,169,201908
17,142,201908
17,24,201908
17,32,201908
17,25,201908
17,121,201908
17,662,201908
17,29,201908
17,4,201908
17,137,201908
17,143,201908
17,552,201908
17,6,201908
17,77,201908
17,160,201908
17,5,201908
17,23,201908
17,48,201908
17,154,201908
17,72,201908
17,83,201908
17,395,201908
17,8,201908
17,819,201908
17,189,201908
17,132,201908
17,247,201908
17,38,201908
17,76,201908
17,180,201908
17,164,201908
17,19,201908
17,10,201908
17,120,201908
17,45,201908
17,181,201908
17,99,201908
17,320,201908
17,13,201908
17,69,201908
17,124,201908
17,149,201908
17,26,201908
17,16,201908
17,12,201908
17,115,201908
17,100,201908
17,93,201908
17,64,201908
17,57,201908
17,9,201908
17,274,201908
17,18,201908
17,183,201908
17,220,201908
17,51,201908
17,35,201908
17,209,201908
17,112,201908
17,81,201908
17,131,201908
17,14,201908
17,130,201908
17,136,201908
17,46,201908
17,52,201908
17,86,201908
17,223,201908
17,493,201908
17,265,201908
17,111,201908
17,61,201908
17,15,201908
17,764,201908
17,544,201908
17,34,201908
17,103,201908
17,96,201908
17,70,201908
17,177,201908
17,30,201908
17,161,201908
17,28,201908
17,345,201908
17,213,201908
17,105,201908
17,1649,201908
17,866,201908
17,966,201908
17,33,201908
17,0,201908
17,268,201908
17,104,201908
17,22,201908
17,97,201908
17,184,201908
17,761,201908
17,53,201908
17,222,201908
17,31,201908
17,90,201908
17,906,201908
17,85,201908
17,303,201908
17,21,201908
17,214,201908
17,7,201908
17,54,201908
17,27,201908
17,243,201908
17,165,201908
17,261,201908
17,207,201908
17,150,201908
17,92,201908
17,135,201908
17,59,201908
18,146,201908
18,32,201908
18,8,201908
18,29,201908
18,426,201908
18,1,201908
18,110,201908
18,137,201908
18,132,201908
18,61,201908
18,281,201908
18,19,201908
18,138,201908
18,143,201908
18,552,201908
18,233,201908
18,76,201908
18,77,201908
18,160,201908
18,2,201908
18,23,201908
18,48,201908
18,10,201908
18,6,201908
18,183,201908
18,165,201908
18,112,201908
18,4,201908
18,25,201908
18,139,201908
18,85,201908
18,36,201908
18,9,201908
18,97,201908
18,20,201908
18,22,201908
18,107,201908
18,133,201908
18,16,201908
18,26,201908
18,28,201908
18,96,201908
18,38,201908
18,51,201908
18,54,201908
18,83,201908
18,170,201908
18,135,201908
18,265,201908
18,11,201908
18,164,201908
18,13,201908
18,0,201908
18,35,201908
18,182,201908
18,34,201908
18,81,201908
18,432,201908
18,108,201908
18,40,201908
18,341,201908
18,100,201908
18,92,201908
18,17,201908
18,292,201908
18,84,201908
18,154,201908
18,142,201908
18,99,201908
18,50,201908
18,111,201908
18,46,201908
18,1205,201908
18,298,201908
18,31,201908
18,136,201908
18,105,201908
18,60,201908
18,5,201908
18,78,201908
18,129,201908
18,436,201908
18,123,201908
18,346,201908
18,819,201908
18,270,201908
18,159,201908
18,242,201908
18,546,201908
18,814,201908
18,276,201908
18,62,201908
18,189,201908
18,410,201908
18,45,201908
18,65,201908
18,21,201908
18,88,201908
18,101,201908
18,64,201908
18,53,201908
18,320,201908
18,43,201908
18,423,201908
18,163,201908
18,171,201908
18,122,201908
18,407,201908
18,131,201908
18,181,201908
18,413,201908
18,145,201908
18,24,201908
18,544,201908
18,102,201908
18,285,201908
18,169,201908
18,180,201908
18,74,201908
18,72,201908
18,430,201908
18,30,201908
18,117,201908
18,66,201908
18,44,201908
18,27,201908
18,738,201908
18,126,201908
18,125,201908
18,177,201908
18,274,201908
18,144,201908
18,14,201908
18,89,201908
18,15,201908
18,196,201908
18,120,201908
18,223,201908
18,234,201908
18,113,201908
18,12,201908
18,59,201908
18,52,201908
18,69,201908
18,86,201908
19,143,201908
19,146,201908
19,59,201908
19,182,201908
19,221,201908
19,26,201908
19,102,201908
19,35,201908
19,21,201908
19,455,201908
19,180,201908
19,97,201908
19,52,201908
19,13,201908
19,142,201908
19,39,201908
19,16,201908
19,46,201908
19,6,201908
19,100,201908
19,281,201908
19,121,201908
19,60,201908
19,155,201908
19,18,201908
19,5,201908
19,23,201908
19,29,201908
19,36,201908
19,40,201908
19,83,201908
19,138,201908
19,120,201908
19,108,201908
19,76,201908
19,77,201908
19,160,201908
19,1366,201908
19,133,201908
19,81,201908
19,93,201908
19,297,201908
19,419,201908
19,156,201908
19,72,201908
19,139,201908
19,80,201908
19,165,201908
19,54,201908
19,132,201908
19,10,201908
19,224,201908
19,12,201908
19,129,201908
19,96,201908
19,64,201908
19,354,201908
19,136,201908
19,28,201908
19,1,201908
19,51,201908
19,85,201908
19,20,201908
19,113,201908
19,25,201908
19,27,201908
19,434,201908
19,31,201908
19,769,201908
19,9,201908
19,114,201908
19,106,201908
19,0,201908
19,17,201908
19,172,201908
19,2,201908
19,94,201908
19,24,201908
19,63,201908
19,117,201908
19,181,201908
19,99,201908
19,48,201908
19,101,201908
19,334,201908
19,92,201908
19,14,201908
19,237,201908
19,320,201908
19,32,201908
19,38,201908
19,131,201908
19,134,201908
19,860,201908
19,78,201908
19,62,201908
19,45,201908
19,192,201908
19,75,201908
19,137,201908
19,899,201908
19,140,201908
19,55,201908
19,65,201908
19,387,201908
19,154,201908
19,126,201908
19,119,201908
19,79,201908
19,338,201908
19,278,201908
19,274,201908
19,799,201908
19,205,201908
19,195,201908
19,57,201908
19,277,201908
19,176,201908
19,11,201908
19,4,201908
19,135,201908
20,146,201908
20,17,201908
20,180,201908
20,166,201908
20,61,201908
20,160,201908
20,9,201908
20,69,201908
20,60,201908
20,110,201908
20,1366,201908
20,931,201908
20,1488,201908
20,81,201908
20,2,201908
20,48,201908
20,139,201908
20,1413,201908
20,444,201908
20,26,201908
20,113,201908
20,22,201908
20,18,201908
20,40,201908
20,14,201908
20,27,201908
20,72,201908
20,64,201908
20,12,201908
20,11,201908
20,51,201908
20,108,201908
20,99,201908
20,116,201908
20,115,201908
20,31,201908
20,169,201908
20,1,201908
20,19,201908
20,6,201908
20,85,201908
20,96,201908
20,52,201908
20,189,201908
20,165,201908
20,102,201908
20,142,201908
20,131,201908
20,29,201908
20,28,201908
20,10,201908
20,4,201908
20,92,201908
20,86,201908
20,111,201908
20,54,201908
20,196,201908
20,819,201908
20,164,201908
20,177,201908
20,211,201908
20,741,201908
20,303,201908
20,268,201908
20,33,201908
20,544,201908
20,8,201908
20,261,201908
20,21,201908
20,183,201908
20,16,201908
20,223,201908
20,137,201908
20,89,201908
20,184,201908
20,207,201908
20,97,201908
20,0,201908
20,213,201908
20,7,201908
20,866,201908
20,23,201908
20,32,201908
20,77,201908
20,83,201908
20,154,201908
20,274,201908
20,107,201908
20,150,201908
20,906,201908
20,761,201908
20,133,201908
20,121,201908
20,135,201908
20,13,201908
20,214,201908
20,243,201908
20,59,201908
20,136,201908
20,35,201908
20,46,201908
20,25,201908
21,433,201908
21,18,201908
21,4,201908
21,35,201908
21,19,201908
21,138,201908
21,108,201908
21,761,201908
21,736,201908
21,160,201908
21,866,201908
21,755,201908
21,964,201908
21,16,201908
21,13,201908
21,116,201908
21,72,201908
21,132,201908
21,1366,201908
21,93,201908
21,181,201908
21,115,201908
21,142,201908
21,52,201908
21,8,201908
21,97,201908
21,143,201908
21,54,201908
21,81,201908
21,32,201908
21,83,201908
21,0,201908
21,99,201908
21,9,201908
21,77,201908
21,60,201908
21,124,201908
21,764,201908
21,180,201908
21,27,201908
21,2,201908
21,146,201908
21,20,201908
21,165,201908
21,34,201908
21,22,201908
21,96,201908
21,12,201908
21,51,201908
21,189,201908
21,92,201908
21,136,201908
21,31,201908
21,28,201908
21,183,201908
21,7,201908
21,17,201908
21,64,201908
21,69,201908
21,10,201908
21,11,201908
21,6,201908
21,85,201908
21,154,201908
21,29,201908
21,274,201908
21,89,201908
21,46,201908
21,135,201908
21,14,201908
21,59,201908
21,121,201908
21,25,201908
21,1,201908
21,113,201908
21,23,201908
21,137,201908
21,133,201908
22,160,201908
22,99,201908
22,124,201908
22,107,201908
22,139,201908
22,48,201908
22,154,201908
22,98,201908
22,92,201908
22,132,201908
22,81,201908
22,85,201908
22,96,201908
22,274,201908
22,108,201908
22,20,201908
22,5,201908
22,27,201908
22,14,201908
22,72,201908
22,77,201908
22,0,201908
22,11,201908
22,113,201908
22,51,201908
22,25,201908
22,346,201908
22,89,201908
22,21,201908
22,136,201908
22,966,201908
22,112,201908
22,1,201908
22,17,201908
22,135,201908
22,4,201908
22,28,201908
22,29,201908
22,97,201908
22,10,201908
22,137,201908
23,52,201908
23,433,201908
23,65,201908
23,138,201908
23,143,201908
23,31,201908
23,16,201908
23,64,201908
23,28,201908
23,189,201908
23,19,201908
23,146,201908
23,18,201908
23,96,201908
23,110,201908
23,247,201908
23,30,201908
23,39,201908
23,136,201908
23,6,201908
23,89,201908
23,124,201908
23,60,201908
23,176,201908
23,501,201908
23,5,201908
23,7,201908
23,51,201908
23,1,201908
23,11,201908
23,79,201908
23,137,201908
23,552,201908
23,211,201908
23,749,201908
23,77,201908
23,348,201908
23,17,201908
23,160,201908
23,906,201908
23,863,201908
23,142,201908
23,1366,201908
23,0,201908
23,213,201908
23,12,201908
23,107,201908
23,149,201908
23,14,201908
23,72,201908
23,154,201908
23,97,201908
23,69,201908
23,13,201908
23,92,201908
23,27,201908
23,85,201908
23,2,201908
23,165,201908
23,4,201908
23,25,201908
23,20,201908
23,274,201908
23,59,201908
23,135,201908
23,10,201908
23,112,201908
23,21,201908
24,453,201908
24,339,201908
24,27,201908
24,143,201908
24,401,201908
24,92,201908
24,165,201908
24,397,201908
24,17,201908
24,160,201908
24,467,201908
24,966,201908
24,25,201908
24,29,201908
24,136,201908
24,6,201908
24,19,201908
24,341,201908
24,266,201908
24,375,201908
24,64,201908
24,32,201908
24,18,201908
24,26,201908
24,99,201908
24,137,201908
24,46,201908
24,97,201908
25,146,201908
25,89,201908
25,93,201908
25,52,201908
25,221,201908
25,77,201908
25,138,201908
25,14,201908
25,100,201908
25,35,201908
25,914,201908
25,103,201908
25,137,201908
25,143,201908
25,552,201908
25,336,201908
25,160,201908
25,38,201908
25,196,201908
25,18,201908
25,1,201908
25,327,201908
25,45,201908
25,55,201908
25,0,201908
25,156,201908
25,118,201908
25,176,201908
25,7,201908
25,80,201908
25,19,201908
25,115,201908
25,48,201908
25,101,201908
25,181,201908
25,152,201908
25,33,201908
25,85,201908
25,81,201908
25,64,201908
25,22,201908
25,46,201908
25,12,201908
25,74,201908
25,2,201908
25,346,201908
25,131,201908
25,340,201908
25,104,201908
25,154,201908
25,111,201908
25,169,201908
25,17,201908
25,371,201908
25,130,201908
25,139,201908
25,335,201908
25,78,201908
25,165,201908
25,34,201908
25,188,201908
25,132,201908
25,53,201908
25,307,201908
25,83,201908
25,31,201908
25,183,201908
25,99,201908
25,16,201908
25,58,201908
25,320,201908
25,32,201908
25,1366,201908
25,96,201908
25,27,201908
25,11,201908
25,47,201908
25,124,201908
25,57,201908
25,172,201908
25,157,201908
25,40,201908
25,86,201908
25,149,201908
25,9,201908
25,303,201908
25,60,201908
25,544,201908
25,24,201908
25,393,201908
25,216,201908
25,54,201908
25,75,201908
25,26,201908
25,107,201908
25,10,201908
25,23,201908
25,355,201908
25,98,201908
25,72,201908
25,756,201908
25,29,201908
25,339,201908
25,161,201908
25,97,201908
25,495,201908
25,116,201908
25,341,201908
25,108,201908
25,120,201908
25,28,201908
25,110,201908
25,5,201908
25,6,201908
25,4,201908
25,136,201908
25,129,201908
25,112,201908
25,21,201908
25,51,201908
25,113,201908
25,13,201908
25,20,201908
26,13,201908
26,46,201908
26,77,201908
26,40,201908
26,51,201908
26,16,201908
26,28,201908
26,81,201908
26,20,201908
26,1441,201908
26,48,201908
26,23,201908
26,1366,201908
26,139,201908
26,57,201908
26,18,201908
26,9,201908
26,80,201908
26,165,201908
26,160,201908
26,112,201908
26,149,201908
26,136,201908
26,223,201908
26,10,201908
26,116,201908
26,156,201908
26,126,201908
26,97,201908
26,93,201908
26,270,201908
26,38,201908
26,120,201908
26,0,201908
26,181,201908
26,320,201908
26,85,201908
26,154,201908
26,1,201908
26,131,201908
26,36,201908
26,237,201908
26,744,201908
26,769,201908
26,78,201908
26,19,201908
26,2,201908
26,86,201908
26,60,201908
26,82,201908
26,169,201908
26,143,201908
26,17,201908
26,75,201908
26,39,201908
26,297,201908
26,64,201908
26,349,201908
26,155,201908
26,544,201908
26,278,201908
26,140,201908
26,134,201908
26,114,201908
26,27,201908
26,65,201908
26,132,201908
26,224,201908
26,25,201908
26,94,201908
26,100,201908
26,192,201908
26,35,201908
26,32,201908
26,45,201908
26,146,201908
26,31,201908
26,142,201908
26,117,201908
26,76,201908
26,101,201908
26,29,201908
26,24,201908
26,55,201908
26,54,201908
26,12,201908
26,108,201908
26,137,201908
26,83,201908
26,92,201908
26,99,201908
26,274,201908
26,135,201908
27,143,201908
27,15,201908
27,146,201908
27,111,201908
27,28,201908
27,836,201908
27,51,201908
27,138,201908
27,552,201908
27,77,201908
27,160,201908
27,78,201908
27,116,201908
27,142,201908
27,155,201908
27,40,201908
27,52,201908
27,121,201908
27,102,201908
27,45,201908
27,100,201908
27,117,201908
27,115,201908
27,124,201908
27,81,201908
27,26,201908
27,11,201908
27,133,201908
27,120,201908
27,61,201908
27,72,201908
27,119,201908
27,31,201908
27,107,201908
27,20,201908
27,16,201908
27,6,201908
27,113,201908
27,57,201908
27,183,201908
27,80,201908
27,85,201908
27,1366,201908
27,346,201908
27,23,201908
27,165,201908
27,29,201908
27,46,201908
27,43,201908
27,21,201908
27,32,201908
27,4,201908
27,13,201908
27,112,201908
27,266,201908
27,139,201908
27,156,201908
27,19,201908
27,137,201908
27,375,201908
27,1250,201908
27,355,201908
27,25,201908
27,320,201908
27,136,201908
27,64,201908
27,96,201908
27,0,201908
27,35,201908
27,108,201908
27,83,201908
27,2,201908
27,48,201908
27,5,201908
27,18,201908
27,54,201908
27,60,201908
27,99,201908
27,17,201908
27,10,201908
27,1,201908
27,92,201908
27,97,201908
27,14,201908
27,154,201908
27,274,201908
27,135,201908
28,166,201908
28,243,201908
28,27,201908
28,126,201908
28,133,201908
28,444,201908
28,1,201908
28,143,201908
28,77,201908
28,493,201908
28,160,201908
28,5,201908
28,247,201908
28,61,201908
28,180,201908
28,10,201908
28,1665,201908
28,52,201908
28,181,201908
28,64,201908
28,16,201908
28,40,201908
28,108,201908
28,149,201908
28,1265,201908
28,45,201908
28,129,201908
28,32,201908
28,48,201908
28,80,201908
28,100,201908
28,85,201908
28,116,201908
28,146,201908
28,83,201908
28,19,201908
28,26,201908
28,139,201908
28,124,201908
28,18,201908
28,120,201908
28,136,201908
28,20,201908
28,34,201908
28,13,201908
28,101,201908
28,38,201908
28,54,201908
28,72,201908
28,9,201908
28,60,201908
28,33,201908
28,165,201908
28,99,201908
28,17,201908
28,103,201908
28,222,201908
28,21,201908
28,274,201908
28,96,201908
28,69,201908
28,11,201908
28,261,201908
28,12,201908
28,154,201908
28,183,201908
28,112,201908
28,819,201908
28,2,201908
28,0,201908
28,8,201908
28,137,201908
28,207,201908
28,7,201908
28,89,201908
28,97,201908
28,14,201908
28,35,201908
28,6,201908
28,25,201908
28,22,201908
28,150,201908
28,4,201908
28,29,201908
28,31,201908
28,107,201908
28,59,201908
28,92,201908
28,51,201908
28,46,201908
28,135,201908
29,6,201908
29,110,201908
29,97,201908
29,35,201908
29,17,201908
29,139,201908
29,188,201908
29,296,201908
29,146,201908
29,76,201908
29,34,201908
29,195,201908
29,31,201908
29,247,201908
29,931,201908
29,137,201908
29,675,201908
29,89,201908
29,59,201908
29,20,201908
29,19,201908
29,143,201908
29,552,201908
29,77,201908
29,160,201908
29,54,201908
29,5,201908
29,1459,201908
29,155,201908
29,354,201908
29,126,201908
29,500,201908
29,12,201908
29,1445,201908
29,769,201908
29,40,201908
29,2244,201908
29,362,201908
29,131,201908
29,320,201908
29,124,201908
29,111,201908
29,156,201908
29,32,201908
29,24,201908
29,142,201908
29,104,201908
29,66,201908
29,15,201908
29,53,201908
29,544,201908
29,8,201908
29,96,201908
29,0,201908
29,2,201908
29,38,201908
29,117,201908
29,181,201908
29,132,201908
29,85,201908
29,140,201908
29,94,201908
29,102,201908
29,80,201908
29,13,201908
29,79,201908
29,180,201908
29,64,201908
29,205,201908
29,61,201908
29,171,201908
29,65,201908
29,125,201908
29,270,201908
29,18,201908
29,122,201908
29,265,201908
29,70,201908
29,45,201908
29,330,201908
29,46,201908
29,16,201908
29,86,201908
29,480,201908
29,154,201908
29,371,201908
29,163,201908
29,114,201908
29,27,201908
29,11,201908
29,134,201908
29,57,201908
29,78,201908
29,9,201908
29,198,201908
29,100,201908
29,197,201908
29,1366,201908
29,170,201908
29,871,201908
29,355,201908
29,69,201908
29,183,201908
29,165,201908
29,744,201908
29,1205,201908
29,81,201908
29,298,201908
29,164,201908
29,251,201908
29,101,201908
29,130,201908
29,72,201908
29,159,201908
29,84,201908
29,74,201908
29,83,201908
29,55,201908
29,75,201908
29,314,201908
29,176,201908
29,490,201908
29,889,201908
29,63,201908
29,540,201908
29,58,201908
29,1258,201908
29,730,201908
29,182,201908
29,522,201908
29,30,201908
29,223,201908
29,722,201908
29,1065,201908
29,224,201908
29,394,201908
29,120,201908
29,62,201908
29,278,201908
29,512,201908
29,14,201908
29,99,201908
29,93,201908
29,208,201908
29,145,201908
29,52,201908
29,379,201908
29,214,201908
29,388,201908
29,233,201908
29,33,201908
29,144,201908
29,271,201908
29,420,201908
29,108,201908
29,276,201908
29,443,201908
29,192,201908
29,174,201908
29,422,201908
29,25,201908
29,267,201908
29,175,201908
29,26,201908
29,150,201908
29,752,201908
29,242,201908
29,44,201908
29,292,201908
29,269,201908
29,107,201908
29,39,201908
29,303,201908
29,43,201908
29,1,201908
29,196,201908
29,112,201908
29,36,201908
29,21,201908
29,48,201908
29,129,201908
29,4,201908
29,285,201908
29,193,201908
29,237,201908
29,51,201908
29,60,201908
29,7,201908
29,10,201908
29,28,201908
29,169,201908
29,22,201908
29,136,201908
29,113,201908
30,183,201908
30,136,201908
30,23,201908
30,835,201908
30,143,201908
30,32,201908
30,61,201908
30,84,201908
30,160,201908
30,0,201908
30,12,201908
30,29,201908
30,544,201908
30,13,201908
30,776,201908
30,1090,201908
30,753,201908
30,754,201908
30,17,201908
30,783,201908
30,10,201908
30,1227,201908
30,137,201908
30,11,201908
30,51,201908
30,4,201908
30,18,201908
31,146,201908
31,110,201908
31,60,201908
31,453,201908
31,29,201908
31,160,201908
31,76,201908
31,77,201908
31,101,201908
31,1441,201908
31,117,201908
31,1566,201908
31,126,201908
31,21,201908
31,121,201908
31,11,201908
31,52,201908
31,362,201908
31,116,201908
31,72,201908
31,134,201908
31,59,201908
31,180,201908
31,124,201908
31,96,201908
31,155,201908
31,20,201908
31,119,201908
31,1,201908
31,139,201908
31,131,201908
31,36,201908
31,142,201908
31,129,201908
31,102,201908
31,188,201908
31,120,201908
31,341,201908
31,40,201908
31,165,201908
31,10,201908
31,900,201908
31,346,201908
31,115,201908
31,107,201908
31,113,201908
31,19,201908
31,18,201908
31,136,201908
31,6,201908
31,57,201908
31,51,201908
31,544,201908
31,12,201908
31,137,201908
31,16,201908
31,9,201908
31,133,201908
31,99,201908
31,4,201908
31,78,201908
31,112,201908
31,64,201908
31,94,201908
31,181,201908
31,266,201908
31,176,201908
31,38,201908
31,25,201908
31,79,201908
31,15,201908
31,543,201908
31,375,201908
31,1250,201908
31,46,201908
31,26,201908
31,285,201908
31,17,201908
31,13,201908
31,83,201908
31,48,201908
31,45,201908
31,5,201908
31,81,201908
31,156,201908
31,2,201908
31,54,201908
31,1366,201908
31,100,201908
31,97,201908
31,28,201908
31,32,201908
31,35,201908
31,154,201908
31,27,201908
31,0,201908
31,85,201908
31,108,201908
31,92,201908
31,274,201908
31,14,201908
31,135,201908
32,146,201908
32,18,201908
32,60,201908
32,20,201908
32,19,201908
32,138,201908
32,143,201908
32,77,201908
32,281,201908
32,160,201908
32,54,201908
32,59,201908
32,137,201908
32,72,201908
32,132,201908
32,6,201908
32,29,201908
32,13,201908
32,21,201908
32,14,201908
32,121,201908
32,40,201908
32,112,201908
32,108,201908
32,829,201908
32,17,201908
32,83,201908
32,178,201908
32,180,201908
32,117,201908
32,5,201908
32,23,201908
32,48,201908
32,116,201908
32,139,201908
32,97,201908
32,165,201908
32,0,201908
32,28,201908
32,78,201908
32,237,201908
32,120,201908
32,46,201908
32,135,201908
32,1144,201908
32,375,201908
32,154,201908
32,142,201908
32,38,201908
32,22,201908
32,156,201908
32,12,201908
32,100,201908
32,25,201908
32,81,201908
32,242,201908
32,16,201908
32,92,201908
32,114,201908
32,124,201908
32,126,201908
32,129,201908
32,320,201908
32,131,201908
32,94,201908
32,96,201908
32,2,201908
32,346,201908
32,27,201908
32,341,201908
32,86,201908
32,43,201908
32,170,201908
32,814,201908
32,546,201908
32,334,201908
32,76,201908
32,176,201908
32,65,201908
32,145,201908
32,545,201908
32,10,201908
32,224,201908
32,24,201908
32,57,201908
32,58,201908
32,208,201908
32,26,201908
32,285,201908
32,440,201908
32,163,201908
32,171,201908
32,44,201908
32,195,201908
32,276,201908
32,85,201908
32,15,201908
32,270,201908
32,9,201908
32,198,201908
32,134,201908
32,79,201908
32,62,201908
32,99,201908
32,36,201908
32,338,201908
32,274,201908
32,205,201908
32,332,201908
32,181,201908
32,1,201908
32,362,201908
32,102,201908
32,182,201908
32,429,201908
32,4,201908
32,89,201908
32,136,201908
32,80,201908
32,113,201908
32,155,201908
32,55,201908
32,45,201908
32,101,201908
32,66,201908
32,35,201908
32,64,201908
32,74,201908
32,206,201908
32,51,201908
32,31,201908
32,52,201908
32,11,201908
33,220,201908
33,731,201908
33,51,201908
33,89,201908
33,6,201908
33,11,201908
33,274,201908
33,137,201908
33,4,201908
33,28,201908
33,10,201908
33,17,201908
33,1227,201908
33,20,201908
33,5,201908
33,1,201908
33,29,201908
33,136,201908
34,27,201908
34,188,201908
34,552,201908
34,143,201908
34,104,201908
34,588,201908
34,160,201908
34,72,201908
34,40,201908
34,14,201908
34,165,201908
34,17,201908
34,112,201908
34,274,201908
34,54,201908
34,96,201908
34,19,201908
34,97,201908
34,113,201908
34,108,201908
34,16,201908
34,220,201908
34,28,201908
34,20,201908
34,133,201908
34,346,201908
34,31,201908
34,25,201908
34,266,201908
34,355,201908
34,136,201908
34,1227,201908
34,29,201908
34,10,201908
34,137,201908
34,29,201908
34,136,201908
34,137,201908
34,4,201908
34,25,201908
34,1,201908
34,10,201908
34,18,201908
34,154,201908
34,97,201908
35,31,201908
35,146,201908
35,60,201908
35,110,201908
35,188,201908
35,77,201908
35,97,201908
35,48,201908
35,108,201908
35,129,201908
35,6,201908
35,433,201908
35,19,201908
35,21,201908
35,14,201908
35,58,201908
35,25,201908
35,100,201908
35,59,201908
35,662,201908
35,143,201908
35,160,201908
35,132,201908
35,1873,201908
35,375,201908
35,36,201908
35,444,201908
35,107,201908
35,81,201908
35,17,201908
35,52,201908
35,64,201908
35,892,201908
35,136,201908
35,18,201908
35,99,201908
35,32,201908
35,83,201908
35,93,201908
35,79,201908
35,0,201908
35,78,201908
35,76,201908
35,154,201908
35,73,201908
35,26,201908
35,45,201908
35,80,201908
35,38,201908
35,156,201908
35,57,201908
35,40,201908
35,85,201908
35,101,201908
35,120,201908
35,2,201908
35,27,201908
35,16,201908
35,41,201908
35,4,201908
35,28,201908
35,769,201908
35,172,201908
35,173,201908
35,29,201908
35,10,201908
35,1,201908
35,20,201908
35,13,201908
35,46,201908
35,137,201908
36,55,201908
36,35,201908
36,60,201908
36,139,201908
36,143,201908
36,39,201908
36,160,201908
36,0,201908
36,154,201908
36,12,201908
36,81,201908
36,83,201908
36,17,201908
36,92,201908
36,5,201908
36,303,201908
36,26,201908
36,31,201908
36,769,201908
36,1,201908
36,38,201908
36,120,201908
36,135,201908
36,341,201908
36,46,201908
36,274,201908
36,108,201908
36,13,201908
36,48,201908
36,19,201908
36,99,201908
36,285,201908
36,119,201908
36,102,201908
36,29,201908
36,97,201908
36,32,201908
36,52,201908
36,59,201908
36,6,201908
36,137,201908
36,14,201908
36,208,201908
37,137,201908
37,1,201908
38,192,201908
38,99,201908
38,25,201908
38,35,201908
38,274,201908
38,120,201908
38,160,201908
38,1209,201908
38,142,201908
38,26,201908
38,154,201908
38,32,201908
38,0,201908
38,23,201908
38,85,201908
38,80,201908
38,119,201908
38,107,201908
38,10,201908
38,36,201908
38,146,201908
38,126,201908
38,27,201908
38,134,201908
38,54,201908
38,117,201908
38,143,201908
38,1,201908
38,11,201908
38,5,201908
38,102,201908
38,77,201908
38,21,201908
38,2,201908
38,40,201908
38,48,201908
38,92,201908
38,29,201908
38,155,201908
38,31,201908
38,4,201908
38,81,201908
38,18,201908
38,28,201908
38,64,201908
38,6,201908
38,16,201908
38,136,201908
38,266,201908
38,100,201908
38,19,201908
38,60,201908
38,13,201908
38,375,201908
38,59,201908
38,135,201908
38,46,201908
38,137,201908
38,14,201908
38,97,201908
39,143,201908
39,137,201908
39,501,201908
39,23,201908
39,19,201908
39,76,201908
39,160,201908
39,320,201908
39,120,201908
39,77,201908
39,458,201908
39,146,201908
39,99,201908
39,26,201908
39,64,201908
39,29,201908
39,46,201908
39,97,201908
40,75,201908
40,16,201908
40,99,201908
40,48,201908
40,64,201908
40,26,201908
40,131,201908
40,327,201908
40,19,201908
40,143,201908
40,6,201908
40,77,201908
40,160,201908
40,205,201908
40,36,201908
40,93,201908
40,113,201908
40,102,201908
40,72,201908
40,14,201908
40,96,201908
40,118,201908
40,38,201908
40,59,201908
40,165,201908
40,107,201908
40,57,201908
40,51,201908
40,45,201908
40,133,201908
40,5,201908
40,18,201908
40,27,201908
40,154,201908
40,35,201908
40,54,201908
40,135,201908
40,13,201908
40,28,201908
40,21,201908
40,0,201908
40,4,201908
40,17,201908
40,387,201908
40,60,201908
40,46,201908
40,31,201908
40,108,201908
40,1020,201908
40,1022,201908
40,100,201908
40,85,201908
40,449,201908
40,373,201908
40,523,201908
40,2,201908
40,369,201908
40,549,201908
40,101,201908
40,1086,201908
40,25,201908
40,83,201908
40,94,201908
40,139,201908
40,266,201908
40,355,201908
40,32,201908
40,78,201908
40,29,201908
40,320,201908
40,375,201908
40,136,201908
40,1250,201908
40,1,201908
40,11,201908
40,274,201908
40,92,201908
40,10,201908
40,97,201908
40,20,201908
40,137,201908
41,60,201908
41,160,201908
41,1444,201908
41,17,201908
41,183,201908
41,108,201908
41,48,201908
41,99,201908
41,137,201908
41,35,201908
41,97,201908
41,46,201908
43,54,201908
43,131,201908
43,32,201908
43,1227,201908
43,375,201908
43,10,201908
43,266,201908
43,136,201908
43,97,201908
43,18,201908
43,29,201908
44,54,201908
44,131,201908
44,107,201908
44,74,201908
44,32,201908
44,29,201908
44,18,201908
45,81,201908
45,181,201908
45,97,201908
45,110,201908
45,662,201908
45,207,201908
45,100,201908
45,108,201908
45,149,201908
45,156,201908
45,165,201908
45,83,201908
45,80,201908
45,2,201908
45,48,201908
45,133,201908
45,16,201908
45,11,201908
45,60,201908
45,18,201908
45,9,201908
45,96,201908
45,102,201908
45,51,201908
45,180,201908
45,0,201908
45,170,201908
45,27,201908
45,137,201908
45,134,201908
45,85,201908
45,32,201908
45,117,201908
45,29,201908
45,64,201908
45,14,201908
45,28,201908
45,46,201908
45,154,201908
45,99,201908
45,25,201908
45,281,201908
45,77,201908
45,136,201908
45,35,201908
45,40,201908
45,146,201908
45,19,201908
45,6,201908
45,26,201908
45,59,201908
45,13,201908
45,285,201908
45,274,201908
45,92,201908
45,4,201908
45,31,201908
45,135,201908
46,146,201908
46,433,201908
46,126,201908
46,6,201908
46,1337,201908
46,453,201908
46,48,201908
46,19,201908
46,143,201908
46,77,201908
46,160,201908
46,35,201908
46,374,201908
46,1496,201908
46,28,201908
46,4,201908
46,116,201908
46,38,201908
46,40,201908
46,17,201908
46,155,201908
46,0,201908
46,21,201908
46,52,201908
46,26,201908
46,112,201908
46,120,201908
46,14,201908
46,813,201908
46,277,201908
46,108,201908
46,180,201908
46,154,201908
46,136,201908
46,27,201908
46,64,201908
46,133,201908
46,13,201908
46,29,201908
46,9,201908
46,341,201908
46,36,201908
46,102,201908
46,45,201908
46,83,201908
46,342,201908
46,142,201908
46,355,201908
46,85,201908
46,338,201908
46,134,201908
46,270,201908
46,18,201908
46,117,201908
46,297,201908
46,782,201908
46,99,201908
46,173,201908
46,75,201908
46,1,201908
46,500,201908
46,703,201908
46,250,201908
46,25,201908
46,98,201908
46,237,201908
46,95,201908
46,320,201908
46,2,201908
46,72,201908
46,31,201908
46,111,201908
46,59,201908
46,193,201908
46,141,201908
46,12,201908
46,769,201908
46,198,201908
46,192,201908
46,101,201908
46,65,201908
46,114,201908
46,188,201908
46,287,201908
46,76,201908
46,860,201908
46,799,201908
46,285,201908
46,797,201908
46,362,201908
46,175,201908
46,159,201908
46,62,201908
46,158,201908
46,66,201908
46,15,201908
46,92,201908
46,1366,201908
46,94,201908
46,172,201908
46,458,201908
46,131,201908
46,274,201908
46,176,201908
46,39,201908
46,104,201908
46,32,201908
46,60,201908
46,445,201908
46,55,201908
46,11,201908
46,152,201908
46,10,201908
46,79,201908
46,81,201908
46,51,201908
46,132,201908
46,181,201908
46,97,201908
46,106,201908
46,544,201908
46,157,201908
46,16,201908
46,100,201908
46,208,201908
46,124,201908
46,63,201908
46,744,201908
46,58,201908
46,41,201908
46,78,201908
46,82,201908
46,73,201908
46,182,201908
46,24,201908
46,54,201908
46,135,201908
46,129,201908
46,156,201908
46,140,201908
46,80,201908
46,224,201908
46,278,201908
46,57,201908
46,139,201908
46,20,201908
46,137,201908
47,14,201908
47,85,201908
47,10,201908
47,0,201908
47,23,201908
47,80,201908
47,124,201908
47,133,201908
47,165,201908
47,156,201908
47,26,201908
47,1,201908
47,115,201908
47,72,201908
47,341,201908
47,346,201908
47,137,201908
47,25,201908
47,274,201908
47,92,201908
48,52,201908
48,13,201908
48,14,201908
48,341,201908
48,60,201908
48,138,201908
48,195,201908
48,35,201908
48,160,201908
48,282,201908
48,0,201908
48,108,201908
48,143,201908
48,97,201908
48,6,201908
48,769,201908
48,77,201908
48,768,201908
48,41,201908
48,146,201908
48,93,201908
48,155,201908
48,134,201908
48,4,201908
48,32,201908
48,181,201908
48,11,201908
48,45,201908
48,112,201908
48,107,201908
48,463,201908
48,1137,201908
48,96,201908
48,21,201908
48,26,201908
48,16,201908
48,64,201908
48,54,201908
48,117,201908
48,12,201908
48,51,201908
48,120,201908
48,149,201908
48,180,201908
48,18,201908
48,444,201908
48,5,201908
48,80,201908
48,28,201908
48,320,201908
48,25,201908
48,40,201908
48,100,201908
48,63,201908
48,17,201908
48,1,201908
48,79,201908
48,119,201908
48,710,201908
48,281,201908
48,142,201908
48,156,201908
48,19,201908
48,76,201908
48,102,201908
48,57,201908
48,38,201908
48,434,201908
48,237,201908
48,815,201908
48,65,201908
48,126,201908
48,173,201908
48,194,201908
48,334,201908
48,316,201908
48,285,201908
48,172,201908
48,2,201908
48,85,201908
48,101,201908
48,83,201908
48,81,201908
48,31,201908
48,10,201908
48,20,201908
48,27,201908
48,29,201908
48,46,201908
48,136,201908
48,129,201908
48,1430,201908
48,208,201908
48,99,201908
48,178,201908
48,154,201908
48,92,201908
48,274,201908
48,137,201908
48,135,201908
48,59,201908
49,69,201908
49,806,201908
49,51,201908
50,69,201908
50,177,201908
50,4,201908
51,4,201908
51,29,201908
51,142,201908
51,176,201908
51,2,201908
51,126,201908
51,138,201908
51,215,201908
51,184,201908
51,1196,201908
51,741,201908
51,795,201908
51,214,201908
51,146,201908
51,23,201908
51,1,201908
51,110,201908
51,183,201908
51,69,201908
51,501,201908
51,5,201908
51,143,201908
51,77,201908
51,17,201908
51,160,201908
51,10,201908
51,124,201908
51,34,201908
51,11,201908
51,61,201908
51,13,201908
51,60,201908
51,12,201908
51,38,201908
51,180,201908
51,81,201908
51,100,201908
51,9,201908
51,139,201908
51,83,201908
51,165,201908
51,52,201908
51,19,201908
51,20,201908
51,31,201908
51,40,201908
51,107,201908
51,22,201908
51,113,201908
51,115,201908
51,28,201908
51,544,201908
51,97,201908
51,85,201908
51,99,201908
51,30,201908
51,21,201908
51,117,201908
51,121,201908
51,108,201908
51,274,201908
51,86,201908
51,96,201908
51,14,201908
51,27,201908
51,49,201908
51,92,201908
51,154,201908
51,89,201908
51,819,201908
51,223,201908
51,189,201908
51,164,201908
51,112,201908
51,18,201908
51,133,201908
51,33,201908
51,135,201908
51,150,201908
51,59,201908
51,64,201908
51,6,201908
51,207,201908
51,137,201908
51,7,201908
51,46,201908
51,32,201908
51,136,201908
51,25,201908
52,146,201908
52,433,201908
52,117,201908
52,13,201908
52,6,201908
52,26,201908
52,195,201908
52,29,201908
52,303,201908
52,28,201908
52,14,201908
52,51,201908
52,180,201908
52,142,201908
52,59,201908
52,19,201908
52,102,201908
52,138,201908
52,143,201908
52,126,201908
52,23,201908
52,293,201908
52,77,201908
52,281,201908
52,160,201908
52,69,201908
52,83,201908
52,243,201908
52,7,201908
52,17,201908
52,2,201908
52,85,201908
52,18,201908
52,31,201908
52,129,201908
52,139,201908
52,124,201908
52,0,201908
52,36,201908
52,1,201908
52,112,201908
52,21,201908
52,4,201908
52,274,201908
52,92,201908
52,183,201908
52,97,201908
52,10,201908
52,38,201908
52,27,201908
52,341,201908
52,64,201908
52,46,201908
52,96,201908
52,48,201908
52,5,201908
52,16,201908
52,136,201908
52,25,201908
52,99,201908
52,60,201908
52,35,201908
52,154,201908
52,108,201908
52,137,201908
52,320,201908
52,135,201908
52,32,201908
53,70,201908
53,160,201908
53,11,201908
53,15,201908
53,126,201908
53,136,201908
53,9,201908
53,25,201908
53,97,201908
53,29,201908
53,64,201908
53,18,201908
53,60,201908
53,2,201908
53,17,201908
53,137,201908
53,1,201908
53,10,201908
54,29,201908
54,1,201908
54,146,201908
54,143,201908
54,43,201908
54,422,201908
54,44,201908
54,440,201908
54,814,201908
54,77,201908
54,281,201908
54,160,201908
54,276,201908
54,430,201908
54,120,201908
54,25,201908
54,32,201908
54,72,201908
54,52,201908
54,48,201908
54,155,201908
54,112,201908
54,12,201908
54,23,201908
54,51,201908
54,21,201908
54,102,201908
54,96,201908
54,113,201908
54,11,201908
54,156,201908
54,133,201908
54,115,201908
54,2,201908
54,59,201908
54,182,201908
54,76,201908
54,892,201908
54,19,201908
54,137,201908
54,117,201908
54,64,201908
54,85,201908
54,121,201908
54,18,201908
54,341,201908
54,346,201908
54,139,201908
54,0,201908
54,5,201908
54,28,201908
54,4,201908
54,6,201908
54,375,201908
54,266,201908
54,108,201908
54,20,201908
54,83,201908
54,10,201908
54,136,201908
54,13,201908
54,26,201908
54,16,201908
54,60,201908
54,274,201908
54,17,201908
54,92,201908
54,27,201908
54,99,201908
54,154,201908
54,31,201908
54,97,201908
54,46,201908
54,14,201908
55,114,201908
55,102,201908
55,32,201908
55,134,201908
55,126,201908
55,237,201908
55,208,201908
55,942,201908
55,289,201908
55,180,201908
55,169,201908
55,6,201908
55,64,201908
55,97,201908
55,136,201908
55,29,201908
55,19,201908
55,26,201908
55,59,201908
55,46,201908
55,99,201908
57,143,201908
57,76,201908
57,77,201908
57,160,201908
57,413,201908
57,36,201908
57,126,201908
57,54,201908
57,0,201908
57,81,201908
57,139,201908
57,85,201908
57,17,201908
57,59,201908
57,341,201908
57,92,201908
57,97,201908
57,14,201908
57,6,201908
57,29,201908
57,99,201908
57,960,201908
57,136,201908
57,10,201908
57,60,201908
57,48,201908
57,137,201908
57,25,201908
57,375,201908
57,266,201908
57,32,201908
57,35,201908
57,64,201908
57,26,201908
57,19,201908
57,46,201908
58,35,201908
58,139,201908
58,143,201908
58,188,201908
58,160,201908
58,890,201908
58,141,201908
58,75,201908
58,25,201908
58,29,201908
58,60,201908
58,136,201908
58,64,201908
58,99,201908
58,32,201908
58,137,201908
58,46,201908
58,97,201908
59,146,201908
59,89,201908
59,63,201908
59,444,201908
59,110,201908
59,35,201908
59,29,201908
59,138,201908
59,143,201908
59,77,201908
59,160,201908
59,132,201908
59,57,201908
59,349,201908
59,76,201908
59,26,201908
59,120,201908
59,18,201908
59,51,201908
59,13,201908
59,82,201908
59,28,201908
59,31,201908
59,16,201908
59,208,201908
59,6,201908
59,81,201908
59,117,201908
59,172,201908
59,40,201908
59,14,201908
59,334,201908
59,99,201908
59,78,201908
59,83,201908
59,45,201908
59,100,201908
59,46,201908
59,137,201908
59,313,201908
59,38,201908
59,32,201908
59,2,201908
59,85,201908
59,217,201908
59,5,201908
59,134,201908
59,94,201908
59,92,201908
59,55,201908
59,96,201908
59,1,201908
59,107,201908
59,112,201908
59,23,201908
59,10,201908
59,126,201908
59,64,201908
59,194,201908
59,21,201908
59,36,201908
59,121,201908
59,97,201908
59,139,201908
59,133,201908
59,0,201908
59,11,201908
59,297,201908
59,4,201908
59,136,201908
59,142,201908
59,108,201908
59,20,201908
59,129,201908
59,48,201908
59,60,201908
59,17,201908
60,146,201908
60,17,201908
60,35,201908
60,36,201908
60,108,201908
60,129,201908
60,39,201908
60,137,201908
60,19,201908
60,83,201908
60,143,201908
60,76,201908
60,160,201908
60,41,201908
60,72,201908
60,133,201908
60,181,201908
60,113,201908
60,183,201908
60,45,201908
60,7,201908
60,18,201908
60,4,201908
60,20,201908
60,69,201908
60,11,201908
60,9,201908
60,51,201908
60,0,201908
60,5,201908
60,28,201908
60,14,201908
60,99,201908
60,31,201908
60,154,201908
60,112,201908
60,40,201908
60,13,201908
60,59,201908
60,64,201908
60,165,201908
60,12,201908
60,118,201908
60,355,201908
60,48,201908
60,96,201908
60,21,201908
60,26,201908
60,16,201908
60,58,201908
60,120,201908
60,6,201908
60,320,201908
60,57,201908
60,157,201908
60,156,201908
60,80,201908
60,81,201908
60,769,201908
60,172,201908
60,237,201908
60,38,201908
60,269,201908
60,134,201908
60,25,201908
60,180,201908
60,53,201908
60,176,201908
60,334,201908
60,77,201908
60,2,201908
60,195,201908
60,126,201908
60,85,201908
60,117,201908
60,32,201908
60,97,201908
60,52,201908
60,142,201908
60,23,201908
60,155,201908
60,46,201908
60,136,201908
60,75,201908
60,102,201908
60,54,201908
60,316,201908
60,10,201908
60,27,201908
60,217,201908
60,1,201908
60,194,201908
60,285,201908
60,29,201908
60,119,201908
60,178,201908
60,208,201908
60,274,201908
60,92,201908
60,135,201908
61,18,201908
61,111,201908
61,23,201908
61,143,201908
61,407,201908
61,160,201908
61,415,201908
61,130,201908
61,136,201908
61,29,201908
61,375,201908
61,17,201908
61,266,201908
61,1,201908
61,10,201908
61,1227,201908
61,97,201908
61,137,201908
62,66,201908
62,143,201908
62,77,201908
62,160,201908
62,44,201908
62,1227,201908
62,320,201908
62,375,201908
62,29,201908
62,1250,201908
62,18,201908
62,266,201908
62,97,201908
62,19,201908
62,46,201908
62,32,201908
62,137,201908
63,32,201908
63,77,201908
63,6,201908
63,59,201908
63,48,201908
63,960,201908
63,19,201908
63,320,201908
63,29,201908
63,99,201908
63,97,201908
63,46,201908
64,6,201908
64,297,201908
64,75,201908
64,81,201908
64,99,201908
64,14,201908
64,46,201908
64,19,201908
64,11,201908
64,433,201908
64,169,201908
64,154,201908
64,143,201908
64,77,201908
64,160,201908
64,1,201908
64,444,201908
64,18,201908
64,1441,201908
64,349,201908
64,165,201908
64,83,201908
64,1413,201908
64,1900,201908
64,931,201908
64,17,201908
64,21,201908
64,107,201908
64,51,201908
64,274,201908
64,146,201908
64,101,201908
64,224,201908
64,117,201908
64,2,201908
64,31,201908
64,34,201908
64,40,201908
64,1144,201908
64,100,201908
64,78,201908
64,36,201908
64,13,201908
64,52,201908
64,26,201908
64,45,201908
64,38,201908
64,135,201908
64,60,201908
64,97,201908
64,131,201908
64,270,201908
64,180,201908
64,134,201908
64,1065,201908
64,338,201908
64,237,201908
64,140,201908
64,55,201908
64,126,201908
64,730,201908
64,192,201908
64,142,201908
64,16,201908
64,722,201908
64,206,201908
64,102,201908
64,205,201908
64,155,201908
64,889,201908
64,27,201908
64,182,201908
64,58,201908
64,24,201908
64,120,201908
64,181,201908
64,176,201908
64,53,201908
64,0,201908
64,9,201908
64,172,201908
64,57,201908
64,65,201908
64,815,201908
64,10,201908
64,85,201908
64,278,201908
64,744,201908
64,129,201908
64,76,201908
64,39,201908
64,137,201908
64,136,201908
64,4,201908
64,89,201908
64,59,201908
64,20,201908
64,32,201908
64,48,201908
64,108,201908
64,28,201908
64,25,201908
64,29,201908
65,180,201908
65,23,201908
65,27,201908
65,92,201908
65,0,201908
65,29,201908
65,355,201908
65,320,201908
65,99,201908
65,32,201908
65,1250,201908
65,97,201908
65,48,201908
65,18,201908
65,375,201908
65,26,201908
65,46,201908
65,64,201908
65,19,201908
65,266,201908
65,137,201908
66,29,201908
66,62,201908
66,143,201908
66,77,201908
66,160,201908
66,6,201908
66,375,201908
66,10,201908
66,1227,201908
66,1250,201908
66,266,201908
66,46,201908
66,137,201908
66,18,201908
66,97,201908
66,32,201908
67,136,201908
68,358,201908
68,136,201908
69,53,201908
69,17,201908
69,20,201908
69,311,201908
69,806,201908
69,317,201908
69,49,201908
69,177,201908
69,50,201908
69,247,201908
69,137,201908
69,51,201908
69,138,201908
69,143,201908
69,160,201908
69,124,201908
69,12,201908
69,32,201908
69,77,201908
69,27,201908
69,274,201908
69,2,201908
69,97,201908
69,48,201908
69,72,201908
69,135,201908
69,107,201908
69,85,201908
69,121,201908
69,136,201908
69,113,201908
69,6,201908
69,92,201908
69,23,201908
69,0,201908
69,133,201908
69,29,201908
69,10,201908
69,28,201908
69,4,201908
69,183,201908
69,112,201908
69,21,201908
69,1,201908
69,5,201908
69,18,201908
69,11,201908
70,53,201908
70,1,201908
70,346,201908
70,29,201908
70,17,201908
70,1227,201908
70,136,201908
70,10,201908
70,11,201908
70,137,201908
71,515,201908
71,136,201908
71,137,201908
72,247,201908
72,64,201908
72,12,201908
72,552,201908
72,9,201908
72,23,201908
72,143,201908
72,85,201908
72,146,201908
72,160,201908
72,27,201908
72,6,201908
72,137,201908
72,20,201908
72,93,201908
72,21,201908
72,51,201908
72,121,201908
72,4,201908
72,32,201908
72,107,201908
72,112,201908
72,13,201908
72,101,201908
72,54,201908
72,156,201908
72,108,201908
72,31,201908
72,96,201908
72,17,201908
72,25,201908
72,2,201908
72,0,201908
72,69,201908
72,60,201908
72,14,201908
72,170,201908
72,11,201908
72,5,201908
72,28,201908
72,97,201908
72,346,201908
72,29,201908
72,355,201908
72,136,201908
72,375,201908
72,266,201908
72,10,201908
72,46,201908
72,18,201908
72,1,201908
72,154,201908
72,92,201908
72,274,201908
73,341,201908
73,35,201908
73,97,201908
73,137,201908
73,46,201908
74,341,201908
74,14,201908
74,25,201908
74,12,201908
74,27,201908
74,346,201908
74,29,201908
74,136,201908
74,18,201908
74,97,201908
74,32,201908
75,739,201908
75,154,201908
75,180,201908
75,66,201908
75,341,201908
75,1,201908
75,193,201908
75,97,201908
75,136,201908
75,46,201908
75,960,201908
75,6,201908
75,26,201908
75,29,201908
75,99,201908
75,25,201908
75,19,201908
75,60,201908
76,146,201908
76,120,201908
76,25,201908
76,83,201908
76,140,201908
76,143,201908
76,97,201908
76,39,201908
76,45,201908
76,46,201908
76,6,201908
76,48,201908
76,57,201908
76,60,201908
76,160,201908
76,18,201908
76,29,201908
76,108,201908
76,134,201908
76,180,201908
76,14,201908
76,64,201908
76,1172,201908
76,375,201908
76,32,201908
76,35,201908
76,266,201908
76,19,201908
76,137,201908
76,26,201908
76,99,201908
77,192,201908
77,176,201908
77,25,201908
77,27,201908
77,108,201908
77,303,201908
77,79,201908
77,110,201908
77,97,201908
77,52,201908
77,31,201908
77,13,201908
77,14,201908
77,15,201908
77,16,201908
77,46,201908
77,136,201908
77,137,201908
77,32,201908
77,6,201908
77,61,201908
77,181,201908
77,57,201908
77,64,201908
77,59,201908
77,17,201908
77,281,201908
77,160,201908
77,35,201908
77,54,201908
77,18,201908
77,5,201908
77,12,201908
77,23,201908
77,29,201908
77,51,201908
77,19,201908
77,1,201908
77,40,201908
77,374,201908
77,83,201908
77,120,201908
77,144,201908
77,28,201908
77,66,201908
77,4,201908
77,154,201908
77,126,201908
77,101,201908
77,180,201908
77,124,201908
77,80,201908
77,93,201908
77,38,201908
77,2,201908
77,132,201908
77,500,201908
77,69,201908
77,100,201908
77,183,201908
77,22,201908
77,26,201908
77,195,201908
77,119,201908
77,36,201908
77,20,201908
77,129,201908
77,21,201908
77,133,201908
77,99,201908
77,134,201908
77,139,201908
77,341,201908
77,346,201908
77,182,201908
77,142,201908
77,112,201908
77,94,201908
77,0,201908
77,320,201908
77,78,201908
77,45,201908
77,355,201908
77,85,201908
77,10,201908
77,266,201908
77,1250,201908
77,60,201908
77,48,201908
77,375,201908
77,11,201908
77,274,201908
77,135,201908
77,92,201908
78,160,201908
78,137,201908
78,25,201908
78,32,201908
78,100,201908
78,341,201908
78,120,201908
78,13,201908
78,98,201908
78,29,201908
78,136,201908
78,26,201908
78,18,201908
78,294,201908
78,434,201908
78,77,201908
78,143,201908
78,35,201908
78,64,201908
78,79,201908
78,102,201908
78,31,201908
78,59,201908
78,6,201908
78,180,201908
78,181,201908
78,14,201908
78,281,201908
78,19,201908
78,40,201908
78,99,201908
78,146,201908
78,16,201908
78,46,201908
78,97,201908
79,63,201908
79,146,201908
79,137,201908
79,433,201908
79,138,201908
79,4,201908
79,21,201908
79,77,201908
79,160,201908
79,339,201908
79,6,201908
79,24,201908
79,29,201908
79,48,201908
79,78,201908
79,31,201908
79,1250,201908
79,375,201908
79,97,201908
79,320,201908
79,32,201908
79,19,201908
79,46,201908
79,266,201908
80,19,201908
80,58,201908
80,156,201908
80,143,201908
80,160,201908
80,54,201908
80,102,201908
80,419,201908
80,81,201908
80,48,201908
80,1,201908
80,9,201908
80,45,201908
80,18,201908
80,40,201908
80,98,201908
80,142,201908
80,115,201908
80,72,201908
80,83,201908
80,2,201908
80,180,201908
80,17,201908
80,85,201908
80,136,201908
80,77,201908
80,64,201908
80,99,201908
80,25,201908
80,26,201908
80,29,201908
80,346,201908
80,10,201908
80,137,201908
80,60,201908
80,35,201908
80,108,201908
80,14,201908
80,32,201908
80,135,201908
80,92,201908
80,274,201908
80,46,201908
80,97,201908
81,45,201908
81,77,201908
81,133,201908
81,38,201908
81,131,201908
81,54,201908
81,134,201908
81,80,201908
81,23,201908
81,83,201908
81,129,201908
81,85,201908
81,47,201908
81,444,201908
81,35,201908
81,160,201908
81,21,201908
81,107,201908
81,1366,201908
81,51,201908
81,165,201908
81,102,201908
81,119,201908
81,132,201908
81,64,201908
81,205,201908
81,17,201908
81,62,201908
81,156,201908
81,20,201908
81,28,201908
81,27,201908
81,40,201908
81,12,201908
81,4,201908
81,139,201908
81,18,201908
81,32,201908
81,180,201908
81,100,201908
81,2,201908
81,22,201908
81,341,201908
81,25,201908
81,26,201908
81,36,201908
81,72,201908
81,0,201908
81,346,201908
81,19,201908
81,6,201908
81,59,201908
81,29,201908
81,60,201908
81,136,201908
81,320,201908
81,11,201908
81,92,201908
81,5,201908
81,48,201908
81,10,201908
81,13,201908
81,274,201908
81,1,201908
81,99,201908
81,46,201908
81,154,201908
81,108,201908
81,31,201908
81,97,201908
81,14,201908
81,137,201908
81,135,201908
82,100,201908
82,341,201908
82,26,201908
82,46,201908
82,97,201908
83,6,201908
83,45,201908
83,97,201908
83,85,201908
83,14,201908
83,46,201908
83,34,201908
83,26,201908
83,40,201908
83,60,201908
83,19,201908
83,143,201908
83,813,201908
83,278,201908
83,77,201908
83,160,201908
83,38,201908
83,64,201908
83,32,201908
83,133,201908
83,16,201908
83,156,201908
83,11,201908
83,23,201908
83,116,201908
83,80,201908
83,5,201908
83,12,201908
83,2,201908
83,181,201908
83,17,201908
83,124,201908
83,107,201908
83,21,201908
83,99,201908
83,27,201908
83,155,201908
83,165,201908
83,134,201908
83,13,201908
83,108,201908
83,20,201908
83,131,201908
83,250,201908
83,183,201908
83,35,201908
83,960,201908
83,100,201908
83,52,201908
83,18,201908
83,102,201908
83,142,201908
83,0,201908
83,119,201908
83,28,201908
83,112,201908
83,25,201908
83,1250,201908
83,266,201908
83,81,201908
83,146,201908
83,54,201908
83,129,201908
83,36,201908
83,29,201908
83,59,201908
83,180,201908
83,126,201908
83,285,201908
83,31,201908
83,48,201908
83,1,201908
83,92,201908
83,4,201908
83,10,201908
83,274,201908
83,136,201908
83,154,201908
83,135,201908
83,137,201908
84,223,201908
84,164,201908
84,30,201908
84,86,201908
84,754,201908
84,160,201908
84,18,201908
84,136,201908
84,29,201908
84,1227,201908
84,10,201908
84,11,201908
84,4,201908
85,2,201908
85,77,201908
85,19,201908
85,274,201908
85,137,201908
85,143,201908
85,146,201908
85,72,201908
85,552,201908
85,740,201908
85,165,201908
85,160,201908
85,483,201908
85,132,201908
85,119,201908
85,64,201908
85,121,201908
85,47,201908
85,12,201908
85,51,201908
85,25,201908
85,133,201908
85,26,201908
85,155,201908
85,183,201908
85,100,201908
85,117,201908
85,69,201908
85,54,201908
85,20,201908
85,149,201908
85,57,201908
85,129,201908
85,16,201908
85,29,201908
85,32,201908
85,13,201908
85,0,201908
85,40,201908
85,164,201908
85,38,201908
85,81,201908
85,102,201908
85,23,201908
85,156,201908
85,11,201908
85,80,201908
85,94,201908
85,346,201908
85,4,201908
85,52,201908
85,45,201908
85,1366,201908
85,112,201908
85,113,201908
85,120,201908
85,107,201908
85,116,201908
85,266,201908
85,355,201908
85,142,201908
85,341,201908
85,96,201908
85,136,201908
85,6,201908
85,83,201908
85,108,201908
85,97,201908
85,28,201908
85,115,201908
85,60,201908
85,18,201908
85,93,201908
85,35,201908
85,10,201908
85,27,201908
85,48,201908
85,59,201908
85,17,201908
85,99,201908
85,5,201908
85,14,201908
85,21,201908
85,154,201908
85,31,201908
85,135,201908
85,1,201908
85,46,201908
85,92,201908
86,16,201908
86,84,201908
86,18,201908
86,20,201908
86,1445,201908
86,48,201908
86,29,201908
86,115,201908
86,4,201908
86,51,201908
86,17,201908
86,32,201908
86,26,201908
86,121,201908
86,11,201908
86,10,201908
86,1227,201908
86,25,201908
86,136,201908
86,97,201908
86,6,201908
86,137,201908
87,89,201908
87,291,201908
87,110,201908
87,168,201908
87,203,201908
88,4,201908
88,18,201908
88,136,201908
88,11,201908
89,90,201908
89,8,201908
89,243,201908
89,7,201908
89,97,201908
89,17,201908
89,87,201908
89,212,201908
89,5,201908
89,770,201908
89,133,201908
89,892,201908
89,137,201908
89,23,201908
89,110,201908
89,835,201908
89,778,201908
89,323,201908
89,160,201908
89,112,201908
89,21,201908
89,22,201908
89,51,201908
89,20,201908
89,10,201908
89,32,201908
89,64,201908
89,28,201908
89,18,201908
89,121,201908
89,11,201908
89,6,201908
89,13,201908
89,1,201908
89,4,201908
89,59,201908
89,25,201908
89,29,201908
89,136,201908
90,89,201908
90,243,201908
90,7,201908
90,8,201908
90,1065,201908
90,17,201908
92,1099,201908
92,250,201908
92,132,201908
92,20,201908
92,444,201908
92,22,201908
92,120,201908
92,117,201908
92,183,201908
92,16,201908
92,119,201908
92,6,201908
92,69,201908
92,52,201908
92,107,201908
92,146,201908
92,247,201908
92,121,201908
92,108,201908
92,134,201908
92,124,201908
92,57,201908
92,116,201908
92,341,201908
92,102,201908
92,38,201908
92,32,201908
92,195,201908
92,346,201908
92,9,201908
92,142,201908
92,18,201908
92,11,201908
92,23,201908
92,4,201908
92,51,201908
92,21,201908
92,137,201908
92,19,201908
92,129,201908
92,115,201908
92,100,201908
92,46,201908
92,143,201908
92,12,201908
92,133,201908
92,156,201908
92,113,201908
92,1366,201908
92,45,201908
92,81,201908
92,13,201908
92,59,201908
92,112,201908
92,83,201908
92,54,201908
92,40,201908
92,160,201908
92,77,201908
92,47,201908
92,80,201908
92,72,201908
92,165,201908
92,27,201908
92,48,201908
92,149,201908
92,96,201908
92,99,201908
92,5,201908
92,28,201908
92,26,201908
92,93,201908
92,154,201908
92,31,201908
92,85,201908
92,1,201908
92,2,201908
92,60,201908
92,14,201908
92,97,201908
92,17,201908
92,10,201908
92,0,201908
92,136,201908
92,135,201908
92,274,201908
93,146,201908
93,35,201908
93,112,201908
93,160,201908
93,72,201908
93,83,201908
93,136,201908
93,1366,201908
93,21,201908
93,12,201908
93,5,201908
93,274,201908
93,135,201908
93,154,201908
93,14,201908
93,17,201908
93,108,201908
93,0,201908
93,31,201908
93,346,201908
93,165,201908
93,25,201908
93,29,201908
93,85,201908
93,137,201908
93,92,201908
94,1174,201908
94,29,201908
94,341,201908
94,83,201908
94,48,201908
94,270,201908
94,134,201908
94,32,201908
94,77,201908
94,19,201908
94,237,201908
94,120,201908
94,31,201908
94,176,201908
94,181,201908
94,16,201908
94,281,201908
94,126,201908
94,14,201908
94,40,201908
94,26,201908
94,99,201908
94,146,201908
94,6,201908
94,59,201908
94,46,201908
94,97,201908
95,31,201908
95,281,201908
95,160,201908
95,355,201908
95,1250,201908
95,320,201908
95,46,201908
95,266,201908
95,375,201908
96,25,201908
96,243,201908
96,176,201908
96,130,201908
96,299,201908
96,165,201908
96,23,201908
96,1,201908
96,143,201908
96,115,201908
96,160,201908
96,124,201908
96,12,201908
96,119,201908
96,18,201908
96,81,201908
96,38,201908
96,108,201908
96,97,201908
96,80,201908
96,183,201908
96,129,201908
96,22,201908
96,72,201908
96,31,201908
96,83,201908
96,146,201908
96,32,201908
96,45,201908
96,46,201908
96,54,201908
96,93,201908
96,4,201908
96,11,201908
96,29,201908
96,21,201908
96,26,201908
96,154,201908
96,133,201908
96,51,201908
96,107,201908
96,156,201908
96,136,201908
96,16,201908
96,346,201908
96,9,201908
96,336,201908
96,60,201908
96,0,201908
96,2,201908
96,801,201908
96,99,201908
96,113,201908
96,1269,201908
96,17,201908
96,85,201908
96,10,201908
96,28,201908
96,112,201908
96,27,201908
96,137,201908
96,59,201908
96,20,201908
96,135,201908
96,14,201908
96,5,201908
96,92,201908
96,274,201908
97,45,201908
97,29,201908
97,146,201908
97,31,201908
97,60,201908
97,116,201908
97,124,201908
97,20,201908
97,110,201908
97,4,201908
97,137,201908
97,19,201908
97,143,201908
97,552,201908
97,167,201908
97,6,201908
97,76,201908
97,77,201908
97,160,201908
97,93,201908
97,32,201908
97,142,201908
97,233,201908
97,57,201908
97,113,201908
97,180,201908
97,52,201908
97,133,201908
97,104,201908
97,28,201908
97,80,201908
97,34,201908
97,1366,201908
97,40,201908
97,149,201908
97,72,201908
97,51,201908
97,18,201908
97,107,201908
97,35,201908
97,1144,201908
97,59,201908
97,11,201908
97,119,201908
97,250,201908
97,320,201908
97,73,201908
97,141,201908
97,9,201908
97,140,201908
97,112,201908
97,23,201908
97,17,201908
97,75,201908
97,165,201908
97,100,201908
97,48,201908
97,64,201908
97,530,201908
97,102,201908
97,21,201908
97,83,201908
97,132,201908
97,96,201908
97,111,201908
97,12,201908
97,270,201908
97,164,201908
97,935,201908
97,173,201908
97,25,201908
97,223,201908
97,55,201908
97,13,201908
97,136,201908
97,62,201908
97,65,201908
97,125,201908
97,169,201908
97,152,201908
97,2,201908
97,188,201908
97,118,201908
97,43,201908
97,129,201908
97,53,201908
97,309,201908
97,15,201908
97,341,201908
97,813,201908
97,63,201908
97,182,201908
97,85,201908
97,79,201908
97,237,201908
97,192,201908
97,86,201908
97,455,201908
97,544,201908
97,5,201908
97,144,201908
97,99,201908
97,61,201908
97,1052,201908
97,860,201908
97,224,201908
97,74,201908
97,342,201908
97,159,201908
97,452,201908
97,197,201908
97,0,201908
97,36,201908
97,155,201908
97,26,201908
97,744,201908
97,278,201908
97,510,201908
97,216,201908
97,393,201908
97,16,201908
97,178,201908
97,435,201908
97,10,201908
97,41,201908
97,285,201908
97,66,201908
97,269,201908
97,208,201908
97,198,201908
97,163,201908
97,46,201908
97,287,201908
97,39,201908
97,1,201908
97,139,201908
97,158,201908
97,89,201908
97,81,201908
97,54,201908
97,176,201908
97,101,201908
97,22,201908
97,108,201908
97,120,201908
97,117,201908
97,172,201908
97,27,201908
97,98,201908
97,106,201908
97,131,201908
97,154,201908
97,134,201908
97,126,201908
97,769,201908
97,24,201908
97,14,201908
97,274,201908
97,92,201908
97,181,201908
97,82,201908
97,157,201908
97,355,201908
97,58,201908
97,135,201908
97,94,201908
97,78,201908
97,156,201908
97,38,201908
98,92,201908
98,931,201908
98,1597,201908
98,76,201908
98,78,201908
98,46,201908
98,137,201908
98,25,201908
98,97,201908
99,114,201908
99,180,201908
99,97,201908
99,221,201908
99,6,201908
99,181,201908
99,134,201908
99,80,201908
99,11,201908
99,26,201908
99,46,201908
99,143,201908
99,13,201908
99,16,201908
99,77,201908
99,51,201908
99,149,201908
99,112,201908
99,1366,201908
99,81,201908
99,129,201908
99,165,201908
99,2,201908
99,18,201908
99,21,201908
99,113,201908
99,28,201908
99,47,201908
99,93,201908
99,83,201908
99,133,201908
99,20,201908
99,278,201908
99,24,201908
99,17,201908
99,100,201908
99,146,201908
99,131,201908
99,35,201908
99,341,201908
99,34,201908
99,60,201908
99,154,201908
99,544,201908
99,104,201908
99,267,201908
99,96,201908
99,320,201908
99,156,201908
99,19,201908
99,45,201908
99,57,201908
99,5,201908
99,744,201908
99,769,201908
99,106,201908
99,136,201908
99,1,201908
99,10,201908
99,31,201908
99,75,201908
99,39,201908
99,63,201908
99,65,201908
99,297,201908
99,250,201908
99,126,201908
99,224,201908
99,170,201908
99,157,201908
99,117,201908
99,41,201908
99,12,201908
99,59,201908
99,40,201908
99,355,201908
99,9,201908
99,124,201908
99,58,201908
99,155,201908
99,94,201908
99,142,201908
99,102,201908
99,36,201908
99,29,201908
99,78,201908
99,139,201908
99,101,201908
99,52,201908
99,76,201908
99,132,201908
99,349,201908
99,32,201908
99,38,201908
99,85,201908
99,160,201908
99,208,201908
99,27,201908
99,25,201908
99,55,201908
99,54,201908
99,0,201908
99,108,201908
99,48,201908
99,4,201908
99,92,201908
99,274,201908
99,135,201908
99,137,201908
100,142,201908
100,64,201908
100,0,201908
100,35,201908
100,19,201908
100,156,201908
100,83,201908
100,143,201908
100,129,201908
100,76,201908
100,160,201908
100,1444,201908
100,146,201908
100,18,201908
100,139,201908
100,108,201908
100,112,201908
100,89,201908
100,80,201908
100,183,201908
100,51,201908
100,40,201908
100,5,201908
100,102,201908
100,113,201908
100,338,201908
100,32,201908
100,52,201908
100,154,201908
100,27,201908
100,81,201908
100,17,201908
100,45,201908
100,192,201908
100,99,201908
100,21,201908
100,85,201908
100,10,201908
100,29,201908
100,16,201908
100,28,201908
100,97,201908
100,14,201908
100,48,201908
100,77,201908
100,341,201908
100,54,201908
100,60,201908
100,281,201908
100,25,201908
100,710,201908
100,6,201908
100,38,201908
100,26,201908
100,59,201908
100,285,201908
100,136,201908
100,274,201908
100,92,201908
100,135,201908
100,13,201908
100,46,201908
100,31,201908
100,137,201908
101,46,201908
101,143,201908
101,77,201908
101,160,201908
101,140,201908
101,445,201908
101,25,201908
101,136,201908
101,40,201908
101,64,201908
101,29,201908
101,14,201908
101,6,201908
101,19,201908
101,1250,201908
101,355,201908
101,10,201908
101,137,201908
101,18,201908
101,26,201908
101,35,201908
101,99,201908
101,48,201908
101,375,201908
101,32,201908
101,266,201908
101,97,201908
102,180,201908
102,142,201908
102,52,201908
102,19,201908
102,143,201908
102,297,201908
102,62,201908
102,160,201908
102,349,201908
102,1441,201908
102,59,201908
102,113,201908
102,181,201908
102,117,201908
102,80,201908
102,99,201908
102,112,201908
102,139,201908
102,22,201908
102,18,201908
102,83,201908
102,21,201908
102,96,201908
102,97,201908
102,54,201908
102,4,201908
102,10,201908
102,77,201908
102,136,201908
102,92,201908
102,85,201908
102,40,201908
102,29,201908
102,154,201908
102,27,201908
102,13,201908
102,46,201908
102,6,201908
102,274,201908
102,31,201908
102,64,201908
102,78,201908
102,48,201908
102,146,201908
102,1250,201908
102,60,201908
102,36,201908
102,32,201908
102,108,201908
102,135,201908
102,14,201908
103,14,201908
103,146,201908
103,25,201908
103,17,201908
103,28,201908
103,1227,201908
103,10,201908
104,161,201908
104,143,201908
104,77,201908
104,160,201908
104,76,201908
104,346,201908
104,25,201908
104,99,201908
104,136,201908
104,10,201908
104,29,201908
104,355,201908
104,17,201908
104,266,201908
104,1227,201908
104,375,201908
104,46,201908
104,97,201908
104,137,201908
105,11,201908
105,228,201908
105,18,201908
105,5,201908
105,17,201908
105,10,201908
105,136,201908
105,1227,201908
106,341,201908
106,19,201908
106,99,201908
106,46,201908
106,97,201908
107,1,201908
107,31,201908
107,112,201908
107,80,201908
107,501,201908
107,5,201908
107,23,201908
107,143,201908
107,183,201908
107,160,201908
107,184,201908
107,72,201908
107,83,201908
107,9,201908
107,16,201908
107,12,201908
107,165,201908
107,77,201908
107,26,201908
107,124,201908
107,0,201908
107,81,201908
107,19,201908
107,60,201908
107,51,201908
107,32,201908
107,14,201908
107,180,201908
107,10,201908
107,85,201908
107,22,201908
107,11,201908
107,154,201908
107,136,201908
107,2,201908
107,113,201908
107,92,201908
107,262,201908
107,96,201908
107,4,201908
107,54,201908
107,62,201908
107,27,201908
107,274,201908
107,133,201908
107,18,201908
107,2130,201908
107,25,201908
107,29,201908
107,121,201908
107,59,201908
107,20,201908
107,135,201908
107,17,201908
107,28,201908
107,137,201908
108,6,201908
108,60,201908
108,31,201908
108,48,201908
108,77,201908
108,35,201908
108,40,201908
108,138,201908
108,139,201908
108,113,201908
108,154,201908
108,14,201908
108,146,201908
108,137,201908
108,25,201908
108,103,201908
108,1444,201908
108,19,201908
108,143,201908
108,433,201908
108,552,201908
108,100,201908
108,160,201908
108,110,201908
108,134,201908
108,12,201908
108,132,201908
108,1413,201908
108,93,201908
108,133,201908
108,4,201908
108,11,201908
108,34,201908
108,115,201908
108,32,201908
108,124,201908
108,112,201908
108,17,201908
108,22,201908
108,20,201908
108,94,201908
108,107,201908
108,72,201908
108,1,201908
108,5,201908
108,149,201908
108,83,201908
108,13,201908
108,46,201908
108,1455,201908
108,96,201908
108,28,201908
108,739,201908
108,85,201908
108,69,201908
108,117,201908
108,18,201908
108,131,201908
108,16,201908
108,21,201908
108,36,201908
108,9,201908
108,41,201908
108,142,201908
108,54,201908
108,120,201908
108,237,201908
108,76,201908
108,156,201908
108,769,201908
108,29,201908
108,208,201908
108,80,201908
108,2,201908
108,285,201908
108,0,201908
108,10,201908
108,119,201908
108,129,201908
108,155,201908
108,27,201908
108,52,201908
108,180,201908
108,178,201908
108,102,201908
108,26,201908
108,136,201908
108,81,201908
108,99,201908
108,97,201908
108,92,201908
108,59,201908
108,274,201908
108,64,201908
108,135,201908
109,110,201908
109,427,201908
109,306,201908
109,127,201908
109,128,201908
109,4,201908
109,633,201908
109,677,201908
109,676,201908
109,846,201908
109,628,201908
109,723,201908
109,655,201908
109,593,201908
109,729,201908
109,864,201908
109,592,201908
109,613,201908
109,629,201908
109,305,201908
109,724,201908
110,146,201908
110,59,201908
110,29,201908
110,19,201908
110,137,201908
110,17,201908
110,232,201908
110,424,201908
110,351,201908
110,352,201908
110,694,201908
110,35,201908
110,230,201908
110,236,201908
110,196,201908
110,231,201908
110,229,201908
110,201,201908
110,226,201908
110,185,201908
110,186,201908
110,425,201908
110,627,201908
110,525,201908
110,448,201908
110,190,201908
110,305,201908
110,235,201908
110,947,201908
110,591,201908
110,474,201908
110,109,201908
110,558,201908
110,559,201908
110,427,201908
110,830,201908
110,920,201908
110,306,201908
110,640,201908
110,127,201908
110,290,201908
110,808,201908
110,684,201908
110,1222,201908
110,128,201908
110,633,201908
110,630,201908
110,565,201908
110,712,201908
110,603,201908
110,695,201908
110,465,201908
110,225,201908
110,200,201908
110,1168,201908
110,560,201908
110,31,201908
110,45,201908
110,58,201908
110,207,201908
110,841,201908
110,707,201908
110,719,201908
110,23,201908
110,143,201908
110,1,201908
110,191,201908
110,4,201908
110,6,201908
110,87,201908
110,77,201908
110,160,201908
110,5,201908
110,363,201908
110,516,201908
110,636,201908
110,997,201908
110,444,201908
110,594,201908
110,651,201908
110,847,201908
110,1183,201908
110,665,201908
110,0,201908
110,596,201908
110,20,201908
110,54,201908
110,222,201908
110,886,201908
110,10,201908
110,51,201908
110,89,201908
110,11,201908
110,25,201908
110,97,201908
110,18,201908
110,136,201908
111,147,201908
111,61,201908
111,265,201908
111,29,201908
111,25,201908
111,18,201908
111,97,201908
111,17,201908
111,20,201908
111,136,201908
111,6,201908
111,10,201908
111,46,201908
111,1227,201908
111,11,201908
111,137,201908
112,17,201908
112,20,201908
112,169,201908
112,180,201908
112,143,201908
112,77,201908
112,160,201908
112,146,201908
112,57,201908
112,395,201908
112,274,201908
112,92,201908
112,11,201908
112,931,201908
112,150,201908
112,444,201908
112,81,201908
112,115,201908
112,108,201908
112,247,201908
112,135,201908
112,99,201908
112,89,201908
112,45,201908
112,93,201908
112,18,201908
112,64,201908
112,129,201908
112,186,201908
112,32,201908
112,149,201908
112,54,201908
112,48,201908
112,14,201908
112,12,201908
112,133,201908
112,97,201908
112,2,201908
112,9,201908
112,16,201908
112,40,201908
112,0,201908
112,27,201908
112,142,201908
112,52,201908
112,136,201908
112,19,201908
112,60,201908
112,83,201908
112,85,201908
112,165,201908
112,31,201908
112,10,201908
112,183,201908
112,22,201908
112,28,201908
112,51,201908
112,96,201908
112,4,201908
112,8,201908
112,107,201908
112,7,201908
112,69,201908
112,243,201908
112,6,201908
112,13,201908
112,59,201908
112,207,201908
112,154,201908
112,29,201908
112,121,201908
112,25,201908
112,113,201908
112,23,201908
112,137,201908
112,1,201908
113,85,201908
113,52,201908
113,137,201908
113,10,201908
113,131,201908
113,1,201908
113,40,201908
113,126,201908
113,143,201908
113,160,201908
113,26,201908
113,13,201908
113,189,201908
113,97,201908
113,19,201908
113,1488,201908
113,60,201908
113,47,201908
113,247,201908
113,142,201908
113,54,201908
113,72,201908
113,99,201908
113,9,201908
113,112,201908
113,376,201908
113,77,201908
113,2,201908
113,115,201908
113,81,201908
113,135,201908
113,154,201908
113,124,201908
113,1366,201908
113,18,201908
113,31,201908
113,48,201908
113,11,201908
113,51,201908
113,46,201908
113,165,201908
113,69,201908
113,0,201908
113,4,201908
113,96,201908
113,183,201908
113,5,201908
113,20,201908
113,819,201908
113,207,201908
113,274,201908
113,92,201908
113,32,201908
113,136,201908
113,6,201908
113,29,201908
113,25,201908
113,21,201908
114,6,201908
114,64,201908
114,134,201908
114,117,201908
114,182,201908
114,120,201908
114,899,201908
114,349,201908
114,32,201908
114,29,201908
114,19,201908
114,26,201908
114,375,201908
114,46,201908
114,266,201908
114,99,201908
115,552,201908
115,149,201908
115,165,201908
115,1,201908
115,220,201908
115,160,201908
115,23,201908
115,204,201908
115,96,201908
115,54,201908
115,20,201908
115,11,201908
115,21,201908
115,69,201908
115,1366,201908
115,135,201908
115,17,201908
115,154,201908
115,108,201908
115,47,201908
115,113,201908
115,97,201908
115,183,201908
115,5,201908
115,2,201908
115,99,201908
115,72,201908
115,25,201908
115,133,201908
115,14,201908
115,31,201908
115,341,201908
115,86,201908
115,346,201908
115,92,201908
115,136,201908
115,137,201908
115,85,201908
115,10,201908
115,274,201908
116,17,201908
116,46,201908
116,165,201908
116,1,201908
116,72,201908
116,11,201908
116,21,201908
116,20,201908
116,0,201908
116,135,201908
116,1366,201908
116,112,201908
116,92,201908
116,26,201908
116,346,201908
116,28,201908
116,31,201908
116,85,201908
116,136,201908
116,10,201908
116,137,201908
116,25,201908
116,274,201908
117,52,201908
117,146,201908
117,6,201908
117,32,201908
117,206,201908
117,160,201908
117,31,201908
117,2039,201908
117,26,201908
117,144,201908
117,274,201908
117,0,201908
117,129,201908
117,181,201908
117,92,201908
117,85,201908
117,55,201908
117,77,201908
117,10,201908
117,155,201908
117,9,201908
117,97,201908
117,154,201908
117,120,201908
117,139,201908
117,135,201908
117,108,201908
117,64,201908
117,29,201908
117,51,201908
117,11,201908
117,46,201908
117,59,201908
117,19,201908
117,99,201908
117,266,201908
117,13,201908
117,18,201908
117,60,201908
117,14,201908
118,58,201908
118,157,201908
118,156,201908
118,143,201908
118,945,201908
118,160,201908
118,25,201908
118,60,201908
118,136,201908
118,97,201908
118,137,201908
119,96,201908
119,146,201908
119,27,201908
119,155,201908
119,1366,201908
119,31,201908
119,92,201908
119,32,201908
119,136,201908
119,13,201908
119,1,201908
119,9,201908
119,274,201908
119,142,201908
119,81,201908
119,181,201908
119,135,201908
119,97,201908
119,83,201908
119,48,201908
119,36,201908
119,320,201908
119,108,201908
119,19,201908
119,60,201908
119,14,201908
120,131,201908
120,76,201908
120,8,201908
120,14,201908
120,64,201908
120,38,201908
120,19,201908
120,143,201908
120,77,201908
120,281,201908
120,160,201908
120,100,201908
120,274,201908
120,1904,201908
120,17,201908
120,48,201908
120,208,201908
120,180,201908
120,28,201908
120,126,201908
120,92,201908
120,142,201908
120,165,201908
120,27,201908
120,46,201908
120,154,201908
120,54,201908
120,135,201908
120,136,201908
120,341,201908
120,26,201908
120,75,201908
120,6,201908
120,59,201908
120,137,201908
120,85,201908
120,108,201908
120,60,201908
120,94,201908
120,31,201908
120,375,201908
120,29,201908
120,266,201908
120,29,201908
120,26,201908
120,35,201908
120,6,201908
120,64,201908
120,59,201908
120,48,201908
120,60,201908
120,25,201908
120,13,201908
120,136,201908
120,18,201908
120,46,201908
120,19,201908
120,32,201908
120,97,201908
120,137,201908
121,286,201908
121,20,201908
121,143,201908
121,160,201908
121,96,201908
121,1131,201908
121,274,201908
121,85,201908
121,154,201908
121,12,201908
121,4,201908
121,11,201908
121,2,201908
121,135,201908
121,69,201908
121,51,201908
121,0,201908
121,86,201908
121,136,201908
121,107,201908
121,13,201908
121,1,201908
121,89,201908
121,112,201908
121,5,201908
121,21,201908
121,59,201908
121,10,201908
122,762,201908
122,265,201908
122,43,201908
122,29,201908
122,266,201908
122,136,201908
122,10,201908
122,1227,201908
122,18,201908
122,137,201908
123,122,201908
123,265,201908
123,738,201908
123,18,201908
123,136,201908
123,1227,201908
123,10,201908
124,165,201908
124,160,201908
124,143,201908
124,96,201908
124,112,201908
124,26,201908
124,136,201908
124,12,201908
124,115,201908
124,107,201908
124,20,201908
124,17,201908
124,97,201908
124,149,201908
124,28,201908
124,11,201908
124,19,201908
124,99,201908
124,23,201908
124,133,201908
124,83,201908
124,21,201908
124,14,201908
124,92,201908
124,159,201908
124,16,201908
124,31,201908
124,22,201908
124,29,201908
124,27,201908
124,137,201908
124,346,201908
124,135,201908
124,266,201908
124,25,201908
124,355,201908
124,32,201908
124,1,201908
124,10,201908
124,154,201908
124,46,201908
124,274,201908
125,20,201908
125,112,201908
125,136,201908
125,512,201908
125,29,201908
125,97,201908
125,18,201908
126,142,201908
126,131,201908
126,6,201908
126,25,201908
126,83,201908
126,176,201908
126,52,201908
126,155,201908
126,140,201908
126,143,201908
126,55,201908
126,77,201908
126,160,201908
126,110,201908
126,26,201908
126,16,201908
126,76,201908
126,29,201908
126,145,201908
126,32,201908
126,53,201908
126,64,201908
126,13,201908
126,99,201908
126,94,201908
126,31,201908
126,266,201908
126,320,201908
126,46,201908
126,48,201908
126,136,201908
126,375,201908
126,60,201908
126,19,201908
126,18,201908
126,59,201908
126,97,201908
127,110,201908
127,109,201908
127,427,201908
127,306,201908
127,128,201908
127,4,201908
127,677,201908
127,724,201908
127,948,201908
127,629,201908
127,593,201908
127,592,201908
127,729,201908
127,613,201908
128,110,201908
128,109,201908
128,306,201908
128,427,201908
128,4,201908
129,146,201908
129,85,201908
129,31,201908
129,45,201908
129,77,201908
129,60,201908
129,35,201908
129,6,201908
129,173,201908
129,100,201908
129,36,201908
129,19,201908
129,139,201908
129,143,201908
129,160,201908
129,172,201908
129,1366,201908
129,154,201908
129,250,201908
129,20,201908
129,112,201908
129,96,201908
129,10,201908
129,1,201908
129,5,201908
129,181,201908
129,102,201908
129,40,201908
129,27,201908
129,83,201908
129,1129,201908
129,1075,201908
129,2,201908
129,136,201908
129,97,201908
129,32,201908
129,18,201908
129,54,201908
129,274,201908
129,284,201908
129,135,201908
129,266,201908
129,92,201908
129,64,201908
129,108,201908
129,99,201908
129,29,201908
129,137,201908
129,14,201908
129,48,201908
129,25,201908
129,52,201908
129,46,201908
129,59,201908
129,13,201908
130,96,201908
130,133,201908
130,17,201908
130,25,201908
130,29,201908
130,136,201908
130,1,201908
130,137,201908
131,110,201908
131,137,201908
131,43,201908
131,269,201908
131,15,201908
131,44,201908
131,77,201908
131,160,201908
131,270,201908
131,31,201908
131,120,201908
131,30,201908
131,16,201908
131,29,201908
131,17,201908
131,136,201908
131,81,201908
131,146,201908
131,13,201908
131,6,201908
131,99,201908
131,4,201908
131,1,201908
131,64,201908
131,83,201908
131,108,201908
131,26,201908
131,25,201908
131,20,201908
131,32,201908
131,346,201908
131,11,201908
131,19,201908
131,10,201908
131,18,201908
131,46,201908
131,97,201908
132,18,201908
132,6,201908
132,15,201908
132,160,201908
132,11,201908
132,13,201908
132,77,201908
132,23,201908
132,274,201908
132,20,201908
132,16,201908
132,97,201908
132,81,201908
132,26,201908
132,48,201908
132,133,201908
132,60,201908
132,29,201908
132,31,201908
132,112,201908
132,134,201908
132,108,201908
132,137,201908
132,5,201908
132,355,201908
132,136,201908
132,25,201908
132,1,201908
132,17,201908
132,1250,201908
132,375,201908
132,1227,201908
132,32,201908
132,266,201908
132,10,201908
132,99,201908
132,19,201908
132,46,201908
132,154,201908
133,1335,201908
133,10,201908
133,40,201908
133,28,201908
133,189,201908
133,13,201908
133,99,201908
133,23,201908
133,138,201908
133,143,201908
133,77,201908
133,160,201908
133,994,201908
133,154,201908
133,52,201908
133,81,201908
133,1366,201908
133,135,201908
133,32,201908
133,34,201908
133,22,201908
133,72,201908
133,27,201908
133,5,201908
133,89,201908
133,60,201908
133,243,201908
133,16,201908
133,46,201908
133,54,201908
133,0,201908
133,7,201908
133,12,201908
133,14,201908
133,124,201908
133,83,201908
133,165,201908
133,892,201908
133,85,201908
133,1,201908
133,48,201908
133,181,201908
133,6,201908
133,115,201908
133,142,201908
133,2,201908
133,9,201908
133,247,201908
133,18,201908
133,96,201908
133,107,201908
133,371,201908
133,4,201908
133,183,201908
133,69,201908
133,31,201908
133,11,201908
133,274,201908
133,136,201908
133,51,201908
133,92,201908
133,112,201908
133,20,201908
133,97,201908
133,59,201908
133,137,201908
133,21,201908
134,117,201908
134,114,201908
134,13,201908
134,55,201908
134,160,201908
134,289,201908
134,119,201908
134,208,201908
134,180,201908
134,12,201908
134,97,201908
134,48,201908
134,274,201908
134,75,201908
134,136,201908
134,83,201908
134,77,201908
134,143,201908
134,108,201908
134,154,201908
134,38,201908
134,32,201908
134,0,201908
134,320,201908
134,914,201908
134,94,201908
134,85,201908
134,46,201908
134,27,201908
134,29,201908
134,6,201908
134,99,201908
134,772,201908
134,64,201908
134,135,201908
134,26,201908
134,19,201908
134,60,201908
134,59,201908
134,14,201908
135,453,201908
135,29,201908
135,672,201908
135,187,201908
135,1441,201908
135,325,201908
135,189,201908
135,739,201908
135,1459,201908
135,133,201908
135,116,201908
135,125,201908
135,1496,201908
135,13,201908
135,17,201908
135,113,201908
135,444,201908
135,72,201908
135,115,201908
135,119,201908
135,34,201908
135,93,201908
135,121,201908
135,5,201908
135,97,201908
135,19,201908
135,354,201908
135,20,201908
135,64,201908
135,960,201908
135,165,201908
135,40,201908
135,57,201908
135,117,201908
135,69,201908
135,341,201908
135,346,201908
135,124,201908
135,132,201908
135,1366,201908
135,782,201908
135,183,201908
135,156,201908
135,134,201908
135,129,201908
135,32,201908
135,9,201908
135,100,201908
135,77,201908
135,22,201908
135,23,201908
135,51,201908
135,107,201908
135,38,201908
135,21,201908
135,160,201908
135,80,201908
135,45,201908
135,96,201908
135,46,201908
135,112,201908
135,181,201908
135,180,201908
135,11,201908
135,143,201908
135,4,201908
135,139,201908
135,2,201908
135,155,201908
135,102,201908
135,142,201908
135,18,201908
135,146,201908
135,52,201908
135,83,201908
135,16,201908
135,12,201908
135,85,201908
135,0,201908
135,48,201908
135,108,201908
135,28,201908
135,81,201908
135,99,201908
135,6,201908
135,154,201908
135,26,201908
135,31,201908
135,14,201908
135,92,201908
135,1,201908
135,27,201908
135,274,201908
135,60,201908
135,10,201908
135,136,201908
136,146,201908
136,76,201908
136,11,201908
136,1,201908
136,23,201908
136,183,201908
136,133,201908
136,137,201908
136,107,201908
136,2,201908
136,835,201908
136,143,201908
136,552,201908
136,150,201908
136,77,201908
136,124,201908
136,160,201908
136,149,201908
136,134,201908
136,102,201908
136,132,201908
136,54,201908
136,24,201908
136,27,201908
136,176,201908
136,36,201908
136,99,201908
136,155,201908
136,57,201908
136,117,201908
136,131,201908
136,314,201908
136,163,201908
136,30,201908
136,139,201908
136,69,201908
136,247,201908
136,97,201908
136,20,201908
136,10,201908
136,81,201908
136,265,201908
136,61,201908
136,28,201908
136,125,201908
136,80,201908
136,544,201908
136,93,201908
136,46,201908
136,96,201908
136,53,201908
136,111,201908
136,79,201908
136,26,201908
136,180,201908
136,17,201908
136,129,201908
136,78,201908
136,142,201908
136,18,201908
136,355,201908
136,85,201908
136,104,201908
136,4,201908
136,15,201908
136,12,201908
136,981,201908
136,968,201908
136,156,201908
136,119,201908
136,72,201908
136,34,201908
136,71,201908
136,1366,201908
136,31,201908
136,982,201908
136,376,201908
136,101,201908
136,22,201908
136,741,201908
136,834,201908
136,55,201908
136,908,201908
136,261,201908
136,537,201908
136,361,201908
136,120,201908
136,490,201908
136,165,201908
136,358,201908
136,84,201908
136,270,201908
136,147,201908
136,492,201908
136,38,201908
136,184,201908
136,154,201908
136,169,201908
136,9,201908
136,70,201908
136,115,201908
136,164,201908
136,153,201908
136,223,201908
136,68,201908
136,148,201908
136,21,201908
136,58,201908
136,118,201908
136,371,201908
136,909,201908
136,480,201908
136,1015,201908
136,43,201908
136,761,201908
136,157,201908
136,345,201908
136,45,201908
136,416,201908
136,188,201908
136,221,201908
136,196,201908
136,819,201908
136,122,201908
136,706,201908
136,502,201908
136,123,201908
136,512,201908
136,359,201908
136,130,201908
136,112,201908
136,105,201908
136,213,201908
136,320,201908
136,268,201908
136,0,201908
136,415,201908
136,390,201908
136,269,201908
136,214,201908
136,237,201908
136,1258,201908
136,372,201908
136,862,201908
136,189,201908
136,52,201908
136,126,201908
136,74,201908
136,116,201908
136,762,201908
136,100,201908
136,307,201908
136,40,201908
136,88,201908
136,209,201908
136,67,201908
136,86,201908
136,211,201908
136,33,201908
136,181,201908
136,906,201908
136,14,201908
136,60,201908
136,121,201908
136,48,201908
136,950,201908
136,207,201908
136,177,201908
136,330,201908
136,243,201908
136,8,201908
136,738,201908
136,64,201908
136,32,201908
136,19,201908
136,83,201908
136,13,201908
136,25,201908
136,35,201908
136,108,201908
136,16,201908
136,113,201908
136,6,201908
136,110,201908
136,7,201908
136,59,201908
136,89,201908
136,51,201908
136,29,201908
136,303,201908
136,5,201908
136,274,201908
136,92,201908
136,135,201908
137,433,201908
137,146,201908
137,2,201908
137,675,201908
137,139,201908
137,188,201908
137,165,201908
137,77,201908
137,17,201908
137,195,201908
137,10,201908
137,79,201908
137,110,201908
137,25,201908
137,59,201908
137,662,201908
137,4,201908
137,108,201908
137,96,201908
137,97,201908
137,13,201908
137,136,201908
137,6,201908
137,69,201908
137,115,201908
137,124,201908
137,60,201908
137,18,201908
137,23,201908
137,29,201908
137,51,201908
137,19,201908
137,138,201908
137,143,201908
137,112,201908
137,21,201908
137,160,201908
137,120,201908
137,58,201908
137,35,201908
137,130,201908
137,46,201908
137,176,201908
137,26,201908
137,126,201908
137,45,201908
137,371,201908
137,159,201908
137,61,201908
137,92,201908
137,40,201908
137,52,201908
137,12,201908
137,85,201908
137,33,201908
137,250,201908
137,141,201908
137,131,201908
137,801,201908
137,132,201908
137,346,201908
137,318,201908
137,340,201908
137,1291,201908
137,885,201908
137,341,201908
137,521,201908
137,80,201908
137,757,201908
137,320,201908
137,871,201908
137,1258,201908
137,27,201908
137,157,201908
137,174,201908
137,31,201908
137,72,201908
137,314,201908
137,161,201908
137,752,201908
137,495,201908
137,540,201908
137,9,201908
137,47,201908
137,98,201908
137,216,201908
137,39,201908
137,76,201908
137,41,201908
137,37,201908
137,158,201908
137,57,201908
137,906,201908
137,101,201908
137,355,201908
137,34,201908
137,819,201908
137,166,201908
137,261,201908
137,30,201908
137,339,201908
137,211,201908
137,769,201908
137,385,201908
137,237,201908
137,73,201908
137,278,201908
137,223,201908
137,164,201908
137,270,201908
137,1,201908
137,327,201908
137,267,201908
137,344,201908
137,193,201908
137,588,201908
137,156,201908
137,1190,201908
137,326,201908
137,731,201908
137,116,201908
137,93,201908
137,335,201908
137,122,201908
137,728,201908
137,393,201908
137,388,201908
137,265,201908
137,303,201908
137,209,201908
137,244,201908
137,62,201908
137,64,201908
137,118,201908
137,181,201908
137,671,201908
137,198,201908
137,66,201908
137,53,201908
137,269,201908
137,163,201908
137,189,201908
137,204,201908
137,28,201908
137,8,201908
137,1366,201908
137,16,201908
137,0,201908
137,142,201908
137,149,201908
137,390,201908
137,336,201908
137,224,201908
137,20,201908
137,65,201908
137,129,201908
137,70,201908
137,14,201908
137,544,201908
137,32,201908
137,152,201908
137,111,201908
137,309,201908
137,333,201908
137,483,201908
137,71,201908
137,24,201908
137,86,201908
137,15,201908
137,950,201908
137,169,201908
137,213,201908
137,36,201908
137,220,201908
137,78,201908
137,183,201908
137,133,201908
137,38,201908
137,150,201908
137,7,201908
137,104,201908
137,48,201908
137,11,201908
137,89,201908
137,54,201908
137,107,201908
137,81,201908
137,100,201908
137,83,201908
137,154,201908
137,22,201908
137,113,201908
137,99,201908
138,29,201908
138,146,201908
138,180,201908
138,65,201908
138,23,201908
138,6,201908
138,28,201908
138,25,201908
138,51,201908
138,108,201908
138,914,201908
138,103,201908
138,110,201908
138,52,201908
138,247,201908
138,14,201908
138,15,201908
138,136,201908
138,137,201908
138,132,201908
138,32,201908
138,69,201908
138,59,201908
138,170,201908
138,121,201908
138,27,201908
138,501,201908
138,18,201908
138,5,201908
138,19,201908
138,1,201908
138,159,201908
138,835,201908
138,143,201908
138,11,201908
138,154,201908
138,433,201908
138,4,201908
138,341,201908
138,346,201908
138,355,201908
138,10,201908
138,375,201908
138,1227,201908
138,266,201908
138,1250,201908
139,675,201908
139,35,201908
139,322,201908
139,188,201908
139,245,201908
139,72,201908
139,17,201908
139,58,201908
139,36,201908
139,143,201908
139,160,201908
139,133,201908
139,85,201908
139,16,201908
139,99,201908
139,134,201908
139,83,201908
139,13,201908
139,51,201908
139,132,201908
139,11,201908
139,1,201908
139,0,201908
139,2,201908
139,46,201908
139,180,201908
139,142,201908
139,113,201908
139,119,201908
139,31,201908
139,136,201908
139,59,201908
139,29,201908
139,10,201908
139,52,201908
139,77,201908
139,81,201908
139,54,201908
139,60,201908
139,5,201908
139,48,201908
139,92,201908
139,25,201908
139,27,201908
139,341,201908
139,40,201908
139,285,201908
139,146,201908
139,32,201908
139,18,201908
139,208,201908
139,6,201908
139,154,201908
139,178,201908
139,19,201908
139,97,201908
139,26,201908
139,135,201908
139,14,201908
139,137,201908
140,76,201908
140,143,201908
140,160,201908
140,31,201908
140,154,201908
140,206,201908
140,29,201908
140,341,201908
140,739,201908
140,64,201908
140,26,201908
140,266,201908
140,375,201908
140,19,201908
140,97,201908
140,46,201908
141,97,201908
141,137,201908
141,375,201908
141,266,201908
141,46,201908
142,99,201908
142,57,201908
142,10,201908
142,54,201908
142,19,201908
142,143,201908
142,126,201908
142,160,201908
142,297,201908
142,92,201908
142,21,201908
142,289,201908
142,31,201908
142,13,201908
142,22,201908
142,1441,201908
142,0,201908
142,11,201908
142,208,201908
142,96,201908
142,5,201908
142,4,201908
142,27,201908
142,9,201908
142,112,201908
142,2,201908
142,85,201908
142,137,201908
142,17,201908
142,1,201908
142,100,201908
142,45,201908
142,81,201908
142,29,201908
142,182,201908
142,6,201908
142,52,201908
142,107,201908
142,32,201908
142,83,201908
142,133,201908
142,64,201908
142,18,201908
142,77,201908
142,129,201908
142,28,201908
142,274,201908
142,108,201908
142,136,201908
142,48,201908
142,46,201908
142,26,201908
142,60,201908
142,59,201908
142,135,201908
142,97,201908
142,14,201908
143,27,201908
143,180,201908
143,5,201908
143,23,201908
143,138,201908
143,552,201908
143,16,201908
143,890,201908
143,282,201908
143,188,201908
143,96,201908
143,455,201908
143,110,201908
143,97,201908
143,85,201908
143,52,201908
143,247,201908
143,80,201908
143,30,201908
143,183,201908
143,13,201908
143,142,201908
143,133,201908
143,14,201908
143,39,201908
143,15,201908
143,46,201908
143,136,201908
143,137,201908
143,132,201908
143,32,201908
143,165,201908
143,6,201908
143,265,201908
143,150,201908
143,48,201908
143,61,201908
143,62,201908
143,69,201908
143,76,201908
143,57,201908
143,89,201908
143,58,201908
143,64,201908
143,25,201908
143,34,201908
143,157,201908
143,100,201908
143,59,201908
143,170,201908
143,10,201908
143,17,201908
143,115,201908
143,281,201908
143,118,201908
143,121,201908
143,124,201908
143,339,201908
143,60,201908
143,176,201908
143,160,201908
143,161,201908
143,501,201908
143,155,201908
143,35,201908
143,54,201908
143,18,201908
143,0,201908
143,9,201908
143,12,201908
143,29,201908
143,36,201908
143,51,201908
143,19,201908
143,1,201908
143,159,201908
143,40,201908
143,156,201908
143,83,201908
143,120,201908
143,139,201908
143,28,201908
143,2,201908
143,835,201908
143,104,201908
143,112,201908
143,129,201908
143,11,201908
143,113,201908
143,154,201908
143,195,201908
143,126,201908
143,108,201908
143,72,201908
143,101,201908
143,31,201908
143,117,201908
143,119,201908
143,99,201908
143,26,201908
143,149,201908
143,4,201908
143,1366,201908
143,21,201908
143,274,201908
143,20,201908
143,341,201908
143,346,201908
143,320,201908
143,78,201908
143,375,201908
143,355,201908
143,266,201908
143,1250,201908
143,92,201908
143,135,201908
144,160,201908
144,29,201908
144,97,201908
144,18,201908
145,134,201908
145,142,201908
145,739,201908
145,1037,201908
145,495,201908
145,346,201908
145,126,201908
145,32,201908
145,29,201908
145,18,201908
146,129,201908
146,52,201908
146,14,201908
146,46,201908
146,136,201908
146,32,201908
146,93,201908
146,433,201908
146,59,201908
146,17,201908
146,35,201908
146,322,201908
146,23,201908
146,138,201908
146,4,201908
146,241,201908
146,181,201908
146,117,201908
146,110,201908
146,137,201908
146,76,201908
146,25,201908
146,18,201908
146,29,201908
146,20,201908
146,11,201908
146,15,201908
146,27,201908
146,97,201908
146,165,201908
146,6,201908
146,89,201908
146,160,201908
146,180,201908
146,53,201908
146,64,201908
146,54,201908
146,154,201908
146,31,201908
146,13,201908
146,60,201908
146,51,201908
146,1,201908
146,914,201908
146,28,201908
146,103,201908
146,108,201908
146,1444,201908
146,79,201908
146,19,201908
146,72,201908
146,24,201908
146,143,201908
146,16,201908
146,10,201908
146,155,201908
146,5,201908
146,55,201908
146,96,201908
146,12,201908
146,2,201908
146,274,201908
146,40,201908
146,892,201908
146,131,201908
146,183,201908
146,1144,201908
146,38,201908
146,85,201908
146,320,201908
146,100,201908
146,45,201908
146,83,201908
146,102,201908
146,1227,201908
146,0,201908
146,94,201908
146,26,201908
146,139,201908
146,78,201908
146,99,201908
146,48,201908
146,1250,201908
146,375,201908
146,266,201908
146,355,201908
146,135,201908
147,221,201908
147,30,201908
147,183,201908
147,330,201908
147,153,201908
147,160,201908
147,372,201908
147,136,201908
147,11,201908
148,537,201908
148,346,201908
148,136,201908
149,115,201908
149,46,201908
149,51,201908
149,99,201908
149,54,201908
149,32,201908
149,80,201908
149,1,201908
149,154,201908
149,93,201908
149,21,201908
149,28,201908
149,85,201908
149,4,201908
149,31,201908
149,72,201908
149,135,201908
149,26,201908
149,2,201908
149,113,201908
149,136,201908
149,11,201908
149,25,201908
149,10,201908
149,137,201908
149,92,201908
149,274,201908
150,143,201908
150,147,201908
150,160,201908
150,5,201908
150,112,201908
150,51,201908
150,136,201908
150,1,201908
150,29,201908
150,28,201908
150,11,201908
150,4,201908
150,20,201908
150,10,201908
150,17,201908
150,137,201908
151,250,201908
152,25,201908
152,97,201908
152,46,201908
152,137,201908
153,147,201908
153,136,201908
154,142,201908
154,75,201908
154,160,201908
154,296,201908
154,86,201908
154,146,201908
154,12,201908
154,453,201908
154,34,201908
154,138,201908
154,143,201908
154,77,201908
154,102,201908
154,126,201908
154,115,201908
154,29,201908
154,69,201908
154,38,201908
154,338,201908
154,183,201908
154,36,201908
154,261,201908
154,182,201908
154,129,201908
154,93,201908
154,107,201908
154,181,201908
154,180,201908
154,16,201908
154,113,201908
154,81,201908
154,54,201908
154,27,201908
154,96,201908
154,80,201908
154,165,201908
154,60,201908
154,46,201908
154,23,201908
154,149,201908
154,341,201908
154,18,201908
154,26,201908
154,11,201908
154,99,201908
154,25,201908
154,251,201908
154,1482,201908
154,503,201908
154,45,201908
154,346,201908
154,136,201908
154,1017,201908
154,1580,201908
154,432,201908
154,888,201908
154,156,201908
154,275,201908
154,64,201908
154,6,201908
154,51,201908
154,35,201908
154,1366,201908
154,32,201908
154,28,201908
154,19,201908
154,112,201908
154,21,201908
154,20,201908
154,4,201908
154,5,201908
154,52,201908
154,139,201908
154,40,201908
154,124,201908
154,0,201908
154,72,201908
154,132,201908
154,10,201908
154,9,201908
154,2,201908
154,17,201908
154,85,201908
154,1,201908
154,83,201908
154,48,201908
154,108,201908
154,31,201908
154,97,201908
154,92,201908
154,13,201908
154,14,201908
154,274,201908
154,135,201908
154,137,201908
155,19,201908
155,143,201908
155,52,201908
155,13,201908
155,160,201908
155,23,201908
155,28,201908
155,142,201908
155,107,201908
155,274,201908
155,119,201908
155,16,201908
155,2,201908
155,85,201908
155,0,201908
155,139,201908
155,21,201908
155,453,201908
155,80,201908
155,48,201908
155,31,201908
155,4,201908
155,97,201908
155,136,201908
155,146,201908
155,77,201908
155,10,201908
155,64,201908
155,26,201908
155,99,201908
155,29,201908
155,108,201908
155,60,201908
155,32,201908
155,46,201908
155,135,201908
155,14,201908
156,455,201908
156,0,201908
156,143,201908
156,19,201908
156,108,201908
156,6,201908
156,149,201908
156,38,201908
156,54,201908
156,5,201908
156,32,201908
156,100,201908
156,13,201908
156,17,201908
156,10,201908
156,26,201908
156,36,201908
156,96,201908
156,46,201908
156,2,201908
156,115,201908
156,99,201908
156,25,201908
156,85,201908
156,136,201908
156,14,201908
156,27,201908
156,29,201908
156,35,201908
156,154,201908
156,48,201908
156,135,201908
156,60,201908
156,137,201908
156,92,201908
156,274,201908
156,31,201908
156,97,201908
157,118,201908
157,143,201908
157,60,201908
157,99,201908
157,137,201908
157,136,201908
157,25,201908
157,46,201908
157,97,201908
158,165,201908
158,1445,201908
158,341,201908
158,137,201908
158,46,201908
158,97,201908
159,138,201908
159,143,201908
159,137,201908
159,346,201908
159,341,201908
159,266,201908
159,29,201908
159,18,201908
159,355,201908
159,1250,201908
159,10,201908
159,375,201908
159,1227,201908
159,46,201908
159,97,201908
160,58,201908
160,114,201908
160,38,201908
160,0,201908
160,31,201908
160,453,201908
160,138,201908
160,143,201908
160,146,201908
160,79,201908
160,96,201908
160,180,201908
160,110,201908
160,97,201908
160,85,201908
160,52,201908
160,512,201908
160,80,201908
160,30,201908
160,269,201908
160,183,201908
160,13,201908
160,194,201908
160,142,201908
160,133,201908
160,14,201908
160,39,201908
160,224,201908
160,45,201908
160,15,201908
160,16,201908
160,46,201908
160,53,201908
160,147,201908
160,63,201908
160,24,201908
160,136,201908
160,137,201908
160,132,201908
160,32,201908
160,165,201908
160,198,201908
160,6,201908
160,265,201908
160,48,201908
160,197,201908
160,61,201908
160,62,201908
160,69,201908
160,70,201908
160,181,201908
160,76,201908
160,57,201908
160,84,201908
160,89,201908
160,93,201908
160,95,201908
160,64,201908
160,25,201908
160,34,201908
160,77,201908
160,100,201908
160,59,201908
160,10,201908
160,17,201908
160,115,201908
160,281,201908
160,118,201908
160,339,201908
160,27,201908
160,60,201908
160,176,201908
160,155,201908
160,35,201908
160,54,201908
160,216,201908
160,131,201908
160,18,201908
160,5,201908
160,9,201908
160,12,201908
160,23,201908
160,29,201908
160,36,201908
160,51,201908
160,19,201908
160,1,201908
160,40,201908
160,102,201908
160,134,201908
160,83,201908
160,120,201908
160,107,201908
160,140,201908
160,117,201908
160,144,201908
160,139,201908
160,28,201908
160,2,201908
160,78,201908
160,835,201908
160,4,201908
160,20,201908
160,104,201908
160,188,201908
160,112,201908
160,129,201908
160,11,201908
160,21,201908
160,154,201908
160,195,201908
160,126,201908
160,41,201908
160,108,201908
160,72,201908
160,22,201908
160,101,201908
160,338,201908
160,81,201908
160,99,201908
160,1455,201908
160,119,201908
160,1291,201908
160,341,201908
160,885,201908
160,274,201908
160,346,201908
160,375,201908
160,1227,201908
160,26,201908
160,355,201908
160,266,201908
160,135,201908
160,92,201908
161,530,201908
161,124,201908
161,143,201908
161,341,201908
161,346,201908
161,17,201908
161,266,201908
161,137,201908
161,25,201908
161,10,201908
163,136,201908
163,346,201908
163,29,201908
163,1227,201908
163,266,201908
163,375,201908
163,10,201908
163,32,201908
163,18,201908
163,137,201908
163,97,201908
164,84,201908
164,174,201908
164,17,201908
164,29,201908
164,97,201908
164,136,201908
164,10,201908
164,5,201908
164,20,201908
164,1227,201908
164,51,201908
164,137,201908
164,11,201908
164,4,201908
164,18,201908
165,146,201908
165,24,201908
165,143,201908
165,282,201908
165,401,201908
165,1099,201908
165,339,201908
165,96,201908
165,23,201908
165,77,201908
165,160,201908
165,65,201908
165,47,201908
165,156,201908
165,19,201908
165,1366,201908
165,46,201908
165,113,201908
165,48,201908
165,13,201908
165,99,201908
165,154,201908
165,133,201908
165,40,201908
165,32,201908
165,18,201908
165,11,201908
165,100,201908
165,93,201908
165,5,201908
165,4,201908
165,27,201908
165,12,201908
165,9,201908
165,135,201908
165,72,201908
165,51,201908
165,0,201908
165,31,201908
165,317,201908
165,14,201908
165,97,201908
165,20,201908
165,29,201908
165,60,201908
165,21,201908
165,266,201908
165,28,201908
165,112,201908
165,25,201908
165,10,201908
165,136,201908
165,2,201908
165,17,201908
165,85,201908
165,137,201908
165,92,201908
165,1,201908
165,274,201908
166,136,201908
166,29,201908
166,137,201908
167,160,201908
167,97,201908
168,87,201908
168,203,201908
169,52,201908
169,9,201908
169,11,201908
169,739,201908
169,183,201908
169,2,201908
169,672,201908
169,210,201908
169,35,201908
169,137,201908
169,4,201908
169,26,201908
169,25,201908
169,1,201908
169,136,201908
169,20,201908
169,97,201908
169,17,201908
169,18,201908
169,29,201908
170,143,201908
170,45,201908
170,72,201908
170,29,201908
170,32,201908
170,99,201908
170,18,201908
171,29,201908
171,18,201908
171,32,201908
172,10,201908
172,17,201908
172,129,201908
172,173,201908
172,1075,201908
172,6,201908
172,19,201908
172,59,201908
172,60,201908
172,25,201908
172,64,201908
172,46,201908
172,48,201908
172,35,201908
172,97,201908
173,129,201908
173,1129,201908
173,172,201908
173,46,201908
173,97,201908
173,48,201908
173,35,201908
174,164,201908
174,137,201908
174,29,201908
175,35,201908
175,341,201908
175,1250,201908
175,355,201908
175,266,201908
175,375,201908
175,46,201908
175,29,201908
176,99,201908
176,120,201908
176,31,201908
176,64,201908
176,26,201908
176,19,201908
176,20,201908
176,138,201908
176,143,201908
176,6,201908
176,77,201908
176,387,201908
176,160,201908
176,140,201908
176,100,201908
176,18,201908
176,266,201908
176,320,201908
176,29,201908
176,13,201908
176,94,201908
176,32,201908
176,1250,201908
176,375,201908
176,136,201908
176,137,201908
176,60,201908
176,46,201908
176,97,201908
177,69,201908
177,11,201908
177,17,201908
177,10,201908
177,20,201908
177,1227,201908
177,136,201908
177,18,201908
177,4,201908
178,444,201908
178,29,201908
178,320,201908
178,139,201908
178,108,201908
178,97,201908
178,48,201908
178,60,201908
180,160,201908
180,126,201908
180,274,201908
180,138,201908
180,143,201908
180,6,201908
180,19,201908
180,52,201908
180,766,201908
180,5,201908
180,154,201908
180,9,201908
180,23,201908
180,27,201908
180,120,201908
180,181,201908
180,54,201908
180,146,201908
180,2,201908
180,40,201908
180,129,201908
180,85,201908
180,38,201908
180,31,201908
180,29,201908
180,83,201908
180,28,201908
180,48,201908
180,99,201908
180,341,201908
180,97,201908
180,18,201908
180,108,201908
180,10,201908
180,13,201908
180,0,201908
180,45,201908
180,21,201908
180,64,201908
180,92,201908
180,136,201908
180,78,201908
180,266,201908
180,375,201908
180,320,201908
180,46,201908
180,1250,201908
180,60,201908
180,32,201908
180,135,201908
180,14,201908
181,32,201908
181,31,201908
181,25,201908
181,20,201908
181,165,201908
181,10,201908
181,546,201908
181,77,201908
181,160,201908
181,429,201908
181,270,201908
181,28,201908
181,76,201908
181,12,201908
181,38,201908
181,155,201908
181,97,201908
181,5,201908
181,860,201908
181,53,201908
181,13,201908
181,36,201908
181,274,201908
181,205,201908
181,19,201908
181,17,201908
181,96,201908
181,29,201908
181,26,201908
181,60,201908
181,115,201908
181,346,201908
181,78,201908
181,1250,201908
181,6,201908
181,64,201908
181,94,201908
181,1227,201908
181,99,201908
181,18,201908
181,136,201908
181,137,201908
181,14,201908
181,375,201908
181,266,201908
181,46,201908
181,135,201908
182,180,201908
182,120,201908
182,183,201908
182,6,201908
182,54,201908
182,77,201908
182,64,201908
182,29,201908
182,97,201908
182,19,201908
182,32,201908
182,46,201908
183,11,201908
183,787,201908
183,136,201908
183,5,201908
183,23,201908
183,1,201908
183,107,201908
183,143,201908
183,154,201908
183,147,201908
183,84,201908
183,160,201908
183,9,201908
183,169,201908
183,40,201908
183,97,201908
183,54,201908
183,12,201908
183,51,201908
183,4,201908
183,92,201908
183,20,201908
183,180,201908
183,81,201908
183,0,201908
183,85,201908
183,121,201908
183,60,201908
183,64,201908
183,22,201908
183,100,201908
183,17,201908
183,274,201908
183,29,201908
183,176,201908
183,133,201908
183,19,201908
183,113,201908
183,135,201908
183,25,201908
183,10,201908
183,112,201908
183,28,201908
183,21,201908
183,69,201908
183,137,201908
183,18,201908
184,736,201908
184,51,201908
184,4,201908
184,32,201908
184,1227,201908
184,136,201908
184,10,201908
184,1,201908
184,17,201908
184,20,201908
184,11,201908
185,110,201908
185,186,201908
185,200,201908
185,235,201908
185,922,201908
185,1016,201908
185,474,201908
185,555,201908
185,232,201908
185,656,201908
185,657,201908
185,993,201908
185,937,201908
185,697,201908
185,698,201908
185,599,201908
185,947,201908
185,997,201908
185,1226,201908
185,1225,201908
185,1701,201908
186,232,201908
186,185,201908
186,110,201908
186,235,201908
186,560,201908
186,555,201908
186,922,201908
186,697,201908
186,1016,201908
186,473,201908
186,112,201908
186,561,201908
186,559,201908
186,558,201908
186,556,201908
186,1225,201908
186,290,201908
187,135,201908
188,29,201908
188,160,201908
188,143,201908
188,552,201908
188,1445,201908
188,515,201908
188,220,201908
188,137,201908
188,25,201908
188,266,201908
188,355,201908
188,136,201908
188,10,201908
188,97,201908
188,46,201908
189,137,201908
189,64,201908
189,29,201908
189,5,201908
189,23,201908
189,17,201908
189,994,201908
189,395,201908
189,135,201908
189,112,201908
189,6,201908
189,931,201908
189,11,201908
189,870,201908
189,1488,201908
189,60,201908
189,16,201908
189,37,201908
189,1503,201908
189,1,201908
189,21,201908
189,10,201908
189,18,201908
189,136,201908
189,51,201908
189,20,201908
189,4,201908
190,110,201908
190,201,201908
190,920,201908
190,696,201908
190,1183,201908
190,897,201908
191,110,201908
192,24,201908
192,146,201908
192,154,201908
192,40,201908
192,64,201908
192,26,201908
192,46,201908
192,19,201908
192,29,201908
192,97,201908
193,101,201908
193,75,201908
193,46,201908
193,137,201908
193,29,201908
194,29,201908
194,113,201908
194,160,201908
194,6,201908
194,48,201908
194,60,201908
194,59,201908
195,6,201908
195,17,201908
195,143,201908
195,160,201908
195,1441,201908
195,120,201908
195,40,201908
195,26,201908
195,59,201908
195,1250,201908
195,266,201908
195,375,201908
195,48,201908
195,32,201908
195,60,201908
195,320,201908
195,19,201908
196,447,201908
196,366,201908
196,378,201908
196,402,201908
196,640,201908
196,535,201908
196,489,201908
196,469,201908
196,424,201908
196,922,201908
196,425,201908
196,1112,201908
196,667,201908
196,110,201908
196,1277,201908
196,448,201908
196,551,201908
196,478,201908
196,367,201908
196,712,201908
196,225,201908
196,623,201908
196,679,201908
196,364,201908
196,1035,201908
196,365,201908
196,133,201908
196,578,201908
196,409,201908
196,472,201908
196,471,201908
196,230,201908
196,363,201908
196,412,201908
196,400,201908
196,451,201908
196,663,201908
196,377,201908
196,475,201908
196,681,201908
196,1376,201908
196,852,201908
196,595,201908
196,1252,201908
196,470,201908
196,504,201908
196,579,201908
196,516,201908
196,547,201908
196,465,201908
196,1134,201908
196,479,201908
196,526,201908
196,20,201908
196,136,201908
196,29,201908
196,18,201908
196,4,201908
197,545,201908
197,160,201908
197,29,201908
197,1250,201908
197,375,201908
197,266,201908
197,97,201908
198,453,201908
198,192,201908
198,355,201908
198,29,201908
198,266,201908
198,46,201908
198,32,201908
198,137,201908
198,97,201908
200,185,201908
200,110,201908
200,697,201908
200,937,201908
200,698,201908
200,657,201908
201,190,201908
201,110,201908
201,235,201908
203,291,201908
203,87,201908
203,168,201908
204,115,201908
204,1,201908
204,137,201908
205,339,201908
205,40,201908
205,143,201908
205,19,201908
205,77,201908
205,29,201908
205,6,201908
205,317,201908
205,64,201908
205,32,201908
206,117,201908
206,208,201908
206,64,201908
206,375,201908
206,266,201908
206,32,201908
207,45,201908
207,1044,201908
207,183,201908
207,5,201908
207,113,201908
207,1,201908
207,20,201908
207,10,201908
207,28,201908
207,136,201908
207,112,201908
207,51,201908
207,17,201908
208,444,201908
208,237,201908
208,739,201908
208,1892,201908
208,1589,201908
208,1861,201908
208,942,201908
208,899,201908
208,13,201908
208,1851,201908
208,206,201908
208,1413,201908
208,1020,201908
208,1657,201908
208,889,201908
208,1661,201908
208,1849,201908
208,55,201908
208,169,201908
208,338,201908
208,120,201908
208,996,201908
208,1749,201908
208,36,201908
208,1699,201908
208,313,201908
208,142,201908
208,1900,201908
208,134,201908
208,1921,201908
208,1895,201908
208,1904,201908
208,1417,201908
208,995,201908
208,1925,201908
208,1441,201908
208,297,201908
208,349,201908
208,341,201908
208,283,201908
208,29,201908
208,32,201908
208,108,201908
208,139,201908
208,99,201908
208,97,201908
208,46,201908
208,48,201908
208,60,201908
209,1,201908
209,17,201908
209,137,201908
209,136,201908
210,998,201908
210,1368,201908
210,690,201908
210,1345,201908
210,376,201908
210,941,201908
211,23,201908
211,20,201908
211,1,201908
211,137,201908
211,136,201908
212,89,201908
212,2235,201908
212,1758,201908
213,222,201908
213,17,201908
213,136,201908
213,20,201908
213,11,201908
213,1,201908
213,4,201908
213,137,201908
214,33,201908
214,51,201908
214,6,201908
214,11,201908
214,1,201908
214,29,201908
214,136,201908
214,17,201908
214,4,201908
214,20,201908
215,51,201908
215,214,201908
216,137,201908
216,25,201908
216,97,201908
217,129,201908
217,59,201908
217,60,201908
220,137,201908
220,115,201908
220,483,201908
220,59,201908
221,136,201908
221,33,201908
221,28,201908
221,147,201908
222,748,201908
222,747,201908
222,4,201908
222,133,201908
222,110,201908
222,213,201908
222,28,201908
222,1227,201908
222,17,201908
222,5,201908
222,10,201908
223,84,201908
223,227,201908
223,181,201908
223,17,201908
223,97,201908
223,136,201908
223,5,201908
223,29,201908
223,10,201908
223,1227,201908
223,51,201908
223,137,201908
223,11,201908
223,20,201908
223,4,201908
223,18,201908
224,434,201908
224,160,201908
224,64,201908
224,346,201908
224,19,201908
224,99,201908
224,375,201908
224,32,201908
224,29,201908
224,266,201908
224,26,201908
224,97,201908
224,137,201908
224,46,201908
225,472,201908
225,378,201908
225,226,201908
225,230,201908
225,232,201908
225,196,201908
225,352,201908
225,110,201908
225,412,201908
225,712,201908
225,475,201908
225,236,201908
225,185,201908
225,471,201908
225,470,201908
226,351,201908
226,573,201908
226,604,201908
226,586,201908
226,110,201908
226,236,201908
226,196,201908
226,231,201908
226,605,201908
226,574,201908
226,590,201908
226,572,201908
226,527,201908
226,554,201908
226,587,201908
226,589,201908
227,11,201908
227,268,201908
227,223,201908
228,11,201908
229,110,201908
229,231,201908
229,226,201908
229,638,201908
229,640,201908
229,225,201908
229,230,201908
229,236,201908
229,1293,201908
230,185,201908
230,110,201908
230,236,201908
230,196,201908
230,818,201908
230,599,201908
230,253,201908
230,922,201908
230,231,201908
230,351,201908
230,639,201908
230,642,201908
230,254,201908
230,229,201908
230,596,201908
230,634,201908
230,635,201908
230,636,201908
230,600,201908
230,638,201908
230,640,201908
230,1301,201908
230,594,201908
230,641,201908
230,232,201908
230,239,201908
230,225,201908
231,110,201908
231,230,201908
231,232,201908
231,236,201908
231,196,201908
231,225,201908
231,599,201908
231,922,201908
231,229,201908
231,639,201908
231,644,201908
231,576,201908
231,603,201908
231,575,201908
231,643,201908
231,465,201908
231,319,201908
231,597,201908
231,605,201908
231,527,201908
232,110,201908
232,252,201908
232,230,201908
232,571,201908
232,594,201908
232,253,201908
232,922,201908
232,603,201908
232,658,201908
232,185,201908
232,465,201908
232,560,201908
232,273,201908
232,597,201908
232,255,201908
232,591,201908
232,599,201908
232,256,201908
232,600,201908
232,601,201908
232,602,201908
232,263,201908
232,257,201908
232,239,201908
232,575,201908
232,661,201908
232,659,201908
232,664,201908
232,258,201908
232,700,201908
232,644,201908
232,254,201908
232,670,201908
232,605,201908
232,259,201908
232,260,201908
232,624,201908
232,715,201908
232,525,201908
232,598,201908
232,231,201908
232,319,201908
232,634,201908
232,643,201908
232,639,201908
232,576,201908
232,527,201908
232,636,201908
232,640,201908
232,186,201908
232,225,201908
232,290,201908
233,18,201908
233,495,201908
233,29,201908
234,346,201908
234,1227,201908
234,10,201908
234,18,201908
235,110,201908
235,190,201908
235,186,201908
235,1381,201908
235,290,201908
235,808,201908
235,1056,201908
235,867,201908
235,1382,201908
236,110,201908
236,695,201908
236,425,201908
236,627,201908
236,625,201908
236,225,201908
236,378,201908
236,475,201908
236,621,201908
236,525,201908
237,208,201908
237,180,201908
237,32,201908
237,26,201908
237,772,201908
237,64,201908
237,108,201908
237,19,201908
237,46,201908
237,94,201908
237,6,201908
237,14,201908
237,60,201908
237,48,201908
237,137,201908
237,136,201908
237,1250,201908
237,97,201908
237,266,201908
237,29,201908
237,375,201908
238,11,201908
239,253,201908
239,600,201908
239,258,201908
239,715,201908
239,232,201908
239,603,201908
239,659,201908
239,259,201908
239,254,201908
239,252,201908
241,322,201908
242,32,201908
242,346,201908
242,18,201908
242,29,201908
243,89,201908
243,90,201908
243,8,201908
243,7,201908
243,25,201908
243,29,201908
243,5,201908
243,28,201908
243,112,201908
243,136,201908
243,4,201908
243,17,201908
243,1,201908
243,20,201908
244,346,201908
244,137,201908
245,110,201908
245,662,201908
247,979,201908
247,444,201908
247,339,201908
247,282,201908
247,69,201908
247,23,201908
247,51,201908
247,138,201908
247,143,201908
247,169,201908
247,931,201908
247,248,201908
247,1336,201908
247,206,201908
247,349,201908
247,127,201908
247,748,201908
247,1413,201908
247,214,201908
247,819,201908
247,1777,201908
247,1419,201908
247,112,201908
247,137,201908
247,6,201908
247,32,201908
247,28,201908
247,747,201908
248,11,201908
250,62,201908
250,384,201908
250,453,201908
250,97,201908
250,83,201908
250,151,201908
250,137,201908
250,46,201908
250,99,201908
251,298,201908
251,154,201908
251,29,201908
252,232,201908
252,639,201908
252,253,201908
252,258,201908
252,254,201908
252,239,201908
253,230,201908
253,232,201908
253,252,201908
253,273,201908
253,600,201908
253,258,201908
253,239,201908
253,254,201908
254,230,201908
254,232,201908
254,253,201908
254,715,201908
254,252,201908
254,239,201908
255,239,201908
255,232,201908
255,591,201908
255,258,201908
255,700,201908
255,257,201908
255,259,201908
255,256,201908
255,601,201908
255,273,201908
255,260,201908
256,253,201908
256,232,201908
256,260,201908
256,259,201908
256,601,201908
256,263,201908
257,258,201908
257,232,201908
257,273,201908
257,591,201908
257,255,201908
257,700,201908
257,664,201908
257,186,201908
257,260,201908
258,232,201908
258,239,201908
258,659,201908
258,259,201908
259,260,201908
259,253,201908
259,239,201908
259,659,201908
259,256,201908
259,602,201908
259,258,201908
259,232,201908
260,232,201908
260,602,201908
260,259,201908
260,597,201908
260,263,201908
260,601,201908
260,256,201908
260,255,201908
260,257,201908
261,113,201908
261,5,201908
261,8,201908
261,154,201908
261,136,201908
261,10,201908
261,28,201908
261,137,201908
261,20,201908
261,17,201908
261,1,201908
262,837,201908
262,282,201908
262,339,201908
262,107,201908
263,254,201908
263,259,201908
263,232,201908
263,257,201908
263,260,201908
263,256,201908
263,597,201908
263,601,201908
264,534,201908
265,29,201908
265,143,201908
265,43,201908
265,122,201908
265,426,201908
265,762,201908
265,738,201908
265,160,201908
265,123,201908
265,18,201908
265,136,201908
265,17,201908
265,266,201908
265,10,201908
265,1227,201908
265,137,201908
266,1445,201908
266,176,201908
266,341,201908
266,889,201908
266,888,201908
266,27,201908
266,34,201908
266,122,201908
266,165,201908
266,159,201908
266,24,201908
266,265,201908
266,54,201908
266,16,201908
266,188,201908
266,85,201908
266,61,201908
266,12,201908
266,163,201908
266,2,201908
266,124,201908
266,9,201908
266,722,201908
266,83,201908
266,198,201908
266,175,201908
266,224,201908
266,38,201908
266,31,201908
266,43,201908
266,195,201908
266,117,201908
266,180,201908
266,129,201908
266,120,201908
266,76,201908
266,160,201908
266,161,201908
266,72,201908
266,57,201908
266,143,201908
266,141,201908
266,269,201908
266,126,201908
266,15,201908
266,140,201908
266,62,201908
266,294,201908
266,1020,201908
266,40,201908
266,138,201908
266,434,201908
266,66,201908
266,132,201908
266,104,201908
266,281,201908
266,710,201908
266,77,201908
266,544,201908
266,197,201908
266,114,201908
266,815,201908
266,95,201908
266,206,201908
266,65,201908
266,1430,201908
266,181,201908
266,146,201908
266,237,201908
266,101,201908
266,79,201908
267,346,201908
267,99,201908
267,1250,201908
267,137,201908
267,29,201908
268,11,201908
268,17,201908
268,20,201908
268,4,201908
268,136,201908
269,62,201908
269,160,201908
269,131,201908
269,375,201908
269,266,201908
269,60,201908
269,136,201908
269,29,201908
269,137,201908
269,97,201908
270,181,201908
270,26,201908
270,51,201908
270,29,201908
270,129,201908
270,64,201908
270,94,201908
270,46,201908
270,97,201908
270,6,201908
270,18,201908
270,136,201908
270,137,201908
270,32,201908
271,29,201908
273,231,201908
273,239,201908
273,259,201908
273,624,201908
273,659,201908
273,232,201908
273,602,201908
274,23,201908
274,29,201908
274,139,201908
274,189,201908
274,52,201908
274,119,201908
274,931,201908
274,146,201908
274,155,201908
274,181,201908
274,180,201908
274,64,201908
274,134,201908
274,22,201908
274,120,201908
274,16,201908
274,102,201908
274,160,201908
274,142,201908
274,129,201908
274,69,201908
274,6,201908
274,51,201908
274,183,201908
274,107,201908
274,93,201908
274,4,201908
274,47,201908
274,28,201908
274,45,201908
274,143,201908
274,112,201908
274,113,201908
274,100,201908
274,156,201908
274,54,201908
274,12,201908
274,18,201908
274,133,201908
274,46,201908
274,11,201908
274,32,201908
274,40,201908
274,83,201908
274,13,201908
274,21,201908
274,19,201908
274,77,201908
274,20,201908
274,80,201908
274,81,201908
274,17,201908
274,124,201908
274,1366,201908
274,5,201908
274,9,201908
274,116,201908
274,72,201908
274,48,201908
274,108,201908
274,149,201908
274,165,201908
274,115,201908
274,60,201908
274,96,201908
274,97,201908
274,31,201908
274,154,201908
274,99,201908
274,27,201908
274,14,201908
274,26,201908
274,0,201908
274,1,201908
274,10,201908
274,135,201908
274,85,201908
274,2,201908
274,136,201908
274,92,201908
275,154,201908
276,54,201908
276,18,201908
276,29,201908
276,32,201908
277,1441,201908
277,208,201908
277,297,201908
277,46,201908
277,19,201908
278,83,201908
278,64,201908
278,99,201908
278,26,201908
278,29,201908
278,137,201908
278,19,201908
278,97,201908
278,46,201908
281,4,201908
281,138,201908
281,143,201908
281,6,201908
281,77,201908
281,160,201908
281,374,201908
281,100,201908
281,48,201908
281,45,201908
281,94,201908
281,355,201908
281,78,201908
281,266,201908
281,1250,201908
281,375,201908
281,320,201908
282,552,201908
282,302,201908
282,533,201908
282,453,201908
282,27,201908
282,5,201908
282,380,201908
282,401,201908
282,428,201908
282,40,201908
282,24,201908
282,137,201908
282,890,201908
282,154,201908
282,320,201908
283,1441,201908
283,208,201908
283,1904,201908
283,13,201908
284,129,201908
285,1413,201908
285,31,201908
285,36,201908
285,98,201908
285,100,201908
285,32,201908
285,320,201908
285,139,201908
285,45,201908
285,83,201908
285,18,201908
285,48,201908
285,46,201908
285,108,201908
285,60,201908
285,97,201908
285,29,201908
286,121,201908
287,393,201908
287,46,201908
287,97,201908
289,134,201908
289,114,201908
289,77,201908
289,6,201908
290,110,201908
290,808,201908
290,232,201908
290,235,201908
290,186,201908
291,87,201908
291,203,201908
291,168,201908
292,346,201908
292,29,201908
293,297,201908
294,35,201908
294,463,201908
294,78,201908
294,320,201908
294,1250,201908
294,266,201908
295,51,201908
296,154,201908
296,29,201908
297,54,201908
297,102,201908
297,134,201908
297,313,201908
297,59,201908
297,349,201908
297,1441,201908
297,1174,201908
297,1903,201908
297,76,201908
297,285,201908
297,293,201908
297,1413,201908
297,1888,201908
297,19,201908
297,1699,201908
297,277,201908
297,1815,201908
297,1130,201908
297,13,201908
297,739,201908
297,208,201908
297,1895,201908
297,46,201908
297,444,201908
297,1674,201908
297,26,201908
297,99,201908
297,6,201908
298,432,201908
298,251,201908
298,18,201908
298,29,201908
299,96,201908
299,130,201908
299,777,201908
300,4,201908
301,4,201908
302,513,201908
302,92,201908
302,143,201908
303,261,201908
303,1413,201908
303,1,201908
303,20,201908
303,25,201908
303,137,201908
303,29,201908
303,11,201908
303,17,201908
303,136,201908
305,110,201908
305,109,201908
305,4,201908
305,958,201908
305,627,201908
305,886,201908
305,633,201908
305,474,201908
306,110,201908
306,109,201908
306,4,201908
306,128,201908
306,427,201908
307,25,201908
307,136,201908
309,97,201908
309,137,201908
311,69,201908
311,50,201908
311,4,201908
313,297,201908
313,1441,201908
313,195,201908
313,208,201908
313,13,201908
313,349,201908
313,59,201908
314,166,201908
314,137,201908
314,29,201908
314,136,201908
316,297,201908
316,341,201908
316,48,201908
316,60,201908
316,320,201908
317,69,201908
317,205,201908
317,1170,201908
317,11,201908
318,137,201908
319,527,201908
319,231,201908
319,575,201908
319,576,201908
319,232,201908
319,465,201908
320,38,201908
320,39,201908
320,134,201908
320,94,201908
320,26,201908
320,282,201908
320,32,201908
320,99,201908
320,13,201908
320,29,201908
320,65,201908
320,143,201908
320,77,201908
320,1020,201908
320,137,201908
320,62,201908
320,16,201908
320,710,201908
320,60,201908
320,6,201908
320,27,201908
320,25,201908
320,176,201908
320,722,201908
320,63,201908
320,95,201908
320,146,201908
320,19,201908
320,294,201908
320,180,201908
320,815,201908
320,46,201908
320,126,201908
320,136,201908
320,97,201908
320,40,201908
320,285,201908
320,18,201908
320,81,201908
320,281,201908
320,195,201908
320,119,201908
320,79,201908
320,434,201908
320,48,201908
320,178,201908
320,316,201908
320,52,201908
320,14,201908
322,146,201908
322,860,201908
322,139,201908
322,25,201908
323,89,201908
323,7,201908
325,444,201908
325,931,201908
325,135,201908
326,137,201908
327,890,201908
327,143,201908
327,282,201908
327,25,201908
327,137,201908
330,147,201908
330,29,201908
330,11,201908
330,136,201908
331,35,201908
332,463,201908
332,32,201908
333,346,201908
333,137,201908
334,146,201908
334,108,201908
334,13,201908
334,83,201908
334,100,201908
334,32,201908
334,19,201908
334,59,201908
334,60,201908
334,48,201908
335,25,201908
335,137,201908
336,25,201908
336,96,201908
336,137,201908
338,55,201908
338,208,201908
338,46,201908
338,64,201908
338,19,201908
338,32,201908
339,434,201908
339,282,201908
339,859,201908
339,281,201908
339,27,201908
339,143,201908
339,16,201908
339,24,201908
339,165,201908
339,1099,201908
339,80,201908
339,1331,201908
339,463,201908
339,262,201908
339,161,201908
339,517,201908
339,530,201908
339,124,201908
339,2,201908
339,93,201908
339,160,201908
339,10,201908
339,137,201908
339,25,201908
340,25,201908
340,137,201908
341,25,201908
341,83,201908
341,180,201908
341,77,201908
341,57,201908
341,78,201908
341,140,201908
341,18,201908
341,158,201908
341,75,201908
341,24,201908
341,16,201908
341,9,201908
341,31,201908
341,120,201908
341,92,201908
341,46,201908
341,99,201908
341,208,201908
341,135,201908
341,94,201908
341,47,201908
341,73,201908
341,100,201908
341,143,201908
341,316,201908
341,27,201908
341,160,201908
341,175,201908
341,81,201908
341,161,201908
341,266,201908
341,74,201908
341,159,201908
341,154,201908
341,39,201908
341,115,201908
341,36,201908
341,137,201908
341,48,201908
341,82,201908
341,54,201908
341,106,201908
341,2,201908
341,32,201908
341,139,201908
341,85,201908
341,375,201908
341,97,201908
342,46,201908
342,97,201908
344,333,201908
344,137,201908
345,17,201908
345,136,201908
346,34,201908
346,1190,201908
346,234,201908
346,443,201908
346,333,201908
346,124,201908
346,112,201908
346,116,201908
346,242,201908
346,265,201908
346,70,201908
346,92,201908
346,0,201908
346,159,201908
346,224,201908
346,728,201908
346,483,201908
346,969,201908
346,96,201908
346,21,201908
346,136,201908
346,148,201908
346,135,201908
346,77,201908
346,27,201908
346,138,201908
346,145,201908
346,16,201908
346,115,201908
346,161,201908
346,163,201908
346,32,201908
346,423,201908
346,93,201908
346,143,201908
346,31,201908
346,160,201908
346,154,201908
346,267,201908
346,22,201908
346,24,201908
346,244,201908
346,408,201908
346,534,201908
346,420,201908
346,188,201908
346,12,201908
346,104,201908
346,220,201908
346,80,201908
346,25,201908
346,181,201908
346,47,201908
346,74,201908
346,72,201908
346,137,201908
346,9,201908
346,54,201908
346,85,201908
346,131,201908
346,2,201908
346,18,201908
348,23,201908
349,297,201908
349,102,201908
349,1284,201908
349,2037,201908
349,1193,201908
349,942,201908
349,444,201908
349,1413,201908
349,64,201908
349,1441,201908
349,13,201908
349,1674,201908
349,208,201908
349,313,201908
349,26,201908
349,99,201908
349,59,201908
351,110,201908
351,424,201908
351,554,201908
351,226,201908
351,352,201908
351,425,201908
351,572,201908
351,587,201908
351,589,201908
351,590,201908
351,660,201908
351,623,201908
351,679,201908
351,573,201908
351,604,201908
351,607,201908
351,606,201908
351,574,201908
351,525,201908
351,465,201908
351,564,201908
351,586,201908
351,852,201908
351,760,201908
352,110,201908
352,564,201908
352,425,201908
352,226,201908
352,625,201908
352,565,201908
352,484,201908
352,623,201908
352,678,201908
352,621,201908
352,532,201908
352,626,201908
352,579,201908
352,622,201908
352,693,201908
352,712,201908
352,679,201908
352,838,201908
352,477,201908
352,852,201908
352,587,201908
352,351,201908
352,694,201908
352,225,201908
353,274,201908
354,302,201908
354,143,201908
354,29,201908
354,444,201908
355,136,201908
355,46,201908
355,198,201908
355,29,201908
355,65,201908
355,60,201908
355,138,201908
355,175,201908
355,95,201908
355,132,201908
355,16,201908
355,85,201908
355,72,201908
355,12,201908
355,34,201908
355,77,201908
355,160,201908
355,188,201908
355,27,201908
355,14,201908
355,124,201908
355,1430,201908
355,137,201908
355,101,201908
355,159,201908
355,281,201908
355,143,201908
355,99,201908
355,104,201908
355,6,201908
355,25,201908
355,40,201908
355,9,201908
355,544,201908
355,710,201908
355,146,201908
355,97,201908
357,1075,201908
357,1129,201908
358,68,201908
358,136,201908
359,314,201908
359,136,201908
360,13,201908
361,376,201908
361,1,201908
361,136,201908
362,181,201908
362,29,201908
362,46,201908
362,32,201908
363,366,201908
363,551,201908
363,402,201908
363,712,201908
363,196,201908
364,551,201908
364,196,201908
364,712,201908
364,366,201908
364,377,201908
364,409,201908
364,402,201908
364,365,201908
365,551,201908
365,402,201908
365,400,201908
365,364,201908
365,712,201908
365,196,201908
366,367,201908
366,196,201908
366,402,201908
366,364,201908
366,363,201908
366,365,201908
366,409,201908
366,551,201908
366,712,201908
367,196,201908
367,712,201908
369,14,201908
369,40,201908
371,137,201908
371,29,201908
371,25,201908
371,136,201908
371,1,201908
372,147,201908
372,136,201908
373,444,201908
373,463,201908
373,40,201908
373,14,201908
374,1337,201908
374,703,201908
375,274,201908
375,133,201908
375,247,201908
375,26,201908
375,320,201908
375,160,201908
375,12,201908
375,141,201908
375,61,201908
375,54,201908
375,72,201908
375,1020,201908
375,27,201908
375,815,201908
375,163,201908
375,341,201908
375,43,201908
375,224,201908
375,31,201908
375,24,201908
375,175,201908
375,66,201908
375,269,201908
375,180,201908
375,16,201908
375,76,201908
375,57,201908
375,206,201908
375,143,201908
375,138,201908
375,62,201908
375,140,201908
375,120,201908
375,132,201908
375,38,201908
375,15,201908
375,176,201908
375,114,201908
375,434,201908
375,65,201908
375,159,201908
375,197,201908
375,195,201908
375,104,201908
375,281,201908
375,40,201908
375,126,201908
375,710,201908
375,79,201908
375,95,201908
375,101,201908
375,181,201908
375,77,201908
375,1430,201908
375,146,201908
375,237,201908
376,17,201908
376,1131,201908
376,261,201908
376,361,201908
376,136,201908
377,472,201908
377,712,201908
377,378,201908
377,504,201908
377,110,201908
377,196,201908
378,226,201908
378,475,201908
378,852,201908
378,412,201908
378,472,201908
378,377,201908
378,712,201908
378,196,201908
378,225,201908
379,394,201908
379,29,201908
381,739,201908
383,667,201908
385,282,201908
385,2,201908
385,137,201908
386,1227,201908
387,176,201908
387,1366,201908
387,40,201908
387,29,201908
387,19,201908
388,29,201908
388,137,201908
389,1133,201908
390,136,201908
390,137,201908
393,25,201908
393,137,201908
393,97,201908
394,379,201908
394,29,201908
395,112,201908
395,17,201908
395,490,201908
395,325,201908
397,165,201908
398,341,201908
398,14,201908
400,196,201908
401,0,201908
401,1099,201908
401,339,201908
401,354,201908
402,363,201908
402,196,201908
402,365,201908
402,364,201908
402,366,201908
402,409,201908
407,265,201908
407,61,201908
407,18,201908
408,346,201908
408,1227,201908
409,196,201908
409,402,201908
409,365,201908
410,18,201908
412,196,201908
412,364,201908
412,378,201908
412,377,201908
412,678,201908
412,712,201908
412,472,201908
413,931,201908
413,18,201908
415,61,201908
415,416,201908
415,136,201908
416,415,201908
416,136,201908
418,712,201908
419,52,201908
419,81,201908
419,6,201908
419,112,201908
420,181,201908
420,341,201908
420,18,201908
420,29,201908
422,440,201908
422,54,201908
422,29,201908
423,346,201908
423,18,201908
424,110,201908
424,351,201908
424,532,201908
424,425,201908
424,352,201908
424,1134,201908
424,506,201908
424,196,201908
424,478,201908
424,469,201908
424,477,201908
424,448,201908
424,476,201908
425,478,201908
425,196,201908
425,110,201908
425,424,201908
425,236,201908
425,1365,201908
425,1393,201908
425,469,201908
425,506,201908
425,535,201908
425,1134,201908
425,526,201908
425,476,201908
426,18,201908
426,265,201908
426,1445,201908
426,346,201908
427,110,201908
427,109,201908
427,306,201908
427,128,201908
427,4,201908
427,127,201908
427,1055,201908
427,633,201908
427,610,201908
427,613,201908
428,282,201908
429,181,201908
429,420,201908
429,545,201908
429,32,201908
430,54,201908
430,18,201908
432,18,201908
432,298,201908
432,154,201908
433,52,201908
433,14,201908
433,46,201908
433,137,201908
433,23,201908
433,1,201908
433,21,201908
433,35,201908
433,64,201908
433,4,201908
434,2,201908
434,78,201908
434,48,201908
434,1250,201908
434,375,201908
434,266,201908
434,320,201908
435,160,201908
435,97,201908
436,265,201908
436,160,201908
436,18,201908
438,13,201908
440,54,201908
440,32,201908
443,346,201908
443,29,201908
444,198,201908
444,6,201908
444,64,201908
444,387,201908
444,1413,201908
444,809,201908
444,1460,201908
444,19,201908
444,1445,201908
444,875,201908
444,285,201908
444,453,201908
444,35,201908
444,870,201908
444,836,201908
444,13,201908
444,1771,201908
444,1849,201908
444,1815,201908
444,739,201908
444,1459,201908
444,133,201908
444,1749,201908
444,1903,201908
444,1463,201908
444,28,201908
444,55,201908
444,48,201908
444,313,201908
444,1897,201908
444,1417,201908
444,931,201908
444,135,201908
444,1471,201908
444,1924,201908
444,1165,201908
444,1441,201908
444,1476,201908
444,18,201908
444,419,201908
444,354,201908
444,1911,201908
444,349,201908
444,297,201908
445,931,201908
445,46,201908
447,489,201908
447,712,201908
447,196,201908
448,424,201908
448,196,201908
448,479,201908
448,478,201908
449,14,201908
449,40,201908
451,196,201908
451,479,201908
452,97,201908
453,1685,201908
453,31,201908
453,46,201908
453,24,201908
453,135,201908
453,160,201908
453,1470,201908
453,188,201908
453,154,201908
453,1445,201908
453,384,201908
453,77,201908
453,444,201908
453,1455,201908
453,155,201908
453,282,201908
455,100,201908
455,0,201908
455,156,201908
455,143,201908
455,97,201908
458,46,201908
459,143,201908
463,247,201908
463,373,201908
463,294,201908
463,189,201908
463,1948,201908
465,605,201908
465,110,201908
465,232,201908
465,231,201908
465,319,201908
465,527,201908
465,576,201908
465,226,201908
465,599,201908
465,643,201908
465,644,201908
465,229,201908
465,575,201908
465,196,201908
467,1684,201908
469,196,201908
469,425,201908
469,476,201908
469,424,201908
470,472,201908
470,351,201908
470,196,201908
470,471,201908
470,378,201908
470,225,201908
471,196,201908
471,472,201908
471,378,201908
471,475,201908
471,470,201908
471,225,201908
472,489,201908
472,196,201908
472,712,201908
472,225,201908
473,474,201908
473,186,201908
474,110,201908
474,630,201908
474,650,201908
474,651,201908
474,231,201908
474,185,201908
474,665,201908
474,591,201908
474,997,201908
475,471,201908
475,472,201908
475,196,201908
475,378,201908
475,225,201908
476,351,201908
476,352,201908
476,477,201908
476,478,201908
476,469,201908
476,425,201908
476,424,201908
477,424,201908
477,352,201908
477,532,201908
477,425,201908
478,110,201908
478,424,201908
478,196,201908
478,425,201908
479,526,201908
479,196,201908
480,490,201908
480,29,201908
480,136,201908
482,303,201908
483,85,201908
483,346,201908
483,137,201908
484,621,201908
484,352,201908
484,351,201908
484,622,201908
484,625,201908
484,626,201908
484,694,201908
484,623,201908
484,579,201908
485,1627,201908
485,2,201908
486,14,201908
489,412,201908
489,196,201908
489,364,201908
489,451,201908
489,377,201908
489,712,201908
490,297,201908
490,1342,201908
490,322,201908
490,914,201908
490,1249,201908
490,480,201908
490,136,201908
490,29,201908
492,136,201908
493,28,201908
493,17,201908
495,48,201908
495,145,201908
495,18,201908
495,61,201908
495,233,201908
495,265,201908
495,137,201908
495,25,201908
497,192,201908
497,914,201908
500,160,201908
500,782,201908
500,46,201908
501,23,201908
501,138,201908
501,107,201908
501,143,201908
502,728,201908
502,12,201908
502,136,201908
503,154,201908
504,547,201908
504,712,201908
504,196,201908
506,424,201908
506,425,201908
509,1213,201908
510,83,201908
510,0,201908
510,97,201908
512,160,201908
512,125,201908
512,29,201908
512,136,201908
513,1099,201908
515,85,201908
515,4,201908
516,110,201908
516,196,201908
517,339,201908
521,137,201908
522,29,201908
523,14,201908
523,40,201908
525,110,201908
525,4,201908
525,236,201908
525,627,201908
526,479,201908
526,1468,201908
526,196,201908
527,231,201908
527,575,201908
527,576,201908
527,226,201908
527,319,201908
527,232,201908
527,604,201908
527,586,201908
527,465,201908
529,189,201908
529,931,201908
530,97,201908
532,352,201908
532,424,201908
532,477,201908
532,623,201908
534,264,201908
534,346,201908
535,196,201908
537,453,201908
537,148,201908
537,136,201908
540,871,201908
540,29,201908
540,137,201908
543,31,201908
544,65,201908
544,29,201908
544,59,201908
544,51,201908
544,99,201908
544,25,201908
544,17,201908
544,31,201908
544,136,201908
544,26,201908
544,6,201908
544,10,201908
544,266,201908
544,20,201908
544,355,201908
544,18,201908
544,97,201908
544,137,201908
544,46,201908
545,197,201908
545,270,201908
545,429,201908
545,32,201908
546,181,201908
546,32,201908
546,18,201908
547,712,201908
547,196,201908
548,10,201908
548,11,201908
549,14,201908
549,40,201908
551,196,201908
551,366,201908
551,402,201908
551,364,201908
551,363,201908
551,409,201908
552,34,201908
552,115,201908
552,149,201908
552,2,201908
552,72,201908
552,434,201908
552,85,201908
552,133,201908
552,136,201908
552,165,201908
552,25,201908
552,17,201908
552,27,201908
552,160,201908
552,18,201908
552,5,201908
552,29,201908
552,188,201908
552,112,201908
552,11,201908
552,108,201908
554,351,201908
554,352,201908
554,110,201908
554,226,201908
554,587,201908
555,185,201908
555,186,201908
556,559,201908
556,186,201908
558,186,201908
559,110,201908
559,474,201908
559,556,201908
559,186,201908
560,110,201908
560,186,201908
561,186,201908
562,610,201908
562,611,201908
562,563,201908
563,612,201908
563,616,201908
563,569,201908
563,688,201908
563,734,201908
563,1974,201908
563,611,201908
563,568,201908
563,562,201908
563,617,201908
563,567,201908
563,570,201908
563,618,201908
563,680,201908
563,566,201908
563,614,201908
563,674,201908
563,610,201908
563,1150,201908
563,616,201908
563,612,201908
563,1150,201908
563,610,201908
563,614,201908
563,686,201908
564,230,201908
564,352,201908
564,621,201908
564,565,201908
564,351,201908
565,352,201908
565,564,201908
565,579,201908
565,694,201908
566,610,201908
566,567,201908
566,570,201908
566,569,201908
566,568,201908
566,563,201908
567,614,201908
567,569,201908
567,618,201908
567,566,201908
567,563,201908
568,567,201908
568,563,201908
568,570,201908
569,566,201908
569,618,201908
569,563,201908
570,566,201908
570,567,201908
570,568,201908
570,563,201908
571,232,201908
572,351,201908
572,590,201908
572,226,201908
572,573,201908
572,589,201908
572,574,201908
573,226,201908
573,351,201908
573,589,201908
573,590,201908
573,604,201908
574,351,201908
574,226,201908
574,110,201908
574,590,201908
574,589,201908
574,572,201908
575,232,201908
575,603,201908
575,639,201908
575,226,201908
575,465,201908
575,599,201908
575,644,201908
575,231,201908
575,527,201908
575,643,201908
575,586,201908
575,319,201908
575,576,201908
576,319,201908
576,232,201908
576,575,201908
576,643,201908
576,465,201908
576,231,201908
576,603,201908
578,196,201908
579,352,201908
579,564,201908
579,621,201908
579,626,201908
579,565,201908
579,484,201908
579,694,201908
586,226,201908
586,231,201908
586,572,201908
586,527,201908
586,351,201908
586,604,201908
586,110,201908
587,351,201908
587,352,201908
587,110,201908
587,226,201908
587,554,201908
588,1353,201908
588,34,201908
588,137,201908
589,226,201908
589,573,201908
589,590,201908
589,572,201908
589,574,201908
589,351,201908
590,572,201908
590,604,201908
590,573,201908
590,586,201908
590,574,201908
590,589,201908
590,351,201908
590,226,201908
591,257,201908
591,110,201908
591,232,201908
591,255,201908
591,474,201908
591,258,201908
591,700,201908
592,677,201908
592,127,201908
592,593,201908
592,676,201908
592,109,201908
592,128,201908
592,110,201908
593,592,201908
593,109,201908
593,676,201908
594,230,201908
594,634,201908
594,600,201908
594,232,201908
594,596,201908
594,636,201908
594,640,201908
594,110,201908
595,667,201908
595,196,201908
596,594,201908
596,640,201908
596,230,201908
596,636,201908
596,110,201908
597,231,201908
597,232,201908
597,558,201908
597,658,201908
597,601,201908
597,257,201908
597,263,201908
597,664,201908
598,110,201908
598,232,201908
599,230,201908
599,319,201908
599,527,201908
599,231,201908
599,576,201908
599,232,201908
599,600,201908
599,575,201908
599,644,201908
599,605,201908
599,465,201908
599,922,201908
600,594,201908
600,253,201908
600,603,201908
600,639,201908
600,232,201908
600,255,201908
600,230,201908
601,232,201908
601,591,201908
601,263,201908
601,260,201908
601,256,201908
601,658,201908
601,259,201908
601,664,201908
601,597,201908
602,232,201908
602,257,201908
602,258,201908
602,273,201908
602,659,201908
602,259,201908
603,230,201908
603,232,201908
603,231,201908
603,254,201908
603,639,201908
603,253,201908
603,252,201908
603,575,201908
603,258,201908
604,110,201908
604,232,201908
604,639,201908
604,465,201908
604,590,201908
604,586,201908
604,351,201908
604,226,201908
604,225,201908
604,527,201908
605,232,201908
605,599,201908
605,231,201908
605,465,201908
605,597,201908
605,658,201908
605,644,201908
606,351,201908
606,679,201908
606,110,201908
606,660,201908
606,607,201908
607,679,201908
607,660,201908
607,351,201908
607,606,201908
610,611,201908
610,614,201908
610,563,201908
610,427,201908
611,610,201908
611,612,201908
611,563,201908
611,562,201908
611,615,201908
612,611,201908
612,680,201908
612,614,201908
612,610,201908
612,563,201908
613,127,201908
613,109,201908
613,427,201908
614,611,201908
614,612,201908
614,610,201908
614,563,201908
615,563,201908
616,563,201908
617,563,201908
618,569,201908
618,570,201908
618,567,201908
618,563,201908
621,484,201908
621,625,201908
621,352,201908
621,579,201908
621,838,201908
621,694,201908
622,477,201908
622,352,201908
622,621,201908
622,532,201908
622,694,201908
622,623,201908
623,196,201908
623,352,201908
623,351,201908
623,621,201908
623,532,201908
623,694,201908
623,622,201908
624,232,201908
624,658,201908
624,465,201908
624,601,201908
624,670,201908
624,664,201908
625,352,201908
625,196,201908
625,579,201908
625,678,201908
625,626,201908
625,694,201908
626,352,201908
626,625,201908
626,484,201908
626,694,201908
626,678,201908
627,110,201908
627,185,201908
627,695,201908
627,474,201908
627,236,201908
627,649,201908
627,1177,201908
627,1163,201908
627,1142,201908
627,1289,201908
627,646,201908
627,648,201908
628,629,201908
628,109,201908
629,109,201908
629,628,201908
630,473,201908
630,997,201908
630,474,201908
630,110,201908
632,647,201908
633,110,201908
633,109,201908
633,4,201908
633,305,201908
633,592,201908
633,427,201908
634,230,201908
634,232,201908
634,638,201908
634,636,201908
634,600,201908
634,635,201908
635,634,201908
635,642,201908
635,230,201908
635,641,201908
635,638,201908
635,818,201908
636,640,201908
636,232,201908
636,594,201908
636,110,201908
636,596,201908
636,230,201908
638,230,201908
638,641,201908
638,642,201908
638,635,201908
638,647,201908
639,110,201908
639,231,201908
639,232,201908
639,253,201908
639,594,201908
639,239,201908
639,575,201908
639,600,201908
639,818,201908
639,254,201908
639,230,201908
639,603,201908
640,230,201908
640,110,201908
640,596,201908
640,594,201908
640,605,201908
640,232,201908
640,229,201908
640,636,201908
641,634,201908
641,642,201908
641,638,201908
641,230,201908
641,635,201908
642,635,201908
642,232,201908
642,638,201908
642,641,201908
642,230,201908
643,273,201908
643,603,201908
643,658,201908
643,232,201908
643,231,201908
643,575,201908
644,586,201908
644,232,201908
644,231,201908
644,640,201908
644,599,201908
644,605,201908
646,649,201908
646,648,201908
646,627,201908
647,841,201908
647,1002,201908
647,719,201908
647,765,201908
647,632,201908
648,649,201908
648,646,201908
648,627,201908
649,648,201908
649,646,201908
649,627,201908
649,1177,201908
650,474,201908
650,186,201908
651,474,201908
651,922,201908
651,665,201908
651,1019,201908
654,146,201908
654,137,201908
654,652,201908
655,109,201908
656,937,201908
656,200,201908
656,185,201908
657,656,201908
657,185,201908
657,200,201908
658,232,201908
658,597,201908
658,670,201908
658,624,201908
658,601,201908
658,661,201908
658,664,201908
659,230,201908
659,231,201908
659,259,201908
659,232,201908
659,273,201908
659,602,201908
659,639,201908
660,589,201908
660,351,201908
660,110,201908
660,465,201908
660,679,201908
660,607,201908
660,606,201908
661,232,201908
661,658,201908
661,670,201908
661,664,201908
662,146,201908
662,137,201908
662,17,201908
664,602,201908
664,232,201908
664,263,201908
664,661,201908
664,597,201908
664,659,201908
664,624,201908
664,658,201908
664,670,201908
664,601,201908
665,185,201908
665,650,201908
665,651,201908
665,474,201908
665,110,201908
667,857,201908
667,595,201908
667,196,201908
667,383,201908
670,231,201908
670,258,201908
670,601,201908
670,664,201908
670,624,201908
670,232,201908
670,259,201908
670,658,201908
670,661,201908
671,137,201908
672,1413,201908
672,135,201908
672,35,201908
672,1441,201908
674,563,201908
675,495,201908
676,677,201908
676,592,201908
676,109,201908
677,109,201908
677,633,201908
677,592,201908
678,352,201908
678,626,201908
678,625,201908
678,196,201908
679,352,201908
679,606,201908
679,351,201908
679,607,201908
679,196,201908
679,660,201908
680,563,201908
681,196,201908
681,712,201908
684,110,201908
686,563,201908
688,563,201908
690,998,201908
693,352,201908
694,110,201908
694,626,201908
694,621,201908
694,579,201908
694,625,201908
694,622,201908
694,484,201908
694,565,201908
694,623,201908
694,352,201908
695,627,201908
695,363,201908
696,190,201908
697,656,201908
697,200,201908
697,937,201908
697,698,201908
697,1016,201908
697,657,201908
697,185,201908
698,993,201908
698,697,201908
698,185,201908
700,232,201908
700,257,201908
700,591,201908
703,95,201908
703,1430,201908
703,374,201908
703,46,201908
706,136,201908
710,247,201908
710,320,201908
710,10,201908
710,100,201908
710,48,201908
710,266,201908
710,375,201908
710,1250,201908
710,355,201908
712,110,201908
712,447,201908
712,367,201908
712,196,201908
712,547,201908
712,225,201908
712,364,201908
712,351,201908
712,377,201908
712,489,201908
712,681,201908
712,365,201908
712,412,201908
712,472,201908
712,378,201908
712,236,201908
712,363,201908
712,366,201908
715,232,201908
715,252,201908
715,254,201908
719,647,201908
720,960,201908
722,320,201908
722,266,201908
722,64,201908
722,29,201908
723,724,201908
723,109,201908
724,127,201908
724,723,201908
724,109,201908
728,12,201908
728,346,201908
728,10,201908
728,1227,201908
728,137,201908
729,109,201908
729,593,201908
729,127,201908
730,64,201908
730,29,201908
731,33,201908
731,137,201908
734,563,201908
736,761,201908
736,21,201908
736,5,201908
738,265,201908
738,123,201908
738,18,201908
738,136,201908
739,35,201908
739,860,201908
739,463,201908
739,381,201908
739,444,201908
739,135,201908
739,208,201908
739,1441,201908
739,1948,201908
739,297,201908
739,1417,201908
739,1476,201908
739,1772,201908
740,85,201908
741,795,201908
741,295,201908
741,136,201908
741,20,201908
744,26,201908
744,29,201908
744,6,201908
744,99,201908
744,64,201908
744,97,201908
744,46,201908
747,247,201908
747,222,201908
747,748,201908
747,1162,201908
748,247,201908
748,222,201908
748,747,201908
748,979,201908
749,348,201908
749,1488,201908
752,0,201908
752,137,201908
752,29,201908
753,30,201908
754,84,201908
754,30,201908
755,21,201908
756,25,201908
757,137,201908
760,351,201908
761,21,201908
761,755,201908
761,136,201908
761,17,201908
761,20,201908
762,265,201908
762,136,201908
764,1488,201908
764,21,201908
764,17,201908
765,647,201908
766,13,201908
768,48,201908
769,48,201908
769,36,201908
769,97,201908
769,29,201908
769,26,201908
769,19,201908
769,99,201908
769,2270,201908
769,60,201908
769,137,201908
769,6,201908
769,108,201908
769,46,201908
769,35,201908
770,89,201908
770,778,201908
772,320,201908
772,237,201908
772,134,201908
772,6,201908
776,30,201908
777,96,201908
777,299,201908
778,89,201908
782,1130,201908
782,46,201908
782,135,201908
782,500,201908
782,1088,201908
783,30,201908
784,1236,201908
784,1,201908
784,1488,201908
786,1468,201908
786,898,201908
786,917,201908
786,1225,201908
787,183,201908
795,33,201908
795,184,201908
795,741,201908
795,51,201908
797,126,201908
797,46,201908
799,14,201908
799,46,201908
799,19,201908
801,137,201908
801,96,201908
806,49,201908
808,110,201908
808,201,201908
808,235,201908
808,290,201908
809,444,201908
809,1413,201908
813,83,201908
813,46,201908
813,97,201908
814,54,201908
814,32,201908
814,18,201908
815,375,201908
815,48,201908
815,320,201908
815,64,201908
815,266,201908
817,5,201908
818,230,201908
818,635,201908
818,639,201908
819,1130,201908
819,17,201908
819,10,201908
819,4,201908
819,18,201908
819,51,201908
819,20,201908
819,136,201908
819,137,201908
819,1,201908
819,113,201908
819,28,201908
823,1470,201908
829,426,201908
830,110,201908
832,21,201908
832,29,201908
834,136,201908
835,137,201908
835,138,201908
835,143,201908
835,160,201908
836,1455,201908
836,444,201908
836,1459,201908
836,419,201908
837,890,201908
837,339,201908
841,647,201908
841,719,201908
841,110,201908
842,51,201908
843,4,201908
846,723,201908
846,109,201908
847,110,201908
852,378,201908
852,196,201908
852,351,201908
852,352,201908
855,463,201908
855,77,201908
855,316,201908
857,667,201908
860,1351,201908
860,1337,201908
860,282,201908
860,739,201908
860,19,201908
860,46,201908
860,97,201908
862,728,201908
862,502,201908
862,12,201908
862,136,201908
863,23,201908
863,906,201908
863,10,201908
864,592,201908
864,593,201908
864,109,201908
866,21,201908
866,17,201908
866,20,201908
867,235,201908
870,133,201908
870,10,201908
870,1386,201908
870,931,201908
871,540,201908
871,29,201908
871,137,201908
874,782,201908
875,1460,201908
875,444,201908
875,1413,201908
876,196,201908
885,160,201908
885,137,201908
886,305,201908
886,110,201908
888,266,201908
888,154,201908
889,208,201908
889,283,201908
889,266,201908
889,29,201908
889,64,201908
890,58,201908
892,1144,201908
892,20,201908
892,54,201908
896,1911,201908
896,463,201908
896,13,201908
897,190,201908
898,786,201908
899,208,201908
899,114,201908
899,126,201908
899,19,201908
900,31,201908
906,23,201908
906,863,201908
906,137,201908
906,4,201908
906,17,201908
906,136,201908
906,20,201908
906,1,201908
908,909,201908
908,136,201908
909,908,201908
909,136,201908
914,14,201908
914,146,201908
914,89,201908
914,654,201908
914,23,201908
914,497,201908
914,157,201908
914,1418,201908
917,196,201908
917,786,201908
920,190,201908
920,110,201908
922,110,201908
922,230,201908
922,186,201908
922,474,201908
922,473,201908
922,232,201908
922,185,201908
931,14,201908
931,2020,201908
931,1386,201908
931,361,201908
931,65,201908
931,112,201908
931,395,201908
931,20,201908
931,373,201908
931,1336,201908
931,80,201908
931,10,201908
931,8,201908
931,189,201908
931,950,201908
931,445,201908
931,529,201908
931,870,201908
931,1335,201908
931,7,201908
935,97,201908
937,656,201908
937,200,201908
937,657,201908
937,185,201908
941,1345,201908
941,998,201908
941,453,201908
941,1368,201908
941,10,201908
941,210,201908
941,1057,201908
941,1,201908
942,349,201908
942,55,201908
947,110,201908
947,200,201908
947,185,201908
948,109,201908
948,127,201908
950,931,201908
950,1,201908
950,136,201908
950,137,201908
958,110,201908
960,35,201908
960,81,201908
966,24,201908
966,22,201908
966,17,201908
966,1227,201908
968,136,201908
969,346,201908
978,459,201908
978,434,201908
979,747,201908
979,1422,201908
979,247,201908
979,1162,201908
979,207,201908
979,1424,201908
981,136,201908
982,136,201908
993,698,201908
993,185,201908
994,133,201908
994,1386,201908
994,214,201908
995,1441,201908
995,208,201908
995,13,201908
996,208,201908
996,13,201908
997,922,201908
997,630,201908
997,110,201908
997,474,201908
997,185,201908
998,690,201908
998,1345,201908
998,941,201908
998,1369,201908
998,1368,201908
998,210,201908
1002,647,201908
1015,136,201908
1016,185,201908
1016,110,201908
1016,186,201908
1017,114,201908
1017,154,201908
1020,208,201908
1020,40,201908
1020,14,201908
1020,375,201908
1020,320,201908
1020,266,201908
1022,40,201908
1035,196,201908
1035,425,201908
1044,45,201908
1048,1488,201908
1048,20,201908
1048,5,201908
1048,1503,201908
1052,97,201908
1054,113,201908
1055,113,201908
1056,235,201908
1057,941,201908
1065,208,201908
1065,64,201908
1065,29,201908
1070,4,201908
1072,143,201908
1075,1129,201908
1075,172,201908
1075,1404,201908
1075,357,201908
1075,129,201908
1086,40,201908
1088,13,201908
1088,782,201908
1090,30,201908
1099,837,201908
1099,1100,201908
1099,262,201908
1099,282,201908
1112,110,201908
1118,1949,201908
1118,1441,201908
1118,13,201908
1127,374,201908
1129,357,201908
1129,1075,201908
1129,1404,201908
1129,129,201908
1129,173,201908
1130,1864,201908
1130,17,201908
1130,1363,201908
1130,1766,201908
1130,297,201908
1130,782,201908
1134,425,201908
1134,1468,201908
1134,526,201908
1134,196,201908
1139,37,201908
1142,627,201908
1144,6,201908
1144,18,201908
1144,14,201908
1144,26,201908
1144,146,201908
1150,563,201908
1151,1422,201908
1151,1424,201908
1162,1486,201908
1162,1422,201908
1162,747,201908
1163,627,201908
1165,444,201908
1168,110,201908
1172,76,201908
1177,847,201908
1177,627,201908
1177,649,201908
1183,110,201908
1183,190,201908
1190,346,201908
1190,137,201908
1193,2,201908
1193,444,201908
1193,349,201908
1193,1441,201908
1196,842,201908
1205,18,201908
1205,29,201908
1209,38,201908
1213,509,201908
1222,110,201908
1225,186,201908
1225,786,201908
1225,1226,201908
1225,185,201908
1226,1701,201908
1226,1225,201908
1226,185,201908
1227,408,201908
1227,234,201908
1227,62,201908
1227,163,201908
1227,12,201908
1227,184,201908
1227,160,201908
1227,84,201908
1227,43,201908
1227,34,201908
1227,70,201908
1227,223,201908
1227,386,201908
1227,122,201908
1227,86,201908
1227,123,201908
1227,66,201908
1227,164,201908
1227,30,201908
1227,103,201908
1227,33,201908
1227,177,201908
1227,138,201908
1227,146,201908
1227,132,201908
1227,5,201908
1227,728,201908
1227,10,201908
1227,222,201908
1227,111,201908
1227,104,201908
1227,15,201908
1227,159,201908
1227,61,201908
1227,181,201908
1227,105,201908
1227,265,201908
1227,966,201908
1236,1,201908
1249,389,201908
1250,175,201908
1250,15,201908
1250,267,201908
1250,95,201908
1250,83,201908
1250,27,201908
1250,16,201908
1250,132,201908
1250,1430,201908
1250,195,201908
1250,101,201908
1250,181,201908
1250,62,201908
1250,294,201908
1250,102,201908
1250,31,201908
1250,176,201908
1250,66,201908
1250,159,201908
1250,143,201908
1250,197,201908
1250,434,201908
1250,65,201908
1250,281,201908
1250,77,201908
1250,138,201908
1250,180,201908
1250,710,201908
1250,237,201908
1250,79,201908
1250,40,201908
1250,146,201908
1252,196,201908
1258,137,201908
1258,29,201908
1258,136,201908
1259,1286,201908
1265,261,201908
1269,1,201908
1269,96,201908
1273,627,201908
1277,196,201908
1284,349,201908
1286,1259,201908
1289,627,201908
1291,160,201908
1291,137,201908
1293,230,201908
1301,232,201908
1305,35,201908
1305,914,201908
1314,1121,201908
1317,5,201908
1331,247,201908
1335,486,201908
1335,931,201908
1336,1488,201908
1336,931,201908
1337,14,201908
1337,374,201908
1337,1351,201908
1345,1368,201908
1345,690,201908
1345,210,201908
1345,998,201908
1351,860,201908
1351,1337,201908
1353,34,201908
1355,1,201908
1365,425,201908
1366,149,201908
1366,60,201908
1366,99,201908
1366,165,201908
1366,26,201908
1366,40,201908
1366,47,201908
1366,38,201908
1366,13,201908
1366,54,201908
1366,21,201908
1366,133,201908
1366,9,201908
1366,72,201908
1366,28,201908
1366,1,201908
1366,10,201908
1366,27,201908
1366,85,201908
1366,29,201908
1366,136,201908
1366,135,201908
1366,14,201908
1366,25,201908
1366,154,201908
1366,46,201908
1366,92,201908
1366,137,201908
1366,274,201908
1366,31,201908
1366,97,201908
1368,1345,201908
1368,210,201908
1368,941,201908
1368,1369,201908
1368,998,201908
1369,1345,201908
1369,210,201908
1369,998,201908
1369,1368,201908
1369,941,201908
1371,1445,201908
1373,1686,201908
1373,1921,201908
1373,1441,201908
1376,196,201908
1381,1382,201908
1381,235,201908
1382,1381,201908
1382,235,201908
1383,1900,201908
1386,189,201908
1386,870,201908
1386,1488,201908
1386,2000,201908
1386,931,201908
1386,5,201908
1386,1503,201908
1393,425,201908
1404,1129,201908
1404,1075,201908
1413,444,201908
1413,672,201908
1413,297,201908
1413,1849,201908
1413,208,201908
1413,1897,201908
1413,285,201908
1413,931,201908
1413,247,201908
1413,1900,201908
1413,1478,201908
1413,485,201908
1413,875,201908
1413,809,201908
1413,896,201908
1413,2202,201908
1413,17,201908
1417,855,201908
1417,444,201908
1417,208,201908
1417,13,201908
1418,106,201908
1419,247,201908
1422,1485,201908
1422,1424,201908
1422,1162,201908
1422,1151,201908
1422,979,201908
1423,1422,201908
1423,1424,201908
1424,1422,201908
1424,1151,201908
1424,979,201908
1424,1423,201908
1430,46,201908
1430,0,201908
1430,355,201908
1430,1250,201908
1430,266,201908
1430,375,201908
1430,48,201908
1441,1898,201908
1441,297,201908
1441,6,201908
1441,1889,201908
1441,482,201908
1441,1589,201908
1441,672,201908
1441,142,201908
1441,26,201908
1441,995,201908
1441,1193,201908
1441,1627,201908
1441,13,201908
1441,349,201908
1441,444,201908
1441,1689,201908
1441,1373,201908
1441,102,201908
1441,1118,201908
1441,208,201908
1444,146,201908
1444,108,201908
1444,160,201908
1445,453,201908
1445,836,201908
1445,139,201908
1445,46,201908
1445,1496,201908
1445,325,201908
1445,1455,201908
1445,158,201908
1445,1371,201908
1445,29,201908
1445,34,201908
1445,1373,201908
1445,63,201908
1455,58,201908
1455,266,201908
1455,1445,201908
1455,453,201908
1455,160,201908
1455,108,201908
1459,135,201908
1459,444,201908
1459,836,201908
1460,444,201908
1460,809,201908
1463,444,201908
1468,1134,201908
1468,1273,201908
1468,786,201908
1468,526,201908
1470,31,201908
1470,823,201908
1471,1787,201908
1476,19,201908
1476,31,201908
1476,739,201908
1476,1443,201908
1476,444,201908
1478,29,201908
1482,154,201908
1488,1048,201908
1488,20,201908
1488,5,201908
1488,1961,201908
1488,113,201908
1488,749,201908
1488,189,201908
1488,784,201908
1488,1647,201908
1488,28,201908
1488,764,201908
1488,10,201908
1488,1,201908
1488,1503,201908
1496,1445,201908
1496,135,201908
1500,862,201908
1501,862,201908
1503,1048,201908
1503,1386,201908
1503,1488,201908
1503,189,201908
1509,1747,201908
1539,109,201908
1566,453,201908
1580,154,201908
1589,208,201908
1589,1441,201908
1597,35,201908
1627,1413,201908
1647,1488,201908
1649,17,201908
1657,208,201908
1661,208,201908
1665,28,201908
1674,349,201908
1674,297,201908
1684,1488,201908
1684,24,201908
1685,941,201908
1686,40,201908
1699,208,201908
1699,297,201908
1701,1226,201908
1701,185,201908
1712,11,201908
1747,1509,201908
1749,178,201908
1755,236,201908
1757,208,201908
1758,212,201908
1766,1130,201908
1771,444,201908
1772,739,201908
1777,247,201908
1784,210,201908
1787,444,201908
1815,297,201908
1815,1904,201908
1849,444,201908
1849,1413,201908
1849,1757,201908
1849,1441,201908
1851,208,201908
1860,1903,201908
1861,1118,201908
1867,1265,201908
1873,1195,201908
1886,1413,201908
1888,739,201908
1894,1413,201908
1895,1900,201908
1895,297,201908
1897,1413,201908
1897,444,201908
1898,1441,201908
1898,1915,201908
1900,1895,201908
1900,1413,201908
1900,64,201908
1900,1383,201908
1900,208,201908
1903,444,201908
1903,1476,201908
1903,208,201908
1903,1860,201908
1904,896,201908
1904,297,201908
1904,1413,201908
1904,208,201908
1904,1949,201908
1904,283,201908
1904,1815,201908
1910,349,201908
1911,896,201908
1911,444,201908
1915,1898,201908
1917,1918,201908
1918,1917,201908
1921,208,201908
1924,444,201908
1925,208,201908
1948,739,201908
1949,2038,201908
1949,1904,201908
1974,563,201908
2020,247,201908
2038,208,201908
2039,349,201908
2130,107,201908
2202,1413,201908
2235,212,201908
2244,167,201908
2270,769,201908
