i,j,t
0,278,200710
0,1147,200710
0,118,200710
0,139,200710
0,157,200710
0,143,200710
0,83,200710
0,433,200710
0,25,200710
0,160,200710
0,15,200710
0,149,200710
0,142,200710
0,80,200710
0,79,200710
0,64,200710
0,23,200710
0,10,200710
0,112,200710
0,107,200710
0,18,200710
0,2,200710
0,77,200710
0,169,200710
0,97,200710
0,11,200710
0,133,200710
0,99,200710
0,57,200710
0,154,200710
0,48,200710
0,208,200710
0,4,200710
0,32,200710
0,165,200710
0,6,200710
0,117,200710
0,38,200710
0,5,200710
0,119,200710
0,92,200710
0,65,200710
0,274,200710
0,14,200710
0,46,200710
0,22,200710
0,136,200710
0,45,200710
0,195,200710
0,20,200710
0,247,200710
0,19,200710
0,26,200710
0,29,200710
0,102,200710
0,16,200710
0,28,200710
0,17,200710
0,155,200710
0,72,200710
0,27,200710
0,13,200710
0,85,200710
0,100,200710
0,96,200710
0,146,200710
0,60,200710
0,1,200710
0,135,200710
0,31,200710
0,108,200710
0,59,200710
0,35,200710
0,137,200710
1,136,200710
1,77,200710
1,143,200710
1,160,200710
1,20,200710
1,23,200710
1,739,200710
1,89,200710
1,137,200710
1,175,200710
1,37,200710
1,62,200710
1,10,200710
1,433,200710
1,28,200710
1,165,200710
1,5,200710
1,972,200710
1,22,200710
1,138,200710
1,17,200710
1,552,200710
1,209,200710
1,784,200710
1,27,200710
1,8,200710
1,389,200710
1,914,200710
1,96,200710
1,188,200710
1,320,200710
1,361,200710
1,303,200710
1,1254,200710
1,108,200710
1,21,200710
1,0,200710
1,29,200710
1,47,200710
1,48,200710
1,25,200710
1,180,200710
1,59,200710
1,52,200710
1,11,200710
1,214,200710
1,154,200710
1,247,200710
1,31,200710
1,81,200710
1,26,200710
1,19,200710
1,777,200710
1,299,200710
1,100,200710
1,228,200710
1,51,200710
1,46,200710
1,14,200710
1,64,200710
1,164,200710
1,4,200710
1,317,200710
1,97,200710
1,76,200710
1,536,200710
1,131,200710
1,548,200710
1,35,200710
1,99,200710
1,13,200710
1,60,200710
1,107,200710
1,110,200710
1,941,200710
1,345,200710
1,183,200710
1,1355,200710
1,119,200710
1,395,200710
1,149,200710
1,16,200710
1,69,200710
1,36,200710
1,116,200710
1,157,200710
1,133,200710
1,130,200710
1,184,200710
1,115,200710
1,70,200710
1,7,200710
1,80,200710
1,33,200710
1,85,200710
1,243,200710
1,2,200710
1,83,200710
1,124,200710
1,40,200710
1,261,200710
1,9,200710
1,132,200710
1,34,200710
1,142,200710
1,906,200710
1,18,200710
1,113,200710
1,102,200710
1,155,200710
1,32,200710
1,211,200710
1,274,200710
1,189,200710
1,72,200710
1,54,200710
1,213,200710
1,150,200710
1,53,200710
1,12,200710
1,146,200710
1,121,200710
1,92,200710
1,6,200710
1,112,200710
1,135,200710
2,165,200710
2,552,200710
2,97,200710
2,9,200710
2,48,200710
2,879,200710
2,137,200710
2,93,200710
2,433,200710
2,11,200710
2,339,200710
2,160,200710
2,154,200710
2,52,200710
2,92,200710
2,32,200710
2,167,200710
2,25,200710
2,143,200710
2,138,200710
2,385,200710
2,335,200710
2,115,200710
2,1170,200710
2,176,200710
2,144,200710
2,86,200710
2,40,200710
2,22,200710
2,20,200710
2,120,200710
2,149,200710
2,906,200710
2,393,200710
2,5,200710
2,35,200710
2,18,200710
2,274,200710
2,1,200710
2,220,200710
2,207,200710
2,39,200710
2,78,200710
2,23,200710
2,0,200710
2,16,200710
2,180,200710
2,27,200710
2,99,200710
2,61,200710
2,96,200710
2,26,200710
2,12,200710
2,17,200710
2,136,200710
2,31,200710
2,51,200710
2,108,200710
2,157,200710
2,346,200710
2,100,200710
2,112,200710
2,116,200710
2,72,200710
2,83,200710
2,1169,200710
2,119,200710
2,10,200710
2,124,200710
2,19,200710
2,29,200710
2,64,200710
2,21,200710
2,28,200710
2,60,200710
2,146,200710
2,135,200710
2,6,200710
2,14,200710
3,311,200710
3,807,200710
3,69,200710
4,843,200710
4,109,200710
4,222,200710
4,5,200710
4,60,200710
4,427,200710
4,57,200710
4,11,200710
4,1,200710
4,1070,200710
4,20,200710
4,62,200710
4,160,200710
4,127,200710
4,16,200710
4,110,200710
4,51,200710
4,18,200710
4,81,200710
4,228,200710
4,50,200710
4,184,200710
4,22,200710
4,177,200710
4,1438,200710
4,25,200710
4,137,200710
4,84,200710
4,100,200710
4,142,200710
4,133,200710
4,26,200710
4,54,200710
4,80,200710
4,136,200710
4,154,200710
4,108,200710
4,21,200710
4,36,200710
4,19,200710
4,165,200710
4,13,200710
4,12,200710
4,305,200710
4,27,200710
4,112,200710
4,1424,200710
4,40,200710
4,32,200710
4,14,200710
4,132,200710
4,113,200710
4,48,200710
4,52,200710
4,28,200710
4,99,200710
4,33,200710
4,83,200710
4,0,200710
4,96,200710
4,633,200710
4,128,200710
4,31,200710
4,306,200710
4,92,200710
4,2,200710
4,1169,200710
4,346,200710
4,17,200710
4,243,200710
4,85,200710
4,105,200710
4,89,200710
4,238,200710
4,268,200710
4,274,200710
4,88,200710
4,189,200710
4,819,200710
4,23,200710
4,317,200710
4,69,200710
4,300,200710
4,301,200710
4,150,200710
4,183,200710
4,30,200710
4,107,200710
4,86,200710
4,223,200710
4,35,200710
4,46,200710
4,311,200710
4,59,200710
4,164,200710
4,214,200710
4,7,200710
4,213,200710
4,97,200710
4,6,200710
4,196,200710
4,121,200710
4,10,200710
4,135,200710
4,29,200710
4,64,200710
4,146,200710
5,21,200710
5,28,200710
5,14,200710
5,19,200710
5,107,200710
5,39,200710
5,112,200710
5,138,200710
5,30,200710
5,15,200710
5,160,200710
5,17,200710
5,20,200710
5,89,200710
5,10,200710
5,137,200710
5,110,200710
5,29,200710
5,817,200710
5,552,200710
5,183,200710
5,4,200710
5,11,200710
5,23,200710
5,18,200710
5,1314,200710
5,6,200710
5,51,200710
5,77,200710
5,261,200710
5,143,200710
5,150,200710
5,132,200710
5,1,200710
5,136,200710
5,433,200710
5,34,200710
5,16,200710
5,100,200710
5,85,200710
5,1265,200710
5,26,200710
5,38,200710
5,32,200710
5,116,200710
5,931,200710
5,52,200710
5,88,200710
5,69,200710
5,72,200710
5,247,200710
5,97,200710
5,2,200710
5,0,200710
5,9,200710
5,55,200710
5,108,200710
5,64,200710
5,27,200710
5,105,200710
5,25,200710
5,96,200710
5,124,200710
5,31,200710
5,22,200710
5,80,200710
5,33,200710
5,346,200710
5,133,200710
5,102,200710
5,155,200710
5,12,200710
5,180,200710
5,60,200710
5,81,200710
5,119,200710
5,83,200710
5,48,200710
5,274,200710
5,165,200710
5,8,200710
5,243,200710
5,154,200710
5,90,200710
5,135,200710
5,7,200710
5,92,200710
5,13,200710
5,59,200710
5,113,200710
5,121,200710
6,35,200710
6,1088,200710
6,142,200710
6,176,200710
6,552,200710
6,25,200710
6,138,200710
6,110,200710
6,5,200710
6,117,200710
6,326,200710
6,48,200710
6,434,200710
6,433,200710
6,137,200710
6,40,200710
6,38,200710
6,64,200710
6,52,200710
6,13,200710
6,126,200710
6,77,200710
6,510,200710
6,119,200710
6,486,200710
6,29,200710
6,742,200710
6,32,200710
6,16,200710
6,19,200710
6,62,200710
6,17,200710
6,102,200710
6,175,200710
6,180,200710
6,517,200710
6,160,200710
6,143,200710
6,14,200710
6,114,200710
6,56,200710
6,132,200710
6,242,200710
6,183,200710
6,813,200710
6,34,200710
6,100,200710
6,101,200710
6,12,200710
6,51,200710
6,113,200710
6,135,200710
6,2,200710
6,334,200710
6,1,200710
6,320,200710
6,46,200710
6,96,200710
6,739,200710
6,18,200710
6,97,200710
6,136,200710
6,875,200710
6,161,200710
6,0,200710
6,4,200710
6,31,200710
6,346,200710
6,20,200710
6,112,200710
6,746,200710
6,146,200710
6,722,200710
6,108,200710
6,181,200710
6,22,200710
6,82,200710
6,78,200710
6,172,200710
6,124,200710
6,157,200710
6,11,200710
6,76,200710
6,65,200710
6,72,200710
6,131,200710
6,9,200710
6,10,200710
6,544,200710
6,39,200710
6,99,200710
6,375,200710
6,80,200710
6,237,200710
6,139,200710
6,217,200710
6,27,200710
6,57,200710
6,24,200710
6,83,200710
6,94,200710
6,54,200710
6,194,200710
6,36,200710
6,154,200710
6,155,200710
6,45,200710
6,81,200710
6,129,200710
6,55,200710
6,134,200710
6,120,200710
6,89,200710
6,85,200710
6,28,200710
6,60,200710
7,90,200710
7,8,200710
7,243,200710
7,17,200710
7,28,200710
7,89,200710
7,778,200710
7,1103,200710
7,828,200710
7,770,200710
7,29,200710
7,18,200710
7,97,200710
7,1,200710
7,113,200710
7,5,200710
7,21,200710
7,10,200710
7,4,200710
7,137,200710
7,51,200710
7,20,200710
8,28,200710
8,23,200710
8,7,200710
8,89,200710
8,17,200710
8,243,200710
8,90,200710
8,18,200710
8,29,200710
8,136,200710
8,5,200710
8,4,200710
8,1,200710
8,113,200710
8,20,200710
9,23,200710
9,314,200710
9,107,200710
9,47,200710
9,124,200710
9,72,200710
9,160,200710
9,143,200710
9,224,200710
9,188,200710
9,27,200710
9,15,200710
9,433,200710
9,76,200710
9,79,200710
9,327,200710
9,180,200710
9,5,200710
9,21,200710
9,157,200710
9,30,200710
9,102,200710
9,112,200710
9,11,200710
9,45,200710
9,63,200710
9,108,200710
9,52,200710
9,119,200710
9,22,200710
9,55,200710
9,136,200710
9,213,200710
9,81,200710
9,29,200710
9,85,200710
9,137,200710
9,914,200710
9,48,200710
9,183,200710
9,97,200710
9,100,200710
9,960,200710
9,28,200710
9,149,200710
9,19,200710
9,132,200710
9,496,200710
9,32,200710
9,16,200710
9,99,200710
9,0,200710
9,10,200710
9,2,200710
9,17,200710
9,96,200710
9,64,200710
9,6,200710
9,135,200710
9,154,200710
9,18,200710
9,25,200710
9,146,200710
9,1,200710
9,14,200710
9,92,200710
9,274,200710
10,143,200710
10,23,200710
10,97,200710
10,1,200710
10,160,200710
10,17,200710
10,5,200710
10,133,200710
10,51,200710
10,11,200710
10,89,200710
10,781,200710
10,433,200710
10,548,200710
10,47,200710
10,739,200710
10,27,200710
10,1131,200710
10,138,200710
10,18,200710
10,21,200710
10,444,200710
10,483,200710
10,955,200710
10,135,200710
10,129,200710
10,35,200710
10,53,200710
10,0,200710
10,25,200710
10,85,200710
10,36,200710
10,136,200710
10,265,200710
10,108,200710
10,6,200710
10,81,200710
10,751,200710
10,12,200710
10,4,200710
10,14,200710
10,31,200710
10,28,200710
10,536,200710
10,13,200710
10,137,200710
10,19,200710
10,77,200710
10,48,200710
10,60,200710
10,710,200710
10,166,200710
10,345,200710
10,165,200710
10,20,200710
10,37,200710
10,110,200710
10,26,200710
10,261,200710
10,157,200710
10,817,200710
10,906,200710
10,32,200710
10,764,200710
10,2,200710
10,9,200710
10,33,200710
10,213,200710
10,211,200710
10,184,200710
10,96,200710
10,58,200710
10,144,200710
10,100,200710
10,214,200710
10,193,200710
10,70,200710
10,107,200710
10,105,200710
10,125,200710
10,341,200710
10,111,200710
10,57,200710
10,339,200710
10,170,200710
10,84,200710
10,188,200710
10,112,200710
10,267,200710
10,62,200710
10,150,200710
10,863,200710
10,101,200710
10,233,200710
10,16,200710
10,72,200710
10,154,200710
10,177,200710
10,30,200710
10,117,200710
10,75,200710
10,122,200710
10,189,200710
10,24,200710
10,269,200710
10,969,200710
10,164,200710
10,161,200710
10,103,200710
10,163,200710
10,22,200710
10,197,200710
10,66,200710
10,61,200710
10,115,200710
10,74,200710
10,34,200710
10,54,200710
10,104,200710
10,116,200710
10,15,200710
10,132,200710
10,80,200710
10,99,200710
10,149,200710
10,159,200710
10,124,200710
10,64,200710
10,38,200710
10,7,200710
10,178,200710
10,180,200710
10,102,200710
10,274,200710
10,52,200710
10,142,200710
10,155,200710
10,59,200710
10,222,200710
10,83,200710
10,69,200710
10,183,200710
10,40,200710
10,119,200710
10,121,200710
10,92,200710
10,113,200710
10,146,200710
10,29,200710
10,46,200710
11,160,200710
11,20,200710
11,183,200710
11,112,200710
11,5,200710
11,10,200710
11,138,200710
11,23,200710
11,105,200710
11,914,200710
11,227,200710
11,1049,200710
11,143,200710
11,433,200710
11,501,200710
11,268,200710
11,1189,200710
11,228,200710
11,1,200710
11,548,200710
11,100,200710
11,136,200710
11,157,200710
11,0,200710
11,142,200710
11,40,200710
11,444,200710
11,27,200710
11,52,200710
11,81,200710
11,26,200710
11,59,200710
11,155,200710
11,14,200710
11,121,200710
11,299,200710
11,12,200710
11,28,200710
11,354,200710
11,135,200710
11,17,200710
11,19,200710
11,96,200710
11,54,200710
11,77,200710
11,38,200710
11,48,200710
11,9,200710
11,116,200710
11,31,200710
11,29,200710
11,22,200710
11,133,200710
11,107,200710
11,180,200710
11,188,200710
11,274,200710
11,137,200710
11,21,200710
11,83,200710
11,108,200710
11,706,200710
11,1015,200710
11,113,200710
11,265,200710
11,153,200710
11,165,200710
11,6,200710
11,132,200710
11,130,200710
11,261,200710
11,544,200710
11,92,200710
11,61,200710
11,303,200710
11,222,200710
11,124,200710
11,330,200710
11,33,200710
11,60,200710
11,80,200710
11,25,200710
11,16,200710
11,50,200710
11,295,200710
11,147,200710
11,238,200710
11,69,200710
11,211,200710
11,189,200710
11,906,200710
11,72,200710
11,317,200710
11,248,200710
11,214,200710
11,184,200710
11,85,200710
11,154,200710
11,2,200710
11,111,200710
11,70,200710
11,18,200710
11,84,200710
11,32,200710
11,213,200710
11,46,200710
11,88,200710
11,781,200710
11,150,200710
11,99,200710
11,53,200710
11,110,200710
11,223,200710
11,169,200710
11,164,200710
11,64,200710
11,51,200710
11,177,200710
11,4,200710
11,86,200710
11,30,200710
11,89,200710
11,13,200710
11,146,200710
11,97,200710
12,968,200710
12,11,200710
12,40,200710
12,143,200710
12,274,200710
12,873,200710
12,728,200710
12,862,200710
12,5,200710
12,15,200710
12,132,200710
12,502,200710
12,1614,200710
12,433,200710
12,181,200710
12,160,200710
12,107,200710
12,27,200710
12,48,200710
12,158,200710
12,6,200710
12,59,200710
12,98,200710
12,452,200710
12,105,200710
12,100,200710
12,119,200710
12,99,200710
12,26,200710
12,79,200710
12,32,200710
12,180,200710
12,77,200710
12,156,200710
12,111,200710
12,17,200710
12,101,200710
12,51,200710
12,83,200710
12,46,200710
12,97,200710
12,85,200710
12,123,200710
12,362,200710
12,112,200710
12,155,200710
12,336,200710
12,55,200710
12,1,200710
12,4,200710
12,21,200710
12,20,200710
12,23,200710
12,28,200710
12,136,200710
12,60,200710
12,80,200710
12,108,200710
12,19,200710
12,14,200710
12,92,200710
12,54,200710
12,146,200710
12,18,200710
12,25,200710
12,29,200710
12,154,200710
12,10,200710
12,137,200710
12,135,200710
13,6,200710
13,117,200710
13,19,200710
13,26,200710
13,62,200710
13,143,200710
13,972,200710
13,178,200710
13,434,200710
13,154,200710
13,46,200710
13,114,200710
13,182,200710
13,157,200710
13,278,200710
13,5,200710
13,433,200710
13,160,200710
13,137,200710
13,77,200710
13,25,200710
13,83,200710
13,20,200710
13,208,200710
13,309,200710
13,896,200710
13,444,200710
13,78,200710
13,142,200710
13,320,200710
13,150,200710
13,129,200710
13,32,200710
13,21,200710
13,544,200710
13,112,200710
13,108,200710
13,4,200710
13,1,200710
13,17,200710
13,23,200710
13,138,200710
13,16,200710
13,29,200710
13,22,200710
13,136,200710
13,27,200710
13,35,200710
13,156,200710
13,100,200710
13,165,200710
13,815,200710
13,1147,200710
13,96,200710
13,59,200710
13,10,200710
13,12,200710
13,2,200710
13,766,200710
13,38,200710
13,72,200710
13,51,200710
13,45,200710
13,48,200710
13,18,200710
13,113,200710
13,28,200710
13,996,200710
13,31,200710
13,40,200710
13,313,200710
13,995,200710
13,119,200710
13,180,200710
13,99,200710
13,76,200710
13,79,200710
13,85,200710
13,55,200710
13,899,200710
13,81,200710
13,1417,200710
13,1118,200710
13,24,200710
13,176,200710
13,285,200710
13,289,200710
13,120,200710
13,64,200710
13,146,200710
13,126,200710
13,349,200710
13,139,200710
13,297,200710
13,36,200710
13,860,200710
13,75,200710
13,135,200710
13,60,200710
13,11,200710
13,14,200710
13,121,200710
13,54,200710
13,97,200710
14,59,200710
14,9,200710
14,26,200710
14,799,200710
14,6,200710
14,143,200710
14,178,200710
14,320,200710
14,160,200710
14,972,200710
14,62,200710
14,99,200710
14,13,200710
14,77,200710
14,433,200710
14,48,200710
14,64,200710
14,138,200710
14,19,200710
14,463,200710
14,176,200710
14,97,200710
14,2,200710
14,180,200710
14,107,200710
14,133,200710
14,278,200710
14,744,200710
14,208,200710
14,69,200710
14,18,200710
14,108,200710
14,20,200710
14,156,200710
14,139,200710
14,172,200710
14,47,200710
14,183,200710
14,113,200710
14,60,200710
14,341,200710
14,76,200710
14,36,200710
14,93,200710
14,25,200710
14,17,200710
14,28,200710
14,96,200710
14,78,200710
14,83,200710
14,46,200710
14,0,200710
14,41,200710
14,1,200710
14,40,200710
14,137,200710
14,142,200710
14,154,200710
14,112,200710
14,57,200710
14,181,200710
14,4,200710
14,94,200710
14,12,200710
14,21,200710
14,22,200710
14,72,200710
14,23,200710
14,51,200710
14,165,200710
14,10,200710
14,146,200710
14,124,200710
14,11,200710
14,157,200710
14,16,200710
14,5,200710
14,274,200710
14,54,200710
14,129,200710
14,29,200710
14,85,200710
14,136,200710
14,27,200710
14,134,200710
14,117,200710
14,80,200710
14,24,200710
14,32,200710
14,100,200710
14,35,200710
14,92,200710
14,38,200710
14,81,200710
14,119,200710
14,31,200710
14,135,200710
14,52,200710
14,155,200710
14,102,200710
15,262,200710
15,23,200710
15,160,200710
15,143,200710
15,163,200710
15,433,200710
15,77,200710
15,180,200710
15,97,200710
15,208,200710
15,346,200710
15,170,200710
15,193,200710
15,205,200710
15,266,200710
15,879,200710
15,18,200710
15,29,200710
15,136,200710
15,154,200710
15,10,200710
15,146,200710
15,32,200710
15,137,200710
16,6,200710
16,362,200710
16,81,200710
16,138,200710
16,137,200710
16,176,200710
16,32,200710
16,175,200710
16,160,200710
16,77,200710
16,25,200710
16,143,200710
16,107,200710
16,197,200710
16,86,200710
16,28,200710
16,112,200710
16,157,200710
16,5,200710
16,83,200710
16,38,200710
16,183,200710
16,94,200710
16,27,200710
16,78,200710
16,55,200710
16,48,200710
16,100,200710
16,58,200710
16,139,200710
16,144,200710
16,119,200710
16,60,200710
16,163,200710
16,43,200710
16,64,200710
16,544,200710
16,57,200710
16,13,200710
16,26,200710
16,0,200710
16,17,200710
16,180,200710
16,274,200710
16,85,200710
16,278,200710
16,99,200710
16,4,200710
16,1147,200710
16,12,200710
16,102,200710
16,154,200710
16,108,200710
16,35,200710
16,9,200710
16,146,200710
16,19,200710
16,136,200710
16,178,200710
16,1,200710
16,46,200710
16,92,200710
16,131,200710
16,24,200710
16,59,200710
16,142,200710
16,181,200710
16,63,200710
16,182,200710
16,134,200710
16,65,200710
16,2,200710
16,10,200710
16,62,200710
16,101,200710
16,36,200710
16,52,200710
16,208,200710
16,18,200710
16,11,200710
16,54,200710
16,29,200710
16,97,200710
16,79,200710
16,14,200710
16,40,200710
16,66,200710
16,120,200710
16,135,200710
16,117,200710
16,31,200710
16,126,200710
16,155,200710
16,20,200710
17,4,200710
17,36,200710
17,433,200710
17,482,200710
17,6,200710
17,552,200710
17,10,200710
17,20,200710
17,165,200710
17,110,200710
17,89,200710
17,77,200710
17,64,200710
17,274,200710
17,59,200710
17,62,200710
17,175,200710
17,28,200710
17,121,200710
17,160,200710
17,35,200710
17,155,200710
17,29,200710
17,60,200710
17,113,200710
17,510,200710
17,5,200710
17,14,200710
17,143,200710
17,137,200710
17,204,200710
17,9,200710
17,32,200710
17,30,200710
17,112,200710
17,61,200710
17,80,200710
17,178,200710
17,107,200710
17,26,200710
17,53,200710
17,180,200710
17,154,200710
17,12,200710
17,25,200710
17,111,200710
17,99,200710
17,100,200710
17,52,200710
17,18,200710
17,16,200710
17,97,200710
17,46,200710
17,136,200710
17,96,200710
17,142,200710
17,1,200710
17,27,200710
17,380,200710
17,2260,200710
17,94,200710
17,8,200710
17,116,200710
17,150,200710
17,11,200710
17,48,200710
17,66,200710
17,69,200710
17,72,200710
17,33,200710
17,2,200710
17,81,200710
17,157,200710
17,124,200710
17,161,200710
17,83,200710
17,19,200710
17,183,200710
17,0,200710
17,13,200710
17,34,200710
17,493,200710
17,102,200710
17,108,200710
17,348,200710
17,781,200710
17,211,200710
17,866,200710
17,353,200710
17,37,200710
17,23,200710
17,51,200710
17,214,200710
17,761,200710
17,544,200710
17,129,200710
17,315,200710
17,21,200710
17,184,200710
17,395,200710
17,906,200710
17,261,200710
17,863,200710
17,85,200710
17,819,200710
17,54,200710
17,40,200710
17,31,200710
17,189,200710
17,7,200710
17,243,200710
17,213,200710
17,22,200710
17,92,200710
17,146,200710
17,135,200710
18,29,200710
18,281,200710
18,5,200710
18,138,200710
18,159,200710
18,143,200710
18,433,200710
18,136,200710
18,19,200710
18,40,200710
18,552,200710
18,77,200710
18,12,200710
18,160,200710
18,426,200710
18,4,200710
18,62,200710
18,154,200710
18,175,200710
18,20,200710
18,51,200710
18,27,200710
18,390,200710
18,34,200710
18,149,200710
18,228,200710
18,244,200710
18,142,200710
18,112,200710
18,99,200710
18,769,200710
18,96,200710
18,181,200710
18,84,200710
18,46,200710
18,544,200710
18,177,200710
18,14,200710
18,116,200710
18,155,200710
18,102,200710
18,72,200710
18,113,200710
18,55,200710
18,183,200710
18,444,200710
18,21,200710
18,57,200710
18,107,200710
18,26,200710
18,184,200710
18,54,200710
18,24,200710
18,81,200710
18,100,200710
18,2,200710
18,139,200710
18,11,200710
18,117,200710
18,180,200710
18,32,200710
18,93,200710
18,60,200710
18,28,200710
18,1,200710
18,31,200710
18,1169,200710
18,178,200710
18,59,200710
18,355,200710
18,137,200710
18,304,200710
18,346,200710
18,111,200710
18,909,200710
18,416,200710
18,908,200710
18,436,200710
18,61,200710
18,124,200710
18,413,200710
18,432,200710
18,38,200710
18,234,200710
18,410,200710
18,271,200710
18,13,200710
18,430,200710
18,171,200710
18,208,200710
18,276,200710
18,15,200710
18,147,200710
18,7,200710
18,422,200710
18,104,200710
18,298,200710
18,25,200710
18,132,200710
18,105,200710
18,76,200710
18,101,200710
18,88,200710
18,197,200710
18,97,200710
18,415,200710
18,237,200710
18,10,200710
18,66,200710
18,43,200710
18,131,200710
18,120,200710
18,176,200710
18,270,200710
18,423,200710
18,145,200710
18,233,200710
18,16,200710
18,443,200710
18,174,200710
18,144,200710
18,408,200710
18,74,200710
18,242,200710
18,223,200710
18,265,200710
18,407,200710
18,0,200710
18,9,200710
18,122,200710
18,6,200710
18,135,200710
18,125,200710
18,64,200710
18,48,200710
18,35,200710
18,213,200710
18,22,200710
18,164,200710
18,17,200710
18,146,200710
18,163,200710
18,85,200710
18,44,200710
18,86,200710
18,30,200710
18,83,200710
18,123,200710
18,53,200710
18,69,200710
18,108,200710
18,52,200710
18,89,200710
18,110,200710
19,32,200710
19,52,200710
19,5,200710
19,97,200710
19,6,200710
19,18,200710
19,36,200710
19,23,200710
19,13,200710
19,140,200710
19,46,200710
19,54,200710
19,142,200710
19,100,200710
19,14,200710
19,96,200710
19,29,200710
19,126,200710
19,143,200710
19,83,200710
19,39,200710
19,455,200710
19,175,200710
19,113,200710
19,176,200710
19,155,200710
19,40,200710
19,62,200710
19,433,200710
19,120,200710
19,170,200710
19,233,200710
19,77,200710
19,112,200710
19,138,200710
19,160,200710
19,180,200710
19,12,200710
19,24,200710
19,35,200710
19,28,200710
19,69,200710
19,76,200710
19,274,200710
19,154,200710
19,4,200710
19,265,200710
19,137,200710
19,320,200710
19,135,200710
19,813,200710
19,20,200710
19,141,200710
19,21,200710
19,48,200710
19,11,200710
19,1,200710
19,146,200710
19,45,200710
19,133,200710
19,183,200710
19,85,200710
19,98,200710
19,188,200710
19,0,200710
19,131,200710
19,110,200710
19,38,200710
19,27,200710
19,31,200710
19,197,200710
19,9,200710
19,136,200710
19,99,200710
19,75,200710
19,102,200710
19,278,200710
19,107,200710
19,78,200710
19,51,200710
19,79,200710
19,17,200710
19,2,200710
19,208,200710
19,114,200710
19,101,200710
19,860,200710
19,55,200710
19,117,200710
19,16,200710
19,172,200710
19,26,200710
19,63,200710
19,59,200710
19,119,200710
19,182,200710
19,206,200710
19,375,200710
19,192,200710
19,338,200710
19,80,200710
19,195,200710
19,139,200710
19,205,200710
19,81,200710
19,64,200710
19,332,200710
19,387,200710
19,134,200710
19,108,200710
19,57,200710
19,362,200710
19,799,200710
19,277,200710
19,92,200710
19,129,200710
19,25,200710
19,10,200710
19,60,200710
20,17,200710
20,112,200710
20,69,200710
20,6,200710
20,160,200710
20,35,200710
20,1,200710
20,110,200710
20,23,200710
20,433,200710
20,195,200710
20,914,200710
20,972,200710
20,59,200710
20,4,200710
20,107,200710
20,29,200710
20,79,200710
20,62,200710
20,33,200710
20,136,200710
20,189,200710
20,64,200710
20,119,200710
20,34,200710
20,92,200710
20,70,200710
20,18,200710
20,26,200710
20,169,200710
20,21,200710
20,61,200710
20,154,200710
20,32,200710
20,124,200710
20,36,200710
20,99,200710
20,77,200710
20,60,200710
20,52,200710
20,48,200710
20,108,200710
20,54,200710
20,14,200710
20,27,200710
20,0,200710
20,85,200710
20,102,200710
20,137,200710
20,40,200710
20,13,200710
20,19,200710
20,31,200710
20,199,200710
20,736,200710
20,53,200710
20,22,200710
20,211,200710
20,214,200710
20,2,200710
20,11,200710
20,315,200710
20,832,200710
20,96,200710
20,213,200710
20,906,200710
20,51,200710
20,113,200710
20,25,200710
20,866,200710
20,97,200710
20,133,200710
20,261,200710
20,150,200710
20,10,200710
20,89,200710
20,761,200710
20,243,200710
20,183,200710
20,184,200710
20,16,200710
20,135,200710
20,8,200710
20,146,200710
20,7,200710
20,46,200710
20,28,200710
21,745,200710
21,761,200710
21,112,200710
21,832,200710
21,501,200710
21,107,200710
21,160,200710
21,866,200710
21,929,200710
21,736,200710
21,755,200710
21,36,200710
21,165,200710
21,99,200710
21,81,200710
21,18,200710
21,119,200710
21,6,200710
21,97,200710
21,12,200710
21,136,200710
21,130,200710
21,17,200710
21,88,200710
21,32,200710
21,4,200710
21,100,200710
21,9,200710
21,180,200710
21,2,200710
21,247,200710
21,0,200710
21,183,200710
21,157,200710
21,346,200710
21,155,200710
21,59,200710
21,16,200710
21,115,200710
21,86,200710
21,27,200710
21,265,200710
21,25,200710
21,164,200710
21,83,200710
21,131,200710
21,61,200710
21,274,200710
21,19,200710
21,137,200710
21,77,200710
21,108,200710
21,14,200710
21,54,200710
21,29,200710
21,69,200710
21,48,200710
21,11,200710
21,8,200710
21,31,200710
21,85,200710
21,72,200710
21,154,200710
21,211,200710
21,92,200710
21,22,200710
21,96,200710
21,60,200710
21,10,200710
21,213,200710
21,53,200710
21,113,200710
21,51,200710
21,7,200710
21,64,200710
21,20,200710
21,121,200710
21,135,200710
21,89,200710
21,1,200710
21,133,200710
21,23,200710
21,28,200710
22,137,200710
22,143,200710
22,160,200710
22,879,200710
22,138,200710
22,115,200710
22,1,200710
22,914,200710
22,165,200710
22,183,200710
22,34,200710
22,108,200710
22,85,200710
22,222,200710
22,29,200710
22,99,200710
22,295,200710
22,70,200710
22,21,200710
22,113,200710
22,27,200710
22,119,200710
22,164,200710
22,156,200710
22,11,200710
22,40,200710
22,4,200710
22,184,200710
22,96,200710
22,69,200710
22,120,200710
22,189,200710
22,211,200710
22,51,200710
22,553,200710
22,38,200710
22,0,200710
22,20,200710
22,133,200710
22,346,200710
22,33,200710
22,107,200710
22,6,200710
22,53,200710
22,83,200710
22,59,200710
22,136,200710
22,14,200710
22,112,200710
22,2,200710
22,5,200710
22,25,200710
22,23,200710
22,10,200710
22,18,200710
22,135,200710
22,17,200710
22,28,200710
22,97,200710
23,178,200710
23,211,200710
23,121,200710
23,65,200710
23,10,200710
23,863,200710
23,110,200710
23,133,200710
23,132,200710
23,138,200710
23,89,200710
23,51,200710
23,150,200710
23,401,200710
23,39,200710
23,77,200710
23,11,200710
23,136,200710
23,433,200710
23,749,200710
23,137,200710
23,348,200710
23,19,200710
23,113,200710
23,1,200710
23,906,200710
23,247,200710
23,5,200710
23,28,200710
23,143,200710
23,160,200710
23,501,200710
23,189,200710
23,36,200710
23,72,200710
23,0,200710
23,139,200710
23,40,200710
23,164,200710
23,155,200710
23,108,200710
23,33,200710
23,116,200710
23,154,200710
23,2,200710
23,30,200710
23,86,200710
23,85,200710
23,165,200710
23,60,200710
23,142,200710
23,97,200710
23,12,200710
23,69,200710
23,183,200710
23,13,200710
23,115,200710
23,27,200710
23,149,200710
23,346,200710
23,274,200710
23,102,200710
23,92,200710
23,81,200710
23,14,200710
23,96,200710
23,4,200710
23,107,200710
23,9,200710
23,135,200710
23,261,200710
23,53,200710
23,17,200710
23,22,200710
23,31,200710
23,59,200710
23,20,200710
23,25,200710
23,112,200710
23,21,200710
24,782,200710
24,16,200710
24,135,200710
24,326,200710
24,160,200710
24,154,200710
24,176,200710
24,146,200710
24,178,200710
24,384,200710
24,419,200710
24,138,200710
24,126,200710
24,40,200710
24,224,200710
24,18,200710
24,362,200710
24,124,200710
24,76,200710
24,64,200710
24,98,200710
24,145,200710
24,114,200710
24,39,200710
24,287,200710
24,131,200710
24,54,200710
24,41,200710
24,157,200710
24,100,200710
24,156,200710
24,85,200710
24,117,200710
24,29,200710
24,1147,200710
24,19,200710
24,20,200710
24,136,200710
24,26,200710
24,99,200710
24,13,200710
24,108,200710
24,97,200710
24,60,200710
24,10,200710
24,32,200710
24,6,200710
24,25,200710
24,46,200710
24,14,200710
24,137,200710
25,77,200710
25,433,200710
25,85,200710
25,552,200710
25,137,200710
25,31,200710
25,160,200710
25,175,200710
25,110,200710
25,16,200710
25,336,200710
25,92,200710
25,1,200710
25,114,200710
25,23,200710
25,87,200710
25,143,200710
25,100,200710
25,165,200710
25,27,200710
25,102,200710
25,138,200710
25,22,200710
25,58,200710
25,18,200710
25,78,200710
25,6,200710
25,38,200710
25,135,200710
25,28,200710
25,11,200710
25,133,200710
25,181,200710
25,99,200710
25,142,200710
25,17,200710
25,20,200710
25,180,200710
25,113,200710
25,97,200710
25,198,200710
25,64,200710
25,9,200710
25,81,200710
25,150,200710
25,30,200710
25,155,200710
25,14,200710
25,112,200710
25,169,200710
25,45,200710
25,47,200710
25,10,200710
25,4,200710
25,48,200710
25,107,200710
25,530,200710
25,118,200710
25,371,200710
25,51,200710
25,29,200710
25,76,200710
25,136,200710
25,250,200710
25,326,200710
25,671,200710
25,0,200710
25,340,200710
25,156,200710
25,220,200710
25,93,200710
25,393,200710
25,216,200710
25,483,200710
25,94,200710
25,237,200710
25,139,200710
25,385,200710
25,339,200710
25,96,200710
25,495,200710
25,63,200710
25,36,200710
25,355,200710
25,224,200710
25,188,200710
25,132,200710
25,327,200710
25,152,200710
25,12,200710
25,335,200710
25,333,200710
25,41,200710
25,65,200710
25,116,200710
25,115,200710
25,98,200710
25,80,200710
25,52,200710
25,39,200710
25,146,200710
25,40,200710
25,57,200710
25,149,200710
25,24,200710
25,161,200710
25,83,200710
25,124,200710
25,390,200710
25,72,200710
25,120,200710
25,46,200710
25,544,200710
25,154,200710
25,34,200710
25,101,200710
25,129,200710
25,54,200710
25,341,200710
25,53,200710
25,157,200710
25,19,200710
25,35,200710
25,59,200710
25,32,200710
25,274,200710
25,5,200710
25,21,200710
25,89,200710
25,13,200710
25,108,200710
25,26,200710
25,60,200710
25,2,200710
26,97,200710
26,208,200710
26,52,200710
26,40,200710
26,180,200710
26,53,200710
26,137,200710
26,154,200710
26,28,200710
26,77,200710
26,35,200710
26,182,200710
26,27,200710
26,1,200710
26,129,200710
26,320,200710
26,29,200710
26,136,200710
26,113,200710
26,20,200710
26,10,200710
26,25,200710
26,112,200710
26,74,200710
26,60,200710
26,66,200710
26,797,200710
26,80,200710
26,142,200710
26,155,200710
26,16,200710
26,132,200710
26,62,200710
26,107,200710
26,11,200710
26,17,200710
26,18,200710
26,1088,200710
26,34,200710
26,362,200710
26,13,200710
26,4,200710
26,349,200710
26,22,200710
26,313,200710
26,96,200710
26,19,200710
26,24,200710
26,114,200710
26,2,200710
26,51,200710
26,0,200710
26,1065,200710
26,58,200710
26,156,200710
26,45,200710
26,99,200710
26,297,200710
26,78,200710
26,57,200710
26,38,200710
26,83,200710
26,46,200710
26,278,200710
26,65,200710
26,76,200710
26,176,200710
26,134,200710
26,131,200710
26,126,200710
26,32,200710
26,143,200710
26,181,200710
26,85,200710
26,283,200710
26,14,200710
26,102,200710
26,140,200710
26,101,200710
26,117,200710
26,39,200710
26,192,200710
26,544,200710
26,64,200710
26,146,200710
26,120,200710
26,81,200710
26,338,200710
26,48,200710
26,36,200710
26,55,200710
26,860,200710
26,100,200710
26,75,200710
26,135,200710
26,108,200710
26,31,200710
26,160,200710
26,54,200710
27,132,200710
27,176,200710
27,160,200710
27,274,200710
27,175,200710
27,60,200710
27,1,200710
27,138,200710
27,76,200710
27,77,200710
27,143,200710
27,136,200710
27,189,200710
27,79,200710
27,2,200710
27,433,200710
27,18,200710
27,501,200710
27,62,200710
27,262,200710
27,389,200710
27,165,200710
27,64,200710
27,133,200710
27,78,200710
27,99,200710
27,104,200710
27,137,200710
27,23,200710
27,211,200710
27,107,200710
27,105,200710
27,233,200710
27,83,200710
27,19,200710
27,43,200710
27,26,200710
27,152,200710
27,22,200710
27,6,200710
27,100,200710
27,51,200710
27,320,200710
27,20,200710
27,94,200710
27,45,200710
27,21,200710
27,149,200710
27,108,200710
27,522,200710
27,17,200710
27,120,200710
27,346,200710
27,968,200710
27,368,200710
27,16,200710
27,521,200710
27,11,200710
27,180,200710
27,134,200710
27,112,200710
27,251,200710
27,4,200710
27,96,200710
27,35,200710
27,13,200710
27,29,200710
27,834,200710
27,0,200710
27,93,200710
27,146,200710
27,59,200710
27,119,200710
27,885,200710
27,1580,200710
27,46,200710
27,155,200710
27,52,200710
27,480,200710
27,115,200710
27,588,200710
27,40,200710
27,97,200710
27,124,200710
27,490,200710
27,728,200710
27,85,200710
27,12,200710
27,32,200710
27,48,200710
27,314,200710
27,80,200710
27,752,200710
27,131,200710
27,25,200710
27,81,200710
27,388,200710
27,53,200710
27,139,200710
27,28,200710
27,92,200710
27,72,200710
27,5,200710
27,14,200710
27,9,200710
27,31,200710
27,54,200710
27,154,200710
27,10,200710
27,135,200710
28,5,200710
28,1,200710
28,31,200710
28,188,200710
28,77,200710
28,160,200710
28,136,200710
28,89,200710
28,493,200710
28,113,200710
28,143,200710
28,552,200710
28,17,200710
28,165,200710
28,433,200710
28,64,200710
28,58,200710
28,60,200710
28,149,200710
28,108,200710
28,139,200710
28,110,200710
28,137,200710
28,9,200710
28,22,200710
28,81,200710
28,18,200710
28,183,200710
28,12,200710
28,29,200710
28,48,200710
28,69,200710
28,19,200710
28,61,200710
28,16,200710
28,107,200710
28,34,200710
28,14,200710
28,879,200710
28,99,200710
28,80,200710
28,6,200710
28,97,200710
28,11,200710
28,96,200710
28,26,200710
28,346,200710
28,92,200710
28,10,200710
28,51,200710
28,0,200710
28,85,200710
28,52,200710
28,124,200710
28,83,200710
28,155,200710
28,100,200710
28,142,200710
28,32,200710
28,102,200710
28,119,200710
28,211,200710
28,38,200710
28,154,200710
28,4,200710
28,72,200710
28,53,200710
28,261,200710
28,150,200710
28,274,200710
28,2,200710
28,13,200710
28,7,200710
28,27,200710
28,59,200710
28,146,200710
28,112,200710
28,46,200710
28,135,200710
28,20,200710
28,25,200710
28,21,200710
29,77,200710
29,20,200710
29,433,200710
29,175,200710
29,45,200710
29,74,200710
29,195,200710
29,384,200710
29,5,200710
29,137,200710
29,85,200710
29,35,200710
29,59,200710
29,675,200710
29,245,200710
29,136,200710
29,97,200710
29,160,200710
29,62,200710
29,552,200710
29,19,200710
29,110,200710
29,17,200710
29,89,200710
29,6,200710
29,143,200710
29,64,200710
29,100,200710
29,208,200710
29,107,200710
29,48,200710
29,14,200710
29,2,200710
29,0,200710
29,274,200710
29,145,200710
29,38,200710
29,18,200710
29,32,200710
29,13,200710
29,36,200710
29,10,200710
29,46,200710
29,133,200710
29,25,200710
29,234,200710
29,28,200710
29,170,200710
29,1,200710
29,79,200710
29,169,200710
29,51,200710
29,83,200710
29,8,200710
29,52,200710
29,117,200710
29,9,200710
29,102,200710
29,176,200710
29,24,200710
29,1147,200710
29,55,200710
29,76,200710
29,44,200710
29,320,200710
29,23,200710
29,155,200710
29,31,200710
29,181,200710
29,188,200710
29,163,200710
29,157,200710
29,15,200710
29,140,200710
29,75,200710
29,72,200710
29,242,200710
29,111,200710
29,98,200710
29,152,200710
29,182,200710
29,355,200710
29,146,200710
29,270,200710
29,131,200710
29,27,200710
29,7,200710
29,60,200710
29,276,200710
29,66,200710
29,126,200710
29,375,200710
29,86,200710
29,80,200710
29,53,200710
29,78,200710
29,40,200710
29,120,200710
29,267,200710
29,132,200710
29,171,200710
29,63,200710
29,11,200710
29,224,200710
29,58,200710
29,142,200710
29,34,200710
29,65,200710
29,156,200710
29,54,200710
29,139,200710
29,544,200710
29,101,200710
29,61,200710
29,16,200710
29,104,200710
29,57,200710
29,183,200710
29,69,200710
29,154,200710
29,12,200710
29,134,200710
29,269,200710
29,180,200710
29,96,200710
29,265,200710
29,43,200710
29,213,200710
29,125,200710
29,129,200710
29,159,200710
29,292,200710
29,39,200710
29,81,200710
29,197,200710
29,198,200710
29,121,200710
29,165,200710
29,124,200710
29,193,200710
29,144,200710
29,112,200710
29,108,200710
29,22,200710
29,4,200710
29,21,200710
29,113,200710
29,99,200710
29,26,200710
30,61,200710
30,160,200710
30,247,200710
30,143,200710
30,136,200710
30,154,200710
30,32,200710
30,213,200710
30,107,200710
30,137,200710
30,35,200710
30,69,200710
30,51,200710
30,85,200710
30,97,200710
30,68,200710
30,17,200710
30,27,200710
30,878,200710
30,183,200710
30,346,200710
30,776,200710
30,775,200710
30,1090,200710
30,753,200710
30,1169,200710
30,88,200710
30,754,200710
30,783,200710
30,164,200710
30,10,200710
30,4,200710
30,18,200710
30,11,200710
31,336,200710
31,77,200710
31,142,200710
31,160,200710
31,60,200710
31,175,200710
31,237,200710
31,433,200710
31,137,200710
31,102,200710
31,25,200710
31,27,200710
31,64,200710
31,98,200710
31,354,200710
31,46,200710
31,97,200710
31,62,200710
31,79,200710
31,0,200710
31,94,200710
31,143,200710
31,80,200710
31,126,200710
31,44,200710
31,54,200710
31,40,200710
31,82,200710
31,165,200710
31,131,200710
31,107,200710
31,134,200710
31,69,200710
31,14,200710
31,72,200710
31,164,200710
31,161,200710
31,35,200710
31,355,200710
31,136,200710
31,61,200710
31,117,200710
31,48,200710
31,121,200710
31,135,200710
31,38,200710
31,1,200710
31,26,200710
31,22,200710
31,85,200710
31,154,200710
31,9,200710
31,59,200710
31,120,200710
31,93,200710
31,155,200710
31,101,200710
31,96,200710
31,192,200710
31,39,200710
31,6,200710
31,92,200710
31,167,200710
31,5,200710
31,51,200710
31,45,200710
31,2,200710
31,99,200710
31,133,200710
31,119,200710
31,13,200710
31,108,200710
31,112,200710
31,20,200710
31,29,200710
31,19,200710
31,180,200710
31,21,200710
31,11,200710
31,32,200710
31,18,200710
31,23,200710
31,146,200710
31,274,200710
31,4,200710
31,52,200710
31,16,200710
31,17,200710
31,81,200710
31,28,200710
31,100,200710
31,83,200710
31,10,200710
32,143,200710
32,19,200710
32,165,200710
32,188,200710
32,138,200710
32,157,200710
32,38,200710
32,433,200710
32,64,200710
32,27,200710
32,6,200710
32,178,200710
32,77,200710
32,160,200710
32,771,200710
32,183,200710
32,339,200710
32,175,200710
32,58,200710
32,65,200710
32,137,200710
32,110,200710
32,63,200710
32,30,200710
32,20,200710
32,28,200710
32,76,200710
32,242,200710
32,13,200710
32,23,200710
32,81,200710
32,205,200710
32,17,200710
32,72,200710
32,133,200710
32,18,200710
32,332,200710
32,341,200710
32,57,200710
32,94,200710
32,430,200710
32,45,200710
32,182,200710
32,40,200710
32,85,200710
32,274,200710
32,31,200710
32,120,200710
32,29,200710
32,92,200710
32,2,200710
32,48,200710
32,12,200710
32,5,200710
32,0,200710
32,11,200710
32,113,200710
32,4,200710
32,107,200710
32,46,200710
32,52,200710
32,146,200710
32,99,200710
32,124,200710
32,112,200710
32,108,200710
32,102,200710
32,97,200710
32,74,200710
32,22,200710
32,1065,200710
32,129,200710
32,9,200710
32,66,200710
32,16,200710
32,75,200710
32,43,200710
32,197,200710
32,144,200710
32,206,200710
32,270,200710
32,545,200710
32,140,200710
32,154,200710
32,362,200710
32,170,200710
32,62,200710
32,429,200710
32,26,200710
32,181,200710
32,155,200710
32,104,200710
32,125,200710
32,546,200710
32,176,200710
32,544,200710
32,141,200710
32,117,200710
32,192,200710
32,171,200710
32,193,200710
32,44,200710
32,78,200710
32,316,200710
32,24,200710
32,338,200710
32,159,200710
32,420,200710
32,375,200710
32,269,200710
32,39,200710
32,233,200710
32,134,200710
32,237,200710
32,114,200710
32,55,200710
32,320,200710
32,195,200710
32,208,200710
32,59,200710
32,276,200710
32,60,200710
32,35,200710
32,79,200710
32,15,200710
32,163,200710
32,198,200710
32,80,200710
32,139,200710
32,36,200710
32,132,200710
32,51,200710
32,1,200710
32,101,200710
32,100,200710
32,10,200710
32,136,200710
32,126,200710
32,14,200710
32,180,200710
32,135,200710
32,83,200710
32,25,200710
32,142,200710
32,131,200710
32,54,200710
33,51,200710
33,184,200710
33,12,200710
33,301,200710
33,132,200710
33,10,200710
33,214,200710
33,5,200710
33,20,200710
33,22,200710
33,4,200710
33,17,200710
33,11,200710
33,1,200710
33,136,200710
34,433,200710
34,143,200710
34,552,200710
34,104,200710
34,480,200710
34,92,200710
34,17,200710
34,588,200710
34,160,200710
34,65,200710
34,1,200710
34,140,200710
34,150,200710
34,158,200710
34,197,200710
34,5,200710
34,4,200710
34,20,200710
34,6,200710
34,250,200710
34,189,200710
34,346,200710
34,188,200710
34,26,200710
34,195,200710
34,266,200710
34,154,200710
34,136,200710
34,137,200710
34,10,200710
34,18,200710
34,29,200710
34,160,200710
34,1,200710
34,136,200710
34,25,200710
34,97,200710
35,167,200710
35,178,200710
35,100,200710
35,241,200710
35,108,200710
35,97,200710
35,143,200710
35,160,200710
35,138,200710
35,39,200710
35,31,200710
35,192,200710
35,60,200710
35,156,200710
35,120,200710
35,9,200710
35,129,200710
35,53,200710
35,0,200710
35,62,200710
35,19,200710
35,6,200710
35,40,200710
35,48,200710
35,142,200710
35,41,200710
35,433,200710
35,2,200710
35,76,200710
35,46,200710
35,20,200710
35,1170,200710
35,17,200710
35,25,200710
35,172,200710
35,57,200710
35,1139,200710
35,165,200710
35,29,200710
35,114,200710
35,155,200710
35,278,200710
35,83,200710
35,10,200710
35,26,200710
35,341,200710
35,354,200710
35,107,200710
35,113,200710
35,101,200710
35,78,200710
35,8,200710
35,146,200710
35,1,200710
35,71,200710
35,13,200710
35,16,200710
35,216,200710
35,544,200710
35,89,200710
35,135,200710
35,73,200710
35,769,200710
35,38,200710
35,81,200710
35,173,200710
35,77,200710
35,52,200710
35,59,200710
35,18,200710
35,32,200710
35,64,200710
35,4,200710
35,136,200710
35,139,200710
35,154,200710
35,14,200710
35,99,200710
35,137,200710
36,139,200710
36,143,200710
36,35,200710
36,463,200710
36,4,200710
36,92,200710
36,208,200710
36,40,200710
36,107,200710
36,135,200710
36,64,200710
36,28,200710
36,181,200710
36,12,200710
36,31,200710
36,10,200710
36,136,200710
36,5,200710
36,131,200710
36,19,200710
36,17,200710
36,6,200710
36,14,200710
36,113,200710
36,341,200710
36,85,200710
36,178,200710
36,83,200710
36,142,200710
36,81,200710
36,102,200710
36,769,200710
36,52,200710
36,108,200710
36,41,200710
36,1,200710
36,16,200710
36,25,200710
36,146,200710
36,59,200710
36,26,200710
36,29,200710
36,13,200710
36,32,200710
36,99,200710
36,137,200710
36,119,200710
36,97,200710
36,46,200710
37,1,200710
37,493,200710
37,496,200710
37,1210,200710
37,10,200710
37,17,200710
38,79,200710
38,433,200710
38,188,200710
38,23,200710
38,46,200710
38,140,200710
38,77,200710
38,322,200710
38,120,200710
38,118,200710
38,178,200710
38,326,200710
38,54,200710
38,160,200710
38,58,200710
38,6,200710
38,76,200710
38,137,200710
38,81,200710
38,12,200710
38,136,200710
38,154,200710
38,94,200710
38,97,200710
38,40,200710
38,1,200710
38,41,200710
38,119,200710
38,0,200710
38,19,200710
38,27,200710
38,69,200710
38,80,200710
38,45,200710
38,25,200710
38,99,200710
38,20,200710
38,78,200710
38,29,200710
38,59,200710
38,170,200710
38,52,200710
38,5,200710
38,21,200710
38,1147,200710
38,35,200710
38,11,200710
38,4,200710
38,2,200710
38,146,200710
38,31,200710
38,17,200710
38,92,200710
38,13,200710
38,28,200710
38,26,200710
38,60,200710
38,18,200710
38,64,200710
38,16,200710
38,108,200710
38,10,200710
38,100,200710
38,135,200710
38,32,200710
38,14,200710
39,433,200710
39,73,200710
39,165,200710
39,78,200710
39,224,200710
39,455,200710
39,141,200710
39,77,200710
39,482,200710
39,320,200710
39,137,200710
39,5,200710
39,19,200710
39,23,200710
39,35,200710
39,45,200710
39,160,200710
39,60,200710
39,100,200710
39,79,200710
39,36,200710
39,97,200710
39,282,200710
39,112,200710
39,121,200710
39,143,200710
39,13,200710
39,98,200710
39,27,200710
39,32,200710
39,180,200710
39,75,200710
39,198,200710
39,16,200710
39,132,200710
39,102,200710
39,31,200710
39,48,200710
39,118,200710
39,46,200710
39,1147,200710
39,65,200710
39,83,200710
39,101,200710
39,146,200710
39,178,200710
39,99,200710
39,6,200710
39,26,200710
39,25,200710
39,64,200710
39,29,200710
40,176,200710
40,143,200710
40,387,200710
40,195,200710
40,77,200710
40,79,200710
40,893,200710
40,205,200710
40,35,200710
40,114,200710
40,449,200710
40,549,200710
40,81,200710
40,927,200710
40,10,200710
40,220,200710
40,160,200710
40,16,200710
40,154,200710
40,433,200710
40,19,200710
40,117,200710
40,287,200710
40,112,200710
40,362,200710
40,123,200710
40,208,200710
40,274,200710
40,131,200710
40,341,200710
40,57,200710
40,24,200710
40,223,200710
40,97,200710
40,31,200710
40,136,200710
40,13,200710
40,83,200710
40,104,200710
40,23,200710
40,65,200710
40,157,200710
40,59,200710
40,197,200710
40,26,200710
40,0,200710
40,6,200710
40,126,200710
40,20,200710
40,18,200710
40,21,200710
40,11,200710
40,278,200710
40,64,200710
40,45,200710
40,134,200710
40,120,200710
40,41,200710
40,46,200710
40,2,200710
40,133,200710
40,17,200710
40,146,200710
40,28,200710
40,14,200710
40,4,200710
40,78,200710
40,1022,200710
40,1065,200710
40,139,200710
40,38,200710
40,52,200710
40,100,200710
40,36,200710
40,99,200710
40,27,200710
40,1086,200710
40,178,200710
40,381,200710
40,722,200710
40,63,200710
40,155,200710
40,102,200710
40,373,200710
40,374,200710
40,523,200710
40,48,200710
40,320,200710
40,29,200710
40,375,200710
40,1,200710
40,108,200710
40,25,200710
40,54,200710
40,60,200710
40,32,200710
40,137,200710
40,135,200710
41,80,200710
41,60,200710
41,48,200710
41,35,200710
41,433,200710
41,160,200710
41,355,200710
41,66,200710
41,1195,200710
41,178,200710
41,188,200710
41,102,200710
41,120,200710
41,76,200710
41,97,200710
41,101,200710
41,157,200710
41,113,200710
41,14,200710
41,65,200710
41,13,200710
41,77,200710
41,83,200710
41,36,200710
41,108,200710
41,46,200710
41,25,200710
43,104,200710
43,15,200710
43,159,200710
43,433,200710
43,66,200710
43,29,200710
43,54,200710
43,249,200710
43,160,200710
43,57,200710
43,45,200710
43,12,200710
43,731,200710
43,32,200710
43,18,200710
43,146,200710
43,97,200710
44,144,200710
44,160,200710
44,61,200710
44,24,200710
44,1147,200710
44,107,200710
44,1169,200710
44,29,200710
44,54,200710
44,32,200710
44,18,200710
45,433,200710
45,207,200710
45,79,200710
45,375,200710
45,195,200710
45,57,200710
45,72,200710
45,149,200710
45,25,200710
45,18,200710
45,142,200710
45,104,200710
45,77,200710
45,58,200710
45,131,200710
45,0,200710
45,64,200710
45,40,200710
45,208,200710
45,176,200710
45,120,200710
45,124,200710
45,156,200710
45,39,200710
45,157,200710
45,2,200710
45,38,200710
45,27,200710
45,1147,200710
45,99,200710
45,146,200710
45,17,200710
45,154,200710
45,46,200710
45,13,200710
45,26,200710
45,60,200710
45,97,200710
45,19,200710
45,32,200710
45,160,200710
45,29,200710
45,137,200710
45,6,200710
46,60,200710
46,45,200710
46,540,200710
46,294,200710
46,83,200710
46,433,200710
46,274,200710
46,160,200710
46,19,200710
46,97,200710
46,62,200710
46,31,200710
46,175,200710
46,56,200710
46,339,200710
46,972,200710
46,27,200710
46,6,200710
46,143,200710
46,77,200710
46,101,200710
46,1147,200710
46,154,200710
46,18,200710
46,133,200710
46,320,200710
46,113,200710
46,29,200710
46,132,200710
46,278,200710
46,17,200710
46,0,200710
46,139,200710
46,117,200710
46,152,200710
46,11,200710
46,242,200710
46,100,200710
46,302,200710
46,26,200710
46,552,200710
46,195,200710
46,7,200710
46,76,200710
46,57,200710
46,1,200710
46,342,200710
46,38,200710
46,40,200710
46,959,200710
46,120,200710
46,813,200710
46,80,200710
46,4,200710
46,141,200710
46,180,200710
46,137,200710
46,126,200710
46,32,200710
46,155,200710
46,54,200710
46,102,200710
46,134,200710
46,14,200710
46,1065,200710
46,124,200710
46,78,200710
46,81,200710
46,178,200710
46,99,200710
46,176,200710
46,237,200710
46,140,200710
46,63,200710
46,39,200710
46,94,200710
46,860,200710
46,900,200710
46,142,200710
46,13,200710
46,16,200710
46,208,200710
46,146,200710
46,52,200710
46,445,200710
46,64,200710
46,41,200710
46,287,200710
46,224,200710
46,799,200710
46,156,200710
46,250,200710
46,544,200710
46,95,200710
46,458,200710
46,182,200710
46,192,200710
46,157,200710
46,135,200710
46,797,200710
46,79,200710
46,172,200710
46,25,200710
46,158,200710
46,73,200710
46,59,200710
46,75,200710
46,744,200710
46,58,200710
46,129,200710
46,136,200710
46,65,200710
46,35,200710
46,24,200710
46,28,200710
46,20,200710
46,36,200710
46,10,200710
46,48,200710
46,108,200710
47,2,200710
47,25,200710
47,35,200710
47,118,200710
47,93,200710
47,327,200710
47,176,200710
47,154,200710
47,140,200710
47,115,200710
47,14,200710
47,72,200710
47,10,200710
47,124,200710
47,116,200710
47,1169,200710
47,97,200710
47,274,200710
47,137,200710
47,92,200710
48,1191,200710
48,143,200710
48,60,200710
48,83,200710
48,768,200710
48,175,200710
48,433,200710
48,160,200710
48,769,200710
48,1194,200710
48,41,200710
48,552,200710
48,129,200710
48,35,200710
48,31,200710
48,97,200710
48,6,200710
48,1,200710
48,64,200710
48,13,200710
48,142,200710
48,52,200710
48,32,200710
48,124,200710
48,10,200710
48,155,200710
48,16,200710
48,108,200710
48,19,200710
48,137,200710
48,126,200710
48,77,200710
48,134,200710
48,25,200710
48,51,200710
48,216,200710
48,118,200710
48,102,200710
48,21,200710
48,28,200710
48,20,200710
48,40,200710
48,4,200710
48,80,200710
48,5,200710
48,17,200710
48,274,200710
48,172,200710
48,81,200710
48,156,200710
48,146,200710
48,208,200710
48,860,200710
48,27,200710
48,341,200710
48,54,200710
48,194,200710
48,320,200710
48,0,200710
48,121,200710
48,11,200710
48,154,200710
48,18,200710
48,136,200710
48,26,200710
48,29,200710
48,92,200710
48,195,200710
48,99,200710
48,14,200710
48,119,200710
48,178,200710
48,135,200710
48,59,200710
48,100,200710
48,46,200710
49,69,200710
49,806,200710
49,50,200710
49,177,200710
49,51,200710
50,177,200710
50,69,200710
50,4,200710
50,346,200710
50,1169,200710
50,11,200710
51,160,200710
51,247,200710
51,165,200710
51,107,200710
51,798,200710
51,33,200710
51,175,200710
51,1,200710
51,69,200710
51,501,200710
51,77,200710
51,214,200710
51,184,200710
51,132,200710
51,215,200710
51,143,200710
51,62,200710
51,1320,200710
51,1196,200710
51,433,200710
51,5,200710
51,4,200710
51,17,200710
51,842,200710
51,972,200710
51,901,200710
51,795,200710
51,31,200710
51,23,200710
51,914,200710
51,741,200710
51,102,200710
51,100,200710
51,144,200710
51,136,200710
51,155,200710
51,213,200710
51,93,200710
51,48,200710
51,108,200710
51,38,200710
51,113,200710
51,19,200710
51,137,200710
51,27,200710
51,389,200710
51,96,200710
51,30,200710
51,86,200710
51,26,200710
51,180,200710
51,88,200710
51,18,200710
51,99,200710
51,40,200710
51,209,200710
51,13,200710
51,25,200710
51,1169,200710
51,346,200710
51,154,200710
51,819,200710
51,22,200710
51,60,200710
51,133,200710
51,85,200710
51,2,200710
51,105,200710
51,28,200710
51,164,200710
51,49,200710
51,92,200710
51,274,200710
51,866,200710
51,761,200710
51,14,200710
51,177,200710
51,189,200710
51,150,200710
51,20,200710
51,110,200710
51,21,200710
51,64,200710
51,59,200710
51,112,200710
51,11,200710
51,32,200710
51,89,200710
51,183,200710
51,10,200710
51,135,200710
51,29,200710
51,7,200710
51,146,200710
51,6,200710
51,97,200710
52,138,200710
52,175,200710
52,64,200710
52,6,200710
52,433,200710
52,77,200710
52,26,200710
52,293,200710
52,180,200710
52,102,200710
52,19,200710
52,143,200710
52,13,200710
52,160,200710
52,76,200710
52,119,200710
52,12,200710
52,57,200710
52,129,200710
52,59,200710
52,274,200710
52,18,200710
52,124,200710
52,108,200710
52,45,200710
52,92,200710
52,35,200710
52,20,200710
52,28,200710
52,83,200710
52,278,200710
52,113,200710
52,242,200710
52,97,200710
52,53,200710
52,133,200710
52,2,200710
52,14,200710
52,4,200710
52,154,200710
52,46,200710
52,11,200710
52,156,200710
52,25,200710
52,165,200710
52,0,200710
52,22,200710
52,136,200710
52,100,200710
52,1,200710
52,27,200710
52,5,200710
52,17,200710
52,40,200710
52,21,200710
52,48,200710
52,139,200710
52,38,200710
52,117,200710
52,142,200710
52,32,200710
52,29,200710
52,16,200710
52,81,200710
52,99,200710
52,146,200710
52,54,200710
52,31,200710
52,36,200710
52,10,200710
52,60,200710
52,135,200710
52,137,200710
53,314,200710
53,136,200710
53,433,200710
53,11,200710
53,35,200710
53,160,200710
53,132,200710
53,80,200710
53,444,200710
53,261,200710
53,133,200710
53,223,200710
53,60,200710
53,88,200710
53,213,200710
53,183,200710
53,189,200710
53,155,200710
53,22,200710
53,32,200710
53,121,200710
53,13,200710
53,346,200710
53,52,200710
53,107,200710
53,17,200710
53,10,200710
53,96,200710
53,108,200710
53,20,200710
53,21,200710
53,29,200710
53,146,200710
53,28,200710
53,27,200710
53,23,200710
53,97,200710
53,25,200710
53,18,200710
53,1,200710
53,137,200710
54,181,200710
54,117,200710
54,44,200710
54,43,200710
54,433,200710
54,18,200710
54,19,200710
54,1601,200710
54,814,200710
54,143,200710
54,62,200710
54,430,200710
54,52,200710
54,274,200710
54,276,200710
54,77,200710
54,98,200710
54,440,200710
54,160,200710
54,422,200710
54,326,200710
54,69,200710
54,92,200710
54,113,200710
54,23,200710
54,282,200710
54,110,200710
54,101,200710
54,1,200710
54,142,200710
54,136,200710
54,106,200710
54,860,200710
54,145,200710
54,60,200710
54,2,200710
54,355,200710
54,146,200710
54,156,200710
54,102,200710
54,1147,200710
54,13,200710
54,1205,200710
54,346,200710
54,46,200710
54,1180,200710
54,139,200710
54,1169,200710
54,32,200710
54,12,200710
54,420,200710
54,233,200710
54,81,200710
54,154,200710
54,11,200710
54,28,200710
54,131,200710
54,197,200710
54,24,200710
54,29,200710
54,132,200710
54,16,200710
54,48,200710
54,74,200710
54,4,200710
54,10,200710
54,31,200710
54,137,200710
54,83,200710
54,97,200710
54,6,200710
54,14,200710
54,40,200710
54,108,200710
54,20,200710
54,17,200710
54,25,200710
54,99,200710
54,26,200710
54,27,200710
55,117,200710
55,72,200710
55,137,200710
55,180,200710
55,134,200710
55,160,200710
55,195,200710
55,433,200710
55,126,200710
55,155,200710
55,242,200710
55,39,200710
55,20,200710
55,9,200710
55,85,200710
55,14,200710
55,36,200710
55,48,200710
55,29,200710
55,13,200710
55,19,200710
55,59,200710
55,146,200710
55,64,200710
55,97,200710
55,16,200710
55,99,200710
55,32,200710
55,26,200710
55,6,200710
56,41,200710
56,178,200710
56,81,200710
57,326,200710
57,58,200710
57,241,200710
57,205,200710
57,160,200710
57,77,200710
57,100,200710
57,143,200710
57,39,200710
57,45,200710
57,482,200710
57,0,200710
57,433,200710
57,76,200710
57,65,200710
57,12,200710
57,92,200710
57,180,200710
57,94,200710
57,9,200710
57,126,200710
57,27,200710
57,1147,200710
57,341,200710
57,140,200710
57,14,200710
57,170,200710
57,26,200710
57,46,200710
57,99,200710
57,60,200710
57,146,200710
57,10,200710
57,375,200710
57,16,200710
57,6,200710
57,266,200710
57,29,200710
57,19,200710
57,97,200710
57,25,200710
57,32,200710
57,64,200710
57,137,200710
58,339,200710
58,224,200710
58,433,200710
58,401,200710
58,124,200710
58,16,200710
58,160,200710
58,143,200710
58,76,200710
58,102,200710
58,167,200710
58,208,200710
58,120,200710
58,39,200710
58,182,200710
58,106,200710
58,25,200710
58,40,200710
58,24,200710
58,36,200710
58,12,200710
58,142,200710
58,97,200710
58,26,200710
58,99,200710
58,10,200710
58,146,200710
58,136,200710
58,64,200710
58,60,200710
58,29,200710
58,32,200710
58,137,200710
58,46,200710
59,19,200710
59,138,200710
59,137,200710
59,29,200710
59,809,200710
59,14,200710
59,6,200710
59,58,200710
59,26,200710
59,143,200710
59,160,200710
59,508,200710
59,875,200710
59,433,200710
59,77,200710
59,17,200710
59,110,200710
59,89,200710
59,97,200710
59,746,200710
59,34,200710
59,283,200710
59,293,200710
59,18,200710
59,45,200710
59,28,200710
59,136,200710
59,113,200710
59,104,200710
59,101,200710
59,81,200710
59,9,200710
59,131,200710
59,100,200710
59,27,200710
59,38,200710
59,146,200710
59,11,200710
59,129,200710
59,5,200710
59,20,200710
59,16,200710
59,172,200710
59,120,200710
59,31,200710
59,154,200710
59,155,200710
59,13,200710
59,55,200710
59,142,200710
59,83,200710
59,117,200710
59,85,200710
59,126,200710
59,134,200710
59,52,200710
59,36,200710
59,217,200710
59,180,200710
59,32,200710
59,35,200710
59,102,200710
59,22,200710
59,64,200710
59,51,200710
59,21,200710
59,99,200710
59,23,200710
59,94,200710
59,40,200710
59,194,200710
59,10,200710
59,4,200710
59,46,200710
59,92,200710
59,112,200710
59,1,200710
59,0,200710
59,25,200710
59,108,200710
59,48,200710
59,60,200710
59,139,200710
59,133,200710
59,121,200710
60,108,200710
60,39,200710
60,972,200710
60,62,200710
60,31,200710
60,143,200710
60,77,200710
60,41,200710
60,160,200710
60,97,200710
60,19,200710
60,13,200710
60,772,200710
60,83,200710
60,281,200710
60,129,200710
60,46,200710
60,433,200710
60,35,200710
60,11,200710
60,1,200710
60,92,200710
60,78,200710
60,16,200710
60,52,200710
60,102,200710
60,48,200710
60,2,200710
60,76,200710
60,25,200710
60,14,200710
60,23,200710
60,51,200710
60,183,200710
60,12,200710
60,89,200710
60,113,200710
60,138,200710
60,369,200710
60,180,200710
60,142,200710
60,10,200710
60,21,200710
60,176,200710
60,64,200710
60,72,200710
60,112,200710
60,4,200710
60,20,200710
60,769,200710
60,107,200710
60,182,200710
60,26,200710
60,370,200710
60,55,200710
60,29,200710
60,136,200710
60,99,200710
60,5,200710
60,181,200710
60,17,200710
60,141,200710
60,249,200710
60,124,200710
60,45,200710
60,237,200710
60,65,200710
60,134,200710
60,57,200710
60,165,200710
60,38,200710
60,24,200710
60,28,200710
60,269,200710
60,154,200710
60,274,200710
60,163,200710
60,58,200710
60,217,200710
60,0,200710
60,27,200710
60,120,200710
60,137,200710
60,157,200710
60,195,200710
60,101,200710
60,80,200710
60,860,200710
60,75,200710
60,197,200710
60,194,200710
60,156,200710
60,81,200710
60,32,200710
60,18,200710
60,117,200710
60,85,200710
60,126,200710
60,40,200710
60,208,200710
60,54,200710
60,96,200710
60,135,200710
60,178,200710
60,139,200710
60,59,200710
60,146,200710
60,6,200710
60,155,200710
60,119,200710
61,407,200710
61,159,200710
61,144,200710
61,415,200710
61,147,200710
61,132,200710
61,111,200710
61,18,200710
61,160,200710
61,12,200710
61,143,200710
61,433,200710
61,166,200710
61,485,200710
61,58,200710
61,81,200710
61,183,200710
61,6,200710
61,346,200710
61,64,200710
61,863,200710
61,28,200710
61,21,200710
61,78,200710
61,879,200710
61,97,200710
61,11,200710
61,146,200710
61,10,200710
61,136,200710
61,29,200710
62,434,200710
62,160,200710
62,97,200710
62,1,200710
62,4,200710
62,17,200710
62,18,200710
62,60,200710
62,138,200710
62,19,200710
62,6,200710
62,20,200710
62,14,200710
62,31,200710
62,46,200710
62,77,200710
62,25,200710
62,143,200710
62,35,200710
62,66,200710
62,165,200710
62,137,200710
62,101,200710
62,134,200710
62,80,200710
62,327,200710
62,135,200710
62,346,200710
62,178,200710
62,375,200710
62,32,200710
62,29,200710
62,266,200710
62,16,200710
62,10,200710
62,146,200710
63,34,200710
63,47,200710
63,74,200710
63,170,200710
63,216,200710
63,146,200710
63,40,200710
63,46,200710
63,16,200710
63,19,200710
63,99,200710
63,25,200710
63,64,200710
63,29,200710
63,32,200710
63,97,200710
64,77,200710
64,134,200710
64,6,200710
64,99,200710
64,19,200710
64,14,200710
64,102,200710
64,83,200710
64,160,200710
64,143,200710
64,101,200710
64,860,200710
64,26,200710
64,433,200710
64,29,200710
64,35,200710
64,145,200710
64,36,200710
64,278,200710
64,146,200710
64,444,200710
64,28,200710
64,17,200710
64,265,200710
64,137,200710
64,76,200710
64,165,200710
64,62,200710
64,41,200710
64,346,200710
64,80,200710
64,61,200710
64,97,200710
64,45,200710
64,16,200710
64,197,200710
64,85,200710
64,154,200710
64,274,200710
64,119,200710
64,40,200710
64,4,200710
64,106,200710
64,107,200710
64,384,200710
64,48,200710
64,96,200710
64,100,200710
64,112,200710
64,18,200710
64,72,200710
64,60,200710
64,463,200710
64,54,200710
64,27,200710
64,133,200710
64,25,200710
64,858,200710
64,23,200710
64,43,200710
64,739,200710
64,113,200710
64,117,200710
64,92,200710
64,126,200710
64,176,200710
64,20,200710
64,703,200710
64,180,200710
64,5,200710
64,449,200710
64,172,200710
64,120,200710
64,730,200710
64,267,200710
64,140,200710
64,124,200710
64,31,200710
64,155,200710
64,38,200710
64,13,200710
64,55,200710
64,2,200710
64,9,200710
64,208,200710
64,46,200710
64,52,200710
64,58,200710
64,63,200710
64,79,200710
64,320,200710
64,332,200710
64,192,200710
64,1,200710
64,205,200710
64,59,200710
64,10,200710
64,0,200710
64,21,200710
64,51,200710
64,108,200710
64,24,200710
64,57,200710
64,129,200710
64,78,200710
64,32,200710
64,39,200710
64,142,200710
64,81,200710
64,11,200710
64,121,200710
64,135,200710
64,136,200710
65,175,200710
65,14,200710
65,274,200710
65,463,200710
65,178,200710
65,29,200710
65,117,200710
65,362,200710
65,152,200710
65,77,200710
65,871,200710
65,355,200710
65,155,200710
65,0,200710
65,39,200710
65,73,200710
65,510,200710
65,98,200710
65,26,200710
65,60,200710
65,99,200710
65,6,200710
65,16,200710
65,146,200710
65,97,200710
65,160,200710
65,25,200710
65,137,200710
65,32,200710
65,46,200710
66,339,200710
66,77,200710
66,18,200710
66,62,200710
66,433,200710
66,160,200710
66,131,200710
66,12,200710
66,45,200710
66,206,200710
66,208,200710
66,135,200710
66,739,200710
66,17,200710
66,346,200710
66,29,200710
66,32,200710
66,375,200710
66,266,200710
66,10,200710
66,16,200710
66,97,200710
66,146,200710
67,111,200710
67,147,200710
67,136,200710
68,67,200710
68,30,200710
68,136,200710
69,807,200710
69,247,200710
69,177,200710
69,806,200710
69,317,200710
69,311,200710
69,501,200710
69,51,200710
69,914,200710
69,137,200710
69,143,200710
69,160,200710
69,50,200710
69,49,200710
69,11,200710
69,132,200710
69,48,200710
69,92,200710
69,154,200710
69,40,200710
69,19,200710
69,99,200710
69,27,200710
69,146,200710
69,96,200710
69,4,200710
69,906,200710
69,1,200710
69,2,200710
69,112,200710
69,6,200710
69,10,200710
69,60,200710
69,274,200710
69,23,200710
69,136,200710
69,108,200710
69,113,200710
69,22,200710
69,28,200710
69,107,200710
69,211,200710
69,346,200710
69,17,200710
69,32,200710
69,21,200710
69,135,200710
69,183,200710
69,29,200710
69,5,200710
69,18,200710
70,53,200710
70,189,200710
70,133,200710
70,69,200710
70,22,200710
70,10,200710
70,136,200710
70,1,200710
70,11,200710
71,136,200710
71,137,200710
72,552,200710
72,47,200710
72,433,200710
72,160,200710
72,9,200710
72,34,200710
72,143,200710
72,281,200710
72,435,200710
72,117,200710
72,28,200710
72,287,200710
72,342,200710
72,137,200710
72,18,200710
72,59,200710
72,149,200710
72,112,200710
72,48,200710
72,52,200710
72,17,200710
72,237,200710
72,136,200710
72,21,200710
72,152,200710
72,118,200710
72,30,200710
72,81,200710
72,83,200710
72,10,200710
72,85,200710
72,97,200710
72,11,200710
72,346,200710
72,274,200710
72,165,200710
72,60,200710
72,960,200710
72,95,200710
72,96,200710
72,32,200710
72,26,200710
72,0,200710
72,2,200710
72,14,200710
72,6,200710
72,23,200710
72,29,200710
72,135,200710
72,154,200710
72,146,200710
72,25,200710
72,27,200710
72,1,200710
72,92,200710
73,452,200710
73,100,200710
73,250,200710
73,342,200710
73,320,200710
73,1147,200710
73,237,200710
73,101,200710
73,65,200710
73,98,200710
73,108,200710
73,35,200710
73,46,200710
73,97,200710
74,362,200710
74,39,200710
74,72,200710
74,64,200710
74,181,200710
74,320,200710
74,276,200710
74,178,200710
74,29,200710
74,136,200710
74,1169,200710
74,32,200710
74,146,200710
74,97,200710
74,18,200710
74,54,200710
74,10,200710
75,117,200710
75,1045,200710
75,39,200710
75,12,200710
75,278,200710
75,355,200710
75,57,200710
75,178,200710
75,1147,200710
75,19,200710
75,346,200710
75,146,200710
75,32,200710
75,29,200710
75,10,200710
75,97,200710
75,60,200710
75,108,200710
75,13,200710
75,26,200710
75,46,200710
75,136,200710
76,278,200710
76,380,200710
76,35,200710
76,320,200710
76,79,200710
76,194,200710
76,160,200710
76,195,200710
76,52,200710
76,503,200710
76,433,200710
76,83,200710
76,813,200710
76,339,200710
76,118,200710
76,57,200710
76,77,200710
76,143,200710
76,322,200710
76,97,200710
76,444,200710
76,38,200710
76,137,200710
76,156,200710
76,188,200710
76,544,200710
76,135,200710
76,180,200710
76,40,200710
76,31,200710
76,132,200710
76,53,200710
76,27,200710
76,74,200710
76,117,200710
76,5,200710
76,64,200710
76,136,200710
76,99,200710
76,237,200710
76,19,200710
76,2,200710
76,1147,200710
76,178,200710
76,14,200710
76,46,200710
76,41,200710
76,29,200710
76,146,200710
76,25,200710
76,60,200710
76,13,200710
76,26,200710
76,266,200710
76,375,200710
76,18,200710
76,6,200710
76,81,200710
76,32,200710
77,155,200710
77,110,200710
77,52,200710
77,112,200710
77,64,200710
77,108,200710
77,89,200710
77,59,200710
77,79,200710
77,101,200710
77,1,200710
77,43,200710
77,23,200710
77,40,200710
77,135,200710
77,83,200710
77,160,200710
77,143,200710
77,5,200710
77,26,200710
77,120,200710
77,15,200710
77,12,200710
77,13,200710
77,66,200710
77,197,200710
77,38,200710
77,142,200710
77,136,200710
77,194,200710
77,6,200710
77,27,200710
77,39,200710
77,19,200710
77,131,200710
77,181,200710
77,29,200710
77,28,200710
77,195,200710
77,137,200710
77,16,200710
77,18,200710
77,57,200710
77,2,200710
77,362,200710
77,54,200710
77,97,200710
77,60,200710
77,31,200710
77,14,200710
77,17,200710
77,51,200710
77,281,200710
77,176,200710
77,76,200710
77,4,200710
77,224,200710
77,46,200710
77,154,200710
77,32,200710
77,113,200710
77,45,200710
77,78,200710
77,320,200710
77,41,200710
77,20,200710
77,80,200710
77,0,200710
77,247,200710
77,167,200710
77,21,200710
77,118,200710
77,102,200710
77,94,200710
77,180,200710
77,117,200710
77,48,200710
77,346,200710
77,208,200710
77,139,200710
77,188,200710
77,100,200710
77,99,200710
77,107,200710
77,22,200710
77,10,200710
77,146,200710
77,25,200710
77,35,200710
78,326,200710
78,224,200710
78,744,200710
78,39,200710
78,433,200710
78,58,200710
78,900,200710
78,141,200710
78,79,200710
78,156,200710
78,77,200710
78,83,200710
78,134,200710
78,0,200710
78,120,200710
78,76,200710
78,16,200710
78,154,200710
78,25,200710
78,181,200710
78,64,200710
78,40,200710
78,444,200710
78,36,200710
78,6,200710
78,160,200710
78,142,200710
78,14,200710
78,46,200710
78,13,200710
78,99,200710
78,61,200710
78,19,200710
78,26,200710
78,97,200710
78,146,200710
78,32,200710
78,29,200710
78,137,200710
79,26,200710
79,433,200710
79,77,200710
79,160,200710
79,155,200710
79,182,200710
79,59,200710
79,13,200710
79,64,200710
79,151,200710
79,6,200710
79,224,200710
79,452,200710
79,0,200710
79,12,200710
79,24,200710
79,181,200710
79,19,200710
79,1147,200710
79,46,200710
79,146,200710
79,29,200710
79,375,200710
79,266,200710
79,16,200710
79,32,200710
79,97,200710
80,158,200710
80,160,200710
80,433,200710
80,393,200710
80,124,200710
80,143,200710
80,336,200710
80,41,200710
80,25,200710
80,76,200710
80,813,200710
80,1194,200710
80,27,200710
80,287,200710
80,278,200710
80,120,200710
80,78,200710
80,93,200710
80,142,200710
80,860,200710
80,182,200710
80,18,200710
80,136,200710
80,57,200710
80,23,200710
80,64,200710
80,29,200710
80,52,200710
80,4,200710
80,512,200710
80,16,200710
80,38,200710
80,1147,200710
80,81,200710
80,178,200710
80,83,200710
80,19,200710
80,5,200710
80,11,200710
80,0,200710
80,180,200710
80,310,200710
80,288,200710
80,154,200710
80,155,200710
80,96,200710
80,165,200710
80,12,200710
80,17,200710
80,46,200710
80,48,200710
80,146,200710
80,97,200710
80,6,200710
80,100,200710
80,60,200710
80,10,200710
80,31,200710
80,26,200710
80,1,200710
80,32,200710
80,92,200710
80,274,200710
80,108,200710
80,135,200710
80,14,200710
80,137,200710
81,64,200710
81,1013,200710
81,782,200710
81,180,200710
81,59,200710
81,146,200710
81,978,200710
81,195,200710
81,75,200710
81,62,200710
81,102,200710
81,165,200710
81,112,200710
81,27,200710
81,233,200710
81,18,200710
81,52,200710
81,137,200710
81,55,200710
81,25,200710
81,110,200710
81,274,200710
81,38,200710
81,0,200710
81,69,200710
81,117,200710
81,181,200710
81,12,200710
81,58,200710
81,208,200710
81,6,200710
81,28,200710
81,80,200710
81,86,200710
81,100,200710
81,72,200710
81,83,200710
81,26,200710
81,14,200710
81,124,200710
81,16,200710
81,79,200710
81,40,200710
81,380,200710
81,31,200710
81,142,200710
81,9,200710
81,3,200710
81,139,200710
81,23,200710
81,13,200710
81,1147,200710
81,346,200710
81,99,200710
81,170,200710
81,60,200710
81,5,200710
81,4,200710
81,22,200710
81,155,200710
81,51,200710
81,96,200710
81,136,200710
81,46,200710
81,48,200710
81,17,200710
81,108,200710
81,92,200710
81,97,200710
81,54,200710
81,35,200710
81,11,200710
81,154,200710
81,19,200710
81,222,200710
81,56,200710
81,1,200710
81,120,200710
81,29,200710
81,1254,200710
81,76,200710
81,32,200710
81,160,200710
81,294,200710
81,133,200710
81,10,200710
81,135,200710
82,797,200710
82,106,200710
82,54,200710
82,75,200710
82,38,200710
82,18,200710
82,40,200710
82,486,200710
82,341,200710
82,6,200710
82,97,200710
83,19,200710
83,141,200710
83,21,200710
83,48,200710
83,482,200710
83,98,200710
83,57,200710
83,60,200710
83,433,200710
83,6,200710
83,175,200710
83,77,200710
83,35,200710
83,143,200710
83,160,200710
83,118,200710
83,444,200710
83,29,200710
83,65,200710
83,1193,200710
83,97,200710
83,24,200710
83,92,200710
83,52,200710
83,183,200710
83,22,200710
83,102,200710
83,34,200710
83,40,200710
83,133,200710
83,51,200710
83,161,200710
83,39,200710
83,10,200710
83,119,200710
83,25,200710
83,32,200710
83,139,200710
83,85,200710
83,155,200710
83,14,200710
83,54,200710
83,278,200710
83,165,200710
83,288,200710
83,208,200710
83,100,200710
83,192,200710
83,13,200710
83,463,200710
83,163,200710
83,17,200710
83,59,200710
83,1147,200710
83,11,200710
83,1,200710
83,108,200710
83,178,200710
83,4,200710
83,2,200710
83,27,200710
83,126,200710
83,31,200710
83,46,200710
83,96,200710
83,112,200710
83,137,200710
83,20,200710
83,113,200710
83,142,200710
83,28,200710
83,117,200710
83,41,200710
83,146,200710
83,136,200710
83,5,200710
83,154,200710
83,26,200710
83,16,200710
83,99,200710
83,81,200710
83,80,200710
83,0,200710
83,64,200710
83,18,200710
83,135,200710
84,164,200710
84,160,200710
84,30,200710
84,223,200710
84,753,200710
84,86,200710
84,4,200710
84,20,200710
84,146,200710
84,346,200710
84,88,200710
84,183,200710
84,10,200710
84,136,200710
84,18,200710
84,11,200710
85,0,200710
85,24,200710
85,740,200710
85,552,200710
85,93,200710
85,5,200710
85,274,200710
85,336,200710
85,98,200710
85,143,200710
85,433,200710
85,160,200710
85,25,200710
85,16,200710
85,483,200710
85,137,200710
85,11,200710
85,145,200710
85,61,200710
85,32,200710
85,198,200710
85,35,200710
85,69,200710
85,17,200710
85,10,200710
85,169,200710
85,133,200710
85,183,200710
85,23,200710
85,28,200710
85,22,200710
85,81,200710
85,120,200710
85,78,200710
85,31,200710
85,9,200710
85,29,200710
85,21,200710
85,46,200710
85,96,200710
85,48,200710
85,132,200710
85,97,200710
85,1147,200710
85,36,200710
85,124,200710
85,53,200710
85,107,200710
85,1169,200710
85,125,200710
85,40,200710
85,14,200710
85,99,200710
85,4,200710
85,19,200710
85,51,200710
85,136,200710
85,155,200710
85,64,200710
85,20,200710
85,80,200710
85,27,200710
85,83,200710
85,116,200710
85,154,200710
85,72,200710
85,26,200710
85,100,200710
85,1,200710
85,59,200710
85,146,200710
85,113,200710
85,108,200710
85,13,200710
85,60,200710
85,149,200710
85,18,200710
85,115,200710
85,135,200710
85,165,200710
85,6,200710
85,112,200710
85,92,200710
86,84,200710
86,10,200710
86,51,200710
86,46,200710
86,1,200710
86,105,200710
86,83,200710
86,238,200710
86,21,200710
86,136,200710
86,548,200710
86,183,200710
86,29,200710
86,4,200710
86,18,200710
86,11,200710
87,203,200710
87,25,200710
87,291,200710
87,89,200710
88,137,200710
88,53,200710
88,164,200710
88,84,200710
88,51,200710
88,30,200710
88,18,200710
88,4,200710
88,11,200710
89,77,200710
89,17,200710
89,90,200710
89,8,200710
89,23,200710
89,7,200710
89,243,200710
89,921,200710
89,1233,200710
89,121,200710
89,87,200710
89,778,200710
89,212,200710
89,280,200710
89,160,200710
89,5,200710
89,770,200710
89,323,200710
89,828,200710
89,112,200710
89,1408,200710
89,165,200710
89,97,200710
89,107,200710
89,10,200710
89,4,200710
89,110,200710
89,113,200710
89,20,200710
89,1,200710
89,51,200710
89,29,200710
89,6,200710
89,28,200710
89,136,200710
89,21,200710
89,11,200710
89,18,200710
89,137,200710
89,25,200710
90,17,200710
90,7,200710
90,89,200710
90,243,200710
90,8,200710
90,5,200710
92,274,200710
92,152,200710
92,444,200710
92,85,200710
92,54,200710
92,40,200710
92,29,200710
92,120,200710
92,75,200710
92,23,200710
92,160,200710
92,180,200710
92,100,200710
92,183,200710
92,119,200710
92,32,200710
92,261,200710
92,64,200710
92,142,200710
92,1147,200710
92,31,200710
92,871,200710
92,95,200710
92,113,200710
92,133,200710
92,26,200710
92,16,200710
92,52,200710
92,107,200710
92,12,200710
92,112,200710
92,38,200710
92,155,200710
92,51,200710
92,143,200710
92,102,200710
92,4,200710
92,81,200710
92,21,200710
92,11,200710
92,116,200710
92,28,200710
92,115,200710
92,97,200710
92,27,200710
92,124,200710
92,19,200710
92,48,200710
92,80,200710
92,165,200710
92,96,200710
92,149,200710
92,5,200710
92,59,200710
92,136,200710
92,154,200710
92,108,200710
92,157,200710
92,137,200710
92,72,200710
92,9,200710
92,47,200710
92,17,200710
92,14,200710
92,1,200710
92,60,200710
92,10,200710
92,93,200710
92,2,200710
92,135,200710
92,0,200710
93,160,200710
93,85,200710
93,25,200710
93,31,200710
93,339,200710
93,2,200710
93,433,200710
93,11,200710
93,154,200710
93,175,200710
93,14,200710
93,165,200710
93,96,200710
93,1,200710
93,135,200710
93,124,200710
93,9,200710
93,115,200710
93,18,200710
93,149,200710
93,346,200710
93,274,200710
93,92,200710
94,36,200710
94,137,200710
94,76,200710
94,120,200710
94,126,200710
94,146,200710
94,54,200710
94,27,200710
94,92,200710
94,154,200710
94,341,200710
94,77,200710
94,29,200710
94,269,200710
94,108,200710
94,14,200710
94,46,200710
94,25,200710
94,99,200710
94,97,200710
94,6,200710
94,135,200710
94,59,200710
95,374,200710
95,160,200710
95,703,200710
95,77,200710
95,281,200710
95,858,200710
95,92,200710
95,871,200710
95,72,200710
95,266,200710
95,146,200710
95,46,200710
96,23,200710
96,121,200710
96,433,200710
96,115,200710
96,130,200710
96,1025,200710
96,160,200710
96,299,200710
96,22,200710
96,777,200710
96,165,200710
96,38,200710
96,1,200710
96,10,200710
96,143,200710
96,950,200710
96,93,200710
96,18,200710
96,133,200710
96,183,200710
96,46,200710
96,113,200710
96,137,200710
96,97,200710
96,111,200710
96,47,200710
96,69,200710
96,105,200710
96,52,200710
96,164,200710
96,11,200710
96,51,200710
96,1794,200710
96,107,200710
96,108,200710
96,20,200710
96,85,200710
96,81,200710
96,2,200710
96,21,200710
96,58,200710
96,166,200710
96,14,200710
96,26,200710
96,28,200710
96,1169,200710
96,53,200710
96,756,200710
96,155,200710
96,801,200710
96,17,200710
96,1269,200710
96,204,200710
96,54,200710
96,16,200710
96,757,200710
96,83,200710
96,19,200710
96,119,200710
96,0,200710
96,72,200710
96,48,200710
96,116,200710
96,112,200710
96,9,200710
96,31,200710
96,25,200710
96,136,200710
96,149,200710
96,154,200710
96,64,200710
96,6,200710
96,29,200710
96,146,200710
96,27,200710
96,4,200710
96,92,200710
96,60,200710
96,135,200710
96,5,200710
96,274,200710
97,99,200710
97,1194,200710
97,77,200710
97,167,200710
97,19,200710
97,521,200710
97,138,200710
97,83,200710
97,46,200710
97,35,200710
97,335,200710
97,249,200710
97,60,200710
97,29,200710
97,143,200710
97,62,200710
97,250,200710
97,433,200710
97,552,200710
97,137,200710
97,31,200710
97,14,200710
97,24,200710
97,59,200710
97,281,200710
97,192,200710
97,482,200710
97,52,200710
97,39,200710
97,175,200710
97,10,200710
97,294,200710
97,160,200710
97,48,200710
97,72,200710
97,18,200710
97,120,200710
97,181,200710
97,278,200710
97,76,200710
97,23,200710
97,38,200710
97,133,200710
97,26,200710
97,155,200710
97,112,200710
97,69,200710
97,156,200710
97,40,200710
97,28,200710
97,5,200710
97,64,200710
97,544,200710
97,142,200710
97,354,200710
97,0,200710
97,108,200710
97,136,200710
97,22,200710
97,101,200710
97,124,200710
97,237,200710
97,144,200710
97,110,200710
97,53,200710
97,4,200710
97,1,200710
97,131,200710
97,126,200710
97,178,200710
97,1147,200710
97,11,200710
97,79,200710
97,6,200710
97,1254,200710
97,9,200710
97,17,200710
97,32,200710
97,176,200710
97,146,200710
97,58,200710
97,27,200710
97,85,200710
97,169,200710
97,173,200710
97,946,200710
97,171,200710
97,398,200710
97,132,200710
97,1065,200710
97,25,200710
97,543,200710
97,74,200710
97,134,200710
97,141,200710
97,15,200710
97,61,200710
97,98,200710
97,170,200710
97,45,200710
97,80,200710
97,78,200710
97,205,200710
97,208,200710
97,154,200710
97,7,200710
97,65,200710
97,161,200710
97,540,200710
97,309,200710
97,75,200710
97,47,200710
97,81,200710
97,135,200710
97,458,200710
97,16,200710
97,797,200710
97,55,200710
97,119,200710
97,860,200710
97,495,200710
97,94,200710
97,183,200710
97,1052,200710
97,20,200710
97,57,200710
97,172,200710
97,510,200710
97,92,200710
97,82,200710
97,107,200710
97,393,200710
97,813,200710
97,114,200710
97,118,200710
97,159,200710
97,287,200710
97,216,200710
97,54,200710
97,769,200710
97,43,200710
97,744,200710
97,104,200710
97,182,200710
97,117,200710
97,455,200710
97,452,200710
97,2,200710
97,435,200710
97,66,200710
97,269,200710
97,198,200710
97,152,200710
97,341,200710
97,106,200710
97,163,200710
97,195,200710
97,63,200710
97,197,200710
97,355,200710
97,165,200710
97,180,200710
97,41,200710
97,140,200710
97,157,200710
97,188,200710
97,34,200710
97,73,200710
97,12,200710
97,102,200710
97,224,200710
97,342,200710
97,158,200710
97,36,200710
97,320,200710
97,21,200710
97,129,200710
97,96,200710
97,139,200710
97,100,200710
97,51,200710
97,89,200710
97,113,200710
97,13,200710
98,118,200710
98,163,200710
98,326,200710
98,160,200710
98,176,200710
98,25,200710
98,126,200710
98,342,200710
98,149,200710
98,73,200710
98,143,200710
98,81,200710
98,146,200710
98,900,200710
98,59,200710
98,167,200710
98,65,200710
98,99,200710
98,29,200710
98,97,200710
98,136,200710
98,137,200710
99,64,200710
99,97,200710
99,326,200710
99,77,200710
99,48,200710
99,169,200710
99,17,200710
99,117,200710
99,27,200710
99,25,200710
99,108,200710
99,31,200710
99,18,200710
99,46,200710
99,143,200710
99,107,200710
99,11,200710
99,129,200710
99,154,200710
99,112,200710
99,76,200710
99,769,200710
99,28,200710
99,20,200710
99,85,200710
99,53,200710
99,82,200710
99,34,200710
99,196,200710
99,100,200710
99,22,200710
99,83,200710
99,55,200710
99,80,200710
99,74,200710
99,78,200710
99,126,200710
99,1,200710
99,40,200710
99,341,200710
99,29,200710
99,38,200710
99,81,200710
99,61,200710
99,320,200710
99,136,200710
99,32,200710
99,51,200710
99,19,200710
99,101,200710
99,180,200710
99,113,200710
99,45,200710
99,165,200710
99,12,200710
99,39,200710
99,118,200710
99,110,200710
99,58,200710
99,60,200710
99,544,200710
99,157,200710
99,98,200710
99,26,200710
99,13,200710
99,65,200710
99,181,200710
99,134,200710
99,57,200710
99,155,200710
99,224,200710
99,142,200710
99,131,200710
99,63,200710
99,24,200710
99,6,200710
99,132,200710
99,52,200710
99,208,200710
99,94,200710
99,16,200710
99,102,200710
99,139,200710
99,146,200710
99,0,200710
99,10,200710
99,59,200710
99,137,200710
99,36,200710
99,54,200710
99,4,200710
99,160,200710
99,135,200710
99,35,200710
100,60,200710
100,118,200710
100,433,200710
100,129,200710
100,769,200710
100,73,200710
100,14,200710
100,160,200710
100,180,200710
100,143,200710
100,39,200710
100,36,200710
100,326,200710
100,35,200710
100,25,200710
100,19,200710
100,266,200710
100,101,200710
100,177,200710
100,142,200710
100,198,200710
100,26,200710
100,5,200710
100,27,200710
100,149,200710
100,136,200710
100,12,200710
100,16,200710
100,112,200710
100,23,200710
100,4,200710
100,17,200710
100,193,200710
100,9,200710
100,102,200710
100,6,200710
100,99,200710
100,96,200710
100,544,200710
100,81,200710
100,158,200710
100,1147,200710
100,40,200710
100,154,200710
100,113,200710
100,28,200710
100,52,200710
100,77,200710
100,29,200710
100,108,200710
100,97,200710
100,2,200710
100,137,200710
100,92,200710
100,46,200710
100,10,200710
100,0,200710
100,20,200710
100,274,200710
100,1,200710
100,80,200710
100,85,200710
100,83,200710
100,64,200710
100,13,200710
100,135,200710
100,18,200710
100,38,200710
100,146,200710
100,32,200710
100,59,200710
100,31,200710
100,48,200710
101,302,200710
101,132,200710
101,156,200710
101,281,200710
101,80,200710
101,77,200710
101,237,200710
101,29,200710
101,433,200710
101,375,200710
101,170,200710
101,160,200710
101,342,200710
101,124,200710
101,143,200710
101,16,200710
101,233,200710
101,62,200710
101,32,200710
101,45,200710
101,34,200710
101,131,200710
101,249,200710
101,142,200710
101,188,200710
101,97,200710
101,157,200710
101,118,200710
101,181,200710
101,155,200710
101,12,200710
101,1147,200710
101,178,200710
101,46,200710
101,510,200710
101,39,200710
101,99,200710
101,146,200710
101,19,200710
101,18,200710
101,10,200710
101,6,200710
101,26,200710
101,136,200710
101,60,200710
101,266,200710
101,64,200710
101,25,200710
101,137,200710
102,24,200710
102,40,200710
102,13,200710
102,181,200710
102,297,200710
102,79,200710
102,739,200710
102,52,200710
102,77,200710
102,433,200710
102,160,200710
102,349,200710
102,157,200710
102,12,200710
102,188,200710
102,0,200710
102,132,200710
102,97,200710
102,136,200710
102,69,200710
102,393,200710
102,120,200710
102,28,200710
102,35,200710
102,18,200710
102,31,200710
102,9,200710
102,135,200710
102,23,200710
102,48,200710
102,85,200710
102,45,200710
102,133,200710
102,46,200710
102,1147,200710
102,730,200710
102,178,200710
102,274,200710
102,34,200710
102,154,200710
102,32,200710
102,64,200710
102,16,200710
102,137,200710
102,19,200710
102,29,200710
102,38,200710
102,81,200710
102,22,200710
102,80,200710
102,5,200710
102,100,200710
102,27,200710
102,17,200710
102,83,200710
102,92,200710
102,26,200710
102,99,200710
102,6,200710
102,59,200710
102,146,200710
102,1,200710
102,10,200710
102,108,200710
102,60,200710
102,14,200710
103,879,200710
103,10,200710
104,433,200710
104,0,200710
104,143,200710
104,160,200710
104,34,200710
104,157,200710
104,181,200710
104,189,200710
104,13,200710
104,114,200710
104,31,200710
104,1147,200710
104,154,200710
104,375,200710
104,32,200710
104,266,200710
104,18,200710
104,146,200710
104,10,200710
104,29,200710
104,97,200710
104,136,200710
104,137,200710
105,11,200710
105,169,200710
105,12,200710
105,96,200710
105,20,200710
105,86,200710
105,112,200710
105,51,200710
105,4,200710
105,10,200710
105,18,200710
105,183,200710
105,136,200710
106,100,200710
106,39,200710
106,134,200710
106,154,200710
106,18,200710
106,2,200710
106,341,200710
106,97,200710
107,160,200710
107,433,200710
107,23,200710
107,501,200710
107,143,200710
107,5,200710
107,165,200710
107,32,200710
107,22,200710
107,81,200710
107,59,200710
107,48,200710
107,6,200710
107,108,200710
107,96,200710
107,27,200710
107,113,200710
107,0,200710
107,157,200710
107,17,200710
107,102,200710
107,69,200710
107,80,200710
107,136,200710
107,85,200710
107,54,200710
107,29,200710
107,137,200710
107,154,200710
107,274,200710
107,11,200710
107,19,200710
107,183,200710
107,301,200710
107,150,200710
107,98,200710
107,14,200710
107,133,200710
107,31,200710
107,335,200710
107,9,200710
107,159,200710
107,156,200710
107,250,200710
107,188,200710
107,181,200710
107,121,200710
107,326,200710
107,44,200710
107,104,200710
107,495,200710
107,588,200710
107,125,200710
107,34,200710
107,124,200710
107,138,200710
107,40,200710
107,18,200710
107,77,200710
107,64,200710
107,1,200710
107,92,200710
107,89,200710
107,2,200710
107,10,200710
107,222,200710
107,51,200710
107,97,200710
107,4,200710
107,135,200710
107,20,200710
107,25,200710
107,28,200710
107,112,200710
108,77,200710
108,35,200710
108,341,200710
108,6,200710
108,76,200710
108,38,200710
108,21,200710
108,102,200710
108,2,200710
108,433,200710
108,160,200710
108,31,200710
108,8,200710
108,112,200710
108,208,200710
108,41,200710
108,137,200710
108,107,200710
108,22,200710
108,92,200710
108,9,200710
108,1,200710
108,126,200710
108,80,200710
108,26,200710
108,19,200710
108,97,200710
108,69,200710
108,25,200710
108,142,200710
108,20,200710
108,4,200710
108,83,200710
108,13,200710
108,23,200710
108,739,200710
108,14,200710
108,64,200710
108,18,200710
108,136,200710
108,183,200710
108,52,200710
108,167,200710
108,48,200710
108,10,200710
108,99,200710
108,11,200710
108,120,200710
108,165,200710
108,51,200710
108,117,200710
108,100,200710
108,32,200710
108,28,200710
108,16,200710
108,135,200710
108,73,200710
108,72,200710
108,181,200710
108,146,200710
108,94,200710
108,12,200710
108,5,200710
108,139,200710
108,197,200710
108,36,200710
108,24,200710
108,81,200710
108,355,200710
108,156,200710
108,274,200710
108,17,200710
108,769,200710
108,85,200710
108,96,200710
108,75,200710
108,195,200710
108,40,200710
108,154,200710
108,54,200710
108,180,200710
108,178,200710
108,129,200710
108,27,200710
108,143,200710
108,0,200710
108,119,200710
108,59,200710
108,155,200710
108,29,200710
108,46,200710
109,110,200710
109,593,200710
109,4,200710
109,127,200710
109,306,200710
109,729,200710
109,128,200710
109,864,200710
109,427,200710
109,913,200710
109,724,200710
109,655,200710
109,592,200710
109,723,200710
109,840,200710
109,629,200710
109,676,200710
109,305,200710
109,628,200710
109,196,200710
109,677,200710
109,633,200710
110,465,200710
110,59,200710
110,625,200710
110,925,200710
110,305,200710
110,231,200710
110,29,200710
110,225,200710
110,232,200710
110,351,200710
110,306,200710
110,818,200710
110,525,200710
110,207,200710
110,226,200710
110,627,200710
110,128,200710
110,109,200710
110,190,200710
110,633,200710
110,694,200710
110,760,200710
110,433,200710
110,922,200710
110,196,200710
110,201,200710
110,830,200710
110,631,200710
110,559,200710
110,920,200710
110,160,200710
110,632,200710
110,937,200710
110,186,200710
110,281,200710
110,947,200710
110,427,200710
110,290,200710
110,425,200710
110,138,200710
110,236,200710
110,605,200710
110,23,200710
110,200,200710
110,474,200710
110,127,200710
110,841,200710
110,650,200710
110,352,200710
110,6,200710
110,185,200710
110,719,200710
110,651,200710
110,97,200710
110,20,200710
110,17,200710
110,137,200710
110,229,200710
110,143,200710
110,377,200710
110,473,200710
110,77,200710
110,5,200710
110,808,200710
110,1168,200710
110,4,200710
110,235,200710
110,552,200710
110,914,200710
110,230,200710
110,657,200710
110,424,200710
110,630,200710
110,997,200710
110,684,200710
110,786,200710
110,665,200710
110,247,200710
110,83,200710
110,882,200710
110,2261,200710
110,133,200710
110,191,200710
110,136,200710
110,10,200710
110,99,200710
110,1,200710
110,89,200710
110,886,200710
110,25,200710
110,51,200710
110,11,200710
110,18,200710
111,147,200710
111,61,200710
111,27,200710
111,96,200710
111,113,200710
111,1169,200710
111,165,200710
111,18,200710
111,97,200710
111,136,200710
111,10,200710
111,29,200710
111,11,200710
112,433,200710
112,6,200710
112,138,200710
112,77,200710
112,143,200710
112,27,200710
112,20,200710
112,160,200710
112,175,200710
112,34,200710
112,113,200710
112,137,200710
112,214,200710
112,154,200710
112,16,200710
112,18,200710
112,12,200710
112,116,200710
112,32,200710
112,149,200710
112,115,200710
112,136,200710
112,17,200710
112,4,200710
112,52,200710
112,31,200710
112,19,200710
112,64,200710
112,139,200710
112,60,200710
112,105,200710
112,544,200710
112,346,200710
112,165,200710
112,85,200710
112,301,200710
112,133,200710
112,22,200710
112,81,200710
112,33,200710
112,2,200710
112,83,200710
112,25,200710
112,102,200710
112,155,200710
112,183,200710
112,274,200710
112,96,200710
112,14,200710
112,69,200710
112,92,200710
112,11,200710
112,1,200710
112,189,200710
112,13,200710
112,51,200710
112,59,200710
112,97,200710
112,135,200710
112,89,200710
112,29,200710
112,28,200710
112,107,200710
112,10,200710
112,23,200710
113,143,200710
113,20,200710
113,160,200710
113,375,200710
113,100,200710
113,13,200710
113,34,200710
113,59,200710
113,69,200710
113,124,200710
113,64,200710
113,81,200710
113,5,200710
113,29,200710
113,83,200710
113,108,200710
113,16,200710
113,177,200710
113,14,200710
113,18,200710
113,99,200710
113,32,200710
113,2,200710
113,274,200710
113,17,200710
113,119,200710
113,155,200710
113,35,200710
113,31,200710
113,46,200710
113,6,200710
113,27,200710
113,60,200710
113,136,200710
113,22,200710
113,48,200710
113,19,200710
113,165,200710
113,51,200710
113,107,200710
113,11,200710
113,26,200710
113,92,200710
113,96,200710
113,135,200710
113,21,200710
113,85,200710
113,112,200710
113,154,200710
113,8,200710
113,89,200710
113,7,200710
113,1,200710
113,146,200710
113,10,200710
113,97,200710
113,25,200710
113,4,200710
113,137,200710
114,193,200710
114,155,200710
114,29,200710
114,45,200710
114,97,200710
114,134,200710
114,6,200710
114,58,200710
114,156,200710
114,12,200710
114,270,200710
114,32,200710
114,24,200710
114,389,200710
114,860,200710
114,119,200710
114,26,200710
114,19,200710
114,13,200710
114,146,200710
115,1242,200710
115,204,200710
115,96,200710
115,9,200710
115,149,200710
115,72,200710
115,160,200710
115,220,200710
115,60,200710
115,433,200710
115,22,200710
115,135,200710
115,108,200710
115,21,200710
115,11,200710
115,47,200710
115,112,200710
115,51,200710
115,5,200710
115,210,200710
115,80,200710
115,23,200710
115,93,200710
115,17,200710
115,314,200710
115,136,200710
115,107,200710
115,10,200710
115,346,200710
115,132,200710
115,336,200710
115,27,200710
115,2,200710
115,165,200710
115,1,200710
115,25,200710
115,92,200710
115,85,200710
115,137,200710
115,274,200710
116,81,200710
116,100,200710
116,154,200710
116,18,200710
116,124,200710
116,115,200710
116,63,200710
116,149,200710
116,9,200710
116,21,200710
116,17,200710
116,47,200710
116,93,200710
116,346,200710
116,4,200710
116,136,200710
116,96,200710
116,1,200710
116,92,200710
116,85,200710
116,25,200710
116,10,200710
116,137,200710
116,274,200710
117,338,200710
117,433,200710
117,175,200710
117,83,200710
117,126,200710
117,206,200710
117,160,200710
117,31,200710
117,79,200710
117,32,200710
117,19,200710
117,13,200710
117,6,200710
117,0,200710
117,98,200710
117,35,200710
117,46,200710
117,18,200710
117,5,200710
117,1065,200710
117,278,200710
117,80,200710
117,72,200710
117,82,200710
117,99,200710
117,81,200710
117,48,200710
117,38,200710
117,29,200710
117,27,200710
117,76,200710
117,178,200710
117,64,200710
117,60,200710
117,52,200710
117,10,200710
117,137,200710
117,59,200710
117,26,200710
117,146,200710
117,108,200710
117,97,200710
117,16,200710
117,14,200710
118,143,200710
118,433,200710
118,326,200710
118,137,200710
118,157,200710
118,160,200710
118,98,200710
118,544,200710
118,25,200710
118,342,200710
118,379,200710
118,274,200710
118,48,200710
118,99,200710
118,97,200710
119,19,200710
119,155,200710
119,100,200710
119,34,200710
119,40,200710
119,6,200710
119,85,200710
119,143,200710
119,165,200710
119,51,200710
119,17,200710
119,92,200710
119,113,200710
119,64,200710
119,22,200710
119,274,200710
119,124,200710
119,112,200710
119,21,200710
119,114,200710
119,133,200710
119,2,200710
119,16,200710
119,13,200710
119,28,200710
119,96,200710
119,83,200710
119,1,200710
119,97,200710
119,139,200710
119,10,200710
119,36,200710
119,48,200710
119,108,200710
119,135,200710
119,14,200710
119,60,200710
120,326,200710
120,281,200710
120,143,200710
120,64,200710
120,157,200710
120,58,200710
120,83,200710
120,19,200710
120,72,200710
120,39,200710
120,81,200710
120,38,200710
120,433,200710
120,140,200710
120,341,200710
120,77,200710
120,118,200710
120,160,200710
120,40,200710
120,176,200710
120,320,200710
120,106,200710
120,25,200710
120,9,200710
120,97,200710
120,126,200710
120,137,200710
120,23,200710
120,156,200710
120,80,200710
120,41,200710
120,31,200710
120,28,200710
120,154,200710
120,4,200710
120,136,200710
120,46,200710
120,29,200710
120,59,200710
120,35,200710
120,146,200710
120,18,200710
120,13,200710
120,26,200710
120,60,200710
120,19,200710
120,16,200710
120,40,200710
120,97,200710
120,46,200710
120,81,200710
120,64,200710
120,25,200710
120,32,200710
120,13,200710
120,29,200710
120,146,200710
120,6,200710
120,59,200710
120,137,200710
121,143,200710
121,433,200710
121,138,200710
121,160,200710
121,223,200710
121,51,200710
121,53,200710
121,132,200710
121,10,200710
121,72,200710
121,11,200710
121,9,200710
121,112,200710
121,2,200710
121,22,200710
121,107,200710
121,48,200710
121,29,200710
121,21,200710
121,13,200710
121,1,200710
121,4,200710
121,64,200710
121,5,200710
121,59,200710
122,234,200710
122,181,200710
122,197,200710
122,137,200710
122,2,200710
122,346,200710
122,10,200710
122,18,200710
122,136,200710
123,122,200710
123,234,200710
123,242,200710
123,54,200710
123,0,200710
123,18,200710
124,31,200710
124,93,200710
124,433,200710
124,188,200710
124,143,200710
124,544,200710
124,72,200710
124,23,200710
124,21,200710
124,170,200710
124,108,200710
124,278,200710
124,83,200710
124,41,200710
124,36,200710
124,97,200710
124,120,200710
124,116,200710
124,149,200710
124,303,200710
124,47,200710
124,119,200710
124,85,200710
124,46,200710
124,96,200710
124,107,200710
124,17,200710
124,133,200710
124,28,200710
124,27,200710
124,32,200710
124,6,200710
124,60,200710
124,64,200710
124,18,200710
124,11,200710
124,14,200710
124,154,200710
124,136,200710
124,1,200710
124,10,200710
124,135,200710
124,146,200710
124,92,200710
124,25,200710
124,29,200710
124,160,200710
124,274,200710
124,137,200710
125,74,200710
125,133,200710
125,85,200710
125,107,200710
125,274,200710
125,16,200710
125,314,200710
125,731,200710
125,336,200710
125,10,200710
125,32,200710
125,18,200710
125,136,200710
125,29,200710
126,101,200710
126,6,200710
126,899,200710
126,117,200710
126,433,200710
126,120,200710
126,155,200710
126,55,200710
126,889,200710
126,160,200710
126,47,200710
126,178,200710
126,142,200710
126,278,200710
126,742,200710
126,143,200710
126,140,200710
126,19,200710
126,208,200710
126,9,200710
126,769,200710
126,444,200710
126,24,200710
126,72,200710
126,132,200710
126,10,200710
126,38,200710
126,320,200710
126,131,200710
126,0,200710
126,80,200710
126,13,200710
126,29,200710
126,25,200710
126,81,200710
126,31,200710
126,97,200710
126,83,200710
126,346,200710
126,722,200710
126,26,200710
126,46,200710
126,108,200710
126,64,200710
126,40,200710
126,99,200710
126,137,200710
126,59,200710
126,146,200710
126,16,200710
126,60,200710
126,32,200710
127,427,200710
127,128,200710
127,110,200710
127,109,200710
127,4,200710
127,306,200710
127,247,200710
127,948,200710
127,196,200710
128,110,200710
128,306,200710
128,4,200710
128,427,200710
128,109,200710
129,172,200710
129,194,200710
129,19,200710
129,375,200710
129,173,200710
129,35,200710
129,160,200710
129,100,200710
129,433,200710
129,60,200710
129,143,200710
129,52,200710
129,64,200710
129,26,200710
129,48,200710
129,17,200710
129,154,200710
129,1129,200710
129,28,200710
129,146,200710
129,217,200710
129,32,200710
129,10,200710
129,284,200710
129,14,200710
129,59,200710
129,29,200710
129,6,200710
129,25,200710
129,108,200710
129,46,200710
129,13,200710
129,97,200710
129,137,200710
130,777,200710
130,96,200710
130,299,200710
130,21,200710
130,11,200710
130,1,200710
130,136,200710
131,433,200710
131,160,200710
131,18,200710
131,159,200710
131,77,200710
131,66,200710
131,1052,200710
131,32,200710
131,40,200710
131,24,200710
131,224,200710
131,276,200710
131,495,200710
131,193,200710
131,205,200710
131,304,200710
131,1169,200710
131,346,200710
131,1,200710
131,29,200710
131,16,200710
131,26,200710
131,6,200710
131,136,200710
131,27,200710
131,54,200710
131,99,200710
131,97,200710
131,146,200710
131,154,200710
131,137,200710
132,77,200710
132,433,200710
132,104,200710
132,143,200710
132,138,200710
132,27,200710
132,15,200710
132,205,200710
132,69,200710
132,32,200710
132,19,200710
132,501,200710
132,23,200710
132,160,200710
132,12,200710
132,121,200710
132,159,200710
132,28,200710
132,101,200710
132,152,200710
132,117,200710
132,33,200710
132,176,200710
132,21,200710
132,120,200710
132,16,200710
132,906,200710
132,80,200710
132,17,200710
132,51,200710
132,40,200710
132,11,200710
132,136,200710
132,85,200710
132,139,200710
132,314,200710
132,9,200710
132,115,200710
132,97,200710
132,26,200710
132,18,200710
132,375,200710
132,29,200710
132,154,200710
132,99,200710
132,25,200710
132,54,200710
132,10,200710
132,1,200710
132,146,200710
132,137,200710
133,143,200710
133,19,200710
133,23,200710
133,77,200710
133,160,200710
133,16,200710
133,2,200710
133,12,200710
133,4,200710
133,29,200710
133,124,200710
133,31,200710
133,183,200710
133,40,200710
133,274,200710
133,85,200710
133,125,200710
133,155,200710
133,70,200710
133,105,200710
133,136,200710
133,53,200710
133,0,200710
133,22,200710
133,102,200710
133,154,200710
133,165,200710
133,86,200710
133,52,200710
133,72,200710
133,81,200710
133,69,200710
133,137,200710
133,108,200710
133,20,200710
133,220,200710
133,5,200710
133,9,200710
133,51,200710
133,92,200710
133,27,200710
133,96,200710
133,11,200710
133,14,200710
133,10,200710
133,135,200710
133,1,200710
133,107,200710
133,59,200710
133,112,200710
133,21,200710
134,176,200710
134,180,200710
134,114,200710
134,289,200710
134,160,200710
134,195,200710
134,6,200710
134,433,200710
134,13,200710
134,29,200710
134,80,200710
134,249,200710
134,83,200710
134,58,200710
134,126,200710
134,72,200710
134,135,200710
134,99,200710
134,146,200710
134,48,200710
134,178,200710
134,19,200710
134,108,200710
134,46,200710
134,26,200710
134,60,200710
134,16,200710
134,59,200710
134,64,200710
134,32,200710
134,97,200710
134,14,200710
135,482,200710
135,83,200710
135,12,200710
135,398,200710
135,155,200710
135,139,200710
135,931,200710
135,137,200710
135,1144,200710
135,1434,200710
135,20,200710
135,97,200710
135,355,200710
135,444,200710
135,25,200710
135,112,200710
135,81,200710
135,94,200710
135,6,200710
135,122,200710
135,142,200710
135,136,200710
135,93,200710
135,116,200710
135,64,200710
135,1580,200710
135,77,200710
135,18,200710
135,5,200710
135,380,200710
135,163,200710
135,79,200710
135,115,200710
135,522,200710
135,296,200710
135,14,200710
135,195,200710
135,59,200710
135,149,200710
135,275,200710
135,113,200710
135,183,200710
135,35,200710
135,69,200710
135,36,200710
135,165,200710
135,133,200710
135,23,200710
135,100,200710
135,9,200710
135,72,200710
135,16,200710
135,107,200710
135,46,200710
135,0,200710
135,124,200710
135,157,200710
135,13,200710
135,2,200710
135,274,200710
135,38,200710
135,180,200710
135,80,200710
135,60,200710
135,26,200710
135,96,200710
135,11,200710
135,22,200710
135,85,200710
135,51,200710
135,32,200710
135,21,200710
135,52,200710
135,48,200710
135,102,200710
135,4,200710
135,28,200710
135,143,200710
135,119,200710
135,92,200710
135,108,200710
135,40,200710
135,99,200710
135,17,200710
135,19,200710
135,31,200710
135,154,200710
135,1,200710
135,27,200710
135,10,200710
136,154,200710
136,30,200710
136,433,200710
136,175,200710
136,142,200710
136,160,200710
136,11,200710
136,107,200710
136,972,200710
136,23,200710
136,147,200710
136,143,200710
136,247,200710
136,176,200710
136,155,200710
136,77,200710
136,70,200710
136,27,200710
136,183,200710
136,138,200710
136,1,200710
136,482,200710
136,83,200710
136,25,200710
136,5,200710
136,79,200710
136,28,200710
136,19,200710
136,22,200710
136,137,200710
136,165,200710
136,76,200710
136,157,200710
136,20,200710
136,112,200710
136,330,200710
136,368,200710
136,54,200710
136,777,200710
136,2,200710
136,135,200710
136,51,200710
136,354,200710
136,32,200710
136,69,200710
136,99,200710
136,81,200710
136,29,200710
136,40,200710
136,18,200710
136,31,200710
136,16,200710
136,10,200710
136,13,200710
136,59,200710
136,121,200710
136,164,200710
136,113,200710
136,941,200710
136,86,200710
136,752,200710
136,333,200710
136,53,200710
136,115,200710
136,26,200710
136,534,200710
136,108,200710
136,346,200710
136,36,200710
136,74,200710
136,15,200710
136,110,200710
136,180,200710
136,24,200710
136,12,200710
136,981,200710
136,982,200710
136,181,200710
136,891,200710
136,100,200710
136,834,200710
136,17,200710
136,804,200710
136,72,200710
136,213,200710
136,148,200710
136,48,200710
136,537,200710
136,132,200710
136,407,200710
136,376,200710
136,480,200710
136,9,200710
136,85,200710
136,111,200710
136,492,200710
136,415,200710
136,588,200710
136,116,200710
136,359,200710
136,762,200710
136,502,200710
136,738,200710
136,21,200710
136,221,200710
136,8,200710
136,68,200710
136,361,200710
136,159,200710
136,146,200710
136,950,200710
136,163,200710
136,862,200710
136,299,200710
136,307,200710
136,96,200710
136,211,200710
136,58,200710
136,130,200710
136,358,200710
136,139,200710
136,101,200710
136,261,200710
136,166,200710
136,34,200710
136,184,200710
136,97,200710
136,169,200710
136,133,200710
136,372,200710
136,223,200710
136,544,200710
136,84,200710
136,67,200710
136,303,200710
136,174,200710
136,124,200710
136,71,200710
136,153,200710
136,61,200710
136,105,200710
136,98,200710
136,80,200710
136,52,200710
136,33,200710
136,371,200710
136,189,200710
136,177,200710
136,104,200710
136,125,200710
136,35,200710
136,131,200710
136,265,200710
136,122,200710
136,60,200710
136,150,200710
136,92,200710
136,46,200710
136,75,200710
136,14,200710
136,89,200710
136,6,200710
136,0,200710
136,4,200710
136,64,200710
137,25,200710
137,97,200710
137,110,200710
137,51,200710
137,99,200710
137,175,200710
137,1,200710
137,15,200710
137,2,200710
137,69,200710
137,339,200710
137,972,200710
137,5,200710
137,77,200710
137,29,200710
137,39,200710
137,53,200710
137,433,200710
137,385,200710
137,14,200710
137,138,200710
137,23,200710
137,62,200710
137,6,200710
137,19,200710
137,9,200710
137,143,200710
137,160,200710
137,96,200710
137,47,200710
137,35,200710
137,146,200710
137,60,200710
137,390,200710
137,116,200710
137,117,200710
137,135,200710
137,34,200710
137,104,200710
137,149,200710
137,27,200710
137,544,200710
137,24,200710
137,52,200710
137,46,200710
137,112,200710
137,20,200710
137,64,200710
137,155,200710
137,107,200710
137,120,200710
137,126,200710
137,17,200710
137,61,200710
137,113,200710
137,38,200710
137,81,200710
137,270,200710
137,108,200710
137,28,200710
137,31,200710
137,26,200710
137,30,200710
137,13,200710
137,18,200710
137,4,200710
137,346,200710
137,914,200710
137,85,200710
137,142,200710
137,11,200710
137,166,200710
137,40,200710
137,1291,200710
137,102,200710
137,521,200710
137,1017,200710
137,885,200710
137,32,200710
137,224,200710
137,163,200710
137,10,200710
137,193,200710
137,198,200710
137,197,200710
137,216,200710
137,189,200710
137,176,200710
137,393,200710
137,65,200710
137,1190,200710
137,76,200710
137,671,200710
137,181,200710
137,159,200710
137,54,200710
137,204,200710
137,71,200710
137,118,200710
137,78,200710
137,336,200710
137,341,200710
137,45,200710
137,131,200710
137,152,200710
137,58,200710
137,244,200710
137,59,200710
137,16,200710
137,57,200710
137,72,200710
137,344,200710
137,333,200710
137,483,200710
137,101,200710
137,309,200710
137,355,200710
137,7,200710
137,156,200710
137,150,200710
137,220,200710
137,132,200710
137,36,200710
137,92,200710
137,139,200710
137,157,200710
137,188,200710
137,98,200710
137,495,200710
137,161,200710
137,213,200710
137,80,200710
137,100,200710
137,89,200710
137,115,200710
137,129,200710
137,12,200710
137,136,200710
137,124,200710
137,133,200710
137,21,200710
137,83,200710
137,165,200710
137,48,200710
137,0,200710
137,22,200710
137,154,200710
138,433,200710
138,1,200710
138,501,200710
138,18,200710
138,110,200710
138,52,200710
138,23,200710
138,32,200710
138,154,200710
138,175,200710
138,247,200710
138,59,200710
138,488,200710
138,2,200710
138,1191,200710
138,29,200710
138,496,200710
138,16,200710
138,51,200710
138,269,200710
138,137,200710
138,27,200710
138,5,200710
138,46,200710
138,22,200710
138,132,200710
138,77,200710
138,165,200710
138,136,200710
138,97,200710
138,1213,200710
138,25,200710
138,170,200710
138,296,200710
138,339,200710
138,6,200710
138,24,200710
138,143,200710
138,14,200710
138,159,200710
138,1147,200710
138,354,200710
138,914,200710
138,19,200710
138,346,200710
138,107,200710
138,375,200710
138,266,200710
138,10,200710
139,72,200710
139,5,200710
139,92,200710
139,433,200710
139,58,200710
139,375,200710
139,160,200710
139,36,200710
139,341,200710
139,12,200710
139,11,200710
139,41,200710
139,278,200710
139,52,200710
139,32,200710
139,112,200710
139,16,200710
139,83,200710
139,81,200710
139,107,200710
139,180,200710
139,14,200710
139,26,200710
139,27,200710
139,54,200710
139,31,200710
139,136,200710
139,24,200710
139,1147,200710
139,0,200710
139,102,200710
139,146,200710
139,108,200710
139,13,200710
139,142,200710
139,769,200710
139,155,200710
139,6,200710
139,77,200710
139,25,200710
139,154,200710
139,19,200710
139,29,200710
139,99,200710
139,119,200710
139,40,200710
139,18,200710
139,178,200710
139,35,200710
139,137,200710
139,135,200710
139,60,200710
139,97,200710
139,59,200710
139,46,200710
140,115,200710
140,38,200710
140,95,200710
140,158,200710
140,433,200710
140,197,200710
140,1073,200710
140,32,200710
140,143,200710
140,40,200710
140,146,200710
140,187,200710
140,2,200710
140,60,200710
140,62,200710
140,160,200710
140,282,200710
140,175,200710
140,354,200710
140,224,200710
140,178,200710
140,57,200710
140,64,200710
140,97,200710
140,739,200710
140,375,200710
140,46,200710
140,29,200710
140,266,200710
140,26,200710
140,19,200710
141,156,200710
141,27,200710
141,433,200710
141,435,200710
141,158,200710
141,171,200710
141,455,200710
141,216,200710
141,871,200710
141,73,200710
141,19,200710
141,46,200710
141,60,200710
141,97,200710
141,160,200710
141,266,200710
141,32,200710
141,146,200710
142,102,200710
142,126,200710
142,155,200710
142,77,200710
142,45,200710
142,381,200710
142,35,200710
142,114,200710
142,195,200710
142,19,200710
142,154,200710
142,143,200710
142,160,200710
142,6,200710
142,161,200710
142,175,200710
142,12,200710
142,117,200710
142,433,200710
142,32,200710
142,80,200710
142,92,200710
142,40,200710
142,83,200710
142,106,200710
142,25,200710
142,21,200710
142,48,200710
142,24,200710
142,136,200710
142,36,200710
142,5,200710
142,341,200710
142,137,200710
142,157,200710
142,72,200710
142,739,200710
142,64,200710
142,97,200710
142,85,200710
142,14,200710
142,51,200710
142,11,200710
142,165,200710
142,463,200710
142,18,200710
142,178,200710
142,112,200710
142,274,200710
142,34,200710
142,28,200710
142,1,200710
142,31,200710
142,10,200710
142,46,200710
142,16,200710
142,146,200710
142,52,200710
142,99,200710
142,59,200710
142,29,200710
142,60,200710
142,108,200710
142,26,200710
142,13,200710
142,135,200710
143,296,200710
143,1147,200710
143,80,200710
143,104,200710
143,35,200710
143,113,200710
143,89,200710
143,124,200710
143,129,200710
143,23,200710
143,126,200710
143,15,200710
143,29,200710
143,138,200710
143,110,200710
143,6,200710
143,137,200710
143,11,200710
143,101,200710
143,247,200710
143,2,200710
143,339,200710
143,375,200710
143,160,200710
143,1,200710
143,0,200710
143,12,200710
143,183,200710
143,64,200710
143,32,200710
143,155,200710
143,19,200710
143,96,200710
143,18,200710
143,40,200710
143,120,200710
143,14,200710
143,61,200710
143,60,200710
143,165,200710
143,21,200710
143,25,200710
143,501,200710
143,46,200710
143,262,200710
143,139,200710
143,28,200710
143,16,200710
143,132,200710
143,178,200710
143,136,200710
143,54,200710
143,121,200710
143,5,200710
143,874,200710
143,27,200710
143,30,200710
143,48,200710
143,157,200710
143,455,200710
143,118,200710
143,133,200710
143,83,200710
143,10,200710
143,281,200710
143,176,200710
143,142,200710
143,188,200710
143,112,200710
143,79,200710
143,59,200710
143,72,200710
143,170,200710
143,17,200710
143,154,200710
143,9,200710
143,13,200710
143,76,200710
143,195,200710
143,1085,200710
143,51,200710
143,36,200710
143,97,200710
143,39,200710
143,62,200710
143,100,200710
143,140,200710
143,85,200710
143,52,200710
143,250,200710
143,198,200710
143,41,200710
143,88,200710
143,57,200710
143,181,200710
143,55,200710
143,249,200710
143,106,200710
143,208,200710
143,278,200710
143,152,200710
143,131,200710
143,47,200710
143,99,200710
143,4,200710
143,53,200710
143,960,200710
143,107,200710
143,20,200710
143,92,200710
143,119,200710
143,102,200710
143,274,200710
143,26,200710
143,146,200710
143,108,200710
143,135,200710
144,433,200710
144,430,200710
144,160,200710
144,423,200710
144,44,200710
144,233,200710
144,61,200710
144,176,200710
144,444,200710
144,27,200710
144,346,200710
144,10,200710
144,32,200710
144,18,200710
144,29,200710
145,208,200710
145,143,200710
145,11,200710
145,29,200710
145,346,200710
145,1169,200710
145,18,200710
146,160,200710
146,118,200710
146,63,200710
146,393,200710
146,40,200710
146,24,200710
146,77,200710
146,143,200710
146,41,200710
146,422,200710
146,122,200710
146,94,200710
146,270,200710
146,265,200710
146,12,200710
146,355,200710
146,97,200710
146,79,200710
146,54,200710
146,208,200710
146,35,200710
146,32,200710
146,39,200710
146,27,200710
146,19,200710
146,16,200710
146,59,200710
146,6,200710
146,102,200710
146,134,200710
146,38,200710
146,75,200710
146,29,200710
146,129,200710
146,139,200710
146,108,200710
146,64,200710
146,192,200710
146,76,200710
146,237,200710
146,170,200710
146,80,200710
146,124,200710
146,46,200710
146,74,200710
146,58,200710
146,176,200710
146,120,200710
146,98,200710
146,136,200710
146,101,200710
146,182,200710
146,83,200710
146,0,200710
146,55,200710
146,65,200710
146,78,200710
146,48,200710
146,57,200710
146,95,200710
146,85,200710
146,137,200710
146,31,200710
146,155,200710
146,53,200710
146,13,200710
146,14,200710
146,104,200710
146,26,200710
146,320,200710
146,61,200710
146,157,200710
146,544,200710
146,171,200710
146,131,200710
146,36,200710
146,140,200710
146,114,200710
146,52,200710
146,99,200710
146,81,200710
146,205,200710
146,175,200710
146,43,200710
146,198,200710
146,15,200710
146,25,200710
146,72,200710
146,9,200710
146,224,200710
146,141,200710
146,154,200710
146,117,200710
146,96,200710
146,62,200710
146,113,200710
146,45,200710
146,142,200710
146,180,200710
146,126,200710
146,132,200710
146,18,200710
146,2,200710
146,100,200710
146,181,200710
146,66,200710
146,28,200710
146,1,200710
146,51,200710
146,20,200710
146,4,200710
146,60,200710
146,10,200710
146,17,200710
146,11,200710
147,153,200710
147,160,200710
147,372,200710
147,111,200710
147,67,200710
147,221,200710
147,1201,200710
147,330,200710
147,169,200710
147,105,200710
147,346,200710
147,1169,200710
147,18,200710
147,11,200710
147,136,200710
148,346,200710
148,136,200710
149,115,200710
149,47,200710
149,18,200710
149,137,200710
149,16,200710
149,135,200710
149,11,200710
149,60,200710
149,9,200710
149,27,200710
149,21,200710
149,5,200710
149,93,200710
149,154,200710
149,346,200710
149,4,200710
149,23,200710
149,0,200710
149,1169,200710
149,72,200710
149,1,200710
149,165,200710
149,96,200710
149,10,200710
149,85,200710
149,25,200710
149,92,200710
149,274,200710
150,143,200710
150,23,200710
150,5,200710
150,17,200710
150,22,200710
150,34,200710
150,164,200710
150,59,200710
150,20,200710
150,53,200710
150,136,200710
150,183,200710
150,317,200710
150,107,200710
150,346,200710
150,10,200710
150,51,200710
150,28,200710
150,4,200710
150,11,200710
150,137,200710
150,1,200710
151,16,200710
151,142,200710
151,102,200710
151,548,200710
151,1147,200710
151,269,200710
151,271,200710
151,178,200710
151,275,200710
152,25,200710
152,77,200710
152,182,200710
152,278,200710
152,16,200710
152,63,200710
152,98,200710
152,143,200710
152,31,200710
152,167,200710
152,29,200710
152,46,200710
152,160,200710
152,137,200710
152,97,200710
153,147,200710
153,5,200710
153,11,200710
153,136,200710
154,108,200710
154,77,200710
154,48,200710
154,52,200710
154,120,200710
154,160,200710
154,175,200710
154,165,200710
154,67,200710
154,27,200710
154,16,200710
154,208,200710
154,326,200710
154,433,200710
154,138,200710
154,83,200710
154,143,200710
154,149,200710
154,13,200710
154,205,200710
154,31,200710
154,242,200710
154,180,200710
154,1130,200710
154,112,200710
154,14,200710
154,38,200710
154,47,200710
154,139,200710
154,28,200710
154,76,200710
154,142,200710
154,21,200710
154,100,200710
154,43,200710
154,176,200710
154,6,200710
154,133,200710
154,116,200710
154,265,200710
154,18,200710
154,274,200710
154,170,200710
154,23,200710
154,136,200710
154,82,200710
154,93,200710
154,96,200710
154,51,200710
154,860,200710
154,5,200710
154,150,200710
154,64,200710
154,98,200710
154,251,200710
154,1,200710
154,53,200710
154,247,200710
154,1237,200710
154,172,200710
154,36,200710
154,1482,200710
154,4,200710
154,119,200710
154,107,200710
154,19,200710
154,40,200710
154,104,200710
154,2,200710
154,97,200710
154,59,200710
154,85,200710
154,32,200710
154,54,200710
154,34,200710
154,10,200710
154,46,200710
154,544,200710
154,375,200710
154,132,200710
154,17,200710
154,60,200710
154,124,200710
154,80,200710
154,24,200710
154,9,200710
154,81,200710
154,15,200710
154,131,200710
154,25,200710
154,72,200710
154,146,200710
154,113,200710
154,11,200710
154,0,200710
154,29,200710
154,92,200710
154,20,200710
154,12,200710
154,35,200710
154,99,200710
154,26,200710
154,135,200710
154,137,200710
155,180,200710
155,32,200710
155,178,200710
155,126,200710
155,19,200710
155,13,200710
155,79,200710
155,143,200710
155,134,200710
155,160,200710
155,4,200710
155,39,200710
155,444,200710
155,133,200710
155,0,200710
155,21,200710
155,22,200710
155,51,200710
155,78,200710
155,120,200710
155,12,200710
155,20,200710
155,107,200710
155,104,200710
155,111,200710
155,48,200710
155,27,200710
155,132,200710
155,165,200710
155,99,200710
155,2,200710
155,25,200710
155,181,200710
155,5,200710
155,80,200710
155,28,200710
155,16,200710
155,11,200710
155,46,200710
155,17,200710
155,144,200710
155,60,200710
155,81,200710
155,31,200710
155,100,200710
155,36,200710
155,112,200710
155,274,200710
155,154,200710
155,85,200710
155,29,200710
155,40,200710
155,83,200710
155,96,200710
155,92,200710
155,139,200710
155,64,200710
155,26,200710
155,59,200710
155,97,200710
155,18,200710
155,10,200710
155,1,200710
155,146,200710
155,6,200710
155,108,200710
155,135,200710
155,14,200710
156,157,200710
156,433,200710
156,141,200710
156,118,200710
156,35,200710
156,124,200710
156,120,200710
156,278,200710
156,64,200710
156,287,200710
156,77,200710
156,32,200710
156,76,200710
156,52,200710
156,320,200710
156,16,200710
156,97,200710
156,46,200710
156,0,200710
156,393,200710
156,36,200710
156,99,200710
156,54,200710
156,341,200710
156,24,200710
156,26,200710
156,108,200710
156,25,200710
156,48,200710
156,29,200710
156,60,200710
156,160,200710
156,137,200710
157,286,200710
157,143,200710
157,433,200710
157,165,200710
157,274,200710
157,118,200710
157,178,200710
157,4,200710
157,797,200710
157,24,200710
157,137,200710
157,154,200710
157,62,200710
157,107,200710
157,21,200710
157,14,200710
157,287,200710
157,180,200710
157,16,200710
157,17,200710
157,19,200710
157,13,200710
157,52,200710
157,5,200710
157,133,200710
157,32,200710
157,27,200710
157,2,200710
157,10,200710
157,85,200710
157,99,200710
157,6,200710
157,29,200710
157,1,200710
157,146,200710
157,60,200710
157,46,200710
157,160,200710
157,135,200710
157,97,200710
157,25,200710
157,92,200710
158,80,200710
158,38,200710
158,152,200710
158,197,200710
158,341,200710
158,72,200710
158,146,200710
158,100,200710
158,178,200710
158,1147,200710
158,46,200710
158,97,200710
159,160,200710
159,77,200710
159,143,200710
159,398,200710
159,18,200710
159,120,200710
159,107,200710
159,879,200710
159,375,200710
159,136,200710
159,32,200710
159,137,200710
159,97,200710
159,10,200710
159,29,200710
160,60,200710
160,137,200710
160,101,200710
160,30,200710
160,165,200710
160,17,200710
160,38,200710
160,113,200710
160,118,200710
160,34,200710
160,154,200710
160,132,200710
160,24,200710
160,63,200710
160,35,200710
160,96,200710
160,39,200710
160,181,200710
160,43,200710
160,1147,200710
160,85,200710
160,59,200710
160,433,200710
160,4,200710
160,80,200710
160,195,200710
160,70,200710
160,53,200710
160,134,200710
160,6,200710
160,108,200710
160,97,200710
160,1,200710
160,20,200710
160,57,200710
160,282,200710
160,143,200710
160,110,200710
160,89,200710
160,52,200710
160,18,200710
160,159,200710
160,79,200710
160,155,200710
160,48,200710
160,95,200710
160,40,200710
160,11,200710
160,72,200710
160,98,200710
160,129,200710
160,22,200710
160,147,200710
160,93,200710
160,29,200710
160,14,200710
160,175,200710
160,133,200710
160,32,200710
160,25,200710
160,126,200710
160,102,200710
160,131,200710
160,117,200710
160,15,200710
160,100,200710
160,0,200710
160,77,200710
160,28,200710
160,112,200710
160,61,200710
160,16,200710
160,54,200710
160,234,200710
160,120,200710
160,62,200710
160,10,200710
160,107,200710
160,140,200710
160,339,200710
160,180,200710
160,146,200710
160,84,200710
160,19,200710
160,552,200710
160,64,200710
160,138,200710
160,83,200710
160,224,200710
160,23,200710
160,183,200710
160,45,200710
160,12,200710
160,188,200710
160,176,200710
160,51,200710
160,512,200710
160,142,200710
160,104,200710
160,44,200710
160,41,200710
160,286,200710
160,197,200710
160,139,200710
160,13,200710
160,136,200710
160,46,200710
160,76,200710
160,144,200710
160,31,200710
160,69,200710
160,78,200710
160,27,200710
160,194,200710
160,281,200710
160,5,200710
160,2,200710
160,21,200710
160,9,200710
160,115,200710
160,544,200710
160,327,200710
160,184,200710
160,55,200710
160,82,200710
160,99,200710
160,92,200710
160,278,200710
160,211,200710
160,879,200710
160,158,200710
160,170,200710
160,26,200710
160,935,200710
160,198,200710
160,309,200710
160,318,200710
160,141,200710
160,871,200710
160,543,200710
160,65,200710
160,341,200710
160,216,200710
160,81,200710
160,393,200710
160,163,200710
160,379,200710
160,152,200710
160,250,200710
160,249,200710
160,58,200710
160,157,200710
160,156,200710
160,355,200710
160,124,200710
161,860,200710
161,25,200710
161,188,200710
161,158,200710
161,274,200710
161,24,200710
161,154,200710
161,6,200710
161,17,200710
161,97,200710
161,10,200710
161,137,200710
163,15,200710
163,224,200710
163,860,200710
163,433,200710
163,176,200710
163,174,200710
163,101,200710
163,26,200710
163,83,200710
163,135,200710
163,29,200710
163,137,200710
163,136,200710
163,60,200710
163,10,200710
163,160,200710
163,32,200710
163,18,200710
163,97,200710
164,223,200710
164,84,200710
164,12,200710
164,112,200710
164,23,200710
164,88,200710
164,74,200710
164,136,200710
164,21,200710
164,209,200710
164,51,200710
164,879,200710
164,183,200710
164,30,200710
164,10,200710
164,18,200710
164,4,200710
164,11,200710
165,157,200710
165,138,200710
165,175,200710
165,154,200710
165,188,200710
165,782,200710
165,1,200710
165,81,200710
165,108,200710
165,401,200710
165,64,200710
165,137,200710
165,62,200710
165,433,200710
165,282,200710
165,281,200710
165,143,200710
165,160,200710
165,25,200710
165,85,200710
165,339,200710
165,96,200710
165,22,200710
165,53,200710
165,101,200710
165,176,200710
165,27,200710
165,177,200710
165,51,200710
165,261,200710
165,16,200710
165,2,200710
165,92,200710
165,133,200710
165,112,200710
165,47,200710
165,11,200710
165,23,200710
165,107,200710
165,111,200710
165,5,200710
165,155,200710
165,48,200710
165,216,200710
165,301,200710
165,21,200710
165,288,200710
165,72,200710
165,1169,200710
165,89,200710
165,19,200710
165,0,200710
165,4,200710
165,31,200710
165,60,200710
165,10,200710
165,149,200710
165,115,200710
165,135,200710
165,14,200710
165,136,200710
165,28,200710
165,17,200710
165,97,200710
165,29,200710
165,274,200710
166,136,200710
166,183,200710
166,96,200710
166,10,200710
166,137,200710
167,1147,200710
167,224,200710
167,97,200710
167,339,200710
167,154,200710
167,195,200710
167,495,200710
167,160,200710
167,108,200710
167,98,200710
167,31,200710
167,544,200710
168,203,200710
169,147,200710
169,85,200710
169,23,200710
169,32,200710
169,137,200710
169,25,200710
169,29,200710
169,97,200710
169,136,200710
169,11,200710
170,151,200710
170,118,200710
170,19,200710
170,54,200710
170,101,200710
170,9,200710
170,143,200710
170,138,200710
170,114,200710
170,104,200710
170,208,200710
170,63,200710
170,485,200710
170,304,200710
170,234,200710
170,159,200710
170,64,200710
170,29,200710
170,1147,200710
170,81,200710
170,97,200710
170,15,200710
170,346,200710
170,57,200710
170,375,200710
170,146,200710
170,32,200710
170,266,200710
170,10,200710
171,188,200710
171,544,200710
171,265,200710
171,40,200710
171,19,200710
171,97,200710
171,18,200710
171,32,200710
171,29,200710
171,146,200710
172,129,200710
172,35,200710
172,14,200710
172,64,200710
172,52,200710
172,6,200710
172,59,200710
172,48,200710
172,173,200710
172,97,200710
172,46,200710
173,194,200710
173,129,200710
173,17,200710
173,1129,200710
173,97,200710
173,172,200710
173,35,200710
174,81,200710
174,120,200710
174,61,200710
174,18,200710
174,136,200710
175,89,200710
175,1099,200710
175,1,200710
175,83,200710
175,97,200710
175,137,200710
175,16,200710
175,198,200710
175,19,200710
175,112,200710
175,17,200710
175,31,200710
175,188,200710
175,136,200710
175,339,200710
175,6,200710
175,60,200710
175,138,200710
175,160,200710
175,247,200710
175,146,200710
175,154,200710
175,117,200710
175,51,200710
175,27,200710
175,18,200710
175,281,200710
175,13,200710
175,341,200710
175,1147,200710
175,346,200710
175,797,200710
175,739,200710
175,266,200710
175,32,200710
175,29,200710
176,26,200710
176,143,200710
176,40,200710
176,19,200710
176,6,200710
176,77,200710
176,433,200710
176,38,200710
176,387,200710
176,160,200710
176,81,200710
176,167,200710
176,18,200710
176,124,200710
176,39,200710
176,355,200710
176,104,200710
176,163,200710
176,58,200710
176,62,200710
176,31,200710
176,12,200710
176,0,200710
176,97,200710
176,339,200710
176,29,200710
176,165,200710
176,2,200710
176,60,200710
176,46,200710
176,64,200710
176,13,200710
176,32,200710
176,146,200710
176,137,200710
176,16,200710
177,69,200710
177,18,200710
177,165,200710
177,346,200710
177,49,200710
177,10,200710
177,51,200710
177,136,200710
177,11,200710
177,4,200710
178,237,200710
178,1195,200710
178,341,200710
178,170,200710
178,180,200710
178,35,200710
178,14,200710
178,79,200710
178,13,200710
178,120,200710
178,74,200710
178,143,200710
178,65,200710
178,32,200710
178,45,200710
178,224,200710
178,17,200710
178,24,200710
178,80,200710
178,29,200710
178,445,200710
178,288,200710
178,316,200710
178,155,200710
178,117,200710
178,362,200710
178,18,200710
178,102,200710
178,1045,200710
178,126,200710
178,76,200710
178,140,200710
178,83,200710
178,158,200710
178,75,200710
178,62,200710
178,266,200710
178,97,200710
178,375,200710
178,16,200710
178,134,200710
178,101,200710
178,46,200710
178,39,200710
178,151,200710
178,342,200710
178,142,200710
178,56,200710
178,40,200710
178,10,200710
178,108,200710
178,139,200710
178,320,200710
178,60,200710
178,48,200710
180,433,200710
180,160,200710
180,126,200710
180,31,200710
180,6,200710
180,766,200710
180,55,200710
180,1147,200710
180,54,200710
180,52,200710
180,40,200710
180,79,200710
180,2,200710
180,157,200710
180,163,200710
180,82,200710
180,132,200710
180,83,200710
180,181,200710
180,59,200710
180,27,200710
180,0,200710
180,156,200710
180,5,200710
180,9,200710
180,154,200710
180,899,200710
180,28,200710
180,60,200710
180,25,200710
180,12,200710
180,133,200710
180,178,200710
180,85,200710
180,100,200710
180,17,200710
180,99,200710
180,46,200710
180,64,200710
180,13,200710
180,48,200710
180,1,200710
180,92,200710
180,26,200710
180,19,200710
180,18,200710
180,108,200710
180,29,200710
180,146,200710
180,10,200710
180,16,200710
180,135,200710
180,97,200710
180,32,200710
180,14,200710
181,160,200710
181,433,200710
181,1188,200710
181,143,200710
181,18,200710
181,546,200710
181,54,200710
181,23,200710
181,77,200710
181,270,200710
181,429,200710
181,287,200710
181,904,200710
181,158,200710
181,58,200710
181,192,200710
181,146,200710
181,131,200710
181,104,200710
181,126,200710
181,76,200710
181,136,200710
181,74,200710
181,180,200710
181,14,200710
181,107,200710
181,346,200710
181,19,200710
181,83,200710
181,60,200710
181,29,200710
181,16,200710
181,99,200710
181,26,200710
181,6,200710
181,32,200710
181,137,200710
181,25,200710
181,97,200710
182,176,200710
182,124,200710
182,75,200710
182,160,200710
182,32,200710
182,60,200710
182,16,200710
182,29,200710
182,146,200710
182,19,200710
182,46,200710
182,97,200710
183,6,200710
183,147,200710
183,787,200710
183,914,200710
183,143,200710
183,11,200710
183,160,200710
183,1055,200710
183,96,200710
183,31,200710
183,77,200710
183,72,200710
183,132,200710
183,102,200710
183,133,200710
183,23,200710
183,135,200710
183,165,200710
183,64,200710
183,274,200710
183,189,200710
183,83,200710
183,34,200710
183,17,200710
183,19,200710
183,60,200710
183,30,200710
183,216,200710
183,1170,200710
183,84,200710
183,107,200710
183,150,200710
183,27,200710
183,1169,200710
183,28,200710
183,866,200710
183,21,200710
183,86,200710
183,164,200710
183,112,200710
183,1,200710
183,317,200710
183,105,200710
183,69,200710
183,97,200710
183,29,200710
183,4,200710
183,136,200710
183,5,200710
183,20,200710
183,10,200710
183,51,200710
183,18,200710
184,795,200710
184,51,200710
184,215,200710
184,4,200710
184,17,200710
184,18,200710
184,346,200710
184,10,200710
184,1,200710
184,136,200710
184,11,200710
184,20,200710
185,110,200710
185,200,200710
185,186,200710
185,525,200710
185,630,200710
185,620,200710
185,1026,200710
185,997,200710
185,698,200710
185,657,200710
185,721,200710
185,926,200710
185,651,200710
185,665,200710
185,937,200710
185,696,200710
185,953,200710
185,473,200710
185,699,200710
185,947,200710
185,650,200710
185,474,200710
185,1327,200710
185,1612,200710
185,1078,200710
185,922,200710
185,1016,200710
185,697,200710
185,656,200710
186,560,200710
186,185,200710
186,571,200710
186,1011,200710
186,525,200710
186,561,200710
186,558,200710
186,473,200710
186,559,200710
186,110,200710
186,556,200710
186,700,200710
186,645,200710
186,555,200710
186,650,200710
186,1016,200710
186,620,200710
186,922,200710
186,657,200710
186,665,200710
186,232,200710
186,1019,200710
186,599,200710
186,474,200710
188,0,200710
188,124,200710
188,160,200710
188,341,200710
188,25,200710
188,58,200710
188,274,200710
188,339,200710
188,216,200710
188,157,200710
188,76,200710
188,326,200710
188,433,200710
188,797,200710
188,178,200710
188,287,200710
188,1065,200710
188,101,200710
188,83,200710
188,143,200710
188,77,200710
188,34,200710
188,115,200710
188,11,200710
188,107,200710
188,32,200710
188,29,200710
188,10,200710
188,97,200710
188,137,200710
189,23,200710
189,10,200710
189,5,200710
189,261,200710
189,223,200710
189,27,200710
189,25,200710
189,132,200710
189,22,200710
189,112,200710
189,51,200710
189,4,200710
189,137,200710
189,11,200710
189,136,200710
189,17,200710
189,1,200710
189,20,200710
190,110,200710
190,235,200710
190,696,200710
190,699,200710
190,236,200710
190,1183,200710
190,897,200710
190,201,200710
190,920,200710
191,110,200710
192,510,200710
192,154,200710
192,294,200710
192,216,200710
192,208,200710
192,14,200710
192,276,200710
192,270,200710
192,355,200710
192,104,200710
192,83,200710
192,31,200710
192,146,200710
192,32,200710
192,19,200710
192,26,200710
192,46,200710
192,64,200710
192,97,200710
193,271,200710
193,346,200710
193,131,200710
193,282,200710
193,15,200710
193,10,200710
193,137,200710
193,32,200710
193,29,200710
194,160,200710
194,77,200710
194,76,200710
194,52,200710
194,48,200710
194,60,200710
194,6,200710
194,59,200710
195,40,200710
195,6,200710
195,175,200710
195,59,200710
195,463,200710
195,433,200710
195,146,200710
195,160,200710
195,26,200710
195,62,200710
195,188,200710
195,101,200710
195,0,200710
195,346,200710
195,19,200710
195,60,200710
195,32,200710
195,108,200710
195,97,200710
195,48,200710
196,402,200710
196,424,200710
196,352,200710
196,447,200710
196,400,200710
196,110,200710
196,425,200710
196,489,200710
196,383,200710
196,475,200710
196,478,200710
196,412,200710
196,551,200710
196,528,200710
196,681,200710
196,504,200710
196,448,200710
196,547,200710
196,363,200710
196,506,200710
196,29,200710
196,351,200710
196,367,200710
196,472,200710
196,365,200710
196,378,200710
196,470,200710
196,377,200710
196,225,200710
196,1060,200710
196,471,200710
196,366,200710
196,364,200710
196,705,200710
196,667,200710
196,925,200710
196,535,200710
196,1241,200710
196,578,200710
196,229,200710
196,232,200710
196,1293,200710
196,663,200710
196,516,200710
196,636,200710
196,479,200710
196,626,200710
196,595,200710
196,882,200710
196,226,200710
196,231,200710
196,409,200710
196,17,200710
196,1134,200710
196,526,200710
196,127,200710
196,427,200710
196,109,200710
196,4,200710
197,433,200710
197,62,200710
197,545,200710
197,1208,200710
197,77,200710
197,160,200710
197,72,200710
197,342,200710
197,147,200710
197,181,200710
197,15,200710
197,52,200710
197,237,200710
197,27,200710
197,26,200710
197,6,200710
197,108,200710
197,32,200710
197,18,200710
197,16,200710
197,137,200710
197,54,200710
197,10,200710
197,60,200710
197,29,200710
197,97,200710
198,1193,200710
198,393,200710
198,77,200710
198,250,200710
198,72,200710
198,25,200710
198,346,200710
198,160,200710
198,137,200710
198,146,200710
198,32,200710
198,97,200710
198,29,200710
199,20,200710
200,697,200710
200,656,200710
200,698,200710
200,185,200710
200,937,200710
200,657,200710
201,236,200710
201,290,200710
201,110,200710
201,185,200710
201,190,200710
203,87,200710
203,291,200710
203,168,200710
204,115,200710
204,96,200710
204,137,200710
205,64,200710
205,40,200710
205,314,200710
205,57,200710
205,140,200710
205,44,200710
205,81,200710
205,304,200710
205,281,200710
205,131,200710
205,15,200710
205,32,200710
205,97,200710
205,19,200710
205,146,200710
206,6,200710
206,117,200710
206,13,200710
206,66,200710
206,739,200710
206,32,200710
206,19,200710
207,45,200710
207,121,200710
208,6,200710
208,157,200710
208,154,200710
208,224,200710
208,180,200710
208,544,200710
208,126,200710
208,1399,200710
208,192,200710
208,142,200710
208,29,200710
208,1032,200710
208,313,200710
208,108,200710
208,250,200710
208,304,200710
208,170,200710
208,1065,200710
208,1889,200710
208,434,200710
208,14,200710
208,797,200710
208,31,200710
208,238,200710
208,297,200710
208,66,200710
208,83,200710
208,0,200710
208,94,200710
208,19,200710
208,13,200710
208,18,200710
208,46,200710
208,64,200710
208,97,200710
208,16,200710
208,48,200710
208,99,200710
208,146,200710
208,32,200710
208,36,200710
208,60,200710
209,1,200710
210,150,200710
210,826,200710
210,998,200710
211,189,200710
211,23,200710
211,96,200710
211,51,200710
211,247,200710
211,85,200710
211,69,200710
211,160,200710
211,10,200710
211,21,200710
211,28,200710
211,17,200710
211,136,200710
211,20,200710
211,11,200710
211,1,200710
212,89,200710
213,165,200710
213,50,200710
213,20,200710
213,9,200710
213,183,200710
213,46,200710
213,136,200710
213,51,200710
213,10,200710
213,21,200710
213,18,200710
213,11,200710
213,29,200710
213,17,200710
213,4,200710
213,1,200710
213,137,200710
214,184,200710
214,795,200710
214,51,200710
214,30,200710
214,136,200710
214,33,200710
214,50,200710
214,69,200710
214,1169,200710
214,10,200710
214,20,200710
214,17,200710
214,11,200710
214,4,200710
215,51,200710
215,184,200710
216,543,200710
216,458,200710
216,435,200710
216,224,200710
216,813,200710
216,379,200710
216,141,200710
216,1170,200710
216,183,200710
216,35,200710
216,48,200710
216,25,200710
216,160,200710
216,137,200710
216,97,200710
217,35,200710
217,129,200710
217,60,200710
217,6,200710
217,59,200710
220,47,200710
220,115,200710
220,2,200710
220,137,200710
220,346,200710
220,1169,200710
220,25,200710
221,147,200710
221,136,200710
222,748,200710
222,525,200710
222,4,200710
222,110,200710
222,1424,200710
222,22,200710
222,747,200710
222,879,200710
222,1169,200710
222,11,200710
222,107,200710
222,81,200710
222,10,200710
223,84,200710
223,164,200710
223,150,200710
223,72,200710
223,53,200710
223,36,200710
223,136,200710
223,18,200710
223,4,200710
223,11,200710
224,433,200710
224,160,200710
224,58,200710
224,318,200710
224,813,200710
224,195,200710
224,176,200710
224,341,200710
224,249,200710
224,154,200710
224,178,200710
224,99,200710
224,137,200710
224,375,200710
224,25,200710
224,29,200710
224,266,200710
224,46,200710
224,146,200710
224,97,200710
225,471,200710
225,110,200710
225,472,200710
225,378,200710
225,475,200710
225,196,200710
225,377,200710
225,352,200710
225,470,200710
225,351,200710
225,532,200710
226,527,200710
226,110,200710
226,231,200710
226,351,200710
226,573,200710
226,586,200710
226,196,200710
226,590,200710
226,604,200710
226,589,200710
226,574,200710
226,319,200710
226,465,200710
226,470,200710
226,572,200710
226,606,200710
226,660,200710
226,607,200710
226,679,200710
226,587,200710
226,554,200710
227,11,200710
227,105,200710
228,11,200710
228,4,200710
228,214,200710
228,346,200710
228,1,200710
229,642,200710
229,110,200710
229,818,200710
229,636,200710
229,196,200710
229,232,200710
229,225,200710
229,637,200710
229,594,200710
229,230,200710
229,669,200710
229,925,200710
229,824,200710
229,663,200710
230,594,200710
230,638,200710
230,110,200710
230,229,200710
230,641,200710
230,636,200710
230,232,200710
230,634,200710
230,639,200710
230,596,200710
230,231,200710
230,642,200710
230,600,200710
230,640,200710
230,635,200710
230,603,200710
230,1268,200710
230,226,200710
231,110,200710
231,527,200710
231,575,200710
231,232,200710
231,465,200710
231,643,200710
231,239,200710
231,636,200710
231,586,200710
231,644,200710
231,226,200710
231,603,200710
231,670,200710
231,605,200710
231,599,200710
231,639,200710
231,664,200710
231,624,200710
231,597,200710
231,658,200710
231,319,200710
231,196,200710
231,230,200710
232,273,200710
232,561,200710
232,252,200710
232,239,200710
232,258,200710
232,644,200710
232,259,200710
232,602,200710
232,591,200710
232,597,200710
232,664,200710
232,600,200710
232,659,200710
232,658,200710
232,186,200710
232,645,200710
232,263,200710
232,603,200710
232,260,200710
232,598,200710
232,254,200710
232,601,200710
232,575,200710
232,110,200710
232,257,200710
232,661,200710
232,571,200710
232,643,200710
232,700,200710
232,351,200710
232,255,200710
232,670,200710
232,230,200710
232,527,200710
232,818,200710
232,256,200710
232,624,200710
232,605,200710
232,715,200710
232,253,200710
232,599,200710
232,231,200710
232,642,200710
232,622,200710
232,636,200710
232,465,200710
232,639,200710
232,596,200710
232,352,200710
232,558,200710
232,560,200710
232,576,200710
232,319,200710
233,18,200710
233,144,200710
233,234,200710
233,160,200710
233,132,200710
233,81,200710
233,25,200710
233,1169,200710
233,346,200710
233,54,200710
233,10,200710
233,32,200710
234,738,200710
234,909,200710
234,123,200710
234,762,200710
234,61,200710
234,802,200710
234,160,200710
234,122,200710
234,29,200710
234,908,200710
234,54,200710
234,170,200710
234,1169,200710
234,18,200710
235,925,200710
235,110,200710
235,290,200710
235,201,200710
235,1056,200710
235,867,200710
235,1381,200710
236,110,200710
236,576,200710
236,474,200710
236,525,200710
237,79,200710
237,744,200710
237,249,200710
237,178,200710
237,101,200710
237,320,200710
237,233,200710
237,97,200710
237,76,200710
237,1147,200710
237,46,200710
237,60,200710
237,146,200710
237,18,200710
237,25,200710
237,6,200710
237,32,200710
238,133,200710
238,86,200710
238,4,200710
238,11,200710
239,253,200710
239,273,200710
239,577,200710
239,639,200710
239,258,200710
239,254,200710
239,232,200710
239,260,200710
241,29,200710
241,914,200710
241,217,200710
241,154,200710
241,505,200710
242,5,200710
242,57,200710
242,40,200710
242,100,200710
242,154,200710
242,1587,200710
242,29,200710
242,18,200710
242,32,200710
243,89,200710
243,90,200710
243,7,200710
243,8,200710
243,4,200710
243,5,200710
243,1,200710
243,17,200710
243,20,200710
244,137,200710
244,18,200710
244,346,200710
245,279,200710
245,17,200710
245,110,200710
245,645,200710
247,138,200710
247,51,200710
247,501,200710
247,914,200710
247,107,200710
247,175,200710
247,23,200710
247,433,200710
247,17,200710
247,69,200710
247,143,200710
247,110,200710
247,1196,200710
247,127,200710
247,879,200710
247,211,200710
247,16,200710
247,5,200710
247,21,200710
247,136,200710
247,0,200710
247,748,200710
247,810,200710
247,28,200710
247,747,200710
247,843,200710
248,11,200710
249,97,200710
249,320,200710
249,744,200710
249,143,200710
249,192,200710
249,140,200710
249,198,200710
249,2,200710
249,154,200710
249,60,200710
249,160,200710
250,339,200710
250,282,200710
250,495,200710
250,744,200710
250,320,200710
250,237,200710
250,141,200710
250,102,200710
250,12,200710
250,34,200710
250,274,200710
250,107,200710
250,25,200710
250,46,200710
250,160,200710
250,97,200710
251,27,200710
251,154,200710
252,232,200710
252,257,200710
252,239,200710
252,254,200710
252,255,200710
252,664,200710
252,253,200710
252,260,200710
252,599,200710
253,259,200710
253,239,200710
253,252,200710
253,232,200710
253,254,200710
253,600,200710
254,258,200710
254,600,200710
254,232,200710
254,252,200710
254,239,200710
254,256,200710
254,253,200710
255,232,200710
255,259,200710
255,256,200710
255,257,200710
255,273,200710
255,601,200710
255,260,200710
255,591,200710
256,601,200710
256,232,200710
256,634,200710
256,260,200710
256,263,200710
257,232,200710
257,258,200710
257,700,200710
257,255,200710
257,239,200710
257,273,200710
257,260,200710
257,601,200710
257,591,200710
257,624,200710
258,602,200710
258,257,200710
258,254,200710
258,232,200710
258,601,200710
258,259,200710
258,624,200710
259,232,200710
259,256,200710
259,255,200710
259,258,200710
259,273,200710
259,659,200710
259,260,200710
259,602,200710
260,232,200710
260,256,200710
260,259,200710
260,255,200710
260,258,200710
260,263,200710
260,257,200710
260,601,200710
260,252,200710
260,239,200710
261,32,200710
261,5,200710
261,53,200710
261,70,200710
261,92,200710
261,22,200710
261,10,200710
261,11,200710
261,23,200710
261,136,200710
261,28,200710
261,1,200710
261,17,200710
261,20,200710
262,48,200710
262,142,200710
262,14,200710
262,170,200710
262,205,200710
262,282,200710
262,281,200710
262,15,200710
263,232,200710
263,597,200710
263,700,200710
263,260,200710
263,664,200710
263,601,200710
263,256,200710
265,433,200710
265,270,200710
265,180,200710
265,135,200710
265,96,200710
265,54,200710
265,52,200710
265,318,200710
265,548,200710
265,21,200710
265,346,200710
265,32,200710
265,11,200710
265,10,200710
265,18,200710
265,29,200710
265,136,200710
266,519,200710
266,178,200710
266,1147,200710
266,445,200710
266,871,200710
266,188,200710
266,486,200710
266,15,200710
266,710,200710
266,34,200710
266,288,200710
266,170,200710
266,76,200710
266,104,200710
266,175,200710
266,62,200710
266,66,200710
266,141,200710
266,95,200710
266,140,200710
266,341,200710
266,138,200710
266,224,200710
266,57,200710
266,79,200710
266,101,200710
267,346,200710
267,64,200710
267,10,200710
267,29,200710
268,11,200710
268,4,200710
269,138,200710
269,57,200710
269,433,200710
269,545,200710
269,141,200710
269,39,200710
269,151,200710
269,60,200710
269,10,200710
269,32,200710
269,29,200710
269,97,200710
270,181,200710
270,65,200710
270,75,200710
270,120,200710
270,97,200710
270,32,200710
270,29,200710
270,18,200710
271,262,200710
271,151,200710
271,275,200710
271,18,200710
273,232,200710
273,659,200710
273,602,200710
273,259,200710
273,624,200710
274,23,200710
274,6,200710
274,188,200710
274,433,200710
274,510,200710
274,495,200710
274,83,200710
274,261,200710
274,32,200710
274,80,200710
274,133,200710
274,142,200710
274,11,200710
274,2,200710
274,47,200710
274,31,200710
274,40,200710
274,5,200710
274,154,200710
274,165,200710
274,52,200710
274,1088,200710
274,17,200710
274,135,200710
274,38,200710
274,1147,200710
274,0,200710
274,118,200710
274,250,200710
274,69,200710
274,125,200710
274,453,200710
274,155,200710
274,112,200710
274,21,200710
274,19,200710
274,16,200710
274,48,200710
274,51,200710
274,12,200710
274,100,200710
274,4,200710
274,108,200710
274,60,200710
274,28,200710
274,85,200710
274,14,200710
274,10,200710
274,27,200710
274,93,200710
274,1,200710
274,9,200710
274,25,200710
274,124,200710
274,72,200710
274,149,200710
274,116,200710
274,96,200710
274,115,200710
274,92,200710
275,31,200710
275,296,200710
275,151,200710
275,271,200710
275,135,200710
276,814,200710
276,54,200710
276,141,200710
276,270,200710
276,16,200710
276,282,200710
276,74,200710
276,131,200710
276,18,200710
276,29,200710
276,32,200710
277,1888,200710
277,1363,200710
277,19,200710
278,29,200710
278,178,200710
278,76,200710
278,118,200710
278,14,200710
278,117,200710
278,41,200710
278,40,200710
278,192,200710
278,52,200710
278,139,200710
278,124,200710
278,155,200710
278,180,200710
278,31,200710
278,6,200710
278,25,200710
278,16,200710
278,46,200710
278,83,200710
278,342,200710
278,13,200710
278,19,200710
278,26,200710
278,97,200710
279,245,200710
279,280,200710
280,89,200710
280,279,200710
281,282,200710
281,666,200710
281,247,200710
281,18,200710
281,6,200710
281,31,200710
281,81,200710
281,2,200710
281,51,200710
281,143,200710
281,40,200710
281,160,200710
281,157,200710
281,59,200710
281,294,200710
281,77,200710
281,205,200710
281,262,200710
282,510,200710
282,46,200710
282,140,200710
282,401,200710
282,1139,200710
282,143,200710
282,384,200710
282,154,200710
282,339,200710
282,466,200710
282,54,200710
282,276,200710
282,193,200710
282,262,200710
283,931,200710
283,26,200710
284,129,200710
285,163,200710
285,860,200710
285,739,200710
285,13,200710
286,25,200710
286,393,200710
287,182,200710
287,45,200710
287,540,200710
287,167,200710
287,544,200710
287,31,200710
287,154,200710
287,46,200710
287,97,200710
288,57,200710
288,316,200710
288,83,200710
288,178,200710
288,1147,200710
288,165,200710
288,80,200710
288,266,200710
289,134,200710
289,13,200710
290,110,200710
290,235,200710
290,808,200710
291,203,200710
291,87,200710
292,346,200710
292,29,200710
293,52,200710
293,444,200710
293,297,200710
293,746,200710
294,35,200710
294,739,200710
294,77,200710
294,666,200710
294,241,200710
294,488,200710
294,534,200710
294,344,200710
294,81,200710
295,51,200710
295,111,200710
295,22,200710
295,11,200710
296,143,200710
296,138,200710
296,275,200710
296,135,200710
297,313,200710
297,102,200710
297,293,200710
297,1193,200710
297,1442,200710
297,1130,200710
297,444,200710
297,208,200710
297,349,200710
297,26,200710
297,1674,200710
297,13,200710
298,18,200710
299,130,200710
299,777,200710
299,96,200710
299,1015,200710
299,11,200710
299,941,200710
299,1,200710
299,136,200710
300,50,200710
300,4,200710
301,112,200710
301,165,200710
301,107,200710
301,33,200710
301,317,200710
301,4,200710
302,101,200710
302,46,200710
302,1194,200710
303,1130,200710
303,25,200710
303,11,200710
303,136,200710
304,1567,200710
304,262,200710
304,205,200710
304,170,200710
304,18,200710
304,131,200710
305,110,200710
305,830,200710
305,684,200710
305,427,200710
305,633,200710
305,109,200710
305,4,200710
306,110,200710
306,128,200710
306,427,200710
306,4,200710
306,109,200710
307,136,200710
309,58,200710
309,79,200710
309,224,200710
309,57,200710
309,35,200710
309,160,200710
309,97,200710
309,137,200710
310,80,200710
311,3,200710
311,69,200710
311,50,200710
311,4,200710
313,297,200710
313,26,200710
313,349,200710
313,13,200710
314,433,200710
314,165,200710
314,53,200710
314,115,200710
314,132,200710
314,125,200710
314,9,200710
314,27,200710
315,20,200710
315,17,200710
316,75,200710
316,65,200710
316,269,200710
316,178,200710
316,32,200710
317,301,200710
317,69,200710
317,96,200710
317,9,200710
317,177,200710
317,150,200710
317,1,200710
317,183,200710
317,4,200710
317,11,200710
318,265,200710
318,160,200710
319,527,200710
319,226,200710
319,575,200710
319,599,200710
319,643,200710
319,576,200710
319,465,200710
319,231,200710
319,232,200710
320,237,200710
320,482,200710
320,39,200710
320,249,200710
320,14,200710
320,38,200710
320,78,200710
320,224,200710
320,288,200710
320,160,200710
320,77,200710
320,99,200710
320,136,200710
320,27,200710
320,6,200710
320,59,200710
320,444,200710
320,20,200710
320,137,200710
320,1147,200710
320,46,200710
320,26,200710
320,13,200710
320,29,200710
320,19,200710
320,40,200710
320,434,200710
320,146,200710
320,64,200710
320,32,200710
320,48,200710
320,178,200710
320,97,200710
322,35,200710
322,138,200710
322,730,200710
322,785,200710
323,89,200710
323,778,200710
323,7,200710
323,8,200710
325,208,200710
326,274,200710
326,341,200710
326,25,200710
327,354,200710
327,384,200710
327,188,200710
327,24,200710
327,25,200710
327,81,200710
327,282,200710
327,157,200710
327,101,200710
327,62,200710
330,358,200710
330,136,200710
330,11,200710
332,192,200710
332,19,200710
332,32,200710
332,64,200710
333,107,200710
333,136,200710
333,752,200710
333,534,200710
333,25,200710
333,137,200710
334,6,200710
335,2,200710
335,72,200710
335,115,200710
335,25,200710
336,2,200710
336,25,200710
336,132,200710
336,731,200710
336,534,200710
336,115,200710
336,12,200710
336,137,200710
338,19,200710
338,32,200710
338,26,200710
339,58,200710
339,1074,200710
339,85,200710
339,401,200710
339,302,200710
339,282,200710
339,143,200710
339,1097,200710
339,314,200710
339,250,200710
339,25,200710
339,167,200710
339,157,200710
339,433,200710
339,137,200710
339,160,200710
339,81,200710
339,453,200710
339,175,200710
339,904,200710
339,24,200710
339,188,200710
339,27,200710
339,1013,200710
339,943,200710
339,97,200710
339,176,200710
339,10,200710
340,25,200710
341,118,200710
341,9,200710
341,188,200710
341,326,200710
341,46,200710
341,1147,200710
341,98,200710
341,342,200710
341,176,200710
341,160,200710
341,116,200710
341,43,200710
341,75,200710
341,16,200710
341,101,200710
341,519,200710
341,106,200710
341,57,200710
341,82,200710
341,94,200710
341,107,200710
341,10,200710
341,266,200710
341,48,200710
341,108,200710
341,137,200710
341,97,200710
341,25,200710
342,197,200710
342,540,200710
342,249,200710
342,97,200710
342,66,200710
342,120,200710
342,132,200710
342,85,200710
342,46,200710
342,278,200710
342,288,200710
342,178,200710
344,64,200710
344,137,200710
345,536,200710
345,10,200710
345,1,200710
346,1006,200710
346,1,200710
346,64,200710
346,228,200710
346,61,200710
346,177,200710
346,544,200710
346,21,200710
346,267,200710
346,84,200710
346,292,200710
346,96,200710
346,77,200710
346,149,200710
346,116,200710
346,390,200710
346,112,200710
346,30,200710
346,443,200710
346,184,200710
346,244,200710
346,147,200710
346,62,200710
346,72,200710
346,136,200710
346,137,200710
346,198,200710
346,53,200710
346,534,200710
346,119,200710
346,81,200710
346,6,200710
346,222,200710
346,175,200710
346,102,200710
346,122,200710
346,193,200710
346,265,200710
346,145,200710
346,150,200710
346,879,200710
346,126,200710
346,155,200710
346,408,200710
346,34,200710
346,23,200710
346,5,200710
346,220,200710
346,10,200710
346,18,200710
346,170,200710
346,2,200710
346,28,200710
346,51,200710
346,103,200710
346,75,200710
346,588,200710
346,22,200710
346,138,200710
346,183,200710
346,69,200710
346,131,200710
346,413,200710
346,142,200710
346,728,200710
346,115,200710
346,54,200710
346,93,200710
346,181,200710
346,44,200710
346,15,200710
346,233,200710
346,4,200710
347,97,200710
348,23,200710
348,17,200710
349,102,200710
349,52,200710
349,444,200710
349,26,200710
349,313,200710
349,1674,200710
349,297,200710
349,13,200710
351,554,200710
351,226,200710
351,589,200710
351,586,200710
351,574,200710
351,352,200710
351,573,200710
351,196,200710
351,606,200710
351,604,200710
351,587,200710
351,572,200710
351,679,200710
351,110,200710
351,607,200710
351,622,200710
351,660,200710
351,590,200710
351,564,200710
351,484,200710
351,498,200710
351,465,200710
351,647,200710
351,1140,200710
351,605,200710
351,565,200710
351,225,200710
351,760,200710
351,232,200710
352,678,200710
352,532,200710
352,424,200710
352,484,200710
352,477,200710
352,693,200710
352,425,200710
352,565,200710
352,564,200710
352,626,200710
352,196,200710
352,579,200710
352,623,200710
352,351,200710
352,625,200710
352,622,200710
352,110,200710
352,805,200710
352,694,200710
352,621,200710
352,232,200710
353,17,200710
354,154,200710
354,54,200710
354,165,200710
354,444,200710
354,135,200710
354,35,200710
354,74,200710
354,507,200710
354,138,200710
354,380,200710
355,156,200710
355,48,200710
355,126,200710
355,75,200710
355,38,200710
355,24,200710
355,31,200710
355,286,200710
355,54,200710
355,29,200710
355,108,200710
355,25,200710
355,97,200710
355,137,200710
355,160,200710
357,1259,200710
357,1286,200710
357,1129,200710
358,147,200710
358,136,200710
359,891,200710
359,136,200710
360,13,200710
360,899,200710
360,889,200710
361,1,200710
361,136,200710
362,18,200710
362,40,200710
362,12,200710
362,26,200710
362,178,200710
362,32,200710
362,16,200710
362,19,200710
363,366,200710
363,409,200710
363,196,200710
364,196,200710
364,365,200710
364,363,200710
364,551,200710
364,366,200710
365,196,200710
365,364,200710
365,363,200710
366,196,200710
366,365,200710
366,447,200710
366,551,200710
366,364,200710
366,402,200710
366,363,200710
367,196,200710
367,1654,200710
368,834,200710
368,136,200710
368,27,200710
369,60,200710
370,60,200710
371,735,200710
371,70,200710
371,25,200710
371,136,200710
372,147,200710
372,136,200710
373,722,200710
373,40,200710
374,95,200710
374,40,200710
375,143,200710
375,266,200710
375,97,200710
375,46,200710
375,19,200710
375,39,200710
375,139,200710
375,100,200710
375,433,200710
375,14,200710
375,0,200710
375,178,200710
375,140,200710
375,62,200710
375,170,200710
375,138,200710
375,159,200710
375,104,200710
375,76,200710
375,132,200710
375,16,200710
375,66,200710
375,224,200710
375,79,200710
375,101,200710
375,6,200710
375,57,200710
375,154,200710
375,32,200710
375,29,200710
375,40,200710
376,136,200710
377,196,200710
377,110,200710
377,412,200710
377,472,200710
377,378,200710
377,225,200710
378,471,200710
378,377,200710
378,412,200710
378,231,200710
378,196,200710
378,225,200710
379,216,200710
379,160,200710
380,1,200710
380,81,200710
380,135,200710
380,18,200710
380,354,200710
381,1086,200710
381,142,200710
381,40,200710
383,196,200710
384,170,200710
384,342,200710
384,143,200710
384,64,200710
384,1147,200710
384,125,200710
385,507,200710
385,77,200710
385,2,200710
385,262,200710
385,25,200710
387,176,200710
387,19,200710
388,27,200710
389,138,200710
389,10,200710
389,27,200710
389,51,200710
390,18,200710
390,346,200710
390,25,200710
390,137,200710
393,455,200710
393,171,200710
393,57,200710
393,65,200710
393,457,200710
393,25,200710
393,160,200710
393,137,200710
393,97,200710
395,1,200710
395,17,200710
398,146,200710
398,97,200710
400,363,200710
400,448,200710
400,196,200710
401,23,200710
401,48,200710
401,165,200710
401,339,200710
401,92,200710
401,64,200710
402,196,200710
402,364,200710
402,366,200710
407,804,200710
407,909,200710
407,61,200710
407,136,200710
407,18,200710
408,346,200710
408,18,200710
409,366,200710
409,196,200710
410,436,200710
410,18,200710
412,378,200710
412,377,200710
412,504,200710
412,489,200710
412,196,200710
413,237,200710
413,346,200710
413,18,200710
415,61,200710
415,416,200710
415,136,200710
415,18,200710
416,415,200710
416,18,200710
419,23,200710
419,401,200710
420,1180,200710
420,54,200710
420,32,200710
422,276,200710
422,430,200710
422,54,200710
422,440,200710
422,18,200710
423,144,200710
423,908,200710
423,18,200710
424,425,200710
424,110,200710
424,535,200710
424,196,200710
424,352,200710
424,448,200710
424,532,200710
424,506,200710
424,478,200710
424,1114,200710
424,477,200710
424,469,200710
424,476,200710
425,535,200710
425,478,200710
425,794,200710
425,424,200710
425,110,200710
425,196,200710
425,506,200710
425,476,200710
425,352,200710
426,18,200710
426,61,200710
426,737,200710
426,76,200710
427,110,200710
427,109,200710
427,306,200710
427,127,200710
427,4,200710
427,128,200710
427,680,200710
427,734,200710
427,616,200710
427,612,200710
427,614,200710
427,610,200710
429,181,200710
429,155,200710
429,32,200710
430,54,200710
430,32,200710
430,1205,200710
430,18,200710
431,496,200710
432,298,200710
432,18,200710
433,247,200710
433,134,200710
433,160,200710
433,54,200710
433,126,200710
433,375,200710
433,6,200710
433,115,200710
433,32,200710
433,96,200710
433,43,200710
433,142,200710
433,104,200710
433,13,200710
433,107,200710
433,25,200710
433,60,200710
433,72,200710
433,58,200710
433,52,200710
433,132,200710
433,51,200710
433,124,200710
433,188,200710
433,53,200710
433,31,200710
433,78,200710
433,155,200710
433,144,200710
433,265,200710
433,15,200710
433,139,200710
433,2,200710
433,5,200710
433,19,200710
433,83,200710
433,163,200710
433,57,200710
433,9,200710
433,14,200710
433,66,200710
433,48,200710
433,180,200710
433,157,200710
433,156,200710
433,138,200710
433,39,200710
433,45,200710
433,64,200710
433,120,200710
433,181,200710
433,46,200710
433,76,200710
433,314,200710
433,274,200710
433,21,200710
433,17,200710
433,102,200710
433,110,200710
433,118,200710
433,501,200710
433,79,200710
433,137,200710
433,55,200710
433,224,200710
433,10,200710
433,140,200710
433,11,200710
433,27,200710
433,93,200710
433,61,200710
433,141,200710
433,0,200710
433,80,200710
433,269,200710
433,339,200710
433,38,200710
433,29,200710
433,108,200710
433,100,200710
433,195,200710
433,85,200710
433,41,200710
433,40,200710
433,136,200710
433,154,200710
433,28,200710
433,176,200710
433,18,200710
433,4,200710
433,101,200710
433,165,200710
433,34,200710
433,12,200710
433,117,200710
433,401,200710
433,59,200710
433,131,200710
433,1,200710
433,23,200710
433,35,200710
433,197,200710
433,20,200710
433,97,200710
433,121,200710
433,112,200710
433,129,200710
434,62,200710
434,6,200710
434,13,200710
434,14,200710
434,208,200710
434,320,200710
435,393,200710
435,160,200710
435,282,200710
435,132,200710
435,34,200710
435,63,200710
435,97,200710
436,234,200710
436,410,200710
436,18,200710
440,814,200710
440,422,200710
440,54,200710
443,1193,200710
443,346,200710
443,18,200710
444,126,200710
444,83,200710
444,76,200710
444,1215,200710
444,836,200710
444,354,200710
444,375,200710
444,293,200710
444,208,200710
444,1674,200710
444,313,200710
444,25,200710
444,1088,200710
444,1887,200710
444,486,200710
444,931,200710
444,297,200710
444,10,200710
444,135,200710
444,92,200710
444,18,200710
444,112,200710
444,78,200710
444,349,200710
444,320,200710
445,178,200710
445,266,200710
445,46,200710
447,365,200710
447,196,200710
447,479,200710
447,448,200710
447,378,200710
447,489,200710
448,424,200710
448,196,200710
448,506,200710
448,425,200710
449,64,200710
452,39,200710
452,31,200710
452,671,200710
452,97,200710
453,274,200710
455,143,200710
455,512,200710
455,375,200710
455,126,200710
455,510,200710
455,97,200710
457,712,200710
457,393,200710
458,435,200710
458,97,200710
458,46,200710
459,339,200710
463,452,200710
463,65,200710
463,170,200710
463,143,200710
463,205,200710
463,746,200710
463,178,200710
463,2037,200710
463,83,200710
463,142,200710
463,64,200710
465,110,200710
465,319,200710
465,232,200710
465,576,200710
465,575,200710
465,527,200710
465,586,200710
465,351,200710
465,603,200710
465,231,200710
465,226,200710
465,590,200710
465,643,200710
465,644,200710
466,339,200710
469,425,200710
469,476,200710
469,424,200710
470,472,200710
470,471,200710
470,226,200710
470,475,200710
470,196,200710
470,225,200710
471,196,200710
471,475,200710
471,378,200710
471,470,200710
471,225,200710
472,196,200710
472,475,200710
472,471,200710
472,377,200710
472,470,200710
472,225,200710
473,110,200710
473,559,200710
473,474,200710
473,185,200710
473,186,200710
474,186,200710
474,525,200710
474,110,200710
474,825,200710
474,651,200710
474,560,200710
474,236,200710
474,558,200710
474,185,200710
474,473,200710
474,559,200710
474,997,200710
474,650,200710
474,665,200710
474,630,200710
475,196,200710
475,471,200710
475,470,200710
475,472,200710
475,225,200710
476,469,200710
476,477,200710
476,506,200710
476,424,200710
477,469,200710
477,476,200710
477,352,200710
477,532,200710
477,424,200710
478,196,200710
478,506,200710
478,424,200710
478,469,200710
478,448,200710
478,425,200710
479,447,200710
479,489,200710
479,196,200710
480,34,200710
480,27,200710
480,136,200710
482,39,200710
482,138,200710
482,354,200710
482,135,200710
482,13,200710
483,85,200710
483,10,200710
483,1169,200710
483,25,200710
483,137,200710
484,352,200710
484,579,200710
484,622,200710
484,678,200710
484,351,200710
484,625,200710
484,626,200710
484,694,200710
484,621,200710
484,565,200710
485,170,200710
486,188,200710
486,35,200710
486,444,200710
486,82,200710
488,666,200710
488,294,200710
489,377,200710
489,479,200710
489,412,200710
489,447,200710
489,196,200710
490,20,200710
490,27,200710
492,136,200710
493,28,200710
493,37,200710
493,17,200710
495,278,200710
495,224,200710
495,79,200710
495,712,200710
495,104,200710
495,1147,200710
495,131,200710
495,457,200710
495,1169,200710
495,107,200710
495,25,200710
495,97,200710
495,137,200710
496,118,200710
496,914,200710
496,1451,200710
496,9,200710
496,137,200710
498,351,200710
499,237,200710
500,10,200710
501,138,200710
501,132,200710
501,51,200710
501,69,200710
501,23,200710
501,107,200710
501,247,200710
501,143,200710
501,433,200710
501,914,200710
501,27,200710
502,12,200710
502,728,200710
502,136,200710
504,196,200710
505,57,200710
506,448,200710
506,478,200710
506,425,200710
506,196,200710
506,424,200710
507,354,200710
510,401,200710
510,946,200710
510,192,200710
510,65,200710
510,101,200710
510,40,200710
510,97,200710
512,58,200710
512,80,200710
512,160,200710
512,455,200710
516,196,200710
517,34,200710
517,728,200710
519,94,200710
519,341,200710
521,97,200710
521,885,200710
521,27,200710
521,137,200710
522,1580,200710
522,27,200710
522,135,200710
523,40,200710
525,627,200710
525,582,200710
525,110,200710
525,235,200710
525,236,200710
525,222,200710
525,725,200710
525,726,200710
525,683,200710
525,851,200710
525,201,200710
525,932,200710
525,185,200710
525,585,200710
525,583,200710
525,839,200710
525,1427,200710
525,1239,200710
525,961,200710
525,962,200710
525,1089,200710
525,1087,200710
525,847,200710
525,1030,200710
526,196,200710
527,231,200710
527,586,200710
527,599,200710
527,319,200710
527,576,200710
527,644,200710
527,604,200710
527,603,200710
527,639,200710
527,465,200710
527,643,200710
527,575,200710
527,232,200710
528,196,200710
530,160,200710
530,101,200710
530,25,200710
532,623,200710
532,693,200710
532,622,200710
532,424,200710
532,352,200710
532,477,200710
532,225,200710
533,132,200710
534,108,200710
534,294,200710
534,346,200710
534,336,200710
534,136,200710
534,1169,200710
534,333,200710
535,110,200710
535,425,200710
535,196,200710
535,424,200710
536,345,200710
536,10,200710
536,1,200710
537,136,200710
539,282,200710
540,160,200710
540,158,200710
540,97,200710
543,452,200710
543,935,200710
543,530,200710
543,544,200710
543,97,200710
543,160,200710
544,435,200710
544,216,200710
544,24,200710
544,333,200710
544,167,200710
544,132,200710
544,144,200710
544,182,200710
544,430,200710
544,137,200710
544,18,200710
544,57,200710
544,2,200710
544,31,200710
544,101,200710
544,80,200710
544,346,200710
544,160,200710
544,99,200710
544,35,200710
544,11,200710
544,97,200710
544,32,200710
544,26,200710
544,6,200710
544,17,200710
544,154,200710
544,29,200710
544,136,200710
544,46,200710
544,146,200710
544,25,200710
545,197,200710
545,175,200710
545,32,200710
546,181,200710
546,545,200710
546,32,200710
547,196,200710
547,516,200710
548,10,200710
548,781,200710
548,11,200710
548,265,200710
548,151,200710
548,86,200710
548,1,200710
549,40,200710
551,196,200710
551,110,200710
551,363,200710
551,366,200710
551,364,200710
552,25,200710
552,9,200710
552,5,200710
552,2,200710
552,28,200710
552,110,200710
552,34,200710
552,96,200710
552,18,200710
552,72,200710
552,17,200710
552,29,200710
552,85,200710
552,97,200710
552,188,200710
552,48,200710
553,22,200710
554,351,200710
554,660,200710
554,587,200710
554,226,200710
555,186,200710
556,186,200710
558,658,200710
558,186,200710
558,474,200710
558,560,200710
558,561,200710
558,559,200710
558,232,200710
559,474,200710
559,258,200710
559,558,200710
559,186,200710
560,474,200710
560,561,200710
560,186,200710
561,186,200710
561,558,200710
561,560,200710
563,610,200710
563,618,200710
563,612,200710
563,733,200710
563,734,200710
563,614,200710
563,611,200710
563,616,200710
563,680,200710
563,569,200710
563,674,200710
563,567,200710
563,1150,200710
563,568,200710
563,617,200710
563,613,200710
563,688,200710
563,615,200710
563,566,200710
563,570,200710
563,610,200710
563,616,200710
564,351,200710
564,352,200710
564,694,200710
564,565,200710
564,579,200710
565,351,200710
565,352,200710
565,564,200710
565,694,200710
565,621,200710
565,484,200710
565,579,200710
566,427,200710
566,563,200710
567,427,200710
567,563,200710
568,563,200710
569,563,200710
570,563,200710
571,186,200710
572,351,200710
572,573,200710
572,574,200710
572,589,200710
572,226,200710
572,590,200710
573,226,200710
573,574,200710
573,586,200710
573,572,200710
573,589,200710
573,470,200710
573,590,200710
573,660,200710
573,351,200710
574,590,200710
574,351,200710
574,226,200710
574,589,200710
574,572,200710
575,643,200710
575,232,200710
575,231,200710
575,576,200710
575,319,200710
575,644,200710
575,465,200710
575,639,200710
575,603,200710
575,599,200710
575,527,200710
576,465,200710
576,527,200710
576,575,200710
576,319,200710
576,643,200710
576,232,200710
578,196,200710
579,352,200710
579,626,200710
579,484,200710
579,621,200710
579,565,200710
579,678,200710
579,625,200710
579,694,200710
579,805,200710
582,525,200710
583,525,200710
584,525,200710
585,525,200710
586,351,200710
586,226,200710
586,604,200710
586,573,200710
586,527,200710
587,554,200710
587,351,200710
587,226,200710
588,34,200710
588,834,200710
588,53,200710
588,346,200710
588,27,200710
588,136,200710
589,565,200710
589,586,200710
589,572,200710
589,590,200710
589,574,200710
589,573,200710
589,351,200710
589,226,200710
590,574,200710
590,351,200710
590,465,200710
590,589,200710
590,573,200710
590,679,200710
590,226,200710
590,572,200710
591,232,200710
591,255,200710
591,624,200710
591,257,200710
591,700,200710
592,864,200710
592,593,200710
592,109,200710
593,109,200710
593,110,200710
593,592,200710
594,596,200710
594,636,200710
594,230,200710
594,634,200710
594,640,200710
595,667,200710
595,1060,200710
595,196,200710
596,230,200710
596,231,200710
596,232,200710
596,640,200710
596,351,200710
596,594,200710
596,636,200710
597,232,200710
597,658,200710
597,601,200710
597,231,200710
597,624,200710
597,602,200710
597,670,200710
597,664,200710
597,263,200710
598,232,200710
599,232,200710
599,575,200710
599,527,200710
599,644,200710
599,605,200710
599,465,200710
599,186,200710
599,253,200710
599,643,200710
600,634,200710
600,594,200710
600,254,200710
600,639,200710
600,230,200710
600,253,200710
600,232,200710
601,232,200710
601,256,200710
601,664,200710
601,263,200710
601,597,200710
601,602,200710
601,257,200710
601,258,200710
601,260,200710
602,232,200710
602,658,200710
602,664,200710
602,527,200710
602,273,200710
602,258,200710
602,260,200710
603,232,200710
603,230,200710
603,643,200710
603,594,200710
603,600,200710
603,231,200710
603,256,200710
603,658,200710
603,639,200710
603,527,200710
603,575,200710
604,465,200710
604,590,200710
604,573,200710
604,351,200710
604,575,200710
604,110,200710
604,226,200710
605,232,200710
605,586,200710
605,644,200710
605,259,200710
605,577,200710
605,231,200710
605,599,200710
605,351,200710
605,560,200710
606,660,200710
606,351,200710
606,607,200710
606,679,200710
606,226,200710
607,679,200710
607,660,200710
607,606,200710
607,351,200710
607,226,200710
610,612,200710
610,563,200710
610,427,200710
611,563,200710
612,427,200710
612,563,200710
613,611,200710
614,563,200710
614,427,200710
615,563,200710
616,563,200710
616,427,200710
617,563,200710
618,563,200710
620,186,200710
621,352,200710
621,625,200710
621,626,200710
621,579,200710
621,484,200710
621,694,200710
621,565,200710
622,351,200710
622,110,200710
622,352,200710
622,623,200710
622,532,200710
622,694,200710
622,625,200710
623,352,200710
623,622,200710
623,370,200710
623,694,200710
623,532,200710
624,232,200710
624,670,200710
624,658,200710
624,664,200710
624,597,200710
624,231,200710
624,659,200710
624,273,200710
624,591,200710
624,258,200710
624,257,200710
625,110,200710
625,352,200710
625,621,200710
625,579,200710
625,484,200710
625,694,200710
625,626,200710
625,678,200710
625,622,200710
626,352,200710
626,625,200710
626,621,200710
626,579,200710
626,484,200710
626,694,200710
626,678,200710
626,196,200710
627,110,200710
627,236,200710
627,525,200710
627,649,200710
627,997,200710
627,648,200710
627,646,200710
628,629,200710
628,109,200710
629,628,200710
629,109,200710
630,650,200710
630,922,200710
630,186,200710
630,185,200710
630,110,200710
630,665,200710
630,474,200710
631,110,200710
633,110,200710
633,427,200710
633,305,200710
633,109,200710
633,4,200710
634,230,200710
634,635,200710
634,642,200710
634,641,200710
634,638,200710
634,600,200710
635,230,200710
635,638,200710
635,641,200710
636,231,200710
636,596,200710
636,640,200710
636,230,200710
636,594,200710
636,196,200710
636,351,200710
637,229,200710
638,230,200710
638,232,200710
638,635,200710
638,642,200710
639,232,200710
639,231,200710
639,599,200710
639,230,200710
639,575,200710
639,603,200710
639,596,200710
639,600,200710
639,527,200710
639,643,200710
640,230,200710
640,596,200710
640,599,200710
640,594,200710
640,636,200710
641,230,200710
641,638,200710
641,642,200710
641,634,200710
641,635,200710
642,230,200710
642,634,200710
642,635,200710
642,641,200710
642,638,200710
643,575,200710
643,232,200710
643,818,200710
643,603,200710
643,319,200710
643,231,200710
643,576,200710
643,599,200710
643,465,200710
643,527,200710
643,639,200710
643,644,200710
644,575,200710
644,605,200710
644,232,200710
644,231,200710
644,527,200710
644,596,200710
644,465,200710
644,599,200710
644,643,200710
646,649,200710
646,648,200710
646,627,200710
647,841,200710
647,719,200710
647,1002,200710
647,765,200710
647,351,200710
648,649,200710
648,646,200710
648,627,200710
649,646,200710
649,627,200710
649,648,200710
650,185,200710
650,630,200710
650,922,200710
650,186,200710
650,665,200710
650,110,200710
650,474,200710
650,997,200710
651,665,200710
651,474,200710
652,1237,200710
652,77,200710
655,109,200710
656,200,200710
656,937,200710
656,525,200710
656,657,200710
656,697,200710
656,186,200710
656,185,200710
657,656,200710
657,185,200710
657,926,200710
657,698,200710
657,200,200710
657,937,200710
657,697,200710
658,232,200710
658,624,200710
658,664,200710
658,231,200710
658,670,200710
658,597,200710
659,319,200710
659,232,200710
659,231,200710
659,259,200710
659,273,200710
660,351,200710
660,604,200710
660,607,200710
660,606,200710
660,554,200710
660,679,200710
660,573,200710
660,226,200710
661,624,200710
661,670,200710
661,664,200710
661,232,200710
663,196,200710
663,925,200710
663,229,200710
664,232,200710
664,259,200710
664,670,200710
664,624,200710
664,601,200710
664,602,200710
664,605,200710
664,658,200710
664,231,200710
664,597,200710
664,661,200710
665,110,200710
665,185,200710
665,650,200710
665,997,200710
665,651,200710
665,186,200710
665,474,200710
666,140,200710
666,82,200710
666,294,200710
667,595,200710
667,110,200710
667,857,200710
667,196,200710
669,229,200710
669,1004,200710
670,232,200710
670,624,200710
670,661,200710
670,658,200710
670,664,200710
671,452,200710
671,25,200710
671,137,200710
674,563,200710
676,677,200710
676,109,200710
677,109,200710
677,676,200710
678,352,200710
678,625,200710
678,621,200710
678,484,200710
678,694,200710
678,626,200710
678,579,200710
679,351,200710
679,607,200710
679,606,200710
679,660,200710
679,573,200710
679,226,200710
681,196,200710
681,110,200710
683,525,200710
684,110,200710
688,563,200710
693,352,200710
693,622,200710
694,110,200710
694,565,200710
694,564,200710
694,625,200710
694,352,200710
694,623,200710
694,622,200710
694,579,200710
694,1044,200710
694,484,200710
694,621,200710
694,626,200710
696,190,200710
696,185,200710
697,698,200710
697,200,200710
697,656,200710
697,657,200710
697,937,200710
697,185,200710
698,657,200710
698,926,200710
698,697,200710
698,947,200710
698,185,200710
698,937,200710
698,656,200710
698,922,200710
698,200,200710
699,185,200710
700,232,200710
700,186,200710
700,257,200710
700,591,200710
703,858,200710
703,95,200710
703,730,200710
703,64,200710
705,196,200710
706,11,200710
710,362,200710
710,266,200710
710,10,200710
715,232,200710
719,647,200710
720,27,200710
721,185,200710
722,373,200710
722,126,200710
722,6,200710
722,510,200710
722,40,200710
723,109,200710
724,109,200710
725,525,200710
725,847,200710
728,12,200710
728,968,200710
728,27,200710
729,109,200710
730,63,200710
730,703,200710
730,192,200710
730,102,200710
730,64,200710
731,43,200710
731,336,200710
731,752,200710
731,125,200710
733,563,200710
734,563,200710
734,427,200710
736,832,200710
736,745,200710
736,21,200710
736,761,200710
736,20,200710
737,18,200710
738,123,200710
738,234,200710
738,762,200710
738,136,200710
739,97,200710
739,488,200710
739,83,200710
739,64,200710
739,14,200710
739,48,200710
739,405,200710
739,294,200710
739,206,200710
739,108,200710
739,1065,200710
739,66,200710
739,175,200710
739,140,200710
739,285,200710
740,85,200710
741,842,200710
741,51,200710
741,795,200710
741,295,200710
741,19,200710
741,33,200710
742,126,200710
742,180,200710
742,6,200710
744,73,200710
744,250,200710
744,97,200710
744,46,200710
745,21,200710
745,755,200710
746,875,200710
746,59,200710
746,444,200710
746,6,200710
747,748,200710
747,247,200710
747,1424,200710
747,1421,200710
747,222,200710
748,747,200710
748,222,200710
748,1421,200710
748,247,200710
749,348,200710
751,10,200710
751,548,200710
752,136,200710
752,333,200710
752,27,200710
753,84,200710
753,783,200710
753,30,200710
754,753,200710
754,30,200710
755,21,200710
756,950,200710
756,96,200710
757,96,200710
760,110,200710
760,351,200710
761,21,200710
761,736,200710
761,866,200710
761,51,200710
761,17,200710
761,20,200710
762,234,200710
762,136,200710
764,817,200710
764,10,200710
765,647,200710
766,180,200710
766,896,200710
766,13,200710
768,48,200710
769,48,200710
769,73,200710
769,100,200710
769,41,200710
769,6,200710
769,143,200710
769,99,200710
769,60,200710
769,36,200710
769,35,200710
769,139,200710
769,108,200710
769,97,200710
770,323,200710
770,89,200710
770,7,200710
770,1408,200710
771,32,200710
772,60,200710
775,30,200710
776,775,200710
776,30,200710
777,96,200710
777,299,200710
777,1355,200710
777,136,200710
777,1,200710
778,323,200710
778,89,200710
778,7,200710
781,548,200710
781,10,200710
781,17,200710
781,11,200710
782,1352,200710
783,775,200710
783,68,200710
783,776,200710
783,136,200710
783,30,200710
784,1,200710
785,322,200710
786,917,200710
786,110,200710
786,898,200710
787,183,200710
794,425,200710
795,33,200710
795,51,200710
797,1052,200710
797,216,200710
797,46,200710
797,175,200710
797,97,200710
798,215,200710
799,14,200710
799,46,200710
799,19,200710
801,950,200710
801,96,200710
802,234,200710
803,136,200710
803,415,200710
804,407,200710
804,136,200710
805,352,200710
805,579,200710
806,49,200710
807,3,200710
808,185,200710
808,110,200710
808,290,200710
810,247,200710
813,39,200710
813,76,200710
813,141,200710
813,157,200710
813,75,200710
813,58,200710
813,19,200710
813,46,200710
813,97,200710
814,54,200710
814,440,200710
815,766,200710
815,896,200710
815,13,200710
817,5,200710
817,764,200710
817,10,200710
818,110,200710
818,232,200710
819,5,200710
819,51,200710
819,4,200710
819,17,200710
824,110,200710
824,229,200710
825,474,200710
826,998,200710
826,210,200710
828,89,200710
828,7,200710
830,110,200710
832,21,200710
832,20,200710
834,588,200710
834,368,200710
834,27,200710
834,136,200710
836,60,200710
836,444,200710
838,352,200710
839,525,200710
840,109,200710
841,647,200710
841,110,200710
842,51,200710
843,4,200710
843,747,200710
843,247,200710
847,1030,200710
847,725,200710
847,525,200710
851,525,200710
857,667,200710
858,95,200710
858,703,200710
858,64,200710
860,75,200710
860,320,200710
860,6,200710
860,40,200710
860,58,200710
860,160,200710
860,39,200710
860,285,200710
860,114,200710
860,46,200710
860,19,200710
860,48,200710
860,97,200710
860,60,200710
860,13,200710
860,26,200710
862,728,200710
862,12,200710
862,136,200710
863,23,200710
863,61,200710
863,879,200710
863,10,200710
863,17,200710
864,109,200710
864,592,200710
866,21,200710
866,346,200710
866,761,200710
866,51,200710
866,17,200710
866,20,200710
867,235,200710
871,141,200710
871,92,200710
871,274,200710
871,266,200710
871,95,200710
871,160,200710
873,12,200710
875,746,200710
875,59,200710
875,6,200710
877,109,200710
878,1090,200710
878,30,200710
879,22,200710
879,482,200710
879,154,200710
879,110,200710
879,2,200710
879,247,200710
879,346,200710
879,222,200710
879,159,200710
879,863,200710
879,103,200710
879,61,200710
879,15,200710
879,164,200710
882,196,200710
882,110,200710
885,521,200710
885,27,200710
885,137,200710
886,110,200710
889,126,200710
889,360,200710
889,899,200710
891,359,200710
891,136,200710
893,40,200710
896,815,200710
896,766,200710
896,208,200710
896,13,200710
897,1183,200710
897,190,200710
898,786,200710
899,360,200710
899,444,200710
899,55,200710
899,889,200710
899,180,200710
899,13,200710
900,78,200710
900,98,200710
900,46,200710
901,184,200710
904,453,200710
906,23,200710
906,51,200710
906,189,200710
906,11,200710
906,86,200710
906,2,200710
906,10,200710
906,20,200710
906,17,200710
906,1,200710
908,234,200710
908,423,200710
908,18,200710
909,234,200710
909,423,200710
909,18,200710
913,109,200710
914,11,200710
914,1,200710
914,20,200710
914,136,200710
914,22,200710
914,275,200710
914,183,200710
914,51,200710
914,138,200710
914,247,200710
914,501,200710
914,9,200710
917,786,200710
920,1183,200710
920,190,200710
922,200,200710
922,186,200710
922,185,200710
922,997,200710
922,665,200710
922,474,200710
922,698,200710
925,110,200710
925,229,200710
925,663,200710
925,196,200710
926,185,200710
926,200,200710
926,698,200710
926,947,200710
931,10,200710
931,135,200710
931,22,200710
935,543,200710
935,160,200710
937,698,200710
937,185,200710
937,656,200710
937,697,200710
937,200,200710
937,657,200710
941,299,200710
941,136,200710
941,1,200710
943,401,200710
946,1052,200710
946,64,200710
946,97,200710
947,110,200710
947,698,200710
947,185,200710
948,127,200710
950,135,200710
950,801,200710
950,96,200710
950,756,200710
950,136,200710
953,185,200710
955,121,200710
959,46,200710
960,143,200710
960,1,200710
961,1030,200710
961,847,200710
961,525,200710
962,1089,200710
962,525,200710
962,1030,200710
968,728,200710
968,27,200710
968,12,200710
969,70,200710
969,10,200710
978,486,200710
979,1424,200710
981,136,200710
982,981,200710
982,136,200710
995,1118,200710
995,996,200710
995,13,200710
996,995,200710
996,13,200710
997,185,200710
997,922,200710
997,474,200710
997,110,200710
998,826,200710
998,210,200710
1002,647,200710
1004,110,200710
1006,1,200710
1011,186,200710
1015,11,200710
1016,922,200710
1016,186,200710
1016,185,200710
1017,1291,200710
1017,137,200710
1019,186,200710
1022,40,200710
1026,185,200710
1030,962,200710
1030,961,200710
1030,1087,200710
1030,627,200710
1030,847,200710
1030,525,200710
1032,1887,200710
1032,208,200710
1045,24,200710
1045,40,200710
1045,1671,200710
1045,178,200710
1052,58,200710
1052,208,200710
1052,34,200710
1052,97,200710
1056,867,200710
1056,235,200710
1060,595,200710
1060,196,200710
1065,435,200710
1065,208,200710
1065,739,200710
1065,46,200710
1065,40,200710
1065,32,200710
1065,26,200710
1065,97,200710
1070,4,200710
1074,282,200710
1074,517,200710
1076,185,200710
1078,185,200710
1078,200,200710
1086,381,200710
1086,40,200710
1087,1030,200710
1087,525,200710
1088,17,200710
1088,156,200710
1088,97,200710
1088,26,200710
1088,48,200710
1089,962,200710
1089,525,200710
1090,878,200710
1090,30,200710
1103,89,200710
1103,7,200710
1114,424,200710
1115,112,200710
1115,285,200710
1118,995,200710
1118,13,200710
1129,129,200710
1129,173,200710
1129,357,200710
1130,154,200710
1130,303,200710
1130,35,200710
1130,1361,200710
1131,10,200710
1134,196,200710
1139,81,200710
1139,294,200710
1139,435,200710
1140,351,200710
1144,515,200710
1147,178,200710
1147,188,200710
1147,82,200710
1147,24,200710
1147,34,200710
1147,223,200710
1147,274,200710
1147,341,200710
1147,0,200710
1147,80,200710
1147,138,200710
1147,152,200710
1147,31,200710
1147,495,200710
1147,100,200710
1147,57,200710
1147,81,200710
1147,46,200710
1147,175,200710
1147,54,200710
1147,39,200710
1147,237,200710
1147,342,200710
1147,320,200710
1147,97,200710
1147,120,200710
1147,73,200710
1147,76,200710
1147,151,200710
1147,45,200710
1147,16,200710
1147,104,200710
1147,170,200710
1147,38,200710
1147,384,200710
1147,139,200710
1147,266,200710
1147,101,200710
1147,44,200710
1147,75,200710
1147,29,200710
1147,92,200710
1150,563,200710
1161,89,200710
1169,111,200710
1169,18,200710
1169,233,200710
1169,183,200710
1169,30,200710
1169,92,200710
1169,495,200710
1169,234,200710
1169,483,200710
1169,85,200710
1169,50,200710
1169,47,200710
1169,165,200710
1169,214,200710
1169,149,200710
1169,44,200710
1169,220,200710
1169,51,200710
1169,131,200710
1169,145,200710
1169,174,200710
1169,74,200710
1169,54,200710
1169,4,200710
1169,2,200710
1169,222,200710
1170,879,200710
1170,35,200710
1170,165,200710
1170,22,200710
1171,185,200710
1180,420,200710
1180,54,200710
1183,190,200710
1184,190,200710
1188,181,200710
1190,137,200710
1191,482,200710
1191,59,200710
1193,443,200710
1193,297,200710
1193,1661,200710
1193,1441,200710
1193,83,200710
1194,101,200710
1194,19,200710
1194,97,200710
1194,302,200710
1195,35,200710
1196,842,200710
1196,51,200710
1196,247,200710
1205,430,200710
1205,54,200710
1208,197,200710
1213,910,200710
1233,97,200710
1233,59,200710
1233,1245,200710
1239,525,200710
1254,81,200710
1259,357,200710
1259,1286,200710
1261,1262,200710
1265,11,200710
1268,634,200710
1268,230,200710
1269,96,200710
1286,357,200710
1286,1259,200710
1291,1017,200710
1291,137,200710
1293,595,200710
1320,1196,200710
1327,185,200710
1352,274,200710
1355,777,200710
1355,1,200710
1361,94,200710
1361,1130,200710
1363,463,200710
1363,277,200710
1373,1130,200710
1381,235,200710
1399,208,200710
1408,89,200710
1408,770,200710
1414,2037,200710
1417,444,200710
1417,13,200710
1421,748,200710
1421,747,200710
1424,1450,200710
1424,1890,200710
1424,843,200710
1424,1438,200710
1424,747,200710
1424,4,200710
1424,1439,200710
1424,979,200710
1426,525,200710
1427,525,200710
1438,4,200710
1438,1424,200710
1439,1424,200710
1441,1193,200710
1441,739,200710
1450,222,200710
1450,1424,200710
1451,496,200710
1482,154,200710
1532,185,200710
1567,1600,200710
1580,522,200710
1580,135,200710
1580,27,200710
1583,185,200710
1587,242,200710
1588,235,200710
1600,444,200710
1601,430,200710
1612,185,200710
1654,196,200710
1657,192,200710
1661,146,200710
1671,1045,200710
1674,349,200710
1674,297,200710
1794,96,200710
1815,1904,200710
1889,208,200710
1890,1424,200710
1903,463,200710
1904,1815,200710
2002,2003,200710
2009,1887,200710
2037,1414,200710
2037,1903,200710
2259,114,200710
2260,17,200710
