i,j,t
0,143,201004
0,160,201004
0,274,201004
0,188,201004
0,25,201004
0,552,201004
0,79,201004
0,118,201004
0,120,201004
0,101,201004
0,13,201004
0,16,201004
0,64,201004
0,6,201004
0,29,201004
0,139,201004
0,52,201004
0,102,201004
0,142,201004
0,47,201004
0,32,201004
0,165,201004
0,99,201004
0,22,201004
0,19,201004
0,27,201004
0,150,201004
0,100,201004
0,18,201004
0,40,201004
0,77,201004
0,149,201004
0,96,201004
0,11,201004
0,23,201004
0,45,201004
0,2,201004
0,112,201004
0,135,201004
0,93,201004
0,46,201004
0,1,201004
0,4,201004
0,38,201004
0,51,201004
0,26,201004
0,92,201004
0,97,201004
0,5,201004
0,155,201004
0,35,201004
0,14,201004
0,20,201004
0,113,201004
0,269,201004
0,85,201004
0,83,201004
0,119,201004
0,107,201004
0,17,201004
0,9,201004
0,154,201004
0,28,201004
0,146,201004
0,80,201004
0,136,201004
0,48,201004
0,10,201004
0,31,201004
0,59,201004
0,108,201004
0,60,201004
0,137,201004
1,175,201004
1,23,201004
1,5,201004
1,61,201004
1,1236,201004
1,7,201004
1,784,201004
1,136,201004
1,96,201004
1,941,201004
1,160,201004
1,210,201004
1,146,201004
1,80,201004
1,121,201004
1,544,201004
1,209,201004
1,77,201004
1,11,201004
1,143,201004
1,28,201004
1,17,201004
1,10,201004
1,26,201004
1,48,201004
1,64,201004
1,60,201004
1,189,201004
1,35,201004
1,2,201004
1,154,201004
1,135,201004
1,85,201004
1,97,201004
1,119,201004
1,14,201004
1,223,201004
1,12,201004
1,139,201004
1,9,201004
1,18,201004
1,31,201004
1,20,201004
1,482,201004
1,46,201004
1,133,201004
1,19,201004
1,137,201004
1,27,201004
1,54,201004
1,6,201004
1,299,201004
1,4,201004
1,180,201004
1,75,201004
1,13,201004
1,51,201004
1,100,201004
1,99,201004
1,69,201004
1,1355,201004
1,21,201004
1,1194,201004
1,116,201004
1,150,201004
1,16,201004
1,183,201004
1,38,201004
1,25,201004
1,130,201004
1,22,201004
1,113,201004
1,70,201004
1,261,201004
1,40,201004
1,108,201004
1,102,201004
1,110,201004
1,8,201004
1,142,201004
1,243,201004
1,132,201004
1,32,201004
1,155,201004
1,0,201004
1,124,201004
1,211,201004
1,81,201004
1,83,201004
1,37,201004
1,59,201004
1,906,201004
1,72,201004
1,274,201004
1,89,201004
1,213,201004
1,107,201004
1,165,201004
1,92,201004
1,112,201004
1,29,201004
2,137,201004
2,385,201004
2,138,201004
2,165,201004
2,93,201004
2,552,201004
2,27,201004
2,339,201004
2,401,201004
2,143,201004
2,282,201004
2,25,201004
2,87,201004
2,160,201004
2,21,201004
2,224,201004
2,158,201004
2,18,201004
2,101,201004
2,133,201004
2,46,201004
2,12,201004
2,155,201004
2,183,201004
2,97,201004
2,4,201004
2,35,201004
2,29,201004
2,393,201004
2,38,201004
2,142,201004
2,102,201004
2,154,201004
2,19,201004
2,6,201004
2,52,201004
2,14,201004
2,69,201004
2,23,201004
2,136,201004
2,11,201004
2,17,201004
2,60,201004
2,0,201004
2,123,201004
2,213,201004
2,26,201004
2,53,201004
2,24,201004
2,51,201004
2,64,201004
2,112,201004
2,666,201004
2,9,201004
2,20,201004
2,81,201004
2,40,201004
2,54,201004
2,48,201004
2,167,201004
2,1147,201004
2,341,201004
2,346,201004
2,77,201004
2,274,201004
2,100,201004
2,180,201004
2,59,201004
2,83,201004
2,124,201004
2,22,201004
2,13,201004
2,16,201004
2,34,201004
2,157,201004
2,1169,201004
2,99,201004
2,5,201004
2,113,201004
2,96,201004
2,72,201004
2,32,201004
2,108,201004
2,1,201004
2,28,201004
2,31,201004
2,135,201004
2,10,201004
2,92,201004
3,69,201004
3,311,201004
3,51,201004
3,4,201004
4,109,201004
4,222,201004
4,21,201004
4,843,201004
4,110,201004
4,166,201004
4,5,201004
4,427,201004
4,160,201004
4,127,201004
4,69,201004
4,6,201004
4,20,201004
4,25,201004
4,9,201004
4,38,201004
4,544,201004
4,137,201004
4,64,201004
4,85,201004
4,19,201004
4,161,201004
4,27,201004
4,139,201004
4,18,201004
4,92,201004
4,1,201004
4,60,201004
4,1649,201004
4,48,201004
4,113,201004
4,741,201004
4,135,201004
4,136,201004
4,108,201004
4,40,201004
4,58,201004
4,12,201004
4,29,201004
4,2,201004
4,72,201004
4,100,201004
4,107,201004
4,154,201004
4,305,201004
4,17,201004
4,633,201004
4,35,201004
4,97,201004
4,13,201004
4,28,201004
4,3,201004
4,128,201004
4,306,201004
4,99,201004
4,1169,201004
4,11,201004
4,14,201004
4,83,201004
4,23,201004
4,346,201004
4,761,201004
4,866,201004
4,133,201004
4,105,201004
4,88,201004
4,84,201004
4,317,201004
4,819,201004
4,274,201004
4,189,201004
4,184,201004
4,86,201004
4,223,201004
4,300,201004
4,150,201004
4,301,201004
4,214,201004
4,30,201004
4,54,201004
4,59,201004
4,33,201004
4,51,201004
4,311,201004
4,121,201004
4,22,201004
4,183,201004
4,146,201004
4,96,201004
4,243,201004
4,8,201004
4,7,201004
4,50,201004
4,164,201004
4,112,201004
4,46,201004
4,89,201004
4,177,201004
4,196,201004
4,10,201004
4,213,201004
4,32,201004
5,39,201004
5,23,201004
5,17,201004
5,98,201004
5,819,201004
5,51,201004
5,38,201004
5,552,201004
5,11,201004
5,89,201004
5,70,201004
5,817,201004
5,10,201004
5,137,201004
5,19,201004
5,6,201004
5,143,201004
5,48,201004
5,4,201004
5,110,201004
5,261,201004
5,1,201004
5,77,201004
5,119,201004
5,160,201004
5,1265,201004
5,81,201004
5,72,201004
5,133,201004
5,115,201004
5,317,201004
5,85,201004
5,54,201004
5,96,201004
5,189,201004
5,60,201004
5,12,201004
5,40,201004
5,108,201004
5,142,201004
5,93,201004
5,346,201004
5,375,201004
5,121,201004
5,247,201004
5,113,201004
5,0,201004
5,136,201004
5,64,201004
5,165,201004
5,18,201004
5,29,201004
5,2,201004
5,149,201004
5,8,201004
5,124,201004
5,83,201004
5,14,201004
5,154,201004
5,22,201004
5,33,201004
5,222,201004
5,274,201004
5,31,201004
5,7,201004
5,27,201004
5,13,201004
5,69,201004
5,183,201004
5,107,201004
5,59,201004
5,92,201004
5,135,201004
5,28,201004
6,137,201004
6,16,201004
6,32,201004
6,180,201004
6,29,201004
6,146,201004
6,64,201004
6,126,201004
6,815,201004
6,118,201004
6,160,201004
6,52,201004
6,5,201004
6,206,201004
6,13,201004
6,60,201004
6,117,201004
6,132,201004
6,14,201004
6,138,201004
6,110,201004
6,281,201004
6,102,201004
6,143,201004
6,17,201004
6,175,201004
6,77,201004
6,176,201004
6,61,201004
6,45,201004
6,92,201004
6,112,201004
6,265,201004
6,99,201004
6,124,201004
6,27,201004
6,158,201004
6,25,201004
6,82,201004
6,86,201004
6,78,201004
6,2,201004
6,31,201004
6,1,201004
6,97,201004
6,22,201004
6,74,201004
6,19,201004
6,79,201004
6,154,201004
6,54,201004
6,83,201004
6,320,201004
6,46,201004
6,142,201004
6,0,201004
6,35,201004
6,48,201004
6,51,201004
6,131,201004
6,769,201004
6,157,201004
6,100,201004
6,28,201004
6,20,201004
6,107,201004
6,213,201004
6,155,201004
6,34,201004
6,134,201004
6,156,201004
6,12,201004
6,136,201004
6,108,201004
6,71,201004
6,10,201004
6,101,201004
6,237,201004
6,72,201004
6,544,201004
6,9,201004
6,81,201004
6,181,201004
6,38,201004
6,57,201004
6,40,201004
6,338,201004
6,18,201004
6,55,201004
6,24,201004
6,182,201004
6,76,201004
6,194,201004
6,172,201004
6,139,201004
6,36,201004
6,120,201004
6,89,201004
6,11,201004
6,85,201004
6,113,201004
6,4,201004
6,129,201004
7,89,201004
7,8,201004
7,243,201004
7,90,201004
7,1103,201004
7,1408,201004
7,828,201004
7,133,201004
7,18,201004
7,770,201004
7,59,201004
7,28,201004
7,4,201004
7,64,201004
7,110,201004
7,25,201004
7,97,201004
7,113,201004
7,29,201004
7,112,201004
7,136,201004
7,5,201004
7,17,201004
7,21,201004
7,51,201004
7,1,201004
7,137,201004
7,20,201004
8,28,201004
8,20,201004
8,7,201004
8,17,201004
8,243,201004
8,89,201004
8,90,201004
8,121,201004
8,6,201004
8,5,201004
8,136,201004
8,29,201004
8,112,201004
8,1,201004
8,4,201004
9,160,201004
9,72,201004
9,124,201004
9,115,201004
9,2,201004
9,51,201004
9,752,201004
9,32,201004
9,213,201004
9,147,201004
9,102,201004
9,78,201004
9,75,201004
9,144,201004
9,131,201004
9,6,201004
9,16,201004
9,10,201004
9,106,201004
9,234,201004
9,233,201004
9,108,201004
9,161,201004
9,96,201004
9,81,201004
9,250,201004
9,111,201004
9,21,201004
9,355,201004
9,47,201004
9,142,201004
9,31,201004
9,48,201004
9,20,201004
9,100,201004
9,401,201004
9,28,201004
9,93,201004
9,25,201004
9,120,201004
9,97,201004
9,53,201004
9,5,201004
9,11,201004
9,188,201004
9,274,201004
9,136,201004
9,1194,201004
9,18,201004
9,107,201004
9,1,201004
9,83,201004
9,52,201004
9,0,201004
9,183,201004
9,19,201004
9,34,201004
9,133,201004
9,1147,201004
9,4,201004
9,496,201004
9,85,201004
9,17,201004
9,457,201004
9,206,201004
9,154,201004
9,29,201004
9,149,201004
9,143,201004
9,135,201004
9,60,201004
9,64,201004
9,14,201004
9,27,201004
9,92,201004
9,137,201004
10,781,201004
10,139,201004
10,5,201004
10,18,201004
10,107,201004
10,487,201004
10,548,201004
10,160,201004
10,143,201004
10,136,201004
10,97,201004
10,941,201004
10,70,201004
10,99,201004
10,133,201004
10,108,201004
10,25,201004
10,83,201004
10,7,201004
10,26,201004
10,9,201004
10,85,201004
10,51,201004
10,154,201004
10,115,201004
10,60,201004
10,19,201004
10,536,201004
10,77,201004
10,0,201004
10,2,201004
10,96,201004
10,48,201004
10,132,201004
10,4,201004
10,495,201004
10,299,201004
10,764,201004
10,46,201004
10,110,201004
10,157,201004
10,24,201004
10,135,201004
10,6,201004
10,29,201004
10,13,201004
10,38,201004
10,36,201004
10,1,201004
10,214,201004
10,213,201004
10,86,201004
10,147,201004
10,261,201004
10,544,201004
10,339,201004
10,105,201004
10,728,201004
10,223,201004
10,188,201004
10,233,201004
10,66,201004
10,138,201004
10,164,201004
10,819,201004
10,184,201004
10,111,201004
10,30,201004
10,863,201004
10,33,201004
10,222,201004
10,150,201004
10,234,201004
10,17,201004
10,181,201004
10,116,201004
10,265,201004
10,34,201004
10,177,201004
10,149,201004
10,84,201004
10,80,201004
10,124,201004
10,104,201004
10,122,201004
10,969,201004
10,43,201004
10,53,201004
10,103,201004
10,59,201004
10,161,201004
10,61,201004
10,72,201004
10,159,201004
10,100,201004
10,15,201004
10,119,201004
10,102,201004
10,155,201004
10,16,201004
10,64,201004
10,52,201004
10,40,201004
10,89,201004
10,180,201004
10,274,201004
10,32,201004
10,11,201004
10,165,201004
10,183,201004
10,54,201004
10,69,201004
10,31,201004
10,142,201004
10,137,201004
10,81,201004
10,146,201004
10,121,201004
10,12,201004
10,14,201004
10,20,201004
10,92,201004
10,27,201004
10,35,201004
10,22,201004
10,113,201004
10,23,201004
10,21,201004
10,112,201004
10,28,201004
11,146,201004
11,228,201004
11,107,201004
11,183,201004
11,23,201004
11,5,201004
11,112,201004
11,169,201004
11,268,201004
11,105,201004
11,136,201004
11,143,201004
11,51,201004
11,227,201004
11,160,201004
11,32,201004
11,24,201004
11,150,201004
11,102,201004
11,28,201004
11,149,201004
11,29,201004
11,108,201004
11,211,201004
11,14,201004
11,22,201004
11,80,201004
11,92,201004
11,9,201004
11,17,201004
11,119,201004
11,53,201004
11,77,201004
11,1,201004
11,59,201004
11,96,201004
11,0,201004
11,10,201004
11,46,201004
11,26,201004
11,85,201004
11,18,201004
11,35,201004
11,60,201004
11,72,201004
11,21,201004
11,97,201004
11,165,201004
11,274,201004
11,180,201004
11,4,201004
11,548,201004
11,27,201004
11,372,201004
11,67,201004
11,48,201004
11,243,201004
11,25,201004
11,330,201004
11,2,201004
11,265,201004
11,248,201004
11,111,201004
11,137,201004
11,238,201004
11,147,201004
11,69,201004
11,214,201004
11,20,201004
11,317,201004
11,31,201004
11,184,201004
11,189,201004
11,33,201004
11,70,201004
11,113,201004
11,213,201004
11,84,201004
11,88,201004
11,133,201004
11,64,201004
11,781,201004
11,223,201004
11,12,201004
11,110,201004
11,86,201004
11,99,201004
11,164,201004
11,30,201004
11,89,201004
11,135,201004
11,121,201004
11,177,201004
11,154,201004
11,6,201004
11,19,201004
11,13,201004
12,143,201004
12,29,201004
12,728,201004
12,107,201004
12,14,201004
12,502,201004
12,27,201004
12,968,201004
12,183,201004
12,862,201004
12,160,201004
12,88,201004
12,332,201004
12,121,201004
12,24,201004
12,142,201004
12,64,201004
12,213,201004
12,51,201004
12,355,201004
12,180,201004
12,75,201004
12,122,201004
12,38,201004
12,2,201004
12,171,201004
12,10,201004
12,769,201004
12,32,201004
12,36,201004
12,26,201004
12,112,201004
12,31,201004
12,124,201004
12,85,201004
12,16,201004
12,243,201004
12,101,201004
12,139,201004
12,19,201004
12,18,201004
12,20,201004
12,40,201004
12,69,201004
12,4,201004
12,13,201004
12,23,201004
12,181,201004
12,136,201004
12,77,201004
12,99,201004
12,52,201004
12,346,201004
12,17,201004
12,113,201004
12,5,201004
12,146,201004
12,108,201004
12,28,201004
12,60,201004
12,97,201004
12,1,201004
12,54,201004
12,25,201004
12,6,201004
12,11,201004
12,154,201004
12,137,201004
12,135,201004
13,114,201004
13,77,201004
13,160,201004
13,143,201004
13,137,201004
13,19,201004
13,0,201004
13,211,201004
13,6,201004
13,146,201004
13,60,201004
13,208,201004
13,94,201004
13,57,201004
13,108,201004
13,36,201004
13,444,201004
13,129,201004
13,18,201004
13,112,201004
13,100,201004
13,97,201004
13,85,201004
13,183,201004
13,320,201004
13,107,201004
13,69,201004
13,22,201004
13,2,201004
13,131,201004
13,136,201004
13,64,201004
13,83,201004
13,59,201004
13,29,201004
13,20,201004
13,16,201004
13,48,201004
13,80,201004
13,124,201004
13,14,201004
13,135,201004
13,1144,201004
13,96,201004
13,17,201004
13,46,201004
13,10,201004
13,52,201004
13,165,201004
13,51,201004
13,45,201004
13,65,201004
13,74,201004
13,54,201004
13,35,201004
13,21,201004
13,31,201004
13,28,201004
13,172,201004
13,81,201004
13,1,201004
13,154,201004
13,139,201004
13,24,201004
13,113,201004
13,4,201004
13,92,201004
13,996,201004
13,313,201004
13,896,201004
13,766,201004
13,995,201004
13,815,201004
13,1417,201004
13,283,201004
13,1118,201004
13,180,201004
13,176,201004
13,349,201004
13,40,201004
13,289,201004
13,274,201004
13,297,201004
13,126,201004
13,27,201004
13,26,201004
13,120,201004
13,860,201004
13,117,201004
13,75,201004
13,5,201004
13,178,201004
13,142,201004
13,99,201004
13,121,201004
13,11,201004
13,25,201004
13,32,201004
14,21,201004
14,799,201004
14,208,201004
14,6,201004
14,97,201004
14,101,201004
14,146,201004
14,77,201004
14,52,201004
14,92,201004
14,143,201004
14,76,201004
14,160,201004
14,142,201004
14,94,201004
14,75,201004
14,155,201004
14,48,201004
14,154,201004
14,243,201004
14,29,201004
14,137,201004
14,108,201004
14,51,201004
14,136,201004
14,23,201004
14,122,201004
14,35,201004
14,183,201004
14,264,201004
14,53,201004
14,133,201004
14,172,201004
14,131,201004
14,83,201004
14,115,201004
14,161,201004
14,0,201004
14,96,201004
14,13,201004
14,20,201004
14,100,201004
14,113,201004
14,26,201004
14,18,201004
14,112,201004
14,165,201004
14,1,201004
14,17,201004
14,1147,201004
14,156,201004
14,36,201004
14,25,201004
14,80,201004
14,60,201004
14,10,201004
14,93,201004
14,1020,201004
14,85,201004
14,435,201004
14,4,201004
14,167,201004
14,369,201004
14,28,201004
14,19,201004
14,107,201004
14,46,201004
14,5,201004
14,22,201004
14,59,201004
14,124,201004
14,16,201004
14,9,201004
14,274,201004
14,11,201004
14,129,201004
14,157,201004
14,139,201004
14,54,201004
14,117,201004
14,134,201004
14,2,201004
14,24,201004
14,40,201004
14,27,201004
14,38,201004
14,32,201004
14,81,201004
14,119,201004
14,180,201004
14,31,201004
14,135,201004
14,102,201004
15,18,201004
15,143,201004
15,132,201004
15,183,201004
15,160,201004
15,165,201004
15,77,201004
15,43,201004
15,61,201004
15,195,201004
15,53,201004
15,29,201004
15,136,201004
15,266,201004
15,32,201004
15,375,201004
15,1227,201004
15,10,201004
15,137,201004
16,143,201004
16,362,201004
16,6,201004
16,54,201004
16,1194,201004
16,0,201004
16,32,201004
16,81,201004
16,77,201004
16,160,201004
16,652,201004
16,12,201004
16,101,201004
16,9,201004
16,27,201004
16,126,201004
16,142,201004
16,29,201004
16,40,201004
16,435,201004
16,98,201004
16,41,201004
16,15,201004
16,278,201004
16,233,201004
16,136,201004
16,170,201004
16,115,201004
16,544,201004
16,80,201004
16,2,201004
16,157,201004
16,78,201004
16,269,201004
16,342,201004
16,122,201004
16,5,201004
16,25,201004
16,74,201004
16,159,201004
16,43,201004
16,355,201004
16,76,201004
16,94,201004
16,97,201004
16,13,201004
16,85,201004
16,18,201004
16,102,201004
16,274,201004
16,48,201004
16,135,201004
16,124,201004
16,341,201004
16,20,201004
16,1147,201004
16,1086,201004
16,60,201004
16,35,201004
16,146,201004
16,1,201004
16,1065,201004
16,1022,201004
16,64,201004
16,107,201004
16,523,201004
16,52,201004
16,381,201004
16,178,201004
16,108,201004
16,129,201004
16,92,201004
16,131,201004
16,57,201004
16,36,201004
16,181,201004
16,55,201004
16,59,201004
16,100,201004
16,24,201004
16,154,201004
16,99,201004
16,66,201004
16,83,201004
16,26,201004
16,19,201004
16,176,201004
16,46,201004
16,14,201004
16,139,201004
16,197,201004
16,117,201004
16,120,201004
16,137,201004
16,10,201004
16,155,201004
16,180,201004
16,31,201004
16,17,201004
17,59,201004
17,914,201004
17,120,201004
17,552,201004
17,245,201004
17,5,201004
17,89,201004
17,45,201004
17,13,201004
17,51,201004
17,8,201004
17,137,201004
17,20,201004
17,28,201004
17,241,201004
17,35,201004
17,23,201004
17,97,201004
17,110,201004
17,175,201004
17,675,201004
17,247,201004
17,77,201004
17,14,201004
17,133,201004
17,83,201004
17,160,201004
17,146,201004
17,6,201004
17,143,201004
17,40,201004
17,111,201004
17,96,201004
17,139,201004
17,854,201004
17,60,201004
17,265,201004
17,371,201004
17,80,201004
17,54,201004
17,136,201004
17,21,201004
17,16,201004
17,25,201004
17,180,201004
17,102,201004
17,1,201004
17,116,201004
17,11,201004
17,274,201004
17,27,201004
17,0,201004
17,38,201004
17,108,201004
17,69,201004
17,135,201004
17,99,201004
17,26,201004
17,9,201004
17,12,201004
17,34,201004
17,19,201004
17,2,201004
17,10,201004
17,154,201004
17,18,201004
17,71,201004
17,72,201004
17,32,201004
17,115,201004
17,493,201004
17,52,201004
17,48,201004
17,81,201004
17,345,201004
17,303,201004
17,204,201004
17,4,201004
17,33,201004
17,950,201004
17,353,201004
17,348,201004
17,866,201004
17,70,201004
17,164,201004
17,214,201004
17,61,201004
17,30,201004
17,104,201004
17,184,201004
17,132,201004
17,544,201004
17,209,201004
17,107,201004
17,165,201004
17,1649,201004
17,222,201004
17,7,201004
17,211,201004
17,395,201004
17,37,201004
17,863,201004
17,761,201004
17,183,201004
17,906,201004
17,261,201004
17,819,201004
17,243,201004
17,129,201004
17,53,201004
17,31,201004
17,189,201004
17,213,201004
17,150,201004
17,22,201004
17,85,201004
17,112,201004
17,64,201004
17,92,201004
17,46,201004
17,29,201004
18,54,201004
18,97,201004
18,160,201004
18,247,201004
18,143,201004
18,89,201004
18,19,201004
18,175,201004
18,132,201004
18,281,201004
18,10,201004
18,233,201004
18,133,201004
18,1147,201004
18,138,201004
18,77,201004
18,29,201004
18,146,201004
18,81,201004
18,426,201004
18,31,201004
18,100,201004
18,136,201004
18,1,201004
18,4,201004
18,165,201004
18,72,201004
18,129,201004
18,173,201004
18,172,201004
18,25,201004
18,83,201004
18,60,201004
18,2,201004
18,116,201004
18,20,201004
18,107,201004
18,48,201004
18,74,201004
18,14,201004
18,40,201004
18,0,201004
18,12,201004
18,59,201004
18,9,201004
18,23,201004
18,320,201004
18,26,201004
18,27,201004
18,197,201004
18,645,201004
18,28,201004
18,13,201004
18,17,201004
18,135,201004
18,156,201004
18,171,201004
18,22,201004
18,36,201004
18,142,201004
18,346,201004
18,154,201004
18,64,201004
18,181,201004
18,101,201004
18,1169,201004
18,35,201004
18,61,201004
18,32,201004
18,144,201004
18,1534,201004
18,436,201004
18,145,201004
18,164,201004
18,44,201004
18,131,201004
18,270,201004
18,5,201004
18,159,201004
18,265,201004
18,108,201004
18,242,201004
18,213,201004
18,69,201004
18,440,201004
18,814,201004
18,909,201004
18,21,201004
18,908,201004
18,432,201004
18,111,201004
18,416,201004
18,86,201004
18,413,201004
18,271,201004
18,123,201004
18,46,201004
18,274,201004
18,415,201004
18,62,201004
18,122,201004
18,298,201004
18,43,201004
18,410,201004
18,80,201004
18,170,201004
18,16,201004
18,423,201004
18,137,201004
18,125,201004
18,15,201004
18,66,201004
18,544,201004
18,84,201004
18,234,201004
18,53,201004
18,88,201004
18,93,201004
18,407,201004
18,24,201004
18,174,201004
18,223,201004
18,102,201004
18,52,201004
18,430,201004
18,276,201004
18,34,201004
18,11,201004
18,180,201004
18,163,201004
18,139,201004
18,99,201004
18,30,201004
18,6,201004
18,183,201004
18,85,201004
18,96,201004
18,112,201004
18,113,201004
18,110,201004
18,51,201004
19,6,201004
19,652,201004
19,120,201004
19,160,201004
19,18,201004
19,77,201004
19,175,201004
19,126,201004
19,155,201004
19,176,201004
19,334,201004
19,143,201004
19,354,201004
19,113,201004
19,83,201004
19,28,201004
19,52,201004
19,142,201004
19,112,201004
19,2,201004
19,146,201004
19,46,201004
19,23,201004
19,138,201004
19,107,201004
19,180,201004
19,57,201004
19,5,201004
19,13,201004
19,29,201004
19,129,201004
19,97,201004
19,39,201004
19,40,201004
19,268,201004
19,9,201004
19,135,201004
19,744,201004
19,74,201004
19,1,201004
19,0,201004
19,82,201004
19,133,201004
19,164,201004
19,27,201004
19,54,201004
19,21,201004
19,154,201004
19,132,201004
19,35,201004
19,85,201004
19,131,201004
19,99,201004
19,60,201004
19,320,201004
19,92,201004
19,157,201004
19,213,201004
19,78,201004
19,51,201004
19,69,201004
19,158,201004
19,114,201004
19,55,201004
19,22,201004
19,278,201004
19,81,201004
19,38,201004
19,32,201004
19,17,201004
19,10,201004
19,195,201004
19,139,201004
19,14,201004
19,100,201004
19,137,201004
19,242,201004
19,140,201004
19,208,201004
19,20,201004
19,274,201004
19,26,201004
19,117,201004
19,80,201004
19,182,201004
19,102,201004
19,59,201004
19,79,201004
19,24,201004
19,860,201004
19,101,201004
19,332,201004
19,338,201004
19,387,201004
19,76,201004
19,31,201004
19,16,201004
19,206,201004
19,45,201004
19,119,201004
19,75,201004
19,192,201004
19,134,201004
19,205,201004
19,277,201004
19,799,201004
19,362,201004
19,136,201004
19,172,201004
19,64,201004
19,25,201004
19,36,201004
19,11,201004
19,4,201004
19,48,201004
19,108,201004
20,17,201004
20,89,201004
20,160,201004
20,150,201004
20,146,201004
20,52,201004
20,1048,201004
20,261,201004
20,419,201004
20,11,201004
20,133,201004
20,85,201004
20,102,201004
20,100,201004
20,81,201004
20,9,201004
20,139,201004
20,29,201004
20,31,201004
20,27,201004
20,77,201004
20,14,201004
20,169,201004
20,28,201004
20,40,201004
20,154,201004
20,25,201004
20,19,201004
20,13,201004
20,108,201004
20,4,201004
20,26,201004
20,32,201004
20,2,201004
20,72,201004
20,35,201004
20,99,201004
20,24,201004
20,10,201004
20,60,201004
20,0,201004
20,274,201004
20,124,201004
20,155,201004
20,303,201004
20,137,201004
20,1,201004
20,165,201004
20,86,201004
20,180,201004
20,64,201004
20,96,201004
20,92,201004
20,736,201004
20,215,201004
20,53,201004
20,54,201004
20,741,201004
20,211,201004
20,832,201004
20,214,201004
20,177,201004
20,315,201004
20,866,201004
20,22,201004
20,906,201004
20,48,201004
20,18,201004
20,69,201004
20,107,201004
20,761,201004
20,189,201004
20,16,201004
20,183,201004
20,23,201004
20,21,201004
20,51,201004
20,243,201004
20,213,201004
20,184,201004
20,136,201004
20,113,201004
20,97,201004
20,59,201004
20,33,201004
20,135,201004
20,8,201004
20,6,201004
20,121,201004
20,7,201004
20,46,201004
21,745,201004
21,160,201004
21,755,201004
21,866,201004
21,736,201004
21,761,201004
21,165,201004
21,72,201004
21,40,201004
21,59,201004
21,32,201004
21,147,201004
21,132,201004
21,102,201004
21,13,201004
21,26,201004
21,164,201004
21,38,201004
21,83,201004
21,96,201004
21,136,201004
21,1,201004
21,85,201004
21,108,201004
21,77,201004
21,135,201004
21,27,201004
21,86,201004
21,81,201004
21,99,201004
21,17,201004
21,31,201004
21,14,201004
21,346,201004
21,19,201004
21,112,201004
21,97,201004
21,143,201004
21,11,201004
21,154,201004
21,9,201004
21,18,201004
21,60,201004
21,64,201004
21,48,201004
21,274,201004
21,92,201004
21,22,201004
21,2,201004
21,69,201004
21,213,201004
21,183,201004
21,189,201004
21,7,201004
21,20,201004
21,121,201004
21,51,201004
21,89,201004
21,4,201004
21,29,201004
21,25,201004
21,137,201004
21,113,201004
21,133,201004
21,23,201004
21,10,201004
21,28,201004
22,160,201004
22,165,201004
22,115,201004
22,10,201004
22,97,201004
22,143,201004
22,100,201004
22,13,201004
22,4,201004
22,5,201004
22,132,201004
22,21,201004
22,121,201004
22,189,201004
22,133,201004
22,88,201004
22,2,201004
22,12,201004
22,213,201004
22,137,201004
22,27,201004
22,80,201004
22,211,201004
22,86,201004
22,150,201004
22,906,201004
22,14,201004
22,99,201004
22,36,201004
22,58,201004
22,346,201004
22,1147,201004
22,113,201004
22,108,201004
22,85,201004
22,40,201004
22,11,201004
22,274,201004
22,23,201004
22,26,201004
22,60,201004
22,154,201004
22,92,201004
22,107,201004
22,18,201004
22,51,201004
22,20,201004
22,136,201004
22,1,201004
22,96,201004
22,25,201004
22,17,201004
22,135,201004
22,29,201004
22,28,201004
23,5,201004
23,863,201004
23,247,201004
23,110,201004
23,160,201004
23,39,201004
23,282,201004
23,89,201004
23,28,201004
23,521,201004
23,133,201004
23,213,201004
23,348,201004
23,143,201004
23,501,201004
23,11,201004
23,136,201004
23,189,201004
23,0,201004
23,34,201004
23,1747,201004
23,339,201004
23,51,201004
23,45,201004
23,138,201004
23,150,201004
23,906,201004
23,77,201004
23,65,201004
23,80,201004
23,1,201004
23,211,201004
23,137,201004
23,36,201004
23,19,201004
23,749,201004
23,25,201004
23,12,201004
23,764,201004
23,214,201004
23,100,201004
23,536,201004
23,48,201004
23,60,201004
23,18,201004
23,16,201004
23,72,201004
23,135,201004
23,96,201004
23,177,201004
23,38,201004
23,108,201004
23,299,201004
23,53,201004
23,85,201004
23,46,201004
23,64,201004
23,2,201004
23,27,201004
23,346,201004
23,92,201004
23,345,201004
23,817,201004
23,52,201004
23,9,201004
23,183,201004
23,154,201004
23,69,201004
23,107,201004
23,31,201004
23,20,201004
23,97,201004
23,4,201004
23,112,201004
23,10,201004
23,21,201004
24,266,201004
24,161,201004
24,16,201004
24,160,201004
24,81,201004
24,132,201004
24,544,201004
24,83,201004
24,9,201004
24,158,201004
24,271,201004
24,72,201004
24,171,201004
24,82,201004
24,44,201004
24,38,201004
24,35,201004
24,341,201004
24,48,201004
24,41,201004
24,108,201004
24,53,201004
24,39,201004
24,1147,201004
24,136,201004
24,51,201004
24,36,201004
24,64,201004
24,32,201004
24,178,201004
24,29,201004
24,18,201004
24,26,201004
24,54,201004
24,137,201004
24,19,201004
24,6,201004
24,25,201004
24,60,201004
24,99,201004
24,97,201004
24,46,201004
24,14,201004
25,160,201004
25,138,201004
25,136,201004
25,97,201004
25,143,201004
25,1194,201004
25,115,201004
25,173,201004
25,77,201004
25,98,201004
25,327,201004
25,137,201004
25,339,201004
25,552,201004
25,336,201004
25,87,201004
25,146,201004
25,543,201004
25,175,201004
25,165,201004
25,108,201004
25,2,201004
25,6,201004
25,78,201004
25,19,201004
25,9,201004
25,183,201004
25,20,201004
25,153,201004
25,22,201004
25,117,201004
25,104,201004
25,80,201004
25,181,201004
25,107,201004
25,52,201004
25,126,201004
25,112,201004
25,40,201004
25,46,201004
25,4,201004
25,17,201004
25,60,201004
25,62,201004
25,131,201004
25,314,201004
25,12,201004
25,16,201004
25,265,201004
25,69,201004
25,113,201004
25,24,201004
25,21,201004
25,89,201004
25,394,201004
25,74,201004
25,208,201004
25,83,201004
25,158,201004
25,154,201004
25,163,201004
25,99,201004
25,35,201004
25,29,201004
25,167,201004
25,1147,201004
25,371,201004
25,346,201004
25,23,201004
25,27,201004
25,335,201004
25,64,201004
25,32,201004
25,71,201004
25,28,201004
25,110,201004
25,7,201004
25,72,201004
25,340,201004
25,0,201004
25,216,201004
25,118,201004
25,81,201004
25,11,201004
25,139,201004
25,385,201004
25,63,201004
25,333,201004
25,18,201004
25,1,201004
25,237,201004
25,188,201004
25,393,201004
25,59,201004
25,326,201004
25,39,201004
25,76,201004
25,57,201004
25,65,201004
25,390,201004
25,355,201004
25,132,201004
25,58,201004
25,38,201004
25,85,201004
25,544,201004
25,45,201004
25,495,201004
25,36,201004
25,120,201004
25,101,201004
25,116,201004
25,152,201004
25,34,201004
25,341,201004
25,157,201004
25,93,201004
25,161,201004
25,156,201004
25,53,201004
25,54,201004
25,149,201004
25,124,201004
25,100,201004
25,96,201004
25,274,201004
25,31,201004
25,129,201004
25,47,201004
25,14,201004
25,51,201004
25,13,201004
25,48,201004
25,26,201004
25,10,201004
26,137,201004
26,132,201004
26,178,201004
26,29,201004
26,94,201004
26,12,201004
26,133,201004
26,813,201004
26,169,201004
26,25,201004
26,10,201004
26,1193,201004
26,113,201004
26,129,201004
26,36,201004
26,136,201004
26,83,201004
26,156,201004
26,139,201004
26,28,201004
26,32,201004
26,18,201004
26,20,201004
26,71,201004
26,92,201004
26,11,201004
26,86,201004
26,27,201004
26,2,201004
26,24,201004
26,69,201004
26,21,201004
26,143,201004
26,0,201004
26,48,201004
26,131,201004
26,154,201004
26,54,201004
26,51,201004
26,17,201004
26,1,201004
26,100,201004
26,97,201004
26,76,201004
26,13,201004
26,142,201004
26,1147,201004
26,98,201004
26,60,201004
26,65,201004
26,57,201004
26,125,201004
26,320,201004
26,80,201004
26,85,201004
26,134,201004
26,158,201004
26,146,201004
26,81,201004
26,278,201004
26,64,201004
26,126,201004
26,38,201004
26,63,201004
26,39,201004
26,101,201004
26,45,201004
26,120,201004
26,237,201004
26,181,201004
26,544,201004
26,19,201004
26,46,201004
26,40,201004
26,140,201004
26,78,201004
26,338,201004
26,114,201004
26,192,201004
26,14,201004
26,77,201004
26,31,201004
26,16,201004
26,180,201004
26,155,201004
26,102,201004
26,117,201004
26,55,201004
26,860,201004
26,75,201004
26,160,201004
26,99,201004
26,108,201004
26,135,201004
26,35,201004
27,136,201004
27,175,201004
27,12,201004
27,146,201004
27,81,201004
27,281,201004
27,160,201004
27,17,201004
27,1,201004
27,197,201004
27,9,201004
27,77,201004
27,143,201004
27,120,201004
27,336,201004
27,62,201004
27,28,201004
27,544,201004
27,154,201004
27,282,201004
27,99,201004
27,58,201004
27,183,201004
27,206,201004
27,102,201004
27,14,201004
27,144,201004
27,83,201004
27,25,201004
27,885,201004
27,41,201004
27,43,201004
27,94,201004
27,38,201004
27,5,201004
27,278,201004
27,13,201004
27,0,201004
27,338,201004
27,265,201004
27,368,201004
27,64,201004
27,4,201004
27,242,201004
27,60,201004
27,165,201004
27,180,201004
27,18,201004
27,149,201004
27,2,201004
27,10,201004
27,490,201004
27,48,201004
27,26,201004
27,22,201004
27,100,201004
27,80,201004
27,11,201004
27,30,201004
27,181,201004
27,155,201004
27,752,201004
27,112,201004
27,32,201004
27,107,201004
27,85,201004
27,834,201004
27,19,201004
27,860,201004
27,40,201004
27,588,201004
27,47,201004
27,20,201004
27,93,201004
27,46,201004
27,139,201004
27,142,201004
27,108,201004
27,52,201004
27,97,201004
27,388,201004
27,16,201004
27,1482,201004
27,29,201004
27,21,201004
27,59,201004
27,92,201004
27,96,201004
27,51,201004
27,6,201004
27,54,201004
27,31,201004
27,274,201004
27,137,201004
27,135,201004
28,160,201004
28,51,201004
28,143,201004
28,5,201004
28,146,201004
28,77,201004
28,1,201004
28,493,201004
28,23,201004
28,26,201004
28,941,201004
28,108,201004
28,223,201004
28,4,201004
28,544,201004
28,25,201004
28,154,201004
28,18,201004
28,99,201004
28,180,201004
28,83,201004
28,60,201004
28,31,201004
28,157,201004
28,85,201004
28,27,201004
28,16,201004
28,81,201004
28,64,201004
28,20,201004
28,97,201004
28,52,201004
28,2,201004
28,1147,201004
28,40,201004
28,72,201004
28,183,201004
28,35,201004
28,19,201004
28,14,201004
28,12,201004
28,13,201004
28,155,201004
28,136,201004
28,142,201004
28,0,201004
28,100,201004
28,89,201004
28,80,201004
28,102,201004
28,69,201004
28,54,201004
28,261,201004
28,11,201004
28,222,201004
28,165,201004
28,274,201004
28,96,201004
28,107,201004
28,92,201004
28,59,201004
28,46,201004
28,32,201004
28,22,201004
28,135,201004
28,6,201004
28,29,201004
28,17,201004
28,112,201004
28,21,201004
28,10,201004
28,137,201004
29,85,201004
29,152,201004
29,675,201004
29,6,201004
29,45,201004
29,145,201004
29,137,201004
29,160,201004
29,131,201004
29,89,201004
29,146,201004
29,241,201004
29,35,201004
29,64,201004
29,58,201004
29,61,201004
29,110,201004
29,18,201004
29,19,201004
29,143,201004
29,59,201004
29,77,201004
29,552,201004
29,135,201004
29,1088,201004
29,36,201004
29,175,201004
29,132,201004
29,100,201004
29,26,201004
29,28,201004
29,30,201004
29,371,201004
29,308,201004
29,112,201004
29,40,201004
29,117,201004
29,80,201004
29,60,201004
29,140,201004
29,544,201004
29,114,201004
29,51,201004
29,99,201004
29,139,201004
29,296,201004
29,102,201004
29,233,201004
29,23,201004
29,79,201004
29,111,201004
29,251,201004
29,108,201004
29,177,201004
29,57,201004
29,182,201004
29,74,201004
29,274,201004
29,136,201004
29,75,201004
29,12,201004
29,25,201004
29,104,201004
29,52,201004
29,121,201004
29,27,201004
29,97,201004
29,159,201004
29,93,201004
29,94,201004
29,32,201004
29,96,201004
29,169,201004
29,320,201004
29,69,201004
29,178,201004
29,53,201004
29,31,201004
29,55,201004
29,76,201004
29,126,201004
29,1147,201004
29,81,201004
29,156,201004
29,153,201004
29,38,201004
29,71,201004
29,155,201004
29,24,201004
29,163,201004
29,83,201004
29,78,201004
29,129,201004
29,0,201004
29,170,201004
29,2,201004
29,66,201004
29,375,201004
29,16,201004
29,17,201004
29,48,201004
29,62,201004
29,180,201004
29,125,201004
29,15,201004
29,172,201004
29,9,201004
29,197,201004
29,213,201004
29,181,201004
29,269,201004
29,142,201004
29,270,201004
29,101,201004
29,176,201004
29,44,201004
29,8,201004
29,303,201004
29,43,201004
29,122,201004
29,11,201004
29,124,201004
29,46,201004
29,63,201004
29,420,201004
29,276,201004
29,267,201004
29,443,201004
29,134,201004
29,265,201004
29,171,201004
29,7,201004
29,422,201004
29,39,201004
29,65,201004
29,224,201004
29,379,201004
29,183,201004
29,54,201004
29,72,201004
29,120,201004
29,13,201004
29,237,201004
29,208,201004
29,34,201004
29,165,201004
29,242,201004
29,292,201004
29,198,201004
29,107,201004
29,193,201004
29,144,201004
29,14,201004
29,154,201004
29,22,201004
29,21,201004
29,4,201004
29,113,201004
29,1,201004
29,10,201004
29,20,201004
30,25,201004
30,136,201004
30,4,201004
30,419,201004
30,104,201004
30,160,201004
30,143,201004
30,53,201004
30,120,201004
30,12,201004
30,878,201004
30,10,201004
30,135,201004
30,100,201004
30,19,201004
30,67,201004
30,27,201004
30,776,201004
30,1090,201004
30,14,201004
30,783,201004
30,18,201004
30,26,201004
30,96,201004
30,107,201004
30,753,201004
30,754,201004
30,88,201004
30,17,201004
30,1227,201004
30,11,201004
31,739,201004
31,60,201004
31,55,201004
31,175,201004
31,19,201004
31,77,201004
31,97,201004
31,165,201004
31,35,201004
31,160,201004
31,146,201004
31,167,201004
31,99,201004
31,124,201004
31,29,201004
31,16,201004
31,106,201004
31,320,201004
31,9,201004
31,242,201004
31,94,201004
31,76,201004
31,45,201004
31,158,201004
31,53,201004
31,142,201004
31,61,201004
31,18,201004
31,119,201004
31,122,201004
31,278,201004
31,145,201004
31,156,201004
31,10,201004
31,342,201004
31,120,201004
31,41,201004
31,39,201004
31,57,201004
31,133,201004
31,888,201004
31,20,201004
31,66,201004
31,192,201004
31,1,201004
31,32,201004
31,17,201004
31,113,201004
31,131,201004
31,346,201004
31,21,201004
31,181,201004
31,544,201004
31,96,201004
31,135,201004
31,380,201004
31,4,201004
31,40,201004
31,154,201004
31,503,201004
31,115,201004
31,136,201004
31,139,201004
31,26,201004
31,13,201004
31,64,201004
31,155,201004
31,107,201004
31,23,201004
31,46,201004
31,5,201004
31,12,201004
31,112,201004
31,11,201004
31,59,201004
31,54,201004
31,102,201004
31,80,201004
31,38,201004
31,28,201004
31,274,201004
31,52,201004
31,2,201004
31,85,201004
31,6,201004
31,81,201004
31,48,201004
31,27,201004
31,25,201004
31,0,201004
31,92,201004
31,100,201004
31,83,201004
31,108,201004
31,14,201004
31,137,201004
32,77,201004
32,160,201004
32,282,201004
32,16,201004
32,138,201004
32,100,201004
32,142,201004
32,155,201004
32,143,201004
32,266,201004
32,544,201004
32,149,201004
32,25,201004
32,183,201004
32,113,201004
32,136,201004
32,85,201004
32,124,201004
32,102,201004
32,180,201004
32,23,201004
32,12,201004
32,40,201004
32,35,201004
32,64,201004
32,81,201004
32,197,201004
32,97,201004
32,80,201004
32,242,201004
32,61,201004
32,10,201004
32,48,201004
32,11,201004
32,54,201004
32,21,201004
32,31,201004
32,134,201004
32,38,201004
32,176,201004
32,99,201004
32,274,201004
32,117,201004
32,18,201004
32,4,201004
32,46,201004
32,107,201004
32,39,201004
32,429,201004
32,208,201004
32,62,201004
32,65,201004
32,29,201004
32,139,201004
32,24,201004
32,178,201004
32,101,201004
32,146,201004
32,341,201004
32,159,201004
32,34,201004
32,22,201004
32,17,201004
32,63,201004
32,83,201004
32,814,201004
32,269,201004
32,108,201004
32,76,201004
32,137,201004
32,43,201004
32,163,201004
32,19,201004
32,79,201004
32,154,201004
32,9,201004
32,1147,201004
32,165,201004
32,27,201004
32,2,201004
32,181,201004
32,126,201004
32,120,201004
32,92,201004
32,170,201004
32,320,201004
32,440,201004
32,110,201004
32,131,201004
32,0,201004
32,141,201004
32,58,201004
32,193,201004
32,362,201004
32,545,201004
32,94,201004
32,171,201004
32,129,201004
32,55,201004
32,135,201004
32,66,201004
32,145,201004
32,44,201004
32,192,201004
32,78,201004
32,198,201004
32,144,201004
32,114,201004
32,15,201004
32,546,201004
32,157,201004
32,60,201004
32,132,201004
32,52,201004
32,175,201004
32,75,201004
32,233,201004
32,237,201004
32,276,201004
32,36,201004
32,332,201004
32,140,201004
32,26,201004
32,59,201004
32,6,201004
32,57,201004
32,338,201004
32,205,201004
32,45,201004
32,195,201004
32,1,201004
32,72,201004
32,182,201004
32,51,201004
32,206,201004
32,74,201004
32,270,201004
32,28,201004
32,14,201004
32,20,201004
32,13,201004
33,51,201004
33,164,201004
33,214,201004
33,346,201004
33,17,201004
33,1227,201004
33,5,201004
33,10,201004
33,11,201004
33,136,201004
33,4,201004
33,20,201004
34,84,201004
34,143,201004
34,588,201004
34,9,201004
34,552,201004
34,104,201004
34,160,201004
34,1747,201004
34,133,201004
34,40,201004
34,76,201004
34,157,201004
34,54,201004
34,80,201004
34,22,201004
34,860,201004
34,77,201004
34,2,201004
34,23,201004
34,53,201004
34,148,201004
34,10,201004
34,346,201004
34,99,201004
34,20,201004
34,154,201004
34,1227,201004
34,136,201004
34,17,201004
34,136,201004
34,160,201004
34,18,201004
34,10,201004
34,29,201004
34,25,201004
34,97,201004
34,137,201004
35,39,201004
35,1195,201004
35,45,201004
35,160,201004
35,54,201004
35,40,201004
35,17,201004
35,282,201004
35,960,201004
35,675,201004
35,46,201004
35,393,201004
35,170,201004
35,48,201004
35,97,201004
35,129,201004
35,64,201004
35,80,201004
35,241,201004
35,41,201004
35,143,201004
35,60,201004
35,167,201004
35,146,201004
35,13,201004
35,1344,201004
35,57,201004
35,59,201004
35,29,201004
35,25,201004
35,322,201004
35,445,201004
35,6,201004
35,155,201004
35,81,201004
35,21,201004
35,4,201004
35,20,201004
35,19,201004
35,32,201004
35,78,201004
35,26,201004
35,113,201004
35,1,201004
35,1305,201004
35,739,201004
35,142,201004
35,93,201004
35,96,201004
35,136,201004
35,107,201004
35,0,201004
35,77,201004
35,52,201004
35,16,201004
35,71,201004
35,18,201004
35,101,201004
35,139,201004
35,120,201004
35,76,201004
35,108,201004
35,156,201004
35,100,201004
35,38,201004
35,31,201004
35,14,201004
35,173,201004
35,769,201004
35,154,201004
35,172,201004
35,83,201004
35,10,201004
35,99,201004
35,137,201004
36,143,201004
36,342,201004
36,165,201004
36,14,201004
36,160,201004
36,375,201004
36,23,201004
36,65,201004
36,139,201004
36,80,201004
36,60,201004
36,31,201004
36,16,201004
36,9,201004
36,26,201004
36,83,201004
36,29,201004
36,40,201004
36,99,201004
36,81,201004
36,54,201004
36,28,201004
36,18,201004
36,142,201004
36,27,201004
36,269,201004
36,24,201004
36,154,201004
36,178,201004
36,77,201004
36,341,201004
36,135,201004
36,6,201004
36,146,201004
36,102,201004
36,41,201004
36,52,201004
36,10,201004
36,155,201004
36,32,201004
36,13,201004
36,25,201004
36,208,201004
36,19,201004
36,97,201004
36,137,201004
36,108,201004
36,119,201004
36,46,201004
36,59,201004
37,493,201004
37,17,201004
37,1,201004
38,120,201004
38,339,201004
38,1209,201004
38,6,201004
38,77,201004
38,160,201004
38,158,201004
38,134,201004
38,163,201004
38,165,201004
38,180,201004
38,0,201004
38,24,201004
38,233,201004
38,274,201004
38,26,201004
38,112,201004
38,22,201004
38,133,201004
38,143,201004
38,13,201004
38,81,201004
38,21,201004
38,106,201004
38,15,201004
38,139,201004
38,126,201004
38,142,201004
38,183,201004
38,27,201004
38,18,201004
38,85,201004
38,146,201004
38,124,201004
38,137,201004
38,28,201004
38,102,201004
38,32,201004
38,64,201004
38,96,201004
38,25,201004
38,80,201004
38,31,201004
38,178,201004
38,29,201004
38,97,201004
38,2,201004
38,19,201004
38,154,201004
38,155,201004
38,17,201004
38,92,201004
38,11,201004
38,10,201004
38,99,201004
38,1,201004
38,48,201004
38,46,201004
38,35,201004
38,108,201004
38,59,201004
38,100,201004
38,135,201004
38,60,201004
38,14,201004
39,23,201004
39,48,201004
39,46,201004
39,143,201004
39,121,201004
39,137,201004
39,31,201004
39,160,201004
39,35,201004
39,19,201004
39,320,201004
39,77,201004
39,501,201004
39,180,201004
39,152,201004
39,62,201004
39,80,201004
39,544,201004
39,250,201004
39,157,201004
39,81,201004
39,208,201004
39,543,201004
39,1147,201004
39,97,201004
39,64,201004
39,344,201004
39,341,201004
39,22,201004
39,32,201004
39,99,201004
39,26,201004
39,29,201004
39,25,201004
40,16,201004
40,27,201004
40,495,201004
40,281,201004
40,77,201004
40,19,201004
40,155,201004
40,318,201004
40,143,201004
40,205,201004
40,54,201004
40,59,201004
40,160,201004
40,739,201004
40,135,201004
40,544,201004
40,126,201004
40,72,201004
40,154,201004
40,242,201004
40,157,201004
40,133,201004
40,180,201004
40,4,201004
40,1,201004
40,17,201004
40,94,201004
40,57,201004
40,116,201004
40,152,201004
40,233,201004
40,80,201004
40,102,201004
40,62,201004
40,0,201004
40,51,201004
40,85,201004
40,83,201004
40,96,201004
40,100,201004
40,13,201004
40,274,201004
40,11,201004
40,181,201004
40,29,201004
40,2,201004
40,26,201004
40,64,201004
40,463,201004
40,355,201004
40,137,201004
40,108,201004
40,18,201004
40,45,201004
40,146,201004
40,92,201004
40,344,201004
40,346,201004
40,48,201004
40,97,201004
40,316,201004
40,23,201004
40,9,201004
40,21,201004
40,36,201004
40,266,201004
40,60,201004
40,320,201004
40,136,201004
40,178,201004
40,112,201004
40,46,201004
40,32,201004
40,35,201004
40,99,201004
40,6,201004
40,52,201004
40,20,201004
40,10,201004
40,25,201004
40,139,201004
40,14,201004
41,552,201004
41,160,201004
41,97,201004
41,59,201004
41,60,201004
41,339,201004
41,156,201004
41,320,201004
41,101,201004
41,31,201004
41,287,201004
41,24,201004
41,54,201004
41,1147,201004
41,139,201004
41,64,201004
41,83,201004
41,76,201004
41,35,201004
41,6,201004
41,48,201004
41,36,201004
41,108,201004
41,137,201004
41,46,201004
43,44,201004
43,160,201004
43,281,201004
43,181,201004
43,54,201004
43,39,201004
43,75,201004
43,174,201004
43,155,201004
43,31,201004
43,46,201004
43,142,201004
43,45,201004
43,12,201004
43,32,201004
43,1147,201004
43,64,201004
43,29,201004
43,18,201004
43,136,201004
43,266,201004
43,97,201004
43,10,201004
44,43,201004
44,54,201004
44,122,201004
44,125,201004
44,64,201004
44,443,201004
44,0,201004
44,346,201004
44,1169,201004
44,18,201004
44,29,201004
44,32,201004
45,207,201004
45,675,201004
45,120,201004
45,188,201004
45,72,201004
45,85,201004
45,16,201004
45,195,201004
45,25,201004
45,170,201004
45,233,201004
45,32,201004
45,99,201004
45,171,201004
45,35,201004
45,92,201004
45,34,201004
45,38,201004
45,58,201004
45,24,201004
45,31,201004
45,100,201004
45,142,201004
45,63,201004
45,39,201004
45,14,201004
45,40,201004
45,160,201004
45,0,201004
45,46,201004
45,178,201004
45,77,201004
45,341,201004
45,6,201004
45,29,201004
45,64,201004
45,26,201004
45,19,201004
45,97,201004
45,137,201004
46,64,201004
46,77,201004
46,175,201004
46,27,201004
46,160,201004
46,14,201004
46,339,201004
46,143,201004
46,19,201004
46,83,201004
46,97,201004
46,58,201004
46,0,201004
46,123,201004
46,213,201004
46,55,201004
46,85,201004
46,136,201004
46,126,201004
46,158,201004
46,34,201004
46,135,201004
46,354,201004
46,86,201004
46,53,201004
46,652,201004
46,140,201004
46,54,201004
46,6,201004
46,165,201004
46,13,201004
46,96,201004
46,341,201004
46,82,201004
46,11,201004
46,131,201004
46,320,201004
46,94,201004
46,132,201004
46,60,201004
46,102,201004
46,45,201004
46,156,201004
46,137,201004
46,63,201004
46,120,201004
46,1147,201004
46,81,201004
46,99,201004
46,76,201004
46,155,201004
46,52,201004
46,287,201004
46,813,201004
46,178,201004
46,79,201004
46,78,201004
46,860,201004
46,154,201004
46,278,201004
46,31,201004
46,180,201004
46,173,201004
46,134,201004
46,32,201004
46,25,201004
46,65,201004
46,142,201004
46,157,201004
46,18,201004
46,39,201004
46,57,201004
46,100,201004
46,29,201004
46,38,201004
46,40,201004
46,342,201004
46,48,201004
46,176,201004
46,355,201004
46,445,201004
46,237,201004
46,208,201004
46,80,201004
46,26,201004
46,146,201004
46,544,201004
46,224,201004
46,16,201004
46,182,201004
46,192,201004
46,141,201004
46,95,201004
46,799,201004
46,2,201004
46,250,201004
46,152,201004
46,59,201004
46,117,201004
46,89,201004
46,124,201004
46,797,201004
46,106,201004
46,458,201004
46,73,201004
46,35,201004
46,41,201004
46,172,201004
46,4,201004
46,75,201004
46,744,201004
46,769,201004
46,28,201004
46,101,201004
46,24,201004
46,129,201004
46,20,201004
46,17,201004
46,36,201004
46,139,201004
46,10,201004
46,108,201004
46,1,201004
47,72,201004
47,155,201004
47,81,201004
47,133,201004
47,92,201004
47,154,201004
47,80,201004
47,0,201004
47,135,201004
47,124,201004
47,1147,201004
47,1169,201004
47,274,201004
47,137,201004
47,25,201004
48,39,201004
48,64,201004
48,768,201004
48,77,201004
48,60,201004
48,79,201004
48,143,201004
48,552,201004
48,35,201004
48,380,201004
48,769,201004
48,160,201004
48,38,201004
48,154,201004
48,107,201004
48,113,201004
48,19,201004
48,13,201004
48,136,201004
48,11,201004
48,17,201004
48,24,201004
48,18,201004
48,4,201004
48,27,201004
48,112,201004
48,12,201004
48,10,201004
48,26,201004
48,6,201004
48,85,201004
48,108,201004
48,80,201004
48,40,201004
48,208,201004
48,28,201004
48,142,201004
48,54,201004
48,41,201004
48,2,201004
48,20,201004
48,124,201004
48,134,201004
48,25,201004
48,23,201004
48,1147,201004
48,81,201004
48,14,201004
48,52,201004
48,341,201004
48,266,201004
48,75,201004
48,197,201004
48,16,201004
48,146,201004
48,21,201004
48,1,201004
48,101,201004
48,46,201004
48,176,201004
48,65,201004
48,95,201004
48,274,201004
48,181,201004
48,57,201004
48,155,201004
48,83,201004
48,815,201004
48,120,201004
48,194,201004
48,195,201004
48,172,201004
48,320,201004
48,121,201004
48,180,201004
48,0,201004
48,92,201004
48,31,201004
48,102,201004
48,129,201004
48,100,201004
48,29,201004
48,59,201004
48,97,201004
48,119,201004
48,99,201004
48,178,201004
48,32,201004
48,135,201004
48,137,201004
49,69,201004
49,806,201004
49,51,201004
50,51,201004
50,69,201004
50,177,201004
50,346,201004
50,1169,201004
50,4,201004
51,184,201004
51,1196,201004
51,69,201004
51,741,201004
51,132,201004
51,143,201004
51,795,201004
51,142,201004
51,842,201004
51,214,201004
51,17,201004
51,160,201004
51,23,201004
51,215,201004
51,5,201004
51,77,201004
51,247,201004
51,164,201004
51,97,201004
51,81,201004
51,149,201004
51,19,201004
51,47,201004
51,85,201004
51,9,201004
51,3,201004
51,48,201004
51,52,201004
51,1649,201004
51,32,201004
51,120,201004
51,26,201004
51,24,201004
51,136,201004
51,27,201004
51,6,201004
51,72,201004
51,25,201004
51,1319,201004
51,2,201004
51,60,201004
51,346,201004
51,1,201004
51,107,201004
51,12,201004
51,13,201004
51,137,201004
51,8,201004
51,165,201004
51,92,201004
51,0,201004
51,146,201004
51,133,201004
51,49,201004
51,189,201004
51,14,201004
51,10,201004
51,213,201004
51,819,201004
51,274,201004
51,150,201004
51,33,201004
51,121,201004
51,96,201004
51,28,201004
51,89,201004
51,59,201004
51,20,201004
51,112,201004
51,7,201004
51,110,201004
51,29,201004
51,183,201004
51,4,201004
51,64,201004
51,11,201004
51,135,201004
51,21,201004
51,113,201004
51,18,201004
52,6,201004
52,117,201004
52,138,201004
52,19,201004
52,20,201004
52,720,201004
52,160,201004
52,293,201004
52,176,201004
52,102,201004
52,180,201004
52,143,201004
52,175,201004
52,13,201004
52,77,201004
52,72,201004
52,18,201004
52,198,201004
52,94,201004
52,57,201004
52,65,201004
52,40,201004
52,131,201004
52,53,201004
52,76,201004
52,124,201004
52,181,201004
52,85,201004
52,5,201004
52,36,201004
52,45,201004
52,278,201004
52,2,201004
52,274,201004
52,11,201004
52,9,201004
52,25,201004
52,154,201004
52,112,201004
52,83,201004
52,27,201004
52,28,201004
52,21,201004
52,113,201004
52,64,201004
52,108,201004
52,51,201004
52,82,201004
52,23,201004
52,183,201004
52,266,201004
52,35,201004
52,46,201004
52,1,201004
52,60,201004
52,100,201004
52,0,201004
52,38,201004
52,139,201004
52,48,201004
52,142,201004
52,17,201004
52,16,201004
52,146,201004
52,29,201004
52,99,201004
52,59,201004
52,32,201004
52,31,201004
52,129,201004
52,10,201004
52,136,201004
52,135,201004
52,137,201004
52,97,201004
52,14,201004
53,136,201004
53,160,201004
53,70,201004
53,4,201004
53,104,201004
53,247,201004
53,77,201004
53,145,201004
53,265,201004
53,12,201004
53,9,201004
53,121,201004
53,11,201004
53,38,201004
53,60,201004
53,14,201004
53,0,201004
53,96,201004
53,45,201004
53,23,201004
53,2,201004
53,710,201004
53,46,201004
53,29,201004
53,393,201004
53,20,201004
53,18,201004
53,10,201004
53,17,201004
53,97,201004
53,25,201004
53,137,201004
54,430,201004
54,143,201004
54,19,201004
54,29,201004
54,276,201004
54,100,201004
54,43,201004
54,440,201004
54,814,201004
54,160,201004
54,18,201004
54,422,201004
54,77,201004
54,44,201004
54,149,201004
54,133,201004
54,39,201004
54,14,201004
54,65,201004
54,96,201004
54,52,201004
54,26,201004
54,249,201004
54,61,201004
54,122,201004
54,21,201004
54,11,201004
54,78,201004
54,213,201004
54,40,201004
54,135,201004
54,112,201004
54,6,201004
54,81,201004
54,1,201004
54,739,201004
54,80,201004
54,1144,201004
54,154,201004
54,28,201004
54,17,201004
54,92,201004
54,0,201004
54,58,201004
54,60,201004
54,1205,201004
54,31,201004
54,969,201004
54,97,201004
54,132,201004
54,180,201004
54,59,201004
54,1147,201004
54,354,201004
54,156,201004
54,1180,201004
54,139,201004
54,274,201004
54,48,201004
54,16,201004
54,20,201004
54,24,201004
54,13,201004
54,12,201004
54,75,201004
54,108,201004
54,74,201004
54,197,201004
54,136,201004
54,83,201004
54,4,201004
54,137,201004
54,181,201004
54,146,201004
54,131,201004
54,46,201004
54,27,201004
54,25,201004
54,10,201004
54,99,201004
54,32,201004
55,126,201004
55,134,201004
55,140,201004
55,74,201004
55,170,201004
55,64,201004
55,294,201004
55,31,201004
55,29,201004
55,19,201004
55,32,201004
55,16,201004
55,99,201004
55,60,201004
55,6,201004
55,59,201004
55,26,201004
56,1147,201004
56,178,201004
57,77,201004
57,97,201004
57,160,201004
57,143,201004
57,152,201004
57,197,201004
57,157,201004
57,188,201004
57,242,201004
57,270,201004
57,126,201004
57,13,201004
57,176,201004
57,171,201004
57,180,201004
57,29,201004
57,154,201004
57,544,201004
57,124,201004
57,1147,201004
57,26,201004
57,99,201004
57,46,201004
57,146,201004
57,64,201004
57,16,201004
57,1250,201004
57,48,201004
57,25,201004
57,6,201004
57,19,201004
57,375,201004
57,60,201004
57,32,201004
57,137,201004
58,143,201004
58,914,201004
58,80,201004
58,97,201004
58,160,201004
58,41,201004
58,75,201004
58,65,201004
58,114,201004
58,16,201004
58,57,201004
58,2,201004
58,132,201004
58,29,201004
58,140,201004
58,14,201004
58,181,201004
58,106,201004
58,112,201004
58,346,201004
58,4,201004
58,22,201004
58,46,201004
58,99,201004
58,32,201004
58,64,201004
58,136,201004
58,25,201004
58,137,201004
59,137,201004
59,675,201004
59,146,201004
59,138,201004
59,17,201004
59,213,201004
59,19,201004
59,160,201004
59,89,201004
59,1099,201004
59,110,201004
59,45,201004
59,322,201004
59,241,201004
59,29,201004
59,26,201004
59,77,201004
59,143,201004
59,100,201004
59,96,201004
59,4,201004
59,8,201004
59,154,201004
59,164,201004
59,183,201004
59,69,201004
59,85,201004
59,181,201004
59,51,201004
59,120,201004
59,71,201004
59,2,201004
59,64,201004
59,114,201004
59,134,201004
59,81,201004
59,14,201004
59,52,201004
59,16,201004
59,40,201004
59,27,201004
59,25,201004
59,180,201004
59,172,201004
59,31,201004
59,11,201004
59,83,201004
59,21,201004
59,108,201004
59,46,201004
59,136,201004
59,10,201004
59,13,201004
59,38,201004
59,18,201004
59,32,201004
59,126,201004
59,60,201004
59,55,201004
59,117,201004
59,1,201004
59,217,201004
59,112,201004
59,28,201004
59,142,201004
59,5,201004
59,92,201004
59,99,201004
59,129,201004
59,194,201004
59,94,201004
59,20,201004
59,133,201004
59,48,201004
59,0,201004
59,121,201004
59,139,201004
59,35,201004
59,36,201004
59,97,201004
60,146,201004
60,48,201004
60,129,201004
60,97,201004
60,64,201004
60,143,201004
60,23,201004
60,83,201004
60,36,201004
60,32,201004
60,35,201004
60,0,201004
60,71,201004
60,41,201004
60,160,201004
60,39,201004
60,31,201004
60,1,201004
60,96,201004
60,113,201004
60,100,201004
60,124,201004
60,17,201004
60,5,201004
60,18,201004
60,161,201004
60,10,201004
60,28,201004
60,51,201004
60,136,201004
60,149,201004
60,369,201004
60,16,201004
60,115,201004
60,13,201004
60,7,201004
60,19,201004
60,6,201004
60,26,201004
60,20,201004
60,9,201004
60,25,201004
60,112,201004
60,139,201004
60,46,201004
60,69,201004
60,176,201004
60,133,201004
60,89,201004
60,54,201004
60,165,201004
60,14,201004
60,79,201004
60,40,201004
60,110,201004
60,21,201004
60,1258,201004
60,370,201004
60,4,201004
60,181,201004
60,182,201004
60,132,201004
60,154,201004
60,121,201004
60,156,201004
60,12,201004
60,63,201004
60,769,201004
60,104,201004
60,237,201004
60,178,201004
60,134,201004
60,151,201004
60,163,201004
60,141,201004
60,85,201004
60,101,201004
60,269,201004
60,860,201004
60,65,201004
60,157,201004
60,55,201004
60,274,201004
60,99,201004
60,137,201004
60,120,201004
60,27,201004
60,57,201004
60,95,201004
60,117,201004
60,208,201004
60,24,201004
60,197,201004
60,81,201004
60,142,201004
60,59,201004
60,217,201004
60,2,201004
60,194,201004
60,77,201004
60,195,201004
60,75,201004
60,80,201004
60,38,201004
60,52,201004
60,126,201004
60,11,201004
60,135,201004
60,180,201004
60,155,201004
60,92,201004
60,102,201004
60,29,201004
60,119,201004
61,415,201004
61,111,201004
61,4,201004
61,160,201004
61,407,201004
61,12,201004
61,143,201004
61,234,201004
61,145,201004
61,242,201004
61,77,201004
61,79,201004
61,43,201004
61,6,201004
61,72,201004
61,31,201004
61,346,201004
61,1,201004
61,18,201004
61,64,201004
61,29,201004
61,32,201004
61,137,201004
61,266,201004
61,17,201004
61,136,201004
61,1227,201004
61,10,201004
62,197,201004
62,143,201004
62,339,201004
62,66,201004
62,160,201004
62,24,201004
62,124,201004
62,140,201004
62,16,201004
62,65,201004
62,31,201004
62,101,201004
62,134,201004
62,52,201004
62,80,201004
62,1147,201004
62,341,201004
62,32,201004
62,320,201004
62,146,201004
62,97,201004
62,18,201004
62,29,201004
62,266,201004
62,375,201004
62,137,201004
63,160,201004
63,31,201004
63,270,201004
63,101,201004
63,106,201004
63,176,201004
63,341,201004
63,140,201004
63,46,201004
63,146,201004
63,32,201004
63,26,201004
63,25,201004
63,29,201004
63,60,201004
63,99,201004
63,64,201004
63,97,201004
64,41,201004
64,152,201004
64,77,201004
64,29,201004
64,108,201004
64,143,201004
64,495,201004
64,100,201004
64,6,201004
64,142,201004
64,160,201004
64,13,201004
64,11,201004
64,490,201004
64,278,201004
64,94,201004
64,61,201004
64,55,201004
64,158,201004
64,26,201004
64,137,201004
64,9,201004
64,133,201004
64,1,201004
64,274,201004
64,27,201004
64,80,201004
64,60,201004
64,134,201004
64,22,201004
64,92,201004
64,15,201004
64,18,201004
64,164,201004
64,54,201004
64,34,201004
64,97,201004
64,20,201004
64,81,201004
64,40,201004
64,544,201004
64,12,201004
64,304,201004
64,2,201004
64,156,201004
64,112,201004
64,106,201004
64,5,201004
64,38,201004
64,89,201004
64,739,201004
64,85,201004
64,39,201004
64,126,201004
64,102,201004
64,155,201004
64,117,201004
64,32,201004
64,16,201004
64,178,201004
64,7,201004
64,44,201004
64,131,201004
64,267,201004
64,298,201004
64,122,201004
64,104,201004
64,43,201004
64,23,201004
64,113,201004
64,703,201004
64,28,201004
64,154,201004
64,140,201004
64,76,201004
64,83,201004
64,21,201004
64,25,201004
64,180,201004
64,449,201004
64,4,201004
64,163,201004
64,59,201004
64,129,201004
64,24,201004
64,78,201004
64,374,201004
64,31,201004
64,139,201004
64,45,201004
64,120,201004
64,722,201004
64,57,201004
64,101,201004
64,46,201004
64,0,201004
64,146,201004
64,549,201004
64,58,201004
64,373,201004
64,730,201004
64,52,201004
64,172,201004
64,63,201004
64,208,201004
64,96,201004
64,192,201004
64,332,201004
64,205,201004
64,79,201004
64,10,201004
64,51,201004
64,35,201004
64,136,201004
64,176,201004
64,19,201004
64,121,201004
64,48,201004
64,17,201004
64,135,201004
65,23,201004
65,143,201004
65,62,201004
65,188,201004
65,250,201004
65,83,201004
65,41,201004
65,39,201004
65,80,201004
65,73,201004
65,6,201004
65,32,201004
65,108,201004
65,135,201004
65,97,201004
65,160,201004
65,26,201004
65,346,201004
65,59,201004
65,94,201004
65,99,201004
65,146,201004
65,46,201004
65,48,201004
65,375,201004
65,29,201004
65,60,201004
65,25,201004
65,137,201004
66,62,201004
66,160,201004
66,77,201004
66,64,201004
66,224,201004
66,58,201004
66,83,201004
66,180,201004
66,78,201004
66,192,201004
66,76,201004
66,120,201004
66,13,201004
66,31,201004
66,346,201004
66,341,201004
66,146,201004
66,29,201004
66,32,201004
66,16,201004
66,18,201004
66,10,201004
66,97,201004
66,266,201004
66,375,201004
67,30,201004
67,359,201004
67,372,201004
67,11,201004
67,136,201004
68,762,201004
68,30,201004
68,136,201004
69,247,201004
69,177,201004
69,50,201004
69,317,201004
69,51,201004
69,311,201004
69,806,201004
69,132,201004
69,49,201004
69,143,201004
69,160,201004
69,137,201004
69,85,201004
69,14,201004
69,105,201004
69,136,201004
69,54,201004
69,17,201004
69,25,201004
69,165,201004
69,1,201004
69,70,201004
69,60,201004
69,107,201004
69,346,201004
69,92,201004
69,113,201004
69,274,201004
69,29,201004
69,13,201004
69,26,201004
69,1169,201004
69,21,201004
69,112,201004
69,28,201004
69,27,201004
69,23,201004
69,18,201004
69,96,201004
69,133,201004
69,135,201004
69,4,201004
69,11,201004
69,20,201004
69,5,201004
69,183,201004
69,10,201004
70,53,201004
70,147,201004
70,160,201004
70,10,201004
70,17,201004
70,1,201004
70,11,201004
70,137,201004
70,136,201004
71,6,201004
71,136,201004
71,26,201004
71,17,201004
71,35,201004
71,59,201004
71,25,201004
71,29,201004
71,137,201004
72,160,201004
72,552,201004
72,18,201004
72,213,201004
72,34,201004
72,23,201004
72,11,201004
72,9,201004
72,143,201004
72,77,201004
72,117,201004
72,85,201004
72,142,201004
72,107,201004
72,183,201004
72,132,201004
72,180,201004
72,181,201004
72,169,201004
72,355,201004
72,122,201004
72,81,201004
72,102,201004
72,163,201004
72,10,201004
72,155,201004
72,31,201004
72,32,201004
72,22,201004
72,19,201004
72,182,201004
72,17,201004
72,108,201004
72,136,201004
72,20,201004
72,46,201004
72,131,201004
72,99,201004
72,1147,201004
72,40,201004
72,133,201004
72,60,201004
72,64,201004
72,13,201004
72,2,201004
72,113,201004
72,14,201004
72,28,201004
72,25,201004
72,0,201004
72,6,201004
72,135,201004
72,137,201004
72,29,201004
72,154,201004
72,1,201004
72,97,201004
72,92,201004
72,274,201004
73,1194,201004
73,544,201004
73,237,201004
73,101,201004
73,80,201004
73,41,201004
73,310,201004
73,46,201004
73,97,201004
74,25,201004
74,170,201004
74,125,201004
74,276,201004
74,99,201004
74,45,201004
74,197,201004
74,142,201004
74,75,201004
74,40,201004
74,77,201004
74,346,201004
74,137,201004
74,1169,201004
74,32,201004
74,29,201004
74,136,201004
74,18,201004
74,54,201004
75,1052,201004
75,24,201004
75,58,201004
75,83,201004
75,38,201004
75,57,201004
75,860,201004
75,12,201004
75,94,201004
75,163,201004
75,72,201004
75,78,201004
75,82,201004
75,77,201004
75,132,201004
75,29,201004
75,274,201004
75,181,201004
75,346,201004
75,341,201004
75,178,201004
75,48,201004
75,99,201004
75,54,201004
75,32,201004
75,19,201004
75,136,201004
75,139,201004
75,108,201004
75,13,201004
75,60,201004
75,46,201004
75,26,201004
75,97,201004
76,181,201004
76,64,201004
76,77,201004
76,36,201004
76,278,201004
76,140,201004
76,1194,201004
76,146,201004
76,83,201004
76,97,201004
76,143,201004
76,18,201004
76,813,201004
76,160,201004
76,66,201004
76,82,201004
76,52,201004
76,80,201004
76,320,201004
76,544,201004
76,58,201004
76,249,201004
76,16,201004
76,145,201004
76,41,201004
76,6,201004
76,178,201004
76,38,201004
76,237,201004
76,99,201004
76,19,201004
76,29,201004
76,32,201004
76,1147,201004
76,26,201004
76,46,201004
76,35,201004
76,375,201004
76,266,201004
76,25,201004
76,137,201004
77,18,201004
77,6,201004
77,197,201004
77,64,201004
77,19,201004
77,39,201004
77,176,201004
77,13,201004
77,142,201004
77,12,201004
77,1,201004
77,155,201004
77,120,201004
77,46,201004
77,101,201004
77,132,201004
77,5,201004
77,38,201004
77,112,201004
77,453,201004
77,52,201004
77,66,201004
77,960,201004
77,143,201004
77,9,201004
77,181,201004
77,76,201004
77,32,201004
77,23,201004
77,97,201004
77,27,201004
77,160,201004
77,31,201004
77,133,201004
77,14,201004
77,131,201004
77,57,201004
77,83,201004
77,29,201004
77,59,201004
77,281,201004
77,54,201004
77,40,201004
77,15,201004
77,16,201004
77,35,201004
77,17,201004
77,154,201004
77,79,201004
77,4,201004
77,110,201004
77,28,201004
77,136,201004
77,51,201004
77,137,201004
77,234,201004
77,182,201004
77,41,201004
77,78,201004
77,61,201004
77,26,201004
77,10,201004
77,139,201004
77,206,201004
77,20,201004
77,165,201004
77,242,201004
77,2,201004
77,63,201004
77,96,201004
77,25,201004
77,72,201004
77,34,201004
77,53,201004
77,100,201004
77,45,201004
77,75,201004
77,134,201004
77,60,201004
77,92,201004
77,85,201004
77,265,201004
77,544,201004
77,107,201004
77,21,201004
77,739,201004
77,722,201004
77,1147,201004
77,80,201004
77,48,201004
77,11,201004
77,274,201004
77,99,201004
77,146,201004
77,94,201004
77,108,201004
77,135,201004
78,52,201004
78,160,201004
78,146,201004
78,81,201004
78,38,201004
78,182,201004
78,24,201004
78,156,201004
78,9,201004
78,83,201004
78,85,201004
78,170,201004
78,29,201004
78,34,201004
78,59,201004
78,14,201004
78,13,201004
78,75,201004
78,6,201004
78,54,201004
78,143,201004
78,154,201004
78,35,201004
78,1147,201004
78,134,201004
78,137,201004
78,0,201004
78,16,201004
78,46,201004
78,31,201004
78,40,201004
78,341,201004
78,19,201004
78,64,201004
78,99,201004
78,32,201004
78,26,201004
78,97,201004
78,25,201004
79,182,201004
79,6,201004
79,160,201004
79,39,201004
79,77,201004
79,43,201004
79,135,201004
79,32,201004
79,27,201004
79,1250,201004
79,29,201004
79,137,201004
79,60,201004
79,46,201004
79,19,201004
79,48,201004
79,320,201004
79,97,201004
79,375,201004
79,64,201004
80,134,201004
80,97,201004
80,512,201004
80,160,201004
80,143,201004
80,265,201004
80,36,201004
80,112,201004
80,29,201004
80,145,201004
80,52,201004
80,16,201004
80,34,201004
80,76,201004
80,237,201004
80,124,201004
80,64,201004
80,813,201004
80,83,201004
80,93,201004
80,23,201004
80,98,201004
80,113,201004
80,45,201004
80,544,201004
80,182,201004
80,320,201004
80,57,201004
80,140,201004
80,6,201004
80,278,201004
80,176,201004
80,11,201004
80,32,201004
80,24,201004
80,13,201004
80,65,201004
80,25,201004
80,2,201004
80,9,201004
80,40,201004
80,12,201004
80,28,201004
80,119,201004
80,48,201004
80,155,201004
80,136,201004
80,341,201004
80,139,201004
80,77,201004
80,5,201004
80,14,201004
80,26,201004
80,165,201004
80,102,201004
80,46,201004
80,19,201004
80,35,201004
80,18,201004
80,100,201004
80,154,201004
80,10,201004
80,31,201004
80,1,201004
80,0,201004
80,92,201004
80,108,201004
80,60,201004
80,274,201004
80,135,201004
80,137,201004
81,344,201004
81,393,201004
81,77,201004
81,40,201004
81,132,201004
81,274,201004
81,114,201004
81,82,201004
81,165,201004
81,11,201004
81,116,201004
81,183,201004
81,18,201004
81,58,201004
81,155,201004
81,23,201004
81,0,201004
81,96,201004
81,83,201004
81,2,201004
81,12,201004
81,135,201004
81,78,201004
81,129,201004
81,64,201004
81,38,201004
81,48,201004
81,124,201004
81,136,201004
81,53,201004
81,113,201004
81,4,201004
81,112,201004
81,5,201004
81,346,201004
81,143,201004
81,20,201004
81,28,201004
81,13,201004
81,46,201004
81,54,201004
81,133,201004
81,160,201004
81,51,201004
81,26,201004
81,52,201004
81,32,201004
81,97,201004
81,27,201004
81,29,201004
81,59,201004
81,16,201004
81,100,201004
81,92,201004
81,25,201004
81,99,201004
81,6,201004
81,137,201004
81,35,201004
81,19,201004
81,1,201004
81,60,201004
81,139,201004
81,146,201004
81,31,201004
81,154,201004
81,10,201004
81,108,201004
81,14,201004
82,288,201004
82,72,201004
82,29,201004
82,143,201004
82,77,201004
82,142,201004
82,59,201004
82,134,201004
82,75,201004
82,46,201004
82,99,201004
82,1147,201004
82,52,201004
82,178,201004
82,341,201004
82,97,201004
83,77,201004
83,48,201004
83,154,201004
83,175,201004
83,60,201004
83,143,201004
83,38,201004
83,80,201004
83,1194,201004
83,160,201004
83,126,201004
83,6,201004
83,183,201004
83,52,201004
83,40,201004
83,10,201004
83,26,201004
83,78,201004
83,142,201004
83,65,201004
83,43,201004
83,21,201004
83,18,201004
83,97,201004
83,124,201004
83,29,201004
83,288,201004
83,66,201004
83,54,201004
83,114,201004
83,96,201004
83,14,201004
83,99,201004
83,278,201004
83,19,201004
83,2,201004
83,45,201004
83,1147,201004
83,132,201004
83,106,201004
83,13,201004
83,108,201004
83,12,201004
83,41,201004
83,112,201004
83,0,201004
83,28,201004
83,113,201004
83,375,201004
83,107,201004
83,341,201004
83,100,201004
83,274,201004
83,208,201004
83,4,201004
83,92,201004
83,25,201004
83,102,201004
83,139,201004
83,5,201004
83,27,201004
83,32,201004
83,85,201004
83,81,201004
83,146,201004
83,136,201004
83,64,201004
83,20,201004
83,17,201004
83,178,201004
83,46,201004
83,119,201004
83,59,201004
83,16,201004
83,1,201004
83,135,201004
83,31,201004
83,35,201004
83,137,201004
84,160,201004
84,30,201004
84,164,201004
84,86,201004
84,223,201004
84,753,201004
84,135,201004
84,22,201004
84,88,201004
84,27,201004
84,107,201004
84,1227,201004
84,4,201004
84,18,201004
84,10,201004
84,136,201004
84,11,201004
85,534,201004
85,339,201004
85,740,201004
85,165,201004
85,483,201004
85,160,201004
85,120,201004
85,143,201004
85,552,201004
85,16,201004
85,19,201004
85,94,201004
85,81,201004
85,208,201004
85,213,201004
85,189,201004
85,133,201004
85,99,201004
85,180,201004
85,154,201004
85,158,201004
85,10,201004
85,13,201004
85,22,201004
85,20,201004
85,117,201004
85,27,201004
85,60,201004
85,46,201004
85,183,201004
85,9,201004
85,53,201004
85,51,201004
85,31,201004
85,52,201004
85,5,201004
85,83,201004
85,29,201004
85,150,201004
85,64,201004
85,77,201004
85,88,201004
85,265,201004
85,136,201004
85,80,201004
85,97,201004
85,161,201004
85,98,201004
85,32,201004
85,1,201004
85,45,201004
85,38,201004
85,124,201004
85,96,201004
85,18,201004
85,108,201004
85,14,201004
85,113,201004
85,142,201004
85,146,201004
85,21,201004
85,100,201004
85,23,201004
85,6,201004
85,341,201004
85,121,201004
85,1169,201004
85,112,201004
85,40,201004
85,157,201004
85,4,201004
85,12,201004
85,11,201004
85,107,201004
85,0,201004
85,48,201004
85,93,201004
85,25,201004
85,115,201004
85,28,201004
85,17,201004
85,135,201004
85,59,201004
85,92,201004
85,274,201004
85,137,201004
86,84,201004
86,753,201004
86,6,201004
86,154,201004
86,64,201004
86,20,201004
86,18,201004
86,10,201004
86,4,201004
86,136,201004
86,11,201004
87,25,201004
87,203,201004
87,89,201004
87,291,201004
87,2,201004
88,9,201004
88,112,201004
88,154,201004
88,30,201004
88,4,201004
88,18,201004
88,136,201004
88,11,201004
89,323,201004
89,18,201004
89,7,201004
89,87,201004
89,17,201004
89,212,201004
89,5,201004
89,243,201004
89,396,201004
89,90,201004
89,778,201004
89,23,201004
89,20,201004
89,8,201004
89,137,201004
89,1408,201004
89,64,201004
89,770,201004
89,59,201004
89,10,201004
89,113,201004
89,29,201004
89,51,201004
89,110,201004
89,46,201004
89,4,201004
89,112,201004
89,6,201004
89,1,201004
89,21,201004
89,11,201004
89,28,201004
89,136,201004
89,97,201004
89,25,201004
90,243,201004
90,89,201004
90,17,201004
90,8,201004
90,7,201004
92,16,201004
92,64,201004
92,120,201004
92,57,201004
92,65,201004
92,40,201004
92,142,201004
92,126,201004
92,134,201004
92,117,201004
92,107,201004
92,133,201004
92,155,201004
92,77,201004
92,180,201004
92,17,201004
92,46,201004
92,20,201004
92,274,201004
92,154,201004
92,26,201004
92,136,201004
92,54,201004
92,19,201004
92,22,201004
92,97,201004
92,0,201004
92,52,201004
92,113,201004
92,143,201004
92,119,201004
92,11,201004
92,83,201004
92,51,201004
92,27,201004
92,32,201004
92,4,201004
92,102,201004
92,242,201004
92,112,201004
92,21,201004
92,81,201004
92,116,201004
92,100,201004
92,115,201004
92,124,201004
92,80,201004
92,149,201004
92,96,201004
92,48,201004
92,157,201004
92,59,201004
92,28,201004
92,5,201004
92,165,201004
92,47,201004
92,72,201004
92,31,201004
92,9,201004
92,137,201004
92,108,201004
92,60,201004
92,1,201004
92,14,201004
92,93,201004
92,85,201004
92,2,201004
92,10,201004
92,135,201004
93,2,201004
93,339,201004
93,160,201004
93,27,201004
93,124,201004
93,146,201004
93,77,201004
93,72,201004
93,17,201004
93,115,201004
93,1147,201004
93,116,201004
93,0,201004
93,154,201004
93,346,201004
93,393,201004
93,1169,201004
93,135,201004
93,60,201004
93,18,201004
93,85,201004
93,274,201004
93,25,201004
93,92,201004
94,14,201004
94,13,201004
94,18,201004
94,52,201004
94,16,201004
94,19,201004
94,143,201004
94,278,201004
94,64,201004
94,142,201004
94,99,201004
94,26,201004
94,83,201004
94,6,201004
94,78,201004
94,46,201004
94,24,201004
94,120,201004
94,29,201004
94,1147,201004
94,146,201004
94,32,201004
94,97,201004
94,77,201004
94,135,201004
94,59,201004
95,160,201004
95,281,201004
95,320,201004
95,48,201004
95,375,201004
95,146,201004
95,46,201004
95,60,201004
96,115,201004
96,143,201004
96,250,201004
96,10,201004
96,299,201004
96,4,201004
96,777,201004
96,5,201004
96,130,201004
96,165,201004
96,17,201004
96,23,201004
96,160,201004
96,1,201004
96,116,201004
96,81,201004
96,100,201004
96,9,201004
96,133,201004
96,12,201004
96,112,201004
96,53,201004
96,19,201004
96,121,201004
96,46,201004
96,2,201004
96,6,201004
96,119,201004
96,756,201004
96,18,201004
96,906,201004
96,14,201004
96,1794,201004
96,77,201004
96,36,201004
96,124,201004
96,51,201004
96,60,201004
96,0,201004
96,26,201004
96,13,201004
96,21,201004
96,52,201004
96,83,201004
96,99,201004
96,31,201004
96,183,201004
96,29,201004
96,48,201004
96,1269,201004
96,213,201004
96,801,201004
96,757,201004
96,80,201004
96,72,201004
96,107,201004
96,136,201004
96,108,201004
96,20,201004
96,113,201004
96,85,201004
96,149,201004
96,11,201004
96,154,201004
96,27,201004
96,64,201004
96,22,201004
96,28,201004
96,92,201004
96,135,201004
96,25,201004
96,97,201004
96,274,201004
96,137,201004
97,60,201004
97,146,201004
97,739,201004
97,35,201004
97,675,201004
97,552,201004
97,59,201004
97,108,201004
97,29,201004
97,167,201004
97,138,201004
97,143,201004
97,2,201004
97,48,201004
97,77,201004
97,175,201004
97,110,201004
97,662,201004
97,83,201004
97,1147,201004
97,46,201004
97,41,201004
97,19,201004
97,99,201004
97,120,201004
97,178,201004
97,81,201004
97,76,201004
97,160,201004
97,98,201004
97,444,201004
97,26,201004
97,117,201004
97,6,201004
97,113,201004
97,112,201004
97,9,201004
97,96,201004
97,14,201004
97,320,201004
97,18,201004
97,80,201004
97,38,201004
97,888,201004
97,64,201004
97,107,201004
97,11,201004
97,27,201004
97,135,201004
97,463,201004
97,158,201004
97,20,201004
97,13,201004
97,1,201004
97,124,201004
97,503,201004
97,17,201004
97,92,201004
97,39,201004
97,1153,201004
97,32,201004
97,16,201004
97,54,201004
97,65,201004
97,85,201004
97,104,201004
97,544,201004
97,398,201004
97,101,201004
97,25,201004
97,161,201004
97,240,201004
97,0,201004
97,31,201004
97,142,201004
97,62,201004
97,136,201004
97,156,201004
97,157,201004
97,58,201004
97,154,201004
97,4,201004
97,900,201004
97,237,201004
97,155,201004
97,82,201004
97,102,201004
97,769,201004
97,173,201004
97,224,201004
97,28,201004
97,935,201004
97,510,201004
97,40,201004
97,543,201004
97,458,201004
97,341,201004
97,540,201004
97,94,201004
97,79,201004
97,57,201004
97,78,201004
97,66,201004
97,43,201004
97,12,201004
97,195,201004
97,134,201004
97,208,201004
97,1052,201004
97,744,201004
97,860,201004
97,197,201004
97,455,201004
97,813,201004
97,495,201004
97,126,201004
97,216,201004
97,165,201004
97,181,201004
97,393,201004
97,435,201004
97,797,201004
97,198,201004
97,452,201004
97,355,201004
97,118,201004
97,132,201004
97,45,201004
97,53,201004
97,192,201004
97,34,201004
97,24,201004
97,287,201004
97,1258,201004
97,188,201004
97,180,201004
97,63,201004
97,140,201004
97,106,201004
97,269,201004
97,176,201004
97,129,201004
97,72,201004
97,36,201004
97,141,201004
97,163,201004
97,89,201004
97,278,201004
97,23,201004
97,21,201004
97,250,201004
97,73,201004
97,22,201004
97,152,201004
97,172,201004
97,342,201004
97,249,201004
97,75,201004
97,100,201004
97,139,201004
97,51,201004
97,10,201004
97,137,201004
97,52,201004
98,0,201004
98,104,201004
98,29,201004
98,163,201004
98,224,201004
98,65,201004
98,73,201004
98,25,201004
98,160,201004
98,137,201004
98,97,201004
99,153,201004
99,120,201004
99,0,201004
99,25,201004
99,31,201004
99,57,201004
99,11,201004
99,27,201004
99,371,201004
99,46,201004
99,74,201004
99,124,201004
99,136,201004
99,4,201004
99,59,201004
99,2,201004
99,173,201004
99,17,201004
99,96,201004
99,23,201004
99,108,201004
99,320,201004
99,143,201004
99,135,201004
99,10,201004
99,22,201004
99,21,201004
99,53,201004
99,52,201004
99,32,201004
99,744,201004
99,137,201004
99,18,201004
99,69,201004
99,113,201004
99,76,201004
99,142,201004
99,29,201004
99,97,201004
99,20,201004
99,165,201004
99,85,201004
99,26,201004
99,250,201004
99,19,201004
99,278,201004
99,45,201004
99,156,201004
99,1,201004
99,304,201004
99,58,201004
99,101,201004
99,144,201004
99,118,201004
99,39,201004
99,28,201004
99,78,201004
99,24,201004
99,157,201004
99,102,201004
99,65,201004
99,224,201004
99,38,201004
99,180,201004
99,208,201004
99,132,201004
99,181,201004
99,75,201004
99,55,201004
99,77,201004
99,81,201004
99,134,201004
99,131,201004
99,117,201004
99,36,201004
99,16,201004
99,63,201004
99,94,201004
99,60,201004
99,6,201004
99,83,201004
99,126,201004
99,40,201004
99,100,201004
99,139,201004
99,12,201004
99,155,201004
99,13,201004
99,146,201004
99,54,201004
99,160,201004
99,154,201004
99,48,201004
99,35,201004
100,143,201004
100,375,201004
100,97,201004
100,135,201004
100,160,201004
100,455,201004
100,108,201004
100,73,201004
100,129,201004
100,0,201004
100,172,201004
100,13,201004
100,60,201004
100,81,201004
100,142,201004
100,84,201004
100,6,201004
100,2,201004
100,27,201004
100,18,201004
100,28,201004
100,24,201004
100,31,201004
100,157,201004
100,52,201004
100,16,201004
100,11,201004
100,77,201004
100,5,201004
100,79,201004
100,1147,201004
100,45,201004
100,155,201004
100,20,201004
100,74,201004
100,120,201004
100,26,201004
100,137,201004
100,9,201004
100,76,201004
100,154,201004
100,4,201004
100,25,201004
100,29,201004
100,1,201004
100,180,201004
100,102,201004
100,32,201004
100,341,201004
100,274,201004
100,19,201004
100,85,201004
100,46,201004
100,35,201004
100,80,201004
100,64,201004
100,92,201004
100,99,201004
100,10,201004
100,146,201004
100,38,201004
100,59,201004
100,48,201004
100,14,201004
101,544,201004
101,41,201004
101,282,201004
101,160,201004
101,24,201004
101,52,201004
101,482,201004
101,77,201004
101,143,201004
101,31,201004
101,1147,201004
101,453,201004
101,102,201004
101,104,201004
101,12,201004
101,152,201004
101,124,201004
101,495,201004
101,80,201004
101,242,201004
101,234,201004
101,154,201004
101,98,201004
101,182,201004
101,43,201004
101,85,201004
101,40,201004
101,146,201004
101,27,201004
101,32,201004
101,178,201004
101,136,201004
101,111,201004
101,183,201004
101,97,201004
101,99,201004
101,320,201004
101,16,201004
101,29,201004
101,26,201004
101,35,201004
101,18,201004
101,64,201004
101,6,201004
101,1250,201004
101,19,201004
101,48,201004
101,60,201004
101,375,201004
101,25,201004
101,137,201004
101,46,201004
102,297,201004
102,143,201004
102,52,201004
102,30,201004
102,349,201004
102,62,201004
102,13,201004
102,159,201004
102,165,201004
102,5,201004
102,157,201004
102,17,201004
102,18,201004
102,77,201004
102,12,201004
102,92,201004
102,154,201004
102,96,201004
102,41,201004
102,97,201004
102,85,201004
102,100,201004
102,11,201004
102,93,201004
102,133,201004
102,14,201004
102,29,201004
102,0,201004
102,142,201004
102,27,201004
102,28,201004
102,60,201004
102,32,201004
102,46,201004
102,64,201004
102,35,201004
102,274,201004
102,19,201004
102,112,201004
102,178,201004
102,21,201004
102,80,201004
102,136,201004
102,40,201004
102,108,201004
102,36,201004
102,99,201004
102,83,201004
102,16,201004
102,6,201004
102,139,201004
102,26,201004
102,31,201004
102,1,201004
102,10,201004
102,135,201004
102,48,201004
103,712,201004
103,346,201004
103,10,201004
104,160,201004
104,143,201004
104,34,201004
104,181,201004
104,341,201004
104,97,201004
104,29,201004
104,346,201004
104,64,201004
104,136,201004
104,375,201004
104,1227,201004
104,60,201004
104,17,201004
104,10,201004
104,137,201004
105,11,201004
105,96,201004
105,177,201004
105,51,201004
105,4,201004
105,183,201004
105,10,201004
105,136,201004
106,16,201004
106,52,201004
106,287,201004
106,75,201004
106,58,201004
106,434,201004
106,1147,201004
106,6,201004
106,274,201004
106,1250,201004
106,46,201004
106,97,201004
107,143,201004
107,23,201004
107,501,201004
107,160,201004
107,5,201004
107,25,201004
107,96,201004
107,31,201004
107,13,201004
107,1,201004
107,17,201004
107,750,201004
107,22,201004
107,157,201004
107,27,201004
107,2,201004
107,59,201004
107,85,201004
107,154,201004
107,108,201004
107,1649,201004
107,223,201004
107,69,201004
107,165,201004
107,51,201004
107,4,201004
107,222,201004
107,12,201004
107,142,201004
107,274,201004
107,97,201004
107,16,201004
107,113,201004
107,92,201004
107,133,201004
107,14,201004
107,11,201004
107,20,201004
107,136,201004
107,183,201004
107,135,201004
107,29,201004
107,112,201004
107,28,201004
107,137,201004
107,10,201004
108,1194,201004
108,35,201004
108,160,201004
108,31,201004
108,662,201004
108,77,201004
108,112,201004
108,10,201004
108,133,201004
108,116,201004
108,19,201004
108,165,201004
108,6,201004
108,45,201004
108,17,201004
108,1,201004
108,18,201004
108,107,201004
108,13,201004
108,11,201004
108,71,201004
108,83,201004
108,51,201004
108,65,201004
108,113,201004
108,149,201004
108,23,201004
108,99,201004
108,32,201004
108,48,201004
108,173,201004
108,1344,201004
108,28,201004
108,22,201004
108,52,201004
108,181,201004
108,26,201004
108,25,201004
108,183,201004
108,97,201004
108,5,201004
108,27,201004
108,20,201004
108,124,201004
108,960,201004
108,29,201004
108,142,201004
108,9,201004
108,12,201004
108,16,201004
108,96,201004
108,41,201004
108,156,201004
108,341,201004
108,274,201004
108,769,201004
108,54,201004
108,208,201004
108,38,201004
108,2,201004
108,24,201004
108,85,201004
108,40,201004
108,64,201004
108,117,201004
108,75,201004
108,59,201004
108,197,201004
108,143,201004
108,136,201004
108,178,201004
108,129,201004
108,180,201004
108,80,201004
108,100,201004
108,154,201004
108,146,201004
108,36,201004
108,0,201004
108,81,201004
108,14,201004
108,155,201004
108,119,201004
108,92,201004
108,102,201004
108,135,201004
108,137,201004
108,46,201004
109,110,201004
109,306,201004
109,913,201004
109,592,201004
109,127,201004
109,427,201004
109,4,201004
109,128,201004
109,864,201004
109,628,201004
109,593,201004
109,677,201004
109,729,201004
109,840,201004
109,723,201004
109,676,201004
109,724,201004
109,629,201004
109,305,201004
109,633,201004
110,4,201004
110,427,201004
110,424,201004
110,947,201004
110,236,201004
110,185,201004
110,196,201004
110,235,201004
110,23,201004
110,684,201004
110,143,201004
110,201,201004
110,226,201004
110,17,201004
110,600,201004
110,808,201004
110,352,201004
110,594,201004
110,527,201004
110,232,201004
110,642,201004
110,525,201004
110,719,201004
110,351,201004
110,498,201004
110,633,201004
110,97,201004
110,306,201004
110,5,201004
110,627,201004
110,465,201004
110,29,201004
110,651,201004
110,59,201004
110,635,201004
110,138,201004
110,575,201004
110,30,201004
110,596,201004
110,425,201004
110,621,201004
110,305,201004
110,35,201004
110,231,201004
110,230,201004
110,636,201004
110,146,201004
110,639,201004
110,841,201004
110,290,201004
110,186,201004
110,190,201004
110,200,201004
110,160,201004
110,997,201004
110,694,201004
110,448,201004
110,229,201004
110,789,201004
110,109,201004
110,474,201004
110,669,201004
110,225,201004
110,319,201004
110,6,201004
110,77,201004
110,128,201004
110,643,201004
110,640,201004
110,704,201004
110,127,201004
110,698,201004
110,818,201004
110,630,201004
110,786,201004
110,665,201004
110,650,201004
110,1891,201004
110,572,201004
110,191,201004
110,601,201004
110,693,201004
110,598,201004
110,631,201004
110,247,201004
110,207,201004
110,1134,201004
110,526,201004
110,27,201004
110,99,201004
110,7,201004
110,25,201004
110,886,201004
110,1,201004
110,89,201004
110,11,201004
110,51,201004
110,18,201004
111,61,201004
111,108,201004
111,144,201004
111,22,201004
111,132,201004
111,16,201004
111,13,201004
111,346,201004
111,184,201004
111,18,201004
111,136,201004
111,29,201004
111,137,201004
111,1227,201004
111,10,201004
111,11,201004
112,77,201004
112,96,201004
112,60,201004
112,143,201004
112,108,201004
112,138,201004
112,160,201004
112,32,201004
112,189,201004
112,137,201004
112,10,201004
112,84,201004
112,154,201004
112,180,201004
112,124,201004
112,1336,201004
112,18,201004
112,116,201004
112,25,201004
112,2,201004
112,99,201004
112,13,201004
112,80,201004
112,265,201004
112,19,201004
112,169,201004
112,113,201004
112,9,201004
112,142,201004
112,54,201004
112,52,201004
112,31,201004
112,12,201004
112,544,201004
112,132,201004
112,346,201004
112,27,201004
112,165,201004
112,64,201004
112,166,201004
112,136,201004
112,115,201004
112,48,201004
112,14,201004
112,22,201004
112,102,201004
112,274,201004
112,83,201004
112,92,201004
112,40,201004
112,21,201004
112,1649,201004
112,11,201004
112,85,201004
112,69,201004
112,183,201004
112,7,201004
112,8,201004
112,59,201004
112,51,201004
112,135,201004
112,97,201004
112,4,201004
112,107,201004
112,17,201004
112,89,201004
112,29,201004
112,23,201004
112,1,201004
112,133,201004
112,28,201004
113,12,201004
113,143,201004
113,160,201004
113,40,201004
113,18,201004
113,77,201004
113,52,201004
113,60,201004
113,88,201004
113,59,201004
113,19,201004
113,129,201004
113,136,201004
113,51,201004
113,69,201004
113,13,201004
113,97,201004
113,26,201004
113,354,201004
113,183,201004
113,14,201004
113,81,201004
113,74,201004
113,83,201004
113,108,201004
113,155,201004
113,31,201004
113,27,201004
113,35,201004
113,4,201004
113,102,201004
113,154,201004
113,274,201004
113,146,201004
113,22,201004
113,99,201004
113,9,201004
113,107,201004
113,25,201004
113,64,201004
113,135,201004
113,7,201004
113,89,201004
113,11,201004
113,1,201004
113,32,201004
113,20,201004
113,6,201004
113,29,201004
113,10,201004
113,5,201004
113,21,201004
113,112,201004
113,137,201004
114,64,201004
114,137,201004
114,134,201004
114,66,201004
114,40,201004
114,19,201004
114,81,201004
114,24,201004
114,120,201004
114,26,201004
114,97,201004
114,59,201004
114,32,201004
114,375,201004
114,266,201004
115,160,201004
115,552,201004
115,22,201004
115,149,201004
115,96,201004
115,204,201004
115,344,201004
115,1194,201004
115,220,201004
115,16,201004
115,58,201004
115,9,201004
115,72,201004
115,83,201004
115,124,201004
115,136,201004
115,60,201004
115,1,201004
115,534,201004
115,10,201004
115,135,201004
115,108,201004
115,107,201004
115,28,201004
115,93,201004
115,165,201004
115,2,201004
115,17,201004
115,92,201004
115,137,201004
115,85,201004
115,25,201004
115,274,201004
116,96,201004
116,98,201004
116,124,201004
116,5,201004
116,149,201004
116,26,201004
116,80,201004
116,60,201004
116,85,201004
116,14,201004
116,47,201004
116,346,201004
116,154,201004
116,0,201004
116,17,201004
116,2,201004
116,1,201004
116,92,201004
116,10,201004
116,136,201004
116,137,201004
116,25,201004
116,274,201004
117,206,201004
117,180,201004
117,1236,201004
117,52,201004
117,160,201004
117,381,201004
117,175,201004
117,146,201004
117,142,201004
117,43,201004
117,2,201004
117,14,201004
117,35,201004
117,31,201004
117,140,201004
117,100,201004
117,76,201004
117,83,201004
117,92,201004
117,320,201004
117,32,201004
117,40,201004
117,156,201004
117,29,201004
117,64,201004
117,178,201004
117,20,201004
117,19,201004
117,97,201004
117,26,201004
117,6,201004
117,16,201004
117,13,201004
117,60,201004
117,108,201004
117,59,201004
117,99,201004
117,46,201004
118,25,201004
118,143,201004
118,157,201004
118,0,201004
118,160,201004
118,224,201004
118,123,201004
118,99,201004
118,97,201004
118,137,201004
119,12,201004
119,274,201004
119,80,201004
119,100,201004
119,96,201004
119,136,201004
119,31,201004
119,85,201004
119,92,201004
119,1,201004
119,0,201004
119,83,201004
119,19,201004
119,10,201004
119,139,201004
119,135,201004
119,108,201004
119,36,201004
119,48,201004
119,14,201004
119,60,201004
120,77,201004
120,25,201004
120,6,201004
120,662,201004
120,64,201004
120,126,201004
120,17,201004
120,19,201004
120,167,201004
120,39,201004
120,160,201004
120,38,201004
120,57,201004
120,26,201004
120,143,201004
120,80,201004
120,78,201004
120,163,201004
120,55,201004
120,15,201004
120,544,201004
120,43,201004
120,82,201004
120,9,201004
120,135,201004
120,36,201004
120,28,201004
120,156,201004
120,1175,201004
120,27,201004
120,12,201004
120,1147,201004
120,11,201004
120,139,201004
120,1194,201004
120,136,201004
120,46,201004
120,31,201004
120,32,201004
120,154,201004
120,97,201004
120,29,201004
120,146,201004
120,35,201004
120,59,201004
120,26,201004
120,13,201004
120,32,201004
120,48,201004
120,16,201004
120,60,201004
120,64,201004
120,25,201004
120,46,201004
120,19,201004
120,29,201004
120,59,201004
120,6,201004
120,137,201004
120,97,201004
121,143,201004
121,160,201004
121,132,201004
121,29,201004
121,223,201004
121,10,201004
121,136,201004
121,2,201004
121,247,201004
121,16,201004
121,22,201004
121,346,201004
121,60,201004
121,85,201004
121,51,201004
121,4,201004
121,48,201004
121,21,201004
121,1,201004
121,11,201004
121,64,201004
121,13,201004
121,59,201004
121,20,201004
121,5,201004
122,762,201004
122,234,201004
122,16,201004
122,163,201004
122,12,201004
122,61,201004
122,6,201004
122,29,201004
122,54,201004
122,265,201004
122,346,201004
122,1169,201004
122,64,201004
122,18,201004
122,1227,201004
122,10,201004
122,136,201004
123,122,201004
123,738,201004
123,234,201004
123,64,201004
123,2,201004
123,19,201004
123,135,201004
123,46,201004
123,118,201004
123,346,201004
123,18,201004
124,188,201004
124,19,201004
124,143,201004
124,23,201004
124,165,201004
124,24,201004
124,813,201004
124,32,201004
124,332,201004
124,93,201004
124,180,201004
124,27,201004
124,146,201004
124,65,201004
124,41,201004
124,13,201004
124,76,201004
124,176,201004
124,108,201004
124,1,201004
124,346,201004
124,274,201004
124,107,201004
124,137,201004
124,25,201004
124,116,201004
124,97,201004
124,60,201004
124,112,201004
124,85,201004
124,18,201004
124,16,201004
124,1169,201004
124,100,201004
124,160,201004
124,81,201004
124,5,201004
124,2,201004
124,6,201004
124,29,201004
124,14,201004
124,135,201004
124,92,201004
124,136,201004
124,10,201004
124,154,201004
124,46,201004
125,728,201004
125,16,201004
125,143,201004
125,171,201004
125,31,201004
125,136,201004
125,1169,201004
125,29,201004
125,18,201004
126,16,201004
126,6,201004
126,160,201004
126,815,201004
126,176,201004
126,281,201004
126,142,201004
126,19,201004
126,140,201004
126,143,201004
126,155,201004
126,45,201004
126,55,201004
126,135,201004
126,99,201004
126,61,201004
126,25,201004
126,769,201004
126,101,201004
126,0,201004
126,85,201004
126,146,201004
126,66,201004
126,320,201004
126,64,201004
126,38,201004
126,178,201004
126,83,201004
126,29,201004
126,46,201004
126,32,201004
126,26,201004
126,13,201004
126,97,201004
126,59,201004
126,60,201004
127,110,201004
127,427,201004
127,109,201004
127,4,201004
127,306,201004
127,128,201004
127,592,201004
127,593,201004
127,948,201004
128,110,201004
128,306,201004
128,427,201004
128,109,201004
128,4,201004
129,172,201004
129,143,201004
129,160,201004
129,35,201004
129,100,201004
129,173,201004
129,60,201004
129,64,201004
129,146,201004
129,46,201004
129,25,201004
129,99,201004
129,26,201004
129,18,201004
129,13,201004
129,217,201004
129,29,201004
129,284,201004
129,16,201004
129,1129,201004
129,32,201004
129,14,201004
129,17,201004
129,19,201004
129,52,201004
129,108,201004
129,97,201004
129,48,201004
129,59,201004
129,137,201004
129,6,201004
130,299,201004
130,96,201004
130,72,201004
130,1,201004
130,136,201004
131,160,201004
131,77,201004
131,54,201004
131,159,201004
131,154,201004
131,234,201004
131,100,201004
131,265,201004
131,52,201004
131,31,201004
131,118,201004
131,208,201004
131,142,201004
131,41,201004
131,14,201004
131,156,201004
131,29,201004
131,282,201004
131,6,201004
131,27,201004
131,13,201004
131,19,201004
131,64,201004
131,18,201004
131,136,201004
131,16,201004
131,32,201004
131,26,201004
131,99,201004
131,146,201004
131,137,201004
132,131,201004
132,18,201004
132,69,201004
132,23,201004
132,5,201004
132,15,201004
132,159,201004
132,112,201004
132,143,201004
132,19,201004
132,160,201004
132,133,201004
132,170,201004
132,115,201004
132,120,201004
132,150,201004
132,98,201004
132,261,201004
132,40,201004
132,233,201004
132,117,201004
132,30,201004
132,2,201004
132,72,201004
132,205,201004
132,46,201004
132,208,201004
132,265,201004
132,16,201004
132,59,201004
132,136,201004
132,75,201004
132,11,201004
132,522,201004
132,28,201004
132,346,201004
132,53,201004
132,77,201004
132,154,201004
132,60,201004
132,26,201004
132,29,201004
132,99,201004
132,17,201004
132,375,201004
132,54,201004
132,32,201004
132,25,201004
132,10,201004
132,1,201004
132,97,201004
132,137,201004
133,304,201004
133,1174,201004
133,268,201004
133,132,201004
133,14,201004
133,28,201004
133,931,201004
133,160,201004
133,261,201004
133,189,201004
133,303,201004
133,23,201004
133,135,201004
133,143,201004
133,77,201004
133,12,201004
133,48,201004
133,1265,201004
133,210,201004
133,208,201004
133,33,201004
133,419,201004
133,64,201004
133,2,201004
133,274,201004
133,866,201004
133,1278,201004
133,384,201004
133,158,201004
133,1398,201004
133,819,201004
133,142,201004
133,119,201004
133,265,201004
133,108,201004
133,874,201004
133,1363,201004
133,5,201004
133,444,201004
133,112,201004
133,325,201004
133,20,201004
133,10,201004
133,85,201004
133,7,201004
133,124,201004
133,180,201004
133,83,201004
133,26,201004
133,47,201004
133,31,201004
133,165,201004
133,54,201004
133,35,201004
133,0,201004
133,154,201004
133,19,201004
133,51,201004
133,32,201004
133,6,201004
133,346,201004
133,22,201004
133,92,201004
133,136,201004
133,40,201004
133,60,201004
133,11,201004
133,69,201004
133,107,201004
133,4,201004
133,96,201004
133,1,201004
133,59,201004
133,137,201004
133,21,201004
134,55,201004
134,289,201004
134,16,201004
134,114,201004
134,160,201004
134,46,201004
134,27,201004
134,45,201004
134,58,201004
134,66,201004
134,64,201004
134,132,201004
134,36,201004
134,652,201004
134,32,201004
134,178,201004
134,6,201004
134,26,201004
134,59,201004
134,60,201004
134,99,201004
134,29,201004
134,97,201004
134,19,201004
134,14,201004
135,120,201004
135,139,201004
135,142,201004
135,35,201004
135,29,201004
135,27,201004
135,101,201004
135,278,201004
135,57,201004
135,38,201004
135,17,201004
135,20,201004
135,233,201004
135,102,201004
135,133,201004
135,30,201004
135,2,201004
135,223,201004
135,100,201004
135,85,201004
135,32,201004
135,78,201004
135,362,201004
135,22,201004
135,739,201004
135,81,201004
135,46,201004
135,137,201004
135,65,201004
135,0,201004
135,18,201004
135,380,201004
135,48,201004
135,375,201004
135,354,201004
135,1144,201004
135,183,201004
135,346,201004
135,149,201004
135,16,201004
135,31,201004
135,1147,201004
135,490,201004
135,544,201004
135,113,201004
135,116,201004
135,341,201004
135,165,201004
135,9,201004
135,36,201004
135,72,201004
135,97,201004
135,124,201004
135,157,201004
135,107,201004
135,23,201004
135,21,201004
135,112,201004
135,274,201004
135,94,201004
135,96,201004
135,80,201004
135,180,201004
135,11,201004
135,52,201004
135,51,201004
135,119,201004
135,155,201004
135,77,201004
135,60,201004
135,4,201004
135,5,201004
135,136,201004
135,83,201004
135,28,201004
135,26,201004
135,143,201004
135,40,201004
135,12,201004
135,13,201004
135,64,201004
135,92,201004
135,19,201004
135,108,201004
135,14,201004
135,154,201004
135,1,201004
135,10,201004
136,10,201004
136,153,201004
136,5,201004
136,501,201004
136,115,201004
136,138,201004
136,21,201004
136,30,201004
136,31,201004
136,133,201004
136,120,201004
136,77,201004
136,23,201004
136,98,201004
136,27,201004
136,160,201004
136,112,201004
136,53,201004
136,107,201004
136,143,201004
136,97,201004
136,146,201004
136,11,201004
136,183,201004
136,536,201004
136,139,201004
136,2,201004
136,32,201004
136,19,201004
136,1,201004
136,60,201004
136,754,201004
136,85,201004
136,751,201004
136,6,201004
136,9,201004
136,14,201004
136,247,201004
136,207,201004
136,371,201004
136,101,201004
136,1090,201004
136,368,201004
136,124,201004
136,52,201004
136,35,201004
136,154,201004
136,99,201004
136,26,201004
136,113,201004
136,71,201004
136,135,201004
136,17,201004
136,72,201004
136,18,201004
136,180,201004
136,102,201004
136,29,201004
136,16,201004
136,181,201004
136,752,201004
136,131,201004
136,48,201004
136,58,201004
136,878,201004
136,28,201004
136,0,201004
136,775,201004
136,25,201004
136,24,201004
136,15,201004
136,38,201004
136,126,201004
136,164,201004
136,981,201004
136,12,201004
136,80,201004
136,346,201004
136,982,201004
136,307,201004
136,941,201004
136,345,201004
136,804,201004
136,376,201004
136,372,201004
136,83,201004
136,968,201004
136,891,201004
136,834,201004
136,783,201004
136,132,201004
136,213,201004
136,706,201004
136,537,201004
136,148,201004
136,1015,201004
136,155,201004
136,169,201004
136,415,201004
136,119,201004
136,96,201004
136,22,201004
136,137,201004
136,74,201004
136,492,201004
136,67,201004
136,361,201004
136,728,201004
136,1258,201004
136,265,201004
136,163,201004
136,359,201004
136,588,201004
136,111,201004
136,330,201004
136,165,201004
136,480,201004
136,502,201004
136,40,201004
136,221,201004
136,762,201004
136,862,201004
136,299,201004
136,166,201004
136,104,201004
136,8,201004
136,159,201004
136,68,201004
136,243,201004
136,43,201004
136,738,201004
136,214,201004
136,358,201004
136,223,201004
136,147,201004
136,211,201004
136,261,201004
136,34,201004
136,69,201004
136,61,201004
136,544,201004
136,7,201004
136,4,201004
136,184,201004
136,149,201004
136,88,201004
136,81,201004
136,75,201004
136,116,201004
136,86,201004
136,105,201004
136,84,201004
136,51,201004
136,303,201004
136,70,201004
136,54,201004
136,189,201004
136,130,201004
136,59,201004
136,33,201004
136,125,201004
136,64,201004
136,177,201004
136,122,201004
136,108,201004
136,150,201004
136,274,201004
136,13,201004
136,89,201004
136,92,201004
136,20,201004
136,46,201004
137,112,201004
137,143,201004
137,19,201004
137,60,201004
137,175,201004
137,85,201004
137,160,201004
137,274,201004
137,69,201004
137,18,201004
137,165,201004
137,77,201004
137,2,201004
137,17,201004
137,89,201004
137,6,201004
137,1,201004
137,96,201004
137,146,201004
137,23,201004
137,138,201004
137,118,201004
137,156,201004
137,129,201004
137,223,201004
137,181,201004
137,102,201004
137,120,201004
137,117,201004
137,61,201004
137,107,201004
137,83,201004
137,13,201004
137,30,201004
137,26,201004
137,81,201004
137,40,201004
137,99,201004
137,183,201004
137,14,201004
137,74,201004
137,51,201004
137,371,201004
137,142,201004
137,1144,201004
137,97,201004
137,32,201004
137,134,201004
137,124,201004
137,20,201004
137,4,201004
137,5,201004
137,36,201004
137,180,201004
137,11,201004
137,344,201004
137,307,201004
137,333,201004
137,46,201004
137,169,201004
137,346,201004
137,153,201004
137,38,201004
137,341,201004
137,136,201004
137,244,201004
137,59,201004
137,71,201004
137,16,201004
137,111,201004
137,320,201004
137,237,201004
137,72,201004
137,224,201004
137,193,201004
137,269,201004
137,25,201004
137,24,201004
137,327,201004
137,29,201004
137,483,201004
137,198,201004
137,216,201004
137,1190,201004
137,390,201004
137,309,201004
137,335,201004
137,671,201004
137,41,201004
137,64,201004
137,149,201004
137,204,201004
137,495,201004
137,70,201004
137,62,201004
137,163,201004
137,115,201004
137,159,201004
137,188,201004
137,393,201004
137,336,201004
137,152,201004
137,950,201004
137,131,201004
137,250,201004
137,752,201004
137,65,201004
137,78,201004
137,39,201004
137,116,201004
137,76,201004
137,54,201004
137,57,201004
137,45,201004
137,339,201004
137,101,201004
137,220,201004
137,15,201004
137,544,201004
137,7,201004
137,58,201004
137,355,201004
137,132,201004
137,150,201004
137,104,201004
137,139,201004
137,47,201004
137,10,201004
137,80,201004
137,157,201004
137,98,201004
137,34,201004
137,161,201004
137,92,201004
137,52,201004
137,213,201004
137,133,201004
137,100,201004
137,53,201004
137,12,201004
137,21,201004
137,48,201004
137,0,201004
137,9,201004
137,31,201004
137,22,201004
137,27,201004
137,108,201004
137,154,201004
137,28,201004
137,113,201004
137,35,201004
138,23,201004
138,97,201004
138,14,201004
138,25,201004
138,51,201004
138,1,201004
138,136,201004
138,110,201004
138,59,201004
138,143,201004
138,32,201004
138,18,201004
138,2,201004
138,247,201004
138,175,201004
138,137,201004
138,52,201004
138,159,201004
138,1250,201004
138,1147,201004
138,346,201004
138,379,201004
138,10,201004
138,375,201004
138,1227,201004
138,266,201004
139,108,201004
139,83,201004
139,143,201004
139,160,201004
139,35,201004
139,36,201004
139,58,201004
139,274,201004
139,26,201004
139,20,201004
139,22,201004
139,96,201004
139,136,201004
139,17,201004
139,77,201004
139,1,201004
139,38,201004
139,13,201004
139,31,201004
139,52,201004
139,18,201004
139,146,201004
139,2,201004
139,12,201004
139,51,201004
139,1147,201004
139,64,201004
139,14,201004
139,5,201004
139,54,201004
139,4,201004
139,32,201004
139,126,201004
139,341,201004
139,19,201004
139,81,201004
139,142,201004
139,154,201004
139,134,201004
139,10,201004
139,155,201004
139,27,201004
139,102,201004
139,769,201004
139,25,201004
139,16,201004
139,29,201004
139,197,201004
139,75,201004
139,99,201004
139,119,201004
139,6,201004
139,208,201004
139,135,201004
139,178,201004
139,40,201004
139,137,201004
139,60,201004
139,97,201004
139,59,201004
139,46,201004
140,76,201004
140,62,201004
140,160,201004
140,282,201004
140,143,201004
140,163,201004
140,197,201004
140,135,201004
140,157,201004
140,63,201004
140,29,201004
140,1147,201004
140,64,201004
140,341,201004
140,19,201004
140,375,201004
140,26,201004
140,266,201004
140,46,201004
140,32,201004
140,97,201004
141,354,201004
141,80,201004
141,181,201004
141,1147,201004
141,178,201004
141,341,201004
141,32,201004
141,375,201004
141,60,201004
141,46,201004
141,97,201004
142,19,201004
142,181,201004
142,4,201004
142,126,201004
142,145,201004
142,40,201004
142,381,201004
142,31,201004
142,21,201004
142,138,201004
142,1045,201004
142,135,201004
142,77,201004
142,143,201004
142,160,201004
142,76,201004
142,12,201004
142,282,201004
142,78,201004
142,64,201004
142,171,201004
142,62,201004
142,112,201004
142,156,201004
142,92,201004
142,157,201004
142,46,201004
142,18,201004
142,108,201004
142,355,201004
142,120,201004
142,117,201004
142,83,201004
142,139,201004
142,17,201004
142,100,201004
142,137,201004
142,13,201004
142,124,201004
142,208,201004
142,32,201004
142,9,201004
142,274,201004
142,2,201004
142,346,201004
142,133,201004
142,54,201004
142,0,201004
142,85,201004
142,48,201004
142,5,201004
142,20,201004
142,136,201004
142,94,201004
142,97,201004
142,180,201004
142,154,201004
142,178,201004
142,739,201004
142,28,201004
142,52,201004
142,146,201004
142,16,201004
142,29,201004
142,26,201004
142,99,201004
142,6,201004
142,60,201004
142,1,201004
142,59,201004
142,10,201004
142,14,201004
143,675,201004
143,60,201004
143,64,201004
143,9,201004
143,13,201004
143,281,201004
143,18,201004
143,35,201004
143,80,201004
143,39,201004
143,282,201004
143,15,201004
143,34,201004
143,455,201004
143,188,201004
143,159,201004
143,27,201004
143,28,201004
143,29,201004
143,160,201004
143,6,201004
143,23,201004
143,19,201004
143,36,201004
143,139,201004
143,136,201004
143,501,201004
143,121,201004
143,2,201004
143,40,201004
143,83,201004
143,81,201004
143,32,201004
143,129,201004
143,72,201004
143,76,201004
143,0,201004
143,97,201004
143,124,201004
143,61,201004
143,142,201004
143,339,201004
143,137,201004
143,89,201004
143,51,201004
143,16,201004
143,100,201004
143,101,201004
143,104,201004
143,45,201004
143,247,201004
143,62,201004
143,133,201004
143,126,201004
143,155,201004
143,375,201004
143,157,201004
143,48,201004
143,176,201004
143,30,201004
143,132,201004
143,12,201004
143,14,201004
143,46,201004
143,118,201004
143,54,201004
143,59,201004
143,17,201004
143,25,201004
143,154,201004
143,11,201004
143,96,201004
143,1,201004
143,138,201004
143,195,201004
143,10,201004
143,77,201004
143,52,201004
143,110,201004
143,5,201004
143,38,201004
143,120,201004
143,85,201004
143,170,201004
143,278,201004
143,41,201004
143,134,201004
143,320,201004
143,115,201004
143,99,201004
143,544,201004
143,274,201004
143,149,201004
143,119,201004
143,249,201004
143,355,201004
143,26,201004
143,156,201004
143,94,201004
143,342,201004
143,165,201004
143,53,201004
143,146,201004
143,346,201004
143,178,201004
143,21,201004
143,92,201004
143,108,201004
143,135,201004
144,160,201004
144,16,201004
144,40,201004
144,31,201004
144,66,201004
144,55,201004
144,18,201004
144,346,201004
144,99,201004
144,32,201004
144,29,201004
145,111,201004
145,31,201004
145,237,201004
145,101,201004
145,58,201004
145,346,201004
145,18,201004
145,32,201004
145,29,201004
146,247,201004
146,136,201004
146,17,201004
146,1,201004
146,160,201004
146,40,201004
146,60,201004
146,76,201004
146,154,201004
146,165,201004
146,18,201004
146,52,201004
146,35,201004
146,20,201004
146,11,201004
146,6,201004
146,59,201004
146,175,201004
146,14,201004
146,129,201004
146,97,201004
146,29,201004
146,19,201004
146,110,201004
146,28,201004
146,25,201004
146,13,201004
146,16,201004
146,137,201004
146,117,201004
146,31,201004
146,93,201004
146,45,201004
146,27,201004
146,813,201004
146,78,201004
146,101,201004
146,287,201004
146,124,201004
146,198,201004
146,32,201004
146,21,201004
146,94,201004
146,38,201004
146,176,201004
146,139,201004
146,92,201004
146,5,201004
146,72,201004
146,54,201004
146,48,201004
146,77,201004
146,183,201004
146,1147,201004
146,64,201004
146,57,201004
146,63,201004
146,180,201004
146,143,201004
146,26,201004
146,96,201004
146,544,201004
146,62,201004
146,113,201004
146,320,201004
146,83,201004
146,66,201004
146,12,201004
146,126,201004
146,142,201004
146,36,201004
146,65,201004
146,120,201004
146,131,201004
146,95,201004
146,181,201004
146,46,201004
146,0,201004
146,100,201004
146,4,201004
146,81,201004
146,99,201004
146,108,201004
146,10,201004
147,330,201004
147,153,201004
147,372,201004
147,31,201004
147,183,201004
147,221,201004
147,64,201004
147,160,201004
147,113,201004
147,53,201004
147,1169,201004
147,136,201004
147,10,201004
147,11,201004
148,136,201004
149,552,201004
149,115,201004
149,165,201004
149,54,201004
149,113,201004
149,60,201004
149,18,201004
149,93,201004
149,13,201004
149,27,201004
149,48,201004
149,0,201004
149,17,201004
149,72,201004
149,346,201004
149,154,201004
149,5,201004
149,136,201004
149,96,201004
149,10,201004
149,137,201004
149,92,201004
149,25,201004
149,274,201004
150,23,201004
150,20,201004
150,165,201004
150,85,201004
150,143,201004
150,132,201004
150,36,201004
150,183,201004
150,22,201004
150,346,201004
150,1,201004
150,25,201004
150,51,201004
150,10,201004
150,11,201004
150,4,201004
150,17,201004
150,136,201004
150,137,201004
151,362,201004
151,1147,201004
151,178,201004
151,320,201004
151,60,201004
152,0,201004
152,161,201004
152,40,201004
152,34,201004
152,16,201004
152,124,201004
152,237,201004
152,46,201004
152,137,201004
152,160,201004
152,25,201004
152,97,201004
153,147,201004
153,34,201004
153,99,201004
153,136,201004
153,6,201004
153,29,201004
153,25,201004
153,137,201004
154,282,201004
154,175,201004
154,160,201004
154,1,201004
154,104,201004
154,1250,201004
154,77,201004
154,143,201004
154,146,201004
154,27,201004
154,54,201004
154,14,201004
154,99,201004
154,120,201004
154,107,201004
154,106,201004
154,100,201004
154,149,201004
154,25,201004
154,157,201004
154,2,201004
154,122,201004
154,150,201004
154,85,201004
154,82,201004
154,102,201004
154,142,201004
154,180,201004
154,59,201004
154,113,201004
154,355,201004
154,265,201004
154,213,201004
154,17,201004
154,53,201004
154,40,201004
154,19,201004
154,183,201004
154,165,201004
154,61,201004
154,15,201004
154,0,201004
154,123,201004
154,20,201004
154,234,201004
154,4,201004
154,136,201004
154,133,201004
154,296,201004
154,21,201004
154,1147,201004
154,18,201004
154,341,201004
154,26,201004
154,97,201004
154,251,201004
154,112,201004
154,101,201004
154,29,201004
154,31,201004
154,96,201004
154,22,201004
154,51,201004
154,1580,201004
154,38,201004
154,119,201004
154,78,201004
154,34,201004
154,83,201004
154,9,201004
154,132,201004
154,139,201004
154,32,201004
154,131,201004
154,13,201004
154,64,201004
154,116,201004
154,394,201004
154,10,201004
154,46,201004
154,36,201004
154,6,201004
154,275,201004
154,522,201004
154,23,201004
154,60,201004
154,5,201004
154,16,201004
154,28,201004
154,80,201004
154,72,201004
154,124,201004
154,48,201004
154,81,201004
154,11,201004
154,108,201004
154,12,201004
154,35,201004
154,92,201004
154,274,201004
154,135,201004
154,137,201004
155,19,201004
155,160,201004
155,52,201004
155,124,201004
155,143,201004
155,154,201004
155,61,201004
155,80,201004
155,97,201004
155,274,201004
155,23,201004
155,107,201004
155,29,201004
155,40,201004
155,64,201004
155,69,201004
155,85,201004
155,92,201004
155,83,201004
155,38,201004
155,2,201004
155,36,201004
155,16,201004
155,113,201004
155,112,201004
155,20,201004
155,32,201004
155,56,201004
155,6,201004
155,46,201004
155,28,201004
155,136,201004
155,139,201004
155,48,201004
155,26,201004
155,10,201004
155,1,201004
155,99,201004
155,135,201004
155,108,201004
155,60,201004
155,14,201004
156,75,201004
156,45,201004
156,60,201004
156,79,201004
156,131,201004
156,34,201004
156,29,201004
156,99,201004
156,64,201004
156,52,201004
156,24,201004
156,54,201004
156,1147,201004
156,38,201004
156,6,201004
156,154,201004
156,19,201004
156,14,201004
156,97,201004
156,108,201004
156,35,201004
156,46,201004
156,160,201004
156,25,201004
156,137,201004
157,118,201004
157,339,201004
157,27,201004
157,143,201004
157,163,201004
157,19,201004
157,224,201004
157,101,201004
157,41,201004
157,75,201004
157,338,201004
157,102,201004
157,9,201004
157,76,201004
157,57,201004
157,154,201004
157,117,201004
157,1,201004
157,54,201004
157,119,201004
157,133,201004
157,35,201004
157,165,201004
157,32,201004
157,13,201004
157,10,201004
157,274,201004
157,97,201004
157,46,201004
157,99,201004
157,160,201004
157,60,201004
157,14,201004
157,135,201004
157,25,201004
157,92,201004
157,137,201004
158,97,201004
158,124,201004
158,43,201004
158,16,201004
158,143,201004
158,146,201004
158,495,201004
158,31,201004
158,6,201004
158,266,201004
158,78,201004
158,1147,201004
158,178,201004
158,1052,201004
158,160,201004
158,188,201004
158,19,201004
158,341,201004
158,26,201004
158,46,201004
159,131,201004
159,143,201004
159,138,201004
159,77,201004
159,160,201004
159,195,201004
159,123,201004
159,1,201004
159,32,201004
159,346,201004
159,29,201004
159,18,201004
159,136,201004
159,1227,201004
159,375,201004
159,137,201004
159,10,201004
160,183,201004
160,79,201004
160,84,201004
160,52,201004
160,5,201004
160,89,201004
160,77,201004
160,93,201004
160,31,201004
160,146,201004
160,110,201004
160,100,201004
160,165,201004
160,112,201004
160,38,201004
160,101,201004
160,180,201004
160,115,201004
160,11,201004
160,224,201004
160,13,201004
160,281,201004
160,147,201004
160,512,201004
160,30,201004
160,339,201004
160,102,201004
160,29,201004
160,97,201004
160,136,201004
160,137,201004
160,234,201004
160,181,201004
160,154,201004
160,59,201004
160,197,201004
160,37,201004
160,188,201004
160,72,201004
160,140,201004
160,1,201004
160,35,201004
160,15,201004
160,117,201004
160,78,201004
160,132,201004
160,120,201004
160,32,201004
160,129,201004
160,80,201004
160,194,201004
160,45,201004
160,51,201004
160,39,201004
160,48,201004
160,40,201004
160,46,201004
160,216,201004
160,70,201004
160,36,201004
160,76,201004
160,99,201004
160,20,201004
160,62,201004
160,139,201004
160,63,201004
160,60,201004
160,10,201004
160,118,201004
160,25,201004
160,126,201004
160,54,201004
160,22,201004
160,4,201004
160,12,201004
160,83,201004
160,144,201004
160,16,201004
160,19,201004
160,104,201004
160,58,201004
160,96,201004
160,159,201004
160,113,201004
160,14,201004
160,41,201004
160,108,201004
160,85,201004
160,95,201004
160,23,201004
160,61,201004
160,18,201004
160,6,201004
160,142,201004
160,53,201004
160,107,201004
160,143,201004
160,1236,201004
160,131,201004
160,24,201004
160,34,201004
160,155,201004
160,64,201004
160,195,201004
160,134,201004
160,28,201004
160,2,201004
160,21,201004
160,17,201004
160,9,201004
160,57,201004
160,176,201004
160,0,201004
160,133,201004
160,27,201004
160,43,201004
160,69,201004
160,211,201004
160,122,201004
160,121,201004
160,94,201004
160,198,201004
160,1017,201004
160,274,201004
160,150,201004
160,65,201004
160,521,201004
160,265,201004
160,1291,201004
160,346,201004
160,544,201004
160,158,201004
160,124,201004
160,885,201004
160,81,201004
160,393,201004
160,543,201004
160,314,201004
160,250,201004
160,318,201004
160,157,201004
160,309,201004
160,98,201004
160,871,201004
160,163,201004
160,510,201004
160,355,201004
160,161,201004
160,152,201004
160,249,201004
160,156,201004
160,341,201004
160,26,201004
161,157,201004
161,339,201004
161,428,201004
161,22,201004
161,19,201004
161,198,201004
161,108,201004
161,154,201004
161,38,201004
161,31,201004
161,1,201004
161,160,201004
161,10,201004
161,25,201004
161,137,201004
163,393,201004
163,208,201004
163,152,201004
163,58,201004
163,197,201004
163,16,201004
163,79,201004
163,111,201004
163,12,201004
163,27,201004
163,346,201004
163,32,201004
163,29,201004
163,136,201004
163,64,201004
163,160,201004
163,60,201004
163,137,201004
163,18,201004
163,97,201004
164,84,201004
164,69,201004
164,19,201004
164,51,201004
164,135,201004
164,21,201004
164,64,201004
164,20,201004
164,1169,201004
164,136,201004
164,18,201004
164,17,201004
164,1227,201004
164,10,201004
164,4,201004
164,11,201004
165,137,201004
165,160,201004
165,149,201004
165,104,201004
165,143,201004
165,16,201004
165,198,201004
165,126,201004
165,27,201004
165,453,201004
165,96,201004
165,146,201004
165,133,201004
165,211,201004
165,97,201004
165,83,201004
165,77,201004
165,135,201004
165,26,201004
165,81,201004
165,107,201004
165,189,201004
165,72,201004
165,48,201004
165,2,201004
165,54,201004
165,180,201004
165,120,201004
165,31,201004
165,21,201004
165,85,201004
165,22,201004
165,20,201004
165,46,201004
165,58,201004
165,213,201004
165,12,201004
165,346,201004
165,4,201004
165,80,201004
165,64,201004
165,9,201004
165,124,201004
165,60,201004
165,13,201004
165,112,201004
165,11,201004
165,136,201004
165,108,201004
165,14,201004
165,5,201004
165,17,201004
165,28,201004
165,29,201004
165,92,201004
165,25,201004
165,10,201004
165,1,201004
165,274,201004
166,136,201004
166,372,201004
167,97,201004
167,435,201004
167,2,201004
167,342,201004
167,544,201004
167,35,201004
167,339,201004
167,93,201004
167,14,201004
168,203,201004
169,11,201004
169,9,201004
169,100,201004
169,112,201004
169,28,201004
169,17,201004
169,20,201004
169,29,201004
169,137,201004
169,136,201004
170,29,201004
170,143,201004
170,176,201004
170,27,201004
170,362,201004
170,19,201004
170,544,201004
170,134,201004
170,16,201004
170,72,201004
170,38,201004
170,1147,201004
170,32,201004
170,18,201004
171,144,201004
171,208,201004
171,24,201004
171,79,201004
171,65,201004
171,266,201004
171,1250,201004
171,18,201004
171,32,201004
171,29,201004
172,129,201004
172,1129,201004
172,18,201004
172,137,201004
172,26,201004
172,13,201004
172,29,201004
172,64,201004
172,173,201004
172,357,201004
172,59,201004
172,48,201004
172,19,201004
172,6,201004
172,46,201004
172,35,201004
172,97,201004
173,129,201004
173,172,201004
173,419,201004
173,36,201004
173,108,201004
173,1129,201004
173,46,201004
173,97,201004
173,357,201004
173,35,201004
174,18,201004
175,19,201004
175,146,201004
175,117,201004
175,27,201004
175,112,201004
175,137,201004
175,32,201004
175,136,201004
175,18,201004
175,17,201004
175,281,201004
175,97,201004
175,83,201004
175,6,201004
175,89,201004
175,1,201004
175,25,201004
175,154,201004
175,60,201004
175,178,201004
175,1250,201004
175,341,201004
175,375,201004
175,266,201004
175,29,201004
176,77,201004
176,6,201004
176,160,201004
176,387,201004
176,143,201004
176,270,201004
176,41,201004
176,341,201004
176,62,201004
176,80,201004
176,39,201004
176,124,201004
176,118,201004
176,249,201004
176,45,201004
176,278,201004
176,19,201004
176,32,201004
176,339,201004
176,60,201004
176,393,201004
176,29,201004
176,146,201004
176,13,201004
176,46,201004
176,48,201004
176,16,201004
176,64,201004
176,97,201004
177,51,201004
177,69,201004
177,105,201004
177,25,201004
177,53,201004
177,23,201004
177,1,201004
177,346,201004
177,107,201004
177,1227,201004
177,20,201004
177,10,201004
177,136,201004
177,11,201004
177,4,201004
178,1194,201004
178,237,201004
178,100,201004
178,931,201004
178,76,201004
178,158,201004
178,362,201004
178,101,201004
178,117,201004
178,83,201004
178,445,201004
178,1045,201004
178,175,201004
178,375,201004
178,320,201004
178,134,201004
178,64,201004
178,82,201004
178,29,201004
178,180,201004
178,342,201004
178,120,201004
178,316,201004
178,126,201004
178,141,201004
178,32,201004
178,143,201004
178,45,201004
178,36,201004
178,102,201004
178,155,201004
178,46,201004
178,75,201004
178,24,201004
178,288,201004
178,151,201004
178,142,201004
178,40,201004
178,16,201004
178,60,201004
178,13,201004
178,108,201004
178,97,201004
178,139,201004
178,48,201004
180,5,201004
180,766,201004
180,52,201004
180,142,201004
180,126,201004
180,160,201004
180,6,201004
180,31,201004
180,25,201004
180,287,201004
180,15,201004
180,9,201004
180,75,201004
180,66,201004
180,197,201004
180,57,201004
180,154,201004
180,152,201004
180,106,201004
180,112,201004
180,32,201004
180,28,201004
180,78,201004
180,136,201004
180,143,201004
180,170,201004
180,82,201004
180,77,201004
180,27,201004
180,83,201004
180,40,201004
180,20,201004
180,85,201004
180,274,201004
180,14,201004
180,4,201004
180,178,201004
180,133,201004
180,146,201004
180,100,201004
180,19,201004
180,889,201004
180,11,201004
180,139,201004
180,59,201004
180,38,201004
180,2,201004
180,29,201004
180,899,201004
180,64,201004
180,46,201004
180,360,201004
180,13,201004
180,99,201004
180,26,201004
180,18,201004
180,10,201004
180,108,201004
180,48,201004
180,16,201004
180,97,201004
180,135,201004
180,60,201004
181,270,201004
181,77,201004
181,429,201004
181,160,201004
181,546,201004
181,13,201004
181,54,201004
181,178,201004
181,143,201004
181,197,201004
181,55,201004
181,76,201004
181,144,201004
181,18,201004
181,137,201004
181,39,201004
181,53,201004
181,265,201004
181,249,201004
181,161,201004
181,59,201004
181,0,201004
181,52,201004
181,131,201004
181,154,201004
181,75,201004
181,136,201004
181,1147,201004
181,320,201004
181,32,201004
181,46,201004
181,60,201004
181,29,201004
181,99,201004
181,26,201004
181,16,201004
181,48,201004
181,6,201004
181,1227,201004
181,146,201004
181,10,201004
181,375,201004
181,25,201004
181,97,201004
182,176,201004
182,269,201004
182,94,201004
182,43,201004
182,154,201004
182,60,201004
182,19,201004
182,46,201004
182,29,201004
182,6,201004
182,32,201004
183,147,201004
183,154,201004
183,84,201004
183,11,201004
183,23,201004
183,107,201004
183,53,201004
183,160,201004
183,72,201004
183,32,201004
183,28,201004
183,29,201004
183,27,201004
183,135,201004
183,13,201004
183,96,201004
183,81,201004
183,165,201004
183,17,201004
183,10,201004
183,112,201004
183,237,201004
183,113,201004
183,21,201004
183,301,201004
183,1,201004
183,317,201004
183,105,201004
183,136,201004
183,5,201004
183,51,201004
183,18,201004
183,20,201004
183,4,201004
183,69,201004
184,51,201004
184,215,201004
184,96,201004
184,101,201004
184,1227,201004
184,17,201004
184,10,201004
184,136,201004
184,11,201004
184,4,201004
184,20,201004
185,110,201004
185,525,201004
185,922,201004
185,186,201004
185,698,201004
185,657,201004
185,650,201004
185,997,201004
185,1016,201004
185,630,201004
185,926,201004
185,665,201004
185,947,201004
185,696,201004
185,474,201004
185,656,201004
185,697,201004
185,200,201004
185,937,201004
186,185,201004
186,560,201004
186,525,201004
186,110,201004
186,620,201004
186,559,201004
186,474,201004
186,556,201004
186,1016,201004
186,558,201004
186,926,201004
186,200,201004
186,473,201004
186,591,201004
186,922,201004
186,351,201004
186,555,201004
186,561,201004
188,1194,201004
188,40,201004
188,165,201004
188,552,201004
188,0,201004
188,160,201004
188,143,201004
188,118,201004
188,65,201004
188,12,201004
188,9,201004
188,158,201004
188,10,201004
188,25,201004
188,137,201004
188,97,201004
189,23,201004
189,133,201004
189,1,201004
189,529,201004
189,112,201004
189,85,201004
189,211,201004
189,223,201004
189,69,201004
189,22,201004
189,51,201004
189,4,201004
189,21,201004
189,11,201004
189,136,201004
189,20,201004
189,17,201004
190,1183,201004
190,110,201004
190,696,201004
190,185,201004
190,235,201004
190,920,201004
190,201,201004
190,897,201004
191,110,201004
192,32,201004
192,26,201004
192,46,201004
192,19,201004
192,64,201004
192,97,201004
193,52,201004
193,32,201004
193,137,201004
193,29,201004
194,160,201004
194,48,201004
194,60,201004
194,6,201004
194,59,201004
195,160,201004
195,270,201004
195,131,201004
195,19,201004
195,97,201004
195,48,201004
195,32,201004
195,60,201004
196,489,201004
196,577,201004
196,705,201004
196,400,201004
196,478,201004
196,225,201004
196,364,201004
196,471,201004
196,378,201004
196,476,201004
196,110,201004
196,469,201004
196,424,201004
196,506,201004
196,402,201004
196,366,201004
196,377,201004
196,425,201004
196,412,201004
196,595,201004
196,367,201004
196,448,201004
196,528,201004
196,363,201004
196,551,201004
196,1132,201004
196,475,201004
196,504,201004
196,472,201004
196,578,201004
196,409,201004
196,365,201004
196,470,201004
196,418,201004
196,681,201004
196,679,201004
196,663,201004
196,677,201004
196,684,201004
196,636,201004
196,516,201004
196,547,201004
196,479,201004
196,447,201004
196,1028,201004
196,526,201004
196,625,201004
196,667,201004
196,695,201004
196,1134,201004
196,127,201004
196,427,201004
196,352,201004
196,109,201004
196,4,201004
197,545,201004
197,77,201004
197,160,201004
197,15,201004
197,769,201004
197,78,201004
197,176,201004
197,140,201004
197,32,201004
197,57,201004
197,181,201004
197,46,201004
197,18,201004
197,346,201004
197,48,201004
197,29,201004
197,16,201004
197,54,201004
197,139,201004
197,97,201004
197,108,201004
197,60,201004
198,837,201004
198,195,201004
198,135,201004
198,206,201004
198,146,201004
198,16,201004
198,160,201004
198,32,201004
198,137,201004
198,97,201004
198,29,201004
200,474,201004
200,656,201004
200,697,201004
200,947,201004
200,926,201004
200,657,201004
200,937,201004
200,698,201004
200,185,201004
201,110,201004
201,235,201004
201,190,201004
203,291,201004
203,89,201004
203,168,201004
203,87,201004
204,59,201004
204,115,201004
204,17,201004
204,137,201004
205,40,201004
205,171,201004
205,176,201004
205,19,201004
205,64,201004
205,32,201004
206,6,201004
206,158,201004
206,117,201004
206,144,201004
206,66,201004
206,43,201004
206,270,201004
206,15,201004
206,722,201004
206,19,201004
206,266,201004
206,32,201004
207,45,201004
207,886,201004
207,1044,201004
207,110,201004
207,136,201004
208,463,201004
208,64,201004
208,63,201004
208,297,201004
208,1188,201004
208,1361,201004
208,772,201004
208,278,201004
208,421,201004
208,132,201004
208,45,201004
208,160,201004
208,92,201004
208,349,201004
208,142,201004
208,283,201004
208,46,201004
208,19,201004
208,97,201004
208,29,201004
208,108,201004
208,60,201004
208,36,201004
208,99,201004
208,32,201004
208,139,201004
208,48,201004
209,1,201004
209,345,201004
209,17,201004
210,826,201004
210,1,201004
210,1057,201004
210,941,201004
210,750,201004
210,998,201004
211,23,201004
211,346,201004
211,85,201004
211,1295,201004
211,20,201004
211,136,201004
211,17,201004
211,1,201004
212,89,201004
213,666,201004
213,34,201004
213,22,201004
213,9,201004
213,30,201004
213,83,201004
213,18,201004
213,165,201004
213,31,201004
213,160,201004
213,85,201004
213,108,201004
213,1043,201004
213,29,201004
213,136,201004
213,51,201004
213,21,201004
213,10,201004
213,11,201004
213,222,201004
213,17,201004
213,20,201004
213,1,201004
213,137,201004
213,4,201004
214,33,201004
214,51,201004
214,23,201004
214,136,201004
214,10,201004
214,1227,201004
214,17,201004
214,11,201004
214,20,201004
214,4,201004
215,214,201004
215,51,201004
215,20,201004
216,224,201004
216,83,201004
216,160,201004
216,25,201004
216,137,201004
216,97,201004
217,129,201004
217,60,201004
217,59,201004
220,115,201004
220,346,201004
220,1169,201004
220,137,201004
221,147,201004
221,982,201004
221,981,201004
221,502,201004
221,1169,201004
221,136,201004
222,4,201004
222,748,201004
222,747,201004
222,107,201004
222,346,201004
222,1169,201004
222,5,201004
222,28,201004
222,17,201004
222,10,201004
222,1227,201004
222,213,201004
223,84,201004
223,143,201004
223,1265,201004
223,112,201004
223,133,201004
223,22,201004
223,5,201004
223,31,201004
223,30,201004
223,164,201004
223,10,201004
223,136,201004
223,18,201004
223,4,201004
223,11,201004
224,160,201004
224,278,201004
224,181,201004
224,152,201004
224,341,201004
224,97,201004
224,99,201004
224,137,201004
224,375,201004
224,266,201004
224,29,201004
224,46,201004
225,471,201004
225,196,201004
225,472,201004
225,470,201004
225,110,201004
225,351,201004
225,475,201004
225,378,201004
225,377,201004
225,573,201004
225,352,201004
226,606,201004
226,573,201004
226,590,201004
226,679,201004
226,586,201004
226,604,201004
226,110,201004
226,229,201004
226,351,201004
226,589,201004
226,574,201004
226,232,201004
226,607,201004
226,527,201004
226,554,201004
226,572,201004
226,660,201004
226,471,201004
227,11,201004
228,11,201004
229,230,201004
229,110,201004
229,669,201004
229,596,201004
229,640,201004
229,824,201004
229,925,201004
229,637,201004
229,600,201004
229,644,201004
229,663,201004
230,634,201004
230,229,201004
230,594,201004
230,639,201004
230,231,201004
230,226,201004
230,110,201004
230,638,201004
230,641,201004
230,596,201004
230,600,201004
230,636,201004
230,642,201004
230,232,201004
230,635,201004
230,640,201004
231,575,201004
231,232,201004
231,110,201004
231,604,201004
231,465,201004
231,643,201004
231,319,201004
231,196,201004
231,351,201004
231,226,201004
231,230,201004
231,644,201004
231,658,201004
231,640,201004
231,586,201004
231,576,201004
231,664,201004
231,670,201004
231,603,201004
231,527,201004
231,599,201004
232,603,201004
232,465,201004
232,639,201004
232,591,201004
232,186,201004
232,664,201004
232,571,201004
232,599,201004
232,256,201004
232,351,201004
232,230,201004
232,110,201004
232,594,201004
232,661,201004
232,602,201004
232,818,201004
232,260,201004
232,600,201004
232,640,201004
232,601,201004
232,634,201004
232,624,201004
232,255,201004
232,253,201004
232,258,201004
232,598,201004
232,658,201004
232,644,201004
232,700,201004
232,252,201004
232,527,201004
232,659,201004
232,273,201004
232,239,201004
232,605,201004
232,597,201004
232,670,201004
232,263,201004
232,586,201004
232,636,201004
232,257,201004
232,641,201004
232,635,201004
232,575,201004
232,319,201004
232,226,201004
232,231,201004
232,254,201004
232,576,201004
232,259,201004
232,643,201004
232,559,201004
233,18,201004
233,132,201004
233,125,201004
233,19,201004
233,143,201004
233,338,201004
233,9,201004
233,16,201004
233,45,201004
233,346,201004
233,1169,201004
233,266,201004
233,10,201004
233,29,201004
233,32,201004
234,426,201004
234,122,201004
234,160,201004
234,61,201004
234,123,201004
234,762,201004
234,738,201004
234,81,201004
234,163,201004
234,77,201004
234,154,201004
234,131,201004
234,346,201004
234,1169,201004
234,1227,201004
234,18,201004
234,10,201004
235,1056,201004
235,110,201004
235,808,201004
235,201,201004
235,190,201004
235,1381,201004
235,867,201004
236,627,201004
236,110,201004
237,134,201004
237,16,201004
237,63,201004
237,58,201004
237,180,201004
237,341,201004
237,144,201004
237,76,201004
237,703,201004
237,97,201004
237,137,201004
237,26,201004
237,6,201004
237,25,201004
237,46,201004
237,60,201004
237,32,201004
237,29,201004
238,1169,201004
238,11,201004
239,252,201004
239,643,201004
239,230,201004
239,232,201004
239,664,201004
241,89,201004
241,59,201004
241,45,201004
241,17,201004
241,675,201004
241,157,201004
242,180,201004
242,101,201004
242,19,201004
242,72,201004
242,32,201004
242,64,201004
242,18,201004
242,92,201004
242,29,201004
243,89,201004
243,7,201004
243,8,201004
243,4,201004
243,29,201004
243,136,201004
243,1,201004
243,17,201004
243,20,201004
244,1147,201004
244,2,201004
244,346,201004
244,137,201004
245,279,201004
247,401,201004
247,143,201004
247,107,201004
247,18,201004
247,51,201004
247,69,201004
247,23,201004
247,175,201004
247,138,201004
247,146,201004
247,17,201004
247,110,201004
247,13,201004
247,5,201004
247,748,201004
247,747,201004
247,843,201004
248,11,201004
249,98,201004
249,101,201004
249,104,201004
249,124,201004
249,65,201004
249,143,201004
249,16,201004
249,79,201004
249,176,201004
249,85,201004
249,160,201004
249,97,201004
250,16,201004
250,65,201004
250,31,201004
250,39,201004
250,25,201004
250,143,201004
250,99,201004
250,160,201004
250,46,201004
250,137,201004
250,97,201004
251,154,201004
251,29,201004
252,253,201004
252,254,201004
252,239,201004
252,232,201004
252,576,201004
253,603,201004
253,239,201004
253,252,201004
253,232,201004
253,600,201004
253,254,201004
254,232,201004
254,253,201004
254,252,201004
255,232,201004
255,239,201004
255,260,201004
255,258,201004
255,602,201004
255,257,201004
256,232,201004
256,601,201004
256,263,201004
256,260,201004
256,257,201004
256,597,201004
257,232,201004
257,255,201004
257,258,201004
257,256,201004
257,700,201004
257,260,201004
257,273,201004
257,263,201004
257,601,201004
257,591,201004
258,257,201004
258,254,201004
258,255,201004
258,260,201004
258,239,201004
258,259,201004
258,263,201004
258,232,201004
258,602,201004
258,591,201004
259,601,201004
259,255,201004
259,252,201004
259,258,201004
259,239,201004
259,257,201004
259,659,201004
259,664,201004
259,232,201004
259,602,201004
260,232,201004
260,258,201004
260,256,201004
260,601,201004
260,263,201004
260,597,201004
260,659,201004
260,257,201004
260,255,201004
261,35,201004
261,5,201004
261,133,201004
261,17,201004
261,22,201004
261,346,201004
261,28,201004
261,10,201004
261,136,201004
261,1,201004
261,20,201004
263,260,201004
263,232,201004
263,256,201004
263,258,201004
263,601,201004
263,602,201004
263,597,201004
263,664,201004
263,257,201004
264,960,201004
265,131,201004
265,133,201004
265,53,201004
265,9,201004
265,27,201004
265,29,201004
265,25,201004
265,132,201004
265,160,201004
265,154,201004
265,77,201004
265,122,201004
265,346,201004
265,18,201004
265,136,201004
265,17,201004
265,266,201004
265,11,201004
265,10,201004
265,1227,201004
266,35,201004
266,178,201004
266,77,201004
266,334,201004
266,158,201004
266,1250,201004
266,171,201004
266,52,201004
266,40,201004
266,1147,201004
266,888,201004
266,61,201004
266,278,201004
266,544,201004
266,140,201004
266,15,201004
266,265,201004
266,233,201004
266,1020,201004
266,224,201004
266,76,201004
266,43,201004
266,66,201004
266,206,201004
266,175,201004
266,138,201004
266,62,201004
266,815,201004
266,114,201004
267,1250,201004
267,64,201004
267,29,201004
268,11,201004
268,133,201004
269,495,201004
269,860,201004
269,205,201004
269,0,201004
269,32,201004
269,29,201004
269,137,201004
269,60,201004
269,97,201004
270,181,201004
270,55,201004
270,65,201004
270,141,201004
270,126,201004
270,276,201004
270,16,201004
270,18,201004
270,29,201004
270,32,201004
271,18,201004
273,232,201004
273,659,201004
273,259,201004
273,602,201004
273,591,201004
274,286,201004
274,137,201004
274,139,201004
274,143,201004
274,45,201004
274,23,201004
274,401,201004
274,16,201004
274,12,201004
274,102,201004
274,157,201004
274,52,201004
274,32,201004
274,113,201004
274,155,201004
274,20,201004
274,64,201004
274,81,201004
274,9,201004
274,83,201004
274,0,201004
274,154,201004
274,1,201004
274,124,201004
274,29,201004
274,14,201004
274,75,201004
274,21,201004
274,133,201004
274,183,201004
274,346,201004
274,25,201004
274,1147,201004
274,100,201004
274,106,201004
274,26,201004
274,112,201004
274,107,201004
274,2,201004
274,11,201004
274,54,201004
274,77,201004
274,19,201004
274,18,201004
274,51,201004
274,48,201004
274,13,201004
274,5,201004
274,108,201004
274,4,201004
274,160,201004
274,31,201004
274,60,201004
274,17,201004
274,28,201004
274,47,201004
274,93,201004
274,135,201004
274,10,201004
274,136,201004
274,80,201004
274,72,201004
274,149,201004
274,165,201004
274,116,201004
274,96,201004
274,115,201004
274,27,201004
274,85,201004
274,92,201004
275,154,201004
276,54,201004
276,270,201004
276,16,201004
276,74,201004
276,29,201004
276,18,201004
276,32,201004
277,19,201004
278,135,201004
278,76,201004
278,75,201004
278,16,201004
278,180,201004
278,355,201004
278,160,201004
278,82,201004
278,58,201004
278,208,201004
278,142,201004
278,83,201004
278,85,201004
278,1147,201004
278,32,201004
278,178,201004
278,19,201004
278,99,201004
278,46,201004
278,26,201004
278,266,201004
278,97,201004
279,675,201004
279,280,201004
279,245,201004
281,160,201004
281,32,201004
281,374,201004
281,77,201004
281,176,201004
281,143,201004
281,16,201004
281,45,201004
281,29,201004
281,138,201004
281,57,201004
281,175,201004
282,188,201004
282,401,201004
282,18,201004
282,27,201004
282,142,201004
282,782,201004
282,131,201004
282,739,201004
283,208,201004
283,13,201004
284,129,201004
286,25,201004
287,80,201004
287,146,201004
287,94,201004
287,143,201004
287,76,201004
287,176,201004
287,46,201004
287,97,201004
288,178,201004
288,97,201004
288,1147,201004
288,341,201004
288,83,201004
289,134,201004
289,13,201004
290,186,201004
290,190,201004
290,110,201004
290,808,201004
291,203,201004
291,87,201004
292,346,201004
292,29,201004
294,97,201004
294,496,201004
294,666,201004
294,960,201004
295,51,201004
296,154,201004
296,29,201004
297,102,201004
297,313,201004
297,1130,201004
297,208,201004
297,444,201004
297,349,201004
297,1674,201004
297,13,201004
298,432,201004
298,64,201004
298,18,201004
299,130,201004
299,777,201004
299,96,201004
299,941,201004
299,345,201004
299,536,201004
299,23,201004
299,1,201004
299,10,201004
299,136,201004
300,4,201004
301,183,201004
301,4,201004
302,482,201004
302,1194,201004
303,133,201004
303,444,201004
303,20,201004
303,17,201004
303,29,201004
303,136,201004
304,782,201004
304,64,201004
304,99,201004
305,110,201004
305,684,201004
305,830,201004
305,633,201004
305,109,201004
305,4,201004
306,110,201004
306,128,201004
306,427,201004
306,4,201004
306,109,201004
307,35,201004
307,136,201004
307,137,201004
308,29,201004
309,160,201004
309,137,201004
310,25,201004
310,101,201004
310,73,201004
310,510,201004
311,50,201004
311,3,201004
311,69,201004
311,4,201004
313,297,201004
313,78,201004
313,349,201004
313,13,201004
314,25,201004
314,160,201004
315,20,201004
316,141,201004
316,722,201004
316,178,201004
317,69,201004
317,301,201004
317,22,201004
317,183,201004
317,4,201004
317,11,201004
318,54,201004
318,160,201004
319,586,201004
319,575,201004
319,231,201004
319,576,201004
319,232,201004
319,644,201004
319,599,201004
319,527,201004
319,465,201004
320,39,201004
320,1194,201004
320,19,201004
320,65,201004
320,58,201004
320,14,201004
320,143,201004
320,80,201004
320,180,201004
320,97,201004
320,1250,201004
320,38,201004
320,176,201004
320,102,201004
320,46,201004
320,62,201004
320,99,201004
320,137,201004
320,6,201004
320,18,201004
320,142,201004
320,40,201004
320,181,201004
320,434,201004
320,26,201004
320,178,201004
320,60,201004
320,101,201004
320,151,201004
320,32,201004
320,815,201004
320,29,201004
320,334,201004
320,95,201004
320,79,201004
320,48,201004
320,13,201004
322,35,201004
322,59,201004
322,108,201004
323,770,201004
323,89,201004
326,346,201004
326,25,201004
327,133,201004
327,137,201004
327,25,201004
330,147,201004
330,136,201004
330,11,201004
332,176,201004
332,198,201004
332,19,201004
332,64,201004
332,32,201004
333,336,201004
333,752,201004
333,137,201004
333,25,201004
334,266,201004
334,1250,201004
334,320,201004
335,25,201004
335,137,201004
336,25,201004
336,137,201004
338,74,201004
338,55,201004
338,12,201004
338,163,201004
338,26,201004
338,19,201004
338,6,201004
338,32,201004
339,282,201004
339,250,201004
339,453,201004
339,77,201004
339,143,201004
339,1232,201004
339,157,201004
339,23,201004
339,401,201004
339,27,201004
339,25,201004
339,165,201004
339,93,201004
339,115,201004
339,85,201004
339,62,201004
339,35,201004
339,188,201004
339,428,201004
339,2,201004
339,175,201004
339,160,201004
339,393,201004
339,10,201004
339,137,201004
340,25,201004
341,176,201004
341,39,201004
341,57,201004
341,34,201004
341,124,201004
341,146,201004
341,31,201004
341,0,201004
341,46,201004
341,29,201004
341,16,201004
341,224,201004
341,85,201004
341,78,201004
341,75,201004
341,141,201004
341,66,201004
341,48,201004
341,45,201004
341,140,201004
341,62,201004
341,82,201004
341,139,201004
341,266,201004
341,158,201004
341,36,201004
341,32,201004
341,100,201004
341,135,201004
341,137,201004
341,108,201004
341,97,201004
341,375,201004
341,160,201004
341,25,201004
342,78,201004
342,24,201004
342,495,201004
342,167,201004
342,80,201004
342,99,201004
342,435,201004
342,393,201004
342,278,201004
342,46,201004
342,97,201004
344,9,201004
344,25,201004
344,118,201004
344,31,201004
344,188,201004
344,372,201004
344,40,201004
344,137,201004
345,299,201004
345,136,201004
345,23,201004
345,17,201004
346,784,201004
346,189,201004
346,5,201004
346,359,201004
346,69,201004
346,124,201004
346,326,201004
346,85,201004
346,40,201004
346,103,201004
346,177,201004
346,33,201004
346,111,201004
346,142,201004
346,31,201004
346,61,201004
346,19,201004
346,112,201004
346,12,201004
346,58,201004
346,74,201004
346,969,201004
346,22,201004
346,34,201004
346,423,201004
346,863,201004
346,135,201004
346,483,201004
346,66,201004
346,122,201004
346,77,201004
346,81,201004
346,150,201004
346,274,201004
346,75,201004
346,163,201004
346,23,201004
346,143,201004
346,408,201004
346,1227,201004
346,123,201004
346,165,201004
346,116,201004
346,136,201004
346,384,201004
346,54,201004
346,292,201004
346,18,201004
346,51,201004
346,234,201004
346,25,201004
346,261,201004
346,21,201004
346,160,201004
346,443,201004
346,9,201004
346,410,201004
346,93,201004
346,244,201004
346,104,201004
346,72,201004
346,132,201004
346,2,201004
346,144,201004
346,149,201004
346,265,201004
346,184,201004
346,44,201004
346,145,201004
346,222,201004
346,197,201004
346,137,201004
346,133,201004
346,138,201004
346,159,201004
346,4,201004
348,23,201004
348,17,201004
349,102,201004
349,208,201004
349,313,201004
349,1674,201004
349,297,201004
349,13,201004
351,606,201004
351,231,201004
351,587,201004
351,554,201004
351,110,201004
351,589,201004
351,572,201004
351,1083,201004
351,607,201004
351,225,201004
351,352,201004
351,196,201004
351,226,201004
351,590,201004
351,574,201004
351,660,201004
351,679,201004
351,425,201004
351,713,201004
351,564,201004
351,604,201004
351,498,201004
351,760,201004
351,424,201004
351,586,201004
351,186,201004
351,573,201004
351,232,201004
352,805,201004
352,565,201004
352,470,201004
352,484,201004
352,622,201004
352,623,201004
352,621,201004
352,626,201004
352,110,201004
352,693,201004
352,424,201004
352,1203,201004
352,625,201004
352,351,201004
352,564,201004
352,196,201004
352,579,201004
352,678,201004
352,532,201004
352,694,201004
352,679,201004
352,225,201004
352,477,201004
352,425,201004
353,17,201004
354,165,201004
354,28,201004
354,97,201004
354,77,201004
354,54,201004
355,63,201004
355,38,201004
355,24,201004
355,57,201004
355,342,201004
355,39,201004
355,115,201004
355,860,201004
355,197,201004
355,12,201004
355,43,201004
355,188,201004
355,9,201004
355,143,201004
355,16,201004
355,32,201004
355,46,201004
355,160,201004
355,25,201004
355,97,201004
355,137,201004
357,1129,201004
357,173,201004
357,172,201004
358,372,201004
358,136,201004
359,358,201004
359,891,201004
359,346,201004
359,136,201004
360,180,201004
361,136,201004
362,24,201004
362,197,201004
362,9,201004
362,40,201004
362,74,201004
362,135,201004
362,12,201004
362,178,201004
362,32,201004
362,19,201004
362,16,201004
363,196,201004
363,366,201004
364,400,201004
364,365,201004
364,402,201004
364,681,201004
364,196,201004
364,551,201004
364,409,201004
364,366,201004
365,366,201004
365,364,201004
365,400,201004
365,196,201004
365,551,201004
365,681,201004
365,402,201004
366,409,201004
366,363,201004
366,402,201004
366,196,201004
366,551,201004
366,364,201004
367,196,201004
368,588,201004
368,490,201004
368,27,201004
368,136,201004
369,60,201004
369,14,201004
370,60,201004
371,53,201004
371,17,201004
371,136,201004
371,29,201004
371,137,201004
371,25,201004
372,147,201004
372,67,201004
372,344,201004
372,1169,201004
372,136,201004
372,11,201004
373,64,201004
374,281,201004
374,64,201004
375,143,201004
375,46,201004
375,92,201004
375,26,201004
375,83,201004
375,178,201004
375,14,201004
375,1147,201004
375,97,201004
375,29,201004
375,140,201004
375,224,201004
375,104,201004
375,76,201004
375,141,201004
375,15,201004
375,132,201004
375,65,201004
375,95,201004
375,138,201004
375,114,201004
375,815,201004
375,341,201004
375,79,201004
375,101,201004
375,175,201004
375,159,201004
375,62,201004
375,181,201004
375,57,201004
375,66,201004
376,136,201004
377,196,201004
377,472,201004
377,378,201004
377,225,201004
377,412,201004
377,351,201004
377,489,201004
378,225,201004
378,196,201004
378,475,201004
378,412,201004
378,471,201004
378,489,201004
379,138,201004
379,29,201004
380,97,201004
380,1194,201004
380,354,201004
380,139,201004
380,14,201004
380,739,201004
380,31,201004
380,135,201004
381,142,201004
381,1086,201004
381,16,201004
383,667,201004
384,27,201004
384,54,201004
384,346,201004
385,2,201004
385,25,201004
387,176,201004
387,19,201004
388,27,201004
390,137,201004
390,25,201004
391,282,201004
393,35,201004
393,101,201004
393,342,201004
393,2,201004
393,29,201004
393,274,201004
393,176,201004
393,53,201004
393,93,201004
393,25,201004
393,167,201004
393,160,201004
393,137,201004
393,97,201004
394,154,201004
395,17,201004
398,503,201004
398,31,201004
398,97,201004
400,366,201004
400,196,201004
400,365,201004
401,57,201004
401,53,201004
401,96,201004
401,247,201004
401,4,201004
401,9,201004
401,274,201004
402,364,201004
402,366,201004
402,196,201004
407,61,201004
407,18,201004
408,346,201004
409,364,201004
409,366,201004
409,196,201004
409,551,201004
410,436,201004
410,346,201004
410,18,201004
412,196,201004
412,377,201004
412,225,201004
412,378,201004
412,489,201004
413,18,201004
415,61,201004
415,416,201004
415,981,201004
415,804,201004
415,136,201004
415,18,201004
416,18,201004
418,196,201004
419,338,201004
419,1122,201004
419,207,201004
419,19,201004
419,133,201004
420,29,201004
421,208,201004
422,440,201004
422,54,201004
422,29,201004
423,346,201004
423,18,201004
424,477,201004
424,400,201004
424,622,201004
424,625,201004
424,579,201004
424,478,201004
424,110,201004
424,196,201004
424,484,201004
424,425,201004
424,476,201004
424,469,201004
424,623,201004
424,352,201004
424,351,201004
424,506,201004
424,532,201004
425,478,201004
425,532,201004
425,196,201004
425,424,201004
425,476,201004
425,110,201004
425,506,201004
425,352,201004
426,18,201004
426,737,201004
426,234,201004
427,110,201004
427,4,201004
427,127,201004
427,109,201004
427,128,201004
427,306,201004
427,614,201004
427,616,201004
427,612,201004
427,610,201004
428,31,201004
428,188,201004
428,59,201004
428,2,201004
429,181,201004
429,193,201004
429,32,201004
430,54,201004
430,1205,201004
430,18,201004
432,298,201004
432,18,201004
434,106,201004
434,320,201004
434,1250,201004
435,35,201004
435,181,201004
435,160,201004
435,14,201004
435,97,201004
436,234,201004
436,410,201004
436,18,201004
440,54,201004
440,814,201004
440,18,201004
440,32,201004
443,44,201004
443,346,201004
443,1169,201004
443,29,201004
444,1903,201004
444,13,201004
444,5,201004
444,297,201004
444,133,201004
444,83,201004
444,24,201004
445,102,201004
445,18,201004
445,178,201004
445,46,201004
447,448,201004
447,196,201004
447,489,201004
448,196,201004
448,489,201004
448,547,201004
448,479,201004
449,64,201004
452,97,201004
453,101,201004
453,1194,201004
455,0,201004
455,512,201004
455,41,201004
455,143,201004
455,97,201004
457,712,201004
457,1039,201004
458,97,201004
458,46,201004
460,282,201004
463,133,201004
463,48,201004
463,65,201004
463,19,201004
463,83,201004
463,40,201004
465,576,201004
465,527,201004
465,319,201004
465,110,201004
465,232,201004
465,231,201004
465,599,201004
465,644,201004
465,639,201004
465,603,201004
465,643,201004
465,586,201004
465,575,201004
465,254,201004
465,230,201004
465,604,201004
469,424,201004
469,477,201004
469,506,201004
469,476,201004
470,475,201004
470,196,201004
470,377,201004
470,472,201004
470,640,201004
470,471,201004
470,225,201004
471,196,201004
471,475,201004
471,225,201004
471,472,201004
471,226,201004
471,470,201004
471,378,201004
472,378,201004
472,196,201004
472,225,201004
472,471,201004
472,377,201004
472,470,201004
473,186,201004
473,559,201004
473,474,201004
473,657,201004
474,110,201004
474,665,201004
474,651,201004
474,997,201004
474,473,201004
474,559,201004
474,650,201004
474,186,201004
474,922,201004
474,657,201004
474,630,201004
474,185,201004
475,471,201004
475,196,201004
475,470,201004
475,225,201004
476,110,201004
476,196,201004
476,532,201004
476,448,201004
476,424,201004
476,469,201004
477,110,201004
477,352,201004
477,532,201004
477,424,201004
478,424,201004
478,506,201004
478,110,201004
478,425,201004
478,196,201004
479,196,201004
479,489,201004
480,136,201004
482,44,201004
482,302,201004
482,552,201004
482,124,201004
483,85,201004
483,346,201004
483,1169,201004
483,137,201004
484,352,201004
484,579,201004
484,625,201004
484,694,201004
484,621,201004
485,282,201004
487,10,201004
488,294,201004
489,196,201004
489,377,201004
489,479,201004
489,504,201004
489,447,201004
489,378,201004
489,412,201004
490,62,201004
490,175,201004
490,27,201004
490,133,201004
490,431,201004
492,136,201004
493,28,201004
493,37,201004
493,17,201004
495,75,201004
495,39,201004
495,342,201004
495,244,201004
495,166,201004
495,1169,201004
495,10,201004
495,147,201004
495,97,201004
495,25,201004
495,137,201004
497,9,201004
498,110,201004
498,351,201004
501,23,201004
501,107,201004
501,132,201004
501,143,201004
502,728,201004
502,12,201004
502,221,201004
502,136,201004
503,97,201004
503,31,201004
504,196,201004
506,110,201004
506,196,201004
506,484,201004
506,606,201004
506,622,201004
506,478,201004
506,425,201004
506,448,201004
506,424,201004
510,16,201004
510,310,201004
510,97,201004
510,160,201004
512,160,201004
512,80,201004
512,455,201004
516,196,201004
519,23,201004
519,165,201004
519,143,201004
519,36,201004
519,428,201004
519,45,201004
519,282,201004
521,65,201004
521,160,201004
522,652,201004
522,154,201004
523,1022,201004
523,16,201004
525,726,201004
525,627,201004
525,716,201004
525,584,201004
525,236,201004
525,110,201004
525,185,201004
525,961,201004
525,683,201004
525,1239,201004
525,932,201004
525,847,201004
525,839,201004
525,582,201004
525,1089,201004
525,1030,201004
525,1087,201004
525,962,201004
526,196,201004
526,110,201004
527,602,201004
527,226,201004
527,575,201004
527,232,201004
527,231,201004
527,319,201004
527,576,201004
527,644,201004
527,586,201004
527,643,201004
527,599,201004
527,465,201004
528,196,201004
529,1,201004
532,110,201004
532,352,201004
532,477,201004
532,424,201004
532,623,201004
532,622,201004
534,950,201004
534,115,201004
536,299,201004
536,23,201004
536,10,201004
537,834,201004
537,148,201004
537,346,201004
537,136,201004
539,490,201004
539,27,201004
539,890,201004
539,165,201004
540,287,201004
540,97,201004
543,344,201004
543,935,201004
543,39,201004
543,160,201004
543,97,201004
544,100,201004
544,72,201004
544,1194,201004
544,288,201004
544,64,201004
544,73,201004
544,181,201004
544,28,201004
544,2,201004
544,249,201004
544,54,201004
544,126,201004
544,144,201004
544,160,201004
544,39,201004
544,192,201004
544,40,201004
544,18,201004
544,101,201004
544,97,201004
544,341,201004
544,31,201004
544,57,201004
544,21,201004
544,77,201004
544,32,201004
544,85,201004
544,135,201004
544,146,201004
544,26,201004
544,6,201004
544,266,201004
544,17,201004
544,10,201004
544,136,201004
544,46,201004
544,29,201004
544,25,201004
544,137,201004
545,197,201004
545,32,201004
546,181,201004
546,32,201004
547,196,201004
547,402,201004
548,10,201004
548,11,201004
549,64,201004
551,196,201004
551,365,201004
551,578,201004
551,409,201004
551,364,201004
551,366,201004
552,115,201004
552,48,201004
552,72,201004
552,32,201004
552,34,201004
552,85,201004
552,17,201004
552,25,201004
552,2,201004
552,188,201004
552,5,201004
552,29,201004
552,97,201004
552,333,201004
552,482,201004
552,1194,201004
554,351,201004
554,110,201004
554,587,201004
554,226,201004
554,604,201004
555,186,201004
556,473,201004
556,186,201004
558,605,201004
558,186,201004
558,560,201004
559,232,201004
559,474,201004
559,473,201004
559,186,201004
560,561,201004
560,558,201004
560,186,201004
561,186,201004
562,563,201004
563,615,201004
563,614,201004
563,680,201004
563,566,201004
563,618,201004
563,688,201004
563,616,201004
563,569,201004
563,1150,201004
563,562,201004
563,568,201004
563,734,201004
563,610,201004
563,611,201004
563,612,201004
563,617,201004
563,674,201004
563,570,201004
563,567,201004
563,610,201004
563,614,201004
563,612,201004
563,616,201004
564,110,201004
564,352,201004
564,565,201004
564,694,201004
564,622,201004
564,679,201004
565,352,201004
565,679,201004
565,694,201004
565,564,201004
566,563,201004
566,570,201004
566,610,201004
567,563,201004
568,563,201004
569,566,201004
569,563,201004
570,614,201004
570,563,201004
571,232,201004
572,573,201004
572,574,201004
572,351,201004
572,110,201004
572,589,201004
572,226,201004
572,590,201004
573,589,201004
573,590,201004
573,586,201004
573,226,201004
573,225,201004
573,351,201004
573,572,201004
574,586,201004
574,589,201004
574,226,201004
574,572,201004
574,590,201004
574,351,201004
575,643,201004
575,254,201004
575,319,201004
575,603,201004
575,527,201004
575,465,201004
575,576,201004
575,644,201004
575,232,201004
575,639,201004
575,231,201004
575,599,201004
576,319,201004
576,231,201004
576,465,201004
576,232,201004
576,644,201004
576,575,201004
576,252,201004
577,196,201004
577,110,201004
578,366,201004
578,196,201004
578,551,201004
579,196,201004
579,626,201004
579,621,201004
579,678,201004
579,694,201004
579,625,201004
579,623,201004
579,352,201004
582,525,201004
584,525,201004
586,351,201004
586,226,201004
586,232,201004
586,572,201004
586,607,201004
586,679,201004
586,527,201004
586,465,201004
586,574,201004
586,589,201004
587,554,201004
587,110,201004
587,604,201004
587,351,201004
588,368,201004
588,34,201004
588,834,201004
588,27,201004
588,136,201004
589,351,201004
589,574,201004
589,590,201004
589,226,201004
589,572,201004
589,604,201004
589,586,201004
590,351,201004
590,572,201004
590,589,201004
590,574,201004
590,573,201004
590,606,201004
590,226,201004
591,232,201004
591,239,201004
591,186,201004
591,700,201004
591,257,201004
591,256,201004
591,658,201004
591,255,201004
591,624,201004
591,258,201004
591,273,201004
591,253,201004
591,664,201004
591,602,201004
591,559,201004
592,109,201004
592,593,201004
593,109,201004
593,592,201004
593,127,201004
594,110,201004
594,640,201004
594,600,201004
594,639,201004
594,596,201004
594,636,201004
594,229,201004
594,230,201004
596,110,201004
596,232,201004
596,230,201004
596,229,201004
596,594,201004
596,636,201004
596,640,201004
597,232,201004
597,624,201004
597,658,201004
597,260,201004
597,256,201004
597,664,201004
597,601,201004
597,670,201004
597,263,201004
598,232,201004
599,232,201004
599,465,201004
599,229,201004
599,644,201004
599,605,201004
599,319,201004
599,639,201004
599,603,201004
599,527,201004
599,231,201004
599,575,201004
599,643,201004
600,594,201004
600,229,201004
600,640,201004
600,232,201004
600,639,201004
600,230,201004
601,232,201004
601,664,201004
601,258,201004
601,256,201004
601,602,201004
601,597,201004
601,263,201004
601,257,201004
601,260,201004
601,591,201004
602,636,201004
602,664,201004
602,659,201004
602,232,201004
602,258,201004
602,260,201004
602,263,201004
602,255,201004
602,670,201004
602,259,201004
602,273,201004
602,601,201004
603,230,201004
603,110,201004
603,231,201004
603,465,201004
603,232,201004
603,643,201004
603,639,201004
603,575,201004
603,599,201004
604,226,201004
604,527,201004
604,231,201004
604,643,201004
604,576,201004
604,554,201004
604,587,201004
604,589,201004
604,465,201004
604,351,201004
605,110,201004
605,599,201004
605,232,201004
606,351,201004
606,660,201004
606,607,201004
606,1083,201004
606,679,201004
607,226,201004
607,660,201004
607,110,201004
607,351,201004
607,606,201004
607,679,201004
607,586,201004
610,563,201004
610,566,201004
610,427,201004
611,563,201004
612,614,201004
612,563,201004
612,427,201004
614,563,201004
614,948,201004
614,427,201004
615,563,201004
616,563,201004
616,427,201004
617,563,201004
618,563,201004
620,186,201004
621,110,201004
621,352,201004
621,484,201004
621,625,201004
621,678,201004
621,579,201004
621,626,201004
621,694,201004
622,196,201004
622,623,201004
622,564,201004
622,694,201004
622,352,201004
622,532,201004
623,352,201004
623,196,201004
623,694,201004
623,579,201004
623,679,201004
623,622,201004
623,532,201004
624,232,201004
624,658,201004
624,670,201004
624,700,201004
624,602,201004
624,659,201004
624,664,201004
625,621,201004
625,579,201004
625,484,201004
625,694,201004
625,626,201004
625,678,201004
625,196,201004
625,352,201004
626,352,201004
626,621,201004
626,579,201004
626,625,201004
626,694,201004
626,678,201004
627,525,201004
627,236,201004
627,110,201004
627,1273,201004
627,1891,201004
627,1263,201004
627,648,201004
627,997,201004
627,649,201004
627,646,201004
628,109,201004
628,127,201004
629,628,201004
629,109,201004
630,665,201004
630,997,201004
630,922,201004
630,110,201004
630,474,201004
631,110,201004
633,110,201004
633,305,201004
633,4,201004
633,109,201004
634,230,201004
634,232,201004
635,634,201004
635,641,201004
635,232,201004
635,230,201004
636,596,201004
636,594,201004
636,230,201004
636,640,201004
636,196,201004
636,232,201004
638,230,201004
638,229,201004
639,110,201004
639,232,201004
639,603,201004
639,230,201004
639,465,201004
639,600,201004
639,231,201004
639,575,201004
639,599,201004
639,643,201004
640,110,201004
640,230,201004
640,232,201004
640,602,201004
640,594,201004
640,636,201004
640,596,201004
641,230,201004
641,635,201004
641,473,201004
642,230,201004
643,603,201004
643,319,201004
643,465,201004
643,605,201004
643,604,201004
643,239,201004
643,527,201004
643,231,201004
643,232,201004
643,639,201004
643,644,201004
643,575,201004
643,599,201004
644,232,201004
644,599,201004
644,231,201004
644,605,201004
644,575,201004
644,527,201004
644,643,201004
645,13,201004
646,649,201004
646,648,201004
646,627,201004
647,719,201004
647,841,201004
647,1002,201004
647,765,201004
648,649,201004
648,627,201004
648,646,201004
649,627,201004
649,648,201004
649,646,201004
650,185,201004
650,665,201004
650,110,201004
650,997,201004
650,657,201004
650,474,201004
651,110,201004
651,474,201004
652,64,201004
652,19,201004
652,237,201004
652,134,201004
652,46,201004
652,132,201004
652,32,201004
654,1576,201004
656,200,201004
656,698,201004
656,937,201004
656,697,201004
656,657,201004
656,185,201004
657,926,201004
657,656,201004
657,947,201004
657,650,201004
657,665,201004
657,651,201004
657,200,201004
657,698,201004
657,630,201004
657,186,201004
657,697,201004
657,474,201004
657,937,201004
657,185,201004
658,232,201004
658,597,201004
658,670,201004
658,231,201004
658,664,201004
658,624,201004
658,661,201004
659,232,201004
659,255,201004
659,273,201004
659,664,201004
659,597,201004
659,602,201004
659,260,201004
659,624,201004
660,351,201004
660,110,201004
660,226,201004
660,606,201004
660,679,201004
661,658,201004
661,664,201004
661,232,201004
662,120,201004
662,97,201004
663,824,201004
663,196,201004
663,229,201004
664,110,201004
664,263,201004
664,597,201004
664,602,201004
664,601,201004
664,232,201004
664,259,201004
664,231,201004
664,624,201004
664,591,201004
664,239,201004
664,661,201004
664,670,201004
664,658,201004
665,657,201004
665,650,201004
665,474,201004
665,630,201004
665,185,201004
665,110,201004
666,393,201004
666,1037,201004
666,294,201004
667,383,201004
667,857,201004
667,196,201004
669,110,201004
669,229,201004
670,232,201004
670,597,201004
670,658,201004
670,231,201004
670,624,201004
670,602,201004
670,664,201004
671,137,201004
674,563,201004
675,59,201004
676,109,201004
676,677,201004
676,593,201004
677,109,201004
677,676,201004
678,352,201004
678,626,201004
678,694,201004
678,621,201004
678,625,201004
679,660,201004
679,196,201004
679,352,201004
679,226,201004
679,351,201004
679,607,201004
679,623,201004
679,564,201004
679,606,201004
680,563,201004
681,364,201004
681,196,201004
681,365,201004
683,525,201004
684,110,201004
684,305,201004
693,352,201004
694,110,201004
694,352,201004
694,565,201004
694,564,201004
694,625,201004
694,579,201004
694,484,201004
694,678,201004
694,626,201004
694,623,201004
694,622,201004
694,621,201004
695,196,201004
696,190,201004
696,185,201004
697,525,201004
697,656,201004
697,937,201004
697,657,201004
697,185,201004
698,110,201004
698,926,201004
698,947,201004
698,937,201004
698,657,201004
698,200,201004
698,185,201004
700,257,201004
700,260,201004
700,232,201004
700,591,201004
703,652,201004
703,64,201004
705,400,201004
705,196,201004
705,110,201004
706,751,201004
706,136,201004
710,35,201004
710,652,201004
712,225,201004
713,351,201004
716,525,201004
719,647,201004
720,294,201004
722,1147,201004
722,9,201004
722,64,201004
723,724,201004
723,109,201004
724,723,201004
724,109,201004
728,502,201004
728,12,201004
728,136,201004
728,1227,201004
728,10,201004
729,109,201004
730,64,201004
734,563,201004
734,427,201004
736,745,201004
736,832,201004
736,21,201004
736,761,201004
736,20,201004
737,18,201004
738,762,201004
738,234,201004
738,166,201004
738,221,201004
738,982,201004
738,136,201004
739,99,201004
739,40,201004
739,6,201004
739,380,201004
739,135,201004
739,282,201004
739,64,201004
739,1088,201004
739,35,201004
739,54,201004
739,77,201004
739,1052,201004
739,142,201004
740,85,201004
740,483,201004
741,795,201004
741,295,201004
741,4,201004
741,51,201004
741,20,201004
744,19,201004
744,99,201004
744,97,201004
744,46,201004
745,21,201004
745,755,201004
747,748,201004
747,1422,201004
747,1421,201004
747,222,201004
747,1424,201004
747,247,201004
748,747,201004
748,222,201004
748,247,201004
748,1421,201004
749,348,201004
749,23,201004
750,941,201004
750,781,201004
750,107,201004
750,1369,201004
750,1368,201004
750,210,201004
750,1345,201004
751,706,201004
751,136,201004
752,552,201004
752,136,201004
752,333,201004
752,27,201004
752,137,201004
753,84,201004
753,30,201004
754,136,201004
754,30,201004
755,21,201004
756,96,201004
757,96,201004
760,351,201004
761,736,201004
761,866,201004
761,21,201004
761,4,201004
761,17,201004
761,20,201004
762,738,201004
762,122,201004
762,234,201004
762,783,201004
762,136,201004
764,536,201004
764,23,201004
764,10,201004
765,647,201004
766,13,201004
768,48,201004
769,48,201004
769,155,201004
769,180,201004
769,12,201004
769,35,201004
769,57,201004
769,278,201004
769,97,201004
769,139,201004
769,60,201004
769,108,201004
769,46,201004
770,89,201004
770,1408,201004
770,7,201004
770,778,201004
770,323,201004
771,1232,201004
772,208,201004
775,30,201004
775,67,201004
775,359,201004
775,136,201004
776,753,201004
776,30,201004
777,299,201004
777,96,201004
778,89,201004
778,90,201004
781,10,201004
781,750,201004
781,1369,201004
781,941,201004
781,11,201004
782,158,201004
782,36,201004
783,762,201004
783,30,201004
783,136,201004
784,1,201004
786,898,201004
786,917,201004
786,110,201004
789,110,201004
795,184,201004
795,33,201004
797,97,201004
797,46,201004
799,14,201004
799,46,201004
799,19,201004
801,96,201004
804,136,201004
805,352,201004
806,49,201004
808,110,201004
808,290,201004
810,1424,201004
813,76,201004
813,24,201004
813,146,201004
813,143,201004
813,46,201004
813,97,201004
814,54,201004
814,440,201004
814,18,201004
814,32,201004
815,6,201004
815,180,201004
815,126,201004
815,1250,201004
815,320,201004
815,13,201004
815,375,201004
815,48,201004
815,266,201004
817,5,201004
817,23,201004
818,110,201004
819,5,201004
819,261,201004
819,165,201004
819,51,201004
819,10,201004
819,4,201004
819,17,201004
824,196,201004
824,230,201004
824,229,201004
826,210,201004
826,998,201004
828,7,201004
832,21,201004
832,20,201004
834,368,201004
834,27,201004
834,136,201004
837,2,201004
839,525,201004
839,1089,201004
840,109,201004
841,110,201004
841,647,201004
842,295,201004
842,51,201004
843,4,201004
843,247,201004
847,961,201004
847,525,201004
847,1089,201004
851,525,201004
854,444,201004
857,667,201004
860,75,201004
860,156,201004
860,72,201004
860,12,201004
860,34,201004
860,160,201004
860,46,201004
860,19,201004
860,60,201004
860,97,201004
860,13,201004
860,26,201004
862,12,201004
862,728,201004
862,136,201004
863,23,201004
863,346,201004
863,10,201004
863,17,201004
864,109,201004
866,21,201004
866,761,201004
866,4,201004
866,17,201004
866,20,201004
867,235,201004
871,160,201004
874,17,201004
874,133,201004
874,1131,201004
874,23,201004
878,30,201004
878,67,201004
878,136,201004
885,27,201004
885,160,201004
886,110,201004
888,31,201004
888,97,201004
888,266,201004
889,180,201004
890,62,201004
891,359,201004
891,136,201004
894,279,201004
896,13,201004
897,190,201004
898,786,201004
899,180,201004
900,31,201004
900,97,201004
906,23,201004
906,2,201004
906,165,201004
906,96,201004
906,17,201004
906,20,201004
906,1,201004
908,909,201004
908,18,201004
909,908,201004
909,18,201004
911,58,201004
911,1403,201004
913,109,201004
914,496,201004
914,9,201004
917,786,201004
920,201,201004
920,190,201004
922,185,201004
922,657,201004
922,997,201004
922,186,201004
922,665,201004
922,630,201004
925,229,201004
926,200,201004
926,698,201004
926,185,201004
931,178,201004
932,525,201004
935,97,201004
937,656,201004
937,200,201004
937,698,201004
937,657,201004
937,697,201004
937,185,201004
941,826,201004
941,133,201004
941,998,201004
941,210,201004
941,20,201004
941,1,201004
941,299,201004
941,1010,201004
941,1369,201004
941,1057,201004
941,136,201004
942,281,201004
947,630,201004
947,657,201004
947,698,201004
947,185,201004
948,614,201004
948,127,201004
950,85,201004
950,17,201004
950,137,201004
960,26,201004
960,133,201004
960,39,201004
960,488,201004
960,32,201004
961,525,201004
961,1089,201004
962,559,201004
962,847,201004
962,1089,201004
962,525,201004
968,804,201004
968,12,201004
968,136,201004
969,136,201004
969,346,201004
969,10,201004
979,1424,201004
979,1422,201004
981,221,201004
981,136,201004
982,738,201004
982,136,201004
995,444,201004
995,13,201004
996,13,201004
997,630,201004
997,185,201004
997,110,201004
997,229,201004
997,474,201004
997,186,201004
997,922,201004
997,657,201004
997,627,201004
998,10,201004
998,941,201004
998,210,201004
998,826,201004
1002,647,201004
1010,941,201004
1015,136,201004
1016,947,201004
1016,186,201004
1016,185,201004
1017,160,201004
1020,14,201004
1020,266,201004
1022,381,201004
1022,523,201004
1022,16,201004
1028,196,201004
1030,1087,201004
1030,525,201004
1043,133,201004
1044,207,201004
1045,445,201004
1045,178,201004
1052,60,201004
1052,860,201004
1052,101,201004
1052,158,201004
1052,739,201004
1052,97,201004
1056,235,201004
1057,210,201004
1057,941,201004
1065,16,201004
1070,4,201004
1070,1422,201004
1079,444,201004
1083,660,201004
1083,606,201004
1083,351,201004
1086,16,201004
1086,381,201004
1087,1030,201004
1087,525,201004
1088,29,201004
1088,135,201004
1089,839,201004
1089,962,201004
1089,847,201004
1089,961,201004
1089,525,201004
1090,136,201004
1090,30,201004
1099,188,201004
1099,165,201004
1099,124,201004
1103,7,201004
1115,178,201004
1118,13,201004
1129,172,201004
1129,173,201004
1129,357,201004
1129,129,201004
1130,297,201004
1130,1131,201004
1132,196,201004
1134,196,201004
1134,110,201004
1144,32,201004
1144,375,201004
1144,18,201004
1144,354,201004
1144,4,201004
1147,120,201004
1147,544,201004
1147,344,201004
1147,83,201004
1147,154,201004
1147,41,201004
1147,100,201004
1147,278,201004
1147,72,201004
1147,139,201004
1147,288,201004
1147,158,201004
1147,24,201004
1147,77,201004
1147,146,201004
1147,62,201004
1147,156,201004
1147,141,201004
1147,40,201004
1147,316,201004
1147,266,201004
1147,22,201004
1147,82,201004
1147,140,201004
1147,1190,201004
1147,170,201004
1147,106,201004
1147,32,201004
1147,181,201004
1147,26,201004
1147,101,201004
1147,63,201004
1147,375,201004
1147,38,201004
1147,25,201004
1147,151,201004
1147,14,201004
1147,495,201004
1147,2,201004
1147,339,201004
1147,274,201004
1147,135,201004
1147,9,201004
1147,174,201004
1147,54,201004
1147,16,201004
1147,29,201004
1147,57,201004
1147,43,201004
1147,46,201004
1147,47,201004
1147,48,201004
1147,94,201004
1147,76,201004
1147,39,201004
1150,563,201004
1153,97,201004
1169,1190,201004
1169,238,201004
1169,124,201004
1169,47,201004
1169,220,201004
1169,221,201004
1169,111,201004
1169,147,201004
1169,136,201004
1169,164,201004
1169,72,201004
1169,166,201004
1169,93,201004
1169,122,201004
1169,44,201004
1169,233,201004
1169,69,201004
1169,85,201004
1169,443,201004
1169,234,201004
1169,495,201004
1169,125,201004
1169,18,201004
1169,4,201004
1169,2,201004
1169,222,201004
1174,133,201004
1174,1920,201004
1175,120,201004
1180,54,201004
1183,201,201004
1183,190,201004
1188,208,201004
1190,1147,201004
1190,1169,201004
1190,137,201004
1193,297,201004
1194,16,201004
1194,739,201004
1194,320,201004
1194,482,201004
1194,135,201004
1194,101,201004
1194,510,201004
1194,380,201004
1194,98,201004
1194,97,201004
1194,310,201004
1194,178,201004
1194,27,201004
1194,120,201004
1194,453,201004
1194,302,201004
1194,9,201004
1194,552,201004
1195,35,201004
1196,842,201004
1196,51,201004
1202,1203,201004
1202,352,201004
1203,352,201004
1205,430,201004
1205,54,201004
1209,38,201004
1227,728,201004
1227,34,201004
1227,33,201004
1227,184,201004
1227,214,201004
1227,104,201004
1227,111,201004
1227,177,201004
1227,122,201004
1227,234,201004
1227,30,201004
1227,84,201004
1227,164,201004
1227,181,201004
1227,138,201004
1227,159,201004
1227,61,201004
1227,222,201004
1227,15,201004
1227,265,201004
1232,282,201004
1236,1,201004
1239,525,201004
1250,154,201004
1250,320,201004
1250,334,201004
1250,106,201004
1250,79,201004
1250,815,201004
1250,267,201004
1250,175,201004
1250,138,201004
1250,434,201004
1250,171,201004
1250,266,201004
1250,57,201004
1250,101,201004
1258,60,201004
1258,136,201004
1258,97,201004
1259,1286,201004
1261,1262,201004
1263,627,201004
1265,133,201004
1265,750,201004
1265,223,201004
1269,96,201004
1273,627,201004
1276,54,201004
1276,97,201004
1278,133,201004
1278,1335,201004
1286,1259,201004
1291,160,201004
1295,96,201004
1305,108,201004
1319,51,201004
1324,1424,201004
1335,1278,201004
1336,133,201004
1337,6,201004
1344,322,201004
1344,53,201004
1345,750,201004
1355,1,201004
1361,208,201004
1363,64,201004
1368,941,201004
1368,1369,201004
1368,750,201004
1381,235,201004
1395,1251,201004
1398,133,201004
1408,7,201004
1408,770,201004
1408,89,201004
1417,13,201004
1421,748,201004
1421,747,201004
1422,1439,201004
1422,1450,201004
1422,1424,201004
1422,979,201004
1422,1438,201004
1422,1070,201004
1422,747,201004
1424,810,201004
1424,1395,201004
1424,1438,201004
1424,1324,201004
1424,1439,201004
1424,1450,201004
1424,979,201004
1424,747,201004
1438,1422,201004
1438,1424,201004
1439,1424,201004
1450,1422,201004
1450,1424,201004
1451,496,201004
1456,133,201004
1466,0,201004
1482,27,201004
1534,18,201004
1580,154,201004
1649,107,201004
1649,51,201004
1649,4,201004
1649,112,201004
1649,17,201004
1674,297,201004
1674,349,201004
1676,14,201004
1794,96,201004
1815,1904,201004
1891,627,201004
1903,1441,201004
1904,1815,201004
1920,1174,201004
