i,j,t
0,97,200412
0,143,200412
0,433,200412
0,20,200412
0,157,200412
0,83,200412
0,274,200412
0,188,200412
0,160,200412
0,23,200412
0,64,200412
0,98,200412
0,124,200412
0,14,200412
0,137,200412
0,24,200412
0,101,200412
0,419,200412
0,165,200412
0,17,200412
0,46,200412
0,72,200412
0,28,200412
0,6,200412
0,26,200412
0,180,200412
0,1,200412
0,38,200412
0,120,200412
0,113,200412
0,110,200412
0,29,200412
0,86,200412
0,136,200412
0,69,200412
0,142,200412
0,19,200412
0,18,200412
0,81,200412
0,213,200412
0,92,200412
0,21,200412
0,16,200412
0,2,200412
0,32,200412
0,320,200412
0,12,200412
0,10,200412
0,41,200412
0,107,200412
0,27,200412
0,52,200412
0,99,200412
0,51,200412
0,59,200412
0,54,200412
0,40,200412
0,108,200412
0,4,200412
0,102,200412
0,133,200412
0,96,200412
0,112,200412
0,13,200412
0,25,200412
0,77,200412
0,9,200412
0,85,200412
0,154,200412
0,100,200412
0,135,200412
0,5,200412
0,60,200412
0,48,200412
0,80,200412
0,31,200412
0,146,200412
0,35,200412
1,14,200412
1,19,200412
1,195,200412
1,26,200412
1,6,200412
1,23,200412
1,77,200412
1,143,200412
1,160,200412
1,5,200412
1,27,200412
1,11,200412
1,552,200412
1,28,200412
1,96,200412
1,209,200412
1,136,200412
1,80,200412
1,17,200412
1,138,200412
1,165,200412
1,29,200412
1,433,200412
1,137,200412
1,150,200412
1,40,200412
1,20,200412
1,10,200412
1,175,200412
1,62,200412
1,37,200412
1,139,200412
1,146,200412
1,129,200412
1,121,200412
1,24,200412
1,375,200412
1,35,200412
1,22,200412
1,21,200412
1,784,200412
1,18,200412
1,85,200412
1,108,200412
1,97,200412
1,142,200412
1,99,200412
1,47,200412
1,60,200412
1,299,200412
1,31,200412
1,32,200412
1,739,200412
1,48,200412
1,102,200412
1,161,200412
1,247,200412
1,2,200412
1,51,200412
1,100,200412
1,0,200412
1,213,200412
1,70,200412
1,941,200412
1,131,200412
1,126,200412
1,154,200412
1,66,200412
1,81,200412
1,863,200412
1,33,200412
1,112,200412
1,120,200412
1,1355,200412
1,536,200412
1,181,200412
1,52,200412
1,13,200412
1,180,200412
1,155,200412
1,61,200412
1,157,200412
1,345,200412
1,36,200412
1,303,200412
1,7,200412
1,376,200412
1,149,200412
1,223,200412
1,89,200412
1,183,200412
1,116,200412
1,54,200412
1,12,200412
1,395,200412
1,119,200412
1,69,200412
1,4,200412
1,115,200412
1,261,200412
1,16,200412
1,184,200412
1,130,200412
1,110,200412
1,132,200412
1,34,200412
1,30,200412
1,906,200412
1,124,200412
1,64,200412
1,211,200412
1,59,200412
1,113,200412
1,189,200412
1,83,200412
1,133,200412
1,53,200412
1,72,200412
1,9,200412
1,107,200412
1,46,200412
1,135,200412
1,92,200412
1,25,200412
2,282,200412
2,552,200412
2,87,200412
2,26,200412
2,54,200412
2,165,200412
2,85,200412
2,339,200412
2,136,200412
2,160,200412
2,433,200412
2,137,200412
2,143,200412
2,779,200412
2,93,200412
2,10,200412
2,77,200412
2,17,200412
2,22,200412
2,30,200412
2,121,200412
2,153,200412
2,13,200412
2,181,200412
2,96,200412
2,150,200412
2,112,200412
2,20,200412
2,14,200412
2,19,200412
2,906,200412
2,32,200412
2,0,200412
2,23,200412
2,58,200412
2,124,200412
2,76,200412
2,6,200412
2,261,200412
2,164,200412
2,5,200412
2,81,200412
2,18,200412
2,46,200412
2,60,200412
2,94,200412
2,102,200412
2,40,200412
2,155,200412
2,80,200412
2,92,200412
2,274,200412
2,28,200412
2,21,200412
2,11,200412
2,51,200412
2,139,200412
2,97,200412
2,38,200412
2,35,200412
2,4,200412
2,1,200412
2,133,200412
2,52,200412
2,248,200412
2,99,200412
2,83,200412
2,9,200412
2,72,200412
2,100,200412
2,27,200412
2,149,200412
2,119,200412
2,180,200412
2,116,200412
2,115,200412
2,113,200412
2,281,200412
2,135,200412
2,146,200412
2,25,200412
2,16,200412
2,154,200412
2,108,200412
2,31,200412
2,29,200412
3,311,200412
3,807,200412
3,872,200412
3,69,200412
3,84,200412
3,223,200412
3,4,200412
4,175,200412
4,86,200412
4,77,200412
4,160,200412
4,235,200412
4,810,200412
4,196,200412
4,109,200412
4,26,200412
4,62,200412
4,5,200412
4,99,200412
4,39,200412
4,13,200412
4,54,200412
4,110,200412
4,69,200412
4,64,200412
4,137,200412
4,222,200412
4,11,200412
4,127,200412
4,6,200412
4,19,200412
4,51,200412
4,247,200412
4,10,200412
4,843,200412
4,60,200412
4,20,200412
4,375,200412
4,35,200412
4,427,200412
4,46,200412
4,18,200412
4,24,200412
4,0,200412
4,1424,200412
4,31,200412
4,2,200412
4,96,200412
4,102,200412
4,59,200412
4,25,200412
4,113,200412
4,9,200412
4,139,200412
4,14,200412
4,133,200412
4,305,200412
4,248,200412
4,154,200412
4,108,200412
4,112,200412
4,633,200412
4,119,200412
4,32,200412
4,136,200412
4,27,200412
4,227,200412
4,48,200412
4,128,200412
4,346,200412
4,28,200412
4,866,200412
4,3,200412
4,761,200412
4,306,200412
4,22,200412
4,85,200412
4,92,200412
4,238,200412
4,23,200412
4,177,200412
4,88,200412
4,268,200412
4,301,200412
4,1,200412
4,189,200412
4,16,200412
4,40,200412
4,300,200412
4,84,200412
4,317,200412
4,150,200412
4,17,200412
4,184,200412
4,30,200412
4,311,200412
4,89,200412
4,223,200412
4,135,200412
4,33,200412
4,214,200412
4,164,200412
4,107,200412
4,7,200412
4,50,200412
4,183,200412
4,121,200412
4,213,200412
4,29,200412
4,146,200412
4,21,200412
4,97,200412
5,728,200412
5,21,200412
5,138,200412
5,11,200412
5,112,200412
5,817,200412
5,10,200412
5,281,200412
5,160,200412
5,69,200412
5,17,200412
5,552,200412
5,132,200412
5,20,200412
5,84,200412
5,137,200412
5,4,200412
5,261,200412
5,183,200412
5,107,200412
5,89,200412
5,19,200412
5,28,200412
5,23,200412
5,1,200412
5,110,200412
5,29,200412
5,18,200412
5,51,200412
5,764,200412
5,77,200412
5,196,200412
5,143,200412
5,433,200412
5,16,200412
5,157,200412
5,22,200412
5,53,200412
5,39,200412
5,150,200412
5,97,200412
5,136,200412
5,6,200412
5,32,200412
5,133,200412
5,213,200412
5,544,200412
5,24,200412
5,99,200412
5,85,200412
5,64,200412
5,274,200412
5,46,200412
5,0,200412
5,13,200412
5,227,200412
5,83,200412
5,26,200412
5,108,200412
5,35,200412
5,12,200412
5,14,200412
5,100,200412
5,52,200412
5,879,200412
5,60,200412
5,80,200412
5,9,200412
5,211,200412
5,116,200412
5,90,200412
5,27,200412
5,180,200412
5,96,200412
5,31,200412
5,871,200412
5,48,200412
5,119,200412
5,142,200412
5,2,200412
5,102,200412
5,155,200412
5,124,200412
5,8,200412
5,7,200412
5,243,200412
5,154,200412
5,165,200412
5,268,200412
5,92,200412
5,25,200412
5,135,200412
5,113,200412
5,121,200412
5,59,200412
6,23,200412
6,195,200412
6,13,200412
6,14,200412
6,208,200412
6,7,200412
6,89,200412
6,1039,200412
6,102,200412
6,132,200412
6,4,200412
6,176,200412
6,16,200412
6,730,200412
6,38,200412
6,55,200412
6,137,200412
6,144,200412
6,5,200412
6,281,200412
6,125,200412
6,76,200412
6,136,200412
6,25,200412
6,135,200412
6,0,200412
6,39,200412
6,17,200412
6,434,200412
6,114,200412
6,126,200412
6,97,200412
6,10,200412
6,62,200412
6,752,200412
6,247,200412
6,175,200412
6,433,200412
6,35,200412
6,139,200412
6,160,200412
6,51,200412
6,129,200412
6,117,200412
6,40,200412
6,143,200412
6,1,200412
6,59,200412
6,32,200412
6,20,200412
6,79,200412
6,482,200412
6,64,200412
6,9,200412
6,52,200412
6,180,200412
6,77,200412
6,146,200412
6,19,200412
6,96,200412
6,110,200412
6,60,200412
6,29,200412
6,138,200412
6,742,200412
6,48,200412
6,675,200412
6,18,200412
6,28,200412
6,108,200412
6,154,200412
6,27,200412
6,12,200412
6,2,200412
6,61,200412
6,31,200412
6,36,200412
6,100,200412
6,30,200412
6,8,200412
6,354,200412
6,85,200412
6,265,200412
6,69,200412
6,171,200412
6,181,200412
6,113,200412
6,83,200412
6,197,200412
6,80,200412
6,149,200412
6,152,200412
6,172,200412
6,140,200412
6,92,200412
6,339,200412
6,739,200412
6,156,200412
6,45,200412
6,266,200412
6,107,200412
6,153,200412
6,54,200412
6,371,200412
6,94,200412
6,131,200412
6,65,200412
6,544,200412
6,82,200412
6,124,200412
6,237,200412
6,320,200412
6,58,200412
6,112,200412
6,155,200412
6,101,200412
6,72,200412
6,22,200412
6,71,200412
6,24,200412
6,81,200412
6,57,200412
6,11,200412
6,142,200412
6,78,200412
6,375,200412
6,120,200412
6,134,200412
6,194,200412
6,99,200412
6,46,200412
7,323,200412
7,121,200412
7,17,200412
7,89,200412
7,28,200412
7,23,200412
7,243,200412
7,8,200412
7,828,200412
7,135,200412
7,1103,200412
7,107,200412
7,6,200412
7,5,200412
7,1,200412
7,133,200412
7,90,200412
7,97,200412
7,20,200412
7,770,200412
7,29,200412
7,21,200412
7,112,200412
7,113,200412
7,4,200412
7,25,200412
7,137,200412
7,51,200412
8,90,200412
8,7,200412
8,121,200412
8,23,200412
8,89,200412
8,323,200412
8,5,200412
8,136,200412
8,243,200412
8,29,200412
8,113,200412
8,4,200412
8,17,200412
8,20,200412
9,188,200412
9,22,200412
9,77,200412
9,143,200412
9,72,200412
9,176,200412
9,165,200412
9,16,200412
9,34,200412
9,31,200412
9,228,200412
9,433,200412
9,482,200412
9,262,200412
9,28,200412
9,124,200412
9,160,200412
9,15,200412
9,59,200412
9,35,200412
9,146,200412
9,98,200412
9,83,200412
9,181,200412
9,58,200412
9,107,200412
9,112,200412
9,64,200412
9,247,200412
9,96,200412
9,74,200412
9,46,200412
9,11,200412
9,80,200412
9,0,200412
9,51,200412
9,102,200412
9,2,200412
9,17,200412
9,40,200412
9,26,200412
9,19,200412
9,70,200412
9,183,200412
9,21,200412
9,10,200412
9,1,200412
9,32,200412
9,6,200412
9,93,200412
9,119,200412
9,245,200412
9,250,200412
9,20,200412
9,100,200412
9,97,200412
9,393,200412
9,27,200412
9,5,200412
9,85,200412
9,496,200412
9,65,200412
9,14,200412
9,135,200412
9,136,200412
9,137,200412
9,18,200412
9,154,200412
9,25,200412
9,29,200412
9,92,200412
9,274,200412
10,781,200412
10,53,200412
10,314,200412
10,207,200412
10,23,200412
10,4,200412
10,99,200412
10,9,200412
10,22,200412
10,165,200412
10,133,200412
10,19,200412
10,433,200412
10,137,200412
10,96,200412
10,35,200412
10,552,200412
10,129,200412
10,27,200412
10,26,200412
10,17,200412
10,160,200412
10,548,200412
10,501,200412
10,5,200412
10,6,200412
10,143,200412
10,115,200412
10,60,200412
10,139,200412
10,40,200412
10,1,200412
10,85,200412
10,18,200412
10,14,200412
10,1064,200412
10,20,200412
10,48,200412
10,83,200412
10,97,200412
10,13,200412
10,764,200412
10,211,200412
10,21,200412
10,0,200412
10,169,200412
10,32,200412
10,150,200412
10,38,200412
10,265,200412
10,108,200412
10,136,200412
10,12,200412
10,154,200412
10,28,200412
10,102,200412
10,51,200412
10,147,200412
10,359,200412
10,157,200412
10,16,200412
10,178,200412
10,107,200412
10,176,200412
10,375,200412
10,36,200412
10,122,200412
10,184,200412
10,175,200412
10,126,200412
10,33,200412
10,30,200412
10,2,200412
10,142,200412
10,906,200412
10,866,200412
10,131,200412
10,213,200412
10,69,200412
10,61,200412
10,138,200412
10,29,200412
10,72,200412
10,222,200412
10,15,200412
10,110,200412
10,77,200412
10,189,200412
10,170,200412
10,64,200412
10,969,200412
10,149,200412
10,124,200412
10,180,200412
10,52,200412
10,132,200412
10,119,200412
10,34,200412
10,159,200412
10,116,200412
10,80,200412
10,155,200412
10,11,200412
10,54,200412
10,89,200412
10,25,200412
10,183,200412
10,81,200412
10,59,200412
10,112,200412
10,121,200412
10,31,200412
10,92,200412
10,113,200412
10,46,200412
10,135,200412
10,146,200412
11,52,200412
11,268,200412
11,107,200412
11,21,200412
11,188,200412
11,227,200412
11,160,200412
11,1020,200412
11,1159,200412
11,5,200412
11,132,200412
11,248,200412
11,76,200412
11,20,200412
11,17,200412
11,143,200412
11,501,200412
11,787,200412
11,228,200412
11,77,200412
11,2,200412
11,80,200412
11,24,200412
11,110,200412
11,433,200412
11,25,200412
11,51,200412
11,30,200412
11,136,200412
11,29,200412
11,16,200412
11,146,200412
11,183,200412
11,23,200412
11,105,200412
11,118,200412
11,129,200412
11,150,200412
11,261,200412
11,1169,200412
11,137,200412
11,164,200412
11,46,200412
11,234,200412
11,100,200412
11,28,200412
11,131,200412
11,9,200412
11,135,200412
11,97,200412
11,22,200412
11,265,200412
11,274,200412
11,83,200412
11,154,200412
11,247,200412
11,48,200412
11,211,200412
11,12,200412
11,18,200412
11,54,200412
11,14,200412
11,181,200412
11,35,200412
11,706,200412
11,180,200412
11,99,200412
11,96,200412
11,1,200412
11,115,200412
11,165,200412
11,31,200412
11,1015,200412
11,85,200412
11,27,200412
11,548,200412
11,133,200412
11,153,200412
11,92,200412
11,189,200412
11,60,200412
11,72,200412
11,113,200412
11,330,200412
11,6,200412
11,69,200412
11,88,200412
11,33,200412
11,147,200412
11,112,200412
11,10,200412
11,238,200412
11,169,200412
11,32,200412
11,781,200412
11,70,200412
11,121,200412
11,213,200412
11,59,200412
11,108,200412
11,111,200412
11,86,200412
11,64,200412
11,84,200412
11,19,200412
11,53,200412
11,223,200412
11,13,200412
11,89,200412
11,177,200412
11,4,200412
12,136,200412
12,20,200412
12,502,200412
12,107,200412
12,51,200412
12,160,200412
12,138,200412
12,314,200412
12,77,200412
12,30,200412
12,61,200412
12,433,200412
12,15,200412
12,93,200412
12,728,200412
12,137,200412
12,132,200412
12,70,200412
12,143,200412
12,64,200412
12,159,200412
12,14,200412
12,115,200412
12,39,200412
12,180,200412
12,71,200412
12,11,200412
12,157,200412
12,146,200412
12,57,200412
12,22,200412
12,117,200412
12,97,200412
12,55,200412
12,189,200412
12,362,200412
12,121,200412
12,165,200412
12,9,200412
12,100,200412
12,131,200412
12,16,200412
12,40,200412
12,81,200412
12,155,200412
12,102,200412
12,6,200412
12,13,200412
12,5,200412
12,35,200412
12,112,200412
12,31,200412
12,803,200412
12,32,200412
12,346,200412
12,96,200412
12,804,200412
12,21,200412
12,1,200412
12,113,200412
12,17,200412
12,133,200412
12,164,200412
12,108,200412
12,27,200412
12,60,200412
12,29,200412
12,18,200412
12,54,200412
12,25,200412
12,99,200412
12,154,200412
12,10,200412
12,135,200412
13,35,200412
13,19,200412
13,17,200412
13,175,200412
13,137,200412
13,18,200412
13,11,200412
13,99,200412
13,146,200412
13,20,200412
13,1,200412
13,117,200412
13,138,200412
13,170,200412
13,134,200412
13,52,200412
13,97,200412
13,4,200412
13,129,200412
13,155,200412
13,10,200412
13,64,200412
13,434,200412
13,6,200412
13,12,200412
13,160,200412
13,24,200412
13,433,200412
13,77,200412
13,176,200412
13,136,200412
13,32,200412
13,89,200412
13,40,200412
13,143,200412
13,46,200412
13,62,200412
13,60,200412
13,39,200412
13,81,200412
13,41,200412
13,152,200412
13,5,200412
13,161,200412
13,21,200412
13,108,200412
13,23,200412
13,2,200412
13,57,200412
13,100,200412
13,48,200412
13,102,200412
13,14,200412
13,83,200412
13,183,200412
13,16,200412
13,154,200412
13,38,200412
13,242,200412
13,78,200412
13,172,200412
13,29,200412
13,7,200412
13,54,200412
13,112,200412
13,169,200412
13,1088,200412
13,243,200412
13,313,200412
13,27,200412
13,96,200412
13,113,200412
13,85,200412
13,107,200412
13,51,200412
13,28,200412
13,742,200412
13,208,200412
13,25,200412
13,320,200412
13,0,200412
13,178,200412
13,142,200412
13,36,200412
13,31,200412
13,120,200412
13,896,200412
13,139,200412
13,1417,200412
13,766,200412
13,996,200412
13,180,200412
13,1118,200412
13,995,200412
13,349,200412
13,126,200412
13,119,200412
13,76,200412
13,266,200412
13,289,200412
13,297,200412
13,55,200412
13,114,200412
13,860,200412
13,59,200412
13,75,200412
13,26,200412
13,121,200412
13,135,200412
14,83,200412
14,176,200412
14,742,200412
14,6,200412
14,62,200412
14,160,200412
14,97,200412
14,64,200412
14,46,200412
14,118,200412
14,13,200412
14,24,200412
14,138,200412
14,96,200412
14,19,200412
14,433,200412
14,799,200412
14,38,200412
14,17,200412
14,137,200412
14,143,200412
14,77,200412
14,52,200412
14,136,200412
14,338,200412
14,896,200412
14,55,200412
14,58,200412
14,113,200412
14,27,200412
14,108,200412
14,20,200412
14,121,200412
14,28,200412
14,180,200412
14,5,200412
14,72,200412
14,10,200412
14,111,200412
14,155,200412
14,23,200412
14,131,200412
14,76,200412
14,250,200412
14,126,200412
14,41,200412
14,157,200412
14,1,200412
14,29,200412
14,21,200412
14,74,200412
14,112,200412
14,4,200412
14,81,200412
14,54,200412
14,341,200412
14,139,200412
14,107,200412
14,22,200412
14,106,200412
14,53,200412
14,2,200412
14,266,200412
14,78,200412
14,85,200412
14,208,200412
14,40,200412
14,146,200412
14,12,200412
14,48,200412
14,133,200412
14,149,200412
14,11,200412
14,36,200412
14,156,200412
14,35,200412
14,120,200412
14,60,200412
14,32,200412
14,51,200412
14,9,200412
14,320,200412
14,16,200412
14,165,200412
14,59,200412
14,94,200412
14,124,200412
14,26,200412
14,0,200412
14,154,200412
14,129,200412
14,117,200412
14,80,200412
14,100,200412
14,18,200412
14,92,200412
14,142,200412
14,31,200412
14,135,200412
14,25,200412
14,119,200412
14,102,200412
15,77,200412
15,143,200412
15,72,200412
15,433,200412
15,160,200412
15,132,200412
15,282,200412
15,314,200412
15,362,200412
15,422,200412
15,57,200412
15,45,200412
15,147,200412
15,171,200412
15,81,200412
15,104,200412
15,120,200412
15,146,200412
15,164,200412
15,76,200412
15,80,200412
15,248,200412
15,54,200412
15,183,200412
15,60,200412
15,266,200412
15,29,200412
15,18,200412
15,154,200412
15,136,200412
15,10,200412
15,32,200412
15,137,200412
16,739,200412
16,5,200412
16,9,200412
16,160,200412
16,19,200412
16,132,200412
16,154,200412
16,96,200412
16,32,200412
16,46,200412
16,138,200412
16,97,200412
16,181,200412
16,281,200412
16,72,200412
16,6,200412
16,64,200412
16,77,200412
16,143,200412
16,513,200412
16,124,200412
16,433,200412
16,18,200412
16,384,200412
16,180,200412
16,362,200412
16,262,200412
16,978,200412
16,62,200412
16,142,200412
16,31,200412
16,194,200412
16,11,200412
16,112,200412
16,242,200412
16,307,200412
16,122,200412
16,65,200412
16,25,200412
16,156,200412
16,117,200412
16,249,200412
16,250,200412
16,12,200412
16,4,200412
16,100,200412
16,28,200412
16,53,200412
16,27,200412
16,137,200412
16,135,200412
16,354,200412
16,2,200412
16,0,200412
16,113,200412
16,85,200412
16,136,200412
16,51,200412
16,17,200412
16,40,200412
16,48,200412
16,316,200412
16,157,200412
16,108,200412
16,248,200412
16,1,200412
16,102,200412
16,155,200412
16,80,200412
16,178,200412
16,60,200412
16,544,200412
16,206,200412
16,146,200412
16,13,200412
16,35,200412
16,182,200412
16,197,200412
16,94,200412
16,92,200412
16,63,200412
16,101,200412
16,59,200412
16,175,200412
16,14,200412
16,66,200412
16,57,200412
16,119,200412
16,55,200412
16,10,200412
16,29,200412
16,99,200412
16,129,200412
16,120,200412
16,54,200412
16,131,200412
16,176,200412
16,208,200412
16,26,200412
16,81,200412
16,24,200412
16,375,200412
16,38,200412
16,79,200412
16,126,200412
16,36,200412
16,139,200412
16,83,200412
16,20,200412
16,52,200412
17,51,200412
17,53,200412
17,150,200412
17,121,200412
17,45,200412
17,245,200412
17,136,200412
17,7,200412
17,6,200412
17,5,200412
17,40,200412
17,46,200412
17,97,200412
17,89,200412
17,99,200412
17,25,200412
17,11,200412
17,552,200412
17,112,200412
17,64,200412
17,4,200412
17,113,200412
17,1,200412
17,14,200412
17,32,200412
17,35,200412
17,165,200412
17,433,200412
17,62,200412
17,146,200412
17,19,200412
17,85,200412
17,161,200412
17,175,200412
17,29,200412
17,15,200412
17,143,200412
17,160,200412
17,24,200412
17,60,200412
17,375,200412
17,20,200412
17,13,200412
17,183,200412
17,110,200412
17,10,200412
17,18,200412
17,96,200412
17,129,200412
17,59,200412
17,34,200412
17,247,200412
17,211,200412
17,27,200412
17,87,200412
17,137,200412
17,77,200412
17,48,200412
17,138,200412
17,28,200412
17,184,200412
17,117,200412
17,817,200412
17,108,200412
17,92,200412
17,490,200412
17,26,200412
17,31,200412
17,69,200412
17,9,200412
17,100,200412
17,21,200412
17,102,200412
17,178,200412
17,227,200412
17,12,200412
17,115,200412
17,52,200412
17,81,200412
17,155,200412
17,0,200412
17,72,200412
17,493,200412
17,107,200412
17,371,200412
17,268,200412
17,781,200412
17,348,200412
17,544,200412
17,119,200412
17,303,200412
17,71,200412
17,22,200412
17,353,200412
17,37,200412
17,54,200412
17,395,200412
17,33,200412
17,261,200412
17,213,200412
17,906,200412
17,863,200412
17,154,200412
17,2,200412
17,189,200412
17,23,200412
17,243,200412
17,8,200412
17,16,200412
17,135,200412
18,152,200412
18,107,200412
18,175,200412
18,77,200412
18,552,200412
18,143,200412
18,31,200412
18,21,200412
18,24,200412
18,181,200412
18,281,200412
18,136,200412
18,5,200412
18,62,200412
18,20,200412
18,103,200412
18,7,200412
18,137,200412
18,81,200412
18,160,200412
18,1,200412
18,82,200412
18,40,200412
18,426,200412
18,139,200412
18,433,200412
18,138,200412
18,4,200412
18,27,200412
18,247,200412
18,29,200412
18,146,200412
18,375,200412
18,129,200412
18,89,200412
18,54,200412
18,19,200412
18,265,200412
18,51,200412
18,97,200412
18,38,200412
18,17,200412
18,46,200412
18,26,200412
18,25,200412
18,142,200412
18,39,200412
18,11,200412
18,45,200412
18,32,200412
18,183,200412
18,1767,200412
18,171,200412
18,112,200412
18,165,200412
18,131,200412
18,28,200412
18,64,200412
18,13,200412
18,180,200412
18,1088,200412
18,101,200412
18,135,200412
18,0,200412
18,114,200412
18,339,200412
18,10,200412
18,274,200412
18,99,200412
18,85,200412
18,70,200412
18,278,200412
18,22,200412
18,36,200412
18,79,200412
18,60,200412
18,197,200412
18,23,200412
18,908,200412
18,74,200412
18,120,200412
18,96,200412
18,164,200412
18,113,200412
18,172,200412
18,105,200412
18,78,200412
18,155,200412
18,125,200412
18,124,200412
18,909,200412
18,145,200412
18,170,200412
18,436,200412
18,270,200412
18,237,200412
18,61,200412
18,415,200412
18,12,200412
18,410,200412
18,432,200412
18,100,200412
18,66,200412
18,416,200412
18,57,200412
18,134,200412
18,88,200412
18,413,200412
18,15,200412
18,271,200412
18,122,200412
18,76,200412
18,298,200412
18,242,200412
18,156,200412
18,35,200412
18,423,200412
18,111,200412
18,154,200412
18,117,200412
18,544,200412
18,144,200412
18,80,200412
18,147,200412
18,159,200412
18,169,200412
18,126,200412
18,174,200412
18,43,200412
18,408,200412
18,176,200412
18,153,200412
18,443,200412
18,16,200412
18,132,200412
18,104,200412
18,303,200412
18,430,200412
18,233,200412
18,208,200412
18,93,200412
18,71,200412
18,422,200412
18,213,200412
18,44,200412
18,407,200412
18,72,200412
18,6,200412
18,9,200412
18,34,200412
18,108,200412
18,223,200412
18,234,200412
18,59,200412
18,84,200412
18,102,200412
18,163,200412
18,2,200412
18,48,200412
18,53,200412
18,30,200412
18,123,200412
18,83,200412
18,86,200412
18,52,200412
18,69,200412
18,14,200412
18,110,200412
19,120,200412
19,180,200412
19,501,200412
19,155,200412
19,136,200412
19,281,200412
19,83,200412
19,176,200412
19,143,200412
19,146,200412
19,126,200412
19,5,200412
19,35,200412
19,60,200412
19,107,200412
19,14,200412
19,13,200412
19,39,200412
19,165,200412
19,140,200412
19,97,200412
19,138,200412
19,54,200412
19,18,200412
19,20,200412
19,175,200412
19,247,200412
19,17,200412
19,102,200412
19,40,200412
19,134,200412
19,133,200412
19,160,200412
19,6,200412
19,24,200412
19,117,200412
19,32,200412
19,77,200412
19,16,200412
19,29,200412
19,375,200412
19,129,200412
19,142,200412
19,62,200412
19,89,200412
19,4,200412
19,51,200412
19,23,200412
19,433,200412
19,139,200412
19,59,200412
19,1,200412
19,137,200412
19,455,200412
19,170,200412
19,46,200412
19,132,200412
19,76,200412
19,36,200412
19,52,200412
19,100,200412
19,242,200412
19,362,200412
19,270,200412
19,122,200412
19,96,200412
19,154,200412
19,11,200412
19,85,200412
19,80,200412
19,48,200412
19,797,200412
19,38,200412
19,156,200412
19,31,200412
19,25,200412
19,104,200412
19,74,200412
19,213,200412
19,10,200412
19,81,200412
19,45,200412
19,22,200412
19,21,200412
19,135,200412
19,69,200412
19,197,200412
19,111,200412
19,99,200412
19,739,200412
19,113,200412
19,2,200412
19,181,200412
19,58,200412
19,72,200412
19,53,200412
19,112,200412
19,78,200412
19,55,200412
19,28,200412
19,71,200412
19,12,200412
19,41,200412
19,266,200412
19,192,200412
19,63,200412
19,860,200412
19,338,200412
19,57,200412
19,182,200412
19,26,200412
19,332,200412
19,79,200412
19,0,200412
19,205,200412
19,206,200412
19,101,200412
19,27,200412
19,208,200412
19,75,200412
19,277,200412
19,114,200412
19,387,200412
19,108,200412
19,92,200412
19,119,200412
19,195,200412
19,799,200412
19,64,200412
19,172,200412
20,60,200412
20,245,200412
20,51,200412
20,46,200412
20,27,200412
20,129,200412
20,112,200412
20,136,200412
20,6,200412
20,501,200412
20,35,200412
20,89,200412
20,18,200412
20,160,200412
20,146,200412
20,26,200412
20,138,200412
20,165,200412
20,17,200412
20,37,200412
20,13,200412
20,1,200412
20,62,200412
20,110,200412
20,99,200412
20,4,200412
20,14,200412
20,24,200412
20,28,200412
20,114,200412
20,375,200412
20,247,200412
20,29,200412
20,183,200412
20,12,200412
20,32,200412
20,113,200412
20,80,200412
20,52,200412
20,371,200412
20,48,200412
20,2,200412
20,34,200412
20,64,200412
20,77,200412
20,154,200412
20,0,200412
20,31,200412
20,233,200412
20,81,200412
20,109,200412
20,135,200412
20,19,200412
20,23,200412
20,213,200412
20,124,200412
20,227,200412
20,108,200412
20,142,200412
20,9,200412
20,54,200412
20,97,200412
20,435,200412
20,250,200412
20,25,200412
20,69,200412
20,736,200412
20,11,200412
20,211,200412
20,832,200412
20,214,200412
20,315,200412
20,85,200412
20,59,200412
20,7,200412
20,906,200412
20,137,200412
20,107,200412
20,866,200412
20,16,200412
20,261,200412
20,150,200412
20,133,200412
20,40,200412
20,761,200412
20,184,200412
20,189,200412
20,243,200412
20,33,200412
20,21,200412
20,8,200412
20,10,200412
21,929,200412
21,107,200412
21,1,200412
21,160,200412
21,92,200412
21,20,200412
21,755,200412
21,1063,200412
21,761,200412
21,745,200412
21,150,200412
21,866,200412
21,19,200412
21,832,200412
21,137,200412
21,736,200412
21,132,200412
21,501,200412
21,28,200412
21,315,200412
21,60,200412
21,223,200412
21,0,200412
21,29,200412
21,48,200412
21,5,200412
21,35,200412
21,161,200412
21,180,200412
21,102,200412
21,154,200412
21,80,200412
21,17,200412
21,18,200412
21,54,200412
21,11,200412
21,64,200412
21,78,200412
21,6,200412
21,131,200412
21,25,200412
21,27,200412
21,77,200412
21,81,200412
21,14,200412
21,89,200412
21,136,200412
21,26,200412
21,165,200412
21,149,200412
21,97,200412
21,108,200412
21,32,200412
21,9,200412
21,110,200412
21,85,200412
21,146,200412
21,69,200412
21,135,200412
21,31,200412
21,213,200412
21,22,200412
21,96,200412
21,183,200412
21,7,200412
21,51,200412
21,59,200412
21,4,200412
21,10,200412
21,113,200412
21,133,200412
21,23,200412
22,188,200412
22,96,200412
22,11,200412
22,17,200412
22,433,200412
22,121,200412
22,9,200412
22,150,200412
22,1,200412
22,5,200412
22,70,200412
22,160,200412
22,24,200412
22,177,200412
22,18,200412
22,25,200412
22,30,200412
22,117,200412
22,28,200412
22,27,200412
22,146,200412
22,72,200412
22,97,200412
22,81,200412
22,2,200412
22,124,200412
22,64,200412
22,40,200412
22,6,200412
22,52,200412
22,80,200412
22,165,200412
22,69,200412
22,58,200412
22,105,200412
22,183,200412
22,85,200412
22,99,200412
22,32,200412
22,26,200412
22,13,200412
22,108,200412
22,107,200412
22,77,200412
22,113,200412
22,51,200412
22,112,200412
22,137,200412
22,21,200412
22,135,200412
22,136,200412
22,10,200412
22,4,200412
22,29,200412
23,142,200412
23,89,200412
23,21,200412
23,137,200412
23,77,200412
23,493,200412
23,863,200412
23,40,200412
23,170,200412
23,11,200412
23,906,200412
23,35,200412
23,1054,200412
23,501,200412
23,132,200412
23,65,200412
23,99,200412
23,155,200412
23,113,200412
23,17,200412
23,60,200412
23,29,200412
23,177,200412
23,54,200412
23,189,200412
23,749,200412
23,39,200412
23,176,200412
23,136,200412
23,6,200412
23,70,200412
23,133,200412
23,32,200412
23,59,200412
23,36,200412
23,27,200412
23,146,200412
23,76,200412
23,1155,200412
23,175,200412
23,52,200412
23,51,200412
23,281,200412
23,18,200412
23,150,200412
23,107,200412
23,28,200412
23,0,200412
23,552,200412
23,5,200412
23,4,200412
23,138,200412
23,97,200412
23,112,200412
23,25,200412
23,1,200412
23,101,200412
23,211,200412
23,143,200412
23,34,200412
23,348,200412
23,110,200412
23,69,200412
23,121,200412
23,10,200412
23,160,200412
23,96,200412
23,19,200412
23,16,200412
23,247,200412
23,433,200412
23,108,200412
23,26,200412
23,165,200412
23,53,200412
23,80,200412
23,129,200412
23,102,200412
23,213,200412
23,139,200412
23,85,200412
23,346,200412
23,2,200412
23,14,200412
23,116,200412
23,81,200412
23,124,200412
23,135,200412
23,154,200412
23,31,200412
24,103,200412
24,4,200412
24,11,200412
24,27,200412
24,176,200412
24,171,200412
24,159,200412
24,83,200412
24,9,200412
24,20,200412
24,117,200412
24,85,200412
24,339,200412
24,97,200412
24,114,200412
24,13,200412
24,93,200412
24,19,200412
24,28,200412
24,195,200412
24,136,200412
24,146,200412
24,48,200412
24,137,200412
24,54,200412
24,165,200412
24,22,200412
24,29,200412
24,34,200412
24,18,200412
24,31,200412
24,46,200412
24,51,200412
24,1,200412
24,160,200412
24,274,200412
24,0,200412
24,14,200412
24,197,200412
24,52,200412
24,6,200412
24,154,200412
24,17,200412
24,60,200412
24,116,200412
24,15,200412
24,155,200412
24,309,200412
24,79,200412
24,43,200412
24,94,200412
24,120,200412
24,41,200412
24,21,200412
24,66,200412
24,44,200412
24,104,200412
24,156,200412
24,126,200412
24,208,200412
24,35,200412
24,10,200412
24,64,200412
24,139,200412
24,355,200412
24,108,200412
24,32,200412
24,16,200412
24,25,200412
24,40,200412
24,99,200412
24,26,200412
24,135,200412
25,11,200412
25,137,200412
25,485,200412
25,433,200412
25,24,200412
25,79,200412
25,149,200412
25,197,200412
25,552,200412
25,752,200412
25,70,200412
25,23,200412
25,160,200412
25,26,200412
25,213,200412
25,138,200412
25,419,200412
25,165,200412
25,85,200412
25,764,200412
25,20,200412
25,35,200412
25,6,200412
25,9,200412
25,87,200412
25,143,200412
25,31,200412
25,98,200412
25,146,200412
25,77,200412
25,17,200412
25,188,200412
25,65,200412
25,97,200412
25,175,200412
25,27,200412
25,96,200412
25,154,200412
25,204,200412
25,155,200412
25,80,200412
25,86,200412
25,16,200412
25,36,200412
25,121,200412
25,307,200412
25,14,200412
25,120,200412
25,12,200412
25,19,200412
25,133,200412
25,29,200412
25,4,200412
25,40,200412
25,116,200412
25,112,200412
25,21,200412
25,81,200412
25,28,200412
25,108,200412
25,180,200412
25,183,200412
25,135,200412
25,69,200412
25,13,200412
25,52,200412
25,78,200412
25,136,200412
25,83,200412
25,99,200412
25,483,200412
25,5,200412
25,336,200412
25,32,200412
25,0,200412
25,18,200412
25,60,200412
25,671,200412
25,139,200412
25,63,200412
25,2,200412
25,340,200412
25,237,200412
25,161,200412
25,64,200412
25,333,200412
25,94,200412
25,110,200412
25,220,200412
25,495,200412
25,326,200412
25,41,200412
25,355,200412
25,156,200412
25,216,200412
25,390,200412
25,59,200412
25,181,200412
25,39,200412
25,371,200412
25,341,200412
25,132,200412
25,57,200412
25,45,200412
25,71,200412
25,211,200412
25,153,200412
25,339,200412
25,53,200412
25,46,200412
25,544,200412
25,101,200412
25,58,200412
25,76,200412
25,10,200412
25,34,200412
25,38,200412
25,54,200412
25,152,200412
25,22,200412
25,100,200412
25,157,200412
25,335,200412
25,393,200412
25,7,200412
25,129,200412
25,115,200412
25,124,200412
25,72,200412
25,107,200412
25,93,200412
25,327,200412
25,274,200412
25,118,200412
25,47,200412
25,51,200412
25,89,200412
25,113,200412
25,1,200412
25,48,200412
26,10,200412
26,32,200412
26,20,200412
26,31,200412
26,40,200412
26,12,200412
26,129,200412
26,136,200412
26,180,200412
26,11,200412
26,89,200412
26,60,200412
26,4,200412
26,176,200412
26,139,200412
26,48,200412
26,23,200412
26,105,200412
26,27,200412
26,341,200412
26,17,200412
26,860,200412
26,36,200412
26,1,200412
26,35,200412
26,160,200412
26,137,200412
26,544,200412
26,28,200412
26,172,200412
26,77,200412
26,57,200412
26,133,200412
26,117,200412
26,71,200412
26,86,200412
26,46,200412
26,0,200412
26,107,200412
26,213,200412
26,5,200412
26,29,200412
26,18,200412
26,21,200412
26,22,200412
26,2,200412
26,169,200412
26,25,200412
26,13,200412
26,131,200412
26,59,200412
26,76,200412
26,165,200412
26,51,200412
26,320,200412
26,313,200412
26,140,200412
26,100,200412
26,85,200412
26,297,200412
26,155,200412
26,113,200412
26,126,200412
26,142,200412
26,120,200412
26,14,200412
26,65,200412
26,283,200412
26,114,200412
26,38,200412
26,135,200412
26,338,200412
26,101,200412
26,45,200412
26,192,200412
26,102,200412
26,54,200412
26,146,200412
26,134,200412
26,16,200412
26,92,200412
26,80,200412
26,19,200412
26,78,200412
26,24,200412
26,39,200412
26,278,200412
26,81,200412
26,143,200412
26,64,200412
26,83,200412
26,55,200412
26,99,200412
26,75,200412
26,108,200412
26,154,200412
26,97,200412
27,24,200412
27,165,200412
27,339,200412
27,2,200412
27,104,200412
27,20,200412
27,18,200412
27,1,200412
27,316,200412
27,99,200412
27,38,200412
27,12,200412
27,54,200412
27,175,200412
27,183,200412
27,136,200412
27,137,200412
27,62,200412
27,97,200412
27,138,200412
27,77,200412
27,93,200412
27,70,200412
27,433,200412
27,4,200412
27,29,200412
27,552,200412
27,146,200412
27,13,200412
27,154,200412
27,17,200412
27,160,200412
27,143,200412
27,261,200412
27,58,200412
27,122,200412
27,803,200412
27,61,200412
27,45,200412
27,31,200412
27,53,200412
27,355,200412
27,51,200412
27,100,200412
27,804,200412
27,64,200412
27,14,200412
27,112,200412
27,102,200412
27,265,200412
27,21,200412
27,69,200412
27,180,200412
27,148,200412
27,123,200412
27,113,200412
27,6,200412
27,26,200412
27,10,200412
27,81,200412
27,134,200412
27,16,200412
27,83,200412
27,19,200412
27,150,200412
27,108,200412
27,35,200412
27,85,200412
27,28,200412
27,155,200412
27,52,200412
27,368,200412
27,0,200412
27,96,200412
27,181,200412
27,94,200412
27,9,200412
27,5,200412
27,264,200412
27,834,200412
27,119,200412
27,76,200412
27,46,200412
27,11,200412
27,490,200412
27,107,200412
27,588,200412
27,480,200412
27,124,200412
27,80,200412
27,23,200412
27,22,200412
27,48,200412
27,752,200412
27,32,200412
27,72,200412
27,92,200412
27,25,200412
27,60,200412
27,135,200412
28,11,200412
28,5,200412
28,175,200412
28,143,200412
28,10,200412
28,34,200412
28,160,200412
28,27,200412
28,552,200412
28,77,200412
28,17,200412
28,24,200412
28,493,200412
28,136,200412
28,433,200412
28,1,200412
28,23,200412
28,195,200412
28,138,200412
28,14,200412
28,906,200412
28,20,200412
28,142,200412
28,116,200412
28,80,200412
28,52,200412
28,21,200412
28,35,200412
28,108,200412
28,99,200412
28,139,200412
28,53,200412
28,85,200412
28,189,200412
28,30,200412
28,32,200412
28,29,200412
28,6,200412
28,18,200412
28,61,200412
28,19,200412
28,26,200412
28,9,200412
28,155,200412
28,31,200412
28,879,200412
28,12,200412
28,81,200412
28,261,200412
28,46,200412
28,25,200412
28,83,200412
28,2,200412
28,100,200412
28,157,200412
28,16,200412
28,13,200412
28,92,200412
28,180,200412
28,274,200412
28,4,200412
28,54,200412
28,346,200412
28,97,200412
28,69,200412
28,137,200412
28,59,200412
28,40,200412
28,38,200412
28,102,200412
28,115,200412
28,51,200412
28,60,200412
28,48,200412
28,72,200412
28,107,200412
28,154,200412
28,7,200412
28,0,200412
28,165,200412
28,96,200412
28,22,200412
28,89,200412
28,112,200412
28,146,200412
28,135,200412
28,64,200412
29,196,200412
29,18,200412
29,132,200412
29,35,200412
29,675,200412
29,59,200412
29,17,200412
29,245,200412
29,1045,200412
29,5,200412
29,274,200412
29,64,200412
29,501,200412
29,6,200412
29,19,200412
29,150,200412
29,136,200412
29,45,200412
29,51,200412
29,146,200412
29,137,200412
29,23,200412
29,160,200412
29,143,200412
29,4,200412
29,76,200412
29,24,200412
29,433,200412
29,34,200412
29,58,200412
29,552,200412
29,110,200412
29,39,200412
29,16,200412
29,89,200412
29,54,200412
29,38,200412
29,77,200412
29,138,200412
29,517,200412
29,83,200412
29,176,200412
29,55,200412
29,208,200412
29,117,200412
29,52,200412
29,31,200412
29,79,200412
29,30,200412
29,57,200412
29,99,200412
29,81,200412
29,28,200412
29,27,200412
29,142,200412
29,84,200412
29,192,200412
29,113,200412
29,108,200412
29,133,200412
29,354,200412
29,341,200412
29,63,200412
29,131,200412
29,122,200412
29,355,200412
29,102,200412
29,40,200412
29,80,200412
29,25,200412
29,161,200412
29,11,200412
29,320,200412
29,32,200412
29,248,200412
29,14,200412
29,139,200412
29,100,200412
29,92,200412
29,20,200412
29,36,200412
29,0,200412
29,97,200412
29,278,200412
29,371,200412
29,155,200412
29,172,200412
29,12,200412
29,270,200412
29,129,200412
29,65,200412
29,126,200412
29,15,200412
29,180,200412
29,276,200412
29,104,200412
29,171,200412
29,544,200412
29,66,200412
29,120,200412
29,75,200412
29,134,200412
29,46,200412
29,265,200412
29,140,200412
29,159,200412
29,163,200412
29,170,200412
29,53,200412
29,10,200412
29,224,200412
29,8,200412
29,153,200412
29,101,200412
29,61,200412
29,182,200412
29,181,200412
29,62,200412
29,125,200412
29,72,200412
29,213,200412
29,145,200412
29,69,200412
29,71,200412
29,375,200412
29,169,200412
29,183,200412
29,44,200412
29,269,200412
29,292,200412
29,7,200412
29,144,200412
29,195,200412
29,175,200412
29,242,200412
29,78,200412
29,74,200412
29,267,200412
29,22,200412
29,198,200412
29,9,200412
29,96,200412
29,85,200412
29,193,200412
29,165,200412
29,154,200412
29,107,200412
29,60,200412
29,43,200412
29,124,200412
29,2,200412
29,48,200412
29,112,200412
29,21,200412
29,1,200412
29,13,200412
29,26,200412
30,314,200412
30,69,200412
30,160,200412
30,31,200412
30,433,200412
30,20,200412
30,18,200412
30,23,200412
30,80,200412
30,136,200412
30,61,200412
30,5,200412
30,84,200412
30,154,200412
30,3,200412
30,15,200412
30,234,200412
30,29,200412
30,70,200412
30,143,200412
30,184,200412
30,132,200412
30,81,200412
30,22,200412
30,181,200412
30,46,200412
30,137,200412
30,97,200412
30,738,200412
30,122,200412
30,224,200412
30,6,200412
30,88,200412
30,878,200412
30,776,200412
30,775,200412
30,1090,200412
30,346,200412
30,753,200412
30,754,200412
30,223,200412
30,183,200412
30,783,200412
30,164,200412
30,10,200412
30,51,200412
30,1,200412
30,4,200412
30,11,200412
31,79,200412
31,77,200412
31,25,200412
31,151,200412
31,1,200412
31,165,200412
31,433,200412
31,60,200412
31,27,200412
31,137,200412
31,62,200412
31,13,200412
31,20,200412
31,959,200412
31,160,200412
31,138,200412
31,24,200412
31,341,200412
31,482,200412
31,29,200412
31,318,200412
31,46,200412
31,136,200412
31,19,200412
31,175,200412
31,39,200412
31,52,200412
31,120,200412
31,76,200412
31,16,200412
31,98,200412
31,64,200412
31,154,200412
31,26,200412
31,180,200412
31,142,200412
31,112,200412
31,85,200412
31,274,200412
31,242,200412
31,113,200412
31,107,200412
31,51,200412
31,181,200412
31,157,200412
31,6,200412
31,48,200412
31,126,200412
31,96,200412
31,83,200412
31,12,200412
31,129,200412
31,78,200412
31,108,200412
31,97,200412
31,38,200412
31,115,200412
31,133,200412
31,149,200412
31,9,200412
31,141,200412
31,21,200412
31,32,200412
31,99,200412
31,18,200412
31,59,200412
31,54,200412
31,146,200412
31,40,200412
31,35,200412
31,2,200412
31,5,200412
31,23,200412
31,4,200412
31,17,200412
31,81,200412
31,155,200412
31,80,200412
31,102,200412
31,119,200412
31,28,200412
31,100,200412
31,0,200412
31,10,200412
31,92,200412
31,135,200412
31,14,200412
32,434,200412
32,154,200412
32,54,200412
32,135,200412
32,30,200412
32,23,200412
32,160,200412
32,146,200412
32,6,200412
32,17,200412
32,77,200412
32,29,200412
32,19,200412
32,143,200412
32,126,200412
32,433,200412
32,197,200412
32,136,200412
32,18,200412
32,117,200412
32,138,200412
32,46,200412
32,125,200412
32,281,200412
32,16,200412
32,64,200412
32,145,200412
32,192,200412
32,237,200412
32,51,200412
32,97,200412
32,39,200412
32,25,200412
32,22,200412
32,208,200412
32,132,200412
32,512,200412
32,1,200412
32,422,200412
32,45,200412
32,142,200412
32,137,200412
32,113,200412
32,13,200412
32,157,200412
32,112,200412
32,96,200412
32,100,200412
32,48,200412
32,355,200412
32,10,200412
32,156,200412
32,278,200412
32,52,200412
32,43,200412
32,35,200412
32,85,200412
32,89,200412
32,28,200412
32,108,200412
32,129,200412
32,40,200412
32,21,200412
32,140,200412
32,144,200412
32,80,200412
32,429,200412
32,12,200412
32,81,200412
32,60,200412
32,180,200412
32,104,200412
32,545,200412
32,332,200412
32,31,200412
32,76,200412
32,420,200412
32,176,200412
32,75,200412
32,74,200412
32,320,200412
32,233,200412
32,65,200412
32,544,200412
32,92,200412
32,546,200412
32,141,200412
32,27,200412
32,206,200412
32,44,200412
32,78,200412
32,57,200412
32,102,200412
32,134,200412
32,163,200412
32,120,200412
32,170,200412
32,193,200412
32,58,200412
32,99,200412
32,242,200412
32,362,200412
32,188,200412
32,375,200412
32,86,200412
32,79,200412
32,63,200412
32,178,200412
32,66,200412
32,195,200412
32,24,200412
32,270,200412
32,62,200412
32,59,200412
32,110,200412
32,72,200412
32,269,200412
32,139,200412
32,114,200412
32,205,200412
32,171,200412
32,198,200412
32,94,200412
32,36,200412
32,9,200412
32,26,200412
32,276,200412
32,124,200412
32,15,200412
32,11,200412
32,175,200412
32,55,200412
32,101,200412
32,2,200412
32,0,200412
32,38,200412
32,155,200412
32,83,200412
32,20,200412
32,131,200412
32,14,200412
32,4,200412
32,181,200412
33,51,200412
33,795,200412
33,130,200412
33,184,200412
33,85,200412
33,261,200412
33,248,200412
33,22,200412
33,1,200412
33,10,200412
33,11,200412
33,17,200412
33,136,200412
33,4,200412
33,20,200412
34,104,200412
34,501,200412
34,22,200412
34,143,200412
34,23,200412
34,160,200412
34,101,200412
34,115,200412
34,154,200412
34,28,200412
34,552,200412
34,588,200412
34,433,200412
34,24,200412
34,9,200412
34,107,200412
34,165,200412
34,138,200412
34,17,200412
34,32,200412
34,10,200412
34,171,200412
34,72,200412
34,11,200412
34,132,200412
34,33,200412
34,161,200412
34,906,200412
34,139,200412
34,155,200412
34,126,200412
34,16,200412
34,31,200412
34,2,200412
34,248,200412
34,346,200412
34,60,200412
34,146,200412
34,136,200412
34,160,200412
34,1,200412
34,29,200412
34,154,200412
34,10,200412
34,18,200412
34,25,200412
34,97,200412
34,137,200412
35,120,200412
35,45,200412
35,143,200412
35,58,200412
35,20,200412
35,89,200412
35,17,200412
35,59,200412
35,75,200412
35,62,200412
35,434,200412
35,6,200412
35,39,200412
35,100,200412
35,172,200412
35,1,200412
35,137,200412
35,60,200412
35,29,200412
35,139,200412
35,160,200412
35,146,200412
35,4,200412
35,108,200412
35,64,200412
35,46,200412
35,129,200412
35,552,200412
35,10,200412
35,175,200412
35,7,200412
35,31,200412
35,97,200412
35,154,200412
35,433,200412
35,140,200412
35,18,200412
35,19,200412
35,375,200412
35,40,200412
35,169,200412
35,99,200412
35,52,200412
35,102,200412
35,96,200412
35,155,200412
35,112,200412
35,23,200412
35,53,200412
35,69,200412
35,113,200412
35,48,200412
35,77,200412
35,34,200412
35,165,200412
35,11,200412
35,354,200412
35,243,200412
35,85,200412
35,135,200412
35,183,200412
35,739,200412
35,54,200412
35,13,200412
35,93,200412
35,28,200412
35,14,200412
35,26,200412
35,181,200412
35,76,200412
35,347,200412
35,156,200412
35,81,200412
35,16,200412
35,73,200412
35,769,200412
35,71,200412
35,41,200412
35,173,200412
35,136,200412
35,32,200412
35,0,200412
35,83,200412
35,25,200412
36,19,200412
36,35,200412
36,39,200412
36,139,200412
36,59,200412
36,143,200412
36,6,200412
36,117,200412
36,29,200412
36,165,200412
36,180,200412
36,80,200412
36,27,200412
36,18,200412
36,25,200412
36,12,200412
36,16,200412
36,32,200412
36,107,200412
36,99,200412
36,60,200412
36,51,200412
36,14,200412
36,81,200412
36,77,200412
36,0,200412
36,178,200412
36,38,200412
36,40,200412
36,83,200412
36,142,200412
36,52,200412
36,102,200412
36,108,200412
36,155,200412
36,10,200412
36,96,200412
36,135,200412
36,41,200412
36,26,200412
36,13,200412
36,119,200412
36,146,200412
36,97,200412
36,137,200412
36,46,200412
37,137,200412
37,77,200412
37,316,200412
37,58,200412
37,1,200412
37,27,200412
37,1367,200412
37,496,200412
37,9,200412
37,17,200412
38,433,200412
38,6,200412
38,143,200412
38,77,200412
38,117,200412
38,120,200412
38,81,200412
38,5,200412
38,16,200412
38,58,200412
38,160,200412
38,1,200412
38,2,200412
38,135,200412
38,97,200412
38,176,200412
38,79,200412
38,188,200412
38,281,200412
38,140,200412
38,119,200412
38,53,200412
38,860,200412
38,45,200412
38,126,200412
38,139,200412
38,100,200412
38,92,200412
38,242,200412
38,19,200412
38,18,200412
38,27,200412
38,74,200412
38,113,200412
38,136,200412
38,197,200412
38,54,200412
38,0,200412
38,13,200412
38,32,200412
38,99,200412
38,46,200412
38,83,200412
38,142,200412
38,25,200412
38,21,200412
38,137,200412
38,28,200412
38,29,200412
38,26,200412
38,64,200412
38,48,200412
38,108,200412
38,59,200412
38,154,200412
38,146,200412
38,10,200412
38,40,200412
38,60,200412
38,14,200412
39,143,200412
39,36,200412
39,160,200412
39,455,200412
39,141,200412
39,501,200412
39,5,200412
39,52,200412
39,112,200412
39,482,200412
39,57,200412
39,59,200412
39,158,200412
39,29,200412
39,100,200412
39,281,200412
39,136,200412
39,77,200412
39,60,200412
39,62,200412
39,19,200412
39,137,200412
39,83,200412
39,23,200412
39,433,200412
39,97,200412
39,6,200412
39,320,200412
39,46,200412
39,149,200412
39,375,200412
39,35,200412
39,247,200412
39,78,200412
39,116,200412
39,152,200412
39,15,200412
39,198,200412
39,161,200412
39,16,200412
39,98,200412
39,108,200412
39,146,200412
39,25,200412
39,32,200412
39,99,200412
39,26,200412
39,64,200412
40,143,200412
40,117,200412
40,142,200412
40,16,200412
40,4,200412
40,19,200412
40,10,200412
40,9,200412
40,89,200412
40,23,200412
40,549,200412
40,205,200412
40,58,200412
40,76,200412
40,433,200412
40,17,200412
40,20,200412
40,59,200412
40,449,200412
40,77,200412
40,32,200412
40,62,200412
40,160,200412
40,6,200412
40,129,200412
40,38,200412
40,893,200412
40,270,200412
40,146,200412
40,542,200412
40,12,200412
40,170,200412
40,183,200412
40,15,200412
40,11,200412
40,81,200412
40,64,200412
40,125,200412
40,197,200412
40,78,200412
40,135,200412
40,233,200412
40,45,200412
40,72,200412
40,112,200412
40,28,200412
40,22,200412
40,96,200412
40,333,200412
40,80,200412
40,132,200412
40,85,200412
40,355,200412
40,5,200412
40,1065,200412
40,156,200412
40,82,200412
40,51,200412
40,83,200412
40,100,200412
40,155,200412
40,14,200412
40,889,200412
40,108,200412
40,172,200412
40,1,200412
40,362,200412
40,48,200412
40,1022,200412
40,360,200412
40,899,200412
40,730,200412
40,29,200412
40,178,200412
40,180,200412
40,369,200412
40,102,200412
40,126,200412
40,18,200412
40,1086,200412
40,722,200412
40,1020,200412
40,373,200412
40,79,200412
40,523,200412
40,381,200412
40,35,200412
40,54,200412
40,374,200412
40,99,200412
40,52,200412
40,63,200412
40,97,200412
40,31,200412
40,182,200412
40,375,200412
40,139,200412
40,0,200412
40,208,200412
40,176,200412
40,24,200412
40,120,200412
40,25,200412
40,36,200412
40,154,200412
40,137,200412
40,60,200412
40,136,200412
40,13,200412
40,26,200412
40,46,200412
41,48,200412
41,60,200412
41,160,200412
41,132,200412
41,97,200412
41,81,200412
41,543,200412
41,14,200412
41,21,200412
41,0,200412
41,76,200412
41,54,200412
41,108,200412
41,146,200412
41,137,200412
41,25,200412
41,36,200412
41,46,200412
41,35,200412
43,433,200412
43,62,200412
43,66,200412
43,44,200412
43,160,200412
43,15,200412
43,80,200412
43,362,200412
43,19,200412
43,61,200412
43,154,200412
43,40,200412
43,32,200412
43,18,200412
43,54,200412
43,146,200412
43,97,200412
43,29,200412
44,144,200412
44,18,200412
44,54,200412
44,100,200412
44,101,200412
44,24,200412
44,39,200412
44,72,200412
44,146,200412
44,32,200412
44,29,200412
45,176,200412
45,38,200412
45,782,200412
45,335,200412
45,83,200412
45,101,200412
45,12,200412
45,143,200412
45,115,200412
45,171,200412
45,19,200412
45,6,200412
45,167,200412
45,81,200412
45,46,200412
45,24,200412
45,32,200412
45,52,200412
45,27,200412
45,26,200412
45,99,200412
45,48,200412
45,108,200412
45,59,200412
45,60,200412
45,137,200412
45,25,200412
45,97,200412
45,29,200412
45,146,200412
45,64,200412
46,20,200412
46,19,200412
46,31,200412
46,375,200412
46,60,200412
46,24,200412
46,143,200412
46,52,200412
46,175,200412
46,160,200412
46,13,200412
46,76,200412
46,14,200412
46,146,200412
46,129,200412
46,81,200412
46,141,200412
46,339,200412
46,89,200412
46,29,200412
46,137,200412
46,4,200412
46,433,200412
46,17,200412
46,10,200412
46,124,200412
46,140,200412
46,6,200412
46,77,200412
46,1,200412
46,97,200412
46,35,200412
46,139,200412
46,96,200412
46,482,200412
46,335,200412
46,18,200412
46,434,200412
46,99,200412
46,320,200412
46,85,200412
46,54,200412
46,27,200412
46,64,200412
46,131,200412
46,327,200412
46,135,200412
46,12,200412
46,181,200412
46,9,200412
46,5,200412
46,25,200412
46,111,200412
46,2,200412
46,40,200412
46,38,200412
46,132,200412
46,530,200412
46,51,200412
46,183,200412
46,92,200412
46,112,200412
46,74,200412
46,197,200412
46,739,200412
46,58,200412
46,0,200412
46,108,200412
46,26,200412
46,45,200412
46,78,200412
46,154,200412
46,71,200412
46,341,200412
46,83,200412
46,126,200412
46,287,200412
46,136,200412
46,278,200412
46,120,200412
46,1065,200412
46,173,200412
46,100,200412
46,198,200412
46,900,200412
46,799,200412
46,224,200412
46,63,200412
46,75,200412
46,362,200412
46,134,200412
46,101,200412
46,39,200412
46,16,200412
46,192,200412
46,176,200412
46,860,200412
46,65,200412
46,32,200412
46,80,200412
46,544,200412
46,79,200412
46,237,200412
46,95,200412
46,250,200412
46,458,200412
46,157,200412
46,117,200412
46,73,200412
46,57,200412
46,152,200412
46,797,200412
46,158,200412
46,28,200412
46,41,200412
46,744,200412
46,445,200412
46,94,200412
46,172,200412
46,156,200412
46,180,200412
46,142,200412
46,813,200412
46,342,200412
46,155,200412
46,102,200412
46,36,200412
46,48,200412
47,154,200412
47,93,200412
47,137,200412
47,96,200412
47,85,200412
47,124,200412
47,341,200412
47,72,200412
47,248,200412
47,116,200412
47,97,200412
47,274,200412
47,92,200412
47,25,200412
48,83,200412
48,160,200412
48,552,200412
48,0,200412
48,433,200412
48,4,200412
48,10,200412
48,60,200412
48,38,200412
48,36,200412
48,97,200412
48,1,200412
48,175,200412
48,31,200412
48,17,200412
48,769,200412
48,6,200412
48,143,200412
48,768,200412
48,24,200412
48,13,200412
48,18,200412
48,89,200412
48,139,200412
48,35,200412
48,20,200412
48,76,200412
48,136,200412
48,22,200412
48,153,200412
48,21,200412
48,77,200412
48,52,200412
48,102,200412
48,161,200412
48,99,200412
48,25,200412
48,11,200412
48,14,200412
48,54,200412
48,113,200412
48,51,200412
48,172,200412
48,16,200412
48,142,200412
48,155,200412
48,146,200412
48,40,200412
48,112,200412
48,5,200412
48,107,200412
48,197,200412
48,28,200412
48,2,200412
48,75,200412
48,85,200412
48,27,200412
48,80,200412
48,32,200412
48,45,200412
48,92,200412
48,41,200412
48,120,200412
48,81,200412
48,156,200412
48,108,200412
48,137,200412
48,117,200412
48,320,200412
48,19,200412
48,341,200412
48,154,200412
48,121,200412
48,129,200412
48,135,200412
48,119,200412
48,178,200412
48,29,200412
48,64,200412
48,26,200412
48,100,200412
48,59,200412
48,46,200412
49,806,200412
49,69,200412
49,317,200412
49,177,200412
49,51,200412
50,872,200412
50,69,200412
50,177,200412
50,248,200412
50,4,200412
51,110,200412
51,177,200412
51,798,200412
51,214,200412
51,24,200412
51,29,200412
51,18,200412
51,741,200412
51,20,200412
51,175,200412
51,17,200412
51,136,200412
51,901,200412
51,23,200412
51,11,200412
51,5,200412
51,4,200412
51,143,200412
51,77,200412
51,184,200412
51,795,200412
51,59,200412
51,281,200412
51,16,200412
51,170,200412
51,160,200412
51,866,200412
51,137,200412
51,92,200412
51,69,200412
51,215,200412
51,39,200412
51,19,200412
51,21,200412
51,132,200412
51,247,200412
51,433,200412
51,64,200412
51,265,200412
51,38,200412
51,135,200412
51,26,200412
51,207,200412
51,129,200412
51,85,200412
51,99,200412
51,154,200412
51,9,200412
51,2,200412
51,48,200412
51,165,200412
51,115,200412
51,54,200412
51,1,200412
51,0,200412
51,27,200412
51,13,200412
51,14,200412
51,25,200412
51,102,200412
51,108,200412
51,100,200412
51,96,200412
51,12,200412
51,222,200412
51,103,200412
51,248,200412
51,52,200412
51,22,200412
51,228,200412
51,105,200412
51,49,200412
51,213,200412
51,28,200412
51,761,200412
51,189,200412
51,60,200412
51,133,200412
51,150,200412
51,30,200412
51,33,200412
51,10,200412
51,89,200412
51,6,200412
51,112,200412
51,32,200412
51,7,200412
51,183,200412
51,107,200412
51,146,200412
51,113,200412
51,97,200412
52,137,200412
52,117,200412
52,433,200412
52,155,200412
52,482,200412
52,6,200412
52,55,200412
52,24,200412
52,132,200412
52,35,200412
52,32,200412
52,114,200412
52,16,200412
52,194,200412
52,40,200412
52,64,200412
52,160,200412
52,180,200412
52,138,200412
52,93,200412
52,134,200412
52,13,200412
52,58,200412
52,23,200412
52,19,200412
52,102,200412
52,59,200412
52,79,200412
52,293,200412
52,175,200412
52,161,200412
52,29,200412
52,143,200412
52,77,200412
52,126,200412
52,17,200412
52,164,200412
52,112,200412
52,83,200412
52,36,200412
52,100,200412
52,183,200412
52,5,200412
52,27,200412
52,113,200412
52,12,200412
52,0,200412
52,28,200412
52,4,200412
52,170,200412
52,120,200412
52,154,200412
52,157,200412
52,45,200412
52,20,200412
52,131,200412
52,25,200412
52,1,200412
52,51,200412
52,107,200412
52,136,200412
52,133,200412
52,96,200412
52,10,200412
52,82,200412
52,46,200412
52,38,200412
52,48,200412
52,60,200412
52,139,200412
52,142,200412
52,99,200412
52,54,200412
52,31,200412
52,81,200412
52,108,200412
52,135,200412
52,129,200412
52,18,200412
52,146,200412
52,14,200412
52,97,200412
53,959,200412
53,433,200412
53,25,200412
53,132,200412
53,22,200412
53,183,200412
53,69,200412
53,5,200412
53,136,200412
53,11,200412
53,17,200412
53,10,200412
53,104,200412
53,70,200412
53,72,200412
53,160,200412
53,107,200412
53,34,200412
53,154,200412
53,9,200412
53,213,200412
53,143,200412
53,40,200412
53,38,200412
53,211,200412
53,28,200412
53,495,200412
53,110,200412
53,36,200412
53,46,200412
53,26,200412
53,83,200412
53,99,200412
53,12,200412
53,189,200412
53,121,200412
53,23,200412
53,159,200412
53,85,200412
53,346,200412
53,2,200412
53,96,200412
53,146,200412
53,137,200412
53,29,200412
53,1,200412
53,97,200412
53,18,200412
54,23,200412
54,160,200412
54,18,200412
54,274,200412
54,107,200412
54,278,200412
54,401,200412
54,132,200412
54,422,200412
54,276,200412
54,433,200412
54,62,200412
54,136,200412
54,335,200412
54,24,200412
54,137,200412
54,77,200412
54,19,200412
54,135,200412
54,143,200412
54,32,200412
54,814,200412
54,4,200412
54,131,200412
54,430,200412
54,440,200412
54,5,200412
54,281,200412
54,21,200412
54,155,200412
54,355,200412
54,123,200412
54,46,200412
54,122,200412
54,97,200412
54,94,200412
54,242,200412
54,26,200412
54,113,200412
54,142,200412
54,120,200412
54,15,200412
54,133,200412
54,60,200412
54,35,200412
54,341,200412
54,14,200412
54,134,200412
54,110,200412
54,146,200412
54,83,200412
54,17,200412
54,100,200412
54,20,200412
54,154,200412
54,1180,200412
54,139,200412
54,1205,200412
54,0,200412
54,27,200412
54,170,200412
54,145,200412
54,6,200412
54,420,200412
54,2,200412
54,99,200412
54,13,200412
54,44,200412
54,197,200412
54,12,200412
54,31,200412
54,74,200412
54,40,200412
54,64,200412
54,52,200412
54,81,200412
54,16,200412
54,1,200412
54,43,200412
54,181,200412
54,108,200412
54,10,200412
54,29,200412
54,25,200412
54,48,200412
55,142,200412
55,32,200412
55,11,200412
55,180,200412
55,134,200412
55,78,200412
55,154,200412
55,14,200412
55,126,200412
55,433,200412
55,45,200412
55,12,200412
55,0,200412
55,132,200412
55,24,200412
55,124,200412
55,18,200412
55,137,200412
55,19,200412
55,36,200412
55,64,200412
55,29,200412
55,16,200412
55,13,200412
55,146,200412
55,99,200412
55,26,200412
55,6,200412
55,59,200412
57,224,200412
57,39,200412
57,433,200412
57,141,200412
57,65,200412
57,160,200412
57,76,200412
57,77,200412
57,143,200412
57,19,200412
57,482,200412
57,46,200412
57,140,200412
57,860,200412
57,120,200412
57,101,200412
57,278,200412
57,93,200412
57,14,200412
57,63,200412
57,242,200412
57,55,200412
57,40,200412
57,72,200412
57,29,200412
57,85,200412
57,237,200412
57,81,200412
57,32,200412
57,192,200412
57,83,200412
57,60,200412
57,64,200412
57,18,200412
57,16,200412
57,146,200412
57,97,200412
57,26,200412
57,108,200412
57,99,200412
57,25,200412
57,6,200412
57,137,200412
58,224,200412
58,110,200412
58,35,200412
58,59,200412
58,160,200412
58,45,200412
58,62,200412
58,37,200412
58,245,200412
58,433,200412
58,134,200412
58,393,200412
58,339,200412
58,73,200412
58,85,200412
58,39,200412
58,18,200412
58,14,200412
58,165,200412
58,146,200412
58,99,200412
58,60,200412
58,46,200412
58,108,200412
58,6,200412
58,97,200412
58,29,200412
58,32,200412
58,25,200412
58,137,200412
58,64,200412
59,26,200412
59,55,200412
59,176,200412
59,45,200412
59,29,200412
59,35,200412
59,146,200412
59,65,200412
59,195,200412
59,746,200412
59,143,200412
59,444,200412
59,138,200412
59,87,200412
59,160,200412
59,433,200412
59,78,200412
59,110,200412
59,13,200412
59,132,200412
59,6,200412
59,19,200412
59,20,200412
59,675,200412
59,77,200412
59,76,200412
59,79,200412
59,39,200412
59,339,200412
59,97,200412
59,17,200412
59,52,200412
59,1045,200412
59,38,200412
59,129,200412
59,11,200412
59,145,200412
59,171,200412
59,170,200412
59,153,200412
59,120,200412
59,134,200412
59,101,200412
59,71,200412
59,208,200412
59,113,200412
59,107,200412
59,64,200412
59,80,200412
59,40,200412
59,172,200412
59,21,200412
59,96,200412
59,28,200412
59,16,200412
59,31,200412
59,81,200412
59,154,200412
59,14,200412
59,137,200412
59,25,200412
59,99,200412
59,32,200412
59,194,200412
59,100,200412
59,83,200412
59,1,200412
59,18,200412
59,4,200412
59,112,200412
59,23,200412
59,136,200412
59,139,200412
59,10,200412
59,36,200412
59,0,200412
59,126,200412
59,108,200412
59,117,200412
59,5,200412
59,48,200412
59,60,200412
59,142,200412
59,121,200412
60,35,200412
60,17,200412
60,6,200412
60,173,200412
60,20,200412
60,97,200412
60,375,200412
60,482,200412
60,136,200412
60,52,200412
60,36,200412
60,13,200412
60,120,200412
60,19,200412
60,80,200412
60,433,200412
60,77,200412
60,31,200412
60,137,200412
60,175,200412
60,143,200412
60,339,200412
60,18,200412
60,24,200412
60,132,200412
60,772,200412
60,129,200412
60,62,200412
60,108,200412
60,23,200412
60,160,200412
60,41,200412
60,83,200412
60,39,200412
60,146,200412
60,25,200412
60,48,200412
60,140,200412
60,117,200412
60,96,200412
60,26,200412
60,144,200412
60,154,200412
60,181,200412
60,237,200412
60,107,200412
60,8,200412
60,4,200412
60,102,200412
60,1,200412
60,155,200412
60,99,200412
60,112,200412
60,89,200412
60,2,200412
60,10,200412
60,51,200412
60,69,200412
60,92,200412
60,29,200412
60,40,200412
60,71,200412
60,38,200412
60,32,200412
60,65,200412
60,138,200412
60,113,200412
60,16,200412
60,9,200412
60,5,200412
60,14,200412
60,34,200412
60,370,200412
60,126,200412
60,72,200412
60,249,200412
60,81,200412
60,176,200412
60,180,200412
60,163,200412
60,55,200412
60,21,200412
60,355,200412
60,142,200412
60,57,200412
60,78,200412
60,769,200412
60,341,200412
60,152,200412
60,139,200412
60,124,200412
60,58,200412
60,45,200412
60,11,200412
60,141,200412
60,28,200412
60,76,200412
60,157,200412
60,54,200412
60,85,200412
60,269,200412
60,101,200412
60,860,200412
60,197,200412
60,75,200412
60,0,200412
60,156,200412
60,27,200412
60,64,200412
60,178,200412
60,135,200412
60,119,200412
60,59,200412
60,46,200412
61,111,200412
61,143,200412
61,133,200412
61,136,200412
61,144,200412
61,433,200412
61,12,200412
61,314,200412
61,51,200412
61,63,200412
61,407,200412
61,122,200412
61,160,200412
61,183,200412
61,281,200412
61,415,200412
61,132,200412
61,762,200412
61,247,200412
61,53,200412
61,72,200412
61,15,200412
61,265,200412
61,443,200412
61,74,200412
61,44,200412
61,150,200412
61,170,200412
61,208,200412
61,154,200412
61,181,200412
61,14,200412
61,48,200412
61,31,200412
61,137,200412
61,9,200412
61,17,200412
61,1,200412
61,18,200412
61,10,200412
61,146,200412
61,29,200412
62,195,200412
62,160,200412
62,17,200412
62,60,200412
62,46,200412
62,107,200412
62,136,200412
62,159,200412
62,51,200412
62,20,200412
62,6,200412
62,19,200412
62,165,200412
62,140,200412
62,137,200412
62,4,200412
62,24,200412
62,18,200412
62,77,200412
62,14,200412
62,1,200412
62,37,200412
62,27,200412
62,461,200412
62,32,200412
62,138,200412
62,25,200412
62,31,200412
62,143,200412
62,97,200412
62,35,200412
62,66,200412
62,434,200412
62,247,200412
62,188,200412
62,237,200412
62,276,200412
62,332,200412
62,208,200412
62,248,200412
62,16,200412
62,29,200412
62,135,200412
62,146,200412
63,182,200412
63,146,200412
63,429,200412
63,76,200412
63,44,200412
63,18,200412
63,175,200412
63,100,200412
63,80,200412
63,25,200412
63,16,200412
63,99,200412
63,46,200412
63,19,200412
63,40,200412
63,64,200412
63,32,200412
63,29,200412
63,97,200412
64,521,200412
64,72,200412
64,136,200412
64,79,200412
64,146,200412
64,530,200412
64,132,200412
64,19,200412
64,54,200412
64,160,200412
64,722,200412
64,192,200412
64,11,200412
64,46,200412
64,59,200412
64,38,200412
64,157,200412
64,170,200412
64,12,200412
64,101,200412
64,39,200412
64,96,200412
64,77,200412
64,143,200412
64,131,200412
64,335,200412
64,433,200412
64,17,200412
64,6,200412
64,99,200412
64,213,200412
64,126,200412
64,81,200412
64,155,200412
64,154,200412
64,18,200412
64,58,200412
64,309,200412
64,171,200412
64,135,200412
64,161,200412
64,45,200412
64,97,200412
64,20,200412
64,2,200412
64,0,200412
64,1,200412
64,29,200412
64,124,200412
64,35,200412
64,40,200412
64,13,200412
64,4,200412
64,24,200412
64,16,200412
64,23,200412
64,86,200412
64,30,200412
64,36,200412
64,102,200412
64,1065,200412
64,113,200412
64,85,200412
64,274,200412
64,703,200412
64,858,200412
64,183,200412
64,120,200412
64,57,200412
64,76,200412
64,31,200412
64,32,200412
64,22,200412
64,52,200412
64,172,200412
64,180,200412
64,117,200412
64,332,200412
64,129,200412
64,100,200412
64,208,200412
64,55,200412
64,140,200412
64,182,200412
64,25,200412
64,176,200412
64,63,200412
64,10,200412
64,112,200412
64,205,200412
64,26,200412
64,137,200412
64,83,200412
64,21,200412
64,78,200412
64,27,200412
64,51,200412
64,195,200412
64,142,200412
64,134,200412
64,5,200412
64,108,200412
64,28,200412
64,60,200412
64,48,200412
64,121,200412
65,79,200412
65,36,200412
65,35,200412
65,57,200412
65,27,200412
65,0,200412
65,23,200412
65,143,200412
65,419,200412
65,195,200412
65,463,200412
65,25,200412
65,144,200412
65,132,200412
65,140,200412
65,16,200412
65,393,200412
65,339,200412
65,12,200412
65,165,200412
65,45,200412
65,83,200412
65,1065,200412
65,97,200412
65,26,200412
65,99,200412
65,6,200412
65,29,200412
65,160,200412
65,60,200412
65,32,200412
65,46,200412
65,146,200412
66,160,200412
66,143,200412
66,77,200412
66,264,200412
66,27,200412
66,433,200412
66,62,200412
66,32,200412
66,43,200412
66,39,200412
66,114,200412
66,125,200412
66,175,200412
66,24,200412
66,304,200412
66,248,200412
66,1,200412
66,16,200412
66,18,200412
66,29,200412
66,135,200412
66,97,200412
66,146,200412
67,111,200412
67,147,200412
67,136,200412
68,67,200412
68,147,200412
68,248,200412
68,136,200412
69,301,200412
69,160,200412
69,3,200412
69,49,200412
69,177,200412
69,137,200412
69,433,200412
69,806,200412
69,50,200412
69,51,200412
69,23,200412
69,53,200412
69,247,200412
69,70,200412
69,317,200412
69,0,200412
69,895,200412
69,136,200412
69,143,200412
69,11,200412
69,807,200412
69,132,200412
69,5,200412
69,84,200412
69,311,200412
69,314,200412
69,54,200412
69,30,200412
69,165,200412
69,16,200412
69,18,200412
69,26,200412
69,32,200412
69,29,200412
69,97,200412
69,12,200412
69,6,200412
69,213,200412
69,25,200412
69,60,200412
69,105,200412
69,85,200412
69,154,200412
69,88,200412
69,2,200412
69,133,200412
69,17,200412
69,99,200412
69,346,200412
69,223,200412
69,110,200412
69,20,200412
69,113,200412
69,21,200412
69,89,200412
69,112,200412
69,1,200412
69,28,200412
69,10,200412
69,183,200412
69,107,200412
69,4,200412
70,85,200412
70,132,200412
70,11,200412
70,160,200412
70,5,200412
70,136,200412
70,53,200412
70,96,200412
70,213,200412
70,1,200412
71,19,200412
71,46,200412
71,26,200412
71,4,200412
71,146,200412
71,35,200412
71,6,200412
71,17,200412
71,97,200412
71,136,200412
71,18,200412
71,25,200412
71,29,200412
71,137,200412
72,143,200412
72,160,200412
72,21,200412
72,173,200412
72,40,200412
72,23,200412
72,34,200412
72,9,200412
72,28,200412
72,552,200412
72,77,200412
72,96,200412
72,137,200412
72,124,200412
72,60,200412
72,22,200412
72,115,200412
72,433,200412
72,52,200412
72,116,200412
72,17,200412
72,224,200412
72,156,200412
72,0,200412
72,131,200412
72,197,200412
72,58,200412
72,180,200412
72,271,200412
72,57,200412
72,44,200412
72,75,200412
72,81,200412
72,83,200412
72,16,200412
72,301,200412
72,93,200412
72,19,200412
72,59,200412
72,64,200412
72,248,200412
72,346,200412
72,4,200412
72,2,200412
72,107,200412
72,5,200412
72,25,200412
72,14,200412
72,146,200412
72,85,200412
72,135,200412
72,11,200412
72,10,200412
72,6,200412
72,32,200412
72,29,200412
72,18,200412
72,136,200412
72,154,200412
72,27,200412
72,92,200412
72,1,200412
72,97,200412
72,274,200412
73,100,200412
73,160,200412
73,64,200412
73,72,200412
73,333,200412
73,143,200412
73,108,200412
73,35,200412
73,46,200412
73,97,200412
74,146,200412
74,65,200412
74,61,200412
74,79,200412
74,80,200412
74,134,200412
74,124,200412
74,126,200412
74,132,200412
74,102,200412
74,11,200412
74,142,200412
74,276,200412
74,27,200412
74,46,200412
74,83,200412
74,160,200412
74,25,200412
74,18,200412
74,32,200412
74,19,200412
74,100,200412
74,54,200412
74,29,200412
75,274,200412
75,143,200412
75,27,200412
75,144,200412
75,171,200412
75,80,200412
75,160,200412
75,333,200412
75,48,200412
75,178,200412
75,46,200412
75,32,200412
75,29,200412
75,19,200412
75,108,200412
75,60,200412
75,97,200412
75,13,200412
75,146,200412
75,26,200412
76,160,200412
76,35,200412
76,113,200412
76,482,200412
76,278,200412
76,14,200412
76,83,200412
76,27,200412
76,146,200412
76,813,200412
76,57,200412
76,18,200412
76,60,200412
76,433,200412
76,25,200412
76,140,200412
76,77,200412
76,143,200412
76,38,200412
76,194,200412
76,192,200412
76,100,200412
76,45,200412
76,58,200412
76,117,200412
76,309,200412
76,6,200412
76,211,200412
76,22,200412
76,16,200412
76,65,200412
76,135,200412
76,53,200412
76,171,200412
76,15,200412
76,170,200412
76,92,200412
76,39,200412
76,154,200412
76,63,200412
76,176,200412
76,29,200412
76,81,200412
76,19,200412
76,48,200412
76,155,200412
76,46,200412
76,31,200412
76,97,200412
76,178,200412
76,32,200412
76,13,200412
76,99,200412
76,59,200412
76,108,200412
76,40,200412
76,26,200412
76,137,200412
76,64,200412
77,155,200412
77,5,200412
77,60,200412
77,143,200412
77,15,200412
77,81,200412
77,282,200412
77,25,200412
77,154,200412
77,281,200412
77,482,200412
77,51,200412
77,194,200412
77,83,200412
77,144,200412
77,13,200412
77,66,200412
77,62,200412
77,129,200412
77,39,200412
77,142,200412
77,544,200412
77,11,200412
77,12,200412
77,181,200412
77,99,200412
77,1,200412
77,18,200412
77,120,200412
77,47,200412
77,16,200412
77,57,200412
77,137,200412
77,135,200412
77,46,200412
77,197,200412
77,31,200412
77,17,200412
77,7,200412
77,6,200412
77,59,200412
77,274,200412
77,76,200412
77,362,200412
77,54,200412
77,115,200412
77,14,200412
77,110,200412
77,64,200412
77,101,200412
77,28,200412
77,97,200412
77,52,200412
77,136,200412
77,4,200412
77,0,200412
77,176,200412
77,160,200412
77,19,200412
77,20,200412
77,72,200412
77,27,200412
77,29,200412
77,112,200412
77,30,200412
77,79,200412
77,40,200412
77,32,200412
77,58,200412
77,38,200412
77,107,200412
77,55,200412
77,123,200412
77,26,200412
77,139,200412
77,102,200412
77,2,200412
77,100,200412
77,152,200412
77,180,200412
77,35,200412
77,69,200412
77,122,200412
77,161,200412
77,183,200412
77,61,200412
77,165,200412
77,248,200412
77,21,200412
77,355,200412
77,117,200412
77,80,200412
77,36,200412
77,85,200412
77,119,200412
77,172,200412
77,48,200412
77,286,200412
77,108,200412
77,45,200412
77,237,200412
77,89,200412
77,92,200412
77,146,200412
77,10,200412
77,94,200412
77,375,200412
78,120,200412
78,79,200412
78,39,200412
78,97,200412
78,38,200412
78,160,200412
78,141,200412
78,66,200412
78,58,200412
78,433,200412
78,117,200412
78,83,200412
78,155,200412
78,31,200412
78,14,200412
78,13,200412
78,116,200412
78,65,200412
78,270,200412
78,32,200412
78,46,200412
78,134,200412
78,18,200412
78,0,200412
78,77,200412
78,19,200412
78,136,200412
78,60,200412
78,137,200412
78,59,200412
78,25,200412
78,26,200412
78,6,200412
78,64,200412
78,146,200412
78,29,200412
79,134,200412
79,17,200412
79,6,200412
79,59,200412
79,76,200412
79,433,200412
79,94,200412
79,146,200412
79,182,200412
79,160,200412
79,102,200412
79,77,200412
79,13,200412
79,176,200412
79,131,200412
79,74,200412
79,0,200412
79,114,200412
79,31,200412
79,137,200412
79,181,200412
79,180,200412
79,64,200412
79,40,200412
79,19,200412
79,29,200412
79,32,200412
79,46,200412
79,16,200412
79,97,200412
80,124,200412
80,23,200412
80,160,200412
80,9,200412
80,53,200412
80,143,200412
80,97,200412
80,433,200412
80,85,200412
80,156,200412
80,140,200412
80,43,200412
80,63,200412
80,327,200412
80,38,200412
80,62,200412
80,163,200412
80,270,200412
80,117,200412
80,197,200412
80,112,200412
80,20,200412
80,155,200412
80,4,200412
80,544,200412
80,106,200412
80,145,200412
80,135,200412
80,274,200412
80,54,200412
80,59,200412
80,102,200412
80,13,200412
80,28,200412
80,16,200412
80,154,200412
80,89,200412
80,17,200412
80,32,200412
80,48,200412
80,27,200412
80,99,200412
80,146,200412
80,19,200412
80,100,200412
80,137,200412
80,46,200412
80,18,200412
80,6,200412
80,25,200412
80,60,200412
80,10,200412
80,1,200412
80,31,200412
80,26,200412
80,136,200412
80,29,200412
80,108,200412
80,92,200412
80,14,200412
80,0,200412
81,24,200412
81,181,200412
81,27,200412
81,46,200412
81,138,200412
81,64,200412
81,77,200412
81,16,200412
81,22,200412
81,76,200412
81,142,200412
81,97,200412
81,52,200412
81,213,200412
81,29,200412
81,9,200412
81,26,200412
81,170,200412
81,171,200412
81,233,200412
81,4,200412
81,112,200412
81,249,200412
81,83,200412
81,99,200412
81,107,200412
81,12,200412
81,101,200412
81,13,200412
81,6,200412
81,860,200412
81,57,200412
81,136,200412
81,19,200412
81,208,200412
81,180,200412
81,703,200412
81,120,200412
81,25,200412
81,96,200412
81,320,200412
81,858,200412
81,32,200412
81,23,200412
81,40,200412
81,126,200412
81,0,200412
81,18,200412
81,11,200412
81,176,200412
81,51,200412
81,94,200412
81,137,200412
81,36,200412
81,139,200412
81,85,200412
81,155,200412
81,183,200412
81,2,200412
81,35,200412
81,28,200412
81,21,200412
81,17,200412
81,60,200412
81,48,200412
81,92,200412
81,59,200412
81,154,200412
81,146,200412
81,54,200412
81,160,200412
81,1,200412
81,31,200412
81,108,200412
81,10,200412
81,14,200412
81,135,200412
82,99,200412
82,117,200412
82,79,200412
82,154,200412
82,32,200412
82,40,200412
82,24,200412
82,13,200412
82,108,200412
82,6,200412
82,97,200412
82,146,200412
83,183,200412
83,335,200412
83,27,200412
83,482,200412
83,35,200412
83,160,200412
83,143,200412
83,433,200412
83,157,200412
83,77,200412
83,14,200412
83,76,200412
83,175,200412
83,19,200412
83,101,200412
83,48,200412
83,24,200412
83,339,200412
83,39,200412
83,46,200412
83,11,200412
83,0,200412
83,57,200412
83,158,200412
83,55,200412
83,180,200412
83,26,200412
83,155,200412
83,18,200412
83,31,200412
83,53,200412
83,51,200412
83,265,200412
83,111,200412
83,85,200412
83,163,200412
83,13,200412
83,133,200412
83,1,200412
83,12,200412
83,288,200412
83,112,200412
83,107,200412
83,34,200412
83,81,200412
83,78,200412
83,96,200412
83,23,200412
83,135,200412
83,131,200412
83,20,200412
83,2,200412
83,65,200412
83,6,200412
83,72,200412
83,278,200412
83,97,200412
83,54,200412
83,108,200412
83,40,200412
83,341,200412
83,152,200412
83,38,200412
83,29,200412
83,139,200412
83,237,200412
83,9,200412
83,178,200412
83,113,200412
83,28,200412
83,142,200412
83,36,200412
83,16,200412
83,52,200412
83,45,200412
83,136,200412
83,80,200412
83,137,200412
83,102,200412
83,5,200412
83,60,200412
83,99,200412
83,10,200412
83,59,200412
83,25,200412
83,64,200412
83,146,200412
83,154,200412
83,32,200412
84,753,200412
84,88,200412
84,223,200412
84,918,200412
84,25,200412
84,213,200412
84,69,200412
84,86,200412
84,320,200412
84,77,200412
84,160,200412
84,30,200412
84,1707,200412
84,147,200412
84,164,200412
84,15,200412
84,40,200412
84,3,200412
84,29,200412
84,224,200412
84,4,200412
84,18,200412
84,11,200412
85,93,200412
85,160,200412
85,20,200412
85,137,200412
85,11,200412
85,53,200412
85,143,200412
85,52,200412
85,740,200412
85,150,200412
85,483,200412
85,120,200412
85,552,200412
85,146,200412
85,433,200412
85,17,200412
85,135,200412
85,9,200412
85,764,200412
85,29,200412
85,23,200412
85,2,200412
85,24,200412
85,118,200412
85,84,200412
85,51,200412
85,35,200412
85,58,200412
85,234,200412
85,107,200412
85,96,200412
85,164,200412
85,265,200412
85,36,200412
85,223,200412
85,28,200412
85,55,200412
85,40,200412
85,69,200412
85,83,200412
85,6,200412
85,21,200412
85,108,200412
85,64,200412
85,482,200412
85,18,200412
85,139,200412
85,155,200412
85,65,200412
85,133,200412
85,14,200412
85,5,200412
85,32,200412
85,136,200412
85,183,200412
85,16,200412
85,0,200412
85,248,200412
85,13,200412
85,4,200412
85,77,200412
85,99,200412
85,92,200412
85,157,200412
85,116,200412
85,26,200412
85,48,200412
85,72,200412
85,112,200412
85,25,200412
85,10,200412
85,60,200412
85,149,200412
85,115,200412
85,154,200412
85,97,200412
85,31,200412
85,1,200412
85,165,200412
85,274,200412
86,27,200412
86,84,200412
86,100,200412
86,74,200412
86,105,200412
86,16,200412
86,26,200412
86,97,200412
86,51,200412
86,238,200412
86,32,200412
86,4,200412
86,11,200412
86,136,200412
86,18,200412
87,89,200412
87,203,200412
87,25,200412
87,2,200412
87,291,200412
88,136,200412
88,183,200412
88,764,200412
88,164,200412
88,3,200412
88,18,200412
88,224,200412
88,69,200412
88,84,200412
88,223,200412
88,160,200412
88,30,200412
88,4,200412
88,11,200412
89,7,200412
89,8,200412
89,212,200412
89,23,200412
89,121,200412
89,160,200412
89,323,200412
89,87,200412
89,828,200412
89,99,200412
89,143,200412
89,17,200412
89,778,200412
89,6,200412
89,20,200412
89,243,200412
89,5,200412
89,60,200412
89,26,200412
89,40,200412
89,90,200412
89,770,200412
89,28,200412
89,1408,200412
89,1103,200412
89,110,200412
89,32,200412
89,80,200412
89,69,200412
89,77,200412
89,107,200412
89,1,200412
89,135,200412
89,51,200412
89,133,200412
89,112,200412
89,113,200412
89,10,200412
89,4,200412
89,146,200412
89,21,200412
89,11,200412
89,136,200412
89,29,200412
89,137,200412
89,25,200412
89,97,200412
89,18,200412
90,7,200412
90,89,200412
90,8,200412
90,1103,200412
90,828,200412
90,136,200412
90,243,200412
92,142,200412
92,180,200412
92,135,200412
92,46,200412
92,160,200412
92,76,200412
92,21,200412
92,81,200412
92,2,200412
92,97,200412
92,107,200412
92,28,200412
92,6,200412
92,17,200412
92,29,200412
92,136,200412
92,51,200412
92,77,200412
92,85,200412
92,48,200412
92,52,200412
92,133,200412
92,155,200412
92,23,200412
92,4,200412
92,100,200412
92,16,200412
92,119,200412
92,102,200412
92,11,200412
92,32,200412
92,83,200412
92,116,200412
92,137,200412
92,26,200412
92,115,200412
92,19,200412
92,5,200412
92,124,200412
92,96,200412
92,108,200412
92,80,200412
92,149,200412
92,27,200412
92,9,200412
92,72,200412
92,157,200412
92,165,200412
92,47,200412
92,14,200412
92,31,200412
92,60,200412
92,1,200412
92,154,200412
92,10,200412
92,93,200412
92,0,200412
92,274,200412
93,188,200412
93,143,200412
93,339,200412
93,175,200412
93,282,200412
93,2,200412
93,25,200412
93,118,200412
93,433,200412
93,156,200412
93,160,200412
93,170,200412
93,137,200412
93,138,200412
93,165,200412
93,39,200412
93,18,200412
93,393,200412
93,149,200412
93,116,200412
93,115,200412
93,85,200412
93,274,200412
93,92,200412
94,40,200412
94,120,200412
94,326,200412
94,54,200412
94,75,200412
94,92,200412
94,26,200412
94,170,200412
94,31,200412
94,93,200412
94,27,200412
94,160,200412
94,16,200412
94,6,200412
94,108,200412
94,25,200412
94,14,200412
94,77,200412
94,32,200412
94,97,200412
94,146,200412
94,135,200412
94,46,200412
95,281,200412
95,181,200412
95,101,200412
95,29,200412
95,77,200412
95,374,200412
95,703,200412
95,160,200412
95,542,200412
95,137,200412
95,146,200412
95,46,200412
96,274,200412
96,160,200412
96,22,200412
96,101,200412
96,777,200412
96,143,200412
96,29,200412
96,104,200412
96,31,200412
96,136,200412
96,1,200412
96,25,200412
96,69,200412
96,27,200412
96,72,200412
96,10,200412
96,137,200412
96,85,200412
96,17,200412
96,130,200412
96,23,200412
96,77,200412
96,433,200412
96,299,200412
96,176,200412
96,213,200412
96,146,200412
96,124,200412
96,35,200412
96,150,200412
96,97,200412
96,28,200412
96,154,200412
96,34,200412
96,83,200412
96,148,200412
96,12,200412
96,108,200412
96,102,200412
96,13,200412
96,52,200412
96,36,200412
96,2,200412
96,18,200412
96,183,200412
96,9,200412
96,4,200412
96,99,200412
96,19,200412
96,38,200412
96,6,200412
96,48,200412
96,756,200412
96,107,200412
96,21,200412
96,5,200412
96,64,200412
96,346,200412
96,113,200412
96,757,200412
96,1269,200412
96,100,200412
96,801,200412
96,53,200412
96,32,200412
96,0,200412
96,133,200412
96,204,200412
96,112,200412
96,11,200412
96,149,200412
96,115,200412
96,51,200412
96,14,200412
96,135,200412
96,116,200412
96,92,200412
96,165,200412
96,60,200412
97,6,200412
97,167,200412
97,140,200412
97,19,200412
97,29,200412
97,26,200412
97,276,200412
97,16,200412
97,301,200412
97,138,200412
97,14,200412
97,77,200412
97,160,200412
97,25,200412
97,20,200412
97,5,200412
97,175,200412
97,13,200412
97,10,200412
97,455,200412
97,137,200412
97,39,200412
97,154,200412
97,35,200412
97,17,200412
97,146,200412
97,1,200412
97,482,200412
97,552,200412
97,327,200412
97,46,200412
97,24,200412
97,23,200412
97,81,200412
97,31,200412
97,143,200412
97,60,200412
97,48,200412
97,83,200412
97,333,200412
97,62,200412
97,188,200412
97,433,200412
97,155,200412
97,104,200412
97,2,200412
97,132,200412
97,113,200412
97,75,200412
97,38,200412
97,107,200412
97,58,200412
97,53,200412
97,120,200412
97,64,200412
97,136,200412
97,85,200412
97,76,200412
97,354,200412
97,126,200412
97,181,200412
97,92,200412
97,27,200412
97,274,200412
97,59,200412
97,96,200412
97,69,200412
97,161,200412
97,12,200412
97,32,200412
97,139,200412
97,142,200412
97,124,200412
97,9,200412
97,131,200412
97,355,200412
97,101,200412
97,176,200412
97,4,200412
97,0,200412
97,180,200412
97,108,200412
97,21,200412
97,28,200412
97,307,200412
97,341,200412
97,169,200412
97,320,200412
97,266,200412
97,65,200412
97,182,200412
97,153,200412
97,117,200412
97,78,200412
97,40,200412
97,82,200412
97,7,200412
97,458,200412
97,156,200412
97,99,200412
97,71,200412
97,47,200412
97,797,200412
97,540,200412
97,54,200412
97,79,200412
97,118,200412
97,393,200412
97,510,200412
97,192,200412
97,398,200412
97,94,200412
97,208,200412
97,45,200412
97,347,200412
97,43,200412
97,213,200412
97,41,200412
97,1052,200412
97,159,200412
97,57,200412
97,769,200412
97,197,200412
97,165,200412
97,198,200412
97,119,200412
97,98,200412
97,66,200412
97,452,200412
97,157,200412
97,152,200412
97,216,200412
97,34,200412
97,63,200412
97,278,200412
97,435,200412
97,342,200412
97,22,200412
97,544,200412
97,106,200412
97,269,200412
97,141,200412
97,163,200412
97,72,200412
97,224,200412
97,134,200412
97,172,200412
97,36,200412
97,112,200412
97,237,200412
97,860,200412
97,158,200412
97,73,200412
97,250,200412
97,18,200412
97,100,200412
97,249,200412
97,51,200412
97,135,200412
97,89,200412
97,102,200412
97,80,200412
97,129,200412
97,52,200412
97,11,200412
98,60,200412
98,157,200412
98,9,200412
98,93,200412
98,137,200412
98,47,200412
98,181,200412
98,39,200412
98,80,200412
98,101,200412
98,29,200412
98,54,200412
98,160,200412
98,25,200412
98,97,200412
99,60,200412
99,64,200412
99,6,200412
99,55,200412
99,335,200412
99,1,200412
99,19,200412
99,17,200412
99,26,200412
99,31,200412
99,76,200412
99,4,200412
99,136,200412
99,131,200412
99,10,200412
99,81,200412
99,40,200412
99,102,200412
99,28,200412
99,129,200412
99,375,200412
99,24,200412
99,20,200412
99,161,200412
99,180,200412
99,45,200412
99,126,200412
99,143,200412
99,112,200412
99,85,200412
99,46,200412
99,69,200412
99,18,200412
99,133,200412
99,0,200412
99,51,200412
99,137,200412
99,13,200412
99,213,200412
99,29,200412
99,52,200412
99,113,200412
99,11,200412
99,182,200412
99,5,200412
99,25,200412
99,107,200412
99,278,200412
99,181,200412
99,27,200412
99,23,200412
99,108,200412
99,12,200412
99,2,200412
99,170,200412
99,154,200412
99,117,200412
99,86,200412
99,36,200412
99,341,200412
99,96,200412
99,124,200412
99,57,200412
99,9,200412
99,77,200412
99,196,200412
99,355,200412
99,156,200412
99,83,200412
99,110,200412
99,97,200412
99,22,200412
99,799,200412
99,38,200412
99,146,200412
99,65,200412
99,80,200412
99,224,200412
99,58,200412
99,63,200412
99,54,200412
99,155,200412
99,208,200412
99,100,200412
99,320,200412
99,16,200412
99,32,200412
99,101,200412
99,39,200412
99,139,200412
99,134,200412
99,59,200412
99,142,200412
99,48,200412
99,160,200412
99,135,200412
99,35,200412
100,160,200412
100,97,200412
100,19,200412
100,55,200412
100,120,200412
100,335,200412
100,35,200412
100,433,200412
100,455,200412
100,38,200412
100,224,200412
100,78,200412
100,143,200412
100,39,200412
100,176,200412
100,482,200412
100,79,200412
100,73,200412
100,57,200412
100,60,200412
100,99,200412
100,233,200412
100,144,200412
100,28,200412
100,180,200412
100,81,200412
100,76,200412
100,23,200412
100,26,200412
100,163,200412
100,96,200412
100,82,200412
100,22,200412
100,17,200412
100,133,200412
100,47,200412
100,9,200412
100,31,200412
100,20,200412
100,2,200412
100,59,200412
100,540,200412
100,102,200412
100,92,200412
100,4,200412
100,40,200412
100,77,200412
100,286,200412
100,29,200412
100,32,200412
100,52,200412
100,137,200412
100,43,200412
100,46,200412
100,155,200412
100,16,200412
100,64,200412
100,135,200412
100,11,200412
100,1,200412
100,18,200412
100,10,200412
100,80,200412
100,108,200412
100,0,200412
100,154,200412
100,6,200412
100,146,200412
100,25,200412
100,14,200412
100,48,200412
101,143,200412
101,393,200412
101,120,200412
101,77,200412
101,136,200412
101,18,200412
101,58,200412
101,60,200412
101,433,200412
101,224,200412
101,274,200412
101,160,200412
101,97,200412
101,96,200412
101,375,200412
101,66,200412
101,161,200412
101,270,200412
101,176,200412
101,80,200412
101,155,200412
101,81,200412
101,188,200412
101,216,200412
101,83,200412
101,116,200412
101,137,200412
101,64,200412
101,16,200412
101,146,200412
101,26,200412
101,46,200412
101,99,200412
101,108,200412
101,19,200412
101,6,200412
101,29,200412
101,25,200412
101,32,200412
102,76,200412
102,146,200412
102,23,200412
102,176,200412
102,55,200412
102,138,200412
102,19,200412
102,134,200412
102,143,200412
102,160,200412
102,40,200412
102,433,200412
102,24,200412
102,58,200412
102,117,200412
102,155,200412
102,52,200412
102,349,200412
102,297,200412
102,79,200412
102,100,200412
102,135,200412
102,83,200412
102,154,200412
102,60,200412
102,29,200412
102,81,200412
102,17,200412
102,54,200412
102,131,200412
102,27,200412
102,137,200412
102,97,200412
102,53,200412
102,136,200412
102,77,200412
102,12,200412
102,108,200412
102,120,200412
102,25,200412
102,11,200412
102,21,200412
102,164,200412
102,96,200412
102,85,200412
102,126,200412
102,28,200412
102,22,200412
102,6,200412
102,80,200412
102,51,200412
102,48,200412
102,139,200412
102,180,200412
102,178,200412
102,334,200412
102,107,200412
102,16,200412
102,10,200412
102,2,200412
102,5,200412
102,112,200412
102,0,200412
102,129,200412
102,99,200412
102,92,200412
102,36,200412
102,26,200412
102,32,200412
102,31,200412
102,18,200412
102,64,200412
102,1,200412
102,46,200412
102,14,200412
103,433,200412
103,24,200412
103,294,200412
103,346,200412
104,143,200412
104,75,200412
104,34,200412
104,27,200412
104,433,200412
104,101,200412
104,72,200412
104,138,200412
104,160,200412
104,206,200412
104,144,200412
104,40,200412
104,188,200412
104,80,200412
104,24,200412
104,248,200412
104,234,200412
104,346,200412
104,32,200412
104,154,200412
104,136,200412
104,29,200412
104,18,200412
104,146,200412
104,137,200412
105,70,200412
105,213,200412
105,183,200412
105,30,200412
105,1,200412
105,86,200412
105,84,200412
105,11,200412
105,781,200412
105,228,200412
105,51,200412
106,2,200412
106,137,200412
106,146,200412
106,97,200412
107,19,200412
107,137,200412
107,10,200412
107,5,200412
107,21,200412
107,4,200412
107,160,200412
107,433,200412
107,26,200412
107,11,200412
107,150,200412
107,501,200412
107,20,200412
107,23,200412
107,143,200412
107,154,200412
107,99,200412
107,0,200412
107,72,200412
107,135,200412
107,85,200412
107,83,200412
107,60,200412
107,59,200412
107,64,200412
107,61,200412
107,74,200412
107,2,200412
107,227,200412
107,102,200412
107,51,200412
107,6,200412
107,879,200412
107,69,200412
107,133,200412
107,108,200412
107,96,200412
107,121,200412
107,54,200412
107,146,200412
107,22,200412
107,48,200412
107,52,200412
107,181,200412
107,27,200412
107,7,200412
107,92,200412
107,248,200412
107,17,200412
107,113,200412
107,89,200412
107,28,200412
107,136,200412
107,97,200412
107,183,200412
107,25,200412
107,18,200412
107,1,200412
107,29,200412
107,112,200412
108,433,200412
108,521,200412
108,97,200412
108,160,200412
108,77,200412
108,40,200412
108,76,200412
108,9,200412
108,48,200412
108,102,200412
108,60,200412
108,14,200412
108,6,200412
108,107,200412
108,32,200412
108,21,200412
108,96,200412
108,1,200412
108,20,200412
108,136,200412
108,137,200412
108,320,200412
108,142,200412
108,13,200412
108,27,200412
108,25,200412
108,131,200412
108,133,200412
108,86,200412
108,18,200412
108,110,200412
108,154,200412
108,183,200412
108,10,200412
108,26,200412
108,4,200412
108,112,200412
108,54,200412
108,31,200412
108,46,200412
108,5,200412
108,81,200412
108,28,200412
108,0,200412
108,17,200412
108,173,200412
108,85,200412
108,82,200412
108,73,200412
108,117,200412
108,36,200412
108,12,200412
108,249,200412
108,16,200412
108,35,200412
108,355,200412
108,23,200412
108,51,200412
108,139,200412
108,94,200412
108,165,200412
108,180,200412
108,41,200412
108,58,200412
108,39,200412
108,45,200412
108,769,200412
108,197,200412
108,100,200412
108,24,200412
108,38,200412
108,57,200412
108,146,200412
108,101,200412
108,156,200412
108,2,200412
108,181,200412
108,52,200412
108,19,200412
108,75,200412
108,341,200412
108,92,200412
108,178,200412
108,29,200412
108,143,200412
108,80,200412
108,11,200412
108,129,200412
108,83,200412
108,64,200412
108,119,200412
108,155,200412
108,135,200412
108,99,200412
108,59,200412
109,864,200412
109,938,200412
109,628,200412
109,759,200412
109,4,200412
109,306,200412
109,127,200412
109,110,200412
109,427,200412
109,655,200412
109,128,200412
109,592,200412
109,1555,200412
109,723,200412
109,676,200412
109,729,200412
109,629,200412
109,593,200412
109,677,200412
109,113,200412
109,840,200412
109,112,200412
109,305,200412
109,724,200412
109,17,200412
109,633,200412
110,20,200412
110,841,200412
110,256,200412
110,190,200412
110,17,200412
110,306,200412
110,525,200412
110,424,200412
110,641,200412
110,229,200412
110,23,200412
110,87,200412
110,627,200412
110,200,200412
110,24,200412
110,626,200412
110,186,200412
110,185,200412
110,1554,200412
110,281,200412
110,470,200412
110,4,200412
110,465,200412
110,146,200412
110,160,200412
110,196,200412
110,31,200412
110,694,200412
110,631,200412
110,651,200412
110,69,200412
110,351,200412
110,128,200412
110,58,200412
110,247,200412
110,127,200412
110,109,200412
110,226,200412
110,236,200412
110,993,200412
110,684,200412
110,201,200412
110,137,200412
110,235,200412
110,830,200412
110,425,200412
110,305,200412
110,51,200412
110,474,200412
110,29,200412
110,818,200412
110,494,200412
110,290,200412
110,427,200412
110,471,200412
110,230,200412
110,245,200412
110,232,200412
110,352,200412
110,473,200412
110,77,200412
110,5,200412
110,59,200412
110,231,200412
110,633,200412
110,560,200412
110,138,200412
110,143,200412
110,958,200412
110,808,200412
110,638,200412
110,6,200412
110,786,200412
110,527,200412
110,698,200412
110,665,200412
110,1168,200412
110,650,200412
110,48,200412
110,139,200412
110,630,200412
110,113,200412
110,526,200412
110,191,200412
110,64,200412
110,13,200412
110,1134,200412
110,213,200412
110,22,200412
110,225,200412
110,99,200412
110,60,200412
110,28,200412
110,89,200412
110,136,200412
110,1,200412
110,886,200412
110,10,200412
110,25,200412
110,32,200412
110,11,200412
110,18,200412
111,122,200412
111,164,200412
111,61,200412
111,53,200412
111,147,200412
111,265,200412
111,46,200412
111,197,200412
111,242,200412
111,64,200412
111,137,200412
111,0,200412
111,70,200412
111,105,200412
111,18,200412
111,136,200412
111,11,200412
112,5,200412
112,433,200412
112,6,200412
112,69,200412
112,150,200412
112,160,200412
112,20,200412
112,817,200412
112,77,200412
112,85,200412
112,175,200412
112,81,200412
112,143,200412
112,137,200412
112,138,200412
112,124,200412
112,135,200412
112,28,200412
112,136,200412
112,59,200412
112,154,200412
112,35,200412
112,26,200412
112,97,200412
112,27,200412
112,18,200412
112,32,200412
112,265,200412
112,34,200412
112,99,200412
112,31,200412
112,208,200412
112,354,200412
112,183,200412
112,25,200412
112,83,200412
112,19,200412
112,14,200412
112,16,200412
112,102,200412
112,116,200412
112,72,200412
112,13,200412
112,48,200412
112,12,200412
112,96,200412
112,29,200412
112,1,200412
112,165,200412
112,60,200412
112,906,200412
112,22,200412
112,92,200412
112,0,200412
112,189,200412
112,11,200412
112,213,200412
112,7,200412
112,64,200412
112,89,200412
112,51,200412
112,113,200412
112,4,200412
112,17,200412
112,10,200412
112,107,200412
112,23,200412
112,133,200412
113,14,200412
113,160,200412
113,143,200412
113,213,200412
113,20,200412
113,72,200412
113,2,200412
113,81,200412
113,0,200412
113,96,200412
113,6,200412
113,27,200412
113,107,200412
113,64,200412
113,13,200412
113,156,200412
113,155,200412
113,12,200412
113,99,200412
113,102,200412
113,31,200412
113,19,200412
113,48,200412
113,9,200412
113,25,200412
113,16,200412
113,86,200412
113,97,200412
113,32,200412
113,51,200412
113,119,200412
113,136,200412
113,60,200412
113,154,200412
113,26,200412
113,54,200412
113,29,200412
113,92,200412
113,22,200412
113,135,200412
113,11,200412
113,8,200412
113,137,200412
113,7,200412
113,146,200412
113,89,200412
113,17,200412
113,1,200412
113,112,200412
113,18,200412
113,5,200412
113,10,200412
113,21,200412
113,4,200412
114,30,200412
114,24,200412
114,134,200412
114,132,200412
114,20,200412
114,155,200412
114,64,200412
114,143,200412
114,6,200412
114,25,200412
114,157,200412
114,163,200412
114,126,200412
114,79,200412
114,11,200412
114,180,200412
114,26,200412
114,13,200412
114,32,200412
114,19,200412
114,146,200412
115,314,200412
115,165,200412
115,9,200412
115,135,200412
115,552,200412
115,220,200412
115,149,200412
115,34,200412
115,137,200412
115,433,200412
115,204,200412
115,188,200412
115,160,200412
115,146,200412
115,51,200412
115,154,200412
115,77,200412
115,31,200412
115,205,200412
115,248,200412
115,47,200412
115,4,200412
115,25,200412
115,28,200412
115,2,200412
115,1,200412
115,96,200412
115,92,200412
115,85,200412
115,10,200412
115,274,200412
116,6,200412
116,112,200412
116,31,200412
116,355,200412
116,4,200412
116,28,200412
116,45,200412
116,124,200412
116,46,200412
116,107,200412
116,389,200412
116,9,200412
116,248,200412
116,11,200412
116,5,200412
116,346,200412
116,93,200412
116,17,200412
116,2,200412
116,85,200412
116,92,200412
116,136,200412
116,1,200412
116,137,200412
116,10,200412
116,96,200412
116,25,200412
116,274,200412
117,40,200412
117,180,200412
117,433,200412
117,52,200412
117,13,200412
117,197,200412
117,6,200412
117,100,200412
117,181,200412
117,160,200412
117,175,200412
117,281,200412
117,0,200412
117,45,200412
117,60,200412
117,154,200412
117,102,200412
117,155,200412
117,146,200412
117,24,200412
117,206,200412
117,29,200412
117,233,200412
117,111,200412
117,170,200412
117,32,200412
117,242,200412
117,27,200412
117,38,200412
117,9,200412
117,31,200412
117,54,200412
117,74,200412
117,126,200412
117,119,200412
117,81,200412
117,176,200412
117,19,200412
117,137,200412
117,99,200412
117,16,200412
117,208,200412
117,139,200412
117,18,200412
117,97,200412
117,26,200412
117,48,200412
117,108,200412
117,46,200412
117,64,200412
117,14,200412
117,59,200412
118,157,200412
118,25,200412
118,160,200412
118,224,200412
118,93,200412
118,149,200412
118,379,200412
118,274,200412
118,198,200412
118,65,200412
118,14,200412
118,137,200412
118,97,200412
119,6,200412
119,40,200412
119,739,200412
119,133,200412
119,135,200412
119,180,200412
119,5,200412
119,117,200412
119,113,200412
119,112,200412
119,21,200412
119,77,200412
119,28,200412
119,38,200412
119,17,200412
119,13,200412
119,16,200412
119,1,200412
119,146,200412
119,10,200412
119,19,200412
119,31,200412
119,97,200412
119,108,200412
119,36,200412
119,48,200412
119,60,200412
119,14,200412
120,53,200412
120,92,200412
120,482,200412
120,433,200412
120,19,200412
120,40,200412
120,38,200412
120,52,200412
120,180,200412
120,14,200412
120,160,200412
120,176,200412
120,281,200412
120,137,200412
120,140,200412
120,26,200412
120,64,200412
120,143,200412
120,76,200412
120,32,200412
120,77,200412
120,39,200412
120,83,200412
120,101,200412
120,100,200412
120,75,200412
120,270,200412
120,237,200412
120,11,200412
120,206,200412
120,154,200412
120,96,200412
120,1,200412
120,155,200412
120,31,200412
120,192,200412
120,174,200412
120,125,200412
120,233,200412
120,34,200412
120,51,200412
120,136,200412
120,12,200412
120,27,200412
120,0,200412
120,242,200412
120,81,200412
120,72,200412
120,9,200412
120,134,200412
120,59,200412
120,152,200412
120,13,200412
120,142,200412
120,80,200412
120,25,200412
120,15,200412
120,20,200412
120,108,200412
120,139,200412
120,46,200412
120,48,200412
120,35,200412
120,29,200412
120,146,200412
120,16,200412
120,46,200412
120,26,200412
120,40,200412
120,18,200412
120,25,200412
120,29,200412
120,60,200412
120,32,200412
120,64,200412
120,146,200412
120,6,200412
120,19,200412
120,137,200412
120,97,200412
121,160,200412
121,433,200412
121,282,200412
121,143,200412
121,137,200412
121,5,200412
121,138,200412
121,54,200412
121,12,200412
121,22,200412
121,196,200412
121,27,200412
121,110,200412
121,85,200412
121,165,200412
121,107,200412
121,346,200412
121,1,200412
121,11,200412
121,48,200412
121,13,200412
121,4,200412
121,10,200412
121,64,200412
121,59,200412
122,61,200412
122,234,200412
122,72,200412
122,783,200412
122,19,200412
122,16,200412
122,30,200412
122,27,200412
122,738,200412
122,10,200412
122,18,200412
122,136,200412
123,234,200412
123,738,200412
123,122,200412
123,31,200412
123,154,200412
123,27,200412
123,346,200412
123,18,200412
124,137,200412
124,149,200412
124,282,200412
124,138,200412
124,93,200412
124,85,200412
124,143,200412
124,188,200412
124,183,200412
124,433,200412
124,22,200412
124,81,200412
124,72,200412
124,0,200412
124,19,200412
124,76,200412
124,9,200412
124,171,200412
124,62,200412
124,180,200412
124,165,200412
124,55,200412
124,41,200412
124,2,200412
124,136,200412
124,20,200412
124,96,200412
124,25,200412
124,12,200412
124,100,200412
124,51,200412
124,108,200412
124,155,200412
124,107,200412
124,5,200412
124,27,200412
124,18,200412
124,46,200412
124,60,200412
124,146,200412
124,6,200412
124,97,200412
124,135,200412
124,14,200412
124,92,200412
124,32,200412
124,1,200412
124,10,200412
124,154,200412
124,29,200412
124,160,200412
124,274,200412
125,80,200412
125,62,200412
125,224,200412
125,764,200412
125,53,200412
125,170,200412
125,233,200412
125,101,200412
125,362,200412
125,38,200412
125,74,200412
125,163,200412
125,66,200412
125,171,200412
125,164,200412
125,18,200412
125,29,200412
125,32,200412
125,136,200412
126,19,200412
126,180,200412
126,52,200412
126,6,200412
126,206,200412
126,143,200412
126,142,200412
126,433,200412
126,160,200412
126,55,200412
126,13,200412
126,117,200412
126,20,200412
126,81,200412
126,146,200412
126,114,200412
126,154,200412
126,129,200412
126,4,200412
126,136,200412
126,54,200412
126,285,200412
126,83,200412
126,31,200412
126,102,200412
126,97,200412
126,178,200412
126,82,200412
126,40,200412
126,60,200412
126,18,200412
126,108,200412
126,99,200412
126,10,200412
126,26,200412
126,29,200412
126,46,200412
126,14,200412
126,16,200412
126,266,200412
126,64,200412
126,32,200412
126,59,200412
127,109,200412
127,110,200412
127,4,200412
127,128,200412
127,427,200412
127,247,200412
127,306,200412
127,113,200412
128,110,200412
128,306,200412
128,427,200412
128,4,200412
128,109,200412
129,46,200412
129,194,200412
129,59,200412
129,20,200412
129,143,200412
129,160,200412
129,31,200412
129,172,200412
129,173,200412
129,519,200412
129,146,200412
129,375,200412
129,35,200412
129,80,200412
129,36,200412
129,176,200412
129,113,200412
129,13,200412
129,21,200412
129,99,200412
129,175,200412
129,18,200412
129,52,200412
129,1,200412
129,17,200412
129,142,200412
129,136,200412
129,10,200412
129,26,200412
129,1129,200412
129,217,200412
129,102,200412
129,64,200412
129,29,200412
129,154,200412
129,40,200412
129,266,200412
129,32,200412
129,284,200412
129,16,200412
129,14,200412
129,25,200412
129,108,200412
129,135,200412
129,60,200412
129,48,200412
129,19,200412
129,6,200412
129,137,200412
129,97,200412
130,299,200412
130,96,200412
130,150,200412
130,136,200412
130,1,200412
131,433,200412
131,159,200412
131,29,200412
131,66,200412
131,160,200412
131,181,200412
131,142,200412
131,61,200412
131,102,200412
131,38,200412
131,126,200412
131,52,200412
131,265,200412
131,132,200412
131,35,200412
131,0,200412
131,27,200412
131,14,200412
131,18,200412
131,28,200412
131,276,200412
131,22,200412
131,375,200412
131,108,200412
131,97,200412
131,136,200412
131,6,200412
131,154,200412
131,10,200412
131,16,200412
131,54,200412
131,135,200412
131,146,200412
131,32,200412
132,77,200412
132,265,200412
132,161,200412
132,247,200412
132,96,200412
132,69,200412
132,5,200412
132,314,200412
132,62,200412
132,29,200412
132,1,200412
132,51,200412
132,138,200412
132,61,200412
132,433,200412
132,159,200412
132,154,200412
132,143,200412
132,60,200412
132,19,200412
132,23,200412
132,59,200412
132,18,200412
132,113,200412
132,160,200412
132,6,200412
132,121,200412
132,25,200412
132,17,200412
132,64,200412
132,12,200412
132,501,200412
132,15,200412
132,112,200412
132,136,200412
132,52,200412
132,152,200412
132,16,200412
132,233,200412
132,44,200412
132,24,200412
132,30,200412
132,101,200412
132,146,200412
132,189,200412
132,197,200412
132,195,200412
132,211,200412
132,58,200412
132,81,200412
132,188,200412
132,131,200412
132,183,200412
132,21,200412
132,192,200412
132,46,200412
132,20,200412
132,248,200412
132,193,200412
132,32,200412
132,97,200412
132,54,200412
132,10,200412
132,135,200412
132,137,200412
133,150,200412
133,22,200412
133,51,200412
133,160,200412
133,10,200412
133,143,200412
133,552,200412
133,17,200412
133,27,200412
133,85,200412
133,124,200412
133,165,200412
133,40,200412
133,12,200412
133,2,200412
133,25,200412
133,96,200412
133,53,200412
133,14,200412
133,346,200412
133,183,200412
133,102,200412
133,4,200412
133,72,200412
133,69,200412
133,135,200412
133,9,200412
133,11,200412
133,107,200412
133,7,200412
133,89,200412
133,136,200412
133,20,200412
133,1,200412
133,137,200412
133,112,200412
133,21,200412
133,5,200412
134,79,200412
134,197,200412
134,176,200412
134,13,200412
134,6,200412
134,155,200412
134,281,200412
134,289,200412
134,195,200412
134,433,200412
134,114,200412
134,40,200412
134,160,200412
134,96,200412
134,32,200412
134,57,200412
134,146,200412
134,544,200412
134,101,200412
134,80,200412
134,100,200412
134,143,200412
134,16,200412
134,18,200412
134,83,200412
134,27,200412
134,180,200412
134,19,200412
134,46,200412
134,29,200412
134,26,200412
134,99,200412
134,64,200412
134,97,200412
135,138,200412
135,433,200412
135,6,200412
135,54,200412
135,34,200412
135,52,200412
135,0,200412
135,224,200412
135,65,200412
135,28,200412
135,113,200412
135,117,200412
135,59,200412
135,57,200412
135,64,200412
135,40,200412
135,94,200412
135,19,200412
135,20,200412
135,136,200412
135,16,200412
135,2,200412
135,18,200412
135,77,200412
135,17,200412
135,83,200412
135,274,200412
135,85,200412
135,11,200412
135,51,200412
135,160,200412
135,41,200412
135,156,200412
135,7,200412
135,180,200412
135,112,200412
135,36,200412
135,23,200412
135,22,200412
135,72,200412
135,26,200412
135,146,200412
135,100,200412
135,21,200412
135,9,200412
135,89,200412
135,267,200412
135,62,200412
135,163,200412
135,124,200412
135,131,200412
135,132,200412
135,175,200412
135,96,200412
135,157,200412
135,66,200412
135,24,200412
135,181,200412
135,80,200412
135,197,200412
135,155,200412
135,4,200412
135,102,200412
135,119,200412
135,129,200412
135,35,200412
135,48,200412
135,13,200412
135,32,200412
135,143,200412
135,99,200412
135,46,200412
135,108,200412
135,60,200412
135,1,200412
135,137,200412
135,139,200412
135,375,200412
135,5,200412
135,12,200412
135,81,200412
135,31,200412
135,92,200412
135,10,200412
135,14,200412
135,97,200412
135,154,200412
135,27,200412
136,23,200412
136,28,200412
136,35,200412
136,18,200412
136,54,200412
136,1,200412
136,20,200412
136,77,200412
136,110,200412
136,60,200412
136,137,200412
136,143,200412
136,146,200412
136,139,200412
136,165,200412
136,129,200412
136,112,200412
136,11,200412
136,138,200412
136,80,200412
136,30,200412
136,5,200412
136,183,200412
136,31,200412
136,29,200412
136,17,200412
136,96,200412
136,107,200412
136,26,200412
136,175,200412
136,132,200412
136,40,200412
136,51,200412
136,386,200412
136,120,200412
136,433,200412
136,144,200412
136,48,200412
136,375,200412
136,19,200412
136,2,200412
136,160,200412
136,213,200412
136,6,200412
136,97,200412
136,39,200412
136,24,200412
136,27,200412
136,4,200412
136,884,200412
136,155,200412
136,181,200412
136,53,200412
136,52,200412
136,74,200412
136,64,200412
136,108,200412
136,161,200412
136,16,200412
136,69,200412
136,233,200412
136,941,200412
136,13,200412
136,154,200412
136,247,200412
136,14,200412
136,88,200412
136,274,200412
136,85,200412
136,113,200412
136,81,200412
136,117,200412
136,180,200412
136,25,200412
136,981,200412
136,228,200412
136,164,200412
136,10,200412
136,346,200412
136,148,200412
136,982,200412
136,834,200412
136,92,200412
136,9,200412
136,99,200412
136,891,200412
136,126,200412
136,968,200412
136,83,200412
136,537,200412
136,480,200412
136,492,200412
136,371,200412
136,588,200412
136,307,200412
136,130,200412
136,738,200412
136,762,200412
136,415,200412
136,728,200412
136,8,200412
136,862,200412
136,502,200412
136,265,200412
136,361,200412
136,221,200412
136,359,200412
136,330,200412
136,15,200412
136,68,200412
136,950,200412
136,544,200412
136,116,200412
136,358,200412
136,70,200412
136,372,200412
136,67,200412
136,299,200412
136,104,200412
136,163,200412
136,166,200412
136,184,200412
136,376,200412
136,71,200412
136,125,200412
136,169,200412
136,34,200412
136,133,200412
136,303,200412
136,153,200412
136,177,200412
136,22,200412
136,111,200412
136,124,200412
136,33,200412
136,72,200412
136,122,200412
136,147,200412
136,131,200412
136,189,200412
136,150,200412
136,86,200412
136,0,200412
136,32,200412
136,59,200412
136,21,200412
136,61,200412
136,12,200412
136,46,200412
136,89,200412
136,135,200412
137,1,200412
137,0,200412
137,89,200412
137,48,200412
137,69,200412
137,157,200412
137,6,200412
137,175,200412
137,143,200412
137,17,200412
137,138,200412
137,19,200412
137,136,200412
137,165,200412
137,14,200412
137,112,200412
137,548,200412
137,4,200412
137,62,200412
137,159,200412
137,2,200412
137,81,200412
137,40,200412
137,23,200412
137,194,200412
137,375,200412
137,83,200412
137,35,200412
137,139,200412
137,25,200412
137,54,200412
137,433,200412
137,9,200412
137,96,200412
137,129,200412
137,110,200412
137,60,200412
137,107,200412
137,27,200412
137,85,200412
137,72,200412
137,29,200412
137,77,200412
137,52,200412
137,5,200412
137,339,200412
137,97,200412
137,51,200412
137,132,200412
137,39,200412
137,160,200412
137,501,200412
137,24,200412
137,20,200412
137,13,200412
137,495,200412
137,47,200412
137,155,200412
137,163,200412
137,161,200412
137,133,200412
137,74,200412
137,102,200412
137,152,200412
137,180,200412
137,11,200412
137,22,200412
137,12,200412
137,142,200412
137,30,200412
137,120,200412
137,483,200412
137,21,200412
137,32,200412
137,341,200412
137,104,200412
137,28,200412
137,99,200412
137,78,200412
137,16,200412
137,248,200412
137,38,200412
137,176,200412
137,320,200412
137,988,200412
137,496,200412
137,95,200412
137,989,200412
137,740,200412
137,247,200412
137,183,200412
137,346,200412
137,1291,200412
137,113,200412
137,521,200412
137,1017,200412
137,885,200412
137,146,200412
137,18,200412
137,117,200412
137,544,200412
137,307,200412
137,510,200412
137,156,200412
137,46,200412
137,10,200412
137,371,200412
137,80,200412
137,45,200412
137,31,200412
137,41,200412
137,216,200412
137,393,200412
137,118,200412
137,326,200412
137,169,200412
137,189,200412
137,59,200412
137,116,200412
137,100,200412
137,188,200412
137,1190,200412
137,671,200412
137,250,200412
137,181,200412
137,26,200412
137,92,200412
137,53,200412
137,58,200412
137,64,200412
137,244,200412
137,153,200412
137,115,200412
137,336,200412
137,355,200412
137,124,200412
137,57,200412
137,101,200412
137,344,200412
137,98,200412
137,333,200412
137,76,200412
137,390,200412
137,15,200412
137,220,200412
137,309,200412
137,34,200412
137,149,200412
137,7,200412
137,150,200412
137,71,200412
137,213,200412
137,36,200412
137,135,200412
137,121,200412
137,108,200412
137,154,200412
138,170,200412
138,501,200412
138,32,200412
138,136,200412
138,27,200412
138,23,200412
138,433,200412
138,175,200412
138,1,200412
138,4,200412
138,25,200412
138,12,200412
138,18,200412
138,500,200412
138,6,200412
138,137,200412
138,51,200412
138,62,200412
138,247,200412
138,52,200412
138,2,200412
138,132,200412
138,5,200412
138,59,200412
138,29,200412
138,97,200412
138,296,200412
138,93,200412
138,154,200412
138,339,200412
138,13,200412
138,21,200412
138,14,200412
138,34,200412
138,16,200412
138,104,200412
138,110,200412
138,143,200412
138,129,200412
138,248,200412
138,112,200412
138,10,200412
138,266,200412
139,4,200412
139,35,200412
139,58,200412
139,375,200412
139,25,200412
139,21,200412
139,20,200412
139,193,200412
139,29,200412
139,36,200412
139,160,200412
139,11,200412
139,10,200412
139,97,200412
139,48,200412
139,433,200412
139,108,200412
139,26,200412
139,143,200412
139,100,200412
139,101,200412
139,183,200412
139,136,200412
139,102,200412
139,72,200412
139,17,200412
139,18,200412
139,53,200412
139,107,200412
139,110,200412
139,28,200412
139,85,200412
139,155,200412
139,77,200412
139,13,200412
139,112,200412
139,81,200412
139,31,200412
139,138,200412
139,117,200412
139,54,200412
139,6,200412
139,860,200412
139,1,200412
139,142,200412
139,27,200412
139,180,200412
139,19,200412
139,341,200412
139,14,200412
139,52,200412
139,146,200412
139,120,200412
139,769,200412
139,60,200412
139,154,200412
139,40,200412
139,99,200412
139,32,200412
139,16,200412
139,178,200412
139,59,200412
139,137,200412
139,135,200412
139,46,200412
140,39,200412
140,19,200412
140,57,200412
140,38,200412
140,58,200412
140,6,200412
140,76,200412
140,97,200412
140,160,200412
140,401,200412
140,433,200412
140,143,200412
140,95,200412
140,60,200412
140,137,200412
140,55,200412
140,132,200412
140,208,200412
140,333,200412
140,35,200412
140,0,200412
140,26,200412
140,32,200412
140,29,200412
140,64,200412
140,46,200412
140,146,200412
141,57,200412
141,433,200412
141,118,200412
141,160,200412
141,31,200412
141,32,200412
141,60,200412
141,46,200412
141,146,200412
141,97,200412
142,40,200412
142,281,200412
142,79,200412
142,782,200412
142,197,200412
142,27,200412
142,6,200412
142,32,200412
142,160,200412
142,134,200412
142,143,200412
142,77,200412
142,99,200412
142,14,200412
142,19,200412
142,381,200412
142,433,200412
142,126,200412
142,18,200412
142,31,200412
142,102,200412
142,136,200412
142,154,200412
142,20,200412
142,131,200412
142,16,200412
142,97,200412
142,29,200412
142,17,200412
142,133,200412
142,107,200412
142,137,200412
142,100,200412
142,36,200412
142,176,200412
142,180,200412
142,48,200412
142,113,200412
142,1,200412
142,21,200412
142,0,200412
142,35,200412
142,146,200412
142,13,200412
142,46,200412
142,83,200412
142,2,200412
142,178,200412
142,52,200412
142,108,200412
142,10,200412
142,26,200412
142,60,200412
142,64,200412
142,59,200412
143,15,200412
143,110,200412
143,64,200412
143,0,200412
143,6,200412
143,501,200412
143,879,200412
143,12,200412
143,80,200412
143,76,200412
143,100,200412
143,10,200412
143,17,200412
143,30,200412
143,9,200412
143,175,200412
143,61,200412
143,140,200412
143,136,200412
143,16,200412
143,121,200412
143,32,200412
143,59,200412
143,89,200412
143,354,200412
143,183,200412
143,195,200412
143,101,200412
143,138,200412
143,170,200412
143,27,200412
143,23,200412
143,137,200412
143,188,200412
143,133,200412
143,19,200412
143,157,200412
143,69,200412
143,5,200412
143,4,200412
143,132,200412
143,83,200412
143,120,200412
143,46,200412
143,25,200412
143,36,200412
143,296,200412
143,62,200412
143,154,200412
143,112,200412
143,1,200412
143,375,200412
143,512,200412
143,196,200412
143,113,200412
143,176,200412
143,85,200412
143,18,200412
143,35,200412
143,139,200412
143,28,200412
143,107,200412
143,29,200412
143,14,200412
143,142,200412
143,60,200412
143,104,200412
143,160,200412
143,54,200412
143,51,200412
143,455,200412
143,96,200412
143,21,200412
143,730,200412
143,129,200412
143,126,200412
143,79,200412
143,57,200412
143,102,200412
143,247,200412
143,124,200412
143,339,200412
143,180,200412
143,97,200412
143,52,200412
143,165,200412
143,2,200412
143,40,200412
143,155,200412
143,281,200412
143,38,200412
143,13,200412
143,66,200412
143,39,200412
143,72,200412
143,11,200412
143,117,200412
143,111,200412
143,119,200412
143,208,200412
143,73,200412
143,146,200412
143,78,200412
143,482,200412
143,92,200412
143,48,200412
143,99,200412
143,26,200412
143,108,200412
143,135,200412
144,197,200412
144,18,200412
144,181,200412
144,61,200412
144,6,200412
144,132,200412
144,43,200412
144,77,200412
144,30,200412
144,15,200412
144,160,200412
144,433,200412
144,44,200412
144,24,200412
144,12,200412
144,80,200412
144,16,200412
144,154,200412
144,19,200412
144,32,200412
144,29,200412
145,233,200412
145,40,200412
145,54,200412
145,18,200412
145,29,200412
146,154,200412
146,274,200412
146,35,200412
146,85,200412
146,63,200412
146,27,200412
146,183,200412
146,59,200412
146,160,200412
146,77,200412
146,51,200412
146,64,200412
146,13,200412
146,58,200412
146,46,200412
146,32,200412
146,336,200412
146,19,200412
146,6,200412
146,110,200412
146,20,200412
146,433,200412
146,17,200412
146,247,200412
146,25,200412
146,11,200412
146,1,200412
146,18,200412
146,9,200412
146,60,200412
146,129,200412
146,97,200412
146,117,200412
146,29,200412
146,61,200412
146,78,200412
146,265,200412
146,45,200412
146,224,200412
146,242,200412
146,43,200412
146,124,200412
146,34,200412
146,47,200412
146,303,200412
146,143,200412
146,24,200412
146,142,200412
146,249,200412
146,266,200412
146,102,200412
146,107,200412
146,14,200412
146,188,200412
146,355,200412
146,137,200412
146,106,200412
146,153,200412
146,71,200412
146,169,200412
146,16,200412
146,237,200412
146,544,200412
146,320,200412
146,134,200412
146,197,200412
146,198,200412
146,139,200412
146,182,200412
146,2,200412
146,41,200412
146,180,200412
146,72,200412
146,80,200412
146,176,200412
146,135,200412
146,48,200412
146,95,200412
146,278,200412
146,39,200412
146,40,200412
146,101,200412
146,99,200412
146,82,200412
146,157,200412
146,108,200412
146,181,200412
146,178,200412
146,31,200412
146,860,200412
146,277,200412
146,81,200412
146,155,200412
146,76,200412
146,192,200412
146,193,200412
146,332,200412
146,120,200412
146,94,200412
146,26,200412
146,205,200412
146,208,200412
146,55,200412
146,163,200412
146,104,200412
146,140,200412
146,54,200412
146,171,200412
146,119,200412
146,15,200412
146,362,200412
146,53,200412
146,74,200412
146,38,200412
146,65,200412
146,131,200412
146,79,200412
146,113,200412
146,195,200412
146,170,200412
146,100,200412
146,126,200412
146,12,200412
146,141,200412
146,114,200412
146,132,200412
146,175,200412
146,83,200412
146,62,200412
146,66,200412
146,89,200412
146,96,200412
146,57,200412
146,75,200412
146,36,200412
146,28,200412
146,0,200412
146,52,200412
146,4,200412
146,136,200412
146,10,200412
147,372,200412
147,330,200412
147,160,200412
147,153,200412
147,68,200412
147,800,200412
147,221,200412
147,67,200412
147,169,200412
147,156,200412
147,270,200412
147,105,200412
147,10,200412
147,18,200412
147,11,200412
147,136,200412
148,17,200412
148,96,200412
148,136,200412
148,346,200412
149,85,200412
149,115,200412
149,77,200412
149,544,200412
149,25,200412
149,28,200412
149,143,200412
149,112,200412
149,24,200412
149,124,200412
149,23,200412
149,118,200412
149,108,200412
149,47,200412
149,5,200412
149,248,200412
149,6,200412
149,157,200412
149,14,200412
149,9,200412
149,133,200412
149,0,200412
149,2,200412
149,17,200412
149,165,200412
149,1,200412
149,96,200412
149,10,200412
149,92,200412
149,137,200412
149,274,200412
150,136,200412
150,107,200412
150,23,200412
150,501,200412
150,5,200412
150,51,200412
150,1,200412
150,10,200412
150,211,200412
150,22,200412
150,4,200412
150,189,200412
150,247,200412
150,137,200412
150,832,200412
150,433,200412
150,112,200412
150,111,200412
150,85,200412
150,261,200412
150,28,200412
150,34,200412
150,213,200412
150,70,200412
150,817,200412
150,183,200412
150,20,200412
150,11,200412
150,17,200412
151,165,200412
151,66,200412
151,178,200412
152,161,200412
152,341,200412
152,46,200412
152,156,200412
152,14,200412
152,39,200412
152,13,200412
152,154,200412
152,132,200412
152,19,200412
152,137,200412
152,9,200412
152,120,200412
152,175,200412
152,83,200412
152,60,200412
152,160,200412
152,25,200412
152,97,200412
153,147,200412
153,40,200412
153,146,200412
153,6,200412
153,97,200412
153,11,200412
153,29,200412
153,18,200412
153,25,200412
153,137,200412
153,136,200412
154,175,200412
154,53,200412
154,1,200412
154,143,200412
154,77,200412
154,27,200412
154,136,200412
154,24,200412
154,165,200412
154,163,200412
154,339,200412
154,160,200412
154,138,200412
154,16,200412
154,29,200412
154,38,200412
154,433,200412
154,93,200412
154,213,200412
154,23,200412
154,146,200412
154,157,200412
154,12,200412
154,9,200412
154,156,200412
154,228,200412
154,43,200412
154,19,200412
154,6,200412
154,107,200412
154,14,200412
154,133,200412
154,2,200412
154,115,200412
154,64,200412
154,120,200412
154,234,200412
154,114,200412
154,71,200412
154,79,200412
154,223,200412
154,134,200412
154,74,200412
154,73,200412
154,112,200412
154,265,200412
154,126,200412
154,183,200412
154,28,200412
154,46,200412
154,98,200412
154,76,200412
154,327,200412
154,17,200412
154,155,200412
154,180,200412
154,62,200412
154,99,200412
154,30,200412
154,149,200412
154,11,200412
154,26,200412
154,121,200412
154,108,200412
154,960,200412
154,4,200412
154,355,200412
154,1580,200412
154,113,200412
154,503,200412
154,34,200412
154,60,200412
154,0,200412
154,83,200412
154,54,200412
154,52,200412
154,888,200412
154,198,200412
154,1482,200412
154,193,200412
154,394,200412
154,31,200412
154,85,200412
154,379,200412
154,251,200412
154,18,200412
154,129,200412
154,97,200412
154,375,200412
154,522,200412
154,131,200412
154,81,200412
154,296,200412
154,5,200412
154,388,200412
154,275,200412
154,544,200412
154,104,200412
154,269,200412
154,159,200412
154,59,200412
154,15,200412
154,80,200412
154,13,200412
154,314,200412
154,10,200412
154,139,200412
154,32,200412
154,267,200412
154,25,200412
154,96,200412
154,100,200412
154,132,200412
154,48,200412
154,20,200412
154,40,200412
154,72,200412
154,124,200412
154,35,200412
154,92,200412
154,135,200412
154,137,200412
155,117,200412
155,126,200412
155,99,200412
155,120,200412
155,143,200412
155,6,200412
155,433,200412
155,142,200412
155,83,200412
155,137,200412
155,81,200412
155,132,200412
155,13,200412
155,160,200412
155,19,200412
155,77,200412
155,135,200412
155,23,200412
155,131,200412
155,114,200412
155,14,200412
155,0,200412
155,29,200412
155,2,200412
155,320,200412
155,1,200412
155,82,200412
155,54,200412
155,61,200412
155,35,200412
155,48,200412
155,45,200412
155,27,200412
155,78,200412
155,107,200412
155,85,200412
155,18,200412
155,11,200412
155,76,200412
155,136,200412
155,157,200412
155,112,200412
155,22,200412
155,134,200412
155,60,200412
155,97,200412
155,4,200412
155,20,200412
155,25,200412
155,156,200412
155,149,200412
155,5,200412
155,55,200412
155,133,200412
155,40,200412
155,180,200412
155,38,200412
155,195,200412
155,17,200412
155,108,200412
155,36,200412
155,26,200412
155,28,200412
155,92,200412
155,64,200412
155,146,200412
155,31,200412
155,16,200412
155,10,200412
155,32,200412
155,46,200412
156,433,200412
156,80,200412
156,769,200412
156,83,200412
156,19,200412
156,163,200412
156,34,200412
156,54,200412
156,6,200412
156,36,200412
156,22,200412
156,24,200412
156,40,200412
156,32,200412
156,99,200412
156,1,200412
156,14,200412
156,35,200412
156,137,200412
156,18,200412
156,160,200412
156,48,200412
156,25,200412
156,108,200412
156,97,200412
156,60,200412
156,46,200412
157,118,200412
157,0,200412
157,188,200412
157,124,200412
157,274,200412
157,143,200412
157,512,200412
157,339,200412
157,48,200412
157,433,200412
157,137,200412
157,13,200412
157,101,200412
157,47,200412
157,6,200412
157,134,200412
157,83,200412
157,27,200412
157,40,200412
157,52,200412
157,120,200412
157,31,200412
157,28,200412
157,32,200412
157,1,200412
157,160,200412
157,146,200412
157,60,200412
157,46,200412
157,14,200412
157,135,200412
157,25,200412
157,97,200412
157,92,200412
158,97,200412
158,46,200412
159,160,200412
159,77,200412
159,24,200412
159,422,200412
159,154,200412
159,29,200412
159,18,200412
159,137,200412
159,10,200412
159,97,200412
160,5,200412
160,433,200412
160,194,200412
160,96,200412
160,180,200412
160,97,200412
160,234,200412
160,10,200412
160,17,200412
160,143,200412
160,13,200412
160,108,200412
160,38,200412
160,216,200412
160,72,200412
160,181,200412
160,155,200412
160,1,200412
160,95,200412
160,100,200412
160,59,200412
160,60,200412
160,78,200412
160,19,200412
160,154,200412
160,70,200412
160,40,200412
160,52,200412
160,23,200412
160,144,200412
160,28,200412
160,170,200412
160,64,200412
160,69,200412
160,41,200412
160,112,200412
160,134,200412
160,16,200412
160,46,200412
160,132,200412
160,51,200412
160,224,200412
160,84,200412
160,138,200412
160,197,200412
160,34,200412
160,133,200412
160,176,200412
160,188,200412
160,80,200412
160,12,200412
160,110,200412
160,104,200412
160,146,200412
160,131,200412
160,9,200412
160,39,200412
160,2,200412
160,18,200412
160,62,200412
160,0,200412
160,11,200412
160,281,200412
160,15,200412
160,512,200412
160,118,200412
160,137,200412
160,77,200412
160,117,200412
160,35,200412
160,29,200412
160,107,200412
160,136,200412
160,196,200412
160,120,200412
160,14,200412
160,115,200412
160,45,200412
160,21,200412
160,113,200412
160,101,200412
160,31,200412
160,36,200412
160,129,200412
160,4,200412
160,57,200412
160,183,200412
160,139,200412
160,6,200412
160,195,200412
160,85,200412
160,53,200412
160,32,200412
160,102,200412
160,24,200412
160,126,200412
160,142,200412
160,89,200412
160,61,200412
160,140,200412
160,453,200412
160,93,200412
160,165,200412
160,20,200412
160,460,200412
160,159,200412
160,147,200412
160,175,200412
160,76,200412
160,54,200412
160,30,200412
160,22,200412
160,55,200412
160,48,200412
160,83,200412
160,25,200412
160,79,200412
160,374,200412
160,43,200412
160,27,200412
160,121,200412
160,116,200412
160,149,200412
160,261,200412
160,262,200412
160,92,200412
160,739,200412
160,81,200412
160,233,200412
160,141,200412
160,94,200412
160,88,200412
160,710,200412
160,75,200412
160,288,200412
160,266,200412
160,544,200412
160,58,200412
160,935,200412
160,98,200412
160,152,200412
160,65,200412
160,303,200412
160,318,200412
160,156,200412
160,871,200412
160,157,200412
160,73,200412
160,161,200412
160,543,200412
160,198,200412
160,135,200412
160,163,200412
160,379,200412
160,393,200412
160,249,200412
160,309,200412
160,250,200412
160,355,200412
160,341,200412
160,124,200412
160,99,200412
160,26,200412
161,27,200412
161,54,200412
161,143,200412
161,339,200412
161,165,200412
161,72,200412
161,101,200412
161,21,200412
161,35,200412
161,99,200412
161,157,200412
161,135,200412
161,83,200412
161,0,200412
161,28,200412
161,81,200412
161,13,200412
161,19,200412
161,100,200412
161,53,200412
161,14,200412
161,60,200412
161,26,200412
161,248,200412
161,160,200412
161,25,200412
161,137,200412
163,269,200412
163,180,200412
163,61,200412
163,433,200412
163,55,200412
163,134,200412
163,205,200412
163,171,200412
163,38,200412
163,73,200412
163,75,200412
163,125,200412
163,206,200412
163,544,200412
163,83,200412
163,100,200412
163,60,200412
163,29,200412
163,32,200412
163,136,200412
163,160,200412
163,146,200412
163,135,200412
163,18,200412
163,97,200412
164,223,200412
164,84,200412
164,70,200412
164,170,200412
164,88,200412
164,51,200412
164,83,200412
164,197,200412
164,2,200412
164,41,200412
164,25,200412
164,105,200412
164,294,200412
164,336,200412
164,224,200412
164,183,200412
164,30,200412
164,136,200412
164,4,200412
164,18,200412
164,11,200412
165,96,200412
165,9,200412
165,282,200412
165,31,200412
165,138,200412
165,143,200412
165,160,200412
165,213,200412
165,161,200412
165,175,200412
165,124,200412
165,339,200412
165,156,200412
165,112,200412
165,1,200412
165,115,200412
165,81,200412
165,460,200412
165,24,200412
165,17,200412
165,27,200412
165,154,200412
165,97,200412
165,62,200412
165,552,200412
165,433,200412
165,34,200412
165,85,200412
165,58,200412
165,5,200412
165,100,200412
165,59,200412
165,101,200412
165,22,200412
165,879,200412
165,14,200412
165,393,200412
165,121,200412
165,23,200412
165,120,200412
165,157,200412
165,150,200412
165,69,200412
165,180,200412
165,89,200412
165,21,200412
165,155,200412
165,248,200412
165,77,200412
165,12,200412
165,346,200412
165,0,200412
165,4,200412
165,107,200412
165,25,200412
165,26,200412
165,262,200412
165,135,200412
165,133,200412
165,51,200412
165,149,200412
165,10,200412
165,28,200412
165,136,200412
165,137,200412
165,29,200412
165,92,200412
165,2,200412
165,274,200412
166,891,200412
166,136,200412
167,97,200412
167,83,200412
167,126,200412
167,45,200412
168,203,200412
169,147,200412
169,330,200412
169,16,200412
169,53,200412
169,113,200412
169,26,200412
169,146,200412
169,97,200412
169,137,200412
169,136,200412
169,18,200412
169,29,200412
169,11,200412
170,14,200412
170,143,200412
170,16,200412
170,19,200412
170,242,200412
170,138,200412
170,23,200412
170,135,200412
170,176,200412
170,123,200412
170,157,200412
170,0,200412
170,31,200412
170,276,200412
170,99,200412
170,64,200412
170,18,200412
170,54,200412
170,29,200412
170,32,200412
170,10,200412
170,146,200412
171,890,200412
171,61,200412
171,120,200412
171,88,200412
171,195,200412
171,101,200412
171,117,200412
171,132,200412
171,6,200412
171,137,200412
171,66,200412
171,99,200412
171,18,200412
171,29,200412
171,32,200412
171,146,200412
172,129,200412
172,146,200412
172,99,200412
172,108,200412
172,173,200412
172,18,200412
172,6,200412
172,77,200412
172,26,200412
172,154,200412
172,1082,200412
172,14,200412
172,29,200412
172,64,200412
172,13,200412
172,19,200412
172,59,200412
172,46,200412
172,35,200412
172,97,200412
173,60,200412
173,129,200412
173,52,200412
173,240,200412
173,108,200412
173,46,200412
173,1129,200412
173,172,200412
173,35,200412
174,155,200412
174,114,200412
174,413,200412
174,180,200412
174,134,200412
174,18,200412
175,165,200412
175,13,200412
175,23,200412
175,18,200412
175,25,200412
175,48,200412
175,83,200412
175,154,200412
175,117,200412
175,160,200412
175,143,200412
175,247,200412
175,271,200412
175,28,200412
175,136,200412
175,164,200412
175,24,200412
175,17,200412
175,107,200412
175,6,200412
175,274,200412
175,138,200412
175,27,200412
175,16,200412
175,60,200412
175,112,200412
175,19,200412
175,339,200412
175,137,200412
175,1,200412
175,97,200412
175,93,200412
175,46,200412
175,51,200412
175,31,200412
175,66,200412
175,205,200412
175,129,200412
175,152,200412
175,248,200412
175,10,200412
175,266,200412
175,135,200412
175,32,200412
175,29,200412
175,146,200412
176,77,200412
176,6,200412
176,387,200412
176,160,200412
176,182,200412
176,180,200412
176,143,200412
176,14,200412
176,24,200412
176,79,200412
176,64,200412
176,453,200412
176,131,200412
176,19,200412
176,433,200412
176,129,200412
176,80,200412
176,233,200412
176,81,200412
176,170,200412
176,188,200412
176,171,200412
176,25,200412
176,18,200412
176,9,200412
176,137,200412
176,97,200412
176,393,200412
176,35,200412
176,60,200412
176,32,200412
176,13,200412
176,29,200412
176,46,200412
176,266,200412
176,16,200412
176,146,200412
176,40,200412
177,69,200412
177,27,200412
177,96,200412
177,872,200412
177,311,200412
177,70,200412
177,51,200412
177,105,200412
177,49,200412
177,4,200412
177,136,200412
177,11,200412
178,126,200412
178,17,200412
178,342,200412
178,117,200412
178,134,200412
178,36,200412
178,83,200412
178,13,200412
178,180,200412
178,10,200412
178,16,200412
178,102,200412
178,142,200412
178,129,200412
178,151,200412
178,75,200412
178,316,200412
178,40,200412
178,76,200412
178,146,200412
178,32,200412
178,320,200412
178,108,200412
178,139,200412
178,60,200412
178,48,200412
180,742,200412
180,52,200412
180,155,200412
180,143,200412
180,126,200412
180,206,200412
180,16,200412
180,142,200412
180,19,200412
180,31,200412
180,766,200412
180,433,200412
180,6,200412
180,55,200412
180,4,200412
180,102,200412
180,24,200412
180,160,200412
180,117,200412
180,13,200412
180,176,200412
180,139,200412
180,29,200412
180,101,200412
180,23,200412
180,135,200412
180,18,200412
180,132,200412
180,125,200412
180,137,200412
180,182,200412
180,96,200412
180,17,200412
180,181,200412
180,2,200412
180,0,200412
180,896,200412
180,53,200412
180,119,200412
180,12,200412
180,77,200412
180,35,200412
180,54,200412
180,80,200412
180,108,200412
180,99,200412
180,57,200412
180,11,200412
180,14,200412
180,9,200412
180,154,200412
180,100,200412
180,208,200412
180,79,200412
180,97,200412
180,178,200412
180,83,200412
180,27,200412
180,1,200412
180,114,200412
180,36,200412
180,92,200412
180,60,200412
180,40,200412
180,134,200412
180,32,200412
180,26,200412
180,64,200412
180,146,200412
180,10,200412
180,46,200412
181,270,200412
181,143,200412
181,453,200412
181,131,200412
181,433,200412
181,429,200412
181,77,200412
181,117,200412
181,32,200412
181,16,200412
181,890,200412
181,401,200412
181,80,200412
181,154,200412
181,160,200412
181,97,200412
181,54,200412
181,234,200412
181,118,200412
181,265,200412
181,29,200412
181,76,200412
181,208,200412
181,99,200412
181,137,200412
181,23,200412
181,132,200412
181,19,200412
181,112,200412
181,102,200412
181,51,200412
181,27,200412
181,31,200412
181,28,200412
181,18,200412
181,48,200412
181,13,200412
181,46,200412
181,107,200412
181,6,200412
181,146,200412
181,25,200412
181,108,200412
181,60,200412
181,135,200412
182,176,200412
182,6,200412
182,99,200412
182,180,200412
182,16,200412
182,19,200412
182,97,200412
182,64,200412
182,146,200412
182,29,200412
182,40,200412
183,120,200412
183,20,200412
183,69,200412
183,11,200412
183,23,200412
183,147,200412
183,501,200412
183,51,200412
183,17,200412
183,5,200412
183,160,200412
183,143,200412
183,132,200412
183,433,200412
183,12,200412
183,268,200412
183,301,200412
183,180,200412
183,77,200412
183,108,200412
183,88,200412
183,32,200412
183,227,200412
183,181,200412
183,40,200412
183,64,200412
183,2,200412
183,81,200412
183,131,200412
183,165,200412
183,60,200412
183,787,200412
183,9,200412
183,1,200412
183,150,200412
183,28,200412
183,22,200412
183,164,200412
183,30,200412
183,133,200412
183,192,200412
183,228,200412
183,112,200412
183,317,200412
183,21,200412
183,25,200412
183,105,200412
183,136,200412
183,29,200412
183,107,200412
183,4,200412
183,10,200412
183,18,200412
184,51,200412
184,798,200412
184,215,200412
184,34,200412
184,28,200412
184,261,200412
184,112,200412
184,33,200412
184,10,200412
184,136,200412
184,1,200412
184,4,200412
184,17,200412
184,20,200412
185,474,200412
185,110,200412
185,186,200412
185,558,200412
185,525,200412
185,235,200412
185,642,200412
185,200,200412
185,555,200412
185,1042,200412
185,630,200412
185,947,200412
185,656,200412
185,937,200412
185,657,200412
185,665,200412
185,232,200412
185,559,200412
185,997,200412
185,190,200412
185,922,200412
185,926,200412
185,191,200412
185,697,200412
185,1016,200412
185,698,200412
186,185,200412
186,290,200412
186,556,200412
186,473,200412
186,525,200412
186,559,200412
186,232,200412
186,561,200412
186,230,200412
186,591,200412
186,560,200412
186,555,200412
186,110,200412
186,947,200412
186,474,200412
186,558,200412
186,808,200412
186,698,200412
186,620,200412
186,571,200412
186,1019,200412
186,697,200412
186,200,200412
186,1011,200412
186,665,200412
186,1016,200412
186,922,200412
187,500,200412
187,143,200412
187,66,200412
188,18,200412
188,160,200412
188,81,200412
188,552,200412
188,433,200412
188,401,200412
188,36,200412
188,9,200412
188,327,200412
188,143,200412
188,335,200412
188,124,200412
188,80,200412
188,24,200412
188,54,200412
188,46,200412
188,132,200412
188,146,200412
188,97,200412
188,32,200412
188,137,200412
188,25,200412
189,150,200412
189,21,200412
189,23,200412
189,84,200412
189,213,200412
189,17,200412
189,132,200412
189,739,200412
189,11,200412
189,53,200412
189,371,200412
189,2,200412
189,112,200412
189,51,200412
189,137,200412
189,4,200412
189,10,200412
189,136,200412
189,1,200412
189,20,200412
190,235,200412
190,110,200412
190,696,200412
190,186,200412
190,185,200412
190,201,200412
190,920,200412
190,1183,200412
190,897,200412
191,185,200412
191,110,200412
192,482,200412
192,64,200412
192,224,200412
192,29,200412
192,39,200412
192,132,200412
192,57,200412
192,81,200412
192,19,200412
192,26,200412
192,146,200412
192,46,200412
192,97,200412
193,124,200412
193,216,200412
193,64,200412
193,482,200412
193,154,200412
193,32,200412
193,146,200412
193,29,200412
194,35,200412
194,146,200412
194,76,200412
194,52,200412
194,160,200412
194,81,200412
194,77,200412
194,137,200412
194,129,200412
194,16,200412
194,59,200412
194,6,200412
195,138,200412
195,160,200412
195,24,200412
195,433,200412
195,143,200412
195,134,200412
195,40,200412
195,52,200412
195,175,200412
195,180,200412
195,19,200412
195,6,200412
195,62,200412
195,65,200412
195,12,200412
195,9,200412
195,32,200412
195,146,200412
195,29,200412
195,64,200412
196,471,200412
196,595,200412
196,547,200412
196,225,200412
196,412,200412
196,506,200412
196,551,200412
196,578,200412
196,367,200412
196,365,200412
196,470,200412
196,231,200412
196,110,200412
196,377,200412
196,554,200412
196,528,200412
196,425,200412
196,352,200412
196,363,200412
196,378,200412
196,364,200412
196,1060,200412
196,532,200412
196,366,200412
196,472,200412
196,489,200412
196,956,200412
196,29,200412
196,447,200412
196,841,200412
196,667,200412
196,424,200412
196,448,200412
196,351,200412
196,622,200412
196,475,200412
196,504,200412
196,418,200412
196,705,200412
196,681,200412
196,451,200412
196,400,200412
196,479,200412
196,409,200412
196,535,200412
196,113,200412
196,516,200412
196,678,200412
196,625,200412
196,526,200412
196,236,200412
196,626,200412
196,1134,200412
196,402,200412
196,5,200412
196,127,200412
196,427,200412
196,99,200412
196,109,200412
196,478,200412
196,4,200412
197,433,200412
197,545,200412
197,38,200412
197,181,200412
197,329,200412
197,77,200412
197,160,200412
197,380,200412
197,141,200412
197,65,200412
197,362,200412
197,440,200412
197,140,200412
197,131,200412
197,57,200412
197,13,200412
197,19,200412
197,76,200412
197,97,200412
197,27,200412
197,154,200412
197,6,200412
197,18,200412
197,35,200412
197,48,200412
197,146,200412
197,16,200412
197,54,200412
197,32,200412
197,108,200412
197,60,200412
197,135,200412
198,118,200412
198,216,200412
198,170,200412
198,114,200412
198,248,200412
198,154,200412
198,46,200412
198,146,200412
198,160,200412
198,32,200412
198,97,200412
198,29,200412
199,750,200412
200,656,200412
200,657,200412
200,922,200412
200,110,200412
200,185,200412
200,697,200412
200,993,200412
200,186,200412
200,937,200412
200,698,200412
201,937,200412
201,190,200412
201,110,200412
201,897,200412
201,235,200412
203,87,200412
203,89,200412
203,291,200412
203,168,200412
204,17,200412
204,756,200412
204,213,200412
204,115,200412
204,96,200412
205,40,200412
205,270,200412
205,163,200412
205,66,200412
205,115,200412
205,19,200412
205,146,200412
205,64,200412
205,32,200412
206,6,200412
206,180,200412
206,117,200412
206,126,200412
206,269,200412
206,198,200412
206,72,200412
206,77,200412
206,16,200412
206,19,200412
206,32,200412
207,4,200412
207,136,200412
208,32,200412
208,40,200412
208,176,200412
208,742,200412
208,74,200412
208,131,200412
208,739,200412
208,132,200412
208,18,200412
208,896,200412
208,17,200412
208,24,200412
208,112,200412
208,61,200412
208,125,200412
208,180,200412
208,83,200412
208,81,200412
208,13,200412
208,19,200412
208,14,200412
208,117,200412
208,99,200412
208,64,200412
208,16,200412
208,146,200412
208,97,200412
208,29,200412
209,1,200412
210,796,200412
210,826,200412
210,1057,200412
210,750,200412
211,5,200412
211,150,200412
211,315,200412
211,23,200412
211,96,200412
211,76,200412
211,38,200412
211,70,200412
211,261,200412
211,53,200412
211,28,200412
211,20,200412
211,25,200412
211,17,200412
211,1,200412
212,87,200412
212,2235,200412
212,2112,200412
212,89,200412
213,177,200412
213,94,200412
213,165,200412
213,28,200412
213,30,200412
213,19,200412
213,11,200412
213,427,200412
213,127,200412
213,2,200412
213,181,200412
213,22,200412
213,208,200412
213,23,200412
213,99,200412
213,83,200412
213,265,200412
213,150,200412
213,20,200412
213,109,200412
213,69,200412
213,183,200412
213,10,200412
213,112,200412
213,21,200412
213,29,200412
213,25,200412
213,17,200412
213,18,200412
213,51,200412
213,136,200412
213,97,200412
213,1,200412
213,137,200412
213,4,200412
214,51,200412
214,261,200412
214,20,200412
214,4,200412
215,51,200412
215,184,200412
216,495,200412
216,198,200412
216,193,200412
216,101,200412
216,137,200412
216,25,200412
216,160,200412
216,97,200412
217,129,200412
220,115,200412
220,326,200412
220,25,200412
220,137,200412
221,147,200412
221,136,200412
222,4,200412
222,747,200412
222,810,200412
222,748,200412
222,248,200412
222,10,200412
223,34,200412
223,84,200412
223,70,200412
223,164,200412
223,132,200412
223,15,200412
223,143,200412
223,133,200412
223,46,200412
223,40,200412
223,3,200412
223,10,200412
223,105,200412
223,88,200412
223,30,200412
223,69,200412
223,1,200412
223,4,200412
223,18,200412
223,11,200412
224,78,200412
224,160,200412
224,101,200412
224,250,200412
224,58,200412
224,39,200412
224,143,200412
224,433,200412
224,41,200412
224,132,200412
224,341,200412
224,30,200412
224,12,200412
224,730,200412
224,84,200412
224,125,200412
224,99,200412
224,46,200412
224,29,200412
224,146,200412
224,97,200412
225,471,200412
225,472,200412
225,475,200412
225,378,200412
225,470,200412
225,110,200412
225,196,200412
225,412,200412
225,594,200412
225,377,200412
225,489,200412
225,494,200412
225,226,200412
225,352,200412
225,589,200412
225,596,200412
225,679,200412
225,229,200412
225,351,200412
225,532,200412
226,586,200412
226,196,200412
226,527,200412
226,604,200412
226,229,200412
226,110,200412
226,590,200412
226,319,200412
226,465,200412
226,573,200412
226,351,200412
226,589,200412
226,231,200412
226,574,200412
226,225,200412
226,572,200412
227,11,200412
227,20,200412
227,105,200412
227,136,200412
227,183,200412
227,17,200412
227,5,200412
227,4,200412
227,268,200412
228,227,200412
228,11,200412
228,248,200412
228,169,200412
228,183,200412
228,105,200412
228,51,200412
229,637,200412
229,110,200412
229,663,200412
229,226,200412
229,669,200412
229,824,200412
229,596,200412
229,1004,200412
229,642,200412
229,709,200412
229,925,200412
229,351,200412
229,225,200412
230,640,200412
230,639,200412
230,634,200412
230,641,200412
230,594,200412
230,474,200412
230,110,200412
230,600,200412
230,232,200412
230,638,200412
230,642,200412
230,635,200412
230,596,200412
230,636,200412
230,254,200412
230,239,200412
230,818,200412
230,252,200412
230,231,200412
231,575,200412
231,643,200412
231,110,200412
231,230,200412
231,559,200412
231,602,200412
231,644,200412
231,465,200412
231,605,200412
231,594,200412
231,576,200412
231,226,200412
231,319,200412
231,603,200412
231,659,200412
231,527,200412
231,599,200412
231,196,200412
231,232,200412
231,639,200412
232,639,200412
232,599,200412
232,263,200412
232,576,200412
232,255,200412
232,603,200412
232,306,200412
232,236,200412
232,273,200412
232,670,200412
232,598,200412
232,109,200412
232,661,200412
232,185,200412
232,252,200412
232,258,200412
232,644,200412
232,196,200412
232,226,200412
232,260,200412
232,808,200412
232,645,200412
232,664,200412
232,128,200412
232,186,200412
232,230,200412
232,231,200412
232,700,200412
232,239,200412
232,591,200412
232,256,200412
232,602,200412
232,257,200412
232,658,200412
232,253,200412
232,634,200412
232,259,200412
232,624,200412
232,235,200412
232,254,200412
232,110,200412
232,659,200412
232,597,200412
232,601,200412
232,352,200412
232,290,200412
232,427,200412
232,605,200412
232,319,200412
232,594,200412
232,571,200412
232,642,200412
232,560,200412
232,596,200412
232,575,200412
232,635,200412
232,600,200412
232,643,200412
232,527,200412
232,465,200412
233,144,200412
233,29,200412
233,132,200412
233,234,200412
233,62,200412
233,160,200412
233,145,200412
233,163,200412
233,38,200412
233,45,200412
233,16,200412
233,54,200412
233,97,200412
233,346,200412
233,32,200412
233,18,200412
234,61,200412
234,18,200412
234,154,200412
234,122,200412
234,738,200412
234,802,200412
234,29,200412
234,160,200412
234,15,200412
234,181,200412
234,762,200412
234,123,200412
234,12,200412
234,144,200412
234,132,200412
234,117,200412
234,9,200412
234,27,200412
234,104,200412
234,248,200412
235,110,200412
235,190,200412
235,185,200412
235,1081,200412
235,867,200412
235,191,200412
235,201,200412
235,897,200412
235,1056,200412
235,1381,200412
236,627,200412
236,841,200412
236,110,200412
236,525,200412
237,27,200412
237,57,200412
237,142,200412
237,119,200412
237,183,200412
237,362,200412
237,62,200412
237,342,200412
237,132,200412
237,83,200412
237,77,200412
237,18,200412
237,146,200412
237,25,200412
237,6,200412
237,32,200412
237,46,200412
237,97,200412
238,51,200412
238,86,200412
238,4,200412
238,11,200412
239,273,200412
239,252,200412
239,254,200412
239,258,200412
239,257,200412
239,634,200412
239,253,200412
239,232,200412
241,45,200412
241,59,200412
241,29,200412
241,1045,200412
241,6,200412
241,675,200412
242,890,200412
242,24,200412
242,142,200412
242,16,200412
242,143,200412
242,46,200412
242,99,200412
242,57,200412
242,13,200412
242,26,200412
242,38,200412
242,31,200412
242,54,200412
242,1587,200412
242,18,200412
242,32,200412
242,29,200412
243,89,200412
243,13,200412
243,90,200412
243,5,200412
243,7,200412
243,8,200412
243,17,200412
243,20,200412
244,248,200412
244,137,200412
245,17,200412
245,110,200412
245,23,200412
245,645,200412
245,29,200412
245,279,200412
245,501,200412
245,457,200412
247,17,200412
247,175,200412
247,137,200412
247,69,200412
247,127,200412
247,51,200412
247,138,200412
247,6,200412
247,19,200412
247,39,200412
247,20,200412
247,143,200412
247,433,200412
247,4,200412
247,146,200412
247,132,200412
247,23,200412
247,150,200412
247,154,200412
247,1439,200412
247,747,200412
247,110,200412
247,11,200412
247,136,200412
247,97,200412
247,21,200412
247,2,200412
247,1,200412
247,165,200412
247,748,200412
247,843,200412
248,15,200412
248,77,200412
248,116,200412
248,115,200412
248,68,200412
248,33,200412
248,330,200412
248,66,200412
248,149,200412
248,223,200412
248,244,200412
248,104,200412
248,137,200412
248,384,200412
248,372,200412
248,863,200412
248,292,200412
248,122,200412
248,34,200412
248,138,200412
248,843,200412
248,161,200412
248,62,200412
248,4,200412
248,50,200412
248,72,200412
248,132,200412
248,267,200412
248,443,200412
248,265,200412
248,333,200412
248,175,200412
248,29,200412
248,234,200412
248,47,200412
248,85,200412
248,222,200412
248,326,200412
248,358,200412
248,198,200412
248,51,200412
248,107,200412
248,11,200412
249,40,200412
249,355,200412
249,146,200412
249,60,200412
249,108,200412
249,160,200412
249,97,200412
250,76,200412
250,9,200412
250,20,200412
250,137,200412
250,46,200412
250,160,200412
250,97,200412
251,154,200412
252,232,200412
252,253,200412
252,260,200412
252,239,200412
252,258,200412
252,254,200412
252,255,200412
252,259,200412
253,232,200412
253,254,200412
254,232,200412
254,659,200412
254,239,200412
254,253,200412
254,252,200412
254,634,200412
254,600,200412
255,232,200412
255,560,200412
255,186,200412
255,257,200412
255,602,200412
255,252,200412
255,259,200412
256,232,200412
256,597,200412
256,263,200412
256,254,200412
256,601,200412
257,602,200412
257,232,200412
257,255,200412
257,591,200412
258,260,200412
258,239,200412
258,232,200412
259,232,200412
259,602,200412
259,255,200412
259,601,200412
259,252,200412
260,232,200412
260,263,200412
260,258,200412
260,259,200412
260,659,200412
261,5,200412
261,21,200412
261,213,200412
261,761,200412
261,150,200412
261,184,200412
261,493,200412
261,10,200412
261,165,200412
261,61,200412
261,189,200412
261,22,200412
261,2,200412
261,346,200412
261,1,200412
261,17,200412
261,20,200412
262,9,200412
262,25,200412
262,160,200412
262,165,200412
263,232,200412
263,256,200412
263,260,200412
263,258,200412
263,601,200412
263,253,200412
264,274,200412
264,9,200412
265,132,200412
265,61,200412
265,143,200412
265,69,200412
265,18,200412
265,144,200412
265,433,200412
265,30,200412
265,146,200412
265,9,200412
265,137,200412
265,154,200412
265,23,200412
265,29,200412
265,60,200412
265,32,200412
265,31,200412
265,10,200412
265,248,200412
265,99,200412
265,1,200412
265,346,200412
265,136,200412
266,15,200412
266,482,200412
266,14,200412
266,97,200412
266,160,200412
266,146,200412
266,6,200412
266,19,200412
266,193,200412
266,13,200412
266,129,200412
266,710,200412
266,176,200412
266,175,200412
266,138,200412
266,126,200412
267,248,200412
267,135,200412
267,154,200412
267,29,200412
268,11,200412
268,227,200412
268,5,200412
268,17,200412
268,4,200412
269,132,200412
269,513,200412
269,433,200412
269,163,200412
269,15,200412
269,205,200412
269,137,200412
269,154,200412
269,32,200412
269,60,200412
269,29,200412
269,97,200412
270,181,200412
270,125,200412
270,242,200412
270,62,200412
270,74,200412
270,80,200412
270,143,200412
270,31,200412
270,276,200412
270,29,200412
270,18,200412
270,32,200412
271,34,200412
271,18,200412
273,232,200412
273,260,200412
273,659,200412
273,239,200412
274,433,200412
274,136,200412
274,154,200412
274,146,200412
274,77,200412
274,25,200412
274,140,200412
274,2,200412
274,98,200412
274,335,200412
274,11,200412
274,0,200412
274,160,200412
274,247,200412
274,97,200412
274,18,200412
274,6,200412
274,64,200412
274,17,200412
274,28,200412
274,47,200412
274,93,200412
274,9,200412
274,149,200412
274,72,200412
274,124,200412
274,165,200412
274,116,200412
274,115,200412
274,96,200412
274,85,200412
274,92,200412
275,154,200412
276,814,200412
276,62,200412
276,54,200412
276,24,200412
276,75,200412
276,163,200412
276,170,200412
276,74,200412
276,131,200412
276,270,200412
276,29,200412
276,32,200412
277,146,200412
277,19,200412
278,76,200412
278,157,200412
278,813,200412
278,117,200412
278,16,200412
278,342,200412
278,99,200412
278,6,200412
278,83,200412
278,46,200412
278,29,200412
278,146,200412
278,26,200412
278,97,200412
279,280,200412
279,20,200412
279,245,200412
280,279,200412
281,19,200412
281,137,200412
281,175,200412
281,501,200412
281,63,200412
281,77,200412
281,23,200412
281,160,200412
281,24,200412
281,6,200412
281,4,200412
281,59,200412
281,143,200412
281,51,200412
281,18,200412
281,138,200412
281,384,200412
281,2,200412
281,320,200412
282,137,200412
282,27,200412
282,188,200412
282,24,200412
282,54,200412
282,16,200412
282,978,200412
282,1337,200412
282,339,200412
282,143,200412
282,146,200412
282,175,200412
282,38,200412
282,154,200412
282,72,200412
282,384,200412
282,17,200412
283,26,200412
284,129,200412
285,294,200412
285,167,200412
285,739,200412
286,77,200412
286,100,200412
287,46,200412
288,482,200412
288,83,200412
289,134,200412
289,114,200412
289,13,200412
290,808,200412
290,110,200412
291,203,200412
291,87,200412
292,248,200412
292,29,200412
293,52,200412
294,433,200412
294,103,200412
294,170,200412
294,739,200412
294,285,200412
294,164,200412
295,51,200412
296,143,200412
296,138,200412
296,154,200412
297,313,200412
297,102,200412
297,349,200412
297,26,200412
297,1674,200412
297,13,200412
298,432,200412
298,18,200412
299,130,200412
299,96,200412
299,941,200412
299,1,200412
299,136,200412
300,4,200412
301,764,200412
301,72,200412
301,317,200412
301,4,200412
303,10,200412
303,156,200412
303,43,200412
303,208,200412
303,1,200412
303,160,200412
303,17,200412
303,18,200412
303,136,200412
304,140,200412
304,66,200412
304,83,200412
305,684,200412
305,110,200412
305,830,200412
305,633,200412
305,109,200412
305,4,200412
306,109,200412
306,110,200412
306,664,200412
306,670,200412
306,128,200412
306,427,200412
306,4,200412
307,19,200412
307,16,200412
307,97,200412
307,137,200412
307,136,200412
307,25,200412
309,250,200412
309,76,200412
309,160,200412
309,137,200412
311,872,200412
311,3,200412
311,50,200412
311,69,200412
311,4,200412
313,297,200412
313,13,200412
313,26,200412
313,349,200412
314,433,200412
314,12,200412
314,160,200412
314,96,200412
314,154,200412
315,20,200412
316,282,200412
316,16,200412
316,178,200412
317,872,200412
317,69,200412
317,228,200412
317,105,200412
317,301,200412
317,183,200412
317,4,200412
318,187,200412
318,282,200412
318,354,200412
318,160,200412
319,110,200412
319,576,200412
319,263,200412
319,664,200412
319,226,200412
319,575,200412
319,527,200412
319,231,200412
319,603,200412
319,643,200412
319,644,200412
319,465,200412
319,232,200412
320,46,200412
320,39,200412
320,59,200412
320,730,200412
320,126,200412
320,1,200412
320,120,200412
320,40,200412
320,0,200412
320,26,200412
320,102,200412
320,142,200412
320,81,200412
320,20,200412
320,29,200412
320,64,200412
320,137,200412
320,13,200412
320,97,200412
320,146,200412
320,281,200412
320,14,200412
320,32,200412
320,99,200412
320,6,200412
320,48,200412
320,178,200412
322,785,200412
323,89,200412
323,8,200412
326,137,200412
326,25,200412
327,143,200412
327,151,200412
327,137,200412
327,9,200412
327,213,200412
327,27,200412
327,101,200412
327,124,200412
327,46,200412
327,83,200412
327,25,200412
330,358,200412
330,147,200412
330,68,200412
330,248,200412
330,136,200412
330,11,200412
332,269,200412
332,32,200412
332,77,200412
332,146,200412
332,64,200412
332,19,200412
333,390,200412
333,97,200412
333,205,200412
333,73,200412
333,40,200412
333,248,200412
333,140,200412
333,75,200412
333,25,200412
333,137,200412
334,178,200412
335,25,200412
335,157,200412
335,27,200412
335,161,200412
335,433,200412
335,124,200412
335,188,200412
335,24,200412
335,85,200412
335,2,200412
335,47,200412
335,154,200412
335,64,200412
335,274,200412
336,483,200412
336,136,200412
336,25,200412
336,137,200412
338,45,200412
338,19,200412
338,26,200412
339,24,200412
339,140,200412
339,25,200412
339,2,200412
339,354,200412
339,27,200412
339,93,200412
339,6,200412
339,401,200412
339,154,200412
339,97,200412
339,274,200412
339,16,200412
339,39,200412
339,175,200412
339,11,200412
339,80,200412
339,453,200412
339,124,200412
339,904,200412
339,17,200412
339,160,200412
339,138,200412
339,161,200412
339,165,200412
339,282,200412
339,156,200412
339,137,200412
339,31,200412
339,46,200412
339,58,200412
339,393,200412
340,25,200412
341,152,200412
341,339,200412
341,45,200412
341,93,200412
341,27,200412
341,99,200412
341,81,200412
341,6,200412
341,14,200412
341,54,200412
341,83,200412
341,224,200412
341,139,200412
341,114,200412
341,46,200412
341,97,200412
341,60,200412
341,25,200412
341,48,200412
341,108,200412
341,160,200412
342,141,200412
342,278,200412
342,178,200412
342,97,200412
342,46,200412
344,137,200412
345,941,200412
345,1,200412
346,784,200412
346,23,200412
346,244,200412
346,133,200412
346,12,200412
346,165,200412
346,163,200412
346,116,200412
346,72,200412
346,537,200412
346,34,200412
346,104,200412
346,22,200412
346,534,200412
346,148,200412
346,359,200412
346,136,200412
346,51,200412
346,53,200412
346,96,200412
346,30,200412
346,123,200412
346,69,200412
346,121,200412
346,265,200412
346,28,200412
346,177,200412
346,483,200412
346,4,200412
346,233,200412
347,35,200412
347,769,200412
347,97,200412
348,23,200412
348,17,200412
349,102,200412
349,313,200412
349,297,200412
349,1674,200412
349,13,200412
351,352,200412
351,572,200412
351,226,200412
351,196,200412
351,110,200412
351,660,200412
351,694,200412
351,587,200412
351,604,200412
351,679,200412
351,554,200412
351,607,200412
351,589,200412
351,590,200412
351,574,200412
351,606,200412
351,532,200412
351,573,200412
351,760,200412
351,498,200412
351,586,200412
351,319,200412
351,603,200412
351,229,200412
352,623,200412
352,626,200412
352,678,200412
352,110,200412
352,351,200412
352,565,200412
352,532,200412
352,805,200412
352,621,200412
352,196,200412
352,622,200412
352,625,200412
352,679,200412
352,694,200412
352,574,200412
352,564,200412
352,579,200412
352,484,200412
352,693,200412
352,573,200412
352,424,200412
352,477,200412
352,554,200412
353,189,200412
353,17,200412
354,27,200412
354,54,200412
354,143,200412
354,136,200412
354,16,200412
354,135,200412
354,97,200412
354,35,200412
355,143,200412
355,249,200412
355,29,200412
355,126,200412
355,52,200412
355,77,200412
355,97,200412
355,154,200412
355,146,200412
355,108,200412
355,60,200412
355,25,200412
355,137,200412
355,160,200412
357,1259,200412
357,1129,200412
357,1286,200412
358,147,200412
358,248,200412
358,136,200412
359,346,200412
359,10,200412
359,136,200412
360,889,200412
360,899,200412
360,40,200412
361,136,200412
362,16,200412
362,270,200412
362,163,200412
362,44,200412
362,101,200412
362,287,200412
362,124,200412
362,19,200412
362,40,200412
362,46,200412
362,32,200412
362,146,200412
363,196,200412
363,409,200412
363,366,200412
364,196,200412
364,551,200412
364,366,200412
365,196,200412
365,364,200412
365,400,200412
366,196,200412
366,402,200412
366,551,200412
366,364,200412
366,363,200412
367,196,200412
368,27,200412
369,40,200412
370,31,200412
370,60,200412
371,29,200412
371,6,200412
371,137,200412
371,136,200412
371,17,200412
371,25,200412
372,358,200412
372,147,200412
372,248,200412
372,136,200412
373,722,200412
373,40,200412
374,95,200412
374,160,200412
374,40,200412
375,19,200412
375,139,200412
375,35,200412
375,101,200412
375,143,200412
375,39,200412
375,455,200412
375,433,200412
375,60,200412
375,154,200412
375,32,200412
375,40,200412
375,16,200412
375,29,200412
375,6,200412
375,77,200412
375,135,200412
376,1,200412
376,136,200412
377,196,200412
377,225,200412
377,547,200412
377,472,200412
377,378,200412
378,196,200412
378,110,200412
378,471,200412
378,412,200412
378,472,200412
378,590,200412
378,225,200412
378,489,200412
379,154,200412
379,160,200412
381,142,200412
381,398,200412
381,1086,200412
381,40,200412
383,668,200412
383,667,200412
384,143,200412
384,24,200412
384,132,200412
384,320,200412
384,248,200412
384,281,200412
385,151,200412
386,11,200412
386,188,200412
386,142,200412
387,176,200412
387,19,200412
388,154,200412
389,96,200412
390,220,200412
390,25,200412
390,137,200412
391,859,200412
393,9,200412
393,35,200412
393,482,200412
393,274,200412
393,198,200412
393,141,200412
393,94,200412
393,29,200412
393,175,200412
393,183,200412
393,6,200412
393,93,200412
393,160,200412
393,137,200412
393,97,200412
393,25,200412
394,154,200412
395,493,200412
395,1,200412
395,17,200412
397,453,200412
397,24,200412
397,137,200412
398,97,200412
400,196,200412
401,282,200412
401,165,200412
401,879,200412
401,339,200412
401,433,200412
401,37,200412
402,366,200412
402,196,200412
407,61,200412
407,909,200412
407,443,200412
407,415,200412
407,18,200412
408,144,200412
408,18,200412
409,418,200412
409,196,200412
410,18,200412
412,196,200412
412,489,200412
412,471,200412
412,378,200412
413,423,200412
413,18,200412
415,407,200412
415,61,200412
415,136,200412
415,18,200412
416,18,200412
418,409,200412
419,0,200412
419,65,200412
420,9,200412
420,104,200412
420,1180,200412
420,32,200412
420,54,200412
422,440,200412
422,430,200412
422,54,200412
422,32,200412
422,18,200412
423,18,200412
423,413,200412
423,15,200412
424,425,200412
424,506,200412
424,478,200412
424,196,200412
424,110,200412
424,532,200412
424,469,200412
424,476,200412
424,352,200412
424,477,200412
425,196,200412
425,110,200412
425,1035,200412
425,352,200412
425,794,200412
425,448,200412
425,970,200412
425,424,200412
425,478,200412
425,1549,200412
425,506,200412
426,737,200412
426,436,200412
426,423,200412
426,18,200412
427,306,200412
427,127,200412
427,109,200412
427,128,200412
427,4,200412
427,110,200412
427,618,200412
427,567,200412
427,610,200412
427,613,200412
427,113,200412
427,614,200412
427,112,200412
427,612,200412
427,616,200412
429,181,200412
429,270,200412
429,24,200412
429,134,200412
429,32,200412
430,443,200412
430,54,200412
430,74,200412
430,1205,200412
430,18,200412
432,298,200412
432,18,200412
433,10,200412
433,31,200412
433,247,200412
433,120,200412
433,195,200412
433,35,200412
433,76,200412
433,115,200412
433,139,200412
433,102,200412
433,134,200412
433,132,200412
433,197,200412
433,2,200412
433,4,200412
433,61,200412
433,375,200412
433,20,200412
433,28,200412
433,265,200412
433,103,200412
433,30,200412
433,19,200412
433,144,200412
433,48,200412
433,154,200412
433,314,200412
433,136,200412
433,85,200412
433,54,200412
433,38,200412
433,78,200412
433,163,200412
433,66,200412
433,3,200412
433,165,200412
433,140,200412
433,107,200412
433,5,200412
433,135,200412
433,155,200412
433,59,200412
433,53,200412
433,0,200412
433,23,200412
433,274,200412
433,100,200412
433,137,200412
433,112,200412
433,39,200412
433,93,200412
433,18,200412
433,16,200412
433,57,200412
433,121,200412
433,160,200412
433,43,200412
433,83,200412
433,32,200412
433,34,200412
433,55,200412
433,29,200412
433,224,200412
433,11,200412
433,183,200412
433,64,200412
433,46,200412
433,24,200412
433,79,200412
433,51,200412
433,13,200412
433,150,200412
433,27,200412
433,181,200412
433,21,200412
433,101,200412
433,142,200412
433,17,200412
433,60,200412
433,180,200412
433,58,200412
433,52,200412
433,9,200412
433,176,200412
433,14,200412
433,501,200412
433,1,200412
433,157,200412
433,124,200412
433,104,200412
433,188,200412
433,335,200412
433,131,200412
433,15,200412
433,97,200412
433,138,200412
433,282,200412
433,126,200412
433,779,200412
433,294,200412
433,269,200412
433,12,200412
433,25,200412
433,72,200412
433,40,200412
433,141,200412
433,22,200412
433,96,200412
433,156,200412
433,117,200412
433,6,200412
433,108,200412
433,80,200412
433,69,200412
434,18,200412
434,62,200412
434,6,200412
434,13,200412
435,160,200412
435,112,200412
435,97,200412
436,234,200412
436,426,200412
436,18,200412
440,54,200412
440,814,200412
443,430,200412
443,18,200412
444,59,200412
445,39,200412
445,46,200412
447,196,200412
447,479,200412
447,489,200412
448,196,200412
448,425,200412
448,377,200412
448,447,200412
448,506,200412
449,40,200412
451,196,200412
452,97,200412
455,100,200412
455,143,200412
455,375,200412
455,39,200412
455,512,200412
455,19,200412
455,97,200412
457,1109,200412
457,496,200412
457,9,200412
457,85,200412
458,97,200412
458,46,200412
460,160,200412
460,76,200412
460,140,200412
461,62,200412
463,65,200412
465,231,200412
465,527,200412
465,230,200412
465,110,200412
465,576,200412
465,319,200412
465,232,200412
465,594,200412
465,575,200412
465,226,200412
465,644,200412
469,196,200412
469,424,200412
469,476,200412
469,477,200412
470,110,200412
470,196,200412
470,225,200412
470,604,200412
470,471,200412
471,196,200412
471,378,200412
471,412,200412
471,472,200412
471,225,200412
471,475,200412
471,470,200412
472,196,200412
472,377,200412
472,471,200412
472,378,200412
472,225,200412
473,556,200412
473,559,200412
473,665,200412
473,186,200412
473,232,200412
474,559,200412
474,825,200412
474,110,200412
474,185,200412
474,186,200412
474,665,200412
474,922,200412
474,651,200412
474,650,200412
474,1168,200412
474,630,200412
474,1030,200412
474,997,200412
475,196,200412
475,471,200412
475,378,200412
475,472,200412
475,225,200412
476,477,200412
476,532,200412
476,469,200412
476,625,200412
476,424,200412
477,532,200412
477,424,200412
477,469,200412
477,476,200412
477,352,200412
478,506,200412
478,424,200412
478,425,200412
478,196,200412
479,196,200412
480,27,200412
480,136,200412
482,15,200412
482,224,200412
482,139,200412
482,192,200412
482,40,200412
482,31,200412
482,52,200412
482,341,200412
482,76,200412
482,384,200412
482,57,200412
482,9,200412
482,120,200412
482,100,200412
482,393,200412
482,6,200412
482,288,200412
482,84,200412
482,97,200412
482,83,200412
482,60,200412
482,85,200412
482,143,200412
483,740,200412
483,85,200412
483,336,200412
483,346,200412
483,248,200412
483,25,200412
483,137,200412
484,352,200412
484,621,200412
484,626,200412
484,579,200412
484,694,200412
485,837,200412
485,38,200412
485,282,200412
485,165,200412
488,114,200412
489,196,200412
489,378,200412
489,447,200412
489,412,200412
490,834,200412
490,752,200412
490,21,200412
490,739,200412
490,27,200412
492,950,200412
492,136,200412
493,37,200412
493,28,200412
493,23,200412
493,17,200412
494,110,200412
494,225,200412
495,390,200412
495,2,200412
495,108,200412
495,81,200412
495,25,200412
495,137,200412
498,351,200412
499,384,200412
501,23,200412
501,137,200412
501,51,200412
501,29,200412
501,143,200412
501,146,200412
501,138,200412
501,11,200412
501,39,200412
501,150,200412
501,25,200412
501,107,200412
501,433,200412
501,132,200412
501,245,200412
502,728,200412
502,12,200412
502,136,200412
503,154,200412
504,196,200412
506,478,200412
506,196,200412
506,448,200412
506,425,200412
506,424,200412
507,93,200412
510,137,200412
510,97,200412
512,58,200412
512,137,200412
512,455,200412
512,143,200412
512,101,200412
512,97,200412
512,160,200412
512,32,200412
513,66,200412
516,196,200412
517,274,200412
517,837,200412
519,129,200412
521,64,200412
521,885,200412
521,137,200412
522,154,200412
523,40,200412
525,627,200412
525,236,200412
525,110,200412
525,185,200412
525,1089,200412
525,1030,200412
525,1087,200412
525,847,200412
525,962,200412
526,196,200412
526,110,200412
527,231,200412
527,576,200412
527,226,200412
527,586,200412
527,575,200412
527,319,200412
527,232,200412
527,110,200412
527,643,200412
527,644,200412
527,465,200412
528,196,200412
530,64,200412
530,46,200412
532,352,200412
532,110,200412
532,476,200412
532,622,200412
532,477,200412
532,626,200412
532,623,200412
532,424,200412
534,553,200412
534,346,200412
535,196,200412
536,784,200412
536,1,200412
537,588,200412
537,834,200412
537,346,200412
537,136,200412
539,837,200412
540,100,200412
540,97,200412
542,95,200412
542,146,200412
543,41,200412
543,160,200412
544,62,200412
544,47,200412
544,137,200412
544,161,200412
544,208,200412
544,101,200412
544,122,200412
544,176,200412
544,126,200412
544,81,200412
544,59,200412
544,145,200412
544,54,200412
544,160,200412
544,16,200412
544,32,200412
544,6,200412
544,146,200412
544,154,200412
544,26,200412
544,29,200412
544,17,200412
544,136,200412
544,18,200412
544,46,200412
544,25,200412
544,97,200412
545,197,200412
545,546,200412
545,32,200412
546,545,200412
546,32,200412
547,196,200412
548,10,200412
548,781,200412
548,11,200412
549,449,200412
549,40,200412
551,196,200412
551,365,200412
551,366,200412
551,364,200412
552,29,200412
552,17,200412
552,136,200412
552,2,200412
552,27,200412
552,5,200412
552,28,200412
552,4,200412
552,25,200412
552,72,200412
552,48,200412
552,34,200412
552,183,200412
552,23,200412
552,85,200412
552,97,200412
552,188,200412
552,149,200412
552,96,200412
552,18,200412
552,160,200412
552,115,200412
552,112,200412
553,534,200412
554,587,200412
554,351,200412
554,196,200412
554,110,200412
554,352,200412
555,186,200412
556,186,200412
558,186,200412
558,561,200412
558,560,200412
558,185,200412
559,473,200412
559,186,200412
559,474,200412
560,110,200412
560,571,200412
560,559,200412
560,670,200412
560,558,200412
560,259,200412
560,186,200412
560,561,200412
560,232,200412
561,558,200412
561,560,200412
561,186,200412
563,688,200412
563,569,200412
563,733,200412
563,686,200412
563,612,200412
563,611,200412
563,673,200412
563,609,200412
563,734,200412
563,680,200412
563,614,200412
563,610,200412
563,568,200412
563,618,200412
563,567,200412
563,570,200412
563,1150,200412
563,616,200412
563,617,200412
563,674,200412
563,566,200412
563,612,200412
563,616,200412
564,352,200412
564,351,200412
564,694,200412
564,679,200412
564,565,200412
565,352,200412
565,351,200412
565,579,200412
565,694,200412
565,625,200412
565,564,200412
566,569,200412
566,563,200412
567,563,200412
568,614,200412
568,563,200412
569,563,200412
570,563,200412
571,558,200412
571,560,200412
571,186,200412
572,589,200412
572,590,200412
572,573,200412
572,351,200412
572,574,200412
572,110,200412
572,226,200412
573,226,200412
573,574,200412
573,590,200412
573,572,200412
573,110,200412
573,351,200412
573,589,200412
574,226,200412
574,351,200412
574,352,200412
574,590,200412
574,572,200412
574,573,200412
574,589,200412
575,644,200412
575,527,200412
575,319,200412
575,231,200412
575,643,200412
575,599,200412
575,232,200412
575,351,200412
575,605,200412
575,603,200412
575,465,200412
575,639,200412
576,527,200412
576,465,200412
576,231,200412
576,351,200412
576,232,200412
576,319,200412
576,644,200412
578,196,200412
579,352,200412
579,621,200412
579,805,200412
579,625,200412
579,694,200412
579,678,200412
579,484,200412
579,622,200412
582,850,200412
584,850,200412
585,850,200412
586,351,200412
586,575,200412
586,319,200412
586,573,200412
586,527,200412
586,226,200412
587,196,200412
587,351,200412
587,554,200412
587,110,200412
588,34,200412
588,537,200412
588,834,200412
588,27,200412
588,136,200412
589,465,200412
589,351,200412
589,573,200412
589,590,200412
589,572,200412
589,574,200412
589,225,200412
589,226,200412
590,226,200412
590,574,200412
590,589,200412
590,351,200412
590,573,200412
590,470,200412
590,572,200412
591,232,200412
591,255,200412
591,257,200412
591,700,200412
591,186,200412
592,593,200412
592,109,200412
593,592,200412
593,109,200412
594,230,200412
594,226,200412
594,600,200412
594,225,200412
594,231,200412
594,229,200412
594,640,200412
594,636,200412
594,603,200412
594,596,200412
595,667,200412
595,196,200412
596,230,200412
596,229,200412
596,232,200412
596,594,200412
596,639,200412
596,636,200412
596,640,200412
597,232,200412
597,601,200412
597,263,200412
597,256,200412
597,664,200412
597,661,200412
598,232,200412
599,232,200412
599,659,200412
599,605,200412
599,575,200412
599,644,200412
599,231,200412
599,643,200412
600,232,200412
600,575,200412
600,639,200412
600,258,200412
600,636,200412
600,594,200412
600,230,200412
600,254,200412
601,232,200412
601,659,200412
601,597,200412
601,263,200412
601,256,200412
602,231,200412
602,258,200412
602,239,200412
602,232,200412
602,624,200412
602,255,200412
602,664,200412
602,273,200412
603,232,200412
603,599,200412
603,465,200412
603,643,200412
603,575,200412
603,639,200412
603,644,200412
603,231,200412
604,226,200412
604,351,200412
604,573,200412
604,465,200412
604,586,200412
604,575,200412
605,232,200412
605,586,200412
605,644,200412
605,575,200412
605,186,200412
605,599,200412
606,351,200412
606,679,200412
606,607,200412
606,660,200412
607,351,200412
607,606,200412
607,660,200412
609,563,200412
610,563,200412
610,427,200412
611,563,200412
612,427,200412
612,563,200412
613,427,200412
614,563,200412
614,427,200412
616,563,200412
616,427,200412
617,563,200412
618,563,200412
619,563,200412
620,186,200412
621,352,200412
621,625,200412
621,484,200412
621,626,200412
621,579,200412
621,694,200412
621,622,200412
622,196,200412
622,352,200412
622,623,200412
622,579,200412
622,694,200412
622,625,200412
622,532,200412
622,621,200412
623,352,200412
623,579,200412
623,622,200412
623,532,200412
623,694,200412
623,625,200412
624,670,200412
624,664,200412
624,232,200412
625,484,200412
625,352,200412
625,694,200412
625,626,200412
625,579,200412
625,678,200412
625,476,200412
625,565,200412
625,623,200412
625,532,200412
625,621,200412
625,622,200412
625,196,200412
626,352,200412
626,110,200412
626,484,200412
626,621,200412
626,694,200412
626,678,200412
626,625,200412
626,196,200412
627,525,200412
627,236,200412
627,110,200412
627,646,200412
627,648,200412
627,649,200412
628,629,200412
628,109,200412
629,628,200412
629,109,200412
630,185,200412
630,186,200412
630,825,200412
630,110,200412
630,997,200412
630,474,200412
631,110,200412
632,647,200412
633,305,200412
633,127,200412
633,4,200412
633,110,200412
633,109,200412
634,635,200412
634,641,200412
634,642,200412
634,638,200412
634,230,200412
635,230,200412
635,638,200412
635,641,200412
635,634,200412
635,232,200412
635,600,200412
636,230,200412
636,594,200412
636,603,200412
636,229,200412
636,465,200412
636,596,200412
636,640,200412
637,229,200412
637,642,200412
638,230,200412
638,110,200412
638,634,200412
638,641,200412
639,232,200412
639,230,200412
639,465,200412
639,603,200412
639,600,200412
639,594,200412
639,231,200412
639,643,200412
639,575,200412
640,230,200412
640,636,200412
640,594,200412
640,229,200412
640,596,200412
641,230,200412
641,634,200412
641,638,200412
641,642,200412
641,635,200412
642,230,200412
642,232,200412
642,185,200412
642,641,200412
642,634,200412
642,637,200412
642,229,200412
642,638,200412
643,110,200412
643,664,200412
643,465,200412
643,527,200412
643,232,200412
643,603,200412
643,231,200412
643,644,200412
643,319,200412
643,599,200412
643,639,200412
643,575,200412
644,231,200412
644,232,200412
644,605,200412
644,575,200412
644,273,200412
644,319,200412
644,643,200412
644,599,200412
644,576,200412
644,527,200412
644,465,200412
645,245,200412
646,649,200412
646,648,200412
646,627,200412
647,1002,200412
647,632,200412
647,765,200412
647,841,200412
647,719,200412
648,649,200412
648,646,200412
648,627,200412
649,646,200412
649,648,200412
649,627,200412
650,474,200412
650,110,200412
651,110,200412
651,474,200412
652,333,200412
655,109,200412
656,698,200412
656,200,200412
656,937,200412
656,657,200412
656,697,200412
656,185,200412
657,922,200412
657,656,200412
657,937,200412
657,200,200412
657,698,200412
657,947,200412
657,185,200412
657,201,200412
657,697,200412
658,624,200412
658,601,200412
658,664,200412
658,597,200412
658,232,200412
659,232,200412
659,273,200412
659,260,200412
660,351,200412
660,607,200412
660,679,200412
660,606,200412
661,599,200412
661,232,200412
661,602,200412
661,670,200412
661,664,200412
663,229,200412
663,925,200412
664,232,200412
664,658,200412
664,599,200412
664,597,200412
664,601,200412
664,661,200412
664,624,200412
665,473,200412
665,185,200412
665,630,200412
665,474,200412
665,186,200412
667,383,200412
667,668,200412
667,857,200412
667,861,200412
667,196,200412
668,667,200412
669,229,200412
670,232,200412
670,576,200412
670,661,200412
671,25,200412
671,137,200412
673,563,200412
674,563,200412
675,59,200412
676,677,200412
676,109,200412
677,676,200412
677,593,200412
677,109,200412
678,352,200412
678,626,200412
678,625,200412
678,196,200412
679,351,200412
679,352,200412
679,606,200412
679,660,200412
679,110,200412
681,196,200412
683,850,200412
684,110,200412
686,563,200412
688,563,200412
693,424,200412
693,352,200412
694,110,200412
694,352,200412
694,626,200412
694,484,200412
694,564,200412
694,565,200412
694,579,200412
694,623,200412
694,625,200412
694,622,200412
694,621,200412
695,841,200412
696,920,200412
696,190,200412
697,698,200412
697,947,200412
697,200,200412
697,656,200412
697,657,200412
697,185,200412
698,926,200412
698,947,200412
698,630,200412
698,657,200412
698,200,200412
698,185,200412
700,232,200412
700,257,200412
700,591,200412
703,95,200412
703,81,200412
703,64,200412
705,196,200412
705,412,200412
706,1015,200412
706,11,200412
709,229,200412
710,61,200412
710,9,200412
710,266,200412
718,1089,200412
718,961,200412
718,962,200412
718,1087,200412
718,847,200412
718,1030,200412
719,647,200412
722,64,200412
722,100,200412
722,40,200412
723,109,200412
724,109,200412
726,850,200412
728,12,200412
728,19,200412
728,136,200412
729,109,200412
730,6,200412
730,482,200412
730,320,200412
730,224,200412
730,40,200412
733,563,200412
734,563,200412
736,745,200412
736,21,200412
736,832,200412
736,761,200412
736,20,200412
737,18,200412
738,234,200412
738,123,200412
738,762,200412
738,783,200412
738,30,200412
738,122,200412
738,136,200412
739,1072,200412
739,35,200412
739,482,200412
739,294,200412
739,17,200412
739,189,200412
739,6,200412
739,1088,200412
739,2,200412
739,490,200412
739,19,200412
739,46,200412
739,285,200412
740,85,200412
740,220,200412
740,137,200412
741,795,200412
741,33,200412
741,295,200412
741,184,200412
741,51,200412
742,180,200412
742,182,200412
742,6,200412
742,14,200412
742,896,200412
742,126,200412
742,208,200412
742,13,200412
744,46,200412
745,21,200412
745,755,200412
745,5,200412
746,59,200412
746,444,200412
747,748,200412
747,222,200412
747,1424,200412
747,1421,200412
747,247,200412
748,747,200412
748,222,200412
748,1421,200412
748,247,200412
749,348,200412
750,1064,200412
750,536,200412
750,199,200412
750,1010,200412
750,751,200412
750,764,200412
750,826,200412
750,210,200412
751,750,200412
752,25,200412
752,53,200412
752,104,200412
752,27,200412
753,84,200412
753,775,200412
753,754,200412
753,30,200412
754,753,200412
754,30,200412
755,21,200412
755,5,200412
756,204,200412
756,96,200412
757,96,200412
759,840,200412
759,109,200412
760,351,200412
761,51,200412
761,17,200412
761,21,200412
761,261,200412
761,736,200412
761,866,200412
761,4,200412
761,20,200412
762,61,200412
762,122,200412
762,234,200412
762,738,200412
762,136,200412
764,5,200412
764,150,200412
764,339,200412
764,164,200412
764,112,200412
764,10,200412
764,750,200412
765,647,200412
766,180,200412
766,6,200412
766,13,200412
768,48,200412
769,48,200412
769,768,200412
769,156,200412
769,347,200412
769,35,200412
769,60,200412
769,139,200412
769,108,200412
769,97,200412
770,323,200412
770,89,200412
770,7,200412
771,93,200412
772,60,200412
775,783,200412
775,776,200412
775,30,200412
776,783,200412
776,775,200412
776,30,200412
777,96,200412
777,299,200412
778,89,200412
778,323,200412
778,7,200412
779,433,200412
779,85,200412
781,10,200412
781,548,200412
781,228,200412
781,17,200412
781,11,200412
782,72,200412
783,776,200412
783,775,200412
783,738,200412
783,122,200412
783,30,200412
784,1,200412
784,536,200412
785,322,200412
786,898,200412
786,110,200412
786,917,200412
787,268,200412
787,11,200412
787,183,200412
794,196,200412
794,425,200412
795,33,200412
795,51,200412
796,210,200412
797,97,200412
797,46,200412
799,14,200412
799,83,200412
799,99,200412
799,46,200412
799,19,200412
801,96,200412
802,234,200412
803,27,200412
803,12,200412
804,27,200412
804,12,200412
805,579,200412
805,352,200412
806,872,200412
806,69,200412
806,49,200412
807,3,200412
808,110,200412
808,290,200412
810,4,200412
810,222,200412
813,76,200412
813,46,200412
814,54,200412
814,131,200412
814,276,200412
817,5,200412
817,17,200412
817,150,200412
818,110,200412
819,5,200412
824,229,200412
825,474,200412
826,210,200412
826,10,200412
826,750,200412
828,89,200412
828,90,200412
828,8,200412
828,7,200412
830,110,200412
832,21,200412
832,5,200412
832,866,200412
832,20,200412
834,537,200412
834,136,200412
834,27,200412
836,14,200412
839,850,200412
840,913,200412
840,759,200412
840,109,200412
841,110,200412
841,647,200412
842,51,200412
843,4,200412
843,248,200412
843,1424,200412
843,247,200412
847,961,200412
847,962,200412
847,525,200412
847,718,200412
850,839,200412
850,716,200412
850,932,200412
850,726,200412
850,582,200412
850,585,200412
851,850,200412
857,667,200412
858,703,200412
858,81,200412
858,64,200412
860,282,200412
860,100,200412
860,24,200412
860,35,200412
860,139,200412
860,19,200412
860,146,200412
860,46,200412
860,60,200412
860,13,200412
860,26,200412
860,97,200412
861,667,200412
862,136,200412
863,23,200412
863,189,200412
863,248,200412
863,457,200412
863,17,200412
864,109,200412
866,21,200412
866,5,200412
866,184,200412
866,112,200412
866,150,200412
866,761,200412
866,4,200412
866,51,200412
866,10,200412
866,20,200412
867,191,200412
867,235,200412
871,5,200412
871,160,200412
872,806,200412
878,753,200412
878,1090,200412
878,30,200412
879,482,200412
879,339,200412
879,211,200412
879,143,200412
879,51,200412
879,5,200412
879,28,200412
879,107,200412
884,136,200412
885,521,200412
885,137,200412
886,110,200412
888,154,200412
889,40,200412
891,166,200412
891,136,200412
893,40,200412
896,742,200412
896,14,200412
896,208,200412
896,180,200412
896,13,200412
897,920,200412
897,201,200412
897,235,200412
897,190,200412
898,786,200412
899,40,200412
900,46,200412
901,215,200412
904,339,200412
906,150,200412
906,23,200412
906,30,200412
906,53,200412
906,261,200412
906,28,200412
906,112,200412
906,10,200412
906,20,200412
906,1,200412
906,17,200412
908,18,200412
909,908,200412
909,407,200412
909,18,200412
917,786,200412
920,897,200412
920,201,200412
920,190,200412
922,186,200412
922,200,200412
922,474,200412
922,185,200412
922,697,200412
922,997,200412
925,824,200412
925,663,200412
925,229,200412
926,698,200412
926,947,200412
926,697,200412
926,185,200412
935,160,200412
937,698,200412
937,185,200412
937,922,200412
937,657,200412
937,200,200412
937,656,200412
937,697,200412
938,109,200412
941,299,200412
941,345,200412
941,136,200412
941,1,200412
947,1016,200412
947,200,200412
947,926,200412
947,698,200412
947,697,200412
947,186,200412
947,185,200412
950,136,200412
956,196,200412
958,110,200412
960,114,200412
961,847,200412
961,718,200412
962,847,200412
962,718,200412
962,525,200412
964,21,200412
968,136,200412
969,27,200412
969,10,200412
970,425,200412
981,136,200412
982,981,200412
982,136,200412
988,137,200412
989,137,200412
990,18,200412
993,110,200412
995,996,200412
995,13,200412
996,13,200412
997,630,200412
997,185,200412
997,922,200412
997,474,200412
1002,647,200412
1004,229,200412
1010,210,200412
1011,186,200412
1015,706,200412
1015,11,200412
1016,947,200412
1016,186,200412
1016,185,200412
1017,1291,200412
1017,137,200412
1018,170,200412
1019,186,200412
1020,40,200412
1022,523,200412
1022,40,200412
1026,947,200412
1027,185,200412
1028,196,200412
1030,1087,200412
1030,474,200412
1030,525,200412
1030,718,200412
1039,110,200412
1042,185,200412
1045,675,200412
1045,59,200412
1052,97,200412
1056,1081,200412
1056,235,200412
1057,750,200412
1057,210,200412
1064,10,200412
1065,40,200412
1065,27,200412
1065,64,200412
1065,46,200412
1070,1424,200412
1081,235,200412
1082,172,200412
1086,40,200412
1087,1030,200412
1087,525,200412
1087,718,200412
1088,2,200412
1088,6,200412
1088,35,200412
1089,962,200412
1089,525,200412
1089,718,200412
1090,878,200412
1090,30,200412
1103,7,200412
1103,89,200412
1109,457,200412
1118,13,200412
1129,129,200412
1129,173,200412
1129,357,200412
1134,196,200412
1134,110,200412
1150,563,200412
1168,110,200412
1180,54,200412
1180,420,200412
1183,190,200412
1190,137,200412
1205,54,200412
1205,430,200412
1226,185,200412
1236,83,200412
1236,496,200412
1245,27,200412
1259,357,200412
1259,1286,200412
1261,1262,200412
1269,96,200412
1286,357,200412
1286,1259,200412
1291,1017,200412
1291,137,200412
1355,1,200412
1381,235,200412
1408,89,200412
1417,13,200412
1421,747,200412
1421,748,200412
1424,747,200412
1424,4,200412
1424,1070,200412
1424,843,200412
1439,247,200412
1482,154,200412
1549,425,200412
1554,110,200412
1555,109,200412
1580,154,200412
1587,242,200412
1674,349,200412
1674,297,200412
1767,18,200412
1816,51,200412
2112,212,200412
2235,212,200412
2262,652,200412
