i,j,t
0,160,201104
0,143,201104
0,188,201104
0,58,201104
0,101,201104
0,552,201104
0,512,201104
0,149,201104
0,265,201104
0,45,201104
0,64,201104
0,2,201104
0,25,201104
0,155,201104
0,9,201104
0,116,201104
0,139,201104
0,85,201104
0,12,201104
0,26,201104
0,51,201104
0,32,201104
0,124,201104
0,57,201104
0,31,201104
0,6,201104
0,11,201104
0,40,201104
0,183,201104
0,20,201104
0,27,201104
0,60,201104
0,274,201104
0,99,201104
0,142,201104
0,119,201104
0,96,201104
0,77,201104
0,165,201104
0,28,201104
0,29,201104
0,83,201104
0,146,201104
0,136,201104
0,23,201104
0,17,201104
0,115,201104
0,133,201104
0,180,201104
0,4,201104
0,18,201104
0,154,201104
0,21,201104
0,52,201104
0,36,201104
0,72,201104
0,59,201104
0,38,201104
0,113,201104
0,19,201104
0,5,201104
0,16,201104
0,13,201104
0,46,201104
0,14,201104
0,54,201104
0,1,201104
0,80,201104
0,48,201104
0,135,201104
0,10,201104
0,108,201104
0,97,201104
0,35,201104
0,137,201104
0,92,201104
1,121,201104
1,209,201104
1,96,201104
1,160,201104
1,143,201104
1,1236,201104
1,23,201104
1,1227,201104
1,92,201104
1,10,201104
1,26,201104
1,135,201104
1,29,201104
1,325,201104
1,950,201104
1,21,201104
1,487,201104
1,136,201104
1,784,201104
1,5,201104
1,85,201104
1,77,201104
1,247,201104
1,28,201104
1,146,201104
1,175,201104
1,552,201104
1,941,201104
1,244,201104
1,165,201104
1,111,201104
1,274,201104
1,672,201104
1,22,201104
1,2,201104
1,25,201104
1,9,201104
1,444,201104
1,108,201104
1,83,201104
1,51,201104
1,149,201104
1,33,201104
1,139,201104
1,53,201104
1,11,201104
1,376,201104
1,116,201104
1,13,201104
1,19,201104
1,12,201104
1,180,201104
1,17,201104
1,64,201104
1,214,201104
1,18,201104
1,16,201104
1,299,201104
1,119,201104
1,60,201104
1,115,201104
1,6,201104
1,80,201104
1,14,201104
1,100,201104
1,1355,201104
1,27,201104
1,52,201104
1,113,201104
1,130,201104
1,124,201104
1,70,201104
1,261,201104
1,110,201104
1,183,201104
1,69,201104
1,102,201104
1,48,201104
1,20,201104
1,155,201104
1,132,201104
1,35,201104
1,142,201104
1,8,201104
1,0,201104
1,243,201104
1,211,201104
1,37,201104
1,906,201104
1,72,201104
1,54,201104
1,189,201104
1,81,201104
1,97,201104
1,59,201104
1,40,201104
1,89,201104
1,7,201104
1,32,201104
1,150,201104
1,107,201104
1,133,201104
1,213,201104
1,31,201104
1,154,201104
1,99,201104
1,4,201104
1,112,201104
1,137,201104
1,46,201104
2,22,201104
2,339,201104
2,138,201104
2,93,201104
2,165,201104
2,20,201104
2,14,201104
2,160,201104
2,11,201104
2,143,201104
2,552,201104
2,385,201104
2,113,201104
2,213,201104
2,10,201104
2,72,201104
2,53,201104
2,87,201104
2,133,201104
2,150,201104
2,81,201104
2,45,201104
2,18,201104
2,54,201104
2,96,201104
2,177,201104
2,274,201104
2,28,201104
2,35,201104
2,13,201104
2,4,201104
2,25,201104
2,155,201104
2,102,201104
2,16,201104
2,99,201104
2,0,201104
2,46,201104
2,17,201104
2,176,201104
2,1,201104
2,135,201104
2,97,201104
2,32,201104
2,21,201104
2,80,201104
2,115,201104
2,107,201104
2,1227,201104
2,69,201104
2,40,201104
2,124,201104
2,29,201104
2,64,201104
2,108,201104
2,59,201104
2,51,201104
2,112,201104
2,142,201104
2,19,201104
2,23,201104
2,5,201104
2,167,201104
2,346,201104
2,393,201104
2,154,201104
2,52,201104
2,341,201104
2,157,201104
2,12,201104
2,120,201104
2,183,201104
2,1169,201104
2,136,201104
2,116,201104
2,26,201104
2,27,201104
2,83,201104
2,9,201104
2,6,201104
2,60,201104
2,31,201104
2,92,201104
2,137,201104
3,69,201104
3,311,201104
4,85,201104
4,427,201104
4,51,201104
4,127,201104
4,160,201104
4,110,201104
4,109,201104
4,843,201104
4,21,201104
4,1315,201104
4,5,201104
4,1070,201104
4,222,201104
4,9,201104
4,39,201104
4,781,201104
4,102,201104
4,72,201104
4,19,201104
4,149,201104
4,48,201104
4,133,201104
4,92,201104
4,83,201104
4,77,201104
4,27,201104
4,26,201104
4,40,201104
4,52,201104
4,97,201104
4,113,201104
4,54,201104
4,124,201104
4,741,201104
4,80,201104
4,22,201104
4,211,201104
4,165,201104
4,10,201104
4,100,201104
4,1144,201104
4,32,201104
4,45,201104
4,2,201104
4,142,201104
4,23,201104
4,60,201104
4,154,201104
4,346,201104
4,137,201104
4,59,201104
4,28,201104
4,155,201104
4,633,201104
4,99,201104
4,29,201104
4,305,201104
4,306,201104
4,13,201104
4,64,201104
4,17,201104
4,128,201104
4,12,201104
4,1169,201104
4,0,201104
4,31,201104
4,14,201104
4,88,201104
4,274,201104
4,18,201104
4,317,201104
4,84,201104
4,189,201104
4,20,201104
4,819,201104
4,107,201104
4,184,201104
4,86,201104
4,300,201104
4,11,201104
4,146,201104
4,183,201104
4,223,201104
4,69,201104
4,30,201104
4,150,201104
4,301,201104
4,121,201104
4,214,201104
4,25,201104
4,311,201104
4,50,201104
4,33,201104
4,35,201104
4,96,201104
4,243,201104
4,46,201104
4,8,201104
4,164,201104
4,89,201104
4,112,201104
4,7,201104
4,177,201104
4,6,201104
4,196,201104
4,135,201104
4,136,201104
4,1,201104
4,213,201104
5,143,201104
5,817,201104
5,1,201104
5,89,201104
5,160,201104
5,51,201104
5,6,201104
5,4,201104
5,274,201104
5,10,201104
5,142,201104
5,552,201104
5,11,201104
5,110,201104
5,17,201104
5,39,201104
5,819,201104
5,19,201104
5,77,201104
5,137,201104
5,23,201104
5,261,201104
5,36,201104
5,1498,201104
5,155,201104
5,113,201104
5,135,201104
5,81,201104
5,18,201104
5,27,201104
5,136,201104
5,40,201104
5,133,201104
5,54,201104
5,100,201104
5,124,201104
5,119,201104
5,247,201104
5,16,201104
5,211,201104
5,31,201104
5,13,201104
5,180,201104
5,0,201104
5,116,201104
5,93,201104
5,80,201104
5,2,201104
5,52,201104
5,38,201104
5,25,201104
5,8,201104
5,9,201104
5,165,201104
5,108,201104
5,48,201104
5,32,201104
5,154,201104
5,22,201104
5,60,201104
5,33,201104
5,222,201104
5,14,201104
5,7,201104
5,243,201104
5,64,201104
5,85,201104
5,183,201104
5,59,201104
5,107,201104
5,96,201104
5,69,201104
5,92,201104
5,121,201104
5,28,201104
6,59,201104
6,160,201104
6,176,201104
6,32,201104
6,815,201104
6,16,201104
6,55,201104
6,13,201104
6,133,201104
6,71,201104
6,35,201104
6,137,201104
6,117,201104
6,138,201104
6,97,201104
6,19,201104
6,5,201104
6,102,201104
6,175,201104
6,77,201104
6,126,201104
6,14,201104
6,132,201104
6,11,201104
6,27,201104
6,110,201104
6,380,201104
6,52,201104
6,17,201104
6,146,201104
6,64,201104
6,155,201104
6,25,201104
6,180,201104
6,143,201104
6,29,201104
6,278,201104
6,98,201104
6,158,201104
6,46,201104
6,51,201104
6,85,201104
6,354,201104
6,135,201104
6,739,201104
6,40,201104
6,18,201104
6,28,201104
6,274,201104
6,78,201104
6,320,201104
6,154,201104
6,136,201104
6,21,201104
6,139,201104
6,1,201104
6,83,201104
6,34,201104
6,45,201104
6,266,201104
6,213,201104
6,12,201104
6,10,201104
6,107,201104
6,237,201104
6,124,201104
6,544,201104
6,72,201104
6,101,201104
6,131,201104
6,9,201104
6,54,201104
6,0,201104
6,81,201104
6,100,201104
6,181,201104
6,38,201104
6,99,201104
6,182,201104
6,338,201104
6,142,201104
6,57,201104
6,24,201104
6,172,201104
6,76,201104
6,108,201104
6,194,201104
6,120,201104
6,20,201104
6,2,201104
6,31,201104
6,134,201104
6,89,201104
6,36,201104
6,113,201104
6,4,201104
6,129,201104
6,48,201104
6,60,201104
7,8,201104
7,89,201104
7,90,201104
7,243,201104
7,1408,201104
7,828,201104
7,28,201104
7,59,201104
7,110,201104
7,17,201104
7,770,201104
7,64,201104
7,18,201104
7,113,201104
7,29,201104
7,10,201104
7,112,201104
7,5,201104
7,21,201104
7,51,201104
7,136,201104
7,137,201104
7,4,201104
7,1,201104
7,20,201104
8,17,201104
8,121,201104
8,28,201104
8,89,201104
8,90,201104
8,243,201104
8,7,201104
8,0,201104
8,770,201104
8,5,201104
8,51,201104
8,136,201104
8,29,201104
8,112,201104
8,1,201104
8,4,201104
8,20,201104
9,72,201104
9,11,201104
9,143,201104
9,31,201104
9,274,201104
9,160,201104
9,137,201104
9,149,201104
9,71,201104
9,124,201104
9,57,201104
9,189,201104
9,62,201104
9,233,201104
9,107,201104
9,19,201104
9,165,201104
9,48,201104
9,20,201104
9,22,201104
9,93,201104
9,180,201104
9,5,201104
9,52,201104
9,40,201104
9,54,201104
9,108,201104
9,81,201104
9,136,201104
9,38,201104
9,13,201104
9,120,201104
9,154,201104
9,32,201104
9,139,201104
9,17,201104
9,26,201104
9,27,201104
9,85,201104
9,29,201104
9,4,201104
9,77,201104
9,47,201104
9,53,201104
9,0,201104
9,1147,201104
9,34,201104
9,206,201104
9,51,201104
9,96,201104
9,80,201104
9,18,201104
9,28,201104
9,60,201104
9,2,201104
9,135,201104
9,6,201104
9,25,201104
9,64,201104
9,14,201104
9,97,201104
9,1,201104
9,10,201104
9,92,201104
10,107,201104
10,781,201104
10,548,201104
10,133,201104
10,85,201104
10,11,201104
10,81,201104
10,26,201104
10,77,201104
10,143,201104
10,72,201104
10,160,201104
10,0,201104
10,4,201104
10,83,201104
10,99,201104
10,18,201104
10,96,201104
10,52,201104
10,84,201104
10,261,201104
10,36,201104
10,64,201104
10,17,201104
10,19,201104
10,1265,201104
10,60,201104
10,139,201104
10,7,201104
10,33,201104
10,13,201104
10,23,201104
10,136,201104
10,135,201104
10,80,201104
10,536,201104
10,75,201104
10,51,201104
10,154,201104
10,112,201104
10,57,201104
10,25,201104
10,62,201104
10,32,201104
10,14,201104
10,108,201104
10,299,201104
10,1147,201104
10,129,201104
10,27,201104
10,165,201104
10,764,201104
10,93,201104
10,20,201104
10,45,201104
10,1227,201104
10,119,201104
10,211,201104
10,227,201104
10,148,201104
10,214,201104
10,70,201104
10,728,201104
10,544,201104
10,339,201104
10,184,201104
10,163,201104
10,66,201104
10,170,201104
10,147,201104
10,105,201104
10,111,201104
10,123,201104
10,53,201104
10,104,201104
10,233,201104
10,30,201104
10,234,201104
10,86,201104
10,188,201104
10,38,201104
10,164,201104
10,819,201104
10,223,201104
10,138,201104
10,43,201104
10,213,201104
10,150,201104
10,181,201104
10,863,201104
10,159,201104
10,113,201104
10,15,201104
10,121,201104
10,177,201104
10,122,201104
10,265,201104
10,149,201104
10,116,201104
10,34,201104
10,969,201104
10,61,201104
10,161,201104
10,132,201104
10,115,201104
10,124,201104
10,16,201104
10,59,201104
10,54,201104
10,100,201104
10,48,201104
10,89,201104
10,155,201104
10,180,201104
10,1,201104
10,103,201104
10,102,201104
10,274,201104
10,183,201104
10,137,201104
10,9,201104
10,146,201104
10,69,201104
10,222,201104
10,40,201104
10,142,201104
10,29,201104
10,12,201104
10,31,201104
10,97,201104
10,2,201104
10,22,201104
10,35,201104
10,92,201104
10,5,201104
10,46,201104
10,21,201104
10,28,201104
10,6,201104
11,146,201104
11,228,201104
11,227,201104
11,143,201104
11,23,201104
11,20,201104
11,64,201104
11,53,201104
11,136,201104
11,183,201104
11,105,201104
11,268,201104
11,160,201104
11,112,201104
11,169,201104
11,51,201104
11,501,201104
11,5,201104
11,119,201104
11,9,201104
11,137,201104
11,100,201104
11,104,201104
11,48,201104
11,58,201104
11,133,201104
11,60,201104
11,97,201104
11,422,201104
11,77,201104
11,80,201104
11,149,201104
11,1,201104
11,72,201104
11,45,201104
11,26,201104
11,85,201104
11,83,201104
11,2,201104
11,54,201104
11,108,201104
11,21,201104
11,154,201104
11,165,201104
11,81,201104
11,17,201104
11,27,201104
11,32,201104
11,10,201104
11,274,201104
11,124,201104
11,69,201104
11,99,201104
11,223,201104
11,0,201104
11,57,201104
11,102,201104
11,113,201104
11,13,201104
11,548,201104
11,67,201104
11,372,201104
11,28,201104
11,31,201104
11,8,201104
11,111,201104
11,96,201104
11,92,201104
11,330,201104
11,147,201104
11,265,201104
11,29,201104
11,238,201104
11,107,201104
11,25,201104
11,248,201104
11,12,201104
11,70,201104
11,214,201104
11,317,201104
11,184,201104
11,33,201104
11,213,201104
11,4,201104
11,14,201104
11,88,201104
11,84,201104
11,59,201104
11,150,201104
11,22,201104
11,781,201104
11,19,201104
11,110,201104
11,86,201104
11,164,201104
11,30,201104
11,177,201104
11,121,201104
11,6,201104
11,89,201104
11,135,201104
11,18,201104
12,107,201104
12,143,201104
12,274,201104
12,159,201104
12,728,201104
12,15,201104
12,862,201104
12,160,201104
12,77,201104
12,132,201104
12,183,201104
12,144,201104
12,502,201104
12,16,201104
12,45,201104
12,2,201104
12,58,201104
12,38,201104
12,1366,201104
12,10,201104
12,9,201104
12,43,201104
12,51,201104
12,21,201104
12,330,201104
12,52,201104
12,20,201104
12,28,201104
12,146,201104
12,150,201104
12,27,201104
12,6,201104
12,31,201104
12,4,201104
12,96,201104
12,139,201104
12,5,201104
12,106,201104
12,48,201104
12,13,201104
12,113,201104
12,133,201104
12,97,201104
12,108,201104
12,53,201104
12,346,201104
12,83,201104
12,29,201104
12,32,201104
12,17,201104
12,19,201104
12,341,201104
12,14,201104
12,112,201104
12,23,201104
12,81,201104
12,375,201104
12,25,201104
12,18,201104
12,136,201104
12,60,201104
12,26,201104
12,54,201104
12,1,201104
12,99,201104
12,11,201104
12,154,201104
12,137,201104
12,135,201104
13,19,201104
13,6,201104
13,137,201104
13,146,201104
13,175,201104
13,1250,201104
13,29,201104
13,160,201104
13,132,201104
13,77,201104
13,178,201104
13,0,201104
13,60,201104
13,16,201104
13,341,201104
13,85,201104
13,143,201104
13,35,201104
13,36,201104
13,46,201104
13,21,201104
13,133,201104
13,1130,201104
13,165,201104
13,17,201104
13,23,201104
13,108,201104
13,444,201104
13,18,201104
13,115,201104
13,12,201104
13,10,201104
13,92,201104
13,69,201104
13,1366,201104
13,27,201104
13,1,201104
13,124,201104
13,495,201104
13,51,201104
13,25,201104
13,107,201104
13,161,201104
13,48,201104
13,5,201104
13,57,201104
13,100,201104
13,80,201104
13,32,201104
13,2,201104
13,64,201104
13,463,201104
13,20,201104
13,83,201104
13,26,201104
13,59,201104
13,375,201104
13,320,201104
13,66,201104
13,112,201104
13,28,201104
13,334,201104
13,82,201104
13,4,201104
13,14,201104
13,154,201104
13,96,201104
13,31,201104
13,129,201104
13,139,201104
13,136,201104
13,97,201104
13,157,201104
13,113,201104
13,11,201104
13,266,201104
13,313,201104
13,45,201104
13,89,201104
13,996,201104
13,180,201104
13,896,201104
13,766,201104
13,283,201104
13,1417,201104
13,94,201104
13,995,201104
13,40,201104
13,176,201104
13,81,201104
13,1118,201104
13,349,201104
13,38,201104
13,815,201104
13,289,201104
13,274,201104
13,297,201104
13,126,201104
13,54,201104
13,860,201104
13,120,201104
13,75,201104
13,117,201104
13,121,201104
13,172,201104
13,142,201104
13,99,201104
13,135,201104
14,2,201104
14,146,201104
14,0,201104
14,143,201104
14,160,201104
14,77,201104
14,799,201104
14,6,201104
14,26,201104
14,11,201104
14,72,201104
14,61,201104
14,136,201104
14,27,201104
14,23,201104
14,17,201104
14,34,201104
14,1,201104
14,154,201104
14,113,201104
14,99,201104
14,108,201104
14,161,201104
14,243,201104
14,183,201104
14,28,201104
14,158,201104
14,93,201104
14,149,201104
14,31,201104
14,18,201104
14,83,201104
14,76,201104
14,19,201104
14,59,201104
14,133,201104
14,85,201104
14,24,201104
14,36,201104
14,139,201104
14,32,201104
14,135,201104
14,13,201104
14,21,201104
14,46,201104
14,165,201104
14,69,201104
14,20,201104
14,96,201104
14,115,201104
14,81,201104
14,100,201104
14,588,201104
14,4,201104
14,22,201104
14,12,201104
14,16,201104
14,1020,201104
14,129,201104
14,369,201104
14,112,201104
14,51,201104
14,769,201104
14,107,201104
14,5,201104
14,124,201104
14,9,201104
14,157,201104
14,94,201104
14,35,201104
14,29,201104
14,274,201104
14,57,201104
14,58,201104
14,1366,201104
14,181,201104
14,134,201104
14,117,201104
14,40,201104
14,54,201104
14,80,201104
14,48,201104
14,45,201104
14,38,201104
14,25,201104
14,119,201104
14,92,201104
14,60,201104
14,10,201104
14,142,201104
14,180,201104
14,97,201104
14,137,201104
14,52,201104
14,155,201104
14,102,201104
15,77,201104
15,29,201104
15,143,201104
15,132,201104
15,183,201104
15,160,201104
15,24,201104
15,2,201104
15,57,201104
15,120,201104
15,18,201104
15,53,201104
15,136,201104
15,64,201104
15,375,201104
15,266,201104
15,32,201104
15,1227,201104
15,10,201104
15,137,201104
16,32,201104
16,160,201104
16,6,201104
16,142,201104
16,46,201104
16,117,201104
16,64,201104
16,281,201104
16,143,201104
16,77,201104
16,57,201104
16,40,201104
16,13,201104
16,14,201104
16,362,201104
16,17,201104
16,80,201104
16,157,201104
16,93,201104
16,28,201104
16,125,201104
16,158,201104
16,112,201104
16,76,201104
16,1,201104
16,96,201104
16,85,201104
16,19,201104
16,104,201104
16,156,201104
16,72,201104
16,9,201104
16,12,201104
16,274,201104
16,183,201104
16,45,201104
16,1065,201104
16,2,201104
16,38,201104
16,147,201104
16,124,201104
16,5,201104
16,180,201104
16,52,201104
16,21,201104
16,81,201104
16,27,201104
16,51,201104
16,83,201104
16,102,201104
16,54,201104
16,100,201104
16,154,201104
16,126,201104
16,59,201104
16,247,201104
16,92,201104
16,60,201104
16,108,201104
16,1022,201104
16,181,201104
16,1144,201104
16,178,201104
16,341,201104
16,107,201104
16,0,201104
16,48,201104
16,146,201104
16,139,201104
16,36,201104
16,1086,201104
16,381,201104
16,101,201104
16,131,201104
16,523,201104
16,99,201104
16,97,201104
16,18,201104
16,374,201104
16,129,201104
16,137,201104
16,55,201104
16,24,201104
16,35,201104
16,26,201104
16,74,201104
16,136,201104
16,66,201104
16,176,201104
16,197,201104
16,120,201104
16,29,201104
16,10,201104
16,155,201104
16,31,201104
16,20,201104
16,25,201104
16,135,201104
17,107,201104
17,35,201104
17,146,201104
17,175,201104
17,89,201104
17,99,201104
17,138,201104
17,5,201104
17,1,201104
17,154,201104
17,20,201104
17,552,201104
17,29,201104
17,143,201104
17,83,201104
17,40,201104
17,6,201104
17,675,201104
17,133,201104
17,23,201104
17,77,201104
17,100,201104
17,160,201104
17,247,201104
17,110,201104
17,51,201104
17,137,201104
17,93,201104
17,9,201104
17,19,201104
17,233,201104
17,54,201104
17,65,201104
17,52,201104
17,10,201104
17,157,201104
17,116,201104
17,69,201104
17,16,201104
17,139,201104
17,11,201104
17,652,201104
17,136,201104
17,70,201104
17,81,201104
17,119,201104
17,274,201104
17,26,201104
17,371,201104
17,34,201104
17,72,201104
17,169,201104
17,135,201104
17,97,201104
17,21,201104
17,13,201104
17,80,201104
17,102,201104
17,32,201104
17,31,201104
17,0,201104
17,27,201104
17,45,201104
17,155,201104
17,18,201104
17,132,201104
17,112,201104
17,60,201104
17,7,201104
17,12,201104
17,108,201104
17,124,201104
17,149,201104
17,71,201104
17,38,201104
17,183,201104
17,781,201104
17,64,201104
17,178,201104
17,493,201104
17,48,201104
17,348,201104
17,866,201104
17,4,201104
17,303,201104
17,950,201104
17,211,201104
17,177,201104
17,61,201104
17,184,201104
17,544,201104
17,30,201104
17,33,201104
17,265,201104
17,104,201104
17,165,201104
17,222,201104
17,761,201104
17,164,201104
17,863,201104
17,37,201104
17,129,201104
17,96,201104
17,1649,201104
17,22,201104
17,261,201104
17,85,201104
17,53,201104
17,819,201104
17,14,201104
17,25,201104
17,906,201104
17,395,201104
17,8,201104
17,2,201104
17,150,201104
17,189,201104
17,213,201104
17,243,201104
17,59,201104
17,28,201104
17,92,201104
17,46,201104
18,175,201104
18,34,201104
18,233,201104
18,247,201104
18,1,201104
18,143,201104
18,423,201104
18,146,201104
18,426,201104
18,54,201104
18,19,201104
18,160,201104
18,154,201104
18,552,201104
18,77,201104
18,138,201104
18,281,201104
18,32,201104
18,47,201104
18,31,201104
18,12,201104
18,119,201104
18,180,201104
18,52,201104
18,36,201104
18,104,201104
18,27,201104
18,22,201104
18,142,201104
18,83,201104
18,139,201104
18,26,201104
18,13,201104
18,102,201104
18,136,201104
18,17,201104
18,113,201104
18,112,201104
18,124,201104
18,159,201104
18,270,201104
18,108,201104
18,43,201104
18,99,201104
18,170,201104
18,92,201104
18,38,201104
18,6,201104
18,60,201104
18,0,201104
18,132,201104
18,88,201104
18,21,201104
18,135,201104
18,274,201104
18,1144,201104
18,20,201104
18,16,201104
18,117,201104
18,375,201104
18,2,201104
18,14,201104
18,265,201104
18,129,201104
18,137,201104
18,172,201104
18,66,201104
18,155,201104
18,85,201104
18,5,201104
18,25,201104
18,10,201104
18,213,201104
18,51,201104
18,133,201104
18,1169,201104
18,61,201104
18,436,201104
18,181,201104
18,440,201104
18,74,201104
18,28,201104
18,909,201104
18,131,201104
18,30,201104
18,814,201104
18,908,201104
18,416,201104
18,80,201104
18,432,201104
18,415,201104
18,413,201104
18,72,201104
18,101,201104
18,15,201104
18,298,201104
18,410,201104
18,171,201104
18,9,201104
18,7,201104
18,269,201104
18,276,201104
18,24,201104
18,65,201104
18,346,201104
18,81,201104
18,4,201104
18,242,201104
18,35,201104
18,122,201104
18,53,201104
18,234,201104
18,29,201104
18,177,201104
18,40,201104
18,544,201104
18,84,201104
18,271,201104
18,93,201104
18,407,201104
18,120,201104
18,123,201104
18,223,201104
18,430,201104
18,183,201104
18,163,201104
18,144,201104
18,145,201104
18,174,201104
18,46,201104
18,197,201104
18,59,201104
18,89,201104
18,64,201104
18,164,201104
18,125,201104
18,100,201104
18,86,201104
18,44,201104
18,96,201104
18,48,201104
18,111,201104
18,69,201104
18,110,201104
18,97,201104
18,11,201104
19,143,201104
19,282,201104
19,6,201104
19,160,201104
19,77,201104
19,39,201104
19,97,201104
19,40,201104
19,23,201104
19,18,201104
19,175,201104
19,5,201104
19,126,201104
19,83,201104
19,108,201104
19,112,201104
19,146,201104
19,138,201104
19,120,201104
19,13,201104
19,29,201104
19,142,201104
19,180,201104
19,155,201104
19,43,201104
19,52,201104
19,16,201104
19,133,201104
19,32,201104
19,100,201104
19,46,201104
19,149,201104
19,107,201104
19,115,201104
19,165,201104
19,72,201104
19,154,201104
19,80,201104
19,81,201104
19,51,201104
19,28,201104
19,12,201104
19,60,201104
19,113,201104
19,25,201104
19,739,201104
19,54,201104
19,35,201104
19,45,201104
19,59,201104
19,85,201104
19,48,201104
19,208,201104
19,278,201104
19,21,201104
19,158,201104
19,213,201104
19,0,201104
19,36,201104
19,1,201104
19,53,201104
19,99,201104
19,124,201104
19,75,201104
19,27,201104
19,78,201104
19,14,201104
19,102,201104
19,76,201104
19,20,201104
19,2,201104
19,129,201104
19,860,201104
19,26,201104
19,79,201104
19,320,201104
19,38,201104
19,274,201104
19,137,201104
19,96,201104
19,182,201104
19,338,201104
19,101,201104
19,206,201104
19,332,201104
19,140,201104
19,31,201104
19,117,201104
19,195,201104
19,119,201104
19,205,201104
19,114,201104
19,17,201104
19,387,201104
19,192,201104
19,57,201104
19,799,201104
19,136,201104
19,362,201104
19,277,201104
19,134,201104
19,55,201104
19,139,201104
19,92,201104
19,24,201104
19,11,201104
19,10,201104
19,172,201104
19,64,201104
19,176,201104
19,4,201104
19,135,201104
20,160,201104
20,1,201104
20,150,201104
20,146,201104
20,110,201104
20,9,201104
20,180,201104
20,17,201104
20,195,201104
20,107,201104
20,54,201104
20,35,201104
20,4,201104
20,81,201104
20,101,201104
20,183,201104
20,0,201104
20,133,201104
20,38,201104
20,155,201104
20,97,201104
20,48,201104
20,137,201104
20,135,201104
20,13,201104
20,51,201104
20,28,201104
20,40,201104
20,274,201104
20,60,201104
20,26,201104
20,72,201104
20,31,201104
20,77,201104
20,108,201104
20,86,201104
20,102,201104
20,154,201104
20,85,201104
20,149,201104
20,303,201104
20,36,201104
20,136,201104
20,18,201104
20,14,201104
20,83,201104
20,19,201104
20,165,201104
20,12,201104
20,11,201104
20,2,201104
20,99,201104
20,22,201104
20,27,201104
20,92,201104
20,96,201104
20,10,201104
20,1649,201104
20,215,201104
20,736,201104
20,53,201104
20,741,201104
20,211,201104
20,315,201104
20,832,201104
20,177,201104
20,69,201104
20,866,201104
20,906,201104
20,214,201104
20,89,201104
20,261,201104
20,761,201104
20,21,201104
20,23,201104
20,213,201104
20,6,201104
20,189,201104
20,243,201104
20,113,201104
20,184,201104
20,16,201104
20,59,201104
20,33,201104
20,8,201104
20,64,201104
20,25,201104
20,121,201104
20,32,201104
20,7,201104
20,46,201104
20,29,201104
21,755,201104
21,736,201104
21,761,201104
21,745,201104
21,160,201104
21,866,201104
21,5,201104
21,13,201104
21,136,201104
21,143,201104
21,69,201104
21,9,201104
21,6,201104
21,116,201104
21,27,201104
21,99,201104
21,102,201104
21,154,201104
21,32,201104
21,40,201104
21,45,201104
21,28,201104
21,25,201104
21,14,201104
21,17,201104
21,183,201104
21,81,201104
21,149,201104
21,92,201104
21,22,201104
21,19,201104
21,96,201104
21,83,201104
21,59,201104
21,18,201104
21,60,201104
21,31,201104
21,97,201104
21,16,201104
21,346,201104
21,0,201104
21,85,201104
21,77,201104
21,48,201104
21,12,201104
21,112,201104
21,108,201104
21,72,201104
21,11,201104
21,165,201104
21,2,201104
21,274,201104
21,1,201104
21,213,201104
21,7,201104
21,64,201104
21,135,201104
21,20,201104
21,51,201104
21,121,201104
21,89,201104
21,4,201104
21,29,201104
21,137,201104
21,113,201104
21,133,201104
21,23,201104
21,10,201104
22,165,201104
22,160,201104
22,17,201104
22,18,201104
22,115,201104
22,154,201104
22,54,201104
22,139,201104
22,11,201104
22,108,201104
22,121,201104
22,1,201104
22,92,201104
22,183,201104
22,46,201104
22,189,201104
22,6,201104
22,23,201104
22,133,201104
22,77,201104
22,2,201104
22,150,201104
22,213,201104
22,107,201104
22,38,201104
22,0,201104
22,10,201104
22,120,201104
22,4,201104
22,64,201104
22,136,201104
22,211,201104
22,20,201104
22,48,201104
22,13,201104
22,9,201104
22,60,201104
22,14,201104
22,85,201104
22,274,201104
22,12,201104
22,346,201104
22,27,201104
22,81,201104
22,31,201104
22,102,201104
22,19,201104
22,155,201104
22,21,201104
22,113,201104
22,51,201104
22,112,201104
22,5,201104
22,25,201104
22,96,201104
22,135,201104
22,28,201104
22,29,201104
22,97,201104
22,137,201104
23,749,201104
23,160,201104
23,51,201104
23,11,201104
23,136,201104
23,39,201104
23,552,201104
23,89,201104
23,274,201104
23,463,201104
23,521,201104
23,65,201104
23,143,201104
23,28,201104
23,189,201104
23,906,201104
23,77,201104
23,150,201104
23,137,201104
23,100,201104
23,247,201104
23,5,201104
23,1,201104
23,138,201104
23,10,201104
23,501,201104
23,19,201104
23,348,201104
23,211,201104
23,863,201104
23,110,201104
23,81,201104
23,761,201104
23,120,201104
23,40,201104
23,85,201104
23,133,201104
23,161,201104
23,124,201104
23,34,201104
23,83,201104
23,14,201104
23,155,201104
23,22,201104
23,97,201104
23,177,201104
23,92,201104
23,27,201104
23,0,201104
23,108,201104
23,60,201104
23,299,201104
23,18,201104
23,165,201104
23,346,201104
23,12,201104
23,25,201104
23,817,201104
23,31,201104
23,69,201104
23,142,201104
23,345,201104
23,2,201104
23,46,201104
23,1227,201104
23,154,201104
23,183,201104
23,80,201104
23,107,201104
23,96,201104
23,4,201104
23,135,201104
23,20,201104
23,112,201104
23,21,201104
24,160,201104
24,57,201104
24,530,201104
24,163,201104
24,29,201104
24,53,201104
24,85,201104
24,61,201104
24,278,201104
24,41,201104
24,94,201104
24,158,201104
24,86,201104
24,81,201104
24,51,201104
24,14,201104
24,64,201104
24,146,201104
24,19,201104
24,34,201104
24,97,201104
24,26,201104
24,18,201104
24,16,201104
24,54,201104
24,32,201104
24,137,201104
24,136,201104
24,25,201104
24,108,201104
24,6,201104
24,60,201104
24,99,201104
24,46,201104
25,77,201104
25,138,201104
25,146,201104
25,120,201104
25,552,201104
25,339,201104
25,136,201104
25,143,201104
25,9,201104
25,19,201104
25,137,201104
25,34,201104
25,31,201104
25,35,201104
25,54,201104
25,126,201104
25,6,201104
25,160,201104
25,175,201104
25,336,201104
25,80,201104
25,7,201104
25,133,201104
25,96,201104
25,40,201104
25,28,201104
25,139,201104
25,307,201104
25,11,201104
25,45,201104
25,81,201104
25,335,201104
25,39,201104
25,59,201104
25,278,201104
25,333,201104
25,213,201104
25,48,201104
25,371,201104
25,69,201104
25,26,201104
25,93,201104
25,64,201104
25,1,201104
25,303,201104
25,14,201104
25,36,201104
25,158,201104
25,21,201104
25,46,201104
25,346,201104
25,13,201104
25,71,201104
25,52,201104
25,153,201104
25,87,201104
25,97,201104
25,65,201104
25,72,201104
25,340,201104
25,0,201104
25,12,201104
25,110,201104
25,385,201104
25,216,201104
25,154,201104
25,274,201104
25,118,201104
25,27,201104
25,2,201104
25,63,201104
25,53,201104
25,132,201104
25,85,201104
25,32,201104
25,326,201104
25,237,201104
25,393,201104
25,211,201104
25,60,201104
25,29,201104
25,18,201104
25,149,201104
25,83,201104
25,188,201104
25,98,201104
25,157,201104
25,390,201104
25,165,201104
25,76,201104
25,57,201104
25,24,201104
25,107,201104
25,38,201104
25,355,201104
25,58,201104
25,181,201104
25,495,201104
25,544,201104
25,78,201104
25,22,201104
25,101,201104
25,4,201104
25,17,201104
25,116,201104
25,115,201104
25,152,201104
25,341,201104
25,161,201104
25,129,201104
25,327,201104
25,89,201104
25,156,201104
25,100,201104
25,124,201104
25,112,201104
25,47,201104
25,20,201104
25,23,201104
25,51,201104
25,113,201104
25,108,201104
25,16,201104
25,99,201104
25,10,201104
26,85,201104
26,6,201104
26,2,201104
26,13,201104
26,208,201104
26,52,201104
26,60,201104
26,9,201104
26,181,201104
26,48,201104
26,32,201104
26,371,201104
26,112,201104
26,12,201104
26,100,201104
26,140,201104
26,21,201104
26,40,201104
26,1,201104
26,139,201104
26,129,201104
26,320,201104
26,20,201104
26,1366,201104
26,17,201104
26,107,201104
26,19,201104
26,113,201104
26,71,201104
26,136,201104
26,39,201104
26,5,201104
26,0,201104
26,11,201104
26,31,201104
26,80,201104
26,16,201104
26,97,201104
26,176,201104
26,38,201104
26,120,201104
26,18,201104
26,51,201104
26,135,201104
26,64,201104
26,54,201104
26,27,201104
26,108,201104
26,154,201104
26,4,201104
26,99,201104
26,28,201104
26,14,201104
26,25,201104
26,124,201104
26,53,201104
26,10,201104
26,24,201104
26,137,201104
26,158,201104
26,96,201104
26,133,201104
26,57,201104
26,114,201104
26,63,201104
26,65,201104
26,45,201104
26,81,201104
26,101,201104
26,237,201104
26,77,201104
26,76,201104
26,134,201104
26,278,201104
26,117,201104
26,102,201104
26,180,201104
26,83,201104
26,78,201104
26,544,201104
26,131,201104
26,338,201104
26,46,201104
26,192,201104
26,142,201104
26,155,201104
26,126,201104
26,143,201104
26,55,201104
26,860,201104
26,146,201104
26,75,201104
26,36,201104
26,160,201104
26,29,201104
26,35,201104
27,146,201104
27,160,201104
27,282,201104
27,12,201104
27,154,201104
27,181,201104
27,143,201104
27,20,201104
27,77,201104
27,339,201104
27,175,201104
27,64,201104
27,85,201104
27,9,201104
27,102,201104
27,157,201104
27,38,201104
27,813,201104
27,57,201104
27,133,201104
27,4,201104
27,150,201104
27,108,201104
27,96,201104
27,11,201104
27,116,201104
27,19,201104
27,110,201104
27,79,201104
27,176,201104
27,13,201104
27,107,201104
27,93,201104
27,52,201104
27,885,201104
27,155,201104
27,97,201104
27,137,201104
27,1366,201104
27,83,201104
27,17,201104
27,1,201104
27,100,201104
27,1017,201104
27,80,201104
27,46,201104
27,112,201104
27,45,201104
27,53,201104
27,31,201104
27,34,201104
27,26,201104
27,341,201104
27,21,201104
27,54,201104
27,29,201104
27,18,201104
27,32,201104
27,165,201104
27,490,201104
27,183,201104
27,180,201104
27,113,201104
27,69,201104
27,139,201104
27,40,201104
27,136,201104
27,0,201104
27,2,201104
27,81,201104
27,22,201104
27,23,201104
27,25,201104
27,92,201104
27,60,201104
27,5,201104
27,51,201104
27,16,201104
27,48,201104
27,6,201104
27,28,201104
27,14,201104
27,99,201104
27,10,201104
27,274,201104
27,135,201104
28,26,201104
28,12,201104
28,1,201104
28,6,201104
28,23,201104
28,160,201104
28,493,201104
28,143,201104
28,77,201104
28,138,201104
28,146,201104
28,161,201104
28,72,201104
28,85,201104
28,220,201104
28,184,201104
28,741,201104
28,133,201104
28,107,201104
28,80,201104
28,61,201104
28,17,201104
28,14,201104
28,51,201104
28,18,201104
28,21,201104
28,115,201104
28,83,201104
28,116,201104
28,92,201104
28,124,201104
28,9,201104
28,97,201104
28,81,201104
28,180,201104
28,64,201104
28,52,201104
28,102,201104
28,45,201104
28,60,201104
28,346,201104
28,183,201104
28,40,201104
28,20,201104
28,53,201104
28,4,201104
28,135,201104
28,99,201104
28,150,201104
28,13,201104
28,108,201104
28,10,201104
28,89,201104
28,142,201104
28,2,201104
28,29,201104
28,16,201104
28,32,201104
28,54,201104
28,136,201104
28,1227,201104
28,165,201104
28,69,201104
28,38,201104
28,222,201104
28,11,201104
28,0,201104
28,48,201104
28,274,201104
28,31,201104
28,154,201104
28,7,201104
28,59,201104
28,27,201104
28,46,201104
28,96,201104
28,22,201104
28,19,201104
28,112,201104
28,25,201104
28,5,201104
28,137,201104
29,59,201104
29,110,201104
29,89,201104
29,160,201104
29,45,201104
29,101,201104
29,6,201104
29,739,201104
29,76,201104
29,9,201104
29,1,201104
29,675,201104
29,64,201104
29,375,201104
29,17,201104
29,15,201104
29,19,201104
29,1144,201104
29,54,201104
29,35,201104
29,146,201104
29,143,201104
29,25,201104
29,1088,201104
29,175,201104
29,108,201104
29,241,201104
29,55,201104
29,552,201104
29,107,201104
29,135,201104
29,176,201104
29,77,201104
29,126,201104
29,308,201104
29,371,201104
29,120,201104
29,60,201104
29,188,201104
29,58,201104
29,70,201104
29,63,201104
29,544,201104
29,52,201104
29,66,201104
29,34,201104
29,39,201104
29,72,201104
29,32,201104
29,131,201104
29,57,201104
29,169,201104
29,2,201104
29,85,201104
29,154,201104
29,112,201104
29,5,201104
29,46,201104
29,13,201104
29,62,201104
29,97,201104
29,0,201104
29,12,201104
29,145,201104
29,153,201104
29,80,201104
29,78,201104
29,38,201104
29,182,201104
29,181,201104
29,23,201104
29,197,201104
29,125,201104
29,267,201104
29,74,201104
29,244,201104
29,51,201104
29,265,201104
29,71,201104
29,24,201104
29,40,201104
29,124,201104
29,111,201104
29,137,201104
29,139,201104
29,156,201104
29,81,201104
29,31,201104
29,100,201104
29,104,201104
29,117,201104
29,96,201104
29,251,201104
29,44,201104
29,132,201104
29,296,201104
29,320,201104
29,28,201104
29,140,201104
29,303,201104
29,180,201104
29,93,201104
29,102,201104
29,86,201104
29,36,201104
29,18,201104
29,155,201104
29,27,201104
29,142,201104
29,129,201104
29,270,201104
29,170,201104
29,8,201104
29,122,201104
29,83,201104
29,163,201104
29,198,201104
29,269,201104
29,420,201104
29,172,201104
29,61,201104
29,752,201104
29,171,201104
29,276,201104
29,11,201104
29,292,201104
29,16,201104
29,443,201104
29,379,201104
29,43,201104
29,183,201104
29,208,201104
29,141,201104
29,224,201104
29,134,201104
29,233,201104
29,65,201104
29,422,201104
29,144,201104
29,7,201104
29,237,201104
29,165,201104
29,213,201104
29,242,201104
29,178,201104
29,79,201104
29,14,201104
29,159,201104
29,136,201104
29,99,201104
29,75,201104
29,121,201104
29,193,201104
29,53,201104
29,22,201104
29,21,201104
29,10,201104
29,48,201104
29,113,201104
29,4,201104
29,26,201104
29,20,201104
30,247,201104
30,69,201104
30,147,201104
30,12,201104
30,132,201104
30,104,201104
30,136,201104
30,160,201104
30,29,201104
30,143,201104
30,878,201104
30,330,201104
30,776,201104
30,26,201104
30,1090,201104
30,753,201104
30,783,201104
30,40,201104
30,754,201104
30,14,201104
30,18,201104
30,17,201104
30,10,201104
30,1227,201104
30,4,201104
30,11,201104
31,18,201104
31,14,201104
31,136,201104
31,77,201104
31,143,201104
31,104,201104
31,160,201104
31,146,201104
31,463,201104
31,97,201104
31,92,201104
31,142,201104
31,64,201104
31,265,201104
31,85,201104
31,116,201104
31,61,201104
31,278,201104
31,102,201104
31,72,201104
31,112,201104
31,25,201104
31,133,201104
31,165,201104
31,11,201104
31,2,201104
31,83,201104
31,888,201104
31,51,201104
31,124,201104
31,80,201104
31,22,201104
31,0,201104
31,107,201104
31,26,201104
31,155,201104
31,503,201104
31,40,201104
31,99,201104
31,16,201104
31,6,201104
31,98,201104
31,183,201104
31,154,201104
31,53,201104
31,29,201104
31,36,201104
31,115,201104
31,17,201104
31,121,201104
31,180,201104
31,93,201104
31,119,201104
31,13,201104
31,4,201104
31,10,201104
31,46,201104
31,178,201104
31,28,201104
31,149,201104
31,113,201104
31,12,201104
31,20,201104
31,23,201104
31,35,201104
31,5,201104
31,21,201104
31,59,201104
31,32,201104
31,19,201104
31,54,201104
31,57,201104
31,139,201104
31,274,201104
31,38,201104
31,45,201104
31,52,201104
31,1366,201104
31,81,201104
31,48,201104
31,27,201104
31,1,201104
31,100,201104
31,108,201104
31,60,201104
31,135,201104
31,137,201104
32,138,201104
32,54,201104
32,160,201104
32,31,201104
32,135,201104
32,29,201104
32,143,201104
32,4,201104
32,77,201104
32,78,201104
32,161,201104
32,113,201104
32,102,201104
32,28,201104
32,96,201104
32,97,201104
32,11,201104
32,19,201104
32,53,201104
32,92,201104
32,20,201104
32,0,201104
32,18,201104
32,133,201104
32,107,201104
32,124,201104
32,80,201104
32,82,201104
32,13,201104
32,57,201104
32,39,201104
32,126,201104
32,198,201104
32,338,201104
32,119,201104
32,22,201104
32,40,201104
32,101,201104
32,1366,201104
32,12,201104
32,140,201104
32,170,201104
32,63,201104
32,144,201104
32,38,201104
32,27,201104
32,197,201104
32,75,201104
32,64,201104
32,134,201104
32,69,201104
32,163,201104
32,23,201104
32,195,201104
32,270,201104
32,108,201104
32,6,201104
32,26,201104
32,9,201104
32,46,201104
32,141,201104
32,85,201104
32,21,201104
32,62,201104
32,83,201104
32,142,201104
32,17,201104
32,136,201104
32,320,201104
32,48,201104
32,139,201104
32,274,201104
32,94,201104
32,99,201104
32,120,201104
32,1147,201104
32,178,201104
32,10,201104
32,112,201104
32,79,201104
32,100,201104
32,72,201104
32,242,201104
32,52,201104
32,341,201104
32,181,201104
32,146,201104
32,224,201104
32,65,201104
32,814,201104
32,129,201104
32,545,201104
32,5,201104
32,544,201104
32,60,201104
32,58,201104
32,176,201104
32,546,201104
32,145,201104
32,208,201104
32,440,201104
32,117,201104
32,16,201104
32,15,201104
32,269,201104
32,55,201104
32,61,201104
32,155,201104
32,74,201104
32,24,201104
32,45,201104
32,429,201104
32,95,201104
32,25,201104
32,154,201104
32,137,201104
32,81,201104
32,43,201104
32,131,201104
32,237,201104
32,2,201104
32,51,201104
32,171,201104
32,159,201104
32,132,201104
32,66,201104
32,233,201104
32,276,201104
32,44,201104
32,114,201104
32,332,201104
32,206,201104
32,182,201104
32,205,201104
32,76,201104
32,36,201104
32,59,201104
32,362,201104
32,180,201104
32,1,201104
32,35,201104
32,14,201104
33,51,201104
33,133,201104
33,85,201104
33,17,201104
33,12,201104
33,346,201104
33,1169,201104
33,10,201104
33,5,201104
33,1227,201104
33,11,201104
33,136,201104
33,4,201104
33,20,201104
34,72,201104
34,588,201104
34,84,201104
34,160,201104
34,143,201104
34,35,201104
34,552,201104
34,104,201104
34,303,201104
34,165,201104
34,85,201104
34,77,201104
34,46,201104
34,10,201104
34,18,201104
34,31,201104
34,99,201104
34,346,201104
34,2,201104
34,14,201104
34,29,201104
34,17,201104
34,136,201104
34,4,201104
34,1227,201104
34,18,201104
34,10,201104
34,136,201104
34,97,201104
34,29,201104
34,25,201104
34,137,201104
35,339,201104
35,241,201104
35,48,201104
35,26,201104
35,59,201104
35,178,201104
35,36,201104
35,266,201104
35,129,201104
35,137,201104
35,25,201104
35,146,201104
35,108,201104
35,64,201104
35,143,201104
35,160,201104
35,17,201104
35,675,201104
35,76,201104
35,60,201104
35,19,201104
35,652,201104
35,40,201104
35,57,201104
35,6,201104
35,58,201104
35,375,201104
35,16,201104
35,495,201104
35,224,201104
35,20,201104
35,181,201104
35,153,201104
35,14,201104
35,78,201104
35,45,201104
35,46,201104
35,99,201104
35,354,201104
35,97,201104
35,39,201104
35,41,201104
35,21,201104
35,66,201104
35,142,201104
35,355,201104
35,102,201104
35,274,201104
35,93,201104
35,393,201104
35,85,201104
35,167,201104
35,71,201104
35,83,201104
35,31,201104
35,101,201104
35,29,201104
35,100,201104
35,120,201104
35,80,201104
35,18,201104
35,73,201104
35,139,201104
35,38,201104
35,156,201104
35,77,201104
35,81,201104
35,1,201104
35,136,201104
35,173,201104
35,4,201104
35,52,201104
35,32,201104
35,154,201104
35,769,201104
35,172,201104
35,0,201104
35,10,201104
35,13,201104
36,60,201104
36,157,201104
36,463,201104
36,65,201104
36,124,201104
36,23,201104
36,143,201104
36,1276,201104
36,35,201104
36,139,201104
36,160,201104
36,13,201104
36,375,201104
36,10,201104
36,17,201104
36,16,201104
36,22,201104
36,92,201104
36,1,201104
36,85,201104
36,77,201104
36,0,201104
36,25,201104
36,136,201104
36,154,201104
36,64,201104
36,142,201104
36,96,201104
36,38,201104
36,14,201104
36,83,201104
36,52,201104
36,113,201104
36,180,201104
36,178,201104
36,80,201104
36,155,201104
36,6,201104
36,81,201104
36,135,201104
36,171,201104
36,40,201104
36,334,201104
36,29,201104
36,320,201104
36,31,201104
36,138,201104
36,434,201104
36,99,201104
36,32,201104
36,208,201104
36,19,201104
36,26,201104
36,137,201104
36,108,201104
36,97,201104
36,119,201104
36,46,201104
36,59,201104
37,17,201104
37,1,201104
38,120,201104
38,20,201104
38,6,201104
38,160,201104
38,77,201104
38,1209,201104
38,57,201104
38,83,201104
38,124,201104
38,1,201104
38,81,201104
38,142,201104
38,17,201104
38,136,201104
38,16,201104
38,11,201104
38,36,201104
38,85,201104
38,80,201104
38,94,201104
38,99,201104
38,100,201104
38,157,201104
38,180,201104
38,18,201104
38,9,201104
38,274,201104
38,26,201104
38,52,201104
38,14,201104
38,27,201104
38,107,201104
38,29,201104
38,40,201104
38,1147,201104
38,64,201104
38,31,201104
38,92,201104
38,178,201104
38,21,201104
38,2,201104
38,1366,201104
38,146,201104
38,4,201104
38,97,201104
38,5,201104
38,155,201104
38,32,201104
38,48,201104
38,28,201104
38,13,201104
38,59,201104
38,19,201104
38,10,201104
38,46,201104
38,35,201104
38,25,201104
38,108,201104
38,135,201104
38,60,201104
38,137,201104
39,77,201104
39,320,201104
39,501,201104
39,108,201104
39,23,201104
39,160,201104
39,137,201104
39,19,201104
39,143,201104
39,24,201104
39,1691,201104
39,178,201104
39,26,201104
39,59,201104
39,45,201104
39,32,201104
39,97,201104
39,341,201104
39,99,201104
39,46,201104
39,355,201104
39,64,201104
39,29,201104
39,25,201104
40,35,201104
40,57,201104
40,126,201104
40,19,201104
40,77,201104
40,6,201104
40,205,201104
40,281,201104
40,97,201104
40,160,201104
40,16,201104
40,83,201104
40,64,201104
40,180,201104
40,169,201104
40,5,201104
40,158,201104
40,157,201104
40,112,201104
40,28,201104
40,38,201104
40,108,201104
40,2,201104
40,82,201104
40,871,201104
40,155,201104
40,48,201104
40,21,201104
40,32,201104
40,85,201104
40,11,201104
40,26,201104
40,9,201104
40,131,201104
40,146,201104
40,119,201104
40,136,201104
40,0,201104
40,99,201104
40,31,201104
40,60,201104
40,20,201104
40,4,201104
40,100,201104
40,107,201104
40,92,201104
40,54,201104
40,96,201104
40,274,201104
40,17,201104
40,13,201104
40,178,201104
40,80,201104
40,198,201104
40,132,201104
40,59,201104
40,137,201104
40,154,201104
40,29,201104
40,139,201104
40,36,201104
40,27,201104
40,102,201104
40,46,201104
40,320,201104
40,18,201104
40,25,201104
40,52,201104
40,1,201104
40,14,201104
40,10,201104
40,135,201104
41,100,201104
41,36,201104
41,60,201104
41,160,201104
41,77,201104
41,143,201104
41,38,201104
41,35,201104
41,48,201104
41,108,201104
41,137,201104
41,46,201104
41,97,201104
43,54,201104
43,160,201104
43,281,201104
43,44,201104
43,265,201104
43,16,201104
43,18,201104
43,1169,201104
43,99,201104
43,266,201104
43,10,201104
43,29,201104
43,32,201104
43,97,201104
44,43,201104
44,54,201104
44,443,201104
44,10,201104
44,346,201104
44,1169,201104
44,64,201104
44,29,201104
44,32,201104
44,18,201104
45,1044,201104
45,35,201104
45,76,201104
45,39,201104
45,207,201104
45,20,201104
45,112,201104
45,117,201104
45,157,201104
45,83,201104
45,46,201104
45,10,201104
45,5,201104
45,769,201104
45,40,201104
45,0,201104
45,180,201104
45,60,201104
45,81,201104
45,1,201104
45,2,201104
45,113,201104
45,18,201104
45,19,201104
45,4,201104
45,155,201104
45,102,201104
45,120,201104
45,31,201104
45,72,201104
45,149,201104
45,52,201104
45,160,201104
45,136,201104
45,54,201104
45,341,201104
45,29,201104
45,6,201104
45,51,201104
45,17,201104
45,97,201104
45,99,201104
45,13,201104
45,26,201104
45,64,201104
45,32,201104
45,25,201104
45,92,201104
45,137,201104
45,135,201104
45,14,201104
46,39,201104
46,175,201104
46,48,201104
46,13,201104
46,36,201104
46,160,201104
46,77,201104
46,143,201104
46,146,201104
46,80,201104
46,117,201104
46,85,201104
46,27,201104
46,2,201104
46,101,201104
46,65,201104
46,114,201104
46,32,201104
46,35,201104
46,64,201104
46,6,201104
46,158,201104
46,97,201104
46,16,201104
46,60,201104
46,9,201104
46,79,201104
46,126,201104
46,112,201104
46,342,201104
46,165,201104
46,178,201104
46,19,201104
46,341,201104
46,76,201104
46,11,201104
46,102,201104
46,31,201104
46,81,201104
46,83,201104
46,155,201104
46,78,201104
46,278,201104
46,29,201104
46,17,201104
46,63,201104
46,52,201104
46,25,201104
46,140,201104
46,154,201104
46,156,201104
46,142,201104
46,182,201104
46,173,201104
46,57,201104
46,120,201104
46,59,201104
46,224,201104
46,99,201104
46,355,201104
46,445,201104
46,100,201104
46,40,201104
46,58,201104
46,26,201104
46,192,201104
46,176,201104
46,54,201104
46,208,201104
46,14,201104
46,813,201104
46,38,201104
46,45,201104
46,94,201104
46,458,201104
46,287,201104
46,237,201104
46,18,201104
46,141,201104
46,860,201104
46,320,201104
46,95,201104
46,82,201104
46,797,201104
46,250,201104
46,180,201104
46,0,201104
46,544,201104
46,799,201104
46,98,201104
46,134,201104
46,152,201104
46,157,201104
46,124,201104
46,73,201104
46,4,201104
46,106,201104
46,41,201104
46,28,201104
46,172,201104
46,744,201104
46,75,201104
46,769,201104
46,24,201104
46,129,201104
46,137,201104
46,136,201104
46,139,201104
46,20,201104
46,10,201104
46,1,201104
46,108,201104
47,135,201104
47,124,201104
47,83,201104
47,40,201104
47,96,201104
47,27,201104
47,0,201104
47,115,201104
47,346,201104
47,136,201104
47,274,201104
47,92,201104
47,137,201104
47,25,201104
48,160,201104
48,83,201104
48,60,201104
48,38,201104
48,35,201104
48,81,201104
48,195,201104
48,552,201104
48,12,201104
48,652,201104
48,143,201104
48,46,201104
48,85,201104
48,20,201104
48,768,201104
48,64,201104
48,101,201104
48,5,201104
48,769,201104
48,108,201104
48,17,201104
48,4,201104
48,117,201104
48,19,201104
48,165,201104
48,26,201104
48,10,201104
48,419,201104
48,18,201104
48,80,201104
48,320,201104
48,1,201104
48,124,201104
48,113,201104
48,11,201104
48,13,201104
48,51,201104
48,14,201104
48,40,201104
48,94,201104
48,32,201104
48,92,201104
48,146,201104
48,112,201104
48,9,201104
48,41,201104
48,25,201104
48,129,201104
48,102,201104
48,52,201104
48,55,201104
48,96,201104
48,28,201104
48,77,201104
48,16,201104
48,21,201104
48,1366,201104
48,54,201104
48,2,201104
48,274,201104
48,78,201104
48,155,201104
48,176,201104
48,95,201104
48,206,201104
48,181,201104
48,65,201104
48,434,201104
48,63,201104
48,79,201104
48,57,201104
48,316,201104
48,815,201104
48,120,201104
48,99,201104
48,142,201104
48,121,201104
48,180,201104
48,194,201104
48,154,201104
48,136,201104
48,172,201104
48,27,201104
48,0,201104
48,31,201104
48,59,201104
48,208,201104
48,100,201104
48,29,201104
48,119,201104
48,97,201104
48,178,201104
48,6,201104
48,135,201104
48,137,201104
49,806,201104
49,69,201104
49,51,201104
50,69,201104
50,177,201104
50,346,201104
50,1169,201104
50,4,201104
51,17,201104
51,160,201104
51,1320,201104
51,247,201104
51,138,201104
51,143,201104
51,69,201104
51,1196,201104
51,107,201104
51,5,201104
51,281,201104
51,795,201104
51,741,201104
51,110,201104
51,23,201104
51,215,201104
51,214,201104
51,154,201104
51,184,201104
51,132,201104
51,20,201104
51,77,201104
51,175,201104
51,395,201104
51,10,201104
51,30,201104
51,81,201104
51,181,201104
51,211,201104
51,149,201104
51,52,201104
51,19,201104
51,295,201104
51,137,201104
51,96,201104
51,139,201104
51,48,201104
51,11,201104
51,64,201104
51,4,201104
51,9,201104
51,72,201104
51,13,201104
51,31,201104
51,16,201104
51,22,201104
51,60,201104
51,1649,201104
51,136,201104
51,46,201104
51,92,201104
51,274,201104
51,14,201104
51,346,201104
51,45,201104
51,1169,201104
51,0,201104
51,12,201104
51,108,201104
51,2,201104
51,26,201104
51,97,201104
51,8,201104
51,49,201104
51,133,201104
51,113,201104
51,213,201104
51,819,201104
51,85,201104
51,150,201104
51,32,201104
51,33,201104
51,59,201104
51,28,201104
51,29,201104
51,183,201104
51,27,201104
51,7,201104
51,112,201104
51,89,201104
51,6,201104
51,21,201104
51,121,201104
51,135,201104
51,1,201104
51,25,201104
51,18,201104
52,108,201104
52,102,201104
52,180,201104
52,1337,201104
52,146,201104
52,77,201104
52,181,201104
52,19,201104
52,143,201104
52,138,201104
52,293,201104
52,6,201104
52,79,201104
52,160,201104
52,117,201104
52,93,201104
52,27,201104
52,115,201104
52,860,201104
52,106,201104
52,158,201104
52,38,201104
52,45,201104
52,83,201104
52,99,201104
52,139,201104
52,14,201104
52,21,201104
52,208,201104
52,274,201104
52,12,201104
52,16,201104
52,85,201104
52,112,201104
52,80,201104
52,32,201104
52,101,201104
52,35,201104
52,97,201104
52,60,201104
52,26,201104
52,28,201104
52,46,201104
52,57,201104
52,29,201104
52,36,201104
52,51,201104
52,5,201104
52,113,201104
52,64,201104
52,13,201104
52,1,201104
52,25,201104
52,133,201104
52,96,201104
52,92,201104
52,81,201104
52,17,201104
52,100,201104
52,154,201104
52,0,201104
52,59,201104
52,18,201104
52,54,201104
52,48,201104
52,40,201104
52,31,201104
52,136,201104
52,10,201104
52,129,201104
52,135,201104
52,137,201104
53,160,201104
53,136,201104
53,70,201104
53,2,201104
53,64,201104
53,96,201104
53,183,201104
53,0,201104
53,1,201104
53,133,201104
53,130,201104
53,27,201104
53,38,201104
53,137,201104
53,131,201104
53,154,201104
53,346,201104
53,83,201104
53,97,201104
53,32,201104
53,26,201104
53,85,201104
53,1169,201104
53,10,201104
53,25,201104
53,20,201104
53,121,201104
53,1227,201104
53,18,201104
53,11,201104
53,17,201104
53,29,201104
54,1045,201104
54,43,201104
54,440,201104
54,814,201104
54,151,201104
54,136,201104
54,17,201104
54,422,201104
54,143,201104
54,44,201104
54,77,201104
54,18,201104
54,430,201104
54,160,201104
54,29,201104
54,276,201104
54,126,201104
54,112,201104
54,303,201104
54,165,201104
54,133,201104
54,31,201104
54,154,201104
54,21,201104
54,28,201104
54,135,201104
54,5,201104
54,9,201104
54,19,201104
54,119,201104
54,354,201104
54,60,201104
54,1,201104
54,267,201104
54,97,201104
54,78,201104
54,146,201104
54,40,201104
54,1205,201104
54,25,201104
54,2,201104
54,92,201104
54,52,201104
54,27,201104
54,75,201104
54,107,201104
54,178,201104
54,53,201104
54,100,201104
54,1180,201104
54,51,201104
54,32,201104
54,139,201104
54,22,201104
54,85,201104
54,1169,201104
54,64,201104
54,274,201104
54,48,201104
54,137,201104
54,375,201104
54,6,201104
54,16,201104
54,46,201104
54,99,201104
54,12,201104
54,24,201104
54,132,201104
54,74,201104
54,13,201104
54,197,201104
54,94,201104
54,181,201104
54,108,201104
54,83,201104
54,0,201104
54,4,201104
54,81,201104
54,131,201104
54,10,201104
54,26,201104
54,14,201104
54,20,201104
55,134,201104
55,126,201104
55,160,201104
55,180,201104
55,15,201104
55,117,201104
55,143,201104
55,146,201104
55,16,201104
55,64,201104
55,29,201104
55,19,201104
55,99,201104
55,6,201104
55,59,201104
55,32,201104
55,60,201104
55,26,201104
56,102,201104
57,339,201104
57,160,201104
57,178,201104
57,39,201104
57,143,201104
57,77,201104
57,83,201104
57,165,201104
57,116,201104
57,133,201104
57,0,201104
57,72,201104
57,180,201104
57,1,201104
57,28,201104
57,13,201104
57,154,201104
57,2,201104
57,48,201104
57,46,201104
57,21,201104
57,5,201104
57,112,201104
57,101,201104
57,76,201104
57,1147,201104
57,97,201104
57,64,201104
57,119,201104
57,11,201104
57,10,201104
57,32,201104
57,29,201104
57,136,201104
57,26,201104
57,274,201104
57,99,201104
57,16,201104
57,355,201104
57,146,201104
57,1250,201104
57,60,201104
57,25,201104
57,31,201104
57,19,201104
57,375,201104
57,266,201104
57,6,201104
57,92,201104
57,137,201104
57,14,201104
57,135,201104
58,143,201104
58,59,201104
58,160,201104
58,31,201104
58,45,201104
58,35,201104
58,76,201104
58,52,201104
58,25,201104
58,75,201104
58,64,201104
58,97,201104
58,21,201104
58,46,201104
58,136,201104
58,355,201104
58,32,201104
58,29,201104
58,99,201104
58,60,201104
58,14,201104
58,137,201104
59,110,201104
59,19,201104
59,176,201104
59,282,201104
59,138,201104
59,143,201104
59,58,201104
59,322,201104
59,29,201104
59,6,201104
59,675,201104
59,160,201104
59,241,201104
59,45,201104
59,35,201104
59,89,201104
59,77,201104
59,146,201104
59,25,201104
59,16,201104
59,12,201104
59,32,201104
59,83,201104
59,26,201104
59,2,201104
59,39,201104
59,8,201104
59,76,201104
59,140,201104
59,81,201104
59,79,201104
59,104,201104
59,71,201104
59,136,201104
59,205,201104
59,197,201104
59,4,201104
59,10,201104
59,100,201104
59,126,201104
59,23,201104
59,131,201104
59,180,201104
59,132,201104
59,13,201104
59,1065,201104
59,137,201104
59,31,201104
59,64,201104
59,46,201104
59,172,201104
59,52,201104
59,14,201104
59,154,201104
59,99,201104
59,142,201104
59,117,201104
59,38,201104
59,55,201104
59,40,201104
59,120,201104
59,18,201104
59,51,201104
59,11,201104
59,21,201104
59,108,201104
59,85,201104
59,112,201104
59,217,201104
59,5,201104
59,28,201104
59,92,201104
59,194,201104
59,94,201104
59,1,201104
59,134,201104
59,20,201104
59,48,201104
59,121,201104
59,133,201104
59,129,201104
59,0,201104
59,17,201104
59,60,201104
59,139,201104
59,97,201104
59,36,201104
60,143,201104
60,25,201104
60,39,201104
60,20,201104
60,175,201104
60,146,201104
60,160,201104
60,129,201104
60,14,201104
60,46,201104
60,41,201104
60,6,201104
60,48,201104
60,97,201104
60,26,201104
60,35,201104
60,108,201104
60,86,201104
60,316,201104
60,100,201104
60,154,201104
60,22,201104
60,149,201104
60,85,201104
60,124,201104
60,64,201104
60,133,201104
60,28,201104
60,107,201104
60,115,201104
60,172,201104
60,10,201104
60,183,201104
60,7,201104
60,19,201104
60,77,201104
60,112,201104
60,17,201104
60,13,201104
60,176,201104
60,136,201104
60,52,201104
60,369,201104
60,9,201104
60,23,201104
60,1,201104
60,16,201104
60,92,201104
60,72,201104
60,370,201104
60,178,201104
60,113,201104
60,181,201104
60,21,201104
60,1258,201104
60,4,201104
60,51,201104
60,182,201104
60,165,201104
60,134,201104
60,18,201104
60,32,201104
60,5,201104
60,156,201104
60,132,201104
60,11,201104
60,12,201104
60,237,201104
60,269,201104
60,170,201104
60,54,201104
60,101,201104
60,63,201104
60,27,201104
60,163,201104
60,860,201104
60,65,201104
60,99,201104
60,58,201104
60,274,201104
60,57,201104
60,157,201104
60,769,201104
60,120,201104
60,55,201104
60,96,201104
60,217,201104
60,24,201104
60,194,201104
60,208,201104
60,197,201104
60,142,201104
60,117,201104
60,79,201104
60,83,201104
60,1366,201104
60,195,201104
60,137,201104
60,80,201104
60,38,201104
60,2,201104
60,81,201104
60,75,201104
60,126,201104
60,135,201104
60,139,201104
60,180,201104
60,40,201104
60,0,201104
60,155,201104
60,31,201104
60,59,201104
60,119,201104
60,29,201104
60,102,201104
61,138,201104
61,234,201104
61,415,201104
61,69,201104
61,143,201104
61,160,201104
61,407,201104
61,111,201104
61,183,201104
61,57,201104
61,70,201104
61,32,201104
61,14,201104
61,18,201104
61,136,201104
61,17,201104
61,29,201104
61,266,201104
61,137,201104
61,10,201104
61,1227,201104
62,66,201104
62,30,201104
62,1072,201104
62,59,201104
62,339,201104
62,160,201104
62,143,201104
62,271,201104
62,27,201104
62,44,201104
62,198,201104
62,341,201104
62,29,201104
62,146,201104
62,32,201104
62,137,201104
62,375,201104
62,266,201104
62,97,201104
63,160,201104
63,80,201104
63,72,201104
63,32,201104
63,178,201104
63,29,201104
63,316,201104
63,46,201104
63,26,201104
63,25,201104
63,99,201104
63,48,201104
63,60,201104
63,64,201104
63,97,201104
64,142,201104
64,76,201104
64,143,201104
64,14,201104
64,77,201104
64,61,201104
64,29,201104
64,20,201104
64,99,201104
64,160,201104
64,6,201104
64,83,201104
64,161,201104
64,81,201104
64,26,201104
64,57,201104
64,287,201104
64,80,201104
64,158,201104
64,320,201104
64,58,201104
64,135,201104
64,375,201104
64,0,201104
64,17,201104
64,188,201104
64,176,201104
64,1471,201104
64,25,201104
64,140,201104
64,97,201104
64,85,201104
64,739,201104
64,16,201104
64,9,201104
64,108,201104
64,154,201104
64,237,201104
64,31,201104
64,24,201104
64,48,201104
64,28,201104
64,34,201104
64,78,201104
64,46,201104
64,120,201104
64,274,201104
64,180,201104
64,157,201104
64,136,201104
64,208,201104
64,139,201104
64,1,201104
64,22,201104
64,178,201104
64,13,201104
64,155,201104
64,21,201104
64,107,201104
64,51,201104
64,55,201104
64,5,201104
64,32,201104
64,39,201104
64,10,201104
64,2,201104
64,7,201104
64,156,201104
64,104,201104
64,44,201104
64,298,201104
64,163,201104
64,175,201104
64,15,201104
64,27,201104
64,52,201104
64,35,201104
64,126,201104
64,703,201104
64,96,201104
64,40,201104
64,117,201104
64,102,201104
64,4,201104
64,146,201104
64,38,201104
64,220,201104
64,449,201104
64,92,201104
64,722,201104
64,54,201104
64,129,201104
64,134,201104
64,549,201104
64,45,201104
64,59,201104
64,373,201104
64,72,201104
64,100,201104
64,730,201104
64,137,201104
64,53,201104
64,11,201104
64,63,201104
64,172,201104
64,18,201104
64,101,201104
64,332,201104
64,205,201104
64,192,201104
64,79,201104
64,121,201104
64,19,201104
64,60,201104
65,339,201104
65,14,201104
65,274,201104
65,463,201104
65,23,201104
65,143,201104
65,25,201104
65,54,201104
65,146,201104
65,100,201104
65,1283,201104
65,543,201104
65,975,201104
65,544,201104
65,92,201104
65,85,201104
65,99,201104
65,178,201104
65,1147,201104
65,160,201104
65,18,201104
65,32,201104
65,26,201104
65,46,201104
65,1250,201104
65,48,201104
65,97,201104
65,266,201104
65,375,201104
65,29,201104
65,60,201104
65,137,201104
66,77,201104
66,160,201104
66,143,201104
66,62,201104
66,175,201104
66,29,201104
66,126,201104
66,18,201104
66,32,201104
66,97,201104
66,16,201104
66,10,201104
66,1227,201104
66,146,201104
66,266,201104
66,375,201104
67,775,201104
67,738,201104
67,372,201104
67,136,201104
67,11,201104
68,136,201104
69,311,201104
69,247,201104
69,84,201104
69,50,201104
69,143,201104
69,110,201104
69,177,201104
69,317,201104
69,132,201104
69,806,201104
69,49,201104
69,160,201104
69,51,201104
69,137,201104
69,154,201104
69,274,201104
69,12,201104
69,213,201104
69,96,201104
69,20,201104
69,40,201104
69,125,201104
69,17,201104
69,113,201104
69,135,201104
69,25,201104
69,92,201104
69,31,201104
69,107,201104
69,27,201104
69,32,201104
69,19,201104
69,10,201104
69,97,201104
69,346,201104
69,99,201104
69,13,201104
69,133,201104
69,21,201104
69,11,201104
69,23,201104
69,28,201104
69,136,201104
69,1,201104
69,4,201104
69,183,201104
69,5,201104
69,18,201104
70,53,201104
70,153,201104
70,160,201104
70,15,201104
70,2,201104
70,101,201104
70,346,201104
70,1169,201104
70,10,201104
70,17,201104
70,11,201104
70,1,201104
70,136,201104
70,137,201104
71,18,201104
71,26,201104
71,6,201104
71,25,201104
71,17,201104
71,136,201104
71,97,201104
71,35,201104
71,59,201104
71,29,201104
71,137,201104
72,4,201104
72,104,201104
72,552,201104
72,28,201104
72,71,201104
72,160,201104
72,143,201104
72,136,201104
72,9,201104
72,116,201104
72,80,201104
72,111,201104
72,107,201104
72,213,201104
72,77,201104
72,165,201104
72,33,201104
72,5,201104
72,83,201104
72,23,201104
72,51,201104
72,183,201104
72,112,201104
72,17,201104
72,40,201104
72,48,201104
72,76,201104
72,115,201104
72,93,201104
72,1366,201104
72,211,201104
72,11,201104
72,12,201104
72,0,201104
72,149,201104
72,97,201104
72,108,201104
72,14,201104
72,85,201104
72,29,201104
72,133,201104
72,20,201104
72,537,201104
72,21,201104
72,13,201104
72,346,201104
72,47,201104
72,96,201104
72,35,201104
72,26,201104
72,113,201104
72,135,201104
72,32,201104
72,25,201104
72,2,201104
72,6,201104
72,64,201104
72,18,201104
72,137,201104
72,10,201104
72,154,201104
72,1,201104
72,92,201104
72,274,201104
73,530,201104
73,35,201104
73,46,201104
73,97,201104
74,54,201104
74,24,201104
74,9,201104
74,43,201104
74,29,201104
74,32,201104
74,276,201104
74,1147,201104
74,346,201104
74,18,201104
74,16,201104
75,158,201104
75,131,201104
75,278,201104
75,32,201104
75,97,201104
75,26,201104
75,178,201104
75,10,201104
75,341,201104
75,19,201104
75,99,201104
75,54,201104
75,13,201104
75,108,201104
75,139,201104
75,29,201104
75,136,201104
75,60,201104
75,46,201104
76,278,201104
76,282,201104
76,6,201104
76,143,201104
76,129,201104
76,281,201104
76,813,201104
76,160,201104
76,38,201104
76,83,201104
76,140,201104
76,146,201104
76,77,201104
76,35,201104
76,124,201104
76,15,201104
76,32,201104
76,45,201104
76,9,201104
76,59,201104
76,125,201104
76,13,201104
76,26,201104
76,99,201104
76,14,201104
76,57,201104
76,341,201104
76,29,201104
76,1147,201104
76,19,201104
76,46,201104
76,178,201104
76,64,201104
76,1250,201104
76,375,201104
76,266,201104
76,97,201104
76,25,201104
76,137,201104
77,146,201104
77,1,201104
77,51,201104
77,143,201104
77,19,201104
77,64,201104
77,155,201104
77,31,201104
77,18,201104
77,14,201104
77,39,201104
77,76,201104
77,79,201104
77,28,201104
77,154,201104
77,160,201104
77,52,201104
77,59,201104
77,6,201104
77,176,201104
77,4,201104
77,137,201104
77,12,201104
77,281,201104
77,57,201104
77,17,201104
77,29,201104
77,54,201104
77,66,201104
77,136,201104
77,27,201104
77,16,201104
77,131,201104
77,110,201104
77,120,201104
77,112,201104
77,97,201104
77,101,201104
77,5,201104
77,25,201104
77,35,201104
77,178,201104
77,83,201104
77,13,201104
77,40,201104
77,38,201104
77,23,201104
77,195,201104
77,32,201104
77,46,201104
77,181,201104
77,15,201104
77,102,201104
77,0,201104
77,94,201104
77,96,201104
77,85,201104
77,9,201104
77,26,201104
77,142,201104
77,22,201104
77,183,201104
77,165,201104
77,34,201104
77,20,201104
77,133,201104
77,81,201104
77,113,201104
77,92,201104
77,180,201104
77,60,201104
77,21,201104
77,182,201104
77,100,201104
77,36,201104
77,135,201104
77,1147,201104
77,336,201104
77,274,201104
77,80,201104
77,107,201104
77,99,201104
77,10,201104
77,129,201104
77,48,201104
77,11,201104
77,108,201104
77,139,201104
78,160,201104
78,142,201104
78,82,201104
78,126,201104
78,26,201104
78,444,201104
78,32,201104
78,16,201104
78,24,201104
78,143,201104
78,64,201104
78,134,201104
78,29,201104
78,14,201104
78,341,201104
78,19,201104
78,355,201104
78,46,201104
78,99,201104
78,97,201104
78,35,201104
78,48,201104
78,25,201104
78,137,201104
78,6,201104
79,77,201104
79,182,201104
79,160,201104
79,208,201104
79,265,201104
79,45,201104
79,6,201104
79,19,201104
79,97,201104
79,34,201104
79,32,201104
79,46,201104
79,1250,201104
79,48,201104
79,375,201104
79,64,201104
79,29,201104
79,266,201104
79,60,201104
80,142,201104
80,512,201104
80,160,201104
80,58,201104
80,266,201104
80,143,201104
80,125,201104
80,287,201104
80,9,201104
80,180,201104
80,113,201104
80,102,201104
80,133,201104
80,24,201104
80,83,201104
80,106,201104
80,57,201104
80,40,201104
80,183,201104
80,12,201104
80,22,201104
80,149,201104
80,1147,201104
80,136,201104
80,85,201104
80,155,201104
80,23,201104
80,38,201104
80,165,201104
80,27,201104
80,139,201104
80,97,201104
80,64,201104
80,20,201104
80,21,201104
80,17,201104
80,19,201104
80,115,201104
80,4,201104
80,341,201104
80,32,201104
80,16,201104
80,77,201104
80,26,201104
80,29,201104
80,96,201104
80,48,201104
80,28,201104
80,46,201104
80,18,201104
80,35,201104
80,31,201104
80,100,201104
80,154,201104
80,10,201104
80,1,201104
80,108,201104
80,0,201104
80,135,201104
80,92,201104
80,60,201104
80,274,201104
80,137,201104
80,25,201104
80,14,201104
81,13,201104
81,48,201104
81,16,201104
81,143,201104
81,1130,201104
81,112,201104
81,113,201104
81,1366,201104
81,244,201104
81,26,201104
81,28,201104
81,142,201104
81,80,201104
81,40,201104
81,58,201104
81,133,201104
81,21,201104
81,139,201104
81,5,201104
81,64,201104
81,274,201104
81,17,201104
81,23,201104
81,54,201104
81,380,201104
81,29,201104
81,205,201104
81,52,201104
81,32,201104
81,77,201104
81,51,201104
81,9,201104
81,18,201104
81,154,201104
81,11,201104
81,178,201104
81,96,201104
81,341,201104
81,83,201104
81,107,201104
81,155,201104
81,14,201104
81,19,201104
81,85,201104
81,46,201104
81,4,201104
81,0,201104
81,136,201104
81,97,201104
81,25,201104
81,100,201104
81,92,201104
81,137,201104
81,6,201104
81,99,201104
81,27,201104
81,59,201104
81,160,201104
81,35,201104
81,60,201104
81,31,201104
81,1,201104
81,10,201104
81,108,201104
81,135,201104
82,31,201104
82,278,201104
82,64,201104
82,178,201104
82,46,201104
82,97,201104
83,101,201104
83,20,201104
83,19,201104
83,38,201104
83,282,201104
83,160,201104
83,40,201104
83,76,201104
83,175,201104
83,120,201104
83,143,201104
83,77,201104
83,41,201104
83,93,201104
83,115,201104
83,29,201104
83,81,201104
83,0,201104
83,59,201104
83,72,201104
83,57,201104
83,85,201104
83,45,201104
83,80,201104
83,237,201104
83,176,201104
83,5,201104
83,1366,201104
83,10,201104
83,13,201104
83,288,201104
83,4,201104
83,69,201104
83,100,201104
83,136,201104
83,54,201104
83,99,201104
83,18,201104
83,27,201104
83,133,201104
83,139,201104
83,31,201104
83,1,201104
83,14,201104
83,32,201104
83,154,201104
83,96,201104
83,274,201104
83,208,201104
83,117,201104
83,22,201104
83,108,201104
83,64,201104
83,165,201104
83,463,201104
83,97,201104
83,142,201104
83,16,201104
83,134,201104
83,53,201104
83,79,201104
83,178,201104
83,28,201104
83,1147,201104
83,12,201104
83,60,201104
83,36,201104
83,6,201104
83,124,201104
83,341,201104
83,46,201104
83,23,201104
83,52,201104
83,137,201104
83,21,201104
83,35,201104
83,112,201104
83,2,201104
83,92,201104
83,17,201104
83,155,201104
83,102,201104
83,180,201104
83,26,201104
83,146,201104
83,25,201104
83,48,201104
83,135,201104
84,223,201104
84,34,201104
84,164,201104
84,160,201104
84,30,201104
84,753,201104
84,86,201104
84,88,201104
84,4,201104
84,1227,201104
84,18,201104
84,136,201104
84,10,201104
84,11,201104
85,143,201104
85,35,201104
85,112,201104
85,483,201104
85,552,201104
85,137,201104
85,740,201104
85,160,201104
85,165,201104
85,32,201104
85,29,201104
85,214,201104
85,150,201104
85,69,201104
85,71,201104
85,133,201104
85,147,201104
85,83,201104
85,28,201104
85,161,201104
85,157,201104
85,183,201104
85,13,201104
85,0,201104
85,57,201104
85,108,201104
85,31,201104
85,19,201104
85,58,201104
85,136,201104
85,23,201104
85,211,201104
85,119,201104
85,40,201104
85,64,201104
85,154,201104
85,51,201104
85,107,201104
85,77,201104
85,120,201104
85,100,201104
85,115,201104
85,38,201104
85,906,201104
85,25,201104
85,113,201104
85,65,201104
85,18,201104
85,1,201104
85,9,201104
85,121,201104
85,97,201104
85,16,201104
85,1147,201104
85,52,201104
85,20,201104
85,26,201104
85,341,201104
85,22,201104
85,266,201104
85,27,201104
85,6,201104
85,81,201104
85,4,201104
85,102,201104
85,72,201104
85,149,201104
85,124,201104
85,96,201104
85,21,201104
85,116,201104
85,93,201104
85,11,201104
85,60,201104
85,48,201104
85,17,201104
85,5,201104
85,59,201104
85,46,201104
85,135,201104
85,14,201104
85,10,201104
85,92,201104
85,274,201104
86,84,201104
86,20,201104
86,97,201104
86,136,201104
86,29,201104
86,1227,201104
86,10,201104
86,4,201104
86,18,201104
86,11,201104
87,203,201104
87,89,201104
87,291,201104
87,2,201104
87,25,201104
88,163,201104
88,84,201104
88,18,201104
88,4,201104
88,136,201104
88,11,201104
89,90,201104
89,247,201104
89,8,201104
89,23,201104
89,20,201104
89,7,201104
89,17,201104
89,212,201104
89,87,201104
89,243,201104
89,778,201104
89,5,201104
89,323,201104
89,770,201104
89,133,201104
89,1408,201104
89,1227,201104
89,110,201104
89,59,201104
89,16,201104
89,18,201104
89,113,201104
89,10,201104
89,51,201104
89,222,201104
89,25,201104
89,29,201104
89,4,201104
89,1,201104
89,6,201104
89,21,201104
89,28,201104
89,112,201104
89,11,201104
89,136,201104
89,97,201104
89,137,201104
90,89,201104
90,17,201104
90,8,201104
90,243,201104
90,7,201104
92,32,201104
92,1,201104
92,65,201104
92,463,201104
92,1250,201104
92,36,201104
92,40,201104
92,13,201104
92,180,201104
92,139,201104
92,113,201104
92,102,201104
92,155,201104
92,1283,201104
92,112,201104
92,64,201104
92,20,201104
92,17,201104
92,183,201104
92,97,201104
92,21,201104
92,116,201104
92,135,201104
92,137,201104
92,54,201104
92,2,201104
92,38,201104
92,69,201104
92,77,201104
92,11,201104
92,52,201104
92,120,201104
92,60,201104
92,142,201104
92,26,201104
92,51,201104
92,23,201104
92,16,201104
92,22,201104
92,4,201104
92,18,201104
92,83,201104
92,119,201104
92,81,201104
92,143,201104
92,341,201104
92,107,201104
92,133,201104
92,136,201104
92,115,201104
92,57,201104
92,100,201104
92,19,201104
92,124,201104
92,45,201104
92,27,201104
92,1366,201104
92,59,201104
92,149,201104
92,80,201104
92,5,201104
92,165,201104
92,157,201104
92,48,201104
92,96,201104
92,47,201104
92,28,201104
92,72,201104
92,9,201104
92,108,201104
92,31,201104
92,85,201104
92,154,201104
92,93,201104
92,14,201104
92,10,201104
92,0,201104
92,274,201104
93,160,201104
93,339,201104
93,2,201104
93,146,201104
93,124,201104
93,552,201104
93,165,201104
93,26,201104
93,64,201104
93,180,201104
93,108,201104
93,115,201104
93,112,201104
93,10,201104
93,32,201104
93,45,201104
93,119,201104
93,143,201104
93,136,201104
93,393,201104
93,0,201104
93,48,201104
93,1,201104
93,9,201104
93,72,201104
93,35,201104
93,1147,201104
93,346,201104
93,154,201104
93,1227,201104
93,135,201104
93,60,201104
93,1236,201104
93,85,201104
93,274,201104
93,18,201104
93,25,201104
93,92,201104
94,24,201104
94,158,201104
94,64,201104
94,182,201104
94,0,201104
94,45,201104
94,154,201104
94,146,201104
94,6,201104
94,1147,201104
94,13,201104
94,341,201104
94,46,201104
94,99,201104
94,77,201104
94,54,201104
94,14,201104
94,135,201104
94,59,201104
94,97,201104
95,160,201104
95,77,201104
95,281,201104
95,48,201104
95,32,201104
95,375,201104
95,266,201104
95,46,201104
96,5,201104
96,29,201104
96,777,201104
96,130,201104
96,160,201104
96,115,201104
96,180,201104
96,23,201104
96,1,201104
96,299,201104
96,143,201104
96,153,201104
96,18,201104
96,16,201104
96,183,201104
96,12,201104
96,303,201104
96,113,201104
96,52,201104
96,93,201104
96,211,201104
96,372,201104
96,116,201104
96,213,201104
96,9,201104
96,83,201104
96,165,201104
96,45,201104
96,1794,201104
96,756,201104
96,102,201104
96,13,201104
96,58,201104
96,133,201104
96,906,201104
96,119,201104
96,124,201104
96,69,201104
96,21,201104
96,51,201104
96,64,201104
96,282,201104
96,10,201104
96,139,201104
96,0,201104
96,31,201104
96,54,201104
96,19,201104
96,57,201104
96,40,201104
96,20,201104
96,1169,201104
96,1269,201104
96,26,201104
96,136,201104
96,72,201104
96,757,201104
96,801,201104
96,107,201104
96,108,201104
96,112,201104
96,11,201104
96,85,201104
96,2,201104
96,149,201104
96,25,201104
96,17,201104
96,27,201104
96,154,201104
96,60,201104
96,14,201104
96,22,201104
96,28,201104
96,4,201104
96,92,201104
96,135,201104
96,97,201104
96,274,201104
96,137,201104
97,138,201104
97,60,201104
97,92,201104
97,160,201104
97,380,201104
97,143,201104
97,154,201104
97,6,201104
97,110,201104
97,77,201104
97,2,201104
97,85,201104
97,35,201104
97,19,201104
97,108,201104
97,146,201104
97,167,201104
97,552,201104
97,46,201104
97,175,201104
97,114,201104
97,61,201104
97,4,201104
97,76,201104
97,13,201104
97,80,201104
97,23,201104
97,503,201104
97,371,201104
97,0,201104
97,129,201104
97,140,201104
97,161,201104
97,204,201104
97,165,201104
97,739,201104
97,31,201104
97,157,201104
97,136,201104
97,66,201104
97,17,201104
97,64,201104
97,83,201104
97,237,201104
97,99,201104
97,27,201104
97,131,201104
97,158,201104
97,133,201104
97,26,201104
97,40,201104
97,10,201104
97,39,201104
97,79,201104
97,32,201104
97,102,201104
97,398,201104
97,900,201104
97,156,201104
97,29,201104
97,195,201104
97,28,201104
97,69,201104
97,21,201104
97,152,201104
97,355,201104
97,180,201104
97,169,201104
97,341,201104
97,544,201104
97,25,201104
97,139,201104
97,71,201104
97,393,201104
97,106,201104
97,52,201104
97,58,201104
97,45,201104
97,93,201104
97,57,201104
97,38,201104
97,81,201104
97,86,201104
97,224,201104
97,101,201104
97,78,201104
97,24,201104
97,173,201104
97,935,201104
97,16,201104
97,769,201104
97,1065,201104
97,62,201104
97,269,201104
97,65,201104
97,540,201104
97,1147,201104
97,12,201104
97,43,201104
97,860,201104
97,181,201104
97,510,201104
97,117,201104
97,126,201104
97,72,201104
97,813,201104
97,455,201104
97,1258,201104
97,208,201104
97,495,201104
97,1052,201104
97,9,201104
97,197,201104
97,75,201104
97,452,201104
97,34,201104
97,216,201104
97,118,201104
97,104,201104
97,320,201104
97,192,201104
97,112,201104
97,53,201104
97,435,201104
97,287,201104
97,132,201104
97,198,201104
97,178,201104
97,1366,201104
97,188,201104
97,63,201104
97,172,201104
97,176,201104
97,163,201104
97,1,201104
97,94,201104
97,155,201104
97,134,201104
97,141,201104
97,278,201104
97,124,201104
97,20,201104
97,41,201104
97,73,201104
97,250,201104
97,36,201104
97,142,201104
97,89,201104
97,120,201104
97,22,201104
97,100,201104
97,98,201104
97,342,201104
97,48,201104
97,96,201104
97,51,201104
97,54,201104
97,18,201104
97,113,201104
97,135,201104
97,137,201104
97,14,201104
97,82,201104
97,59,201104
97,11,201104
98,543,201104
98,544,201104
98,31,201104
98,355,201104
98,25,201104
98,46,201104
98,160,201104
98,137,201104
98,97,201104
99,32,201104
99,14,201104
99,64,201104
99,11,201104
99,169,201104
99,20,201104
99,52,201104
99,161,201104
99,0,201104
99,59,201104
99,17,201104
99,31,201104
99,4,201104
99,85,201104
99,154,201104
99,2,201104
99,26,201104
99,65,201104
99,58,201104
99,97,201104
99,27,201104
99,54,201104
99,48,201104
99,107,201104
99,150,201104
99,320,201104
99,157,201104
99,113,201104
99,278,201104
99,38,201104
99,117,201104
99,142,201104
99,21,201104
99,106,201104
99,129,201104
99,40,201104
99,35,201104
99,156,201104
99,76,201104
99,100,201104
99,267,201104
99,43,201104
99,296,201104
99,45,201104
99,144,201104
99,39,201104
99,131,201104
99,101,201104
99,19,201104
99,28,201104
99,77,201104
99,114,201104
99,134,201104
99,744,201104
99,146,201104
99,46,201104
99,112,201104
99,83,201104
99,78,201104
99,18,201104
99,155,201104
99,208,201104
99,102,201104
99,126,201104
99,16,201104
99,81,201104
99,170,201104
99,24,201104
99,224,201104
99,181,201104
99,57,201104
99,75,201104
99,180,201104
99,143,201104
99,63,201104
99,160,201104
99,132,201104
99,139,201104
99,60,201104
99,36,201104
99,94,201104
99,6,201104
99,108,201104
99,12,201104
99,137,201104
99,10,201104
99,29,201104
99,55,201104
99,136,201104
99,13,201104
99,1,201104
99,25,201104
100,143,201104
100,739,201104
100,160,201104
100,455,201104
100,129,201104
100,73,201104
100,136,201104
100,146,201104
100,1,201104
100,51,201104
100,320,201104
100,18,201104
100,83,201104
100,165,201104
100,16,201104
100,112,201104
100,64,201104
100,52,201104
100,29,201104
100,113,201104
100,2,201104
100,26,201104
100,176,201104
100,25,201104
100,40,201104
100,137,201104
100,77,201104
100,119,201104
100,28,201104
100,19,201104
100,13,201104
100,120,201104
100,4,201104
100,85,201104
100,27,201104
100,80,201104
100,180,201104
100,38,201104
100,274,201104
100,181,201104
100,341,201104
100,32,201104
100,155,201104
100,99,201104
100,72,201104
100,0,201104
100,81,201104
100,102,201104
100,46,201104
100,6,201104
100,35,201104
100,135,201104
100,92,201104
100,10,201104
100,108,201104
100,48,201104
100,31,201104
100,59,201104
100,97,201104
100,14,201104
101,126,201104
101,271,201104
101,160,201104
101,77,201104
101,170,201104
101,0,201104
101,143,201104
101,102,201104
101,208,201104
101,2247,201104
101,146,201104
101,92,201104
101,64,201104
101,136,201104
101,178,201104
101,341,201104
101,76,201104
101,36,201104
101,99,201104
101,97,201104
101,16,201104
101,26,201104
101,35,201104
101,6,201104
101,1250,201104
101,32,201104
101,18,201104
101,48,201104
101,355,201104
101,29,201104
101,19,201104
101,46,201104
101,60,201104
101,375,201104
101,266,201104
101,25,201104
101,137,201104
102,15,201104
102,349,201104
102,62,201104
102,10,201104
102,297,201104
102,52,201104
102,120,201104
102,77,201104
102,5,201104
102,54,201104
102,101,201104
102,78,201104
102,17,201104
102,112,201104
102,9,201104
102,124,201104
102,16,201104
102,178,201104
102,26,201104
102,274,201104
102,96,201104
102,80,201104
102,0,201104
102,32,201104
102,59,201104
102,165,201104
102,136,201104
102,97,201104
102,100,201104
102,83,201104
102,2,201104
102,154,201104
102,14,201104
102,156,201104
102,129,201104
102,20,201104
102,99,201104
102,113,201104
102,137,201104
102,92,201104
102,36,201104
102,28,201104
102,143,201104
102,48,201104
102,85,201104
102,46,201104
102,64,201104
102,40,201104
102,81,201104
102,29,201104
102,31,201104
102,139,201104
102,19,201104
102,18,201104
102,6,201104
102,1,201104
102,135,201104
102,108,201104
102,60,201104
103,10,201104
104,282,201104
104,34,201104
104,143,201104
104,160,201104
104,59,201104
104,55,201104
104,341,201104
104,64,201104
104,29,201104
104,136,201104
104,1227,201104
104,17,201104
104,266,201104
104,375,201104
104,10,201104
104,97,201104
104,137,201104
105,11,201104
105,247,201104
105,22,201104
105,1227,201104
105,10,201104
105,121,201104
105,136,201104
106,14,201104
106,278,201104
106,143,201104
106,134,201104
106,341,201104
106,1250,201104
106,97,201104
106,434,201104
106,46,201104
107,143,201104
107,5,201104
107,23,201104
107,501,201104
107,21,201104
107,160,201104
107,57,201104
107,60,201104
107,7,201104
107,28,201104
107,113,201104
107,119,201104
107,19,201104
107,37,201104
107,20,201104
107,27,201104
107,750,201104
107,213,201104
107,131,201104
107,52,201104
107,40,201104
107,149,201104
107,274,201104
107,17,201104
107,81,201104
107,2,201104
107,102,201104
107,69,201104
107,93,201104
107,154,201104
107,45,201104
107,96,201104
107,13,201104
107,22,201104
107,32,201104
107,18,201104
107,38,201104
107,85,201104
107,165,201104
107,12,201104
107,1227,201104
107,77,201104
107,180,201104
107,31,201104
107,26,201104
107,92,201104
107,14,201104
107,133,201104
107,11,201104
107,136,201104
107,183,201104
107,4,201104
107,25,201104
107,29,201104
107,135,201104
107,112,201104
107,51,201104
107,1,201104
107,137,201104
107,10,201104
108,31,201104
108,354,201104
108,40,201104
108,35,201104
108,160,201104
108,60,201104
108,77,201104
108,48,201104
108,375,201104
108,142,201104
108,19,201104
108,59,201104
108,1,201104
108,116,201104
108,124,201104
108,57,201104
108,45,201104
108,21,201104
108,133,201104
108,107,201104
108,113,201104
108,115,201104
108,180,201104
108,23,201104
108,9,201104
108,20,201104
108,25,201104
108,18,201104
108,149,201104
108,30,201104
108,72,201104
108,83,201104
108,14,201104
108,52,201104
108,5,201104
108,16,201104
108,112,201104
108,183,201104
108,12,201104
108,13,201104
108,27,201104
108,2,201104
108,28,201104
108,32,201104
108,144,201104
108,4,201104
108,17,201104
108,51,201104
108,165,201104
108,129,201104
108,96,201104
108,26,201104
108,41,201104
108,156,201104
108,769,201104
108,274,201104
108,38,201104
108,208,201104
108,85,201104
108,99,201104
108,117,201104
108,24,201104
108,54,201104
108,181,201104
108,197,201104
108,75,201104
108,143,201104
108,6,201104
108,178,201104
108,80,201104
108,136,201104
108,100,201104
108,154,201104
108,146,201104
108,36,201104
108,119,201104
108,0,201104
108,10,201104
108,81,201104
108,92,201104
108,155,201104
108,102,201104
108,29,201104
108,64,201104
108,135,201104
108,97,201104
108,137,201104
108,46,201104
109,306,201104
109,128,201104
109,864,201104
109,110,201104
109,592,201104
109,676,201104
109,305,201104
109,127,201104
109,677,201104
109,4,201104
109,913,201104
109,427,201104
109,633,201104
109,840,201104
109,948,201104
109,593,201104
109,729,201104
109,723,201104
109,629,201104
109,724,201104
109,628,201104
110,634,201104
110,6,201104
110,4,201104
110,897,201104
110,85,201104
110,352,201104
110,631,201104
110,484,201104
110,639,201104
110,231,201104
110,230,201104
110,427,201104
110,201,201104
110,920,201104
110,160,201104
110,29,201104
110,185,201104
110,232,201104
110,715,201104
110,633,201104
110,247,201104
110,841,201104
110,643,201104
110,525,201104
110,138,201104
110,225,201104
110,137,201104
110,808,201104
110,236,201104
110,575,201104
110,128,201104
110,45,201104
110,600,201104
110,472,201104
110,59,201104
110,229,201104
110,226,201104
110,424,201104
110,425,201104
110,146,201104
110,532,201104
110,635,201104
110,465,201104
110,290,201104
110,925,201104
110,5,201104
110,281,201104
110,186,201104
110,241,201104
110,17,201104
110,235,201104
110,704,201104
110,789,201104
110,818,201104
110,378,201104
110,471,201104
110,306,201104
110,109,201104
110,207,201104
110,997,201104
110,641,201104
110,319,201104
110,604,201104
110,527,201104
110,694,201104
110,31,201104
110,636,201104
110,594,201104
110,640,201104
110,475,201104
110,196,201104
110,627,201104
110,351,201104
110,190,201104
110,143,201104
110,305,201104
110,77,201104
110,470,201104
110,127,201104
110,696,201104
110,474,201104
110,23,201104
110,58,201104
110,552,201104
110,596,201104
110,651,201104
110,200,201104
110,684,201104
110,175,201104
110,786,201104
110,1056,201104
110,665,201104
110,947,201104
110,257,201104
110,630,201104
110,573,201104
110,81,201104
110,13,201104
110,191,201104
110,136,201104
110,7,201104
110,32,201104
110,886,201104
110,25,201104
110,1,201104
110,89,201104
110,11,201104
110,51,201104
110,18,201104
111,415,201104
111,61,201104
111,137,201104
111,72,201104
111,183,201104
111,29,201104
111,11,201104
111,1227,201104
111,10,201104
111,136,201104
111,18,201104
112,143,201104
112,20,201104
112,51,201104
112,160,201104
112,77,201104
112,1,201104
112,47,201104
112,175,201104
112,138,201104
112,157,201104
112,40,201104
112,303,201104
112,16,201104
112,26,201104
112,116,201104
112,102,201104
112,950,201104
112,133,201104
112,45,201104
112,0,201104
112,25,201104
112,81,201104
112,155,201104
112,124,201104
112,142,201104
112,108,201104
112,12,201104
112,150,201104
112,64,201104
112,165,201104
112,14,201104
112,31,201104
112,180,201104
112,80,201104
112,4,201104
112,59,201104
112,57,201104
112,85,201104
112,154,201104
112,19,201104
112,48,201104
112,54,201104
112,60,201104
112,72,201104
112,2,201104
112,10,201104
112,11,201104
112,346,201104
112,13,201104
112,183,201104
112,32,201104
112,99,201104
112,27,201104
112,17,201104
112,92,201104
112,1649,201104
112,83,201104
112,18,201104
112,21,201104
112,274,201104
112,96,201104
112,22,201104
112,243,201104
112,7,201104
112,8,201104
112,136,201104
112,107,201104
112,97,201104
112,135,201104
112,89,201104
112,29,201104
112,23,201104
112,137,201104
112,113,201104
112,28,201104
113,143,201104
113,160,201104
113,154,201104
113,28,201104
113,180,201104
113,11,201104
113,832,201104
113,25,201104
113,22,201104
113,214,201104
113,133,201104
113,54,201104
113,769,201104
113,64,201104
113,18,201104
113,72,201104
113,59,201104
113,81,201104
113,92,201104
113,9,201104
113,165,201104
113,6,201104
113,4,201104
113,14,201104
113,274,201104
113,31,201104
113,102,201104
113,24,201104
113,51,201104
113,375,201104
113,45,201104
113,135,201104
113,27,201104
113,69,201104
113,36,201104
113,119,201104
113,77,201104
113,2,201104
113,99,201104
113,52,201104
113,13,201104
113,60,201104
113,97,201104
113,108,201104
113,40,201104
113,137,201104
113,32,201104
113,85,201104
113,96,201104
113,7,201104
113,107,201104
113,136,201104
113,10,201104
113,89,201104
113,1,201104
113,20,201104
113,29,201104
113,21,201104
113,5,201104
113,112,201104
114,6,201104
114,339,201104
114,134,201104
114,175,201104
114,19,201104
114,99,201104
114,26,201104
114,375,201104
114,32,201104
114,266,201104
115,96,201104
115,552,201104
115,160,201104
115,204,201104
115,149,201104
115,220,201104
115,137,201104
115,20,201104
115,72,201104
115,83,201104
115,108,201104
115,0,201104
115,107,201104
115,19,201104
115,21,201104
115,28,201104
115,124,201104
115,165,201104
115,60,201104
115,57,201104
115,154,201104
115,133,201104
115,2,201104
115,17,201104
115,752,201104
115,23,201104
115,93,201104
115,47,201104
115,346,201104
115,1,201104
115,136,201104
115,10,201104
115,92,201104
115,85,201104
115,25,201104
115,274,201104
116,72,201104
116,64,201104
116,28,201104
116,1366,201104
116,48,201104
116,20,201104
116,112,201104
116,93,201104
116,149,201104
116,17,201104
116,165,201104
116,5,201104
116,1,201104
116,2,201104
116,135,201104
116,108,201104
116,31,201104
116,80,201104
116,346,201104
116,23,201104
116,92,201104
116,137,201104
116,85,201104
116,136,201104
116,10,201104
116,25,201104
116,274,201104
117,52,201104
117,19,201104
117,206,201104
117,160,201104
117,146,201104
117,175,201104
117,101,201104
117,78,201104
117,14,201104
117,100,201104
117,1,201104
117,180,201104
117,40,201104
117,99,201104
117,181,201104
117,18,201104
117,64,201104
117,178,201104
117,20,201104
117,46,201104
117,29,201104
117,16,201104
117,6,201104
117,26,201104
117,59,201104
117,139,201104
117,97,201104
117,32,201104
117,13,201104
117,108,201104
117,60,201104
118,157,201104
118,143,201104
118,160,201104
118,871,201104
118,149,201104
118,25,201104
118,137,201104
118,97,201104
119,6,201104
119,133,201104
119,157,201104
119,142,201104
119,274,201104
119,81,201104
119,96,201104
119,112,201104
119,80,201104
119,143,201104
119,113,201104
119,54,201104
119,83,201104
119,1366,201104
119,92,201104
119,5,201104
119,31,201104
119,27,201104
119,136,201104
119,0,201104
119,57,201104
119,178,201104
119,17,201104
119,38,201104
119,22,201104
119,2,201104
119,100,201104
119,10,201104
119,19,201104
119,139,201104
119,108,201104
119,135,201104
119,36,201104
119,48,201104
119,14,201104
119,60,201104
120,160,201104
120,77,201104
120,22,201104
120,38,201104
120,6,201104
120,99,201104
120,64,201104
120,143,201104
120,79,201104
120,19,201104
120,154,201104
120,192,201104
120,278,201104
120,74,201104
120,0,201104
120,39,201104
120,76,201104
120,51,201104
120,2,201104
120,10,201104
120,31,201104
120,112,201104
120,81,201104
120,161,201104
120,59,201104
120,16,201104
120,45,201104
120,26,201104
120,178,201104
120,13,201104
120,32,201104
120,92,201104
120,1194,201104
120,146,201104
120,46,201104
120,35,201104
120,18,201104
120,29,201104
120,46,201104
120,29,201104
120,59,201104
120,146,201104
120,60,201104
120,64,201104
120,13,201104
120,16,201104
120,48,201104
120,25,201104
120,32,201104
120,26,201104
120,6,201104
120,19,201104
120,97,201104
120,137,201104
121,160,201104
121,165,201104
121,143,201104
121,5,201104
121,247,201104
121,16,201104
121,85,201104
121,22,201104
121,31,201104
121,346,201104
121,2,201104
121,53,201104
121,105,201104
121,222,201104
121,136,201104
121,10,201104
121,13,201104
121,64,201104
121,48,201104
121,4,201104
121,29,201104
121,21,201104
121,51,201104
121,11,201104
121,59,201104
121,1,201104
121,20,201104
122,234,201104
122,762,201104
122,28,201104
122,146,201104
122,346,201104
122,29,201104
122,1227,201104
122,136,201104
122,18,201104
122,10,201104
123,738,201104
123,122,201104
123,234,201104
123,346,201104
123,344,201104
123,1169,201104
123,1227,201104
123,10,201104
123,18,201104
123,136,201104
124,188,201104
124,160,201104
124,165,201104
124,463,201104
124,282,201104
124,143,201104
124,100,201104
124,213,201104
124,77,201104
124,80,201104
124,142,201104
124,278,201104
124,81,201104
124,75,201104
124,93,201104
124,115,201104
124,11,201104
124,149,201104
124,108,201104
124,18,201104
124,28,201104
124,60,201104
124,274,201104
124,544,201104
124,31,201104
124,27,201104
124,17,201104
124,112,201104
124,65,201104
124,1,201104
124,2,201104
124,4,201104
124,52,201104
124,5,201104
124,113,201104
124,72,201104
124,83,201104
124,51,201104
124,341,201104
124,96,201104
124,29,201104
124,85,201104
124,6,201104
124,136,201104
124,355,201104
124,32,201104
124,135,201104
124,14,201104
124,92,201104
124,10,201104
124,154,201104
124,46,201104
124,137,201104
124,25,201104
124,97,201104
125,208,201104
125,22,201104
125,29,201104
125,136,201104
125,18,201104
126,140,201104
126,57,201104
126,142,201104
126,160,201104
126,155,201104
126,815,201104
126,19,201104
126,6,201104
126,36,201104
126,55,201104
126,143,201104
126,72,201104
126,76,201104
126,154,201104
126,100,201104
126,182,201104
126,27,201104
126,38,201104
126,32,201104
126,16,201104
126,31,201104
126,176,201104
126,1045,201104
126,59,201104
126,178,201104
126,64,201104
126,99,201104
126,46,201104
126,29,201104
126,146,201104
126,13,201104
126,26,201104
126,97,201104
126,60,201104
127,427,201104
127,109,201104
127,128,201104
127,110,201104
127,4,201104
127,306,201104
127,948,201104
128,109,201104
128,306,201104
128,110,201104
128,4,201104
128,427,201104
129,100,201104
129,60,201104
129,143,201104
129,173,201104
129,181,201104
129,357,201104
129,146,201104
129,172,201104
129,35,201104
129,160,201104
129,194,201104
129,41,201104
129,48,201104
129,2,201104
129,1129,201104
129,25,201104
129,178,201104
129,0,201104
129,154,201104
129,26,201104
129,18,201104
129,217,201104
129,77,201104
129,284,201104
129,32,201104
129,108,201104
129,64,201104
129,19,201104
129,14,201104
129,13,201104
129,16,201104
129,17,201104
129,52,201104
129,29,201104
129,97,201104
129,59,201104
129,137,201104
129,6,201104
129,46,201104
130,299,201104
130,96,201104
130,183,201104
130,136,201104
130,1,201104
131,160,201104
131,159,201104
131,77,201104
131,146,201104
131,101,201104
131,150,201104
131,99,201104
131,29,201104
131,346,201104
131,136,201104
131,18,201104
131,6,201104
131,16,201104
131,26,201104
131,97,201104
131,32,201104
131,137,201104
131,54,201104
132,131,201104
132,112,201104
132,77,201104
132,23,201104
132,69,201104
132,5,201104
132,160,201104
132,133,201104
132,247,201104
132,19,201104
132,15,201104
132,143,201104
132,24,201104
132,88,201104
132,57,201104
132,189,201104
132,261,201104
132,113,201104
132,18,201104
132,136,201104
132,97,201104
132,53,201104
132,148,201104
132,174,201104
132,265,201104
132,51,201104
132,17,201104
132,40,201104
132,274,201104
132,59,201104
132,29,201104
132,60,201104
132,25,201104
132,375,201104
132,266,201104
132,99,201104
132,54,201104
132,32,201104
132,10,201104
132,1,201104
132,137,201104
133,143,201104
133,160,201104
133,19,201104
133,77,201104
133,51,201104
133,132,201104
133,32,201104
133,739,201104
133,169,201104
133,20,201104
133,0,201104
133,165,201104
133,2,201104
133,184,201104
133,52,201104
133,1227,201104
133,1649,201104
133,836,201104
133,627,201104
133,247,201104
133,1109,201104
133,28,201104
133,515,201104
133,83,201104
133,48,201104
133,60,201104
133,210,201104
133,154,201104
133,25,201104
133,89,201104
133,137,201104
133,860,201104
133,750,201104
133,1388,201104
133,113,201104
133,80,201104
133,64,201104
133,180,201104
133,112,201104
133,23,201104
133,1131,201104
133,1265,201104
133,214,201104
133,14,201104
133,189,201104
133,1278,201104
133,211,201104
133,13,201104
133,444,201104
133,85,201104
133,96,201104
133,10,201104
133,5,201104
133,142,201104
133,31,201104
133,81,201104
133,27,201104
133,115,201104
133,183,201104
133,22,201104
133,274,201104
133,72,201104
133,116,201104
133,346,201104
133,11,201104
133,108,201104
133,9,201104
133,40,201104
133,4,201104
133,26,201104
133,69,201104
133,136,201104
133,135,201104
133,92,201104
133,107,201104
133,59,201104
133,1,201104
133,21,201104
134,289,201104
134,40,201104
134,55,201104
134,160,201104
134,114,201104
134,140,201104
134,165,201104
134,341,201104
134,78,201104
134,101,201104
134,31,201104
134,45,201104
134,29,201104
134,32,201104
134,178,201104
134,99,201104
134,64,201104
134,60,201104
134,26,201104
134,19,201104
134,46,201104
134,14,201104
134,6,201104
134,59,201104
134,97,201104
135,108,201104
135,274,201104
135,136,201104
135,29,201104
135,3,201104
135,133,201104
135,116,201104
135,444,201104
135,154,201104
135,6,201104
135,18,201104
135,739,201104
135,115,201104
135,380,201104
135,21,201104
135,142,201104
135,36,201104
135,69,201104
135,32,201104
135,137,201104
135,13,201104
135,375,201104
135,1,201104
135,28,201104
135,48,201104
135,77,201104
135,183,201104
135,165,201104
135,72,201104
135,1147,201104
135,93,201104
135,9,201104
135,1366,201104
135,100,201104
135,124,201104
135,23,201104
135,157,201104
135,113,201104
135,107,201104
135,80,201104
135,112,201104
135,94,201104
135,180,201104
135,57,201104
135,38,201104
135,51,201104
135,22,201104
135,96,201104
135,11,201104
135,0,201104
135,2,201104
135,85,201104
135,45,201104
135,119,201104
135,139,201104
135,52,201104
135,102,201104
135,60,201104
135,155,201104
135,83,201104
135,4,201104
135,143,201104
135,5,201104
135,20,201104
135,40,201104
135,12,201104
135,97,201104
135,26,201104
135,19,201104
135,64,201104
135,81,201104
135,16,201104
135,92,201104
135,14,201104
135,17,201104
135,31,201104
135,27,201104
135,10,201104
136,77,201104
136,165,201104
136,11,201104
136,146,201104
136,35,201104
136,739,201104
136,18,201104
136,23,201104
136,112,201104
136,71,201104
136,1,201104
136,183,201104
136,143,201104
136,30,201104
136,107,201104
136,133,201104
136,552,201104
136,160,201104
136,115,201104
136,108,201104
136,154,201104
136,38,201104
136,180,201104
136,9,201104
136,1767,201104
136,60,201104
136,54,201104
136,161,201104
136,19,201104
136,371,201104
136,119,201104
136,751,201104
136,39,201104
136,36,201104
136,17,201104
136,32,201104
136,100,201104
136,5,201104
136,776,201104
136,22,201104
136,274,201104
136,81,201104
136,157,201104
136,80,201104
136,2,201104
136,31,201104
136,85,201104
136,16,201104
136,12,201104
136,25,201104
136,783,201104
136,20,201104
136,29,201104
136,72,201104
136,181,201104
136,28,201104
136,368,201104
136,27,201104
136,26,201104
136,0,201104
136,155,201104
136,4,201104
136,45,201104
136,124,201104
136,775,201104
136,110,201104
136,101,201104
136,941,201104
136,3,201104
136,346,201104
136,96,201104
136,79,201104
136,64,201104
136,981,201104
136,74,201104
136,126,201104
136,1227,201104
136,34,201104
136,982,201104
136,113,201104
136,345,201104
136,968,201104
136,804,201104
136,139,201104
136,86,201104
136,40,201104
136,376,201104
136,891,201104
136,15,201104
136,169,201104
136,58,201104
136,125,201104
136,142,201104
136,149,201104
136,153,201104
136,834,201104
136,415,201104
136,537,201104
136,1015,201104
136,492,201104
136,706,201104
136,137,201104
136,361,201104
136,148,201104
136,10,201104
136,104,201104
136,163,201104
136,57,201104
136,359,201104
136,307,201104
136,480,201104
136,221,201104
136,728,201104
136,502,201104
136,67,201104
136,544,201104
136,243,201104
136,1258,201104
136,130,201104
136,588,201104
136,299,201104
136,330,201104
136,862,201104
136,69,201104
136,166,201104
136,68,201104
136,51,201104
136,358,201104
136,762,201104
136,211,201104
136,265,201104
136,214,201104
136,61,201104
136,223,201104
136,372,201104
136,131,201104
136,159,201104
136,261,201104
136,8,201104
136,111,201104
136,132,201104
136,92,201104
136,213,201104
136,121,201104
136,122,201104
136,184,201104
136,116,201104
136,24,201104
136,860,201104
136,738,201104
136,88,201104
136,70,201104
136,303,201104
136,123,201104
136,97,201104
136,84,201104
136,21,201104
136,105,201104
136,59,201104
136,33,201104
136,52,201104
136,189,201104
136,83,201104
136,147,201104
136,177,201104
136,6,201104
136,48,201104
136,164,201104
136,150,201104
136,99,201104
136,7,201104
136,75,201104
136,13,201104
136,89,201104
136,53,201104
136,135,201104
136,14,201104
136,46,201104
137,96,201104
137,143,201104
137,138,201104
137,60,201104
137,160,201104
137,77,201104
137,146,201104
137,710,201104
137,69,201104
137,282,201104
137,19,201104
137,154,201104
137,64,201104
137,23,201104
137,107,201104
137,175,201104
137,165,201104
137,112,201104
137,97,201104
137,13,201104
137,6,201104
137,120,201104
137,35,201104
137,48,201104
137,102,201104
137,216,201104
137,371,201104
137,393,201104
137,25,201104
137,1,201104
137,1403,201104
137,20,201104
137,274,201104
137,183,201104
137,27,201104
137,4,201104
137,134,201104
137,307,201104
137,18,201104
137,483,201104
137,16,201104
137,9,201104
137,108,201104
137,244,201104
137,142,201104
137,11,201104
137,17,201104
137,169,201104
137,57,201104
137,52,201104
137,53,201104
137,153,201104
137,5,201104
137,136,201104
137,266,201104
137,99,201104
137,346,201104
137,341,201104
137,116,201104
137,40,201104
137,71,201104
137,188,201104
137,59,201104
137,26,201104
137,115,201104
137,495,201104
137,1190,201104
137,81,201104
137,671,201104
137,54,201104
137,166,201104
137,309,201104
137,149,201104
137,333,201104
137,111,201104
137,72,201104
137,336,201104
137,224,201104
137,193,201104
137,390,201104
137,41,201104
137,269,201104
137,24,201104
137,167,201104
137,327,201104
137,267,201104
137,335,201104
137,198,201104
137,29,201104
137,163,201104
137,32,201104
137,158,201104
137,342,201104
137,61,201104
137,388,201104
137,62,201104
137,950,201104
137,250,201104
137,204,201104
137,152,201104
137,65,201104
137,70,201104
137,76,201104
137,118,201104
137,339,201104
137,159,201104
137,544,201104
137,39,201104
137,752,201104
137,101,201104
137,78,201104
137,131,201104
137,181,201104
137,45,201104
137,344,201104
137,15,201104
137,58,201104
137,7,201104
137,124,201104
137,220,201104
137,355,201104
137,150,201104
137,104,201104
137,10,201104
137,156,201104
137,80,201104
137,38,201104
137,132,201104
137,157,201104
137,36,201104
137,98,201104
137,92,201104
137,47,201104
137,161,201104
137,139,201104
137,129,201104
137,213,201104
137,34,201104
137,89,201104
137,133,201104
137,100,201104
137,12,201104
137,51,201104
137,21,201104
137,83,201104
137,46,201104
137,14,201104
137,0,201104
137,31,201104
137,22,201104
137,28,201104
137,113,201104
137,85,201104
137,2,201104
138,101,201104
138,339,201104
138,25,201104
138,110,201104
138,460,201104
138,247,201104
138,143,201104
138,159,201104
138,175,201104
138,97,201104
138,51,201104
138,29,201104
138,59,201104
138,136,201104
138,2,201104
138,52,201104
138,1,201104
138,23,201104
138,32,201104
138,18,201104
138,137,201104
138,14,201104
138,346,201104
138,1250,201104
138,36,201104
138,10,201104
138,1227,201104
138,375,201104
138,266,201104
139,58,201104
139,14,201104
139,143,201104
139,160,201104
139,455,201104
139,35,201104
139,512,201104
139,36,201104
139,85,201104
139,100,201104
139,28,201104
139,21,201104
139,26,201104
139,72,201104
139,10,201104
139,25,201104
139,18,201104
139,1,201104
139,136,201104
139,5,201104
139,17,201104
139,52,201104
139,96,201104
139,92,201104
139,4,201104
139,102,201104
139,6,201104
139,195,201104
139,77,201104
139,155,201104
139,341,201104
139,54,201104
139,83,201104
139,20,201104
139,29,201104
139,27,201104
139,0,201104
139,32,201104
139,154,201104
139,769,201104
139,146,201104
139,142,201104
139,170,201104
139,163,201104
139,117,201104
139,269,201104
139,16,201104
139,99,201104
139,31,201104
139,181,201104
139,119,201104
139,19,201104
139,197,201104
139,75,201104
139,208,201104
139,81,201104
139,40,201104
139,13,201104
139,178,201104
139,137,201104
139,135,201104
139,60,201104
139,97,201104
139,59,201104
139,46,201104
140,354,201104
140,76,201104
140,282,201104
140,281,201104
140,143,201104
140,95,201104
140,160,201104
140,9,201104
140,64,201104
140,59,201104
140,26,201104
140,32,201104
140,178,201104
140,434,201104
140,46,201104
140,29,201104
140,375,201104
140,266,201104
140,19,201104
140,97,201104
141,99,201104
141,57,201104
141,32,201104
141,1147,201104
141,95,201104
141,375,201104
141,266,201104
141,29,201104
141,46,201104
141,97,201104
142,160,201104
142,39,201104
142,19,201104
142,176,201104
142,6,201104
142,146,201104
142,97,201104
142,143,201104
142,126,201104
142,40,201104
142,381,201104
142,5,201104
142,31,201104
142,83,201104
142,51,201104
142,16,201104
142,80,201104
142,265,201104
142,66,201104
142,107,201104
142,120,201104
142,46,201104
142,28,201104
142,57,201104
142,32,201104
142,21,201104
142,18,201104
142,92,201104
142,2,201104
142,155,201104
142,108,201104
142,17,201104
142,52,201104
142,64,201104
142,81,201104
142,113,201104
142,100,201104
142,137,201104
142,4,201104
142,0,201104
142,35,201104
142,36,201104
142,178,201104
142,133,201104
142,23,201104
142,59,201104
142,99,201104
142,136,201104
142,25,201104
142,139,201104
142,26,201104
142,29,201104
142,48,201104
142,60,201104
142,1,201104
142,13,201104
142,10,201104
142,135,201104
142,14,201104
143,11,201104
143,6,201104
143,64,201104
143,51,201104
143,96,201104
143,36,201104
143,32,201104
143,19,201104
143,139,201104
143,110,201104
143,455,201104
143,57,201104
143,14,201104
143,463,201104
143,124,201104
143,23,201104
143,62,201104
143,10,201104
143,61,201104
143,15,201104
143,154,201104
143,72,201104
143,159,201104
143,138,201104
143,188,201104
143,17,201104
143,180,201104
143,97,201104
143,29,201104
143,339,201104
143,76,201104
143,136,201104
143,157,201104
143,27,201104
143,281,201104
143,34,201104
143,2,201104
143,137,201104
143,132,201104
143,12,201104
143,0,201104
143,39,201104
143,16,201104
143,4,201104
143,121,201104
143,113,201104
143,35,201104
143,129,201104
143,142,201104
143,126,201104
143,5,201104
143,85,201104
143,140,201104
143,77,201104
143,80,201104
143,46,201104
143,52,201104
143,38,201104
143,100,201104
143,183,201104
143,176,201104
143,170,201104
143,18,201104
143,9,201104
143,54,201104
143,101,201104
143,25,201104
143,195,201104
143,133,201104
143,59,201104
143,160,201104
143,247,201104
143,83,201104
143,28,201104
143,501,201104
143,118,201104
143,104,201104
143,40,201104
143,13,201104
143,30,201104
143,48,201104
143,120,201104
143,155,201104
143,1,201104
143,89,201104
143,60,201104
143,375,201104
143,82,201104
143,41,201104
143,156,201104
143,274,201104
143,112,201104
143,342,201104
143,63,201104
143,102,201104
143,434,201104
143,98,201104
143,20,201104
143,26,201104
143,107,201104
143,119,201104
143,346,201104
143,92,201104
143,99,201104
143,355,201104
143,146,201104
143,108,201104
143,135,201104
144,160,201104
144,16,201104
144,346,201104
144,10,201104
144,1169,201104
144,99,201104
144,32,201104
144,18,201104
144,29,201104
145,346,201104
145,29,201104
145,1169,201104
145,32,201104
145,18,201104
146,97,201104
146,35,201104
146,60,201104
146,11,201104
146,160,201104
146,40,201104
146,165,201104
146,29,201104
146,93,201104
146,17,201104
146,154,201104
146,20,201104
146,175,201104
146,52,201104
146,129,201104
146,322,201104
146,28,201104
146,117,201104
146,16,201104
146,247,201104
146,1,201104
146,110,201104
146,77,201104
146,339,201104
146,31,201104
146,19,201104
146,27,201104
146,13,201104
146,6,201104
146,76,201104
146,18,201104
146,675,201104
146,14,201104
146,137,201104
146,59,201104
146,25,201104
146,136,201104
146,156,201104
146,158,201104
146,78,201104
146,32,201104
146,544,201104
146,182,201104
146,12,201104
146,120,201104
146,224,201104
146,83,201104
146,94,201104
146,64,201104
146,188,201104
146,81,201104
146,26,201104
146,69,201104
146,48,201104
146,54,201104
146,1250,201104
146,0,201104
146,178,201104
146,131,201104
146,46,201104
146,181,201104
146,62,201104
146,176,201104
146,38,201104
146,99,201104
146,126,201104
146,139,201104
146,57,201104
146,100,201104
146,198,201104
146,66,201104
146,143,201104
146,4,201104
146,10,201104
146,108,201104
147,160,201104
147,221,201104
147,372,201104
147,153,201104
147,183,201104
147,330,201104
147,10,201104
147,11,201104
147,136,201104
148,136,201104
148,10,201104
149,115,201104
149,93,201104
149,51,201104
149,165,201104
149,47,201104
149,112,201104
149,136,201104
149,184,201104
149,11,201104
149,2,201104
149,5,201104
149,124,201104
149,1366,201104
149,19,201104
149,48,201104
149,0,201104
149,27,201104
149,118,201104
149,154,201104
149,107,201104
149,80,201104
149,346,201104
149,31,201104
149,1169,201104
149,9,201104
149,85,201104
149,17,201104
149,96,201104
149,25,201104
149,137,201104
149,10,201104
149,92,201104
149,274,201104
150,160,201104
150,143,201104
150,5,201104
150,20,201104
150,23,201104
150,10,201104
150,124,201104
150,96,201104
150,137,201104
150,53,201104
150,22,201104
150,108,201104
150,132,201104
150,85,201104
150,346,201104
150,99,201104
150,1169,201104
150,28,201104
150,51,201104
150,4,201104
150,11,201104
150,17,201104
150,136,201104
150,1,201104
151,155,201104
151,1147,201104
151,178,201104
151,375,201104
151,266,201104
152,97,201104
152,137,201104
152,46,201104
152,160,201104
152,25,201104
153,147,201104
153,25,201104
153,29,201104
153,136,201104
153,137,201104
154,77,201104
154,104,201104
154,160,201104
154,27,201104
154,31,201104
154,146,201104
154,175,201104
154,92,201104
154,143,201104
154,138,201104
154,24,201104
154,40,201104
154,9,201104
154,5,201104
154,47,201104
154,155,201104
154,220,201104
154,156,201104
154,64,201104
154,99,201104
154,112,201104
154,1366,201104
154,20,201104
154,22,201104
154,133,201104
154,76,201104
154,116,201104
154,100,201104
154,10,201104
154,36,201104
154,180,201104
154,29,201104
154,113,201104
154,183,201104
154,69,201104
154,165,201104
154,115,201104
154,320,201104
154,11,201104
154,149,201104
154,60,201104
154,93,201104
154,274,201104
154,79,201104
154,85,201104
154,136,201104
154,278,201104
154,54,201104
154,51,201104
154,28,201104
154,102,201104
154,119,201104
154,21,201104
154,6,201104
154,4,201104
154,38,201104
154,23,201104
154,16,201104
154,341,201104
154,45,201104
154,2,201104
154,296,201104
154,1,201104
154,107,201104
154,52,201104
154,251,201104
154,394,201104
154,46,201104
154,1580,201104
154,26,201104
154,1482,201104
154,83,201104
154,522,201104
154,275,201104
154,59,201104
154,139,201104
154,25,201104
154,18,201104
154,19,201104
154,32,201104
154,80,201104
154,96,201104
154,0,201104
154,48,201104
154,72,201104
154,124,201104
154,17,201104
154,81,201104
154,13,201104
154,12,201104
154,97,201104
154,108,201104
154,35,201104
154,14,201104
154,135,201104
154,137,201104
155,52,201104
155,59,201104
155,160,201104
155,19,201104
155,143,201104
155,112,201104
155,96,201104
155,338,201104
155,274,201104
155,16,201104
155,4,201104
155,5,201104
155,124,201104
155,85,201104
155,23,201104
155,80,201104
155,40,201104
155,64,201104
155,28,201104
155,0,201104
155,27,201104
155,134,201104
155,38,201104
155,97,201104
155,20,201104
155,119,201104
155,46,201104
155,139,201104
155,22,201104
155,136,201104
155,154,201104
155,36,201104
155,100,201104
155,99,201104
155,17,201104
155,83,201104
155,29,201104
155,31,201104
155,48,201104
155,32,201104
155,26,201104
155,1,201104
155,10,201104
155,6,201104
155,135,201104
155,108,201104
155,60,201104
155,14,201104
156,1190,201104
156,78,201104
156,278,201104
156,59,201104
156,102,201104
156,143,201104
156,287,201104
156,32,201104
156,39,201104
156,97,201104
156,64,201104
156,99,201104
156,29,201104
156,46,201104
156,60,201104
156,108,201104
156,35,201104
156,160,201104
156,25,201104
156,137,201104
157,118,201104
157,83,201104
157,143,201104
157,40,201104
157,51,201104
157,102,201104
157,72,201104
157,81,201104
157,85,201104
157,165,201104
157,99,201104
157,45,201104
157,1,201104
157,17,201104
157,107,201104
157,97,201104
157,31,201104
157,16,201104
157,333,201104
157,10,201104
157,13,201104
157,274,201104
157,136,201104
157,2,201104
157,25,201104
157,60,201104
157,14,201104
157,160,201104
157,135,201104
157,46,201104
157,92,201104
157,137,201104
158,97,201104
158,57,201104
158,39,201104
158,83,201104
158,160,201104
158,32,201104
158,16,201104
158,31,201104
158,54,201104
158,182,201104
158,85,201104
158,52,201104
158,38,201104
158,24,201104
158,25,201104
158,1147,201104
158,19,201104
158,178,201104
158,26,201104
158,341,201104
158,46,201104
158,137,201104
159,131,201104
159,143,201104
159,77,201104
159,160,201104
159,97,201104
159,115,201104
159,163,201104
159,18,201104
159,1147,201104
159,136,201104
159,1227,201104
159,10,201104
159,375,201104
159,32,201104
159,137,201104
159,29,201104
160,57,201104
160,22,201104
160,146,201104
160,60,201104
160,59,201104
160,339,201104
160,101,201104
160,108,201104
160,54,201104
160,140,201104
160,512,201104
160,115,201104
160,31,201104
160,45,201104
160,10,201104
160,29,201104
160,12,201104
160,131,201104
160,136,201104
160,150,201104
160,18,201104
160,154,201104
160,159,201104
160,58,201104
160,27,201104
160,216,201104
160,61,201104
160,198,201104
160,30,201104
160,85,201104
160,281,201104
160,195,201104
160,120,201104
160,945,201104
160,5,201104
160,107,201104
160,282,201104
160,78,201104
160,79,201104
160,180,201104
160,13,201104
160,64,201104
160,2,201104
160,19,201104
160,96,201104
160,62,201104
160,76,201104
160,110,201104
160,6,201104
160,183,201104
160,21,201104
160,80,201104
160,224,201104
160,55,201104
160,4,201104
160,102,201104
160,14,201104
160,118,201104
160,0,201104
160,35,201104
160,155,201104
160,9,201104
160,129,201104
160,126,201104
160,1227,201104
160,176,201104
160,72,201104
160,167,201104
160,83,201104
160,20,201104
160,63,201104
160,24,201104
160,181,201104
160,113,201104
160,112,201104
160,194,201104
160,143,201104
160,234,201104
160,139,201104
160,51,201104
160,46,201104
160,34,201104
160,93,201104
160,197,201104
160,38,201104
160,132,201104
160,41,201104
160,15,201104
160,142,201104
160,89,201104
160,11,201104
160,1,201104
160,188,201104
160,39,201104
160,77,201104
160,97,201104
160,53,201104
160,99,201104
160,17,201104
160,52,201104
160,95,201104
160,48,201104
160,552,201104
160,147,201104
160,84,201104
160,104,201104
160,133,201104
160,144,201104
160,137,201104
160,16,201104
160,23,201104
160,25,201104
160,117,201104
160,43,201104
160,165,201104
160,40,201104
160,28,201104
160,32,201104
160,36,201104
160,69,201104
160,134,201104
160,100,201104
160,75,201104
160,158,201104
160,278,201104
160,161,201104
160,1017,201104
160,94,201104
160,393,201104
160,346,201104
160,81,201104
160,341,201104
160,124,201104
160,544,201104
160,309,201104
160,521,201104
160,1291,201104
160,885,201104
160,1366,201104
160,65,201104
160,318,201104
160,543,201104
160,510,201104
160,871,201104
160,163,201104
160,250,201104
160,355,201104
160,274,201104
160,152,201104
160,157,201104
160,314,201104
160,98,201104
160,156,201104
160,26,201104
161,10,201104
161,544,201104
161,14,201104
161,85,201104
161,1,201104
161,28,201104
161,99,201104
161,97,201104
161,77,201104
161,31,201104
161,120,201104
161,17,201104
161,160,201104
161,25,201104
161,137,201104
163,120,201104
163,39,201104
163,213,201104
163,53,201104
163,96,201104
163,32,201104
163,12,201104
163,64,201104
163,136,201104
163,29,201104
163,1227,201104
163,160,201104
163,10,201104
163,375,201104
163,139,201104
163,60,201104
163,137,201104
163,18,201104
163,97,201104
164,84,201104
164,18,201104
164,10,201104
164,17,201104
164,1227,201104
164,136,201104
164,11,201104
164,4,201104
165,143,201104
165,96,201104
165,48,201104
165,57,201104
165,146,201104
165,32,201104
165,384,201104
165,1,201104
165,77,201104
165,160,201104
165,16,201104
165,541,201104
165,40,201104
165,14,201104
165,1366,201104
165,24,201104
165,72,201104
165,22,201104
165,19,201104
165,142,201104
165,83,201104
165,116,201104
165,107,201104
165,51,201104
165,38,201104
165,27,201104
165,2,201104
165,93,201104
165,23,201104
165,133,201104
165,18,201104
165,20,201104
165,9,201104
165,80,201104
165,37,201104
165,69,201104
165,121,201104
165,100,201104
165,113,201104
165,26,201104
165,0,201104
165,13,201104
165,11,201104
165,12,201104
165,155,201104
165,81,201104
165,183,201104
165,46,201104
165,60,201104
165,4,201104
165,135,201104
165,5,201104
165,1169,201104
165,108,201104
165,97,201104
165,21,201104
165,157,201104
165,154,201104
165,112,201104
165,31,201104
165,136,201104
165,1227,201104
165,17,201104
165,25,201104
165,28,201104
165,29,201104
165,92,201104
165,85,201104
165,10,201104
165,274,201104
165,137,201104
166,68,201104
166,136,201104
166,137,201104
167,160,201104
167,339,201104
167,97,201104
167,25,201104
167,274,201104
167,93,201104
167,137,201104
168,203,201104
169,11,201104
169,72,201104
169,154,201104
169,22,201104
169,17,201104
169,137,201104
169,97,201104
169,29,201104
169,136,201104
170,143,201104
170,32,201104
170,18,201104
170,29,201104
170,99,201104
170,60,201104
170,139,201104
170,10,201104
171,266,201104
171,36,201104
171,1250,201104
171,32,201104
171,18,201104
171,29,201104
172,129,201104
172,357,201104
172,173,201104
172,19,201104
172,1129,201104
172,18,201104
172,102,201104
172,137,201104
172,29,201104
172,59,201104
172,64,201104
172,6,201104
172,13,201104
172,48,201104
172,97,201104
172,46,201104
172,35,201104
173,129,201104
173,444,201104
173,357,201104
173,1129,201104
173,18,201104
173,1404,201104
173,46,201104
173,97,201104
173,172,201104
173,35,201104
174,346,201104
174,18,201104
175,146,201104
175,97,201104
175,1,201104
175,138,201104
175,112,201104
175,247,201104
175,17,201104
175,339,201104
175,136,201104
175,89,201104
175,35,201104
175,6,201104
175,675,201104
175,18,201104
175,27,201104
175,59,201104
175,137,201104
175,241,201104
175,19,201104
175,188,201104
175,154,201104
175,117,201104
175,16,201104
175,25,201104
175,46,201104
175,66,201104
175,32,201104
175,178,201104
175,346,201104
175,341,201104
175,64,201104
175,29,201104
175,1250,201104
175,375,201104
175,266,201104
176,19,201104
176,143,201104
176,160,201104
176,6,201104
176,387,201104
176,26,201104
176,29,201104
176,77,201104
176,83,201104
176,76,201104
176,64,201104
176,60,201104
176,274,201104
176,137,201104
176,165,201104
176,93,201104
176,13,201104
176,32,201104
176,146,201104
176,46,201104
176,48,201104
176,16,201104
176,97,201104
177,49,201104
177,69,201104
177,101,201104
177,113,201104
177,23,201104
177,346,201104
177,1169,201104
177,17,201104
177,1227,201104
177,18,201104
177,10,201104
177,20,201104
177,136,201104
177,11,201104
177,4,201104
178,26,201104
178,64,201104
178,549,201104
178,124,201104
178,66,201104
178,16,201104
178,342,201104
178,129,201104
178,797,201104
178,63,201104
178,140,201104
178,102,201104
178,288,201104
178,120,201104
178,208,201104
178,38,201104
178,445,201104
178,76,201104
178,175,201104
178,146,201104
178,83,201104
178,316,201104
178,119,201104
178,224,201104
178,81,201104
178,80,201104
178,56,201104
178,54,201104
178,82,201104
178,117,201104
178,36,201104
178,142,201104
178,155,201104
178,101,201104
178,180,201104
178,375,201104
178,151,201104
178,278,201104
178,75,201104
178,39,201104
178,32,201104
178,60,201104
178,46,201104
178,126,201104
178,40,201104
178,17,201104
178,463,201104
178,13,201104
178,29,201104
178,108,201104
178,97,201104
178,320,201104
178,139,201104
178,48,201104
180,142,201104
180,102,201104
180,766,201104
180,6,201104
180,52,201104
180,160,201104
180,126,201104
180,25,201104
180,27,201104
180,157,201104
180,1193,201104
180,78,201104
180,64,201104
180,17,201104
180,21,201104
180,76,201104
180,85,201104
180,28,201104
180,81,201104
180,31,201104
180,0,201104
180,154,201104
180,22,201104
180,2,201104
180,117,201104
180,133,201104
180,59,201104
180,23,201104
180,11,201104
180,38,201104
180,143,201104
180,1691,201104
180,83,201104
180,112,201104
180,92,201104
180,16,201104
180,137,201104
180,32,201104
180,178,201104
180,97,201104
180,20,201104
180,107,201104
180,100,201104
180,19,201104
180,1,201104
180,36,201104
180,29,201104
180,889,201104
180,899,201104
180,136,201104
180,360,201104
180,13,201104
180,26,201104
180,99,201104
180,18,201104
180,46,201104
180,10,201104
180,48,201104
180,108,201104
180,135,201104
180,60,201104
180,14,201104
181,32,201104
181,160,201104
181,270,201104
181,107,201104
181,77,201104
181,546,201104
181,51,201104
181,429,201104
181,58,201104
181,21,201104
181,100,201104
181,29,201104
181,16,201104
181,1147,201104
181,113,201104
181,136,201104
181,346,201104
181,60,201104
181,18,201104
181,146,201104
181,99,201104
181,26,201104
181,1250,201104
181,48,201104
181,375,201104
181,6,201104
181,1227,201104
181,10,201104
181,266,201104
181,139,201104
181,25,201104
181,108,201104
181,54,201104
181,97,201104
181,137,201104
181,14,201104
182,120,201104
182,176,201104
182,160,201104
182,124,201104
182,72,201104
182,82,201104
182,25,201104
182,26,201104
182,46,201104
182,60,201104
182,19,201104
182,6,201104
182,29,201104
182,32,201104
183,5,201104
183,154,201104
183,20,201104
183,147,201104
183,11,201104
183,72,201104
183,84,201104
183,143,201104
183,160,201104
183,85,201104
183,23,201104
183,115,201104
183,31,201104
183,22,201104
183,132,201104
183,181,201104
183,61,201104
183,1,201104
183,124,201104
183,213,201104
183,12,201104
183,139,201104
183,45,201104
183,77,201104
183,96,201104
183,16,201104
183,113,201104
183,274,201104
183,13,201104
183,123,201104
183,6,201104
183,27,201104
183,60,201104
183,112,201104
183,2,201104
183,211,201104
183,92,201104
183,28,201104
183,64,201104
183,21,201104
183,133,201104
183,135,201104
183,17,201104
183,301,201104
183,317,201104
183,29,201104
183,136,201104
183,18,201104
183,107,201104
183,4,201104
183,51,201104
183,69,201104
183,10,201104
184,214,201104
184,51,201104
184,261,201104
184,17,201104
184,10,201104
184,136,201104
184,11,201104
184,4,201104
184,20,201104
185,110,201104
185,657,201104
185,645,201104
185,525,201104
185,200,201104
185,997,201104
185,665,201104
185,922,201104
185,1027,201104
185,630,201104
185,1016,201104
185,926,201104
185,1026,201104
185,696,201104
185,474,201104
185,656,201104
185,697,201104
185,698,201104
185,947,201104
185,937,201104
185,186,201104
186,525,201104
186,110,201104
186,232,201104
186,185,201104
186,620,201104
186,257,201104
186,630,201104
186,922,201104
186,657,201104
186,473,201104
186,556,201104
186,474,201104
186,1016,201104
186,560,201104
186,260,201104
186,555,201104
186,561,201104
186,559,201104
186,558,201104
188,0,201104
188,143,201104
188,160,201104
188,274,201104
188,346,201104
188,137,201104
188,355,201104
188,10,201104
188,25,201104
188,97,201104
189,23,201104
189,22,201104
189,165,201104
189,213,201104
189,85,201104
189,107,201104
189,21,201104
189,739,201104
189,444,201104
189,529,201104
189,180,201104
189,133,201104
189,4,201104
189,136,201104
189,17,201104
189,20,201104
189,1,201104
190,110,201104
190,897,201104
190,920,201104
190,235,201104
190,696,201104
190,1183,201104
190,201,201104
191,110,201104
192,76,201104
192,46,201104
192,26,201104
192,19,201104
192,64,201104
192,97,201104
193,137,201104
193,29,201104
194,76,201104
194,160,201104
194,60,201104
194,48,201104
194,6,201104
194,59,201104
195,79,201104
195,14,201104
195,16,201104
195,160,201104
195,6,201104
195,97,201104
195,19,201104
195,48,201104
195,32,201104
195,60,201104
196,663,201104
196,506,201104
196,470,201104
196,528,201104
196,469,201104
196,476,201104
196,366,201104
196,365,201104
196,705,201104
196,363,201104
196,551,201104
196,577,201104
196,110,201104
196,471,201104
196,367,201104
196,448,201104
196,477,201104
196,475,201104
196,383,201104
196,424,201104
196,1132,201104
196,425,201104
196,364,201104
196,489,201104
196,595,201104
196,478,201104
196,225,201104
196,378,201104
196,352,201104
196,472,201104
196,578,201104
196,532,201104
196,535,201104
196,377,201104
196,504,201104
196,681,201104
196,547,201104
196,229,201104
196,479,201104
196,412,201104
196,447,201104
196,1028,201104
196,400,201104
196,409,201104
196,402,201104
196,667,201104
196,127,201104
196,526,201104
196,427,201104
196,1134,201104
196,109,201104
196,4,201104
197,160,201104
197,545,201104
197,1208,201104
197,32,201104
197,346,201104
197,29,201104
197,16,201104
197,54,201104
197,18,201104
197,139,201104
197,108,201104
197,60,201104
197,97,201104
198,32,201104
198,346,201104
198,143,201104
198,244,201104
198,1147,201104
198,146,201104
198,29,201104
198,137,201104
198,97,201104
200,698,201104
200,656,201104
200,937,201104
200,474,201104
200,657,201104
200,185,201104
201,110,201104
201,190,201104
201,235,201104
201,920,201104
203,291,201104
203,87,201104
203,168,201104
204,115,201104
204,137,201104
205,40,201104
205,282,201104
205,81,201104
205,59,201104
205,19,201104
205,64,201104
205,32,201104
206,117,201104
206,142,201104
206,237,201104
206,6,201104
206,266,201104
206,19,201104
206,48,201104
206,32,201104
207,45,201104
207,1044,201104
208,1,201104
208,297,201104
208,354,201104
208,739,201104
208,2004,201104
208,1363,201104
208,61,201104
208,31,201104
208,349,201104
208,175,201104
208,178,201104
208,283,201104
208,99,201104
208,32,201104
208,46,201104
208,29,201104
208,64,201104
208,19,201104
208,108,201104
208,97,201104
208,60,201104
208,36,201104
208,139,201104
208,48,201104
209,1,201104
210,1345,201104
210,1057,201104
210,826,201104
210,1369,201104
210,1368,201104
210,941,201104
210,998,201104
210,750,201104
211,23,201104
211,165,201104
211,189,201104
211,183,201104
211,133,201104
211,51,201104
211,107,201104
211,346,201104
211,137,201104
211,149,201104
211,28,201104
211,22,201104
211,17,201104
211,10,201104
211,136,201104
211,20,201104
211,25,201104
211,1,201104
212,89,201104
213,9,201104
213,261,201104
213,53,201104
213,107,201104
213,22,201104
213,163,201104
213,165,201104
213,183,201104
213,214,201104
213,64,201104
213,18,201104
213,51,201104
213,21,201104
213,10,201104
213,136,201104
213,11,201104
213,29,201104
213,222,201104
213,17,201104
213,20,201104
213,1,201104
213,137,201104
213,4,201104
214,51,201104
214,33,201104
214,189,201104
214,53,201104
214,4,201104
214,1169,201104
214,1227,201104
214,10,201104
214,136,201104
214,11,201104
214,20,201104
215,214,201104
215,33,201104
215,51,201104
215,10,201104
215,20,201104
216,1291,201104
216,333,201104
216,540,201104
216,137,201104
216,25,201104
216,160,201104
216,97,201104
217,129,201104
217,60,201104
217,59,201104
220,85,201104
220,115,201104
220,149,201104
220,346,201104
220,1169,201104
220,64,201104
220,137,201104
221,147,201104
221,136,201104
222,748,201104
222,4,201104
222,747,201104
222,346,201104
222,28,201104
222,121,201104
222,17,201104
222,5,201104
222,1227,201104
222,213,201104
222,89,201104
222,10,201104
223,84,201104
223,154,201104
223,11,201104
223,136,201104
223,10,201104
223,18,201104
223,4,201104
224,160,201104
224,97,201104
224,31,201104
224,32,201104
224,355,201104
224,46,201104
224,99,201104
224,137,201104
224,375,201104
224,266,201104
224,29,201104
225,232,201104
225,378,201104
225,110,201104
225,196,201104
225,472,201104
225,377,201104
225,475,201104
225,470,201104
225,471,201104
226,586,201104
226,231,201104
226,590,201104
226,576,201104
226,527,201104
226,351,201104
226,573,201104
226,604,201104
226,110,201104
226,229,201104
226,572,201104
226,471,201104
226,589,201104
226,465,201104
226,574,201104
226,352,201104
226,607,201104
226,447,201104
227,11,201104
227,10,201104
228,11,201104
229,824,201104
229,110,201104
229,599,201104
229,596,201104
229,663,201104
229,600,201104
229,640,201104
229,669,201104
229,925,201104
229,636,201104
229,642,201104
229,594,201104
230,641,201104
230,634,201104
230,594,201104
230,639,201104
230,664,201104
230,642,201104
230,110,201104
230,638,201104
230,640,201104
230,231,201104
230,596,201104
230,636,201104
230,229,201104
230,635,201104
230,600,201104
230,254,201104
230,232,201104
231,110,201104
231,658,201104
231,639,201104
231,465,201104
231,575,201104
231,257,201104
231,643,201104
231,226,201104
231,604,201104
231,232,201104
231,576,201104
231,319,201104
231,644,201104
231,527,201104
231,599,201104
231,605,201104
231,603,201104
232,602,201104
232,256,201104
232,601,201104
232,596,201104
232,576,201104
232,527,201104
232,604,201104
232,600,201104
232,254,201104
232,634,201104
232,594,201104
232,273,201104
232,568,201104
232,624,201104
232,644,201104
232,700,201104
232,591,201104
232,661,201104
232,598,201104
232,239,201104
232,257,201104
232,230,201104
232,465,201104
232,640,201104
232,290,201104
232,110,201104
232,259,201104
232,658,201104
232,641,201104
232,231,201104
232,670,201104
232,659,201104
232,636,201104
232,586,201104
232,255,201104
232,263,201104
232,664,201104
232,605,201104
232,599,201104
232,603,201104
232,252,201104
232,319,201104
232,642,201104
232,597,201104
232,260,201104
232,258,201104
232,253,201104
232,635,201104
232,425,201104
232,575,201104
232,186,201104
232,643,201104
232,695,201104
232,639,201104
232,571,201104
232,351,201104
233,234,201104
233,18,201104
233,126,201104
233,16,201104
233,146,201104
233,413,201104
233,346,201104
233,1169,201104
233,266,201104
233,10,201104
233,29,201104
233,32,201104
234,738,201104
234,123,201104
234,762,201104
234,122,201104
234,160,201104
234,61,201104
234,426,201104
234,346,201104
234,1169,201104
234,18,201104
234,1227,201104
234,10,201104
235,867,201104
235,110,201104
235,190,201104
235,1056,201104
235,201,201104
235,1381,201104
236,110,201104
236,627,201104
236,525,201104
237,143,201104
237,27,201104
237,76,201104
237,15,201104
237,355,201104
237,6,201104
237,26,201104
237,25,201104
237,60,201104
237,46,201104
237,32,201104
237,29,201104
237,97,201104
238,11,201104
239,232,201104
239,254,201104
239,230,201104
239,252,201104
239,258,201104
239,658,201104
239,664,201104
239,602,201104
241,35,201104
241,59,201104
241,1136,201104
241,675,201104
241,114,201104
242,1147,201104
242,32,201104
242,18,201104
242,29,201104
243,89,201104
243,7,201104
243,90,201104
243,8,201104
243,4,201104
243,29,201104
243,136,201104
243,112,201104
243,5,201104
243,1,201104
243,17,201104
243,20,201104
244,346,201104
244,137,201104
247,51,201104
247,69,201104
247,107,201104
247,146,201104
247,143,201104
247,112,201104
247,136,201104
247,165,201104
247,35,201104
247,17,201104
247,138,201104
247,23,201104
247,110,201104
247,18,201104
247,339,201104
247,105,201104
247,1196,201104
247,133,201104
247,295,201104
247,13,201104
247,121,201104
247,748,201104
247,747,201104
247,28,201104
247,843,201104
248,11,201104
250,339,201104
250,160,201104
250,46,201104
250,137,201104
250,97,201104
251,154,201104
251,29,201104
252,605,201104
252,232,201104
252,239,201104
252,253,201104
252,254,201104
253,254,201104
253,252,201104
253,239,201104
253,232,201104
253,659,201104
254,232,201104
254,239,201104
254,252,201104
254,253,201104
255,232,201104
255,260,201104
255,659,201104
255,259,201104
255,257,201104
256,232,201104
256,258,201104
256,260,201104
256,664,201104
256,263,201104
256,601,201104
256,597,201104
256,257,201104
256,659,201104
257,239,201104
257,186,201104
257,700,201104
257,260,201104
257,591,201104
257,263,201104
257,255,201104
257,232,201104
258,232,201104
258,260,201104
258,591,201104
258,263,201104
258,601,201104
258,659,201104
258,602,201104
258,239,201104
259,597,201104
259,591,201104
259,263,201104
259,258,201104
259,257,201104
259,232,201104
260,256,201104
260,659,201104
260,601,201104
260,259,201104
260,700,201104
260,255,201104
260,257,201104
260,597,201104
260,263,201104
260,186,201104
260,232,201104
261,5,201104
261,72,201104
261,107,201104
261,10,201104
261,136,201104
261,1,201104
261,17,201104
261,20,201104
263,232,201104
263,601,201104
263,259,201104
263,664,201104
263,258,201104
263,256,201104
263,659,201104
263,602,201104
263,260,201104
263,597,201104
263,257,201104
265,206,201104
265,165,201104
265,124,201104
265,29,201104
265,18,201104
265,136,201104
265,17,201104
265,266,201104
265,11,201104
265,10,201104
265,1227,201104
266,13,201104
266,120,201104
266,25,201104
266,35,201104
266,1250,201104
266,158,201104
266,1147,201104
266,6,201104
266,341,201104
266,334,201104
266,137,201104
266,85,201104
266,206,201104
266,171,201104
266,15,201104
266,140,201104
266,132,201104
266,544,201104
266,278,201104
266,104,201104
266,888,201104
266,233,201104
266,355,201104
266,65,201104
266,265,201104
266,224,201104
266,61,201104
266,76,201104
266,43,201104
266,141,201104
266,151,201104
266,181,201104
266,95,201104
266,175,201104
266,66,201104
266,57,201104
266,138,201104
266,815,201104
266,62,201104
266,101,201104
266,114,201104
266,79,201104
267,131,201104
267,54,201104
267,1250,201104
267,99,201104
267,29,201104
267,137,201104
268,11,201104
269,32,201104
269,29,201104
269,18,201104
269,137,201104
269,139,201104
269,97,201104
269,60,201104
270,181,201104
270,276,201104
270,18,201104
270,32,201104
270,29,201104
271,339,201104
271,18,201104
273,602,201104
273,659,201104
273,232,201104
274,401,201104
274,23,201104
274,31,201104
274,32,201104
274,135,201104
274,18,201104
274,102,201104
274,139,201104
274,142,201104
274,81,201104
274,119,201104
274,38,201104
274,155,201104
274,124,201104
274,36,201104
274,180,201104
274,25,201104
274,9,201104
274,40,201104
274,69,201104
274,26,201104
274,0,201104
274,143,201104
274,136,201104
274,92,201104
274,1,201104
274,113,201104
274,183,201104
274,14,201104
274,5,201104
274,188,201104
274,77,201104
274,20,201104
274,35,201104
274,52,201104
274,132,201104
274,107,201104
274,860,201104
274,1147,201104
274,83,201104
274,51,201104
274,346,201104
274,133,201104
274,157,201104
274,11,201104
274,21,201104
274,100,201104
274,54,201104
274,112,201104
274,57,201104
274,19,201104
274,1366,201104
274,48,201104
274,108,201104
274,13,201104
274,4,201104
274,47,201104
274,28,201104
274,93,201104
274,160,201104
274,60,201104
274,17,201104
274,10,201104
274,80,201104
274,165,201104
274,72,201104
274,116,201104
274,149,201104
274,115,201104
274,96,201104
274,154,201104
274,27,201104
274,85,201104
274,2,201104
275,154,201104
276,144,201104
276,54,201104
276,814,201104
276,422,201104
276,74,201104
276,270,201104
276,18,201104
276,29,201104
276,32,201104
277,19,201104
278,79,201104
278,76,201104
278,124,201104
278,158,201104
278,14,201104
278,143,201104
278,24,201104
278,25,201104
278,146,201104
278,26,201104
278,83,201104
278,19,201104
278,46,201104
278,342,201104
278,178,201104
278,99,201104
278,266,201104
278,97,201104
281,143,201104
281,138,201104
281,29,201104
281,77,201104
281,176,201104
281,160,201104
281,374,201104
281,16,201104
281,146,201104
281,59,201104
282,165,201104
282,69,201104
282,339,201104
282,942,201104
282,25,201104
282,175,201104
282,837,201104
282,11,201104
282,143,201104
282,205,201104
282,96,201104
282,18,201104
283,1815,201104
283,208,201104
283,13,201104
284,129,201104
285,64,201104
285,739,201104
287,52,201104
287,24,201104
287,54,201104
287,46,201104
287,97,201104
288,82,201104
288,83,201104
288,178,201104
289,134,201104
289,13,201104
290,110,201104
290,808,201104
291,87,201104
291,203,201104
292,346,201104
292,29,201104
294,35,201104
294,495,201104
295,1196,201104
295,51,201104
295,247,201104
296,99,201104
296,154,201104
296,29,201104
297,102,201104
297,313,201104
297,208,201104
297,444,201104
297,1674,201104
297,349,201104
297,13,201104
298,64,201104
298,18,201104
299,96,201104
299,130,201104
299,536,201104
299,345,201104
299,23,201104
299,1,201104
299,10,201104
299,136,201104
300,4,201104
301,317,201104
301,183,201104
301,4,201104
302,1194,201104
303,81,201104
303,18,201104
303,1,201104
303,64,201104
303,25,201104
303,20,201104
303,29,201104
303,17,201104
303,136,201104
305,684,201104
305,830,201104
305,110,201104
305,633,201104
305,109,201104
305,4,201104
306,109,201104
306,110,201104
306,128,201104
306,427,201104
306,4,201104
307,25,201104
307,137,201104
307,136,201104
308,29,201104
309,160,201104
309,137,201104
310,2240,201104
311,50,201104
311,69,201104
311,3,201104
311,4,201104
313,297,201104
313,349,201104
313,13,201104
314,160,201104
315,189,201104
315,1169,201104
315,20,201104
316,40,201104
316,178,201104
316,266,201104
316,48,201104
317,177,201104
317,69,201104
317,301,201104
317,183,201104
317,4,201104
317,11,201104
318,543,201104
318,160,201104
319,604,201104
319,465,201104
319,643,201104
319,575,201104
319,527,201104
319,576,201104
319,639,201104
319,232,201104
319,231,201104
320,39,201104
320,38,201104
320,75,201104
320,499,201104
320,79,201104
320,32,201104
320,434,201104
320,13,201104
320,99,201104
320,29,201104
320,36,201104
320,334,201104
320,19,201104
320,6,201104
320,40,201104
320,46,201104
320,48,201104
320,815,201104
320,97,201104
320,178,201104
320,26,201104
323,89,201104
323,770,201104
325,444,201104
326,336,201104
326,390,201104
326,25,201104
327,138,201104
327,282,201104
327,137,201104
327,25,201104
330,147,201104
330,136,201104
330,11,201104
332,181,201104
332,19,201104
332,64,201104
332,32,201104
333,137,201104
333,244,201104
333,25,201104
334,266,201104
334,1250,201104
334,36,201104
334,320,201104
335,326,201104
335,216,201104
335,118,201104
335,393,201104
335,340,201104
335,336,201104
335,390,201104
335,346,201104
335,25,201104
335,137,201104
336,333,201104
336,274,201104
336,25,201104
336,335,201104
336,77,201104
336,137,201104
338,182,201104
338,32,201104
338,18,201104
338,19,201104
338,26,201104
338,6,201104
339,354,201104
339,188,201104
339,85,201104
339,530,201104
339,167,201104
339,62,201104
339,160,201104
339,163,201104
339,138,201104
339,27,201104
339,104,201104
339,282,201104
339,485,201104
339,165,201104
339,2,201104
339,250,201104
339,25,201104
339,175,201104
339,143,201104
339,137,201104
339,271,201104
339,1,201104
339,17,201104
339,35,201104
339,1227,201104
339,10,201104
340,393,201104
340,25,201104
341,588,201104
341,52,201104
341,160,201104
341,124,201104
341,2,201104
341,104,201104
341,80,201104
341,81,201104
341,97,201104
341,45,201104
341,100,201104
341,46,201104
341,101,201104
341,154,201104
341,18,201104
341,27,201104
341,85,201104
341,75,201104
341,170,201104
341,16,201104
341,48,201104
341,139,201104
341,94,201104
341,12,201104
341,76,201104
341,78,201104
341,39,201104
341,106,201104
341,175,201104
341,158,201104
341,32,201104
341,137,201104
341,92,201104
341,375,201104
341,25,201104
342,2,201104
342,80,201104
342,38,201104
342,278,201104
342,46,201104
342,137,201104
342,97,201104
344,871,201104
344,123,201104
344,137,201104
345,299,201104
345,136,201104
345,23,201104
346,11,201104
346,53,201104
346,70,201104
346,426,201104
346,177,201104
346,163,201104
346,410,201104
346,23,201104
346,5,201104
346,220,201104
346,969,201104
346,123,201104
346,72,201104
346,265,201104
346,150,201104
346,122,201104
346,234,201104
346,144,201104
346,4,201104
346,28,201104
346,136,201104
346,175,201104
346,50,201104
346,145,201104
346,21,201104
346,244,201104
346,22,201104
346,116,201104
346,211,201104
346,69,201104
346,12,201104
346,222,201104
346,34,201104
346,14,201104
346,44,201104
346,121,201104
346,112,201104
346,160,201104
346,51,201104
346,292,201104
346,131,201104
346,233,201104
346,24,201104
346,198,201104
346,18,201104
346,143,201104
346,537,201104
346,115,201104
346,47,201104
346,54,201104
346,132,201104
346,74,201104
346,443,201104
346,33,201104
346,93,201104
346,544,201104
346,25,201104
346,137,201104
346,197,201104
346,181,201104
346,2,201104
346,483,201104
346,274,201104
346,1227,201104
346,133,201104
348,23,201104
348,51,201104
348,17,201104
349,102,201104
349,208,201104
349,313,201104
349,1674,201104
349,297,201104
349,13,201104
351,607,201104
351,589,201104
351,660,201104
351,110,201104
351,572,201104
351,527,201104
351,760,201104
351,225,201104
351,573,201104
351,226,201104
351,587,201104
351,606,201104
351,1083,201104
351,590,201104
351,679,201104
351,604,201104
351,554,201104
351,574,201104
351,352,201104
351,586,201104
351,231,201104
351,2078,201104
351,465,201104
351,647,201104
351,564,201104
351,232,201104
352,626,201104
352,476,201104
352,351,201104
352,565,201104
352,506,201104
352,484,201104
352,625,201104
352,579,201104
352,694,201104
352,623,201104
352,622,201104
352,424,201104
352,196,201104
352,226,201104
352,477,201104
352,678,201104
352,805,201104
352,532,201104
352,621,201104
352,110,201104
352,564,201104
352,679,201104
352,377,201104
352,693,201104
352,590,201104
352,425,201104
354,32,201104
354,1123,201104
354,208,201104
354,1691,201104
354,6,201104
354,54,201104
354,16,201104
355,77,201104
355,35,201104
355,97,201104
355,274,201104
355,434,201104
355,1250,201104
355,58,201104
355,78,201104
355,98,201104
355,39,201104
355,224,201104
355,188,201104
355,237,201104
355,375,201104
355,57,201104
355,46,201104
355,124,201104
355,101,201104
355,266,201104
355,143,201104
355,160,201104
355,25,201104
355,137,201104
357,129,201104
357,172,201104
357,1129,201104
357,173,201104
357,1075,201104
358,372,201104
358,136,201104
359,891,201104
359,136,201104
360,180,201104
361,136,201104
362,40,201104
362,176,201104
362,19,201104
362,16,201104
362,32,201104
363,364,201104
363,366,201104
363,551,201104
363,196,201104
364,196,201104
364,365,201104
364,551,201104
364,366,201104
365,400,201104
365,364,201104
365,366,201104
365,196,201104
365,551,201104
365,363,201104
366,196,201104
366,110,201104
366,409,201104
366,365,201104
366,402,201104
366,551,201104
366,363,201104
366,364,201104
367,196,201104
368,136,201104
369,60,201104
369,14,201104
370,60,201104
371,29,201104
371,17,201104
371,136,201104
371,137,201104
371,97,201104
371,25,201104
372,147,201104
372,67,201104
372,11,201104
372,136,201104
373,722,201104
373,64,201104
374,281,201104
374,16,201104
375,16,201104
375,143,201104
375,108,201104
375,444,201104
375,133,201104
375,135,201104
375,14,201104
375,354,201104
375,178,201104
375,12,201104
375,355,201104
375,54,201104
375,163,201104
375,224,201104
375,132,201104
375,104,201104
375,15,201104
375,151,201104
375,140,201104
375,141,201104
375,95,201104
375,65,201104
375,181,201104
375,76,201104
375,79,201104
375,341,201104
375,114,201104
375,101,201104
375,815,201104
375,159,201104
375,138,201104
375,57,201104
375,175,201104
375,66,201104
375,62,201104
376,1,201104
376,136,201104
377,196,201104
377,225,201104
377,472,201104
377,547,201104
377,378,201104
378,196,201104
378,412,201104
378,377,201104
378,475,201104
378,225,201104
378,489,201104
378,471,201104
379,29,201104
380,48,201104
380,92,201104
380,81,201104
380,135,201104
381,142,201104
381,1086,201104
381,16,201104
383,667,201104
384,1147,201104
385,138,201104
385,2,201104
385,354,201104
385,25,201104
387,176,201104
387,19,201104
388,137,201104
390,495,201104
390,137,201104
390,25,201104
393,216,201104
393,274,201104
393,339,201104
393,93,201104
393,25,201104
393,137,201104
393,97,201104
394,154,201104
395,51,201104
395,17,201104
397,282,201104
398,97,201104
400,451,201104
400,366,201104
400,196,201104
400,365,201104
401,336,201104
401,975,201104
402,196,201104
402,366,201104
407,61,201104
407,18,201104
409,366,201104
409,196,201104
410,436,201104
410,346,201104
410,18,201104
412,705,201104
412,196,201104
412,712,201104
412,378,201104
413,346,201104
413,18,201104
415,61,201104
415,136,201104
415,18,201104
416,18,201104
419,444,201104
420,29,201104
422,440,201104
422,54,201104
422,27,201104
422,29,201104
423,426,201104
423,81,201104
423,346,201104
423,18,201104
424,478,201104
424,477,201104
424,622,201104
424,236,201104
424,587,201104
424,565,201104
424,196,201104
424,225,201104
424,110,201104
424,484,201104
424,448,201104
424,476,201104
424,425,201104
424,623,201104
424,626,201104
424,352,201104
424,469,201104
424,532,201104
424,506,201104
425,476,201104
425,196,201104
425,469,201104
425,110,201104
425,478,201104
425,424,201104
425,352,201104
425,506,201104
426,737,201104
426,18,201104
426,234,201104
426,346,201104
427,306,201104
427,109,201104
427,127,201104
427,4,201104
427,110,201104
427,563,201104
427,128,201104
427,614,201104
427,612,201104
427,616,201104
427,247,201104
427,610,201104
429,546,201104
429,181,201104
429,32,201104
430,54,201104
430,814,201104
430,144,201104
430,1205,201104
430,18,201104
432,160,201104
432,18,201104
434,176,201104
434,355,201104
434,1250,201104
434,320,201104
434,106,201104
434,48,201104
434,36,201104
435,41,201104
435,160,201104
435,97,201104
436,160,201104
436,410,201104
436,18,201104
440,814,201104
440,54,201104
440,18,201104
440,32,201104
443,44,201104
443,101,201104
443,346,201104
443,29,201104
444,375,201104
444,419,201104
444,10,201104
444,173,201104
444,2060,201104
444,208,201104
444,1131,201104
444,53,201104
444,189,201104
444,117,201104
444,297,201104
444,133,201104
445,178,201104
445,46,201104
447,489,201104
447,196,201104
447,448,201104
448,196,201104
448,479,201104
448,447,201104
449,549,201104
449,64,201104
451,400,201104
452,97,201104
453,1194,201104
455,512,201104
455,0,201104
455,143,201104
455,97,201104
457,80,201104
457,25,201104
457,495,201104
458,46,201104
460,27,201104
460,2,201104
463,274,201104
463,65,201104
463,23,201104
463,36,201104
463,143,201104
463,40,201104
463,13,201104
463,83,201104
463,97,201104
463,178,201104
465,110,201104
465,351,201104
465,319,201104
465,527,201104
465,639,201104
465,232,201104
465,576,201104
465,603,201104
465,575,201104
465,604,201104
465,231,201104
465,599,201104
465,644,201104
469,477,201104
469,476,201104
469,424,201104
470,196,201104
470,471,201104
470,472,201104
470,225,201104
471,196,201104
471,226,201104
471,470,201104
471,475,201104
471,472,201104
471,225,201104
471,378,201104
472,471,201104
472,196,201104
472,470,201104
472,377,201104
472,475,201104
472,225,201104
473,556,201104
473,186,201104
473,559,201104
474,651,201104
474,825,201104
474,110,201104
474,473,201104
474,650,201104
474,937,201104
474,656,201104
474,947,201104
474,997,201104
474,1636,201104
474,200,201104
474,186,201104
474,922,201104
474,698,201104
474,665,201104
474,559,201104
474,630,201104
474,185,201104
475,378,201104
475,225,201104
475,196,201104
476,506,201104
476,424,201104
476,110,201104
476,477,201104
476,469,201104
477,110,201104
477,476,201104
477,532,201104
477,424,201104
478,110,201104
478,424,201104
478,448,201104
478,196,201104
478,425,201104
479,448,201104
479,196,201104
480,136,201104
483,85,201104
483,137,201104
483,1169,201104
483,346,201104
484,625,201104
484,621,201104
484,626,201104
484,694,201104
484,352,201104
485,517,201104
487,1,201104
487,133,201104
489,196,201104
489,412,201104
489,447,201104
489,712,201104
489,378,201104
490,27,201104
492,136,201104
493,28,201104
493,17,201104
495,40,201104
495,390,201104
495,335,201104
495,118,201104
495,1169,201104
495,137,201104
495,25,201104
495,97,201104
499,320,201104
501,132,201104
501,107,201104
501,23,201104
501,143,201104
502,728,201104
502,12,201104
502,136,201104
503,888,201104
503,97,201104
503,31,201104
504,196,201104
504,365,201104
506,476,201104
506,110,201104
506,469,201104
506,196,201104
506,424,201104
506,425,201104
510,160,201104
510,97,201104
512,143,201104
512,80,201104
512,160,201104
512,455,201104
515,487,201104
519,23,201104
521,65,201104
521,1291,201104
521,160,201104
522,154,201104
523,1022,201104
523,16,201104
525,851,201104
525,110,201104
525,839,201104
525,932,201104
525,726,201104
525,235,201104
525,716,201104
525,725,201104
525,1653,201104
525,961,201104
525,585,201104
525,1239,201104
525,847,201104
525,582,201104
525,1380,201104
525,1089,201104
525,962,201104
525,1030,201104
525,627,201104
525,1087,201104
525,236,201104
526,196,201104
527,232,201104
527,465,201104
527,226,201104
527,644,201104
527,576,201104
527,319,201104
527,575,201104
527,604,201104
527,586,201104
527,603,201104
527,231,201104
527,639,201104
528,196,201104
529,189,201104
530,339,201104
530,73,201104
532,110,201104
532,196,201104
532,476,201104
532,623,201104
532,477,201104
532,352,201104
532,424,201104
535,196,201104
536,299,201104
536,10,201104
537,346,201104
537,136,201104
540,97,201104
543,98,201104
543,65,201104
543,160,201104
544,96,201104
544,76,201104
544,12,201104
544,146,201104
544,98,201104
544,65,201104
544,900,201104
544,29,201104
544,23,201104
544,97,201104
544,32,201104
544,136,201104
544,6,201104
544,10,201104
544,17,201104
544,26,201104
544,266,201104
544,18,201104
544,46,201104
544,160,201104
544,25,201104
544,137,201104
545,197,201104
545,32,201104
546,181,201104
546,32,201104
547,196,201104
547,377,201104
548,10,201104
548,11,201104
549,449,201104
549,178,201104
549,64,201104
551,196,201104
551,365,201104
551,363,201104
551,366,201104
551,364,201104
552,51,201104
552,48,201104
552,18,201104
552,85,201104
552,165,201104
552,93,201104
552,2,201104
552,9,201104
552,1,201104
552,149,201104
552,136,201104
552,72,201104
552,97,201104
552,25,201104
552,188,201104
552,5,201104
552,23,201104
552,34,201104
552,17,201104
552,115,201104
552,29,201104
552,1194,201104
554,351,201104
554,607,201104
554,587,201104
555,558,201104
555,186,201104
556,473,201104
556,186,201104
556,559,201104
558,560,201104
558,474,201104
558,253,201104
558,186,201104
559,630,201104
559,556,201104
559,474,201104
559,186,201104
559,473,201104
560,558,201104
560,186,201104
561,186,201104
562,563,201104
563,688,201104
563,680,201104
563,612,201104
563,618,201104
563,562,201104
563,792,201104
563,427,201104
563,615,201104
563,569,201104
563,568,201104
563,570,201104
563,1150,201104
563,734,201104
563,1626,201104
563,611,201104
563,614,201104
563,674,201104
563,617,201104
563,567,201104
563,566,201104
563,610,201104
563,616,201104
563,612,201104
563,614,201104
563,616,201104
563,610,201104
564,694,201104
564,565,201104
564,351,201104
564,621,201104
564,352,201104
565,564,201104
565,694,201104
565,625,201104
565,352,201104
566,610,201104
566,614,201104
566,569,201104
566,563,201104
567,563,201104
568,563,201104
569,563,201104
569,566,201104
570,614,201104
570,563,201104
571,645,201104
571,232,201104
572,226,201104
572,351,201104
572,590,201104
572,607,201104
572,573,201104
572,574,201104
572,589,201104
573,351,201104
573,110,201104
573,590,201104
573,607,201104
573,226,201104
573,572,201104
573,589,201104
574,589,201104
574,226,201104
574,590,201104
574,351,201104
574,607,201104
574,572,201104
575,226,201104
575,604,201104
575,527,201104
575,643,201104
575,576,201104
575,465,201104
575,603,201104
575,232,201104
575,319,201104
575,639,201104
575,599,201104
575,644,201104
575,231,201104
576,527,201104
576,465,201104
576,319,201104
576,604,201104
576,232,201104
576,575,201104
576,639,201104
576,231,201104
576,644,201104
577,110,201104
577,196,201104
578,196,201104
579,484,201104
579,621,201104
579,625,201104
579,694,201104
579,352,201104
582,525,201104
584,525,201104
586,636,201104
586,590,201104
586,226,201104
586,607,201104
586,527,201104
586,351,201104
587,351,201104
587,110,201104
587,554,201104
588,34,201104
588,834,201104
588,14,201104
588,136,201104
589,351,201104
589,226,201104
589,574,201104
589,573,201104
589,607,201104
589,572,201104
590,352,201104
590,351,201104
590,226,201104
590,572,201104
590,574,201104
590,573,201104
590,607,201104
591,255,201104
591,259,201104
591,258,201104
591,659,201104
591,700,201104
591,232,201104
591,257,201104
591,239,201104
592,109,201104
592,593,201104
592,127,201104
592,677,201104
593,592,201104
593,109,201104
593,110,201104
593,127,201104
594,230,201104
594,232,201104
594,824,201104
594,640,201104
594,596,201104
594,229,201104
594,636,201104
596,230,201104
596,110,201104
596,636,201104
596,640,201104
596,594,201104
596,229,201104
597,658,201104
597,263,201104
597,256,201104
597,601,201104
597,232,201104
597,260,201104
597,659,201104
597,664,201104
598,645,201104
598,232,201104
599,232,201104
599,605,201104
599,644,201104
599,575,201104
599,527,201104
599,658,201104
599,231,201104
599,639,201104
600,230,201104
600,232,201104
600,635,201104
600,642,201104
600,229,201104
600,639,201104
601,110,201104
601,260,201104
601,232,201104
601,597,201104
601,258,201104
601,659,201104
601,664,201104
601,256,201104
601,263,201104
601,257,201104
601,602,201104
602,624,201104
602,273,201104
602,260,201104
602,659,201104
602,599,201104
602,601,201104
602,263,201104
602,232,201104
602,258,201104
602,239,201104
603,232,201104
603,110,201104
603,465,201104
603,575,201104
603,639,201104
603,527,201104
603,231,201104
604,110,201104
604,231,201104
604,465,201104
604,351,201104
604,527,201104
604,607,201104
604,226,201104
605,644,201104
605,599,201104
605,232,201104
605,639,201104
605,658,201104
605,527,201104
605,231,201104
606,660,201104
606,1083,201104
606,679,201104
606,607,201104
606,351,201104
607,606,201104
607,573,201104
607,351,201104
607,679,201104
607,572,201104
607,660,201104
607,554,201104
607,589,201104
607,586,201104
607,574,201104
607,590,201104
607,604,201104
607,226,201104
610,615,201104
610,563,201104
610,427,201104
611,563,201104
612,568,201104
612,427,201104
612,614,201104
612,563,201104
614,570,201104
614,563,201104
614,566,201104
614,427,201104
615,563,201104
615,610,201104
616,563,201104
616,427,201104
617,563,201104
618,563,201104
620,186,201104
621,352,201104
621,196,201104
621,678,201104
621,626,201104
621,484,201104
621,625,201104
621,579,201104
621,564,201104
621,622,201104
621,694,201104
622,424,201104
622,694,201104
622,623,201104
622,352,201104
622,532,201104
623,694,201104
623,622,201104
623,352,201104
623,532,201104
624,602,201104
624,232,201104
624,659,201104
624,670,201104
624,658,201104
624,273,201104
624,664,201104
624,239,201104
625,626,201104
625,579,201104
625,352,201104
625,678,201104
625,694,201104
625,621,201104
626,352,201104
626,484,201104
626,625,201104
626,579,201104
626,621,201104
626,678,201104
626,694,201104
627,1323,201104
627,236,201104
627,110,201104
627,648,201104
627,525,201104
627,133,201104
627,1891,201104
627,235,201104
627,646,201104
627,649,201104
628,629,201104
628,109,201104
629,628,201104
629,109,201104
630,185,201104
630,650,201104
630,997,201104
630,474,201104
630,110,201104
631,110,201104
633,110,201104
633,109,201104
633,305,201104
633,4,201104
634,230,201104
634,635,201104
634,641,201104
635,230,201104
635,600,201104
635,641,201104
635,634,201104
635,232,201104
636,596,201104
636,230,201104
636,229,201104
636,640,201104
636,594,201104
638,230,201104
639,232,201104
639,603,201104
639,319,201104
639,641,201104
639,604,201104
639,575,201104
639,230,201104
639,600,201104
639,231,201104
640,110,201104
640,594,201104
640,229,201104
640,636,201104
640,232,201104
640,596,201104
640,230,201104
641,230,201104
641,642,201104
641,635,201104
641,634,201104
642,230,201104
642,634,201104
642,600,201104
642,229,201104
642,641,201104
643,232,201104
643,575,201104
643,603,201104
643,231,201104
643,639,201104
644,232,201104
644,576,201104
644,465,201104
644,229,201104
644,599,201104
644,575,201104
644,231,201104
644,639,201104
645,1039,201104
645,185,201104
645,693,201104
645,598,201104
645,571,201104
645,760,201104
646,649,201104
646,648,201104
646,627,201104
647,765,201104
647,1002,201104
647,719,201104
647,841,201104
648,649,201104
648,646,201104
648,627,201104
649,646,201104
649,648,201104
649,627,201104
650,665,201104
650,630,201104
650,474,201104
651,665,201104
651,474,201104
652,64,201104
652,146,201104
652,20,201104
654,35,201104
654,1576,201104
656,937,201104
656,947,201104
656,698,201104
656,926,201104
656,697,201104
656,200,201104
656,657,201104
656,474,201104
656,185,201104
657,697,201104
657,200,201104
657,937,201104
657,185,201104
658,232,201104
658,624,201104
658,664,201104
658,659,201104
658,597,201104
658,599,201104
658,239,201104
658,605,201104
659,527,201104
659,273,201104
659,624,201104
659,259,201104
659,597,201104
659,260,201104
659,263,201104
659,255,201104
659,601,201104
659,591,201104
659,232,201104
659,658,201104
659,258,201104
659,256,201104
659,253,201104
659,664,201104
660,351,201104
660,679,201104
660,606,201104
660,607,201104
661,664,201104
661,232,201104
663,824,201104
663,925,201104
663,229,201104
664,659,201104
664,661,201104
664,602,201104
664,670,201104
664,624,201104
664,658,201104
664,232,201104
664,597,201104
664,239,201104
664,601,201104
665,651,201104
665,185,201104
665,186,201104
665,630,201104
665,474,201104
666,457,201104
667,383,201104
667,857,201104
667,196,201104
669,229,201104
670,624,201104
670,659,201104
670,664,201104
670,232,201104
671,137,201104
672,1,201104
674,563,201104
675,59,201104
675,241,201104
675,35,201104
676,109,201104
676,593,201104
676,677,201104
677,676,201104
677,109,201104
678,352,201104
678,621,201104
678,694,201104
678,625,201104
679,351,201104
679,352,201104
679,606,201104
679,607,201104
679,110,201104
679,660,201104
681,196,201104
683,525,201104
684,110,201104
688,563,201104
693,645,201104
693,623,201104
693,352,201104
694,425,201104
694,110,201104
694,196,201104
694,564,201104
694,626,201104
694,678,201104
694,565,201104
694,625,201104
694,623,201104
694,352,201104
694,621,201104
694,622,201104
694,484,201104
694,579,201104
696,190,201104
696,185,201104
697,947,201104
697,937,201104
697,657,201104
697,656,201104
697,185,201104
698,656,201104
698,926,201104
698,947,201104
698,474,201104
698,200,201104
698,185,201104
700,232,201104
700,257,201104
700,591,201104
703,730,201104
703,64,201104
705,196,201104
706,751,201104
706,136,201104
712,225,201104
712,412,201104
712,377,201104
716,525,201104
719,647,201104
722,373,201104
722,871,201104
722,64,201104
723,109,201104
724,109,201104
725,525,201104
726,525,201104
728,502,201104
728,12,201104
728,136,201104
728,10,201104
728,1227,201104
729,109,201104
730,703,201104
730,64,201104
734,427,201104
734,563,201104
736,832,201104
736,745,201104
736,761,201104
736,21,201104
736,20,201104
737,18,201104
738,123,201104
738,234,201104
738,762,201104
738,982,201104
738,136,201104
739,16,201104
739,32,201104
739,54,201104
739,29,201104
739,11,201104
739,142,201104
739,208,201104
739,444,201104
739,2053,201104
739,133,201104
739,135,201104
739,97,201104
739,19,201104
739,6,201104
739,35,201104
739,285,201104
740,85,201104
741,795,201104
741,215,201104
741,295,201104
741,2,201104
741,4,201104
741,51,201104
741,20,201104
744,99,201104
744,46,201104
745,755,201104
745,21,201104
747,748,201104
747,1424,201104
747,1422,201104
747,1421,201104
747,222,201104
747,247,201104
748,222,201104
748,747,201104
748,1421,201104
748,247,201104
749,348,201104
750,133,201104
750,107,201104
750,1369,201104
750,1368,201104
750,1345,201104
750,210,201104
751,706,201104
751,136,201104
752,115,201104
752,29,201104
752,137,201104
753,84,201104
753,30,201104
754,30,201104
755,21,201104
756,96,201104
757,96,201104
760,645,201104
760,693,201104
760,351,201104
761,21,201104
761,133,201104
761,866,201104
761,736,201104
761,17,201104
761,20,201104
762,234,201104
762,738,201104
762,136,201104
764,10,201104
765,647,201104
766,13,201104
768,48,201104
768,769,201104
769,48,201104
769,78,201104
769,45,201104
769,139,201104
769,14,201104
769,108,201104
769,97,201104
769,60,201104
769,46,201104
769,35,201104
770,89,201104
770,1408,201104
770,778,201104
770,8,201104
770,323,201104
770,7,201104
774,1424,201104
775,67,201104
775,136,201104
776,30,201104
776,136,201104
777,299,201104
777,96,201104
778,89,201104
781,10,201104
781,150,201104
781,17,201104
781,11,201104
783,776,201104
783,136,201104
783,30,201104
784,1,201104
786,898,201104
786,917,201104
786,110,201104
789,110,201104
792,563,201104
793,1424,201104
795,184,201104
795,33,201104
796,941,201104
797,178,201104
797,46,201104
799,14,201104
799,19,201104
799,46,201104
801,96,201104
804,415,201104
804,968,201104
804,136,201104
806,69,201104
806,49,201104
808,110,201104
808,290,201104
810,747,201104
813,76,201104
813,458,201104
813,46,201104
813,97,201104
814,144,201104
814,422,201104
814,54,201104
814,440,201104
814,18,201104
814,32,201104
815,180,201104
815,6,201104
815,126,201104
815,1250,201104
815,13,201104
815,375,201104
815,48,201104
815,320,201104
815,266,201104
817,5,201104
817,23,201104
818,110,201104
819,5,201104
819,51,201104
819,10,201104
819,4,201104
819,17,201104
824,229,201104
825,474,201104
826,210,201104
826,1109,201104
826,998,201104
828,7,201104
832,21,201104
832,113,201104
832,20,201104
834,136,201104
839,525,201104
840,109,201104
841,647,201104
841,110,201104
842,295,201104
842,51,201104
843,4,201104
843,774,201104
843,247,201104
847,962,201104
847,525,201104
851,525,201104
855,192,201104
855,133,201104
857,667,201104
860,52,201104
860,133,201104
860,26,201104
860,79,201104
860,274,201104
860,19,201104
860,136,201104
860,60,201104
860,97,201104
860,46,201104
860,13,201104
862,12,201104
862,728,201104
862,136,201104
863,23,201104
863,211,201104
863,17,201104
863,10,201104
864,592,201104
864,109,201104
864,593,201104
866,21,201104
866,761,201104
866,1169,201104
866,17,201104
866,20,201104
867,235,201104
871,118,201104
871,344,201104
871,722,201104
871,40,201104
871,160,201104
874,931,201104
878,1090,201104
878,30,201104
885,27,201104
885,160,201104
886,236,201104
886,627,201104
886,110,201104
888,503,201104
888,31,201104
888,266,201104
889,180,201104
890,27,201104
891,359,201104
891,136,201104
894,31,201104
896,13,201104
897,190,201104
898,786,201104
899,180,201104
900,1088,201104
900,97,201104
906,23,201104
906,213,201104
906,25,201104
906,85,201104
906,96,201104
906,2,201104
906,20,201104
906,17,201104
906,1,201104
908,909,201104
908,18,201104
909,908,201104
909,18,201104
913,109,201104
914,59,201104
917,786,201104
920,201,201104
920,110,201104
920,1183,201104
920,190,201104
922,474,201104
922,185,201104
922,997,201104
922,186,201104
925,110,201104
925,663,201104
925,229,201104
926,200,201104
926,185,201104
931,5,201104
931,133,201104
932,525,201104
935,97,201104
937,947,201104
937,190,201104
937,200,201104
937,656,201104
937,697,201104
937,474,201104
937,657,201104
937,185,201104
941,998,201104
941,11,201104
941,299,201104
941,210,201104
941,796,201104
941,1057,201104
941,136,201104
941,1,201104
942,282,201104
943,57,201104
947,1026,201104
947,697,201104
947,698,201104
947,474,201104
947,185,201104
948,127,201104
948,109,201104
950,931,201104
950,133,201104
950,17,201104
950,137,201104
961,525,201104
962,847,201104
962,1030,201104
962,525,201104
968,804,201104
968,136,201104
969,53,201104
969,346,201104
969,1227,201104
969,10,201104
975,65,201104
975,73,201104
978,354,201104
979,1424,201104
979,1422,201104
981,136,201104
982,738,201104
982,136,201104
995,13,201104
996,13,201104
997,186,201104
997,185,201104
997,630,201104
997,650,201104
997,474,201104
998,22,201104
998,1109,201104
998,941,201104
998,1345,201104
998,210,201104
998,826,201104
1002,647,201104
1004,669,201104
1015,136,201104
1016,185,201104
1016,186,201104
1017,160,201104
1017,27,201104
1020,14,201104
1022,523,201104
1022,16,201104
1026,185,201104
1028,196,201104
1030,847,201104
1030,1087,201104
1030,525,201104
1039,35,201104
1039,645,201104
1044,45,201104
1044,207,201104
1045,136,201104
1045,140,201104
1045,32,201104
1045,178,201104
1052,97,201104
1056,235,201104
1056,110,201104
1057,941,201104
1065,16,201104
1065,59,201104
1065,97,201104
1070,4,201104
1070,1422,201104
1072,302,201104
1075,1404,201104
1075,357,201104
1083,351,201104
1083,660,201104
1083,606,201104
1086,381,201104
1086,16,201104
1087,1239,201104
1087,1030,201104
1087,847,201104
1087,525,201104
1088,29,201104
1088,900,201104
1088,1144,201104
1089,525,201104
1089,962,201104
1090,878,201104
1090,30,201104
1109,826,201104
1109,998,201104
1109,133,201104
1118,13,201104
1129,129,201104
1129,172,201104
1129,357,201104
1129,173,201104
1129,1404,201104
1130,1441,201104
1130,81,201104
1131,444,201104
1131,133,201104
1132,196,201104
1134,196,201104
1136,57,201104
1136,188,201104
1144,29,201104
1144,137,201104
1144,18,201104
1144,4,201104
1144,135,201104
1144,354,201104
1144,375,201104
1147,158,201104
1147,77,201104
1147,9,201104
1147,85,201104
1147,242,201104
1147,274,201104
1147,57,201104
1147,278,201104
1147,93,201104
1147,159,201104
1147,151,201104
1147,65,201104
1147,384,201104
1147,48,201104
1147,62,201104
1147,47,201104
1147,266,201104
1147,32,201104
1147,80,201104
1147,74,201104
1147,76,201104
1147,135,201104
1147,10,201104
1147,97,201104
1150,563,201104
1169,315,201104
1169,70,201104
1169,177,201104
1169,214,201104
1169,51,201104
1169,866,201104
1169,96,201104
1169,220,201104
1169,165,201104
1169,495,201104
1169,50,201104
1169,33,201104
1169,123,201104
1169,149,201104
1169,234,201104
1169,222,201104
1169,265,201104
1169,233,201104
1169,144,201104
1169,116,201104
1169,54,201104
1169,483,201104
1169,18,201104
1169,2,201104
1169,4,201104
1169,111,201104
1174,14,201104
1180,54,201104
1183,920,201104
1183,190,201104
1190,137,201104
1193,1896,201104
1193,739,201104
1194,453,201104
1194,552,201104
1194,120,201104
1194,302,201104
1196,795,201104
1196,741,201104
1196,842,201104
1196,295,201104
1196,247,201104
1196,51,201104
1205,54,201104
1205,430,201104
1209,38,201104
1210,48,201104
1227,146,201104
1227,1,201104
1227,133,201104
1227,5,201104
1227,22,201104
1227,10,201104
1227,393,201104
1227,183,201104
1227,136,201104
1227,53,201104
1227,346,201104
1227,214,201104
1227,247,201104
1227,93,201104
1227,339,201104
1227,165,201104
1227,728,201104
1227,104,201104
1227,123,201104
1227,163,201104
1227,969,201104
1227,34,201104
1227,105,201104
1227,86,201104
1227,111,201104
1227,33,201104
1227,66,201104
1227,234,201104
1227,177,201104
1227,122,201104
1227,159,201104
1227,84,201104
1227,181,201104
1227,164,201104
1227,30,201104
1227,15,201104
1227,138,201104
1227,222,201104
1227,265,201104
1227,61,201104
1236,1,201104
1236,1227,201104
1250,66,201104
1250,13,201104
1250,334,201104
1250,434,201104
1250,267,201104
1250,266,201104
1250,138,201104
1250,106,201104
1250,355,201104
1250,815,201104
1250,171,201104
1250,76,201104
1250,79,201104
1250,181,201104
1250,57,201104
1250,101,201104
1250,175,201104
1250,65,201104
1258,60,201104
1258,136,201104
1258,97,201104
1259,1286,201104
1265,11,201104
1265,133,201104
1265,10,201104
1269,96,201104
1278,133,201104
1282,536,201104
1283,92,201104
1283,65,201104
1286,1259,201104
1291,521,201104
1291,160,201104
1315,1324,201104
1320,1196,201104
1323,627,201104
1324,4,201104
1324,1424,201104
1337,195,201104
1345,1368,201104
1345,750,201104
1355,1,201104
1363,208,201104
1366,124,201104
1366,113,201104
1366,107,201104
1366,10,201104
1366,112,201104
1366,100,201104
1366,85,201104
1366,5,201104
1366,51,201104
1366,180,201104
1366,119,201104
1366,21,201104
1366,2,201104
1366,1,201104
1366,38,201104
1366,154,201104
1366,9,201104
1366,19,201104
1366,28,201104
1366,12,201104
1366,83,201104
1366,27,201104
1366,160,201104
1366,48,201104
1366,274,201104
1366,135,201104
1366,60,201104
1366,92,201104
1366,31,201104
1366,14,201104
1366,97,201104
1368,941,201104
1368,1345,201104
1368,1369,201104
1368,210,201104
1368,750,201104
1381,235,201104
1388,113,201104
1388,133,201104
1404,173,201104
1404,1075,201104
1404,1129,201104
1408,7,201104
1408,770,201104
1408,89,201104
1417,13,201104
1421,748,201104
1421,747,201104
1422,1324,201104
1422,1439,201104
1422,1450,201104
1422,747,201104
1422,1438,201104
1422,979,201104
1422,1070,201104
1424,793,201104
1424,774,201104
1424,1439,201104
1424,747,201104
1424,1324,201104
1424,1438,201104
1424,979,201104
1424,1450,201104
1438,1422,201104
1438,1424,201104
1439,1424,201104
1439,1422,201104
1441,297,201104
1441,1903,201104
1441,1130,201104
1450,1422,201104
1450,1424,201104
1471,140,201104
1482,154,201104
1498,5,201104
1580,154,201104
1626,563,201104
1636,474,201104
1649,133,201104
1649,51,201104
1649,112,201104
1649,20,201104
1649,17,201104
1674,297,201104
1674,349,201104
1691,354,201104
1691,180,201104
1767,133,201104
1794,801,201104
1794,96,201104
1815,283,201104
1815,1904,201104
1891,627,201104
1896,1193,201104
1903,1933,201104
1904,1815,201104
1933,208,201104
2053,739,201104
2060,444,201104
2240,310,201104
