i,j,t
0,77,201506
0,26,201506
0,163,201506
0,18,201506
0,113,201506
0,80,201506
0,124,201506
0,143,201506
0,552,201506
0,160,201506
0,16,201506
0,22,201506
0,510,201506
0,53,201506
0,97,201506
0,27,201506
0,96,201506
0,139,201506
0,9,201506
0,14,201506
0,108,201506
0,149,201506
0,172,201506
0,69,201506
0,11,201506
0,116,201506
0,40,201506
0,142,201506
0,47,201506
0,31,201506
0,38,201506
0,120,201506
0,134,201506
0,197,201506
0,99,201506
0,93,201506
0,6,201506
0,64,201506
0,20,201506
0,48,201506
0,115,201506
0,72,201506
0,85,201506
0,102,201506
0,133,201506
0,32,201506
0,81,201506
0,4,201506
0,13,201506
0,29,201506
0,112,201506
0,21,201506
0,178,201506
0,136,201506
0,46,201506
0,129,201506
0,146,201506
0,165,201506
0,100,201506
0,10,201506
0,19,201506
0,83,201506
0,1258,201506
0,25,201506
0,54,201506
0,266,201506
0,137,201506
0,2,201506
0,17,201506
0,35,201506
0,1,201506
0,5,201506
0,28,201506
0,154,201506
0,59,201506
0,60,201506
0,135,201506
0,274,201506
0,92,201506
1,96,201506
1,97,201506
1,85,201506
1,132,201506
1,77,201506
1,10,201506
1,17,201506
1,36,201506
1,51,201506
1,83,201506
1,28,201506
1,21,201506
1,23,201506
1,143,201506
1,209,201506
1,784,201506
1,1236,201506
1,180,201506
1,129,201506
1,146,201506
1,20,201506
1,552,201506
1,160,201506
1,5,201506
1,75,201506
1,120,201506
1,7,201506
1,100,201506
1,19,201506
1,58,201506
1,34,201506
1,40,201506
1,14,201506
1,80,201506
1,142,201506
1,60,201506
1,18,201506
1,299,201506
1,112,201506
1,136,201506
1,139,201506
1,108,201506
1,59,201506
1,52,201506
1,133,201506
1,243,201506
1,13,201506
1,1355,201506
1,64,201506
1,26,201506
1,181,201506
1,4,201506
1,57,201506
1,941,201506
1,48,201506
1,12,201506
1,102,201506
1,99,201506
1,2,201506
1,27,201506
1,130,201506
1,107,201506
1,189,201506
1,261,201506
1,213,201506
1,16,201506
1,165,201506
1,150,201506
1,25,201506
1,124,201506
1,183,201506
1,70,201506
1,110,201506
1,6,201506
1,137,201506
1,211,201506
1,69,201506
1,906,201506
1,0,201506
1,37,201506
1,29,201506
1,11,201506
1,8,201506
1,22,201506
1,72,201506
1,81,201506
1,89,201506
1,35,201506
1,9,201506
1,54,201506
1,32,201506
1,121,201506
1,31,201506
1,154,201506
1,274,201506
1,92,201506
1,113,201506
1,135,201506
1,46,201506
2,85,201506
2,14,201506
2,132,201506
2,28,201506
2,20,201506
2,21,201506
2,6,201506
2,25,201506
2,339,201506
2,35,201506
2,143,201506
2,327,201506
2,0,201506
2,133,201506
2,354,201506
2,552,201506
2,385,201506
2,165,201506
2,160,201506
2,5,201506
2,17,201506
2,113,201506
2,83,201506
2,76,201506
2,57,201506
2,134,201506
2,100,201506
2,34,201506
2,60,201506
2,155,201506
2,16,201506
2,81,201506
2,112,201506
2,137,201506
2,213,201506
2,26,201506
2,36,201506
2,393,201506
2,176,201506
2,23,201506
2,77,201506
2,139,201506
2,180,201506
2,12,201506
2,181,201506
2,197,201506
2,52,201506
2,142,201506
2,32,201506
2,107,201506
2,40,201506
2,13,201506
2,93,201506
2,53,201506
2,27,201506
2,4,201506
2,136,201506
2,64,201506
2,11,201506
2,119,201506
2,346,201506
2,99,201506
2,96,201506
2,247,201506
2,167,201506
2,156,201506
2,9,201506
2,149,201506
2,102,201506
2,18,201506
2,116,201506
2,29,201506
2,183,201506
2,72,201506
2,19,201506
2,1,201506
2,46,201506
2,108,201506
2,59,201506
2,31,201506
2,154,201506
2,97,201506
2,92,201506
2,135,201506
2,10,201506
2,274,201506
3,69,201506
4,110,201506
4,85,201506
4,221,201506
4,30,201506
4,166,201506
4,137,201506
4,89,201506
4,131,201506
4,112,201506
4,109,201506
4,427,201506
4,127,201506
4,222,201506
4,843,201506
4,748,201506
4,1070,201506
4,18,201506
4,139,201506
4,5,201506
4,1,201506
4,160,201506
4,23,201506
4,51,201506
4,21,201506
4,176,201506
4,77,201506
4,126,201506
4,132,201506
4,0,201506
4,26,201506
4,83,201506
4,108,201506
4,99,201506
4,188,201506
4,155,201506
4,27,201506
4,32,201506
4,13,201506
4,97,201506
4,16,201506
4,1366,201506
4,107,201506
4,48,201506
4,6,201506
4,34,201506
4,58,201506
4,14,201506
4,180,201506
4,113,201506
4,2,201506
4,80,201506
4,183,201506
4,12,201506
4,142,201506
4,64,201506
4,11,201506
4,60,201506
4,81,201506
4,154,201506
4,346,201506
4,19,201506
4,7,201506
4,70,201506
4,129,201506
4,136,201506
4,59,201506
4,17,201506
4,52,201506
4,28,201506
4,22,201506
4,196,201506
4,115,201506
4,633,201506
4,305,201506
4,96,201506
4,20,201506
4,35,201506
4,592,201506
4,185,201506
4,133,201506
4,128,201506
4,306,201506
4,268,201506
4,88,201506
4,53,201506
4,317,201506
4,84,201506
4,10,201506
4,189,201506
4,819,201506
4,213,201506
4,301,201506
4,146,201506
4,300,201506
4,31,201506
4,274,201506
4,25,201506
4,50,201506
4,311,201506
4,223,201506
4,150,201506
4,243,201506
4,164,201506
4,184,201506
4,86,201506
4,92,201506
4,214,201506
4,33,201506
4,8,201506
4,54,201506
4,69,201506
4,177,201506
4,121,201506
4,46,201506
4,135,201506
4,29,201506
5,39,201506
5,137,201506
5,23,201506
5,19,201506
5,143,201506
5,11,201506
5,863,201506
5,83,201506
5,178,201506
5,146,201506
5,60,201506
5,931,201506
5,17,201506
5,552,201506
5,110,201506
5,53,201506
5,136,201506
5,6,201506
5,89,201506
5,77,201506
5,10,201506
5,160,201506
5,261,201506
5,29,201506
5,51,201506
5,1,201506
5,107,201506
5,28,201506
5,4,201506
5,1121,201506
5,72,201506
5,817,201506
5,12,201506
5,247,201506
5,96,201506
5,320,201506
5,515,201506
5,16,201506
5,46,201506
5,133,201506
5,134,201506
5,303,201506
5,80,201506
5,165,201506
5,2,201506
5,124,201506
5,32,201506
5,149,201506
5,54,201506
5,26,201506
5,25,201506
5,48,201506
5,9,201506
5,40,201506
5,102,201506
5,274,201506
5,113,201506
5,100,201506
5,97,201506
5,108,201506
5,18,201506
5,14,201506
5,27,201506
5,64,201506
5,8,201506
5,52,201506
5,154,201506
5,181,201506
5,99,201506
5,22,201506
5,966,201506
5,223,201506
5,164,201506
5,105,201506
5,33,201506
5,1227,201506
5,243,201506
5,222,201506
5,13,201506
5,31,201506
5,0,201506
5,85,201506
5,59,201506
5,7,201506
5,183,201506
5,69,201506
5,92,201506
5,121,201506
5,135,201506
6,180,201506
6,52,201506
6,183,201506
6,142,201506
6,14,201506
6,81,201506
6,70,201506
6,181,201506
6,77,201506
6,90,201506
6,26,201506
6,27,201506
6,12,201506
6,19,201506
6,40,201506
6,120,201506
6,21,201506
6,94,201506
6,29,201506
6,35,201506
6,110,201506
6,137,201506
6,132,201506
6,60,201506
6,5,201506
6,23,201506
6,138,201506
6,143,201506
6,63,201506
6,76,201506
6,146,201506
6,97,201506
6,13,201506
6,16,201506
6,32,201506
6,48,201506
6,64,201506
6,59,201506
6,17,201506
6,176,201506
6,160,201506
6,815,201506
6,102,201506
6,126,201506
6,69,201506
6,243,201506
6,57,201506
6,46,201506
6,1366,201506
6,205,201506
6,78,201506
6,4,201506
6,156,201506
6,22,201506
6,1410,201506
6,10,201506
6,72,201506
6,96,201506
6,34,201506
6,108,201506
6,133,201506
6,30,201506
6,11,201506
6,165,201506
6,7,201506
6,18,201506
6,79,201506
6,83,201506
6,1478,201506
6,36,201506
6,100,201506
6,375,201506
6,320,201506
6,25,201506
6,2,201506
6,0,201506
6,55,201506
6,99,201506
6,112,201506
6,113,201506
6,66,201506
6,53,201506
6,28,201506
6,20,201506
6,38,201506
6,31,201506
6,9,201506
6,85,201506
6,544,201506
6,172,201506
6,101,201506
6,237,201506
6,131,201506
6,117,201506
6,154,201506
6,182,201506
6,155,201506
6,338,201506
6,134,201506
6,332,201506
6,24,201506
6,139,201506
6,51,201506
6,1,201506
6,54,201506
6,194,201506
6,129,201506
6,89,201506
6,45,201506
6,136,201506
6,92,201506
6,135,201506
7,60,201506
7,89,201506
7,90,201506
7,8,201506
7,243,201506
7,2,201506
7,6,201506
7,1408,201506
7,133,201506
7,323,201506
7,25,201506
7,97,201506
7,64,201506
7,1267,201506
7,828,201506
7,21,201506
7,18,201506
7,770,201506
7,1103,201506
7,136,201506
7,5,201506
7,112,201506
7,29,201506
7,4,201506
7,28,201506
7,20,201506
7,51,201506
7,17,201506
7,1,201506
7,137,201506
8,17,201506
8,14,201506
8,40,201506
8,89,201506
8,90,201506
8,7,201506
8,931,201506
8,243,201506
8,25,201506
8,828,201506
8,5,201506
8,64,201506
8,1267,201506
8,13,201506
8,6,201506
8,770,201506
8,29,201506
8,323,201506
8,778,201506
8,136,201506
8,28,201506
8,112,201506
8,1,201506
8,4,201506
8,20,201506
9,137,201506
9,18,201506
9,124,201506
9,143,201506
9,72,201506
9,160,201506
9,188,201506
9,17,201506
9,34,201506
9,97,201506
9,132,201506
9,77,201506
9,26,201506
9,112,201506
9,180,201506
9,45,201506
9,54,201506
9,13,201506
9,19,201506
9,0,201506
9,20,201506
9,113,201506
9,22,201506
9,32,201506
9,89,201506
9,27,201506
9,40,201506
9,51,201506
9,93,201506
9,23,201506
9,99,201506
9,48,201506
9,102,201506
9,115,201506
9,85,201506
9,73,201506
9,4,201506
9,181,201506
9,33,201506
9,5,201506
9,25,201506
9,83,201506
9,52,201506
9,29,201506
9,133,201506
9,11,201506
9,31,201506
9,21,201506
9,136,201506
9,6,201506
9,28,201506
9,60,201506
9,266,201506
9,64,201506
9,135,201506
9,154,201506
9,14,201506
9,46,201506
9,10,201506
9,1,201506
9,274,201506
9,92,201506
10,180,201506
10,132,201506
10,70,201506
10,181,201506
10,176,201506
10,28,201506
10,4,201506
10,113,201506
10,160,201506
10,143,201506
10,102,201506
10,112,201506
10,548,201506
10,107,201506
10,781,201506
10,72,201506
10,508,201506
10,97,201506
10,137,201506
10,83,201506
10,80,201506
10,47,201506
10,17,201506
10,77,201506
10,161,201506
10,45,201506
10,36,201506
10,136,201506
10,19,201506
10,220,201506
10,75,201506
10,48,201506
10,133,201506
10,85,201506
10,60,201506
10,51,201506
10,54,201506
10,8,201506
10,108,201506
10,99,201506
10,119,201506
10,9,201506
10,13,201506
10,139,201506
10,81,201506
10,5,201506
10,90,201506
10,320,201506
10,11,201506
10,26,201506
10,6,201506
10,183,201506
10,46,201506
10,129,201506
10,66,201506
10,267,201506
10,145,201506
10,420,201506
10,175,201506
10,0,201506
10,21,201506
10,14,201506
10,18,201506
10,110,201506
10,165,201506
10,120,201506
10,57,201506
10,20,201506
10,222,201506
10,155,201506
10,327,201506
10,223,201506
10,43,201506
10,261,201506
10,30,201506
10,86,201506
10,84,201506
10,728,201506
10,265,201506
10,15,201506
10,147,201506
10,184,201506
10,105,201506
10,164,201506
10,188,201506
10,138,201506
10,104,201506
10,111,201506
10,123,201506
10,544,201506
10,122,201506
10,1227,201506
10,163,201506
10,146,201506
10,339,201506
10,33,201506
10,863,201506
10,53,201506
10,159,201506
10,234,201506
10,61,201506
10,177,201506
10,115,201506
10,34,201506
10,89,201506
10,116,201506
10,59,201506
10,316,201506
10,27,201506
10,100,201506
10,52,201506
10,197,201506
10,124,201506
10,64,201506
10,154,201506
10,16,201506
10,32,201506
10,25,201506
10,150,201506
10,149,201506
10,29,201506
10,103,201506
10,69,201506
10,40,201506
10,142,201506
10,22,201506
10,12,201506
10,31,201506
10,96,201506
10,2,201506
10,23,201506
10,121,201506
10,274,201506
10,35,201506
10,92,201506
10,1,201506
10,135,201506
11,10,201506
11,20,201506
11,195,201506
11,183,201506
11,136,201506
11,281,201506
11,501,201506
11,5,201506
11,23,201506
11,143,201506
11,105,201506
11,146,201506
11,77,201506
11,169,201506
11,27,201506
11,160,201506
11,228,201506
11,268,201506
11,227,201506
11,6,201506
11,303,201506
11,113,201506
11,58,201506
11,115,201506
11,14,201506
11,32,201506
11,165,201506
11,18,201506
11,47,201506
11,60,201506
11,48,201506
11,96,201506
11,154,201506
11,9,201506
11,45,201506
11,0,201506
11,85,201506
11,124,201506
11,13,201506
11,53,201506
11,25,201506
11,54,201506
11,104,201506
11,133,201506
11,544,201506
11,112,201506
11,1,201506
11,51,201506
11,12,201506
11,31,201506
11,4,201506
11,29,201506
11,107,201506
11,72,201506
11,142,201506
11,21,201506
11,97,201506
11,92,201506
11,274,201506
11,67,201506
11,28,201506
11,548,201506
11,111,201506
11,131,201506
11,330,201506
11,248,201506
11,177,201506
11,137,201506
11,265,201506
11,1712,201506
11,2,201506
11,69,201506
11,214,201506
11,35,201506
11,70,201506
11,317,201506
11,238,201506
11,213,201506
11,164,201506
11,223,201506
11,147,201506
11,19,201506
11,33,201506
11,781,201506
11,184,201506
11,22,201506
11,88,201506
11,84,201506
11,17,201506
11,86,201506
11,59,201506
11,30,201506
11,46,201506
11,150,201506
11,110,201506
11,121,201506
11,89,201506
11,99,201506
11,135,201506
12,97,201506
12,142,201506
12,132,201506
12,60,201506
12,0,201506
12,108,201506
12,107,201506
12,143,201506
12,31,201506
12,16,201506
12,35,201506
12,862,201506
12,728,201506
12,502,201506
12,125,201506
12,160,201506
12,6,201506
12,133,201506
12,46,201506
12,28,201506
12,139,201506
12,113,201506
12,69,201506
12,112,201506
12,32,201506
12,71,201506
12,208,201506
12,17,201506
12,14,201506
12,121,201506
12,131,201506
12,183,201506
12,26,201506
12,13,201506
12,30,201506
12,1366,201506
12,22,201506
12,45,201506
12,5,201506
12,1,201506
12,4,201506
12,544,201506
12,64,201506
12,23,201506
12,175,201506
12,346,201506
12,136,201506
12,192,201506
12,274,201506
12,98,201506
12,73,201506
12,178,201506
12,100,201506
12,29,201506
12,99,201506
12,19,201506
12,20,201506
12,11,201506
12,96,201506
12,18,201506
12,2,201506
12,25,201506
12,51,201506
12,375,201506
12,137,201506
12,154,201506
12,10,201506
12,135,201506
13,52,201506
13,166,201506
13,77,201506
13,26,201506
13,54,201506
13,19,201506
13,40,201506
13,112,201506
13,6,201506
13,137,201506
13,143,201506
13,146,201506
13,17,201506
13,160,201506
13,120,201506
13,110,201506
13,10,201506
13,76,201506
13,16,201506
13,1476,201506
13,349,201506
13,89,201506
13,139,201506
13,115,201506
13,11,201506
13,243,201506
13,7,201506
13,51,201506
13,244,201506
13,129,201506
13,21,201506
13,45,201506
13,124,201506
13,48,201506
13,34,201506
13,46,201506
13,4,201506
13,99,201506
13,85,201506
13,60,201506
13,36,201506
13,30,201506
13,100,201506
13,0,201506
13,29,201506
13,108,201506
13,18,201506
13,113,201506
13,117,201506
13,27,201506
13,5,201506
13,297,201506
13,1,201506
13,28,201506
13,97,201506
13,20,201506
13,178,201506
13,131,201506
13,14,201506
13,197,201506
13,107,201506
13,154,201506
13,375,201506
13,2,201506
13,32,201506
13,80,201506
13,25,201506
13,136,201506
13,96,201506
13,1118,201506
13,320,201506
13,172,201506
13,313,201506
13,64,201506
13,896,201506
13,81,201506
13,766,201506
13,176,201506
13,996,201506
13,180,201506
13,283,201506
13,995,201506
13,815,201506
13,274,201506
13,1417,201506
13,289,201506
13,126,201506
13,92,201506
13,78,201506
13,142,201506
13,75,201506
13,121,201506
13,59,201506
13,31,201506
13,83,201506
13,135,201506
13,35,201506
14,221,201506
14,13,201506
14,99,201506
14,6,201506
14,19,201506
14,64,201506
14,17,201506
14,143,201506
14,107,201506
14,22,201506
14,5,201506
14,1045,201506
14,180,201506
14,126,201506
14,129,201506
14,146,201506
14,76,201506
14,1050,201506
14,77,201506
14,160,201506
14,799,201506
14,154,201506
14,75,201506
14,69,201506
14,332,201506
14,117,201506
14,81,201506
14,40,201506
14,52,201506
14,101,201506
14,18,201506
14,62,201506
14,104,201506
14,183,201506
14,1,201506
14,10,201506
14,116,201506
14,4,201506
14,59,201506
14,156,201506
14,25,201506
14,27,201506
14,20,201506
14,133,201506
14,85,201506
14,89,201506
14,21,201506
14,815,201506
14,26,201506
14,96,201506
14,136,201506
14,46,201506
14,108,201506
14,375,201506
14,35,201506
14,28,201506
14,113,201506
14,72,201506
14,29,201506
14,48,201506
14,137,201506
14,139,201506
14,271,201506
14,175,201506
14,165,201506
14,112,201506
14,32,201506
14,51,201506
14,12,201506
14,23,201506
14,97,201506
14,83,201506
14,57,201506
14,124,201506
14,9,201506
14,1366,201506
14,80,201506
14,320,201506
14,181,201506
14,197,201506
14,24,201506
14,36,201506
14,11,201506
14,0,201506
14,2,201506
14,54,201506
14,274,201506
14,45,201506
14,16,201506
14,100,201506
14,38,201506
14,134,201506
14,92,201506
14,119,201506
14,142,201506
14,31,201506
14,135,201506
14,155,201506
14,102,201506
14,60,201506
15,183,201506
15,132,201506
15,281,201506
15,143,201506
15,31,201506
15,77,201506
15,160,201506
15,131,201506
15,1331,201506
15,81,201506
15,99,201506
15,35,201506
15,38,201506
15,16,201506
15,18,201506
15,136,201506
15,97,201506
15,346,201506
15,266,201506
15,29,201506
15,32,201506
15,17,201506
15,375,201506
15,1250,201506
15,137,201506
15,10,201506
15,1227,201506
16,97,201506
16,13,201506
16,53,201506
16,99,201506
16,48,201506
16,181,201506
16,26,201506
16,18,201506
16,108,201506
16,143,201506
16,271,201506
16,136,201506
16,362,201506
16,6,201506
16,77,201506
16,281,201506
16,124,201506
16,160,201506
16,57,201506
16,110,201506
16,34,201506
16,72,201506
16,131,201506
16,137,201506
16,89,201506
16,78,201506
16,64,201506
16,83,201506
16,96,201506
16,142,201506
16,85,201506
16,14,201506
16,51,201506
16,165,201506
16,0,201506
16,80,201506
16,250,201506
16,133,201506
16,27,201506
16,11,201506
16,113,201506
16,155,201506
16,182,201506
16,46,201506
16,274,201506
16,1366,201506
16,92,201506
16,180,201506
16,161,201506
16,129,201506
16,52,201506
16,354,201506
16,29,201506
16,5,201506
16,32,201506
16,54,201506
16,2,201506
16,45,201506
16,178,201506
16,60,201506
16,25,201506
16,100,201506
16,20,201506
16,341,201506
16,9,201506
16,19,201506
16,28,201506
16,35,201506
16,59,201506
16,154,201506
16,1,201506
16,10,201506
16,139,201506
16,320,201506
16,17,201506
16,4,201506
16,31,201506
16,135,201506
17,89,201506
17,85,201506
17,80,201506
17,53,201506
17,82,201506
17,70,201506
17,27,201506
17,176,201506
17,18,201506
17,9,201506
17,12,201506
17,38,201506
17,51,201506
17,1,201506
17,213,201506
17,120,201506
17,28,201506
17,11,201506
17,21,201506
17,113,201506
17,20,201506
17,137,201506
17,160,201506
17,143,201506
17,52,201506
17,6,201506
17,129,201506
17,4,201506
17,245,201506
17,133,201506
17,1265,201506
17,247,201506
17,146,201506
17,5,201506
17,110,201506
17,552,201506
17,77,201506
17,107,201506
17,117,201506
17,132,201506
17,2,201506
17,86,201506
17,10,201506
17,444,201506
17,36,201506
17,76,201506
17,134,201506
17,48,201506
17,1366,201506
17,99,201506
17,169,201506
17,194,201506
17,83,201506
17,26,201506
17,60,201506
17,35,201506
17,136,201506
17,59,201506
17,222,201506
17,57,201506
17,32,201506
17,69,201506
17,108,201506
17,47,201506
17,29,201506
17,183,201506
17,223,201506
17,100,201506
17,19,201506
17,154,201506
17,16,201506
17,102,201506
17,155,201506
17,764,201506
17,119,201506
17,142,201506
17,163,201506
17,34,201506
17,81,201506
17,72,201506
17,97,201506
17,40,201506
17,64,201506
17,371,201506
17,345,201506
17,112,201506
17,180,201506
17,13,201506
17,15,201506
17,268,201506
17,1649,201506
17,966,201506
17,303,201506
17,161,201506
17,265,201506
17,950,201506
17,164,201506
17,124,201506
17,544,201506
17,61,201506
17,30,201506
17,105,201506
17,177,201506
17,165,201506
17,214,201506
17,33,201506
17,104,201506
17,25,201506
17,8,201506
17,184,201506
17,31,201506
17,243,201506
17,90,201506
17,906,201506
17,0,201506
17,189,201506
17,261,201506
17,819,201506
17,96,201506
17,22,201506
17,54,201506
17,14,201506
17,150,201506
17,274,201506
17,7,201506
17,92,201506
17,135,201506
17,46,201506
18,110,201506
18,53,201506
18,54,201506
18,426,201506
18,423,201506
18,19,201506
18,138,201506
18,143,201506
18,40,201506
18,175,201506
18,43,201506
18,31,201506
18,233,201506
18,132,201506
18,77,201506
18,160,201506
18,124,201506
18,23,201506
18,75,201506
18,55,201506
18,12,201506
18,27,201506
18,0,201506
18,51,201506
18,58,201506
18,181,201506
18,20,201506
18,11,201506
18,85,201506
18,2,201506
18,112,201506
18,99,201506
18,17,201506
18,113,201506
18,26,201506
18,64,201506
18,28,201506
18,52,201506
18,183,201506
18,13,201506
18,180,201506
18,48,201506
18,133,201506
18,81,201506
18,36,201506
18,22,201506
18,108,201506
18,9,201506
18,242,201506
18,165,201506
18,89,201506
18,97,201506
18,804,201506
18,32,201506
18,100,201506
18,265,201506
18,65,201506
18,137,201506
18,544,201506
18,197,201506
18,274,201506
18,67,201506
18,146,201506
18,126,201506
18,354,201506
18,69,201506
18,346,201506
18,29,201506
18,60,201506
18,154,201506
18,10,201506
18,14,201506
18,129,201506
18,83,201506
18,213,201506
18,5,201506
18,139,201506
18,436,201506
18,34,201506
18,92,201506
18,16,201506
18,136,201506
18,24,201506
18,4,201506
18,164,201506
18,416,201506
18,25,201506
18,15,201506
18,122,201506
18,102,201506
18,131,201506
18,269,201506
18,223,201506
18,46,201506
18,415,201506
18,107,201506
18,21,201506
18,74,201506
18,177,201506
18,171,201506
18,86,201506
18,38,201506
18,170,201506
18,163,201506
18,84,201506
18,270,201506
18,105,201506
18,61,201506
18,135,201506
18,59,201506
18,144,201506
18,814,201506
18,123,201506
18,410,201506
18,145,201506
18,159,201506
18,125,201506
18,62,201506
18,111,201506
18,413,201506
18,6,201506
18,120,201506
18,142,201506
18,169,201506
18,101,201506
18,88,201506
18,762,201506
18,407,201506
18,430,201506
18,72,201506
18,66,201506
18,44,201506
18,285,201506
18,738,201506
18,234,201506
18,117,201506
18,35,201506
18,96,201506
18,196,201506
18,1,201506
18,30,201506
19,14,201506
19,16,201506
19,99,201506
19,286,201506
19,64,201506
19,26,201506
19,36,201506
19,40,201506
19,6,201506
19,48,201506
19,17,201506
19,180,201506
19,97,201506
19,52,201506
19,13,201506
19,142,201506
19,155,201506
19,18,201506
19,5,201506
19,23,201506
19,29,201506
19,138,201506
19,120,201506
19,143,201506
19,146,201506
19,444,201506
19,322,201506
19,77,201506
19,160,201506
19,7,201506
19,108,201506
19,81,201506
19,32,201506
19,107,201506
19,27,201506
19,0,201506
19,12,201506
19,139,201506
19,165,201506
19,11,201506
19,113,201506
19,9,201506
19,60,201506
19,4,201506
19,112,201506
19,133,201506
19,34,201506
19,149,201506
19,21,201506
19,51,201506
19,45,201506
19,35,201506
19,83,201506
19,28,201506
19,101,201506
19,899,201506
19,75,201506
19,38,201506
19,100,201506
19,129,201506
19,20,201506
19,182,201506
19,46,201506
19,80,201506
19,92,201506
19,2,201506
19,274,201506
19,320,201506
19,137,201506
19,78,201506
19,79,201506
19,860,201506
19,117,201506
19,278,201506
19,63,201506
19,126,201506
19,208,201506
19,59,201506
19,205,201506
19,62,201506
19,206,201506
19,387,201506
19,140,201506
19,65,201506
19,192,201506
19,362,201506
19,85,201506
19,181,201506
19,172,201506
19,31,201506
19,154,201506
19,119,201506
19,332,201506
19,114,201506
19,799,201506
19,277,201506
19,55,201506
19,195,201506
19,338,201506
19,39,201506
19,134,201506
19,57,201506
19,10,201506
19,102,201506
19,76,201506
19,25,201506
19,176,201506
19,1,201506
19,54,201506
19,24,201506
19,136,201506
19,135,201506
20,80,201506
20,53,201506
20,166,201506
20,132,201506
20,69,201506
20,70,201506
20,176,201506
20,12,201506
20,107,201506
20,139,201506
20,2,201506
20,112,201506
20,41,201506
20,108,201506
20,6,201506
20,48,201506
20,129,201506
20,146,201506
20,17,201506
20,160,201506
20,5,201506
20,154,201506
20,36,201506
20,83,201506
20,133,201506
20,9,201506
20,52,201506
20,120,201506
20,136,201506
20,180,201506
20,18,201506
20,90,201506
20,131,201506
20,59,201506
20,26,201506
20,94,201506
20,34,201506
20,81,201506
20,40,201506
20,117,201506
20,102,201506
20,143,201506
20,181,201506
20,227,201506
20,97,201506
20,1366,201506
20,35,201506
20,113,201506
20,27,201506
20,28,201506
20,13,201506
20,85,201506
20,64,201506
20,247,201506
20,92,201506
20,24,201506
20,16,201506
20,60,201506
20,11,201506
20,25,201506
20,213,201506
20,32,201506
20,0,201506
20,137,201506
20,77,201506
20,165,201506
20,31,201506
20,268,201506
20,4,201506
20,14,201506
20,86,201506
20,741,201506
20,177,201506
20,22,201506
20,211,201506
20,863,201506
20,96,201506
20,261,201506
20,10,201506
20,906,201506
20,1,201506
20,866,201506
20,150,201506
20,214,201506
20,51,201506
20,274,201506
20,99,201506
20,110,201506
20,761,201506
20,21,201506
20,29,201506
20,184,201506
20,89,201506
20,54,201506
20,189,201506
20,183,201506
20,7,201506
20,243,201506
20,19,201506
20,23,201506
20,8,201506
20,33,201506
20,121,201506
20,135,201506
20,46,201506
21,13,201506
21,14,201506
21,169,201506
21,51,201506
21,120,201506
21,28,201506
21,2,201506
21,4,201506
21,20,201506
21,154,201506
21,11,201506
21,761,201506
21,1063,201506
21,736,201506
21,137,201506
21,745,201506
21,160,201506
21,866,201506
21,755,201506
21,952,201506
21,964,201506
21,6,201506
21,19,201506
21,40,201506
21,108,201506
21,52,201506
21,89,201506
21,69,201506
21,57,201506
21,25,201506
21,183,201506
21,64,201506
21,129,201506
21,181,201506
21,16,201506
21,23,201506
21,99,201506
21,83,201506
21,77,201506
21,48,201506
21,176,201506
21,346,201506
21,81,201506
21,22,201506
21,149,201506
21,18,201506
21,60,201506
21,143,201506
21,0,201506
21,27,201506
21,136,201506
21,9,201506
21,7,201506
21,12,201506
21,26,201506
21,817,201506
21,72,201506
21,46,201506
21,92,201506
21,54,201506
21,85,201506
21,31,201506
21,96,201506
21,97,201506
21,17,201506
21,274,201506
21,59,201506
21,135,201506
21,121,201506
21,29,201506
21,1,201506
21,133,201506
21,113,201506
21,10,201506
22,115,201506
22,124,201506
22,160,201506
22,85,201506
22,132,201506
22,23,201506
22,1,201506
22,165,201506
22,97,201506
22,69,201506
22,154,201506
22,133,201506
22,14,201506
22,26,201506
22,19,201506
22,20,201506
22,107,201506
22,183,201506
22,150,201506
22,92,201506
22,121,201506
22,46,201506
22,27,201506
22,31,201506
22,13,201506
22,54,201506
22,112,201506
22,136,201506
22,4,201506
22,21,201506
22,51,201506
22,5,201506
22,18,201506
22,25,201506
22,11,201506
22,17,201506
22,135,201506
22,29,201506
22,28,201506
22,10,201506
22,137,201506
23,110,201506
23,247,201506
23,39,201506
23,136,201506
23,137,201506
23,6,201506
23,150,201506
23,89,201506
23,8,201506
23,60,201506
23,501,201506
23,5,201506
23,51,201506
23,19,201506
23,1,201506
23,138,201506
23,28,201506
23,143,201506
23,11,201506
23,189,201506
23,1194,201506
23,72,201506
23,552,201506
23,211,201506
23,749,201506
23,77,201506
23,348,201506
23,17,201506
23,160,201506
23,906,201506
23,863,201506
23,65,201506
23,2,201506
23,24,201506
23,22,201506
23,165,201506
23,48,201506
23,149,201506
23,214,201506
23,142,201506
23,274,201506
23,18,201506
23,85,201506
23,46,201506
23,40,201506
23,346,201506
23,183,201506
23,53,201506
23,54,201506
23,108,201506
23,132,201506
23,32,201506
23,27,201506
23,35,201506
23,97,201506
23,81,201506
23,99,201506
23,31,201506
23,107,201506
23,4,201506
23,69,201506
23,25,201506
23,135,201506
23,20,201506
23,112,201506
23,10,201506
23,21,201506
24,129,201506
24,160,201506
24,15,201506
24,120,201506
24,92,201506
24,10,201506
24,97,201506
24,48,201506
24,18,201506
24,193,201506
24,17,201506
24,136,201506
24,2,201506
24,26,201506
24,1,201506
24,137,201506
24,64,201506
24,32,201506
24,29,201506
24,99,201506
24,6,201506
24,108,201506
24,60,201506
24,19,201506
24,14,201506
24,46,201506
25,80,201506
25,53,201506
25,166,201506
25,70,201506
25,100,201506
25,27,201506
25,176,201506
25,38,201506
25,138,201506
25,180,201506
25,0,201506
25,29,201506
25,160,201506
25,2,201506
25,143,201506
25,46,201506
25,20,201506
25,146,201506
25,85,201506
25,137,201506
25,552,201506
25,336,201506
25,77,201506
25,35,201506
25,172,201506
25,97,201506
25,194,201506
25,131,201506
25,7,201506
25,96,201506
25,196,201506
25,32,201506
25,14,201506
25,23,201506
25,69,201506
25,181,201506
25,58,201506
25,52,201506
25,132,201506
25,26,201506
25,139,201506
25,59,201506
25,136,201506
25,129,201506
25,148,201506
25,120,201506
25,64,201506
25,34,201506
25,83,201506
25,112,201506
25,99,201506
25,31,201506
25,228,201506
25,108,201506
25,346,201506
25,107,201506
25,11,201506
25,40,201506
25,30,201506
25,86,201506
25,544,201506
25,81,201506
25,371,201506
25,39,201506
25,72,201506
25,6,201506
25,18,201506
25,13,201506
25,307,201506
25,153,201506
25,5,201506
25,71,201506
25,16,201506
25,9,201506
25,111,201506
25,12,201506
25,110,201506
25,118,201506
25,47,201506
25,169,201506
25,65,201506
25,45,201506
25,101,201506
25,159,201506
25,36,201506
25,63,201506
25,738,201506
25,149,201506
25,22,201506
25,54,201506
25,78,201506
25,1,201506
25,303,201506
25,756,201506
25,183,201506
25,355,201506
25,165,201506
25,390,201506
25,17,201506
25,495,201506
25,211,201506
25,57,201506
25,1366,201506
25,124,201506
25,216,201506
25,339,201506
25,393,201506
25,154,201506
25,161,201506
25,28,201506
25,115,201506
25,335,201506
25,116,201506
25,93,201506
25,19,201506
25,4,201506
25,341,201506
25,10,201506
25,48,201506
25,60,201506
25,327,201506
25,188,201506
25,152,201506
25,156,201506
25,157,201506
25,21,201506
25,89,201506
25,98,201506
25,51,201506
25,113,201506
26,97,201506
26,13,201506
26,14,201506
26,81,201506
26,53,201506
26,99,201506
26,137,201506
26,6,201506
26,64,201506
26,121,201506
26,54,201506
26,18,201506
26,40,201506
26,83,201506
26,2,201506
26,32,201506
26,0,201506
26,100,201506
26,154,201506
26,133,201506
26,143,201506
26,77,201506
26,169,201506
26,28,201506
26,34,201506
26,17,201506
26,35,201506
26,9,201506
26,60,201506
26,85,201506
26,181,201506
26,544,201506
26,131,201506
26,51,201506
26,36,201506
26,139,201506
26,79,201506
26,21,201506
26,11,201506
26,29,201506
26,1,201506
26,5,201506
26,46,201506
26,192,201506
26,4,201506
26,55,201506
26,92,201506
26,134,201506
26,114,201506
26,20,201506
26,45,201506
26,94,201506
26,10,201506
26,80,201506
26,146,201506
26,108,201506
26,113,201506
26,76,201506
26,12,201506
26,24,201506
26,16,201506
26,86,201506
26,136,201506
26,117,201506
26,349,201506
26,237,201506
26,120,201506
26,270,201506
26,31,201506
26,129,201506
26,57,201506
26,78,201506
26,27,201506
26,65,201506
26,126,201506
26,140,201506
26,320,201506
26,278,201506
26,38,201506
26,19,201506
26,142,201506
26,132,201506
26,155,201506
26,101,201506
26,39,201506
26,160,201506
26,25,201506
26,75,201506
26,274,201506
26,48,201506
26,135,201506
27,247,201506
27,136,201506
27,6,201506
27,17,201506
27,131,201506
27,143,201506
27,72,201506
27,154,201506
27,165,201506
27,338,201506
27,339,201506
27,77,201506
27,160,201506
27,282,201506
27,14,201506
27,26,201506
27,142,201506
27,303,201506
27,12,201506
27,108,201506
27,18,201506
27,9,201506
27,181,201506
27,102,201506
27,31,201506
27,180,201506
27,5,201506
27,23,201506
27,134,201506
27,120,201506
27,80,201506
27,368,201506
27,107,201506
27,4,201506
27,11,201506
27,16,201506
27,64,201506
27,97,201506
27,133,201506
27,51,201506
27,150,201506
27,52,201506
27,46,201506
27,116,201506
27,38,201506
27,32,201506
27,155,201506
27,178,201506
27,156,201506
27,490,201506
27,45,201506
27,13,201506
27,70,201506
27,346,201506
27,132,201506
27,129,201506
27,117,201506
27,393,201506
27,146,201506
27,29,201506
27,83,201506
27,327,201506
27,885,201506
27,85,201506
27,112,201506
27,113,201506
27,60,201506
27,22,201506
27,19,201506
27,40,201506
27,20,201506
27,100,201506
27,2,201506
27,25,201506
27,21,201506
27,139,201506
27,1,201506
27,137,201506
27,35,201506
27,99,201506
27,96,201506
27,10,201506
27,0,201506
27,48,201506
27,54,201506
27,28,201506
27,92,201506
27,274,201506
27,135,201506
28,86,201506
28,46,201506
28,53,201506
28,137,201506
28,70,201506
28,10,201506
28,17,201506
28,12,201506
28,19,201506
28,1,201506
28,4,201506
28,21,201506
28,41,201506
28,108,201506
28,143,201506
28,133,201506
28,77,201506
28,493,201506
28,160,201506
28,5,201506
28,72,201506
28,30,201506
28,874,201506
28,0,201506
28,501,201506
28,85,201506
28,131,201506
28,99,201506
28,2,201506
28,149,201506
28,142,201506
28,14,201506
28,817,201506
28,13,201506
28,7,201506
28,18,201506
28,40,201506
28,48,201506
28,26,201506
28,1366,201506
28,36,201506
28,1227,201506
28,83,201506
28,9,201506
28,34,201506
28,6,201506
28,146,201506
28,20,201506
28,69,201506
28,180,201506
28,165,201506
28,139,201506
28,60,201506
28,80,201506
28,51,201506
28,183,201506
28,97,201506
28,100,201506
28,29,201506
28,81,201506
28,32,201506
28,102,201506
28,38,201506
28,54,201506
28,11,201506
28,222,201506
28,136,201506
28,8,201506
28,261,201506
28,819,201506
28,150,201506
28,25,201506
28,64,201506
28,243,201506
28,59,201506
28,35,201506
28,89,201506
28,154,201506
28,27,201506
28,31,201506
28,107,201506
28,96,201506
28,92,201506
28,22,201506
28,274,201506
28,135,201506
28,112,201506
29,183,201506
29,53,201506
29,286,201506
29,70,201506
29,121,201506
29,195,201506
29,6,201506
29,146,201506
29,281,201506
29,19,201506
29,143,201506
29,89,201506
29,25,201506
29,59,201506
29,17,201506
29,27,201506
29,35,201506
29,552,201506
29,77,201506
29,160,201506
29,18,201506
29,959,201506
29,5,201506
29,90,201506
29,8,201506
29,48,201506
29,139,201506
29,83,201506
29,69,201506
29,243,201506
29,40,201506
29,269,201506
29,58,201506
29,10,201506
29,244,201506
29,137,201506
29,26,201506
29,97,201506
29,172,201506
29,52,201506
29,113,201506
29,16,201506
29,136,201506
29,34,201506
29,39,201506
29,124,201506
29,96,201506
29,142,201506
29,64,201506
29,237,201506
29,57,201506
29,354,201506
29,76,201506
29,274,201506
29,0,201506
29,13,201506
29,154,201506
29,2,201506
29,176,201506
29,11,201506
29,111,201506
29,20,201506
29,60,201506
29,393,201506
29,330,201506
29,100,201506
29,51,201506
29,108,201506
29,61,201506
29,140,201506
29,544,201506
29,38,201506
29,120,201506
29,32,201506
29,72,201506
29,44,201506
29,155,201506
29,126,201506
29,125,201506
29,12,201506
29,104,201506
29,45,201506
29,28,201506
29,102,201506
29,55,201506
29,94,201506
29,9,201506
29,66,201506
29,265,201506
29,270,201506
29,31,201506
29,163,201506
29,134,201506
29,251,201506
29,14,201506
29,180,201506
29,86,201506
29,213,201506
29,296,201506
29,85,201506
29,46,201506
29,117,201506
29,1205,201506
29,181,201506
29,169,201506
29,320,201506
29,298,201506
29,15,201506
29,132,201506
29,152,201506
29,159,201506
29,65,201506
29,79,201506
29,223,201506
29,276,201506
29,24,201506
29,122,201506
29,81,201506
29,443,201506
29,224,201506
29,156,201506
29,43,201506
29,114,201506
29,131,201506
29,420,201506
29,74,201506
29,164,201506
29,303,201506
29,206,201506
29,379,201506
29,182,201506
29,362,201506
29,271,201506
29,422,201506
29,198,201506
29,157,201506
29,63,201506
29,752,201506
29,174,201506
29,80,201506
29,205,201506
29,316,201506
29,170,201506
29,314,201506
29,208,201506
29,197,201506
29,165,201506
29,178,201506
29,292,201506
29,175,201506
29,267,201506
29,99,201506
29,62,201506
29,171,201506
29,285,201506
29,196,201506
29,101,201506
29,36,201506
29,242,201506
29,78,201506
29,192,201506
29,233,201506
29,129,201506
29,144,201506
29,1,201506
29,145,201506
29,75,201506
29,7,201506
29,193,201506
29,110,201506
29,22,201506
29,107,201506
29,21,201506
29,112,201506
29,54,201506
29,4,201506
30,181,201506
30,29,201506
30,136,201506
30,12,201506
30,143,201506
30,61,201506
30,70,201506
30,84,201506
30,160,201506
30,96,201506
30,303,201506
30,1,201506
30,26,201506
30,25,201506
30,1169,201506
30,776,201506
30,1090,201506
30,754,201506
30,753,201506
30,783,201506
30,17,201506
30,1227,201506
30,10,201506
30,51,201506
30,11,201506
30,4,201506
30,18,201506
31,175,201506
31,160,201506
31,146,201506
31,6,201506
31,77,201506
31,124,201506
31,13,201506
31,16,201506
31,19,201506
31,15,201506
31,137,201506
31,97,201506
31,142,201506
31,32,201506
31,101,201506
31,112,201506
31,100,201506
31,115,201506
31,0,201506
31,72,201506
31,75,201506
31,24,201506
31,503,201506
31,935,201506
31,1390,201506
31,96,201506
31,165,201506
31,52,201506
31,18,201506
31,40,201506
31,12,201506
31,346,201506
31,113,201506
31,117,201506
31,178,201506
31,38,201506
31,543,201506
31,25,201506
31,120,201506
31,102,201506
31,46,201506
31,183,201506
31,11,201506
31,85,201506
31,139,201506
31,21,201506
31,119,201506
31,133,201506
31,136,201506
31,60,201506
31,107,201506
31,99,201506
31,29,201506
31,20,201506
31,54,201506
31,64,201506
31,59,201506
31,26,201506
31,17,201506
31,5,201506
31,4,201506
31,45,201506
31,154,201506
31,35,201506
31,156,201506
31,81,201506
31,28,201506
31,1366,201506
31,2,201506
31,83,201506
31,48,201506
31,1,201506
31,274,201506
31,108,201506
31,10,201506
31,92,201506
31,27,201506
31,14,201506
31,135,201506
32,110,201506
32,26,201506
32,60,201506
32,29,201506
32,138,201506
32,143,201506
32,6,201506
32,77,201506
32,281,201506
32,160,201506
32,54,201506
32,117,201506
32,154,201506
32,18,201506
32,11,201506
32,142,201506
32,97,201506
32,86,201506
32,7,201506
32,2,201506
32,72,201506
32,5,201506
32,36,201506
32,45,201506
32,48,201506
32,14,201506
32,99,201506
32,40,201506
32,129,201506
32,25,201506
32,931,201506
32,1366,201506
32,10,201506
32,23,201506
32,57,201506
32,17,201506
32,155,201506
32,22,201506
32,51,201506
32,38,201506
32,198,201506
32,4,201506
32,58,201506
32,43,201506
32,139,201506
32,195,201506
32,113,201506
32,274,201506
32,81,201506
32,242,201506
32,44,201506
32,134,201506
32,79,201506
32,12,201506
32,269,201506
32,13,201506
32,135,201506
32,46,201506
32,170,201506
32,146,201506
32,1052,201506
32,55,201506
32,107,201506
32,171,201506
32,52,201506
32,83,201506
32,180,201506
32,19,201506
32,1147,201506
32,178,201506
32,75,201506
32,28,201506
32,346,201506
32,21,201506
32,440,201506
32,163,201506
32,176,201506
32,62,201506
32,16,201506
32,126,201506
32,165,201506
32,92,201506
32,80,201506
32,132,201506
32,74,201506
32,270,201506
32,102,201506
32,9,201506
32,137,201506
32,181,201506
32,59,201506
32,100,201506
32,131,201506
32,0,201506
32,341,201506
32,136,201506
32,208,201506
32,332,201506
32,64,201506
32,320,201506
32,101,201506
32,108,201506
32,31,201506
32,159,201506
32,65,201506
32,546,201506
32,27,201506
32,114,201506
32,205,201506
32,545,201506
32,24,201506
32,15,201506
32,66,201506
32,76,201506
32,124,201506
32,182,201506
32,78,201506
32,85,201506
32,224,201506
32,338,201506
32,276,201506
32,429,201506
32,362,201506
32,285,201506
32,120,201506
32,35,201506
32,206,201506
32,1,201506
32,20,201506
33,51,201506
33,1227,201506
33,2,201506
33,115,201506
33,336,201506
33,85,201506
33,5,201506
33,136,201506
33,544,201506
33,17,201506
33,10,201506
33,11,201506
33,4,201506
33,20,201506
34,25,201506
34,29,201506
34,120,201506
34,108,201506
34,27,201506
34,143,201506
34,104,201506
34,490,201506
34,863,201506
34,552,201506
34,588,201506
34,84,201506
34,160,201506
34,72,201506
34,124,201506
34,0,201506
34,60,201506
34,115,201506
34,107,201506
34,26,201506
34,2,201506
34,1,201506
34,51,201506
34,40,201506
34,19,201506
34,20,201506
34,346,201506
34,136,201506
34,28,201506
34,4,201506
34,17,201506
34,99,201506
34,14,201506
34,150,201506
34,1169,201506
34,18,201506
34,97,201506
34,92,201506
34,137,201506
34,29,201506
34,18,201506
34,1227,201506
34,10,201506
34,136,201506
34,25,201506
34,274,201506
34,137,201506
34,135,201506
34,97,201506
35,59,201506
35,20,201506
35,21,201506
35,25,201506
35,85,201506
35,48,201506
35,60,201506
35,2,201506
35,143,201506
35,101,201506
35,45,201506
35,97,201506
35,327,201506
35,76,201506
35,129,201506
35,31,201506
35,146,201506
35,1194,201506
35,135,201506
35,322,201506
35,5,201506
35,266,201506
35,282,201506
35,399,201506
35,160,201506
35,139,201506
35,13,201506
35,113,201506
35,120,201506
35,100,201506
35,40,201506
35,1,201506
35,32,201506
35,29,201506
35,18,201506
35,136,201506
35,54,201506
35,17,201506
35,52,201506
35,178,201506
35,10,201506
35,107,201506
35,154,201506
35,12,201506
35,64,201506
35,23,201506
35,176,201506
35,28,201506
35,14,201506
35,167,201506
35,393,201506
35,19,201506
35,83,201506
35,77,201506
35,81,201506
35,6,201506
35,156,201506
35,16,201506
35,26,201506
35,72,201506
35,41,201506
35,769,201506
35,73,201506
35,80,201506
35,11,201506
35,27,201506
35,38,201506
35,0,201506
35,4,201506
35,46,201506
35,173,201506
35,172,201506
35,108,201506
35,99,201506
35,137,201506
36,97,201506
36,136,201506
36,26,201506
36,51,201506
36,83,201506
36,139,201506
36,28,201506
36,108,201506
36,143,201506
36,35,201506
36,160,201506
36,10,201506
36,4,201506
36,154,201506
36,2,201506
36,54,201506
36,16,201506
36,17,201506
36,1452,201506
36,41,201506
36,31,201506
36,32,201506
36,142,201506
36,29,201506
36,20,201506
36,18,201506
36,178,201506
36,40,201506
36,266,201506
36,52,201506
36,195,201506
36,6,201506
36,59,201506
36,99,201506
36,25,201506
36,237,201506
36,19,201506
36,119,201506
36,14,201506
36,208,201506
36,137,201506
36,13,201506
36,46,201506
37,1,201506
38,99,201506
38,64,201506
38,120,201506
38,143,201506
38,77,201506
38,176,201506
38,160,201506
38,1358,201506
38,11,201506
38,78,201506
38,1366,201506
38,36,201506
38,15,201506
38,181,201506
38,52,201506
38,142,201506
38,40,201506
38,139,201506
38,156,201506
38,5,201506
38,80,201506
38,54,201506
38,117,201506
38,18,201506
38,154,201506
38,10,201506
38,31,201506
38,136,201506
38,29,201506
38,13,201506
38,32,201506
38,27,201506
38,178,201506
38,25,201506
38,155,201506
38,19,201506
38,108,201506
38,46,201506
38,6,201506
38,26,201506
38,28,201506
38,59,201506
38,35,201506
38,60,201506
38,137,201506
38,135,201506
38,14,201506
38,97,201506
39,137,201506
39,57,201506
39,501,201506
39,23,201506
39,143,201506
39,339,201506
39,188,201506
39,282,201506
39,354,201506
39,80,201506
39,77,201506
39,160,201506
39,320,201506
39,390,201506
39,29,201506
39,178,201506
39,1147,201506
39,25,201506
39,46,201506
39,99,201506
39,26,201506
39,64,201506
39,19,201506
39,97,201506
40,13,201506
40,14,201506
40,166,201506
40,6,201506
40,64,201506
40,26,201506
40,60,201506
40,18,201506
40,11,201506
40,281,201506
40,19,201506
40,143,201506
40,2,201506
40,104,201506
40,77,201506
40,160,201506
40,205,201506
40,45,201506
40,189,201506
40,320,201506
40,5,201506
40,83,201506
40,120,201506
40,142,201506
40,38,201506
40,78,201506
40,133,201506
40,0,201506
40,55,201506
40,76,201506
40,54,201506
40,154,201506
40,69,201506
40,21,201506
40,85,201506
40,97,201506
40,1366,201506
40,108,201506
40,134,201506
40,46,201506
40,17,201506
40,100,201506
40,12,201506
40,31,201506
40,51,201506
40,112,201506
40,155,201506
40,59,201506
40,129,201506
40,80,201506
40,137,201506
40,1,201506
40,52,201506
40,96,201506
40,25,201506
40,369,201506
40,27,201506
40,135,201506
40,29,201506
40,20,201506
40,354,201506
40,381,201506
40,346,201506
40,132,201506
40,23,201506
40,28,201506
40,146,201506
40,1022,201506
40,36,201506
40,274,201506
40,180,201506
40,449,201506
40,178,201506
40,1086,201506
40,4,201506
40,32,201506
40,99,201506
40,1250,201506
40,92,201506
40,375,201506
40,48,201506
40,35,201506
40,139,201506
40,136,201506
40,10,201506
41,64,201506
41,60,201506
41,1227,201506
41,80,201506
41,160,201506
41,137,201506
41,48,201506
41,108,201506
41,35,201506
41,46,201506
41,97,201506
43,181,201506
43,160,201506
43,54,201506
43,131,201506
43,97,201506
43,32,201506
43,18,201506
43,1169,201506
43,99,201506
43,29,201506
43,1227,201506
43,10,201506
43,266,201506
44,393,201506
44,54,201506
44,131,201506
44,341,201506
44,32,201506
44,346,201506
44,29,201506
44,18,201506
45,58,201506
45,124,201506
45,453,201506
45,38,201506
45,1044,201506
45,35,201506
45,207,201506
45,138,201506
45,160,201506
45,12,201506
45,52,201506
45,769,201506
45,18,201506
45,180,201506
45,108,201506
45,19,201506
45,100,201506
45,16,201506
45,10,201506
45,81,201506
45,117,201506
45,102,201506
45,96,201506
45,27,201506
45,0,201506
45,24,201506
45,26,201506
45,155,201506
45,119,201506
45,178,201506
45,1,201506
45,48,201506
45,32,201506
45,85,201506
45,2,201506
45,46,201506
45,77,201506
45,40,201506
45,136,201506
45,25,201506
45,274,201506
45,60,201506
45,29,201506
45,99,201506
45,13,201506
45,31,201506
45,92,201506
45,137,201506
45,59,201506
45,64,201506
45,6,201506
45,135,201506
45,14,201506
45,97,201506
46,85,201506
46,64,201506
46,29,201506
46,143,201506
46,339,201506
46,282,201506
46,12,201506
46,182,201506
46,6,201506
46,65,201506
46,97,201506
46,77,201506
46,160,201506
46,782,201506
46,354,201506
46,1,201506
46,132,201506
46,131,201506
46,108,201506
46,81,201506
46,113,201506
46,0,201506
46,117,201506
46,80,201506
46,154,201506
46,799,201506
46,32,201506
46,4,201506
46,78,201506
46,142,201506
46,2,201506
46,195,201506
46,320,201506
46,60,201506
46,10,201506
46,96,201506
46,16,201506
46,20,201506
46,1147,201506
46,13,201506
46,31,201506
46,157,201506
46,19,201506
46,5,201506
46,287,201506
46,178,201506
46,27,201506
46,146,201506
46,120,201506
46,1254,201506
46,18,201506
46,703,201506
46,83,201506
46,156,201506
46,134,201506
46,126,201506
46,45,201506
46,158,201506
46,100,201506
46,52,201506
46,38,201506
46,180,201506
46,99,201506
46,274,201506
46,173,201506
46,278,201506
46,26,201506
46,76,201506
46,192,201506
46,63,201506
46,445,201506
46,57,201506
46,813,201506
46,208,201506
46,62,201506
46,141,201506
46,176,201506
46,237,201506
46,39,201506
46,860,201506
46,40,201506
46,79,201506
46,155,201506
46,58,201506
46,250,201506
46,14,201506
46,341,201506
46,95,201506
46,181,201506
46,54,201506
46,98,201506
46,198,201506
46,106,201506
46,72,201506
46,342,201506
46,285,201506
46,355,201506
46,25,201506
46,9,201506
46,744,201506
46,59,201506
46,51,201506
46,458,201506
46,11,201506
46,152,201506
46,102,201506
46,41,201506
46,21,201506
46,73,201506
46,544,201506
46,92,201506
46,82,201506
46,124,201506
46,94,201506
46,172,201506
46,135,201506
46,797,201506
46,35,201506
46,224,201506
46,24,201506
46,140,201506
46,75,201506
46,28,201506
46,101,201506
46,129,201506
46,36,201506
46,139,201506
46,137,201506
46,48,201506
46,136,201506
46,17,201506
47,25,201506
47,2,201506
47,115,201506
47,72,201506
47,116,201506
47,31,201506
47,346,201506
47,0,201506
47,137,201506
47,274,201506
47,92,201506
48,14,201506
48,53,201506
48,92,201506
48,64,201506
48,77,201506
48,60,201506
48,12,201506
48,36,201506
48,2,201506
48,4,201506
48,129,201506
48,94,201506
48,126,201506
48,108,201506
48,143,201506
48,101,201506
48,552,201506
48,146,201506
48,6,201506
48,769,201506
48,160,201506
48,35,201506
48,768,201506
48,51,201506
48,24,201506
48,1366,201506
48,20,201506
48,45,201506
48,85,201506
48,183,201506
48,54,201506
48,16,201506
48,107,201506
48,18,201506
48,26,201506
48,19,201506
48,10,201506
48,97,201506
48,25,201506
48,113,201506
48,80,201506
48,1,201506
48,5,201506
48,78,201506
48,28,201506
48,73,201506
48,9,201506
48,197,201506
48,27,201506
48,21,201506
48,155,201506
48,72,201506
48,13,201506
48,83,201506
48,341,201506
48,110,201506
48,136,201506
48,134,201506
48,17,201506
48,96,201506
48,34,201506
48,63,201506
48,156,201506
48,99,201506
48,59,201506
48,41,201506
48,281,201506
48,815,201506
48,434,201506
48,65,201506
48,1194,201506
48,285,201506
48,57,201506
48,100,201506
48,120,201506
48,237,201506
48,195,201506
48,334,201506
48,316,201506
48,0,201506
48,194,201506
48,52,201506
48,40,201506
48,180,201506
48,81,201506
48,142,201506
48,32,201506
48,102,201506
48,172,201506
48,154,201506
48,119,201506
48,320,201506
48,29,201506
48,208,201506
48,31,201506
48,137,201506
48,178,201506
48,274,201506
48,135,201506
48,46,201506
49,69,201506
49,806,201506
49,51,201506
50,69,201506
50,3,201506
50,177,201506
50,4,201506
51,53,201506
51,166,201506
51,70,201506
51,12,201506
51,1,201506
51,83,201506
51,138,201506
51,28,201506
51,4,201506
51,112,201506
51,108,201506
51,110,201506
51,247,201506
51,137,201506
51,132,201506
51,69,201506
51,23,201506
51,143,201506
51,215,201506
51,184,201506
51,1196,201506
51,741,201506
51,795,201506
51,214,201506
51,81,201506
51,26,201506
51,18,201506
51,1498,201506
51,77,201506
51,160,201506
51,5,201506
51,99,201506
51,85,201506
51,7,201506
51,94,201506
51,183,201506
51,181,201506
51,136,201506
51,100,201506
51,180,201506
51,9,201506
51,2,201506
51,46,201506
51,75,201506
51,57,201506
51,40,201506
51,13,201506
51,19,201506
51,86,201506
51,10,201506
51,11,201506
51,22,201506
51,17,201506
51,88,201506
51,60,201506
51,29,201506
51,32,201506
51,0,201506
51,154,201506
51,142,201506
51,31,201506
51,165,201506
51,59,201506
51,52,201506
51,8,201506
51,113,201506
51,97,201506
51,49,201506
51,133,201506
51,213,201506
51,223,201506
51,222,201506
51,177,201506
51,189,201506
51,819,201506
51,150,201506
51,164,201506
51,30,201506
51,14,201506
51,96,201506
51,20,201506
51,92,201506
51,107,201506
51,274,201506
51,27,201506
51,6,201506
51,64,201506
51,89,201506
51,33,201506
51,21,201506
51,121,201506
51,135,201506
51,25,201506
52,60,201506
52,4,201506
52,6,201506
52,274,201506
52,180,201506
52,155,201506
52,19,201506
52,102,201506
52,138,201506
52,143,201506
52,117,201506
52,332,201506
52,126,201506
52,35,201506
52,293,201506
52,77,201506
52,160,201506
52,154,201506
52,83,201506
52,64,201506
52,116,201506
52,142,201506
52,27,201506
52,16,201506
52,96,201506
52,94,201506
52,21,201506
52,31,201506
52,120,201506
52,129,201506
52,10,201506
52,18,201506
52,22,201506
52,17,201506
52,54,201506
52,85,201506
52,12,201506
52,97,201506
52,20,201506
52,48,201506
52,38,201506
52,25,201506
52,59,201506
52,2,201506
52,146,201506
52,1,201506
52,100,201506
52,80,201506
52,9,201506
52,29,201506
52,136,201506
52,92,201506
52,46,201506
52,28,201506
52,32,201506
52,139,201506
52,36,201506
52,40,201506
52,99,201506
52,108,201506
52,137,201506
52,135,201506
52,14,201506
53,110,201506
53,13,201506
53,136,201506
53,17,201506
53,20,201506
53,70,201506
53,160,201506
53,72,201506
53,18,201506
53,346,201506
53,1169,201506
53,1227,201506
53,4,201506
53,137,201506
53,11,201506
53,10,201506
53,97,201506
53,25,201506
53,29,201506
54,131,201506
54,29,201506
54,4,201506
54,77,201506
54,143,201506
54,146,201506
54,18,201506
54,43,201506
54,422,201506
54,44,201506
54,440,201506
54,814,201506
54,281,201506
54,124,201506
54,160,201506
54,276,201506
54,430,201506
54,132,201506
54,120,201506
54,112,201506
54,420,201506
54,237,201506
54,242,201506
54,110,201506
54,31,201506
54,119,201506
54,22,201506
54,99,201506
54,40,201506
54,2,201506
54,21,201506
54,781,201506
54,36,201506
54,233,201506
54,183,201506
54,85,201506
54,11,201506
54,137,201506
54,96,201506
54,100,201506
54,81,201506
54,133,201506
54,51,201506
54,19,201506
54,5,201506
54,26,201506
54,107,201506
54,375,201506
54,12,201506
54,116,201506
54,102,201506
54,113,201506
54,346,201506
54,9,201506
54,180,201506
54,1144,201506
54,32,201506
54,1169,201506
54,135,201506
54,92,201506
54,165,201506
54,60,201506
54,83,201506
54,139,201506
54,28,201506
54,0,201506
54,25,201506
54,13,201506
54,46,201506
54,136,201506
54,16,201506
54,48,201506
54,274,201506
54,6,201506
54,154,201506
54,108,201506
54,27,201506
54,17,201506
54,20,201506
54,1,201506
54,97,201506
54,14,201506
54,10,201506
55,134,201506
55,126,201506
55,349,201506
55,320,201506
55,143,201506
55,40,201506
55,26,201506
55,32,201506
55,6,201506
55,29,201506
55,97,201506
55,266,201506
55,64,201506
55,99,201506
55,19,201506
55,59,201506
56,178,201506
57,160,201506
57,143,201506
57,39,201506
57,1194,201506
57,77,201506
57,48,201506
57,60,201506
57,97,201506
57,80,201506
57,69,201506
57,22,201506
57,112,201506
57,142,201506
57,19,201506
57,26,201506
57,274,201506
57,5,201506
57,237,201506
57,29,201506
57,1147,201506
57,136,201506
57,10,201506
57,32,201506
57,64,201506
57,46,201506
57,1250,201506
57,99,201506
57,266,201506
57,137,201506
57,6,201506
57,375,201506
57,25,201506
57,14,201506
57,92,201506
57,135,201506
58,143,201506
58,62,201506
58,175,201506
58,35,201506
58,160,201506
58,543,201506
58,137,201506
58,136,201506
58,32,201506
58,29,201506
58,99,201506
58,64,201506
58,46,201506
58,25,201506
58,97,201506
59,110,201506
59,146,201506
59,97,201506
59,60,201506
59,19,201506
59,138,201506
59,143,201506
59,52,201506
59,45,201506
59,35,201506
59,29,201506
59,154,201506
59,108,201506
59,6,201506
59,77,201506
59,160,201506
59,38,201506
59,206,201506
59,14,201506
59,139,201506
59,151,201506
59,82,201506
59,1417,201506
59,23,201506
59,1413,201506
59,131,201506
59,36,201506
59,31,201506
59,64,201506
59,136,201506
59,17,201506
59,81,201506
59,99,201506
59,10,201506
59,20,201506
59,40,201506
59,28,201506
59,32,201506
59,16,201506
59,85,201506
59,83,201506
59,25,201506
59,120,201506
59,48,201506
59,18,201506
59,313,201506
59,126,201506
59,117,201506
59,349,201506
59,137,201506
59,297,201506
59,142,201506
59,94,201506
59,92,201506
59,107,201506
59,1,201506
59,78,201506
59,2,201506
59,46,201506
59,11,201506
59,96,201506
59,21,201506
59,5,201506
59,217,201506
59,51,201506
59,133,201506
59,112,201506
59,4,201506
59,172,201506
59,100,201506
59,13,201506
59,194,201506
59,0,201506
59,55,201506
59,129,201506
59,89,201506
59,121,201506
59,134,201506
60,97,201506
60,85,201506
60,221,201506
60,53,201506
60,99,201506
60,48,201506
60,77,201506
60,169,201506
60,335,201506
60,40,201506
60,83,201506
60,120,201506
60,139,201506
60,154,201506
60,108,201506
60,72,201506
60,39,201506
60,137,201506
60,6,201506
60,35,201506
60,23,201506
60,143,201506
60,73,201506
60,146,201506
60,160,201506
60,41,201506
60,4,201506
60,149,201506
60,100,201506
60,45,201506
60,51,201506
60,7,201506
60,113,201506
60,22,201506
60,29,201506
60,1,201506
60,89,201506
60,13,201506
60,11,201506
60,78,201506
60,12,201506
60,17,201506
60,31,201506
60,132,201506
60,86,201506
60,52,201506
60,133,201506
60,28,201506
60,134,201506
60,64,201506
60,69,201506
60,21,201506
60,176,201506
60,32,201506
60,16,201506
60,136,201506
60,860,201506
60,182,201506
60,38,201506
60,10,201506
60,18,201506
60,112,201506
60,181,201506
60,370,201506
60,27,201506
60,124,201506
60,20,201506
60,54,201506
60,81,201506
60,14,201506
60,5,201506
60,9,201506
60,107,201506
60,34,201506
60,26,201506
60,165,201506
60,1366,201506
60,156,201506
60,769,201506
60,334,201506
60,142,201506
60,117,201506
60,195,201506
60,126,201506
60,197,201506
60,285,201506
60,96,201506
60,316,201506
60,24,201506
60,75,201506
60,180,201506
60,25,201506
60,217,201506
60,129,201506
60,80,201506
60,155,201506
60,102,201506
60,2,201506
60,19,201506
60,194,201506
60,59,201506
60,178,201506
60,119,201506
60,208,201506
60,0,201506
60,274,201506
60,92,201506
60,135,201506
60,46,201506
61,146,201506
61,143,201506
61,111,201506
61,407,201506
61,160,201506
61,18,201506
61,959,201506
61,415,201506
61,104,201506
61,81,201506
61,6,201506
61,101,201506
61,346,201506
61,97,201506
61,375,201506
61,29,201506
61,136,201506
61,17,201506
61,266,201506
61,10,201506
61,1227,201506
61,137,201506
62,66,201506
62,143,201506
62,160,201506
62,80,201506
62,54,201506
62,233,201506
62,144,201506
62,1190,201506
62,346,201506
62,1147,201506
62,32,201506
62,97,201506
62,1227,201506
62,46,201506
62,320,201506
62,18,201506
62,1250,201506
62,19,201506
62,375,201506
62,266,201506
62,137,201506
62,29,201506
63,180,201506
63,342,201506
63,126,201506
63,192,201506
63,101,201506
63,137,201506
63,178,201506
63,48,201506
63,46,201506
63,25,201506
63,99,201506
63,19,201506
63,320,201506
63,64,201506
63,29,201506
63,97,201506
64,20,201506
64,142,201506
64,16,201506
64,53,201506
64,99,201506
64,32,201506
64,48,201506
64,169,201506
64,26,201506
64,35,201506
64,9,201506
64,12,201506
64,19,201506
64,40,201506
64,139,201506
64,72,201506
64,13,201506
64,6,201506
64,143,201506
64,52,201506
64,1227,201506
64,77,201506
64,176,201506
64,160,201506
64,14,201506
64,332,201506
64,58,201506
64,117,201506
64,444,201506
64,113,201506
64,5,201506
64,8,201506
64,338,201506
64,369,201506
64,132,201506
64,46,201506
64,107,201506
64,120,201506
64,29,201506
64,4,201506
64,1020,201506
64,1088,201506
64,354,201506
64,161,201506
64,196,201506
64,341,201506
64,112,201506
64,76,201506
64,18,201506
64,81,201506
64,140,201506
64,69,201506
64,163,201506
64,104,201506
64,38,201506
64,11,201506
64,100,201506
64,25,201506
64,135,201506
64,523,201506
64,374,201506
64,549,201506
64,722,201506
64,102,201506
64,57,201506
64,730,201506
64,24,201506
64,97,201506
64,31,201506
64,373,201506
64,21,201506
64,180,201506
64,1065,201506
64,126,201506
64,172,201506
64,78,201506
64,181,201506
64,83,201506
64,129,201506
64,55,201506
64,134,201506
64,342,201506
64,63,201506
64,39,201506
64,192,201506
64,146,201506
64,205,201506
64,27,201506
64,137,201506
64,2,201506
64,101,201506
64,0,201506
64,85,201506
64,28,201506
64,10,201506
64,59,201506
64,1,201506
64,51,201506
64,60,201506
64,154,201506
64,45,201506
64,89,201506
64,17,201506
64,136,201506
64,108,201506
65,154,201506
65,519,201506
65,890,201506
65,282,201506
65,950,201506
65,346,201506
65,18,201506
65,137,201506
65,97,201506
65,181,201506
65,32,201506
65,99,201506
65,26,201506
65,29,201506
65,25,201506
65,48,201506
65,320,201506
65,19,201506
65,375,201506
65,1250,201506
65,266,201506
65,46,201506
66,6,201506
66,29,201506
66,62,201506
66,31,201506
66,77,201506
66,160,201506
66,83,201506
66,133,201506
66,178,201506
66,1147,201506
66,137,201506
66,97,201506
66,1169,201506
66,1227,201506
66,10,201506
66,32,201506
66,1250,201506
66,375,201506
66,266,201506
66,18,201506
67,54,201506
67,111,201506
67,11,201506
67,136,201506
69,29,201506
69,247,201506
69,137,201506
69,132,201506
69,51,201506
69,143,201506
69,311,201506
69,317,201506
69,49,201506
69,177,201506
69,50,201506
69,160,201506
69,20,201506
69,81,201506
69,46,201506
69,99,201506
69,14,201506
69,22,201506
69,32,201506
69,2,201506
69,64,201506
69,28,201506
69,77,201506
69,108,201506
69,75,201506
69,346,201506
69,113,201506
69,136,201506
69,23,201506
69,31,201506
69,60,201506
69,133,201506
69,17,201506
69,92,201506
69,11,201506
69,135,201506
69,1,201506
69,183,201506
69,5,201506
69,10,201506
69,4,201506
69,18,201506
70,96,201506
70,14,201506
70,136,201506
70,131,201506
70,53,201506
70,160,201506
70,111,201506
70,11,201506
70,18,201506
70,346,201506
70,1169,201506
70,17,201506
70,10,201506
70,25,201506
70,137,201506
70,1,201506
71,29,201506
71,11,201506
71,25,201506
71,97,201506
71,136,201506
71,137,201506
72,20,201506
72,9,201506
72,143,201506
72,552,201506
72,77,201506
72,35,201506
72,160,201506
72,124,201506
72,165,201506
72,93,201506
72,83,201506
72,16,201506
72,97,201506
72,22,201506
72,100,201506
72,14,201506
72,2,201506
72,11,201506
72,149,201506
72,18,201506
72,85,201506
72,57,201506
72,27,201506
72,112,201506
72,34,201506
72,346,201506
72,48,201506
72,17,201506
72,5,201506
72,29,201506
72,21,201506
72,81,201506
72,32,201506
72,4,201506
72,31,201506
72,25,201506
72,113,201506
72,137,201506
72,0,201506
72,60,201506
72,136,201506
72,375,201506
72,64,201506
72,10,201506
72,266,201506
72,154,201506
72,135,201506
72,46,201506
72,1,201506
72,92,201506
72,274,201506
73,401,201506
73,48,201506
73,12,201506
73,544,201506
73,97,201506
73,60,201506
73,35,201506
73,46,201506
74,197,201506
74,97,201506
74,1147,201506
74,32,201506
74,346,201506
74,18,201506
74,29,201506
75,339,201506
75,16,201506
75,116,201506
75,143,201506
75,355,201506
75,354,201506
75,17,201506
75,274,201506
75,31,201506
75,83,201506
75,92,201506
75,10,201506
75,154,201506
75,85,201506
75,14,201506
75,1147,201506
75,32,201506
75,341,201506
75,135,201506
75,19,201506
75,96,201506
75,0,201506
75,97,201506
75,320,201506
75,99,201506
75,78,201506
75,375,201506
75,136,201506
75,13,201506
75,60,201506
75,108,201506
75,29,201506
75,26,201506
75,46,201506
76,64,201506
76,140,201506
76,143,201506
76,180,201506
76,342,201506
76,38,201506
76,97,201506
76,327,201506
76,32,201506
76,18,201506
76,14,201506
76,146,201506
76,170,201506
76,813,201506
76,278,201506
76,77,201506
76,160,201506
76,282,201506
76,55,201506
76,40,201506
76,6,201506
76,85,201506
76,79,201506
76,35,201506
76,26,201506
76,137,201506
76,341,201506
76,178,201506
76,46,201506
76,19,201506
76,266,201506
76,29,201506
76,375,201506
76,136,201506
76,99,201506
77,13,201506
77,16,201506
77,6,201506
77,60,201506
77,18,201506
77,2,201506
77,4,201506
77,143,201506
77,339,201506
77,271,201506
77,79,201506
77,110,201506
77,97,201506
77,52,201506
77,31,201506
77,142,201506
77,14,201506
77,39,201506
77,15,201506
77,46,201506
77,136,201506
77,137,201506
77,32,201506
77,197,201506
77,61,201506
77,181,201506
77,76,201506
77,57,201506
77,64,201506
77,25,201506
77,59,201506
77,17,201506
77,281,201506
77,27,201506
77,176,201506
77,160,201506
77,35,201506
77,54,201506
77,5,201506
77,12,201506
77,23,201506
77,29,201506
77,38,201506
77,51,201506
77,19,201506
77,1,201506
77,40,201506
77,374,201506
77,83,201506
77,120,201506
77,28,201506
77,66,201506
77,20,201506
77,112,201506
77,11,201506
77,154,201506
77,195,201506
77,101,201506
77,165,201506
77,458,201506
77,85,201506
77,117,201506
77,102,201506
77,224,201506
77,86,201506
77,0,201506
77,183,201506
77,72,201506
77,132,201506
77,55,201506
77,99,201506
77,126,201506
77,149,201506
77,182,201506
77,113,201506
77,129,201506
77,107,201506
77,155,201506
77,21,201506
77,133,201506
77,80,201506
77,96,201506
77,192,201506
77,1147,201506
77,10,201506
77,81,201506
77,22,201506
77,346,201506
77,341,201506
77,26,201506
77,552,201506
77,119,201506
77,135,201506
77,139,201506
77,320,201506
77,48,201506
77,1250,201506
77,266,201506
77,375,201506
77,274,201506
77,92,201506
77,108,201506
78,45,201506
78,120,201506
78,80,201506
78,46,201506
78,160,201506
78,94,201506
78,83,201506
78,104,201506
78,16,201506
78,97,201506
78,38,201506
78,32,201506
78,26,201506
78,99,201506
78,137,201506
78,64,201506
78,19,201506
78,281,201506
78,25,201506
78,146,201506
78,75,201506
78,6,201506
78,13,201506
78,59,201506
78,29,201506
79,6,201506
79,17,201506
79,182,201506
79,77,201506
79,160,201506
79,143,201506
79,490,201506
79,26,201506
79,24,201506
79,97,201506
79,1147,201506
79,29,201506
79,19,201506
79,1250,201506
79,46,201506
79,320,201506
79,375,201506
79,32,201506
79,266,201506
80,97,201506
80,156,201506
80,143,201506
80,165,201506
80,339,201506
80,512,201506
80,31,201506
80,160,201506
80,124,201506
80,38,201506
80,129,201506
80,28,201506
80,117,201506
80,24,201506
80,0,201506
80,13,201506
80,119,201506
80,142,201506
80,115,201506
80,83,201506
80,51,201506
80,180,201506
80,112,201506
80,154,201506
80,64,201506
80,118,201506
80,104,201506
80,77,201506
80,48,201506
80,17,201506
80,178,201506
80,346,201506
80,85,201506
80,136,201506
80,2,201506
80,107,201506
80,32,201506
80,19,201506
80,25,201506
80,1,201506
80,137,201506
80,46,201506
80,26,201506
80,35,201506
80,29,201506
80,99,201506
80,10,201506
80,60,201506
80,92,201506
80,14,201506
80,108,201506
80,274,201506
80,135,201506
81,16,201506
81,99,201506
81,28,201506
81,52,201506
81,100,201506
81,297,201506
81,102,201506
81,163,201506
81,9,201506
81,120,201506
81,78,201506
81,4,201506
81,133,201506
81,156,201506
81,2,201506
81,58,201506
81,119,201506
81,85,201506
81,155,201506
81,137,201506
81,107,201506
81,11,201506
81,96,201506
81,20,201506
81,12,201506
81,129,201506
81,183,201506
81,19,201506
81,132,201506
81,18,201506
81,176,201506
81,21,201506
81,34,201506
81,17,201506
81,178,201506
81,69,201506
81,53,201506
81,54,201506
81,32,201506
81,25,201506
81,64,201506
81,77,201506
81,0,201506
81,136,201506
81,26,201506
81,139,201506
81,35,201506
81,60,201506
81,27,201506
81,13,201506
81,29,201506
81,46,201506
81,83,201506
81,92,201506
81,6,201506
81,59,201506
81,274,201506
81,48,201506
81,154,201506
81,1,201506
81,31,201506
81,97,201506
81,108,201506
81,10,201506
81,14,201506
81,135,201506
82,60,201506
82,341,201506
82,46,201506
82,97,201506
83,97,201506
83,13,201506
83,16,201506
83,10,201506
83,26,201506
83,18,201506
83,19,201506
83,40,201506
83,120,201506
83,4,201506
83,143,201506
83,76,201506
83,64,201506
83,77,201506
83,160,201506
83,133,201506
83,180,201506
83,12,201506
83,80,201506
83,11,201506
83,54,201506
83,117,201506
83,81,201506
83,134,201506
83,36,201506
83,96,201506
83,21,201506
83,85,201506
83,126,201506
83,52,201506
83,137,201506
83,6,201506
83,108,201506
83,24,201506
83,9,201506
83,28,201506
83,93,201506
83,197,201506
83,113,201506
83,342,201506
83,1147,201506
83,32,201506
83,155,201506
83,23,201506
83,38,201506
83,25,201506
83,136,201506
83,2,201506
83,107,201506
83,29,201506
83,0,201506
83,5,201506
83,178,201506
83,102,201506
83,119,201506
83,35,201506
83,46,201506
83,60,201506
83,59,201506
83,274,201506
83,146,201506
83,17,201506
83,27,201506
83,375,201506
83,1250,201506
83,266,201506
83,48,201506
83,14,201506
83,285,201506
83,99,201506
83,1,201506
83,154,201506
83,92,201506
83,31,201506
83,20,201506
83,135,201506
84,164,201506
84,30,201506
84,86,201506
84,223,201506
84,234,201506
84,160,201506
84,753,201506
84,154,201506
84,88,201506
84,18,201506
84,136,201506
84,1227,201506
84,10,201506
84,4,201506
84,11,201506
85,14,201506
85,99,201506
85,34,201506
85,169,201506
85,26,201506
85,161,201506
85,7,201506
85,12,201506
85,40,201506
85,120,201506
85,139,201506
85,137,201506
85,25,201506
85,20,201506
85,160,201506
85,35,201506
85,2,201506
85,143,201506
85,401,201506
85,116,201506
85,552,201506
85,1392,201506
85,740,201506
85,165,201506
85,124,201506
85,483,201506
85,89,201506
85,150,201506
85,10,201506
85,24,201506
85,213,201506
85,113,201506
85,1665,201506
85,0,201506
85,81,201506
85,155,201506
85,22,201506
85,108,201506
85,32,201506
85,110,201506
85,133,201506
85,4,201506
85,13,201506
85,102,201506
85,30,201506
85,121,201506
85,96,201506
85,23,201506
85,183,201506
85,36,201506
85,134,201506
85,21,201506
85,83,201506
85,45,201506
85,5,201506
85,11,201506
85,51,201506
85,107,201506
85,52,201506
85,142,201506
85,6,201506
85,19,201506
85,54,201506
85,27,201506
85,33,201506
85,17,201506
85,38,201506
85,77,201506
85,18,201506
85,154,201506
85,266,201506
85,75,201506
85,16,201506
85,80,201506
85,117,201506
85,29,201506
85,59,201506
85,340,201506
85,1258,201506
85,9,201506
85,149,201506
85,136,201506
85,146,201506
85,46,201506
85,93,201506
85,115,201506
85,1,201506
85,48,201506
85,64,201506
85,97,201506
85,60,201506
85,274,201506
85,31,201506
85,28,201506
85,112,201506
85,92,201506
85,135,201506
86,25,201506
86,7,201506
86,2,201506
86,84,201506
86,31,201506
86,77,201506
86,51,201506
86,28,201506
86,26,201506
86,18,201506
86,17,201506
86,29,201506
86,20,201506
86,136,201506
86,10,201506
86,1227,201506
86,97,201506
86,11,201506
86,4,201506
87,89,201506
87,291,201506
87,203,201506
88,84,201506
88,86,201506
88,136,201506
88,4,201506
88,18,201506
88,11,201506
89,110,201506
89,8,201506
89,17,201506
89,90,201506
89,7,201506
89,87,201506
89,212,201506
89,121,201506
89,23,201506
89,28,201506
89,243,201506
89,778,201506
89,323,201506
89,160,201506
89,770,201506
89,5,201506
89,1,201506
89,189,201506
89,13,201506
89,133,201506
89,16,201506
89,27,201506
89,10,201506
89,4,201506
89,1408,201506
89,18,201506
89,222,201506
89,112,201506
89,51,201506
89,20,201506
89,64,201506
89,6,201506
89,21,201506
89,11,201506
89,59,201506
89,136,201506
89,25,201506
89,29,201506
89,97,201506
89,137,201506
90,89,201506
90,8,201506
90,7,201506
90,243,201506
90,17,201506
92,25,201506
92,20,201506
92,2,201506
92,146,201506
92,197,201506
92,102,201506
92,143,201506
92,52,201506
92,18,201506
92,124,201506
92,142,201506
92,274,201506
92,1088,201506
92,155,201506
92,113,201506
92,38,201506
92,1366,201506
92,137,201506
92,19,201506
92,32,201506
92,34,201506
92,133,201506
92,16,201506
92,23,201506
92,21,201506
92,69,201506
92,115,201506
92,116,201506
92,54,201506
92,180,201506
92,11,201506
92,139,201506
92,12,201506
92,81,201506
92,112,201506
92,129,201506
92,40,201506
92,59,201506
92,13,201506
92,100,201506
92,57,201506
92,45,201506
92,51,201506
92,156,201506
92,46,201506
92,77,201506
92,160,201506
92,80,201506
92,83,201506
92,4,201506
92,97,201506
92,27,201506
92,48,201506
92,5,201506
92,72,201506
92,165,201506
92,47,201506
92,149,201506
92,96,201506
92,28,201506
92,6,201506
92,108,201506
92,99,201506
92,9,201506
92,85,201506
92,93,201506
92,154,201506
92,26,201506
92,31,201506
92,14,201506
92,60,201506
92,1,201506
92,10,201506
92,17,201506
92,136,201506
92,135,201506
92,0,201506
93,146,201506
93,160,201506
93,19,201506
93,115,201506
93,149,201506
93,97,201506
93,108,201506
93,99,201506
93,346,201506
93,165,201506
93,2,201506
93,31,201506
93,274,201506
93,85,201506
93,25,201506
93,92,201506
94,64,201506
94,60,201506
94,6,201506
94,17,201506
94,26,201506
94,58,201506
94,4,201506
94,29,201506
94,99,201506
94,59,201506
94,46,201506
94,97,201506
95,77,201506
95,160,201506
95,143,201506
95,1250,201506
95,320,201506
95,46,201506
95,266,201506
95,375,201506
96,53,201506
96,160,201506
96,23,201506
96,1,201506
96,143,201506
96,130,201506
96,299,201506
96,137,201506
96,77,201506
96,115,201506
96,124,201506
96,9,201506
96,80,201506
96,213,201506
96,133,201506
96,81,201506
96,150,201506
96,13,201506
96,93,201506
96,59,201506
96,69,201506
96,129,201506
96,85,201506
96,54,201506
96,17,201506
96,156,201506
96,38,201506
96,30,201506
96,64,201506
96,121,201506
96,31,201506
96,48,201506
96,35,201506
96,2,201506
96,32,201506
96,14,201506
96,22,201506
96,29,201506
96,19,201506
96,20,201506
96,154,201506
96,108,201506
96,113,201506
96,801,201506
96,6,201506
96,107,201506
96,25,201506
96,52,201506
96,136,201506
96,0,201506
96,112,201506
96,83,201506
96,1269,201506
96,11,201506
96,97,201506
96,26,201506
96,99,201506
96,4,201506
96,21,201506
96,46,201506
96,51,201506
96,60,201506
96,18,201506
96,27,201506
96,28,201506
96,135,201506
96,5,201506
96,92,201506
96,10,201506
96,274,201506
97,59,201506
97,221,201506
97,14,201506
97,48,201506
97,169,201506
97,60,201506
97,35,201506
97,36,201506
97,2,201506
97,108,201506
97,19,201506
97,143,201506
97,154,201506
97,98,201506
97,146,201506
97,129,201506
97,552,201506
97,167,201506
97,6,201506
97,77,201506
97,160,201506
97,120,201506
97,41,201506
97,21,201506
97,16,201506
97,102,201506
97,114,201506
97,22,201506
97,278,201506
97,18,201506
97,1,201506
97,69,201506
97,155,201506
97,134,201506
97,4,201506
97,136,201506
97,116,201506
97,0,201506
97,137,201506
97,25,201506
97,183,201506
97,96,201506
97,26,201506
97,83,201506
97,117,201506
97,113,201506
97,115,201506
97,85,201506
97,32,201506
97,24,201506
97,119,201506
97,13,201506
97,31,201506
97,133,201506
97,11,201506
97,17,201506
97,124,201506
97,45,201506
97,38,201506
97,54,201506
97,1144,201506
97,74,201506
97,40,201506
97,178,201506
97,46,201506
97,43,201506
97,28,201506
97,51,201506
97,181,201506
97,75,201506
97,132,201506
97,66,201506
97,180,201506
97,1147,201506
97,112,201506
97,52,201506
97,71,201506
97,15,201506
97,142,201506
97,544,201506
97,72,201506
97,55,201506
97,205,201506
97,29,201506
97,107,201506
97,34,201506
97,265,201506
97,341,201506
97,109,201506
97,156,201506
97,65,201506
97,73,201506
97,10,201506
97,23,201506
97,860,201506
97,182,201506
97,64,201506
97,111,201506
97,176,201506
97,164,201506
97,62,201506
97,237,201506
97,270,201506
97,20,201506
97,173,201506
97,274,201506
97,5,201506
97,9,201506
97,1366,201506
97,157,201506
97,80,201506
97,223,201506
97,106,201506
97,163,201506
97,355,201506
97,769,201506
97,86,201506
97,144,201506
97,125,201506
97,61,201506
97,320,201506
97,813,201506
97,198,201506
97,131,201506
97,309,201506
97,192,201506
97,188,201506
97,12,201506
97,79,201506
97,118,201506
97,140,201506
97,63,201506
97,455,201506
97,1052,201506
97,510,201506
97,104,201506
97,152,201506
97,159,201506
97,452,201506
97,495,201506
97,285,201506
97,141,201506
97,342,201506
97,435,201506
97,57,201506
97,101,201506
97,53,201506
97,76,201506
97,216,201506
97,287,201506
97,393,201506
97,269,201506
97,81,201506
97,158,201506
97,58,201506
97,92,201506
97,110,201506
97,224,201506
97,165,201506
97,39,201506
97,250,201506
97,139,201506
97,27,201506
97,100,201506
97,197,201506
97,208,201506
97,89,201506
97,172,201506
97,126,201506
97,99,201506
97,82,201506
97,135,201506
97,94,201506
97,78,201506
98,133,201506
98,444,201506
98,39,201506
98,309,201506
98,12,201506
98,510,201506
98,9,201506
98,137,201506
98,46,201506
98,97,201506
98,25,201506
99,180,201506
99,110,201506
99,97,201506
99,85,201506
99,13,201506
99,166,201506
99,137,201506
99,64,201506
99,26,201506
99,0,201506
99,36,201506
99,19,201506
99,66,201506
99,108,201506
99,54,201506
99,86,201506
99,21,201506
99,39,201506
99,107,201506
99,11,201506
99,17,201506
99,18,201506
99,7,201506
99,23,201506
99,38,201506
99,4,201506
99,113,201506
99,77,201506
99,160,201506
99,16,201506
99,1,201506
99,143,201506
99,28,201506
99,12,201506
99,139,201506
99,183,201506
99,31,201506
99,48,201506
99,176,201506
99,100,201506
99,149,201506
99,133,201506
99,297,201506
99,158,201506
99,72,201506
99,136,201506
99,6,201506
99,35,201506
99,495,201506
99,278,201506
99,181,201506
99,355,201506
99,2,201506
99,320,201506
99,267,201506
99,43,201506
99,233,201506
99,159,201506
99,112,201506
99,126,201506
99,25,201506
99,94,201506
99,78,201506
99,32,201506
99,58,201506
99,102,201506
99,134,201506
99,155,201506
99,101,201506
99,96,201506
99,59,201506
99,5,201506
99,60,201506
99,156,201506
99,46,201506
99,10,201506
99,65,201506
99,208,201506
99,114,201506
99,224,201506
99,117,201506
99,349,201506
99,157,201506
99,63,201506
99,76,201506
99,75,201506
99,142,201506
99,131,201506
99,81,201506
99,57,201506
99,24,201506
99,132,201506
99,170,201506
99,40,201506
99,45,201506
99,55,201506
99,27,201506
99,80,201506
99,146,201506
99,29,201506
99,83,201506
99,20,201506
99,129,201506
99,52,201506
99,51,201506
99,154,201506
99,274,201506
99,92,201506
99,135,201506
100,25,201506
100,60,201506
100,4,201506
100,143,201506
100,129,201506
100,101,201506
100,160,201506
100,85,201506
100,51,201506
100,31,201506
100,183,201506
100,165,201506
100,115,201506
100,136,201506
100,108,201506
100,22,201506
100,29,201506
100,1366,201506
100,142,201506
100,81,201506
100,77,201506
100,32,201506
100,59,201506
100,52,201506
100,40,201506
100,126,201506
100,69,201506
100,0,201506
100,102,201506
100,119,201506
100,2,201506
100,769,201506
100,26,201506
100,83,201506
100,5,201506
100,72,201506
100,178,201506
100,1147,201506
100,18,201506
100,134,201506
100,120,201506
100,13,201506
100,341,201506
100,154,201506
100,19,201506
100,274,201506
100,64,201506
100,46,201506
100,17,201506
100,156,201506
100,28,201506
100,6,201506
100,27,201506
100,146,201506
100,99,201506
100,92,201506
100,35,201506
100,48,201506
100,135,201506
100,10,201506
100,97,201506
100,14,201506
100,137,201506
101,143,201506
101,97,201506
101,77,201506
101,160,201506
101,327,201506
101,120,201506
101,339,201506
101,265,201506
101,346,201506
101,19,201506
101,137,201506
101,32,201506
101,26,201506
101,99,201506
101,25,201506
101,6,201506
101,266,201506
101,136,201506
101,1250,201506
101,18,201506
101,48,201506
101,64,201506
101,29,201506
101,375,201506
101,46,201506
102,142,201506
102,52,201506
102,63,201506
102,297,201506
102,62,201506
102,349,201506
102,129,201506
102,81,201506
102,126,201506
102,120,201506
102,208,201506
102,100,201506
102,38,201506
102,274,201506
102,83,201506
102,21,201506
102,92,201506
102,18,201506
102,46,201506
102,143,201506
102,27,201506
102,77,201506
102,0,201506
102,35,201506
102,97,201506
102,9,201506
102,54,201506
102,1,201506
102,85,201506
102,64,201506
102,29,201506
102,6,201506
102,160,201506
102,96,201506
102,178,201506
102,1904,201506
102,10,201506
102,32,201506
102,28,201506
102,99,201506
102,139,201506
102,136,201506
102,31,201506
102,48,201506
102,19,201506
102,108,201506
102,60,201506
102,135,201506
102,14,201506
103,1227,201506
103,10,201506
104,34,201506
104,143,201506
104,101,201506
104,15,201506
104,160,201506
104,72,201506
104,52,201506
104,29,201506
104,136,201506
104,1250,201506
104,17,201506
104,10,201506
104,1227,201506
104,375,201506
104,266,201506
104,97,201506
104,137,201506
105,11,201506
105,1169,201506
105,18,201506
105,5,201506
105,17,201506
105,10,201506
105,1227,201506
105,136,201506
106,97,201506
106,46,201506
107,132,201506
107,501,201506
107,23,201506
107,143,201506
107,60,201506
107,150,201506
107,160,201506
107,5,201506
107,181,201506
107,19,201506
107,75,201506
107,136,201506
107,51,201506
107,11,201506
107,13,201506
107,16,201506
107,12,201506
107,85,201506
107,750,201506
107,77,201506
107,40,201506
107,18,201506
107,97,201506
107,64,201506
107,81,201506
107,22,201506
107,112,201506
107,27,201506
107,96,201506
107,99,201506
107,154,201506
107,2,201506
107,116,201506
107,274,201506
107,17,201506
107,183,201506
107,92,201506
107,113,201506
107,32,201506
107,31,201506
107,14,201506
107,25,201506
107,1,201506
107,10,201506
107,59,201506
107,135,201506
107,28,201506
107,29,201506
107,20,201506
107,4,201506
107,137,201506
108,85,201506
108,13,201506
108,81,201506
108,48,201506
108,77,201506
108,100,201506
108,26,201506
108,60,201506
108,139,201506
108,129,201506
108,274,201506
108,54,201506
108,17,201506
108,35,201506
108,282,201506
108,97,201506
108,76,201506
108,160,201506
108,18,201506
108,22,201506
108,124,201506
108,21,201506
108,113,201506
108,51,201506
108,156,201506
108,120,201506
108,4,201506
108,11,201506
108,45,201506
108,136,201506
108,2,201506
108,154,201506
108,107,201506
108,149,201506
108,169,201506
108,28,201506
108,10,201506
108,6,201506
108,134,201506
108,64,201506
108,20,201506
108,23,201506
108,9,201506
108,14,201506
108,38,201506
108,135,201506
108,195,201506
108,29,201506
108,0,201506
108,1,201506
108,99,201506
108,132,201506
108,112,201506
108,5,201506
108,32,201506
108,12,201506
108,16,201506
108,1366,201506
108,181,201506
108,96,201506
108,197,201506
108,36,201506
108,41,201506
108,83,201506
108,769,201506
108,285,201506
108,137,201506
108,25,201506
108,24,201506
108,117,201506
108,208,201506
108,178,201506
108,155,201506
108,146,201506
108,19,201506
108,180,201506
108,52,201506
108,75,201506
108,143,201506
108,142,201506
108,80,201506
108,119,201506
108,102,201506
108,27,201506
108,40,201506
108,92,201506
108,59,201506
108,31,201506
108,46,201506
109,110,201506
109,427,201506
109,306,201506
109,127,201506
109,128,201506
109,592,201506
109,593,201506
109,4,201506
109,864,201506
109,913,201506
109,676,201506
109,1539,201506
109,840,201506
109,846,201506
109,729,201506
109,723,201506
109,629,201506
109,305,201506
109,628,201506
109,97,201506
109,724,201506
109,633,201506
109,677,201506
110,146,201506
110,17,201506
110,281,201506
110,35,201506
110,232,201506
110,838,201506
110,693,201506
110,351,201506
110,352,201506
110,477,201506
110,638,201506
110,425,201506
110,191,201506
110,525,201506
110,185,201506
110,230,201506
110,565,201506
110,190,201506
110,305,201506
110,186,201506
110,235,201506
110,947,201506
110,196,201506
110,474,201506
110,109,201506
110,556,201506
110,427,201506
110,830,201506
110,920,201506
110,306,201506
110,201,201506
110,127,201506
110,290,201506
110,808,201506
110,684,201506
110,128,201506
110,633,201506
110,247,201506
110,77,201506
110,23,201506
110,138,201506
110,143,201506
110,4,201506
110,236,201506
110,627,201506
110,97,201506
110,45,201506
110,58,201506
110,59,201506
110,29,201506
110,207,201506
110,424,201506
110,465,201506
110,225,201506
110,231,201506
110,257,201506
110,229,201506
110,651,201506
110,560,201506
110,226,201506
110,715,201506
110,604,201506
110,694,201506
110,667,201506
110,476,201506
110,252,201506
110,448,201506
110,596,201506
110,469,201506
110,319,201506
110,478,201506
110,634,201506
110,635,201506
110,597,201506
110,255,201506
110,572,201506
110,366,201506
110,587,201506
110,589,201506
110,591,201506
110,594,201506
110,599,201506
110,378,201506
110,470,201506
110,636,201506
110,590,201506
110,256,201506
110,253,201506
110,600,201506
110,847,201506
110,601,201506
110,263,201506
110,603,201506
110,575,201506
110,661,201506
110,658,201506
110,506,201506
110,664,201506
110,643,201506
110,700,201506
110,472,201506
110,639,201506
110,644,201506
110,679,201506
110,640,201506
110,573,201506
110,641,201506
110,642,201506
110,554,201506
110,254,201506
110,670,201506
110,605,201506
110,606,201506
110,586,201506
110,260,201506
110,624,201506
110,532,201506
110,25,201506
110,273,201506
110,527,201506
110,87,201506
110,160,201506
110,5,201506
110,154,201506
110,28,201506
110,564,201506
110,1273,201506
110,663,201506
110,144,201506
110,1016,201506
110,623,201506
110,867,201506
110,997,201506
110,1241,201506
110,1222,201506
110,656,201506
110,665,201506
110,841,201506
110,886,201506
110,538,201506
110,630,201506
110,1183,201506
110,14,201506
110,1134,201506
110,526,201506
110,13,201506
110,10,201506
110,51,201506
110,18,201506
110,89,201506
110,1,201506
110,121,201506
110,20,201506
110,11,201506
110,137,201506
110,136,201506
111,61,201506
111,27,201506
111,131,201506
111,29,201506
111,1169,201506
111,97,201506
111,25,201506
111,136,201506
111,18,201506
111,11,201506
111,10,201506
111,1227,201506
111,137,201506
112,53,201506
112,70,201506
112,17,201506
112,20,201506
112,143,201506
112,133,201506
112,189,201506
112,77,201506
112,160,201506
112,72,201506
112,136,201506
112,13,201506
112,81,201506
112,137,201506
112,19,201506
112,12,201506
112,48,201506
112,85,201506
112,52,201506
112,31,201506
112,165,201506
112,32,201506
112,27,201506
112,6,201506
112,180,201506
112,40,201506
112,9,201506
112,69,201506
112,149,201506
112,107,201506
112,154,201506
112,57,201506
112,346,201506
112,99,201506
112,80,201506
112,96,201506
112,54,201506
112,0,201506
112,108,201506
112,4,201506
112,183,201506
112,60,201506
112,25,201506
112,100,201506
112,14,201506
112,11,201506
112,1,201506
112,2,201506
112,97,201506
112,22,201506
112,92,201506
112,51,201506
112,243,201506
112,8,201506
112,59,201506
112,274,201506
112,7,201506
112,135,201506
112,89,201506
112,18,201506
112,23,201506
112,29,201506
112,113,201506
112,10,201506
112,28,201506
113,79,201506
113,110,201506
113,97,201506
113,86,201506
113,53,201506
113,69,201506
113,92,201506
113,77,201506
113,10,201506
113,17,201506
113,1,201506
113,120,201506
113,11,201506
113,108,201506
113,143,201506
113,133,201506
113,160,201506
113,72,201506
113,1366,201506
113,2,201506
113,51,201506
113,64,201506
113,13,201506
113,102,201506
113,28,201506
113,149,201506
113,9,201506
113,85,201506
113,154,201506
113,81,201506
113,40,201506
113,25,201506
113,29,201506
113,16,201506
113,99,201506
113,60,201506
113,14,201506
113,26,201506
113,0,201506
113,183,201506
113,136,201506
113,4,201506
113,18,201506
113,96,201506
113,100,201506
113,165,201506
113,48,201506
113,6,201506
113,19,201506
113,27,201506
113,31,201506
113,107,201506
113,135,201506
113,274,201506
113,20,201506
113,21,201506
113,5,201506
113,112,201506
113,137,201506
114,134,201506
114,32,201506
114,99,201506
114,375,201506
114,29,201506
114,266,201506
114,19,201506
114,26,201506
115,165,201506
115,552,201506
115,149,201506
115,220,201506
115,96,201506
115,160,201506
115,204,201506
115,188,201506
115,6,201506
115,97,201506
115,133,201506
115,17,201506
115,19,201506
115,47,201506
115,136,201506
115,93,201506
115,2,201506
115,124,201506
115,0,201506
115,135,201506
115,1,201506
115,346,201506
115,85,201506
115,21,201506
115,1169,201506
115,137,201506
115,92,201506
115,10,201506
115,25,201506
115,274,201506
116,69,201506
116,136,201506
116,0,201506
116,33,201506
116,165,201506
116,133,201506
116,26,201506
116,107,201506
116,1169,201506
116,2,201506
116,92,201506
116,137,201506
116,10,201506
116,25,201506
116,274,201506
117,52,201506
117,146,201506
117,180,201506
117,332,201506
117,14,201506
117,206,201506
117,181,201506
117,76,201506
117,160,201506
117,38,201506
117,1766,201506
117,28,201506
117,136,201506
117,10,201506
117,97,201506
117,31,201506
117,142,201506
117,102,201506
117,2,201506
117,77,201506
117,40,201506
117,434,201506
117,83,201506
117,143,201506
117,17,201506
117,81,201506
117,154,201506
117,64,201506
117,274,201506
117,32,201506
117,26,201506
117,92,201506
117,46,201506
117,29,201506
117,19,201506
117,99,201506
117,59,201506
117,6,201506
117,13,201506
117,108,201506
117,60,201506
117,18,201506
117,135,201506
118,157,201506
118,143,201506
118,160,201506
118,1190,201506
118,25,201506
118,80,201506
118,167,201506
118,136,201506
118,137,201506
118,97,201506
119,143,201506
119,81,201506
119,136,201506
119,155,201506
119,1627,201506
119,31,201506
119,142,201506
119,96,201506
119,181,201506
119,160,201506
119,92,201506
119,85,201506
119,54,201506
119,38,201506
119,27,201506
119,77,201506
119,28,201506
119,2,201506
119,274,201506
119,16,201506
119,178,201506
119,154,201506
119,97,201506
119,40,201506
119,100,201506
119,135,201506
119,19,201506
119,48,201506
119,108,201506
119,36,201506
119,60,201506
119,14,201506
120,85,201506
120,14,201506
120,99,201506
120,64,201506
120,19,201506
120,28,201506
120,20,201506
120,6,201506
120,38,201506
120,143,201506
120,192,201506
120,76,201506
120,126,201506
120,165,201506
120,46,201506
120,77,201506
120,281,201506
120,160,201506
120,117,201506
120,0,201506
120,83,201506
120,9,201506
120,4,201506
120,23,201506
120,97,201506
120,25,201506
120,96,201506
120,72,201506
120,107,201506
120,100,201506
120,36,201506
120,10,201506
120,16,201506
120,18,201506
120,31,201506
120,21,201506
120,135,201506
120,341,201506
120,27,201506
120,178,201506
120,146,201506
120,1,201506
120,26,201506
120,154,201506
120,266,201506
120,29,201506
120,17,201506
120,59,201506
120,375,201506
120,35,201506
120,64,201506
120,19,201506
120,29,201506
120,25,201506
120,48,201506
120,60,201506
120,59,201506
120,26,201506
120,6,201506
120,13,201506
120,32,201506
120,46,201506
120,97,201506
120,137,201506
121,113,201506
121,143,201506
121,160,201506
121,85,201506
121,132,201506
121,130,201506
121,22,201506
121,6,201506
121,274,201506
121,96,201506
121,346,201506
121,13,201506
121,110,201506
121,21,201506
121,11,201506
121,59,201506
121,51,201506
121,1,201506
121,5,201506
121,20,201506
121,4,201506
121,10,201506
122,762,201506
122,234,201506
122,18,201506
122,53,201506
122,136,201506
122,135,201506
122,29,201506
122,137,201506
122,1227,201506
122,266,201506
122,10,201506
123,122,201506
123,234,201506
123,738,201506
123,53,201506
123,136,201506
123,18,201506
123,10,201506
123,1227,201506
124,165,201506
124,143,201506
124,188,201506
124,27,201506
124,1111,201506
124,160,201506
124,69,201506
124,45,201506
124,116,201506
124,77,201506
124,93,201506
124,5,201506
124,107,201506
124,51,201506
124,21,201506
124,31,201506
124,99,201506
124,96,201506
124,137,201506
124,48,201506
124,85,201506
124,17,201506
124,102,201506
124,60,201506
124,154,201506
124,97,201506
124,112,201506
124,136,201506
124,2,201506
124,92,201506
124,32,201506
124,266,201506
124,135,201506
124,25,201506
124,14,201506
124,29,201506
124,10,201506
124,1,201506
124,46,201506
124,274,201506
125,728,201506
125,1169,201506
125,136,201506
125,29,201506
125,18,201506
125,97,201506
126,6,201506
126,20,201506
126,142,201506
126,155,201506
126,19,201506
126,140,201506
126,143,201506
126,180,201506
126,332,201506
126,192,201506
126,63,201506
126,38,201506
126,55,201506
126,124,201506
126,176,201506
126,160,201506
126,815,201506
126,25,201506
126,108,201506
126,85,201506
126,18,201506
126,32,201506
126,46,201506
126,178,201506
126,29,201506
126,99,201506
126,320,201506
126,26,201506
126,64,201506
126,59,201506
126,13,201506
126,48,201506
126,375,201506
126,60,201506
126,97,201506
127,110,201506
127,109,201506
127,427,201506
127,306,201506
127,128,201506
127,305,201506
127,4,201506
127,729,201506
128,110,201506
128,109,201506
128,676,201506
128,306,201506
128,427,201506
128,4,201506
129,13,201506
129,48,201506
129,60,201506
129,35,201506
129,120,201506
129,154,201506
129,100,201506
129,143,201506
129,101,201506
129,172,201506
129,146,201506
129,194,201506
129,160,201506
129,173,201506
129,1,201506
129,139,201506
129,85,201506
129,34,201506
129,112,201506
129,77,201506
129,21,201506
129,20,201506
129,27,201506
129,102,201506
129,78,201506
129,1129,201506
129,25,201506
129,28,201506
129,96,201506
129,10,201506
129,4,201506
129,29,201506
129,180,201506
129,136,201506
129,17,201506
129,83,201506
129,14,201506
129,54,201506
129,52,201506
129,19,201506
129,1075,201506
129,142,201506
129,38,201506
129,131,201506
129,26,201506
129,2,201506
129,32,201506
129,284,201506
129,16,201506
129,135,201506
129,92,201506
129,64,201506
129,99,201506
129,6,201506
129,108,201506
129,59,201506
129,137,201506
129,46,201506
129,97,201506
130,96,201506
130,777,201506
130,27,201506
130,11,201506
130,9,201506
130,12,201506
130,136,201506
130,1,201506
130,137,201506
131,110,201506
131,83,201506
131,43,201506
131,269,201506
131,44,201506
131,197,201506
131,77,201506
131,124,201506
131,160,201506
131,4,201506
131,20,201506
131,169,201506
131,16,201506
131,17,201506
131,15,201506
131,178,201506
131,136,201506
131,26,201506
131,1169,201506
131,18,201506
131,32,201506
131,6,201506
131,11,201506
131,99,201506
131,29,201506
131,97,201506
131,137,201506
132,13,201506
132,64,201506
132,60,201506
132,0,201506
132,7,201506
132,183,201506
132,15,201506
132,69,201506
132,501,201506
132,5,201506
132,23,201506
132,19,201506
132,143,201506
132,112,201506
132,160,201506
132,176,201506
132,6,201506
132,115,201506
132,4,201506
132,52,201506
132,189,201506
132,72,201506
132,1,201506
132,20,201506
132,121,201506
132,18,201506
132,10,201506
132,83,201506
132,31,201506
132,81,201506
132,136,201506
132,45,201506
132,97,201506
132,346,201506
132,32,201506
132,1194,201506
132,25,201506
132,29,201506
132,17,201506
132,1250,201506
132,26,201506
132,99,201506
132,266,201506
132,375,201506
132,137,201506
132,46,201506
132,135,201506
133,31,201506
133,16,201506
133,274,201506
133,132,201506
133,160,201506
133,143,201506
133,515,201506
133,1048,201506
133,1498,201506
133,1145,201506
133,17,201506
133,28,201506
133,112,201506
133,11,201506
133,113,201506
133,931,201506
133,77,201506
133,98,201506
133,534,201506
133,950,201506
133,85,201506
133,195,201506
133,64,201506
133,1335,201506
133,189,201506
133,96,201506
133,466,201506
133,19,201506
133,66,201506
133,20,201506
133,8,201506
133,268,201506
133,10,201506
133,5,201506
133,27,201506
133,48,201506
133,115,201506
133,0,201506
133,22,201506
133,444,201506
133,99,201506
133,26,201506
133,18,201506
133,32,201506
133,142,201506
133,14,201506
133,12,201506
133,346,201506
133,124,201506
133,2,201506
133,92,201506
133,108,201506
133,69,201506
133,135,201506
133,183,201506
133,72,201506
133,493,201506
133,154,201506
133,9,201506
133,4,201506
133,817,201506
133,51,201506
133,136,201506
133,59,201506
133,1,201506
133,21,201506
134,176,201506
134,114,201506
134,31,201506
134,55,201506
134,160,201506
134,289,201506
134,64,201506
134,100,201506
134,40,201506
134,154,201506
134,27,201506
134,18,201506
134,124,201506
134,21,201506
134,97,201506
134,26,201506
134,2,201506
134,60,201506
134,10,201506
134,48,201506
134,178,201506
134,108,201506
134,32,201506
134,274,201506
134,135,201506
134,46,201506
134,99,201506
134,29,201506
134,6,201506
134,19,201506
134,59,201506
134,14,201506
135,178,201506
135,18,201506
135,375,201506
135,208,201506
135,58,201506
135,36,201506
135,1144,201506
135,119,201506
135,120,201506
135,25,201506
135,32,201506
135,1147,201506
135,346,201506
135,75,201506
135,108,201506
135,133,201506
135,341,201506
135,1194,201506
135,64,201506
135,146,201506
135,134,201506
135,1258,201506
135,1180,201506
135,782,201506
135,129,201506
135,165,201506
135,1366,201506
135,113,201506
135,156,201506
135,69,201506
135,124,201506
135,183,201506
135,72,201506
135,9,201506
135,100,201506
135,23,201506
135,112,201506
135,107,201506
135,34,201506
135,160,201506
135,57,201506
135,46,201506
135,45,201506
135,80,201506
135,117,201506
135,132,201506
135,21,201506
135,22,201506
135,38,201506
135,180,201506
135,11,201506
135,2,201506
135,96,201506
135,52,201506
135,139,201506
135,102,201506
135,20,201506
135,155,201506
135,0,201506
135,51,201506
135,85,201506
135,83,201506
135,143,201506
135,142,201506
135,48,201506
135,40,201506
135,5,201506
135,28,201506
135,16,201506
135,6,201506
135,4,201506
135,81,201506
135,31,201506
135,13,201506
135,12,201506
135,154,201506
135,97,201506
135,19,201506
135,99,201506
135,274,201506
135,26,201506
135,92,201506
135,14,201506
135,17,201506
135,27,201506
135,1,201506
135,10,201506
135,136,201506
135,60,201506
136,180,201506
136,52,201506
136,27,201506
136,176,201506
136,35,201506
136,154,201506
136,30,201506
136,133,201506
136,23,201506
136,107,201506
136,143,201506
136,11,201506
136,46,201506
136,47,201506
136,16,201506
136,20,201506
136,146,201506
136,552,201506
136,31,201506
136,137,201506
136,77,201506
136,160,201506
136,1,201506
136,72,201506
136,22,201506
136,45,201506
136,981,201506
136,982,201506
136,197,201506
136,36,201506
136,10,201506
136,17,201506
136,134,201506
136,59,201506
136,13,201506
136,93,201506
136,5,201506
136,968,201506
136,142,201506
136,129,201506
136,148,201506
136,34,201506
136,891,201506
136,118,201506
136,61,201506
136,132,201506
136,804,201506
136,18,201506
136,738,201506
136,28,201506
136,80,201506
136,54,201506
136,4,201506
136,85,201506
136,32,201506
136,29,201506
136,69,201506
136,24,201506
136,1366,201506
136,83,201506
136,941,201506
136,165,201506
136,113,201506
136,163,201506
136,123,201506
136,371,201506
136,122,201506
136,99,201506
136,115,201506
136,96,201506
136,60,201506
136,51,201506
136,98,201506
136,12,201506
136,131,201506
136,120,201506
136,124,201506
136,181,201506
136,834,201506
136,33,201506
136,299,201506
136,346,201506
136,188,201506
136,1169,201506
136,9,201506
136,58,201506
136,166,201506
136,265,201506
136,97,201506
136,183,201506
136,268,201506
136,25,201506
136,53,201506
136,361,201506
136,307,201506
136,537,201506
136,492,201506
136,358,201506
136,26,201506
136,155,201506
136,102,201506
136,762,201506
136,70,201506
136,544,201506
136,15,201506
136,221,201506
136,130,201506
136,415,201506
136,153,201506
136,502,201506
136,862,201506
136,139,201506
136,908,201506
136,169,201506
136,81,201506
136,8,201506
136,116,201506
136,480,201506
136,909,201506
136,104,201506
136,84,201506
136,950,201506
136,359,201506
136,0,201506
136,86,201506
136,101,201506
136,88,201506
136,372,201506
136,112,201506
136,111,201506
136,164,201506
136,21,201506
136,125,201506
136,67,201506
136,147,201506
136,71,201506
136,211,201506
136,76,201506
136,189,201506
136,214,201506
136,781,201506
136,330,201506
136,177,201506
136,213,201506
136,184,201506
136,7,201506
136,223,201506
136,48,201506
136,75,201506
136,105,201506
136,149,201506
136,100,201506
136,303,201506
136,150,201506
136,108,201506
136,40,201506
136,19,201506
136,14,201506
136,110,201506
136,6,201506
136,89,201506
136,2,201506
136,64,201506
136,274,201506
136,92,201506
136,135,201506
137,14,201506
137,99,201506
137,132,201506
137,10,201506
137,243,201506
137,18,201506
137,0,201506
137,19,201506
137,120,201506
137,2,201506
137,108,201506
137,25,201506
137,96,201506
137,13,201506
137,6,201506
137,69,201506
137,124,201506
137,60,201506
137,23,201506
137,51,201506
137,138,201506
137,143,201506
137,112,201506
137,101,201506
137,146,201506
137,77,201506
137,160,201506
137,154,201506
137,16,201506
137,7,201506
137,58,201506
137,59,201506
137,4,201506
137,340,201506
137,32,201506
137,196,201506
137,83,201506
137,35,201506
137,21,201506
137,48,201506
137,129,201506
137,29,201506
137,100,201506
137,54,201506
137,26,201506
137,1190,201506
137,11,201506
137,149,201506
137,97,201506
137,28,201506
137,135,201506
137,9,201506
137,17,201506
137,52,201506
137,63,201506
137,346,201506
137,801,201506
137,24,201506
137,588,201506
137,76,201506
137,309,201506
137,40,201506
137,327,201506
137,92,201506
137,85,201506
137,41,201506
137,65,201506
137,333,201506
137,78,201506
137,72,201506
137,267,201506
137,244,201506
137,224,201506
137,371,201506
137,355,201506
137,341,201506
137,136,201506
137,390,201506
137,871,201506
137,757,201506
137,115,201506
137,544,201506
137,156,201506
137,47,201506
137,326,201506
137,339,201506
137,98,201506
137,15,201506
137,671,201506
137,159,201506
137,950,201506
137,118,201506
137,34,201506
137,193,201506
137,198,201506
137,265,201506
137,122,201506
137,250,201506
137,116,201506
137,80,201506
137,540,201506
137,303,201506
137,320,201506
137,57,201506
137,53,201506
137,344,201506
137,728,201506
137,335,201506
137,388,201506
137,495,201506
137,269,201506
137,62,201506
137,111,201506
137,314,201506
137,181,201506
137,71,201506
137,64,201506
137,216,201506
137,204,201506
137,393,201506
137,12,201506
137,163,201506
137,161,201506
137,752,201506
137,152,201506
137,27,201506
137,1,201506
137,157,201506
137,70,201506
137,61,201506
137,130,201506
137,39,201506
137,45,201506
137,213,201506
137,20,201506
137,110,201506
137,131,201506
137,5,201506
137,336,201506
137,483,201506
137,169,201506
137,38,201506
137,220,201506
137,150,201506
137,36,201506
137,188,201506
137,165,201506
137,104,201506
137,107,201506
137,139,201506
137,89,201506
137,81,201506
137,46,201506
137,22,201506
137,31,201506
137,113,201506
138,132,201506
138,29,201506
138,142,201506
138,110,201506
138,52,201506
138,247,201506
138,14,201506
138,136,201506
138,137,201506
138,32,201506
138,25,201506
138,59,201506
138,18,201506
138,23,201506
138,1,201506
138,159,201506
138,143,201506
138,207,201506
138,178,201506
138,341,201506
138,266,201506
138,10,201506
138,375,201506
138,1250,201506
138,1227,201506
139,47,201506
139,60,201506
139,35,201506
139,12,201506
139,36,201506
139,28,201506
139,108,201506
139,58,201506
139,375,201506
139,143,201506
139,399,201506
139,160,201506
139,96,201506
139,13,201506
139,112,201506
139,69,201506
139,107,201506
139,136,201506
139,83,201506
139,1,201506
139,17,201506
139,18,201506
139,10,201506
139,40,201506
139,29,201506
139,197,201506
139,16,201506
139,25,201506
139,2,201506
139,4,201506
139,274,201506
139,32,201506
139,75,201506
139,85,201506
139,1147,201506
139,6,201506
139,102,201506
139,31,201506
139,14,201506
139,19,201506
139,81,201506
139,77,201506
139,146,201506
139,92,201506
139,59,201506
139,769,201506
139,27,201506
139,52,201506
139,54,201506
139,285,201506
139,26,201506
139,99,201506
139,178,201506
139,208,201506
139,154,201506
139,97,201506
139,137,201506
139,135,201506
139,46,201506
140,76,201506
140,143,201506
140,63,201506
140,342,201506
140,205,201506
140,512,201506
140,160,201506
140,38,201506
140,6,201506
140,176,201506
140,19,201506
140,341,201506
140,178,201506
140,64,201506
140,29,201506
140,266,201506
140,26,201506
140,375,201506
140,97,201506
140,46,201506
141,178,201506
141,1147,201506
141,375,201506
141,46,201506
141,266,201506
141,97,201506
142,99,201506
142,108,201506
142,19,201506
142,143,201506
142,126,201506
142,332,201506
142,117,201506
142,205,201506
142,83,201506
142,1194,201506
142,31,201506
142,77,201506
142,381,201506
142,160,201506
142,180,201506
142,320,201506
142,38,201506
142,102,201506
142,65,201506
142,32,201506
142,52,201506
142,69,201506
142,5,201506
142,119,201506
142,0,201506
142,36,201506
142,18,201506
142,1366,201506
142,274,201506
142,327,201506
142,59,201506
142,13,201506
142,1,201506
142,28,201506
142,129,201506
142,183,201506
142,139,201506
142,29,201506
142,85,201506
142,92,201506
142,154,201506
142,346,201506
142,25,201506
142,27,201506
142,97,201506
142,17,201506
142,178,201506
142,46,201506
142,51,201506
142,11,201506
142,136,201506
142,6,201506
142,26,201506
142,64,201506
142,60,201506
142,48,201506
142,10,201506
142,135,201506
142,14,201506
143,96,201506
143,455,201506
143,110,201506
143,97,201506
143,85,201506
143,52,201506
143,247,201506
143,80,201506
143,30,201506
143,13,201506
143,142,201506
143,133,201506
143,14,201506
143,39,201506
143,15,201506
143,16,201506
143,46,201506
143,136,201506
143,137,201506
143,132,201506
143,32,201506
143,165,201506
143,6,201506
143,48,201506
143,61,201506
143,62,201506
143,76,201506
143,57,201506
143,89,201506
143,64,201506
143,25,201506
143,157,201506
143,100,201506
143,59,201506
143,170,201506
143,10,201506
143,17,201506
143,115,201506
143,281,201506
143,118,201506
143,121,201506
143,124,201506
143,339,201506
143,27,201506
143,60,201506
143,176,201506
143,160,201506
143,161,201506
143,501,201506
143,155,201506
143,35,201506
143,54,201506
143,18,201506
143,0,201506
143,5,201506
143,9,201506
143,12,201506
143,23,201506
143,29,201506
143,36,201506
143,51,201506
143,19,201506
143,1,201506
143,159,201506
143,375,201506
143,40,201506
143,83,201506
143,138,201506
143,120,201506
143,139,201506
143,28,201506
143,2,201506
143,104,201506
143,188,201506
143,112,201506
143,129,201506
143,11,201506
143,113,201506
143,154,201506
143,195,201506
143,126,201506
143,72,201506
143,101,201506
143,552,201506
143,31,201506
143,119,201506
143,1332,201506
143,282,201506
143,1410,201506
143,81,201506
143,181,201506
143,21,201506
143,26,201506
143,178,201506
143,180,201506
143,99,201506
143,102,201506
143,108,201506
143,135,201506
144,132,201506
144,160,201506
144,29,201506
144,154,201506
144,18,201506
144,97,201506
145,16,201506
145,1194,201506
145,135,201506
145,35,201506
145,18,201506
145,346,201506
145,29,201506
146,110,201506
146,143,201506
146,52,201506
146,59,201506
146,27,201506
146,19,201506
146,117,201506
146,154,201506
146,247,201506
146,136,201506
146,89,201506
146,433,201506
146,35,201506
146,54,201506
146,29,201506
146,1,201506
146,20,201506
146,175,201506
146,241,201506
146,165,201506
146,76,201506
146,5,201506
146,97,201506
146,31,201506
146,13,201506
146,160,201506
146,11,201506
146,129,201506
146,14,201506
146,137,201506
146,6,201506
146,93,201506
146,25,201506
146,17,201506
146,60,201506
146,39,201506
146,126,201506
146,1145,201506
146,156,201506
146,120,201506
146,78,201506
146,51,201506
146,181,201506
146,544,201506
146,46,201506
146,18,201506
146,40,201506
146,64,201506
146,266,201506
146,0,201506
146,1258,201506
146,139,201506
146,135,201506
146,1130,201506
146,83,201506
146,32,201506
146,26,201506
146,85,201506
146,1227,201506
146,100,201506
146,10,201506
146,320,201506
146,48,201506
146,375,201506
146,99,201506
146,108,201506
146,4,201506
146,1250,201506
147,221,201506
147,183,201506
147,1356,201506
147,330,201506
147,153,201506
147,160,201506
147,372,201506
147,72,201506
147,1169,201506
147,10,201506
147,136,201506
147,11,201506
148,136,201506
149,115,201506
149,116,201506
149,359,201506
149,40,201506
149,480,201506
149,19,201506
149,27,201506
149,96,201506
149,1366,201506
149,67,201506
149,108,201506
149,2,201506
149,23,201506
149,21,201506
149,154,201506
149,26,201506
149,137,201506
149,9,201506
149,47,201506
149,871,201506
149,1,201506
149,0,201506
149,85,201506
149,25,201506
149,136,201506
149,10,201506
149,92,201506
149,274,201506
150,23,201506
150,107,201506
150,165,201506
150,33,201506
150,26,201506
150,22,201506
150,346,201506
150,51,201506
150,1,201506
150,28,201506
150,11,201506
150,10,201506
150,20,201506
150,4,201506
150,136,201506
150,17,201506
150,137,201506
151,178,201506
151,266,201506
151,1250,201506
151,375,201506
151,320,201506
152,29,201506
152,137,201506
152,97,201506
152,46,201506
152,25,201506
153,147,201506
153,25,201506
153,136,201506
154,97,201506
154,64,201506
154,25,201506
154,131,201506
154,18,201506
154,19,201506
154,1,201506
154,77,201506
154,143,201506
154,104,201506
154,146,201506
154,27,201506
154,282,201506
154,129,201506
154,132,201506
154,160,201506
154,339,201506
154,890,201506
154,69,201506
154,503,201506
154,107,201506
154,180,201506
154,52,201506
154,38,201506
154,117,201506
154,75,201506
154,100,201506
154,48,201506
154,31,201506
154,183,201506
154,80,201506
154,142,201506
154,133,201506
154,5,201506
154,23,201506
154,159,201506
154,79,201506
154,99,201506
154,119,201506
154,112,201506
154,17,201506
154,29,201506
154,4,201506
154,6,201506
154,14,201506
154,54,201506
154,346,201506
154,11,201506
154,165,201506
154,102,201506
154,120,201506
154,26,201506
154,1194,201506
154,149,201506
154,57,201506
154,136,201506
154,96,201506
154,296,201506
154,251,201506
154,155,201506
154,32,201506
154,113,201506
154,21,201506
154,888,201506
154,1580,201506
154,40,201506
154,1017,201506
154,16,201506
154,85,201506
154,432,201506
154,394,201506
154,1482,201506
154,51,201506
154,275,201506
154,522,201506
154,46,201506
154,20,201506
154,60,201506
154,181,201506
154,72,201506
154,9,201506
154,1366,201506
154,10,201506
154,139,201506
154,0,201506
154,2,201506
154,28,201506
154,83,201506
154,81,201506
154,35,201506
154,108,201506
154,13,201506
154,12,201506
154,92,201506
154,274,201506
154,135,201506
154,137,201506
155,281,201506
155,19,201506
155,143,201506
155,180,201506
155,52,201506
155,64,201506
155,102,201506
155,120,201506
155,208,201506
155,160,201506
155,77,201506
155,81,201506
155,931,201506
155,51,201506
155,83,201506
155,142,201506
155,0,201506
155,133,201506
155,80,201506
155,38,201506
155,14,201506
155,54,201506
155,45,201506
155,17,201506
155,40,201506
155,274,201506
155,92,201506
155,27,201506
155,178,201506
155,1,201506
155,4,201506
155,97,201506
155,48,201506
155,139,201506
155,29,201506
155,31,201506
155,32,201506
155,10,201506
155,99,201506
155,136,201506
155,26,201506
155,6,201506
155,46,201506
155,108,201506
155,60,201506
155,135,201506
156,455,201506
156,143,201506
156,139,201506
156,62,201506
156,146,201506
156,45,201506
156,99,201506
156,83,201506
156,14,201506
156,769,201506
156,13,201506
156,1,201506
156,57,201506
156,27,201506
156,17,201506
156,97,201506
156,46,201506
156,274,201506
156,2,201506
156,48,201506
156,154,201506
156,100,201506
156,35,201506
156,135,201506
156,137,201506
156,29,201506
156,108,201506
156,60,201506
156,92,201506
156,31,201506
156,25,201506
157,118,201506
157,143,201506
157,401,201506
157,45,201506
157,450,201506
157,192,201506
157,76,201506
157,24,201506
157,97,201506
157,346,201506
157,99,201506
157,29,201506
157,137,201506
157,46,201506
157,25,201506
158,178,201506
158,99,201506
158,46,201506
158,97,201506
159,281,201506
159,138,201506
159,143,201506
159,224,201506
159,32,201506
159,29,201506
159,137,201506
159,18,201506
159,25,201506
159,266,201506
159,1250,201506
159,1227,201506
159,375,201506
159,10,201506
159,97,201506
160,161,201506
160,143,201506
160,136,201506
160,1,201506
160,146,201506
160,66,201506
160,79,201506
160,96,201506
160,552,201506
160,180,201506
160,110,201506
160,97,201506
160,85,201506
160,52,201506
160,512,201506
160,80,201506
160,30,201506
160,269,201506
160,31,201506
160,183,201506
160,13,201506
160,194,201506
160,142,201506
160,133,201506
160,14,201506
160,39,201506
160,224,201506
160,45,201506
160,15,201506
160,16,201506
160,46,201506
160,53,201506
160,147,201506
160,63,201506
160,24,201506
160,137,201506
160,132,201506
160,32,201506
160,165,201506
160,198,201506
160,6,201506
160,48,201506
160,197,201506
160,61,201506
160,62,201506
160,69,201506
160,234,201506
160,181,201506
160,76,201506
160,57,201506
160,84,201506
160,89,201506
160,93,201506
160,58,201506
160,95,201506
160,64,201506
160,25,201506
160,34,201506
160,77,201506
160,100,201506
160,59,201506
160,10,201506
160,17,201506
160,115,201506
160,281,201506
160,118,201506
160,339,201506
160,27,201506
160,60,201506
160,176,201506
160,155,201506
160,35,201506
160,54,201506
160,216,201506
160,131,201506
160,18,201506
160,0,201506
160,5,201506
160,9,201506
160,12,201506
160,23,201506
160,29,201506
160,38,201506
160,36,201506
160,51,201506
160,19,201506
160,40,201506
160,102,201506
160,134,201506
160,83,201506
160,120,201506
160,107,201506
160,140,201506
160,117,201506
160,144,201506
160,139,201506
160,28,201506
160,2,201506
160,78,201506
160,4,201506
160,20,201506
160,104,201506
160,188,201506
160,112,201506
160,129,201506
160,11,201506
160,21,201506
160,113,201506
160,154,201506
160,195,201506
160,126,201506
160,41,201506
160,108,201506
160,72,201506
160,22,201506
160,101,201506
160,182,201506
160,81,201506
160,47,201506
160,1291,201506
160,318,201506
160,543,201506
160,521,201506
160,1250,201506
160,885,201506
160,266,201506
160,99,201506
160,26,201506
160,135,201506
160,92,201506
160,274,201506
161,20,201506
161,124,201506
161,143,201506
161,101,201506
161,26,201506
161,544,201506
161,4,201506
161,266,201506
161,1227,201506
161,17,201506
161,137,201506
161,25,201506
161,10,201506
163,29,201506
163,38,201506
163,81,201506
163,136,201506
163,32,201506
163,18,201506
163,1227,201506
163,266,201506
163,10,201506
163,375,201506
163,97,201506
163,137,201506
164,84,201506
164,29,201506
164,18,201506
164,1169,201506
164,97,201506
164,17,201506
164,5,201506
164,10,201506
164,1227,201506
164,136,201506
164,51,201506
164,11,201506
164,4,201506
165,96,201506
165,115,201506
165,143,201506
165,385,201506
165,157,201506
165,517,201506
165,530,201506
165,302,201506
165,80,201506
165,146,201506
165,552,201506
165,77,201506
165,17,201506
165,124,201506
165,160,201506
165,72,201506
165,1013,201506
165,24,201506
165,654,201506
165,282,201506
165,1341,201506
165,45,201506
165,16,201506
165,1332,201506
165,149,201506
165,31,201506
165,99,201506
165,93,201506
165,83,201506
165,22,201506
165,444,201506
165,47,201506
165,6,201506
165,54,201506
165,261,201506
165,20,201506
165,133,201506
165,2,201506
165,52,201506
165,137,201506
165,1227,201506
165,18,201506
165,155,201506
165,11,201506
165,26,201506
165,85,201506
165,97,201506
165,393,201506
165,5,201506
165,116,201506
165,1366,201506
165,142,201506
165,60,201506
165,4,201506
165,112,201506
165,14,201506
165,1169,201506
165,0,201506
165,154,201506
165,136,201506
165,28,201506
165,21,201506
165,25,201506
165,1,201506
165,29,201506
165,10,201506
165,92,201506
165,274,201506
166,86,201506
166,136,201506
166,6,201506
166,25,201506
166,20,201506
167,97,201506
167,160,201506
167,2,201506
167,165,201506
167,25,201506
167,393,201506
168,291,201506
168,203,201506
169,34,201506
169,28,201506
169,21,201506
169,11,201506
169,108,201506
169,137,201506
169,53,201506
169,64,201506
169,136,201506
169,17,201506
169,29,201506
169,25,201506
169,97,201506
169,18,201506
170,281,201506
170,29,201506
170,32,201506
170,18,201506
170,99,201506
171,32,201506
171,18,201506
171,29,201506
172,60,201506
172,129,201506
172,173,201506
172,136,201506
172,13,201506
172,64,201506
172,25,201506
172,6,201506
172,19,201506
172,48,201506
172,59,201506
172,46,201506
172,97,201506
172,35,201506
173,129,201506
173,172,201506
173,1129,201506
173,46,201506
173,97,201506
173,35,201506
174,1169,201506
174,29,201506
175,39,201506
175,165,201506
175,27,201506
175,146,201506
175,18,201506
175,322,201506
175,208,201506
175,66,201506
175,178,201506
175,346,201506
175,176,201506
175,339,201506
175,14,201506
175,375,201506
175,1250,201506
175,266,201506
175,29,201506
176,6,201506
176,17,201506
176,26,201506
176,19,201506
176,113,201506
176,64,201506
176,143,201506
176,77,201506
176,387,201506
176,160,201506
176,154,201506
176,205,201506
176,89,201506
176,339,201506
176,327,201506
176,60,201506
176,32,201506
176,29,201506
176,97,201506
176,13,201506
176,393,201506
176,375,201506
176,46,201506
176,266,201506
177,69,201506
177,346,201506
177,1169,201506
177,18,201506
177,17,201506
177,1227,201506
177,20,201506
177,51,201506
177,11,201506
177,10,201506
177,136,201506
177,4,201506
178,64,201506
178,135,201506
178,46,201506
178,25,201506
178,195,201506
178,242,201506
178,815,201506
178,13,201506
178,138,201506
178,131,201506
178,180,201506
178,97,201506
178,80,201506
178,31,201506
178,278,201506
178,27,201506
178,159,201506
178,181,201506
178,224,201506
178,151,201506
178,56,201506
178,45,201506
178,12,201506
178,120,201506
178,143,201506
178,175,201506
178,288,201506
178,100,201506
178,39,201506
178,81,201506
178,342,201506
178,57,201506
178,141,201506
178,32,201506
178,155,201506
178,134,201506
178,0,201506
178,140,201506
178,35,201506
178,63,201506
178,316,201506
178,117,201506
178,38,201506
178,142,201506
178,102,201506
178,158,201506
178,76,201506
178,126,201506
178,16,201506
178,83,201506
178,40,201506
178,463,201506
178,29,201506
178,108,201506
178,139,201506
178,320,201506
178,60,201506
178,48,201506
180,13,201506
180,81,201506
180,136,201506
180,25,201506
180,26,201506
180,19,201506
180,52,201506
180,143,201506
180,126,201506
180,332,201506
180,142,201506
180,14,201506
180,102,201506
180,117,201506
180,31,201506
180,6,201506
180,160,201506
180,766,201506
180,110,201506
180,129,201506
180,124,201506
180,444,201506
180,134,201506
180,140,201506
180,57,201506
180,32,201506
180,1671,201506
180,120,201506
180,119,201506
180,46,201506
180,100,201506
180,38,201506
180,183,201506
180,40,201506
180,5,201506
180,36,201506
180,45,201506
180,178,201506
180,17,201506
180,96,201506
180,83,201506
180,112,201506
180,113,201506
180,97,201506
180,99,201506
180,18,201506
180,4,201506
180,29,201506
180,92,201506
180,360,201506
180,889,201506
180,1,201506
180,64,201506
180,48,201506
180,108,201506
180,10,201506
180,60,201506
180,135,201506
181,32,201506
181,6,201506
181,25,201506
181,17,201506
181,108,201506
181,35,201506
181,546,201506
181,77,201506
181,160,201506
181,429,201506
181,270,201506
181,110,201506
181,99,201506
181,9,201506
181,76,201506
181,20,201506
181,5,201506
181,15,201506
181,97,201506
181,0,201506
181,28,201506
181,14,201506
181,149,201506
181,46,201506
181,48,201506
181,1227,201506
181,11,201506
181,129,201506
181,65,201506
181,31,201506
181,45,201506
181,113,201506
181,139,201506
181,107,201506
181,18,201506
181,146,201506
181,26,201506
181,92,201506
181,178,201506
181,27,201506
181,346,201506
181,274,201506
181,83,201506
181,60,201506
181,136,201506
181,29,201506
181,1,201506
181,64,201506
181,10,201506
181,266,201506
181,154,201506
181,19,201506
181,375,201506
181,137,201506
182,332,201506
182,142,201506
182,338,201506
182,79,201506
182,176,201506
182,26,201506
182,120,201506
182,206,201506
182,1147,201506
182,1194,201506
182,46,201506
182,60,201506
182,19,201506
182,97,201506
182,32,201506
182,266,201506
182,6,201506
182,29,201506
183,17,201506
183,176,201506
183,20,201506
183,143,201506
183,11,201506
183,154,201506
183,147,201506
183,160,201506
183,107,201506
183,22,201506
183,13,201506
183,21,201506
183,12,201506
183,25,201506
183,85,201506
183,99,201506
183,60,201506
183,32,201506
183,77,201506
183,16,201506
183,0,201506
183,6,201506
183,112,201506
183,9,201506
183,2,201506
183,274,201506
183,81,201506
183,10,201506
183,23,201506
183,1169,201506
183,136,201506
183,18,201506
183,133,201506
183,28,201506
183,317,201506
183,135,201506
183,1,201506
183,29,201506
183,69,201506
183,4,201506
183,5,201506
183,51,201506
184,51,201506
184,1169,201506
184,1227,201506
184,10,201506
184,17,201506
184,136,201506
184,11,201506
184,20,201506
184,4,201506
185,110,201506
185,627,201506
185,186,201506
185,232,201506
185,236,201506
185,190,201506
185,201,201506
185,1226,201506
185,555,201506
185,997,201506
185,947,201506
185,657,201506
185,656,201506
185,937,201506
185,922,201506
185,474,201506
185,926,201506
185,1016,201506
185,200,201506
185,697,201506
185,1076,201506
185,698,201506
185,696,201506
185,1701,201506
186,110,201506
186,591,201506
186,620,201506
186,185,201506
186,190,201506
186,630,201506
186,922,201506
186,997,201506
186,474,201506
186,700,201506
186,947,201506
186,561,201506
186,1016,201506
186,232,201506
186,1011,201506
186,556,201506
186,473,201506
186,559,201506
186,558,201506
186,555,201506
186,560,201506
188,160,201506
188,143,201506
188,552,201506
188,165,201506
188,115,201506
188,0,201506
188,157,201506
188,96,201506
188,10,201506
188,25,201506
188,136,201506
188,266,201506
188,97,201506
188,137,201506
189,23,201506
189,112,201506
189,89,201506
189,529,201506
189,133,201506
189,945,201506
189,1,201506
189,51,201506
189,136,201506
189,4,201506
189,17,201506
189,20,201506
190,110,201506
190,235,201506
190,1183,201506
190,920,201506
190,696,201506
190,897,201506
191,110,201506
192,142,201506
192,63,201506
192,6,201506
192,38,201506
192,120,201506
192,205,201506
192,26,201506
192,19,201506
192,12,201506
192,46,201506
192,64,201506
192,97,201506
192,29,201506
193,137,201506
193,29,201506
194,48,201506
194,10,201506
194,20,201506
194,35,201506
194,160,201506
194,6,201506
194,59,201506
194,60,201506
195,6,201506
195,60,201506
195,143,201506
195,31,201506
195,160,201506
195,79,201506
195,16,201506
195,178,201506
195,36,201506
195,32,201506
195,108,201506
195,375,201506
195,48,201506
195,19,201506
196,110,201506
196,794,201506
196,425,201506
196,1277,201506
196,489,201506
196,476,201506
196,551,201506
196,424,201506
196,447,201506
196,634,201506
196,363,201506
196,857,201506
196,367,201506
196,378,201506
196,470,201506
196,231,201506
196,229,201506
196,663,201506
196,471,201506
196,638,201506
196,547,201506
196,1112,201506
196,377,201506
196,882,201506
196,364,201506
196,1035,201506
196,365,201506
196,451,201506
196,448,201506
196,478,201506
196,366,201506
196,402,201506
196,525,201506
196,252,201506
196,230,201506
196,469,201506
196,232,201506
196,465,201506
196,236,201506
196,589,201506
196,594,201506
196,627,201506
196,599,201506
196,600,201506
196,475,201506
196,506,201506
196,351,201506
196,477,201506
196,472,201506
196,640,201506
196,605,201506
196,886,201506
196,625,201506
196,225,201506
196,586,201506
196,678,201506
196,595,201506
196,578,201506
196,852,201506
196,667,201506
196,504,201506
196,418,201506
196,556,201506
196,1650,201506
196,528,201506
196,626,201506
196,681,201506
196,400,201506
196,1252,201506
196,1030,201506
196,409,201506
196,538,201506
196,705,201506
196,596,201506
196,526,201506
196,1134,201506
196,479,201506
196,412,201506
196,127,201506
196,427,201506
196,109,201506
196,29,201506
196,4,201506
196,18,201506
197,545,201506
197,142,201506
197,1208,201506
197,77,201506
197,160,201506
197,131,201506
197,188,201506
197,1,201506
197,0,201506
197,1410,201506
197,31,201506
197,136,201506
197,13,201506
197,113,201506
197,28,201506
197,18,201506
197,133,201506
197,346,201506
197,108,201506
197,29,201506
197,60,201506
197,10,201506
197,14,201506
197,97,201506
198,32,201506
198,137,201506
198,97,201506
198,29,201506
198,46,201506
200,947,201506
200,657,201506
200,185,201506
201,110,201506
201,190,201506
203,87,201506
203,291,201506
203,168,201506
204,115,201506
204,333,201506
204,137,201506
205,192,201506
205,63,201506
205,40,201506
205,208,201506
205,342,201506
205,76,201506
205,97,201506
205,32,201506
205,19,201506
205,64,201506
205,29,201506
206,117,201506
206,375,201506
206,19,201506
206,266,201506
206,29,201506
206,32,201506
207,45,201506
207,1044,201506
208,283,201506
208,39,201506
208,1441,201506
208,135,201506
208,500,201506
208,205,201506
208,739,201506
208,338,201506
208,1994,201506
208,175,201506
208,1938,201506
208,157,201506
208,320,201506
208,995,201506
208,313,201506
208,12,201506
208,1045,201506
208,1895,201506
208,1413,201506
208,896,201506
208,1417,201506
208,349,201506
208,1903,201506
208,297,201506
208,1900,201506
208,134,201506
208,32,201506
208,99,201506
208,46,201506
208,19,201506
208,29,201506
208,108,201506
208,139,201506
208,48,201506
208,36,201506
208,97,201506
208,60,201506
209,1,201506
210,1345,201506
210,1368,201506
210,690,201506
210,941,201506
210,750,201506
210,998,201506
211,23,201506
211,1227,201506
211,20,201506
211,136,201506
211,25,201506
211,1,201506
212,89,201506
212,1758,201506
213,150,201506
213,107,201506
213,18,201506
213,29,201506
213,51,201506
213,222,201506
213,20,201506
213,17,201506
213,1,201506
213,11,201506
213,136,201506
213,4,201506
213,137,201506
214,33,201506
214,51,201506
214,23,201506
214,17,201506
214,11,201506
214,136,201506
214,20,201506
214,4,201506
215,184,201506
215,51,201506
215,214,201506
216,25,201506
216,137,201506
216,97,201506
217,59,201506
217,60,201506
220,115,201506
220,346,201506
220,137,201506
221,13,201506
221,136,201506
221,12,201506
221,51,201506
221,147,201506
221,1169,201506
222,748,201506
222,747,201506
222,1070,201506
222,4,201506
222,213,201506
222,346,201506
222,89,201506
222,10,201506
222,28,201506
222,51,201506
222,1227,201506
222,17,201506
222,5,201506
223,84,201506
223,17,201506
223,18,201506
223,97,201506
223,29,201506
223,51,201506
223,5,201506
223,10,201506
223,11,201506
223,136,201506
223,4,201506
224,160,201506
224,101,201506
224,178,201506
224,137,201506
224,99,201506
224,29,201506
224,32,201506
224,266,201506
224,375,201506
224,46,201506
224,97,201506
225,110,201506
225,470,201506
225,226,201506
225,712,201506
225,472,201506
225,586,201506
225,236,201506
225,475,201506
225,471,201506
225,196,201506
225,378,201506
226,110,201506
226,231,201506
226,229,201506
226,232,201506
226,196,201506
226,572,201506
226,465,201506
226,587,201506
226,589,201506
226,590,201506
226,527,201506
226,660,201506
226,351,201506
226,352,201506
226,532,201506
226,573,201506
226,604,201506
226,606,201506
226,586,201506
226,574,201506
226,594,201506
226,252,201506
226,470,201506
227,11,201506
227,268,201506
228,11,201506
229,1212,201506
229,637,201506
229,669,201506
229,196,201506
229,1112,201506
229,110,201506
229,596,201506
229,824,201506
229,636,201506
229,640,201506
229,663,201506
229,594,201506
229,230,201506
229,474,201506
230,110,201506
230,229,201506
230,596,201506
230,634,201506
230,635,201506
230,594,201506
230,636,201506
230,600,201506
230,638,201506
230,639,201506
230,640,201506
230,641,201506
230,252,201506
230,465,201506
230,599,201506
230,231,201506
230,196,201506
230,232,201506
230,663,201506
230,258,201506
230,644,201506
230,642,201506
230,605,201506
230,236,201506
230,695,201506
230,712,201506
231,110,201506
231,232,201506
231,465,201506
231,527,201506
231,575,201506
231,643,201506
231,576,201506
231,230,201506
231,196,201506
231,603,201506
231,351,201506
231,695,201506
231,638,201506
231,644,201506
231,586,201506
231,640,201506
231,236,201506
231,229,201506
231,319,201506
232,185,201506
232,110,201506
232,645,201506
232,231,201506
232,230,201506
232,190,201506
232,201,201506
232,639,201506
232,236,201506
232,196,201506
232,627,201506
232,573,201506
232,886,201506
232,252,201506
232,273,201506
232,319,201506
232,597,201506
232,255,201506
232,465,201506
232,591,201506
232,599,201506
232,256,201506
232,253,201506
232,600,201506
232,527,201506
232,601,201506
232,602,201506
232,263,201506
232,257,201506
232,239,201506
232,603,201506
232,575,201506
232,661,201506
232,658,201506
232,659,201506
232,664,201506
232,258,201506
232,643,201506
232,700,201506
232,644,201506
232,254,201506
232,670,201506
232,560,201506
232,605,201506
232,259,201506
232,260,201506
232,624,201506
232,715,201506
232,596,201506
232,634,201506
232,635,201506
232,594,201506
232,636,201506
232,638,201506
232,640,201506
232,641,201506
232,576,201506
232,1019,201506
232,947,201506
232,558,201506
232,571,201506
232,229,201506
232,1016,201506
232,561,201506
232,186,201506
232,351,201506
232,598,201506
233,18,201506
233,62,201506
233,346,201506
233,99,201506
233,29,201506
234,43,201506
234,122,201506
234,762,201506
234,132,201506
234,738,201506
234,124,201506
234,160,201506
234,123,201506
234,131,201506
234,266,201506
234,1227,201506
234,10,201506
234,18,201506
235,110,201506
235,190,201506
235,290,201506
235,1382,201506
235,1056,201506
235,867,201506
236,110,201506
236,627,201506
236,351,201506
236,586,201506
236,525,201506
236,232,201506
236,424,201506
236,305,201506
236,186,201506
236,196,201506
236,231,201506
236,257,201506
236,603,201506
236,18,201506
236,661,201506
236,664,201506
236,425,201506
236,886,201506
236,474,201506
236,470,201506
236,230,201506
236,229,201506
236,377,201506
237,26,201506
237,97,201506
237,6,201506
237,46,201506
237,36,201506
237,1250,201506
237,48,201506
237,266,201506
237,375,201506
237,29,201506
238,1169,201506
238,11,201506
239,602,201506
239,559,201506
239,258,201506
239,259,201506
239,664,201506
239,232,201506
241,146,201506
242,178,201506
242,32,201506
242,18,201506
242,29,201506
243,97,201506
243,13,201506
243,16,201506
243,10,201506
243,89,201506
243,7,201506
243,40,201506
243,29,201506
243,5,201506
243,112,201506
243,17,201506
243,28,201506
243,4,201506
243,1,201506
243,20,201506
244,159,201506
244,346,201506
244,1169,201506
244,137,201506
245,110,201506
245,1045,201506
245,87,201506
247,59,201506
247,110,201506
247,69,201506
247,23,201506
247,51,201506
247,138,201506
247,143,201506
247,11,201506
247,146,201506
247,133,201506
247,17,201506
247,5,201506
247,108,201506
247,20,201506
247,393,201506
247,211,201506
247,748,201506
247,1227,201506
247,747,201506
248,11,201506
250,97,201506
250,137,201506
250,46,201506
251,154,201506
251,29,201506
252,254,201506
252,475,201506
252,659,201506
252,232,201506
252,253,201506
253,232,201506
253,254,201506
253,252,201506
254,253,201506
254,465,201506
254,232,201506
255,232,201506
255,257,201506
255,259,201506
255,260,201506
256,232,201506
256,664,201506
256,597,201506
256,263,201506
256,260,201506
256,700,201506
256,601,201506
257,232,201506
257,700,201506
257,186,201506
257,560,201506
257,255,201506
257,260,201506
258,260,201506
258,232,201506
258,259,201506
258,664,201506
258,641,201506
258,263,201506
258,239,201506
259,258,201506
259,232,201506
259,659,201506
259,255,201506
260,263,201506
260,257,201506
260,258,201506
260,664,201506
260,232,201506
260,597,201506
260,255,201506
260,256,201506
260,601,201506
261,5,201506
261,189,201506
261,22,201506
261,346,201506
261,10,201506
261,1,201506
261,28,201506
261,20,201506
261,17,201506
263,232,201506
263,597,201506
263,256,201506
263,700,201506
263,257,201506
263,260,201506
263,601,201506
265,18,201506
265,346,201506
265,97,201506
265,17,201506
265,10,201506
265,266,201506
265,137,201506
265,136,201506
265,29,201506
265,1227,201506
265,11,201506
266,1194,201506
266,35,201506
266,27,201506
266,339,201506
266,146,201506
266,281,201506
266,722,201506
266,294,201506
266,375,201506
266,161,201506
266,815,201506
266,85,201506
266,15,201506
266,888,201506
266,174,201506
266,710,201506
266,151,201506
266,140,201506
266,138,201506
266,234,201506
266,320,201506
266,101,201506
266,61,201506
266,1020,201506
266,55,201506
266,0,201506
266,76,201506
266,160,201506
266,182,201506
266,267,201506
266,83,201506
266,265,201506
266,159,201506
266,188,201506
266,122,201506
266,57,201506
266,163,201506
266,175,201506
266,141,201506
266,43,201506
266,434,201506
266,224,201506
266,206,201506
266,269,201506
266,9,201506
266,124,201506
266,544,201506
266,132,201506
266,181,201506
266,72,201506
266,114,201506
266,62,201506
266,66,201506
266,77,201506
266,104,201506
266,176,201506
266,237,201506
266,95,201506
266,65,201506
266,79,201506
267,154,201506
267,346,201506
267,137,201506
267,1250,201506
267,266,201506
267,29,201506
268,133,201506
268,11,201506
268,227,201506
268,136,201506
268,20,201506
268,17,201506
268,4,201506
269,160,201506
269,131,201506
269,16,201506
269,32,201506
269,18,201506
269,375,201506
269,266,201506
269,137,201506
269,29,201506
269,97,201506
270,181,201506
270,131,201506
270,26,201506
270,32,201506
270,29,201506
270,97,201506
270,18,201506
271,16,201506
271,72,201506
271,14,201506
271,29,201506
273,576,201506
273,232,201506
274,29,201506
274,142,201506
274,197,201506
274,75,201506
274,69,201506
274,24,201506
274,521,201506
274,102,201506
274,57,201506
274,134,201506
274,12,201506
274,40,201506
274,32,201506
274,143,201506
274,129,201506
274,38,201506
274,92,201506
274,155,201506
274,97,201506
274,17,201506
274,27,201506
274,6,201506
274,119,201506
274,121,201506
274,100,201506
274,1065,201506
274,133,201506
274,46,201506
274,36,201506
274,23,201506
274,16,201506
274,107,201506
274,19,201506
274,1291,201506
274,13,201506
274,18,201506
274,45,201506
274,83,201506
274,47,201506
274,93,201506
274,54,201506
274,81,201506
274,20,201506
274,34,201506
274,112,201506
274,51,201506
274,21,201506
274,77,201506
274,1366,201506
274,4,201506
274,85,201506
274,80,201506
274,99,201506
274,113,201506
274,5,201506
274,160,201506
274,9,201506
274,124,201506
274,72,201506
274,108,201506
274,28,201506
274,149,201506
274,116,201506
274,31,201506
274,26,201506
274,48,201506
274,115,201506
274,14,201506
274,165,201506
274,96,201506
274,60,201506
274,10,201506
274,1,201506
274,136,201506
274,154,201506
274,135,201506
274,0,201506
274,2,201506
275,154,201506
276,814,201506
276,54,201506
276,29,201506
276,32,201506
277,19,201506
278,76,201506
278,94,201506
278,176,201506
278,341,201506
278,178,201506
278,99,201506
278,46,201506
278,19,201506
278,26,201506
278,97,201506
281,4,201506
281,5,201506
281,29,201506
281,138,201506
281,143,201506
281,327,201506
281,6,201506
281,77,201506
281,160,201506
281,374,201506
281,266,201506
281,78,201506
281,1250,201506
281,48,201506
281,375,201506
281,320,201506
282,401,201506
282,1013,201506
282,391,201506
282,46,201506
282,34,201506
282,157,201506
282,65,201506
282,450,201506
282,2,201506
282,175,201506
282,75,201506
282,27,201506
282,815,201506
282,384,201506
282,143,201506
282,72,201506
282,1194,201506
283,208,201506
283,13,201506
284,129,201506
285,1254,201506
285,139,201506
285,48,201506
285,108,201506
285,60,201506
285,97,201506
285,18,201506
285,46,201506
285,29,201506
285,32,201506
285,83,201506
286,25,201506
287,46,201506
287,97,201506
288,1147,201506
288,178,201506
289,114,201506
289,134,201506
289,13,201506
290,110,201506
291,87,201506
291,168,201506
291,203,201506
292,18,201506
292,346,201506
292,29,201506
293,1900,201506
293,297,201506
294,27,201506
294,266,201506
295,51,201506
296,154,201506
296,29,201506
297,313,201506
297,102,201506
297,59,201506
297,1442,201506
297,293,201506
297,1193,201506
297,463,201506
297,1414,201506
297,444,201506
297,1130,201506
297,1699,201506
297,349,201506
297,739,201506
297,208,201506
297,13,201506
297,99,201506
297,1674,201506
298,432,201506
298,29,201506
299,96,201506
299,130,201506
299,777,201506
299,492,201506
299,1,201506
299,136,201506
300,4,201506
301,317,201506
301,4,201506
302,157,201506
303,133,201506
303,9,201506
303,27,201506
303,17,201506
303,137,201506
303,25,201506
303,29,201506
303,136,201506
305,110,201506
305,109,201506
305,4,201506
305,627,201506
305,633,201506
306,110,201506
306,109,201506
306,128,201506
306,427,201506
306,4,201506
307,136,201506
307,25,201506
309,65,201506
309,98,201506
309,137,201506
309,97,201506
311,69,201506
311,50,201506
311,4,201506
313,297,201506
313,1193,201506
313,208,201506
313,349,201506
313,13,201506
313,59,201506
314,29,201506
314,137,201506
316,1410,201506
316,178,201506
316,29,201506
316,48,201506
316,10,201506
316,60,201506
316,320,201506
317,69,201506
317,301,201506
317,1169,201506
317,183,201506
317,4,201506
317,11,201506
318,1471,201506
318,160,201506
319,351,201506
319,232,201506
319,576,201506
319,527,201506
319,231,201506
319,465,201506
320,39,201506
320,40,201506
320,5,201506
320,16,201506
320,10,201506
320,6,201506
320,46,201506
320,99,201506
320,126,201506
320,32,201506
320,13,201506
320,19,201506
320,29,201506
320,26,201506
320,815,201506
320,75,201506
320,722,201506
320,77,201506
320,266,201506
320,62,201506
320,63,201506
320,65,201506
320,79,201506
320,146,201506
320,434,201506
320,137,201506
320,97,201506
320,95,201506
320,151,201506
320,281,201506
320,178,201506
320,316,201506
320,48,201506
320,14,201506
322,35,201506
322,4,201506
322,46,201506
322,1194,201506
323,89,201506
323,770,201506
323,1267,201506
323,7,201506
323,8,201506
326,224,201506
326,137,201506
327,165,201506
327,863,201506
327,146,201506
327,35,201506
327,27,201506
327,1227,201506
327,2,201506
327,29,201506
327,176,201506
327,167,201506
327,393,201506
327,137,201506
327,384,201506
327,6,201506
327,10,201506
327,25,201506
330,147,201506
330,29,201506
330,11,201506
330,136,201506
332,180,201506
332,64,201506
332,120,201506
332,117,201506
332,32,201506
332,6,201506
332,19,201506
333,137,201506
333,346,201506
333,1169,201506
334,48,201506
334,60,201506
335,25,201506
335,58,201506
335,137,201506
336,401,201506
336,25,201506
336,156,201506
336,33,201506
336,137,201506
338,188,201506
338,180,201506
338,332,201506
338,155,201506
338,117,201506
338,208,201506
338,64,201506
338,6,201506
338,32,201506
338,19,201506
339,137,201506
339,2,201506
339,143,201506
339,385,201506
339,165,201506
339,58,201506
339,27,201506
339,282,201506
339,552,201506
339,39,201506
339,77,201506
339,453,201506
339,146,201506
339,354,201506
339,121,201506
339,393,201506
339,266,201506
339,10,201506
339,25,201506
340,137,201506
340,85,201506
341,140,201506
341,44,201506
341,342,201506
341,138,201506
341,278,201506
341,120,201506
341,124,201506
341,48,201506
341,76,201506
341,54,201506
341,92,201506
341,82,201506
341,64,201506
341,32,201506
341,139,201506
341,94,201506
341,158,201506
341,544,201506
341,159,201506
341,66,201506
341,100,201506
341,77,201506
341,9,201506
341,75,201506
341,16,201506
341,18,201506
341,83,201506
341,36,201506
341,97,201506
341,135,201506
341,106,201506
341,137,201506
341,375,201506
341,46,201506
341,25,201506
342,76,201506
342,117,201506
342,126,201506
342,39,201506
342,6,201506
342,341,201506
342,287,201506
342,178,201506
342,64,201506
342,46,201506
342,97,201506
344,137,201506
345,17,201506
346,147,201506
346,62,201506
346,244,201506
346,123,201506
346,188,201506
346,34,201506
346,112,201506
346,23,201506
346,53,201506
346,483,201506
346,969,201506
346,588,201506
346,133,201506
346,65,201506
346,177,201506
346,44,201506
346,72,201506
346,122,201506
346,69,201506
346,1227,201506
346,4,201506
346,261,201506
346,18,201506
346,12,201506
346,220,201506
346,175,201506
346,157,201506
346,160,201506
346,80,201506
346,93,201506
346,333,201506
346,115,201506
346,154,201506
346,101,201506
346,267,201506
346,181,201506
346,135,201506
346,132,201506
346,142,201506
346,863,201506
346,292,201506
346,54,201506
346,32,201506
346,40,201506
346,77,201506
346,25,201506
346,137,201506
346,121,201506
346,111,201506
346,423,201506
346,443,201506
346,15,201506
346,136,201506
346,197,201506
346,150,201506
346,27,201506
346,148,201506
346,407,201506
346,233,201506
346,70,201506
346,408,201506
346,422,201506
346,410,201506
346,265,201506
346,74,201506
346,2,201506
346,222,201506
346,10,201506
348,23,201506
349,102,201506
349,297,201506
349,1441,201506
349,1130,201506
349,208,201506
349,739,201506
349,313,201506
349,444,201506
349,26,201506
349,1674,201506
349,13,201506
349,99,201506
349,59,201506
351,110,201506
351,794,201506
351,196,201506
351,352,201506
351,425,201506
351,424,201506
351,465,201506
351,470,201506
351,636,201506
351,471,201506
351,574,201506
351,226,201506
351,565,201506
351,564,201506
351,572,201506
351,587,201506
351,589,201506
351,590,201506
351,527,201506
351,231,201506
351,660,201506
351,679,201506
351,573,201506
351,604,201506
351,554,201506
351,607,201506
351,606,201506
351,586,201506
351,661,201506
351,640,201506
351,886,201506
351,319,201506
351,1702,201506
351,532,201506
351,599,201506
351,670,201506
351,647,201506
351,760,201506
351,983,201506
351,232,201506
352,110,201506
352,794,201506
352,351,201506
352,425,201506
352,196,201506
352,229,201506
352,532,201506
352,625,201506
352,565,201506
352,838,201506
352,564,201506
352,484,201506
352,623,201506
352,678,201506
352,621,201506
352,477,201506
352,626,201506
352,226,201506
352,579,201506
352,622,201506
352,424,201506
352,506,201506
352,679,201506
352,693,201506
352,694,201506
354,27,201506
354,75,201506
355,99,201506
355,137,201506
355,97,201506
355,25,201506
355,46,201506
357,1075,201506
357,1129,201506
358,136,201506
359,136,201506
360,180,201506
361,166,201506
361,136,201506
362,29,201506
362,19,201506
362,32,201506
363,196,201506
363,366,201506
364,196,201506
364,551,201506
364,366,201506
365,366,201506
365,196,201506
366,478,201506
366,402,201506
366,365,201506
366,551,201506
366,364,201506
366,363,201506
366,196,201506
367,196,201506
368,490,201506
368,27,201506
369,40,201506
369,64,201506
370,60,201506
371,136,201506
371,25,201506
371,137,201506
371,17,201506
372,147,201506
372,1169,201506
372,136,201506
373,374,201506
373,722,201506
373,64,201506
374,373,201506
374,730,201506
374,64,201506
375,83,201506
375,143,201506
375,1194,201506
375,40,201506
375,64,201506
375,17,201506
375,145,201506
375,119,201506
375,124,201506
375,266,201506
375,61,201506
375,14,201506
375,195,201506
375,206,201506
375,72,201506
375,15,201506
375,269,201506
375,176,201506
375,1020,201506
375,120,201506
375,141,201506
375,175,201506
375,434,201506
375,281,201506
375,815,201506
375,12,201506
375,710,201506
375,138,201506
375,126,201506
375,140,201506
375,76,201506
375,163,201506
375,114,201506
375,224,201506
375,75,201506
375,151,201506
375,66,201506
375,62,201506
375,57,201506
375,159,201506
375,79,201506
375,104,201506
375,132,201506
375,146,201506
375,65,201506
375,181,201506
375,77,201506
375,101,201506
375,95,201506
375,237,201506
377,378,201506
377,196,201506
378,412,201506
378,377,201506
378,475,201506
378,236,201506
378,196,201506
378,225,201506
379,420,201506
379,29,201506
381,142,201506
381,40,201506
383,667,201506
384,453,201506
384,143,201506
384,393,201506
385,175,201506
385,282,201506
385,2,201506
385,124,201506
385,453,201506
386,1227,201506
387,176,201506
387,19,201506
388,137,201506
390,149,201506
390,39,201506
390,137,201506
390,25,201506
391,339,201506
391,654,201506
391,57,201506
391,143,201506
393,2,201506
393,35,201506
393,6,201506
393,327,201506
393,165,201506
393,137,201506
393,25,201506
393,97,201506
394,154,201506
399,35,201506
399,139,201506
400,365,201506
400,196,201506
401,85,201506
401,45,201506
401,336,201506
401,5,201506
401,9,201506
401,863,201506
402,366,201506
402,196,201506
407,61,201506
407,18,201506
407,346,201506
408,1227,201506
409,196,201506
410,18,201506
410,413,201506
412,378,201506
412,196,201506
413,410,201506
413,18,201506
415,61,201506
415,804,201506
415,18,201506
415,136,201506
416,18,201506
419,170,201506
419,354,201506
420,143,201506
420,29,201506
422,440,201506
422,54,201506
422,430,201506
422,18,201506
422,346,201506
422,29,201506
423,426,201506
423,18,201506
423,346,201506
424,425,201506
424,351,201506
424,110,201506
424,448,201506
424,478,201506
424,196,201506
424,623,201506
424,352,201506
424,535,201506
424,622,201506
424,477,201506
424,532,201506
424,876,201506
424,469,201506
424,479,201506
424,506,201506
424,476,201506
425,1365,201506
425,476,201506
425,424,201506
425,794,201506
425,196,201506
425,1134,201506
425,110,201506
425,538,201506
425,448,201506
425,478,201506
425,236,201506
425,469,201506
425,477,201506
425,535,201506
425,970,201506
425,506,201506
426,423,201506
426,18,201506
427,110,201506
427,109,201506
427,306,201506
427,128,201506
427,4,201506
427,127,201506
427,616,201506
427,610,201506
427,618,201506
427,1326,201506
427,613,201506
427,680,201506
428,170,201506
429,546,201506
429,181,201506
429,208,201506
429,1180,201506
429,32,201506
430,54,201506
430,18,201506
432,298,201506
432,154,201506
433,146,201506
434,143,201506
434,444,201506
434,463,201506
434,48,201506
434,375,201506
434,266,201506
434,1250,201506
434,320,201506
435,160,201506
435,97,201506
436,234,201506
436,160,201506
436,18,201506
440,814,201506
440,54,201506
440,276,201506
440,32,201506
443,18,201506
443,346,201506
443,29,201506
444,739,201506
444,1130,201506
444,1904,201506
444,1895,201506
444,500,201506
444,98,201506
444,180,201506
444,64,201506
444,1948,201506
444,1903,201506
444,1766,201506
444,1441,201506
444,2060,201506
444,1900,201506
444,133,201506
444,313,201506
444,349,201506
444,297,201506
445,46,201506
447,196,201506
447,448,201506
448,196,201506
448,479,201506
448,469,201506
448,506,201506
448,424,201506
448,532,201506
449,40,201506
450,327,201506
451,479,201506
452,97,201506
453,533,201506
453,339,201506
453,1180,201506
453,58,201506
453,77,201506
453,160,201506
453,904,201506
453,157,201506
455,160,201506
455,0,201506
455,156,201506
455,143,201506
455,97,201506
458,46,201506
460,282,201506
463,2080,201506
463,117,201506
463,120,201506
463,434,201506
463,178,201506
465,110,201506
465,196,201506
465,225,201506
465,319,201506
465,527,201506
465,576,201506
465,596,201506
465,602,201506
465,232,201506
465,351,201506
465,640,201506
465,643,201506
465,575,201506
465,586,201506
465,231,201506
466,29,201506
469,425,201506
469,506,201506
469,448,201506
469,477,201506
469,532,201506
469,476,201506
469,424,201506
470,475,201506
470,471,201506
470,226,201506
470,196,201506
470,236,201506
470,225,201506
471,596,201506
471,470,201506
471,196,201506
471,225,201506
471,475,201506
471,695,201506
472,470,201506
472,596,201506
472,225,201506
472,196,201506
473,186,201506
474,110,201506
474,665,201506
474,651,201506
474,186,201506
474,236,201506
474,650,201506
474,1016,201506
474,556,201506
474,559,201506
474,1019,201506
474,627,201506
474,473,201506
474,1769,201506
474,630,201506
474,229,201506
474,997,201506
474,185,201506
475,596,201506
475,196,201506
475,470,201506
475,225,201506
476,469,201506
476,110,201506
476,196,201506
476,532,201506
476,424,201506
477,110,201506
477,351,201506
477,469,201506
477,532,201506
477,424,201506
478,196,201506
478,625,201506
478,476,201506
478,110,201506
478,469,201506
478,424,201506
478,506,201506
478,477,201506
478,366,201506
478,425,201506
479,448,201506
479,451,201506
479,424,201506
479,196,201506
480,372,201506
480,136,201506
483,85,201506
483,740,201506
483,137,201506
483,346,201506
484,352,201506
484,625,201506
484,565,201506
484,621,201506
484,694,201506
485,27,201506
485,453,201506
485,282,201506
489,196,201506
489,412,201506
490,34,201506
490,133,201506
490,27,201506
491,165,201506
492,299,201506
492,136,201506
493,28,201506
493,133,201506
495,282,201506
495,137,201506
495,371,201506
495,25,201506
495,97,201506
500,165,201506
500,208,201506
500,1413,201506
501,39,201506
501,132,201506
501,23,201506
501,107,201506
501,143,201506
501,133,201506
502,728,201506
502,12,201506
502,136,201506
503,154,201506
503,160,201506
504,196,201506
506,469,201506
506,532,201506
506,448,201506
506,110,201506
506,425,201506
506,424,201506
508,59,201506
508,13,201506
510,1227,201506
510,98,201506
510,97,201506
512,80,201506
512,160,201506
515,113,201506
515,5,201506
517,46,201506
517,39,201506
519,23,201506
521,1291,201506
521,160,201506
522,154,201506
523,549,201506
523,64,201506
525,627,201506
525,110,201506
525,584,201506
525,625,201506
525,230,201506
525,305,201506
525,236,201506
525,196,201506
525,425,201506
525,961,201506
525,839,201506
525,683,201506
525,726,201506
525,851,201506
525,1019,201506
525,185,201506
525,583,201506
525,585,201506
525,847,201506
525,716,201506
525,1089,201506
525,962,201506
525,582,201506
525,725,201506
525,1030,201506
525,1380,201506
525,1225,201506
525,932,201506
525,1087,201506
526,196,201506
526,110,201506
527,232,201506
527,643,201506
527,576,201506
527,231,201506
527,575,201506
527,604,201506
527,319,201506
527,226,201506
527,465,201506
527,586,201506
528,196,201506
529,40,201506
529,189,201506
530,391,201506
530,39,201506
530,339,201506
531,302,201506
532,352,201506
532,424,201506
532,693,201506
532,110,201506
532,477,201506
532,622,201506
532,623,201506
533,31,201506
534,133,201506
534,1169,201506
537,136,201506
540,871,201506
540,137,201506
543,160,201506
543,31,201506
544,303,201506
544,18,201506
544,11,201506
544,146,201506
544,26,201506
544,59,201506
544,41,201506
544,97,201506
544,136,201506
544,29,201506
544,25,201506
544,6,201506
544,137,201506
544,17,201506
544,10,201506
544,266,201506
544,46,201506
545,197,201506
545,32,201506
546,181,201506
546,32,201506
547,196,201506
548,10,201506
548,781,201506
548,11,201506
549,523,201506
549,64,201506
551,196,201506
551,1277,201506
551,366,201506
551,364,201506
552,207,201506
552,115,201506
552,149,201506
552,72,201506
552,85,201506
552,133,201506
552,136,201506
552,165,201506
552,25,201506
552,34,201506
552,17,201506
552,121,201506
552,0,201506
552,5,201506
552,23,201506
552,29,201506
552,51,201506
552,204,201506
552,2,201506
552,4,201506
552,188,201506
552,483,201506
552,1194,201506
552,77,201506
554,110,201506
554,351,201506
554,587,201506
555,185,201506
555,186,201506
556,559,201506
556,997,201506
556,186,201506
558,186,201506
559,239,201506
559,473,201506
559,186,201506
560,110,201506
560,474,201506
560,257,201506
560,558,201506
560,664,201506
560,255,201506
560,232,201506
560,186,201506
561,186,201506
561,257,201506
562,563,201506
563,614,201506
563,611,201506
563,734,201506
563,612,201506
563,674,201506
563,569,201506
563,618,201506
563,616,201506
563,568,201506
563,1538,201506
563,566,201506
563,562,201506
563,567,201506
563,570,201506
563,617,201506
563,1974,201506
563,610,201506
563,680,201506
563,1150,201506
563,1326,201506
563,616,201506
563,612,201506
563,1150,201506
563,680,201506
563,614,201506
563,610,201506
564,352,201506
564,565,201506
565,352,201506
565,554,201506
565,579,201506
565,625,201506
565,564,201506
565,694,201506
566,563,201506
567,563,201506
568,563,201506
569,563,201506
570,563,201506
571,232,201506
572,679,201506
572,110,201506
572,573,201506
572,590,201506
572,589,201506
572,351,201506
572,226,201506
573,590,201506
573,572,201506
573,589,201506
573,351,201506
573,226,201506
574,110,201506
574,573,201506
574,589,201506
574,226,201506
574,351,201506
575,232,201506
575,231,201506
575,527,201506
575,643,201506
575,576,201506
575,230,201506
575,603,201506
575,600,201506
575,465,201506
575,639,201506
575,319,201506
575,599,201506
575,644,201506
576,319,201506
576,232,201506
576,465,201506
576,604,201506
576,231,201506
578,196,201506
579,352,201506
579,621,201506
579,622,201506
579,565,201506
579,626,201506
579,678,201506
579,694,201506
579,625,201506
582,525,201506
583,525,201506
584,525,201506
586,351,201506
586,226,201506
586,574,201506
586,110,201506
586,196,201506
586,589,201506
586,465,201506
586,527,201506
587,351,201506
587,110,201506
587,554,201506
588,34,201506
588,269,201506
588,346,201506
588,137,201506
589,679,201506
589,110,201506
589,590,201506
589,574,201506
589,572,201506
589,573,201506
589,226,201506
589,351,201506
590,110,201506
590,351,201506
590,573,201506
590,589,201506
590,572,201506
590,226,201506
591,232,201506
591,255,201506
591,700,201506
591,257,201506
592,109,201506
592,676,201506
592,677,201506
592,593,201506
592,110,201506
593,109,201506
593,592,201506
593,864,201506
594,230,201506
594,110,201506
594,232,201506
594,596,201506
594,636,201506
594,603,201506
594,640,201506
594,695,201506
595,196,201506
596,110,201506
596,658,201506
596,229,201506
596,472,201506
596,594,201506
596,636,201506
596,465,201506
596,471,201506
596,230,201506
596,640,201506
596,196,201506
596,663,201506
597,232,201506
597,263,201506
597,1019,201506
597,260,201506
597,664,201506
597,256,201506
597,601,201506
597,186,201506
597,670,201506
597,658,201506
598,232,201506
599,351,201506
599,232,201506
599,575,201506
599,605,201506
599,700,201506
599,644,201506
599,229,201506
600,110,201506
600,232,201506
600,643,201506
600,639,201506
600,603,201506
600,230,201506
601,232,201506
601,602,201506
601,658,201506
601,670,201506
601,664,201506
601,659,201506
601,700,201506
601,624,201506
601,597,201506
601,256,201506
601,260,201506
601,263,201506
601,1019,201506
602,600,201506
602,597,201506
602,658,201506
602,232,201506
602,239,201506
602,259,201506
602,624,201506
603,639,201506
603,232,201506
603,643,201506
603,231,201506
603,600,201506
604,465,201506
604,110,201506
604,351,201506
604,226,201506
604,527,201506
605,232,201506
605,644,201506
605,465,201506
605,601,201506
605,639,201506
605,700,201506
605,599,201506
606,351,201506
606,660,201506
606,607,201506
606,679,201506
607,660,201506
607,679,201506
607,606,201506
607,351,201506
610,563,201506
610,427,201506
611,563,201506
612,563,201506
613,427,201506
614,427,201506
614,563,201506
614,610,201506
616,614,201506
616,427,201506
616,563,201506
617,563,201506
618,427,201506
618,563,201506
620,186,201506
621,352,201506
621,484,201506
621,626,201506
621,579,201506
621,625,201506
621,623,201506
621,695,201506
621,694,201506
622,352,201506
622,623,201506
622,532,201506
622,694,201506
623,352,201506
623,622,201506
623,694,201506
623,532,201506
624,232,201506
624,664,201506
624,670,201506
624,659,201506
624,658,201506
624,1019,201506
624,601,201506
624,700,201506
625,352,201506
625,579,201506
625,678,201506
625,626,201506
625,484,201506
625,621,201506
625,694,201506
626,352,201506
626,678,201506
626,694,201506
626,625,201506
626,579,201506
626,196,201506
627,110,201506
627,236,201506
627,1323,201506
627,525,201506
627,185,201506
627,232,201506
627,424,201506
627,190,201506
627,305,201506
627,186,201506
627,235,201506
627,196,201506
627,599,201506
627,231,201506
627,897,201506
627,351,201506
627,425,201506
627,573,201506
627,670,201506
627,226,201506
627,886,201506
627,1019,201506
627,1312,201506
627,646,201506
627,1163,201506
627,648,201506
627,649,201506
628,629,201506
628,1539,201506
628,109,201506
629,628,201506
629,109,201506
630,229,201506
630,185,201506
630,186,201506
630,650,201506
630,110,201506
630,474,201506
632,647,201506
633,110,201506
633,305,201506
633,4,201506
633,109,201506
634,230,201506
634,232,201506
635,230,201506
635,232,201506
636,230,201506
636,110,201506
636,232,201506
636,594,201506
636,231,201506
636,229,201506
636,640,201506
636,236,201506
638,110,201506
638,230,201506
639,196,201506
639,230,201506
639,232,201506
639,110,201506
639,636,201506
639,575,201506
639,603,201506
639,605,201506
639,600,201506
640,226,201506
640,110,201506
640,636,201506
640,229,201506
640,230,201506
640,196,201506
640,596,201506
641,230,201506
641,110,201506
641,232,201506
642,230,201506
643,232,201506
643,527,201506
643,576,201506
643,639,201506
643,600,201506
643,575,201506
643,603,201506
643,231,201506
644,232,201506
644,599,201506
644,229,201506
644,639,201506
644,465,201506
644,605,201506
644,575,201506
646,649,201506
646,648,201506
646,627,201506
647,841,201506
647,1002,201506
647,719,201506
647,765,201506
647,632,201506
648,649,201506
648,646,201506
648,627,201506
649,646,201506
649,648,201506
649,627,201506
650,474,201506
651,110,201506
651,474,201506
654,165,201506
656,657,201506
656,630,201506
656,185,201506
656,110,201506
657,200,201506
657,937,201506
657,185,201506
658,232,201506
658,597,201506
658,186,201506
658,602,201506
658,601,201506
658,1019,201506
658,670,201506
658,1016,201506
658,624,201506
658,664,201506
659,258,201506
659,670,201506
659,259,201506
659,601,201506
659,232,201506
660,110,201506
660,606,201506
660,607,201506
660,351,201506
661,664,201506
661,232,201506
663,824,201506
663,196,201506
663,229,201506
663,596,201506
664,232,201506
664,601,201506
664,263,201506
664,260,201506
664,602,201506
664,597,201506
664,239,201506
664,258,201506
664,670,201506
664,1016,201506
664,661,201506
664,1019,201506
664,186,201506
664,700,201506
664,658,201506
664,624,201506
665,110,201506
665,1016,201506
665,1769,201506
665,474,201506
667,668,201506
667,383,201506
667,595,201506
667,110,201506
667,1604,201506
667,857,201506
667,196,201506
668,110,201506
669,229,201506
670,351,201506
670,232,201506
670,255,201506
670,601,201506
670,624,201506
670,597,201506
670,659,201506
670,664,201506
670,602,201506
670,658,201506
670,700,201506
671,137,201506
674,563,201506
676,593,201506
676,109,201506
676,592,201506
676,677,201506
677,109,201506
677,593,201506
677,592,201506
677,676,201506
678,625,201506
678,352,201506
678,626,201506
679,110,201506
679,351,201506
679,352,201506
679,226,201506
679,606,201506
679,607,201506
680,563,201506
680,427,201506
681,196,201506
683,525,201506
684,110,201506
684,1225,201506
690,1345,201506
690,1368,201506
690,941,201506
690,998,201506
693,110,201506
693,352,201506
694,110,201506
694,622,201506
694,625,201506
694,352,201506
694,564,201506
694,626,201506
694,579,201506
694,621,201506
694,484,201506
694,623,201506
694,565,201506
695,1112,201506
695,351,201506
695,225,201506
695,230,201506
696,185,201506
696,190,201506
697,1016,201506
697,525,201506
697,185,201506
698,947,201506
698,185,201506
700,232,201506
700,257,201506
700,591,201506
703,95,201506
703,46,201506
705,196,201506
710,266,201506
710,375,201506
712,230,201506
712,695,201506
712,225,201506
715,110,201506
716,525,201506
719,647,201506
720,1194,201506
722,373,201506
722,374,201506
722,266,201506
722,64,201506
722,320,201506
723,724,201506
723,109,201506
724,723,201506
724,109,201506
725,525,201506
726,525,201506
728,12,201506
728,10,201506
728,1227,201506
728,137,201506
729,306,201506
729,109,201506
729,127,201506
730,64,201506
734,563,201506
736,745,201506
736,21,201506
738,234,201506
738,123,201506
738,136,201506
738,25,201506
738,18,201506
739,444,201506
739,1901,201506
739,208,201506
739,349,201506
739,297,201506
739,1772,201506
740,85,201506
741,795,201506
741,295,201506
741,51,201506
741,20,201506
744,46,201506
745,21,201506
745,755,201506
747,748,201506
747,247,201506
748,222,201506
748,747,201506
748,247,201506
749,348,201506
750,107,201506
750,1345,201506
750,210,201506
752,29,201506
752,137,201506
753,84,201506
753,30,201506
754,30,201506
755,21,201506
756,25,201506
757,137,201506
760,351,201506
761,21,201506
761,20,201506
762,234,201506
762,136,201506
762,18,201506
764,17,201506
765,647,201506
766,13,201506
768,48,201506
769,48,201506
769,41,201506
769,156,201506
769,100,201506
769,139,201506
769,2270,201506
769,35,201506
769,97,201506
769,60,201506
769,108,201506
770,89,201506
770,8,201506
770,1408,201506
770,323,201506
770,1267,201506
770,7,201506
776,30,201506
777,96,201506
777,299,201506
778,89,201506
778,1408,201506
778,1267,201506
778,8,201506
781,548,201506
781,10,201506
781,136,201506
781,11,201506
782,485,201506
782,46,201506
782,1130,201506
782,135,201506
783,30,201506
784,1,201506
786,917,201506
786,898,201506
786,1225,201506
794,110,201506
794,425,201506
795,33,201506
795,184,201506
796,941,201506
797,157,201506
797,46,201506
799,14,201506
799,46,201506
799,19,201506
801,96,201506
801,137,201506
804,18,201506
804,136,201506
806,49,201506
808,110,201506
813,76,201506
813,46,201506
813,97,201506
814,54,201506
814,430,201506
814,18,201506
815,35,201506
815,180,201506
815,126,201506
815,178,201506
815,14,201506
815,266,201506
815,13,201506
815,320,201506
815,48,201506
815,375,201506
817,5,201506
817,21,201506
817,133,201506
819,28,201506
819,51,201506
819,4,201506
819,17,201506
824,663,201506
824,229,201506
828,7,201506
830,110,201506
832,21,201506
834,136,201506
836,1410,201506
836,74,201506
838,110,201506
839,525,201506
840,109,201506
841,647,201506
841,110,201506
842,51,201506
842,295,201506
843,4,201506
846,109,201506
847,1030,201506
847,525,201506
847,110,201506
851,525,201506
852,196,201506
857,667,201506
860,27,201506
860,39,201506
860,97,201506
860,19,201506
860,46,201506
862,502,201506
862,12,201506
862,136,201506
863,401,201506
863,45,201506
863,157,201506
863,23,201506
863,906,201506
863,346,201506
863,20,201506
863,10,201506
864,109,201506
864,593,201506
866,21,201506
866,214,201506
866,23,201506
866,1169,201506
866,20,201506
867,110,201506
867,235,201506
868,904,201506
871,540,201506
871,149,201506
871,137,201506
874,62,201506
874,160,201506
876,424,201506
885,27,201506
885,160,201506
886,525,201506
886,305,201506
886,236,201506
886,196,201506
886,627,201506
886,425,201506
886,110,201506
888,266,201506
888,154,201506
889,180,201506
890,143,201506
891,136,201506
896,444,201506
896,208,201506
896,13,201506
897,190,201506
898,786,201506
899,19,201506
906,23,201506
906,20,201506
906,17,201506
906,1,201506
908,234,201506
908,909,201506
908,136,201506
909,908,201506
909,136,201506
913,109,201506
917,786,201506
920,110,201506
920,190,201506
922,997,201506
922,186,201506
922,1016,201506
922,110,201506
922,185,201506
926,185,201506
931,133,201506
931,1313,201506
931,36,201506
931,1385,201506
931,966,201506
931,89,201506
931,941,201506
931,32,201506
932,525,201506
935,31,201506
937,657,201506
937,185,201506
941,1345,201506
941,998,201506
941,1368,201506
941,690,201506
941,1369,201506
941,1248,201506
941,931,201506
941,210,201506
941,136,201506
941,1,201506
941,1057,201506
942,1193,201506
945,189,201506
947,110,201506
947,698,201506
947,926,201506
947,186,201506
947,200,201506
947,185,201506
950,133,201506
950,220,201506
950,136,201506
950,17,201506
950,137,201506
959,160,201506
961,847,201506
961,525,201506
961,1087,201506
962,1089,201506
962,525,201506
962,1225,201506
966,931,201506
966,5,201506
966,17,201506
966,1227,201506
968,136,201506
969,346,201506
969,18,201506
979,1422,201506
979,1424,201506
981,136,201506
982,981,201506
982,136,201506
983,351,201506
995,208,201506
995,13,201506
996,13,201506
997,185,201506
997,186,201506
997,922,201506
997,110,201506
997,556,201506
997,1226,201506
997,474,201506
998,941,201506
998,690,201506
998,1345,201506
998,1369,201506
998,1368,201506
998,210,201506
1002,647,201506
1004,571,201506
1011,186,201506
1013,282,201506
1016,947,201506
1016,922,201506
1016,185,201506
1016,186,201506
1017,154,201506
1019,627,201506
1019,630,201506
1020,64,201506
1020,266,201506
1020,375,201506
1022,40,201506
1030,1087,201506
1030,847,201506
1030,525,201506
1035,196,201506
1044,45,201506
1044,207,201506
1045,146,201506
1048,124,201506
1050,354,201506
1050,143,201506
1052,97,201506
1056,235,201506
1057,796,201506
1057,210,201506
1057,941,201506
1061,175,201506
1065,730,201506
1065,274,201506
1065,64,201506
1070,4,201506
1075,357,201506
1075,129,201506
1075,1129,201506
1075,1404,201506
1076,185,201506
1076,1016,201506
1086,40,201506
1087,1030,201506
1087,961,201506
1087,1225,201506
1087,525,201506
1088,14,201506
1088,108,201506
1089,962,201506
1089,525,201506
1090,30,201506
1103,7,201506
1111,0,201506
1118,1193,201506
1118,13,201506
1129,1075,201506
1129,1404,201506
1129,357,201506
1129,129,201506
1129,173,201506
1130,113,201506
1130,297,201506
1130,1413,201506
1130,349,201506
1130,146,201506
1130,782,201506
1131,5,201506
1134,1365,201506
1134,425,201506
1134,196,201506
1134,110,201506
1136,57,201506
1144,428,201506
1144,83,201506
1144,16,201506
1144,247,201506
1144,136,201506
1144,13,201506
1144,18,201506
1145,133,201506
1145,92,201506
1147,66,201506
1147,83,201506
1147,288,201506
1147,62,201506
1147,135,201506
1147,181,201506
1147,79,201506
1147,141,201506
1147,97,201506
1147,75,201506
1147,100,201506
1147,74,201506
1147,32,201506
1147,182,201506
1147,57,201506
1147,39,201506
1147,46,201506
1150,563,201506
1150,427,201506
1163,627,201506
1169,866,201506
1169,183,201506
1169,372,201506
1169,184,201506
1169,174,201506
1169,33,201506
1169,147,201506
1169,53,201506
1169,166,201506
1169,317,201506
1169,115,201506
1169,244,201506
1169,74,201506
1169,70,201506
1169,34,201506
1169,43,201506
1169,30,201506
1169,125,201506
1169,534,201506
1169,165,201506
1169,136,201506
1169,149,201506
1169,54,201506
1169,164,201506
1169,116,201506
1169,177,201506
1169,111,201506
1169,238,201506
1169,131,201506
1169,132,201506
1180,429,201506
1180,135,201506
1183,920,201506
1183,110,201506
1183,190,201506
1190,198,201506
1190,137,201506
1193,942,201506
1193,349,201506
1193,1118,201506
1193,297,201506
1194,46,201506
1194,435,201506
1194,6,201506
1194,35,201506
1194,1191,201506
1194,375,201506
1194,266,201506
1194,108,201506
1194,72,201506
1194,552,201506
1194,154,201506
1194,182,201506
1194,132,201506
1194,282,201506
1194,1250,201506
1194,135,201506
1194,48,201506
1196,842,201506
1196,215,201506
1205,29,201506
1222,110,201506
1225,525,201506
1225,786,201506
1225,684,201506
1225,962,201506
1225,1226,201506
1226,185,201506
1226,474,201506
1226,556,201506
1226,665,201506
1226,186,201506
1226,997,201506
1226,1701,201506
1226,1225,201506
1227,97,201506
1227,73,201506
1227,17,201506
1227,33,201506
1227,1411,201506
1227,107,201506
1227,2,201506
1227,327,201506
1227,181,201506
1227,346,201506
1227,167,201506
1227,5,201506
1227,136,201506
1227,247,201506
1227,165,201506
1227,62,201506
1227,30,201506
1227,234,201506
1227,103,201506
1227,408,201506
1227,66,201506
1227,43,201506
1227,163,201506
1227,86,201506
1227,177,201506
1227,84,201506
1227,53,201506
1227,386,201506
1227,184,201506
1227,146,201506
1227,123,201506
1227,122,201506
1227,164,201506
1227,105,201506
1227,10,201506
1227,265,201506
1227,728,201506
1227,159,201506
1227,34,201506
1227,138,201506
1227,104,201506
1227,15,201506
1227,111,201506
1227,61,201506
1227,222,201506
1227,966,201506
1236,1,201506
1236,931,201506
1245,5,201506
1248,941,201506
1250,266,201506
1250,375,201506
1250,15,201506
1250,83,201506
1250,57,201506
1250,281,201506
1250,132,201506
1250,95,201506
1250,104,201506
1250,267,201506
1250,175,201506
1250,66,201506
1250,79,201506
1250,434,201506
1250,101,201506
1250,151,201506
1250,138,201506
1250,62,201506
1250,40,201506
1250,159,201506
1250,237,201506
1250,77,201506
1250,65,201506
1250,146,201506
1252,681,201506
1254,46,201506
1254,285,201506
1258,146,201506
1258,85,201506
1258,0,201506
1258,135,201506
1259,1286,201506
1265,10,201506
1267,89,201506
1267,1408,201506
1267,778,201506
1267,7,201506
1267,770,201506
1269,96,201506
1277,196,201506
1286,1259,201506
1291,160,201506
1291,521,201506
1291,274,201506
1293,378,201506
1299,282,201506
1312,646,201506
1312,627,201506
1313,931,201506
1317,5,201506
1323,627,201506
1326,610,201506
1326,563,201506
1326,427,201506
1335,133,201506
1345,1368,201506
1345,690,201506
1345,210,201506
1345,750,201506
1345,998,201506
1355,1,201506
1356,147,201506
1358,38,201506
1365,196,201506
1365,425,201506
1366,57,201506
1366,26,201506
1366,11,201506
1366,107,201506
1366,51,201506
1366,20,201506
1366,112,201506
1366,13,201506
1366,165,201506
1366,4,201506
1366,5,201506
1366,250,201506
1366,48,201506
1366,32,201506
1366,136,201506
1366,92,201506
1366,81,201506
1366,60,201506
1366,155,201506
1366,85,201506
1366,10,201506
1366,135,201506
1366,108,201506
1366,97,201506
1366,25,201506
1366,154,201506
1366,14,201506
1366,274,201506
1366,31,201506
1368,1345,201506
1368,210,201506
1368,690,201506
1368,209,201506
1368,941,201506
1368,1369,201506
1368,998,201506
1369,1345,201506
1369,998,201506
1369,210,201506
1369,690,201506
1369,1368,201506
1369,941,201506
1379,27,201506
1380,525,201506
1382,185,201506
1382,235,201506
1385,931,201506
1390,453,201506
1390,31,201506
1392,740,201506
1404,172,201506
1404,1129,201506
1404,1075,201506
1408,323,201506
1408,778,201506
1408,770,201506
1408,7,201506
1408,89,201506
1410,1413,201506
1410,316,201506
1410,143,201506
1410,354,201506
1410,836,201506
1411,1638,201506
1413,1130,201506
1413,1410,201506
1413,1856,201506
1413,208,201506
1414,297,201506
1414,1771,201506
1417,208,201506
1417,13,201506
1422,1423,201506
1422,1424,201506
1422,1438,201506
1422,979,201506
1423,1424,201506
1424,1422,201506
1424,1438,201506
1424,1450,201506
1424,1467,201506
1424,1423,201506
1424,1486,201506
1438,1422,201506
1440,1441,201506
1441,444,201506
1441,1440,201506
1441,1886,201506
1441,1948,201506
1441,208,201506
1442,297,201506
1443,297,201506
1446,1449,201506
1449,1446,201506
1450,1467,201506
1450,748,201506
1452,931,201506
1467,1424,201506
1471,318,201506
1476,1815,201506
1476,208,201506
1482,154,201506
1498,7,201506
1498,247,201506
1538,427,201506
1539,109,201506
1539,628,201506
1580,154,201506
1604,667,201506
1619,354,201506
1619,282,201506
1627,208,201506
1638,1227,201506
1649,17,201506
1650,196,201506
1674,313,201506
1674,349,201506
1674,297,201506
1699,297,201506
1701,1226,201506
1701,185,201506
1702,351,201506
1712,11,201506
1738,160,201506
1758,212,201506
1766,64,201506
1766,444,201506
1769,474,201506
1769,665,201506
1771,1414,201506
1772,739,201506
1815,1476,201506
1815,1904,201506
1840,322,201506
1851,444,201506
1886,1441,201506
1895,444,201506
1895,349,201506
1895,297,201506
1900,444,201506
1900,208,201506
1901,739,201506
1903,444,201506
1903,208,201506
1904,444,201506
1904,102,201506
1904,1815,201506
1923,444,201506
1925,26,201506
1936,444,201506
1938,208,201506
1974,563,201506
1994,208,201506
2008,444,201506
2060,444,201506
2080,297,201506
2270,769,201506
