i,j,t
0,512,200103
0,137,200103
0,77,200103
0,157,200103
0,118,200103
0,124,200103
0,9,200103
0,2,200103
0,143,200103
0,188,200103
0,108,200103
0,142,200103
0,183,200103
0,6,200103
0,197,200103
0,80,200103
0,30,200103
0,234,200103
0,120,200103
0,23,200103
0,270,200103
0,107,200103
0,28,200103
0,78,200103
0,121,200103
0,83,200103
0,11,200103
0,51,200103
0,242,200103
0,27,200103
0,29,200103
0,31,200103
0,99,200103
0,32,200103
0,85,200103
0,45,200103
0,139,200103
0,100,200103
0,4,200103
0,19,200103
0,156,200103
0,96,200103
0,35,200103
0,40,200103
0,16,200103
0,180,200103
0,134,200103
0,5,200103
0,54,200103
0,10,200103
0,115,200103
0,165,200103
0,72,200103
0,13,200103
0,20,200103
0,119,200103
0,36,200103
0,21,200103
0,102,200103
0,26,200103
0,136,200103
0,17,200103
0,135,200103
0,60,200103
0,14,200103
0,48,200103
0,1,200103
0,64,200103
0,18,200103
0,146,200103
0,97,200103
0,160,200103
0,154,200103
0,46,200103
0,274,200103
0,92,200103
0,25,200103
1,96,200103
1,97,200103
1,14,200103
1,137,200103
1,165,200103
1,70,200103
1,77,200103
1,10,200103
1,17,200103
1,26,200103
1,149,200103
1,135,200103
1,18,200103
1,23,200103
1,51,200103
1,19,200103
1,143,200103
1,20,200103
1,188,200103
1,11,200103
1,136,200103
1,6,200103
1,99,200103
1,60,200103
1,35,200103
1,5,200103
1,180,200103
1,155,200103
1,64,200103
1,27,200103
1,108,200103
1,32,200103
1,48,200103
1,29,200103
1,52,200103
1,33,200103
1,69,200103
1,83,200103
1,13,200103
1,22,200103
1,124,200103
1,36,200103
1,131,200103
1,31,200103
1,110,200103
1,157,200103
1,81,200103
1,100,200103
1,16,200103
1,54,200103
1,4,200103
1,346,200103
1,7,200103
1,89,200103
1,116,200103
1,183,200103
1,115,200103
1,213,200103
1,80,200103
1,119,200103
1,142,200103
1,59,200103
1,160,200103
1,12,200103
1,0,200103
1,34,200103
1,112,200103
1,53,200103
1,72,200103
1,154,200103
1,102,200103
1,107,200103
1,9,200103
1,2,200103
1,46,200103
1,85,200103
1,121,200103
1,21,200103
1,146,200103
1,92,200103
1,133,200103
1,40,200103
1,25,200103
1,113,200103
1,28,200103
2,110,200103
2,47,200103
2,99,200103
2,137,200103
2,165,200103
2,93,200103
2,64,200103
2,25,200103
2,27,200103
2,51,200103
2,102,200103
2,138,200103
2,143,200103
2,4,200103
2,72,200103
2,282,200103
2,81,200103
2,307,200103
2,13,200103
2,136,200103
2,0,200103
2,84,200103
2,30,200103
2,32,200103
2,39,200103
2,40,200103
2,80,200103
2,24,200103
2,46,200103
2,12,200103
2,54,200103
2,6,200103
2,22,200103
2,26,200103
2,20,200103
2,21,200103
2,108,200103
2,112,200103
2,23,200103
2,16,200103
2,19,200103
2,97,200103
2,107,200103
2,31,200103
2,52,200103
2,100,200103
2,248,200103
2,59,200103
2,85,200103
2,149,200103
2,18,200103
2,14,200103
2,17,200103
2,28,200103
2,142,200103
2,48,200103
2,124,200103
2,5,200103
2,96,200103
2,60,200103
2,11,200103
2,146,200103
2,29,200103
2,1,200103
2,160,200103
2,10,200103
2,154,200103
2,92,200103
2,274,200103
3,311,200103
3,4,200103
4,96,200103
4,97,200103
4,99,200103
4,136,200103
4,137,200103
4,165,200103
4,48,200103
4,87,200103
4,26,200103
4,27,200103
4,60,200103
4,135,200103
4,18,200103
4,12,200103
4,23,200103
4,29,200103
4,51,200103
4,19,200103
4,375,200103
4,107,200103
4,139,200103
4,143,200103
4,20,200103
4,94,200103
4,32,200103
4,35,200103
4,110,200103
4,59,200103
4,160,200103
4,85,200103
4,16,200103
4,77,200103
4,5,200103
4,80,200103
4,320,200103
4,45,200103
4,28,200103
4,17,200103
4,142,200103
4,124,200103
4,154,200103
4,25,200103
4,633,200103
4,163,200103
4,305,200103
4,149,200103
4,152,200103
4,215,200103
4,0,200103
4,9,200103
4,52,200103
4,741,200103
4,132,200103
4,125,200103
4,13,200103
4,129,200103
4,227,200103
4,128,200103
4,248,200103
4,306,200103
4,133,200103
4,108,200103
4,22,200103
4,761,200103
4,866,200103
4,14,200103
4,525,200103
4,189,200103
4,10,200103
4,1,200103
4,3,200103
4,238,200103
4,127,200103
4,88,200103
4,92,200103
4,843,200103
4,84,200103
4,268,200103
4,184,200103
4,31,200103
4,300,200103
4,150,200103
4,301,200103
4,317,200103
4,214,200103
4,113,200103
4,427,200103
4,86,200103
4,223,200103
4,30,200103
4,33,200103
4,311,200103
4,146,200103
4,164,200103
4,50,200103
4,177,200103
4,112,200103
4,11,200103
4,222,200103
4,183,200103
4,46,200103
4,109,200103
4,21,200103
4,196,200103
4,6,200103
4,40,200103
4,64,200103
4,69,200103
4,213,200103
4,89,200103
5,39,200103
5,136,200103
5,137,200103
5,132,200103
5,33,200103
5,118,200103
5,501,200103
5,23,200103
5,138,200103
5,143,200103
5,20,200103
5,81,200103
5,13,200103
5,85,200103
5,32,200103
5,99,200103
5,53,200103
5,31,200103
5,17,200103
5,12,200103
5,116,200103
5,157,200103
5,35,200103
5,72,200103
5,60,200103
5,14,200103
5,213,200103
5,9,200103
5,165,200103
5,0,200103
5,18,200103
5,119,200103
5,10,200103
5,1,200103
5,102,200103
5,27,200103
5,22,200103
5,52,200103
5,16,200103
5,80,200103
5,107,200103
5,135,200103
5,149,200103
5,154,200103
5,92,200103
5,2,200103
5,6,200103
5,7,200103
5,89,200103
5,183,200103
5,69,200103
5,59,200103
5,96,200103
5,25,200103
5,29,200103
5,11,200103
5,51,200103
5,113,200103
5,4,200103
5,133,200103
5,28,200103
6,39,200103
6,53,200103
6,137,200103
6,132,200103
6,48,200103
6,69,200103
6,181,200103
6,118,200103
6,60,200103
6,12,200103
6,23,200103
6,19,200103
6,138,200103
6,78,200103
6,143,200103
6,11,200103
6,13,200103
6,29,200103
6,81,200103
6,265,200103
6,243,200103
6,106,200103
6,161,200103
6,57,200103
6,27,200103
6,242,200103
6,112,200103
6,25,200103
6,26,200103
6,129,200103
6,133,200103
6,136,200103
6,33,200103
6,28,200103
6,113,200103
6,1,200103
6,4,200103
6,22,200103
6,160,200103
6,124,200103
6,0,200103
6,183,200103
6,45,200103
6,371,200103
6,76,200103
6,17,200103
6,51,200103
6,117,200103
6,100,200103
6,31,200103
6,21,200103
6,108,200103
6,35,200103
6,320,200103
6,96,200103
6,77,200103
6,83,200103
6,52,200103
6,120,200103
6,146,200103
6,142,200103
6,153,200103
6,126,200103
6,24,200103
6,194,200103
6,135,200103
6,71,200103
6,102,200103
6,80,200103
6,101,200103
6,154,200103
6,54,200103
6,5,200103
6,38,200103
6,46,200103
6,14,200103
6,155,200103
6,2,200103
6,172,200103
6,134,200103
6,64,200103
6,180,200103
6,82,200103
6,36,200103
6,40,200103
6,55,200103
6,85,200103
6,89,200103
6,139,200103
6,10,200103
6,94,200103
6,18,200103
6,97,200103
6,32,200103
6,20,200103
6,16,200103
6,99,200103
7,89,200103
7,23,200103
7,28,200103
7,90,200103
7,8,200103
7,135,200103
7,10,200103
7,29,200103
7,243,200103
7,1,200103
7,5,200103
7,17,200103
7,112,200103
7,20,200103
7,154,200103
7,137,200103
8,121,200103
8,23,200103
8,90,200103
8,7,200103
8,243,200103
8,29,200103
8,17,200103
8,154,200103
8,20,200103
8,89,200103
9,361,200103
9,143,200103
9,20,200103
9,188,200103
9,72,200103
9,52,200103
9,83,200103
9,59,200103
9,155,200103
9,46,200103
9,137,200103
9,81,200103
9,31,200103
9,86,200103
9,97,200103
9,58,200103
9,26,200103
9,6,200103
9,120,200103
9,19,200103
9,77,200103
9,93,200103
9,10,200103
9,108,200103
9,213,200103
9,14,200103
9,1,200103
9,0,200103
9,29,200103
9,5,200103
9,248,200103
9,112,200103
9,99,200103
9,32,200103
9,25,200103
9,28,200103
9,17,200103
9,85,200103
9,96,200103
9,135,200103
9,146,200103
9,154,200103
9,11,200103
9,92,200103
9,160,200103
9,27,200103
9,136,200103
9,274,200103
10,96,200103
10,286,200103
10,165,200103
10,26,200103
10,35,200103
10,12,200103
10,23,200103
10,1,200103
10,143,200103
10,32,200103
10,139,200103
10,4,200103
10,60,200103
10,242,200103
10,21,200103
10,20,200103
10,108,200103
10,102,200103
10,46,200103
10,99,200103
10,14,200103
10,146,200103
10,97,200103
10,54,200103
10,31,200103
10,5,200103
10,9,200103
10,0,200103
10,11,200103
10,135,200103
10,6,200103
10,2,200103
10,184,200103
10,48,200103
10,177,200103
10,53,200103
10,85,200103
10,59,200103
10,7,200103
10,51,200103
10,119,200103
10,72,200103
10,52,200103
10,89,200103
10,27,200103
10,18,200103
10,69,200103
10,150,200103
10,22,200103
10,137,200103
10,124,200103
10,115,200103
10,16,200103
10,112,200103
10,116,200103
10,25,200103
10,149,200103
10,17,200103
10,107,200103
10,77,200103
10,136,200103
10,81,200103
10,180,200103
10,154,200103
10,142,200103
10,80,200103
10,183,200103
10,160,200103
10,13,200103
10,64,200103
10,19,200103
10,28,200103
10,40,200103
10,92,200103
10,29,200103
10,113,200103
10,133,200103
11,30,200103
11,183,200103
11,13,200103
11,14,200103
11,136,200103
11,165,200103
11,70,200103
11,17,200103
11,26,200103
11,27,200103
11,12,200103
11,23,200103
11,1,200103
11,107,200103
11,143,200103
11,20,200103
11,53,200103
11,24,200103
11,54,200103
11,34,200103
11,36,200103
11,2,200103
11,32,200103
11,108,200103
11,6,200103
11,346,200103
11,22,200103
11,64,200103
11,97,200103
11,160,200103
11,83,200103
11,80,200103
11,28,200103
11,133,200103
11,112,200103
11,102,200103
11,72,200103
11,52,200103
11,21,200103
11,7,200103
11,35,200103
11,48,200103
11,135,200103
11,69,200103
11,196,200103
11,96,200103
11,85,200103
11,92,200103
11,88,200103
11,89,200103
11,51,200103
11,154,200103
11,59,200103
11,19,200103
11,84,200103
11,4,200103
11,9,200103
11,18,200103
11,0,200103
11,25,200103
11,223,200103
11,164,200103
11,177,200103
11,86,200103
11,29,200103
11,110,200103
11,5,200103
11,113,200103
11,60,200103
11,137,200103
11,10,200103
11,146,200103
12,85,200103
12,15,200103
12,336,200103
12,53,200103
12,132,200103
12,6,200103
12,61,200103
12,10,200103
12,26,200103
12,27,200103
12,35,200103
12,51,200103
12,1,200103
12,102,200103
12,107,200103
12,28,200103
12,143,200103
12,4,200103
12,20,200103
12,11,200103
12,21,200103
12,175,200103
12,31,200103
12,5,200103
12,40,200103
12,2,200103
12,17,200103
12,165,200103
12,97,200103
12,112,200103
12,153,200103
12,64,200103
12,19,200103
12,52,200103
12,14,200103
12,83,200103
12,213,200103
12,96,200103
12,13,200103
12,139,200103
12,60,200103
12,16,200103
12,22,200103
12,23,200103
12,108,200103
12,269,200103
12,92,200103
12,136,200103
12,18,200103
12,25,200103
12,160,200103
12,54,200103
12,99,200103
12,146,200103
12,29,200103
12,154,200103
12,137,200103
12,135,200103
13,52,200103
13,136,200103
13,137,200103
13,32,200103
13,89,200103
13,10,200103
13,5,200103
13,19,200103
13,102,200103
13,138,200103
13,28,200103
13,143,200103
13,282,200103
13,242,200103
13,107,200103
13,120,200103
13,2,200103
13,17,200103
13,196,200103
13,23,200103
13,0,200103
13,165,200103
13,4,200103
13,110,200103
13,99,200103
13,54,200103
13,36,200103
13,12,200103
13,53,200103
13,21,200103
13,169,200103
13,20,200103
13,96,200103
13,131,200103
13,60,200103
13,1,200103
13,9,200103
13,83,200103
13,77,200103
13,97,200103
13,85,200103
13,113,200103
13,71,200103
13,48,200103
13,35,200103
13,172,200103
13,142,200103
13,51,200103
13,27,200103
13,7,200103
13,320,200103
13,117,200103
13,146,200103
13,39,200103
13,108,200103
13,139,200103
13,16,200103
13,100,200103
13,81,200103
13,59,200103
13,180,200103
13,126,200103
13,31,200103
13,38,200103
13,55,200103
13,208,200103
13,119,200103
13,134,200103
13,6,200103
13,64,200103
13,114,200103
13,112,200103
13,160,200103
13,129,200103
13,11,200103
13,135,200103
13,14,200103
13,154,200103
13,25,200103
13,18,200103
13,40,200103
13,29,200103
13,46,200103
13,26,200103
14,96,200103
14,24,200103
14,137,200103
14,6,200103
14,100,200103
14,10,200103
14,17,200103
14,118,200103
14,12,200103
14,51,200103
14,19,200103
14,1,200103
14,143,200103
14,4,200103
14,112,200103
14,11,200103
14,40,200103
14,20,200103
14,113,200103
14,64,200103
14,153,200103
14,47,200103
14,28,200103
14,133,200103
14,107,200103
14,77,200103
14,23,200103
14,61,200103
14,18,200103
14,165,200103
14,136,200103
14,106,200103
14,2,200103
14,183,200103
14,45,200103
14,85,200103
14,69,200103
14,195,200103
14,21,200103
14,76,200103
14,172,200103
14,9,200103
14,97,200103
14,59,200103
14,124,200103
14,16,200103
14,120,200103
14,157,200103
14,5,200103
14,139,200103
14,35,200103
14,129,200103
14,0,200103
14,36,200103
14,80,200103
14,135,200103
14,52,200103
14,27,200103
14,154,200103
14,92,200103
14,48,200103
14,108,200103
14,155,200103
14,13,200103
14,146,200103
14,102,200103
14,29,200103
14,142,200103
14,60,200103
14,83,200103
14,180,200103
14,119,200103
14,31,200103
14,32,200103
14,25,200103
14,46,200103
15,96,200103
15,166,200103
15,132,200103
15,143,200103
15,303,200103
15,197,200103
15,234,200103
15,40,200103
15,77,200103
15,97,200103
15,19,200103
15,25,200103
15,26,200103
15,137,200103
15,4,200103
15,99,200103
15,154,200103
15,146,200103
15,29,200103
15,136,200103
15,18,200103
16,79,200103
16,6,200103
16,27,200103
16,106,200103
16,138,200103
16,143,200103
16,21,200103
16,46,200103
16,131,200103
16,54,200103
16,23,200103
16,135,200103
16,134,200103
16,130,200103
16,5,200103
16,223,200103
16,62,200103
16,112,200103
16,101,200103
16,17,200103
16,97,200103
16,171,200103
16,107,200103
16,175,200103
16,4,200103
16,98,200103
16,30,200103
16,58,200103
16,137,200103
16,36,200103
16,12,200103
16,133,200103
16,38,200103
16,0,200103
16,80,200103
16,139,200103
16,51,200103
16,86,200103
16,94,200103
16,197,200103
16,9,200103
16,83,200103
16,248,200103
16,48,200103
16,213,200103
16,85,200103
16,28,200103
16,11,200103
16,75,200103
16,78,200103
16,99,200103
16,102,200103
16,60,200103
16,113,200103
16,82,200103
16,13,200103
16,19,200103
16,59,200103
16,92,200103
16,40,200103
16,76,200103
16,63,200103
16,274,200103
16,242,200103
16,55,200103
16,1,200103
16,362,200103
16,26,200103
16,170,200103
16,65,200103
16,66,200103
16,119,200103
16,14,200103
16,160,200103
16,176,200103
16,120,200103
16,64,200103
16,208,200103
16,117,200103
16,24,200103
16,100,200103
16,10,200103
16,32,200103
16,29,200103
16,146,200103
16,81,200103
16,180,200103
16,52,200103
16,126,200103
16,129,200103
16,181,200103
16,35,200103
16,155,200103
16,154,200103
16,142,200103
16,31,200103
16,20,200103
16,18,200103
16,77,200103
16,136,200103
16,108,200103
16,25,200103
17,110,200103
17,97,200103
17,13,200103
17,14,200103
17,81,200103
17,137,200103
17,48,200103
17,87,200103
17,89,200103
17,59,200103
17,60,200103
17,261,200103
17,18,200103
17,0,200103
17,539,200103
17,12,200103
17,29,200103
17,51,200103
17,19,200103
17,1,200103
17,212,200103
17,139,200103
17,143,200103
17,20,200103
17,11,200103
17,52,200103
17,112,200103
17,83,200103
17,107,200103
17,16,200103
17,113,200103
17,36,200103
17,23,200103
17,10,200103
17,136,200103
17,6,200103
17,183,200103
17,135,200103
17,22,200103
17,155,200103
17,26,200103
17,99,200103
17,129,200103
17,2,200103
17,142,200103
17,77,200103
17,70,200103
17,108,200103
17,85,200103
17,190,200103
17,157,200103
17,96,200103
17,169,200103
17,35,200103
17,153,200103
17,54,200103
17,154,200103
17,9,200103
17,27,200103
17,69,200103
17,149,200103
17,124,200103
17,119,200103
17,102,200103
17,71,200103
17,303,200103
17,8,200103
17,184,200103
17,72,200103
17,4,200103
17,213,200103
17,33,200103
17,211,200103
17,274,200103
17,31,200103
17,32,200103
17,906,200103
17,7,200103
17,25,200103
17,243,200103
17,150,200103
17,92,200103
17,28,200103
17,53,200103
17,189,200103
17,5,200103
17,165,200103
17,64,200103
17,160,200103
17,46,200103
17,146,200103
17,40,200103
17,21,200103
18,81,200103
18,137,200103
18,165,200103
18,89,200103
18,10,200103
18,17,200103
18,26,200103
18,125,200103
18,7,200103
18,19,200103
18,138,200103
18,28,200103
18,143,200103
18,129,200103
18,11,200103
18,20,200103
18,136,200103
18,110,200103
18,64,200103
18,48,200103
18,58,200103
18,92,200103
18,38,200103
18,83,200103
18,85,200103
18,77,200103
18,97,200103
18,79,200103
18,34,200103
18,120,200103
18,106,200103
18,40,200103
18,142,200103
18,29,200103
18,126,200103
18,24,200103
18,161,200103
18,60,200103
18,117,200103
18,53,200103
18,176,200103
18,25,200103
18,160,200103
18,99,200103
18,0,200103
18,5,200103
18,112,200103
18,113,200103
18,339,200103
18,107,200103
18,9,200103
18,124,200103
18,183,200103
18,23,200103
18,93,200103
18,108,200103
18,100,200103
18,31,200103
18,320,200103
18,156,200103
18,70,200103
18,429,200103
18,416,200103
18,436,200103
18,154,200103
18,35,200103
18,1,200103
18,269,200103
18,415,200103
18,410,200103
18,411,200103
18,131,200103
18,139,200103
18,122,200103
18,432,200103
18,242,200103
18,74,200103
18,276,200103
18,145,200103
18,171,200103
18,413,200103
18,2,200103
18,422,200103
18,146,200103
18,270,200103
18,12,200103
18,54,200103
18,423,200103
18,298,200103
18,159,200103
18,292,200103
18,181,200103
18,32,200103
18,174,200103
18,208,200103
18,443,200103
18,408,200103
18,430,200103
18,61,200103
18,271,200103
18,407,200103
18,84,200103
18,223,200103
18,59,200103
18,197,200103
18,132,200103
18,153,200103
18,426,200103
18,4,200103
18,234,200103
18,303,200103
18,144,200103
18,170,200103
18,163,200103
18,27,200103
18,213,200103
18,22,200103
18,233,200103
18,164,200103
18,43,200103
18,16,200103
18,71,200103
18,46,200103
18,30,200103
18,265,200103
18,111,200103
18,135,200103
18,52,200103
18,44,200103
18,123,200103
18,15,200103
18,6,200103
18,96,200103
18,69,200103
18,21,200103
18,86,200103
18,14,200103
18,51,200103
18,13,200103
19,455,200103
19,180,200103
19,97,200103
19,52,200103
19,13,200103
19,142,200103
19,14,200103
19,39,200103
19,46,200103
19,136,200103
19,32,200103
19,76,200103
19,57,200103
19,89,200103
19,64,200103
19,77,200103
19,100,200103
19,170,200103
19,17,200103
19,160,200103
19,155,200103
19,54,200103
19,18,200103
19,23,200103
19,29,200103
19,36,200103
19,1,200103
19,40,200103
19,148,200103
19,83,200103
19,138,200103
19,120,200103
19,140,200103
19,143,200103
19,20,200103
19,126,200103
19,0,200103
19,2,200103
19,12,200103
19,4,200103
19,99,200103
19,137,200103
19,69,200103
19,27,200103
19,307,200103
19,5,200103
19,124,200103
19,34,200103
19,85,200103
19,25,200103
19,96,200103
19,10,200103
19,139,200103
19,112,200103
19,78,200103
19,181,200103
19,21,200103
19,341,200103
19,11,200103
19,113,200103
19,82,200103
19,146,200103
19,320,200103
19,16,200103
19,173,200103
19,60,200103
19,6,200103
19,182,200103
19,26,200103
19,108,200103
19,154,200103
19,48,200103
19,172,200103
19,24,200103
19,31,200103
19,81,200103
19,129,200103
19,117,200103
19,28,200103
19,38,200103
19,35,200103
19,134,200103
19,135,200103
19,55,200103
19,102,200103
20,97,200103
20,52,200103
20,269,200103
20,13,200103
20,14,200103
20,81,200103
20,137,200103
20,165,200103
20,17,200103
20,27,200103
20,60,200103
20,135,200103
20,18,200103
20,12,200103
20,29,200103
20,28,200103
20,2,200103
20,4,200103
20,94,200103
20,11,200103
20,72,200103
20,32,200103
20,85,200103
20,154,200103
20,525,200103
20,96,200103
20,25,200103
20,22,200103
20,92,200103
20,19,200103
20,108,200103
20,10,200103
20,142,200103
20,83,200103
20,26,200103
20,117,200103
20,6,200103
20,77,200103
20,99,200103
20,136,200103
20,0,200103
20,59,200103
20,48,200103
20,110,200103
20,1,200103
20,71,200103
20,7,200103
20,16,200103
20,89,200103
20,35,200103
20,243,200103
20,184,200103
20,69,200103
20,213,200103
20,160,200103
20,189,200103
20,183,200103
20,113,200103
20,51,200103
20,8,200103
20,33,200103
20,146,200103
20,46,200103
20,107,200103
20,23,200103
20,40,200103
20,133,200103
20,64,200103
21,10,200103
21,102,200103
21,20,200103
21,46,200103
21,32,200103
21,154,200103
21,81,200103
21,120,200103
21,19,200103
21,119,200103
21,99,200103
21,27,200103
21,136,200103
21,26,200103
21,12,200103
21,60,200103
21,64,200103
21,80,200103
21,48,200103
21,25,200103
21,83,200103
21,77,200103
21,6,200103
21,22,200103
21,96,200103
21,100,200103
21,180,200103
21,35,200103
21,0,200103
21,28,200103
21,183,200103
21,1,200103
21,2,200103
21,9,200103
21,14,200103
21,92,200103
21,165,200103
21,31,200103
21,85,200103
21,11,200103
21,69,200103
21,135,200103
21,97,200103
21,51,200103
21,4,200103
21,18,200103
21,113,200103
21,29,200103
21,137,200103
21,17,200103
21,133,200103
21,23,200103
22,29,200103
22,1,200103
22,11,200103
22,20,200103
22,12,200103
22,23,200103
22,27,200103
22,165,200103
22,69,200103
22,2,200103
22,108,200103
22,97,200103
22,17,200103
22,52,200103
22,183,200103
22,143,200103
22,53,200103
22,51,200103
22,160,200103
22,131,200103
22,121,200103
22,21,200103
22,40,200103
22,19,200103
22,4,200103
22,96,200103
22,16,200103
22,5,200103
22,6,200103
22,13,200103
22,112,200103
22,107,200103
22,64,200103
22,10,200103
22,18,200103
22,137,200103
22,146,200103
22,28,200103
22,25,200103
22,136,200103
23,110,200103
23,247,200103
23,39,200103
23,136,200103
23,137,200103
23,132,200103
23,150,200103
23,69,200103
23,89,200103
23,59,200103
23,501,200103
23,155,200103
23,5,200103
23,207,200103
23,51,200103
23,19,200103
23,1,200103
23,40,200103
23,138,200103
23,28,200103
23,143,200103
23,4,200103
23,11,200103
23,77,200103
23,97,200103
23,52,200103
23,29,200103
23,108,200103
23,223,200103
23,64,200103
23,36,200103
23,38,200103
23,156,200103
23,92,200103
23,34,200103
23,0,200103
23,99,200103
23,13,200103
23,16,200103
23,154,200103
23,30,200103
23,12,200103
23,14,200103
23,32,200103
23,60,200103
23,81,200103
23,22,200103
23,135,200103
23,96,200103
23,165,200103
23,27,200103
23,346,200103
23,10,200103
23,107,200103
23,31,200103
23,25,200103
23,18,200103
23,20,200103
23,112,200103
23,21,200103
24,79,200103
24,64,200103
24,99,200103
24,48,200103
24,101,200103
24,15,200103
24,145,200103
24,43,200103
24,12,200103
24,163,200103
24,152,200103
24,13,200103
24,76,200103
24,248,200103
24,41,200103
24,117,200103
24,35,200103
24,32,200103
24,26,200103
24,6,200103
24,25,200103
24,16,200103
24,18,200103
24,137,200103
24,135,200103
24,29,200103
24,40,200103
24,19,200103
24,46,200103
24,146,200103
24,154,200103
24,97,200103
25,16,200103
25,137,200103
25,61,200103
25,0,200103
25,23,200103
25,143,200103
25,27,200103
25,265,200103
25,96,200103
25,100,200103
25,24,200103
25,108,200103
25,55,200103
25,134,200103
25,13,200103
25,82,200103
25,117,200103
25,12,200103
25,195,200103
25,142,200103
25,97,200103
25,40,200103
25,45,200103
25,248,200103
25,118,200103
25,6,200103
25,64,200103
25,140,200103
25,101,200103
25,30,200103
25,102,200103
25,51,200103
25,125,200103
25,157,200103
25,10,200103
25,149,200103
25,121,200103
25,115,200103
25,72,200103
25,4,200103
25,183,200103
25,26,200103
25,155,200103
25,14,200103
25,76,200103
25,21,200103
25,92,200103
25,390,200103
25,333,200103
25,18,200103
25,54,200103
25,483,200103
25,220,200103
25,78,200103
25,77,200103
25,31,200103
25,337,200103
25,216,200103
25,110,200103
25,340,200103
25,165,200103
25,46,200103
25,39,200103
25,57,200103
25,38,200103
25,160,200103
25,80,200103
25,156,200103
25,9,200103
25,120,200103
25,286,200103
25,213,200103
25,58,200103
25,20,200103
25,47,200103
25,52,200103
25,34,200103
25,393,200103
25,371,200103
25,154,200103
25,336,200103
25,153,200103
25,146,200103
25,152,200103
25,339,200103
25,327,200103
25,326,200103
25,341,200103
25,59,200103
25,116,200103
25,188,200103
25,71,200103
25,124,200103
25,335,200103
25,129,200103
25,107,200103
25,17,200103
25,53,200103
25,11,200103
25,98,200103
25,93,200103
25,19,200103
25,5,200103
25,139,200103
25,36,200103
25,89,200103
25,83,200103
25,35,200103
25,29,200103
25,22,200103
25,81,200103
25,274,200103
25,112,200103
25,113,200103
25,32,200103
25,136,200103
25,1,200103
25,161,200103
25,28,200103
25,48,200103
25,99,200103
25,60,200103
25,85,200103
25,2,200103
26,96,200103
26,137,200103
26,165,200103
26,10,200103
26,18,200103
26,7,200103
26,12,200103
26,1,200103
26,28,200103
26,4,200103
26,36,200103
26,142,200103
26,94,200103
26,45,200103
26,48,200103
26,39,200103
26,31,200103
26,17,200103
26,135,200103
26,22,200103
26,69,200103
26,125,200103
26,9,200103
26,29,200103
26,20,200103
26,112,200103
26,59,200103
26,132,200103
26,35,200103
26,172,200103
26,25,200103
26,27,200103
26,136,200103
26,51,200103
26,2,200103
26,72,200103
26,11,200103
26,320,200103
26,78,200103
26,113,200103
26,139,200103
26,114,200103
26,544,200103
26,131,200103
26,120,200103
26,71,200103
26,57,200103
26,24,200103
26,117,200103
26,81,200103
26,77,200103
26,80,200103
26,76,200103
26,155,200103
26,16,200103
26,38,200103
26,83,200103
26,19,200103
26,134,200103
26,32,200103
26,154,200103
26,102,200103
26,85,200103
26,274,200103
26,106,200103
26,60,200103
26,0,200103
26,92,200103
26,100,200103
26,40,200103
26,54,200103
26,108,200103
26,64,200103
26,160,200103
26,146,200103
26,97,200103
26,46,200103
26,99,200103
26,13,200103
27,53,200103
27,136,200103
27,64,200103
27,25,200103
27,34,200103
27,77,200103
27,157,200103
27,17,200103
27,51,200103
27,1,200103
27,138,200103
27,28,200103
27,143,200103
27,4,200103
27,20,200103
27,11,200103
27,126,200103
27,5,200103
27,108,200103
27,36,200103
27,60,200103
27,16,200103
27,19,200103
27,32,200103
27,96,200103
27,6,200103
27,165,200103
27,180,200103
27,35,200103
27,107,200103
27,10,200103
27,30,200103
27,112,200103
27,52,200103
27,83,200103
27,81,200103
27,133,200103
27,31,200103
27,355,200103
27,117,200103
27,248,200103
27,76,200103
27,85,200103
27,23,200103
27,26,200103
27,102,200103
27,13,200103
27,97,200103
27,99,200103
27,14,200103
27,48,200103
27,0,200103
27,132,200103
27,12,200103
27,124,200103
27,119,200103
27,22,200103
27,146,200103
27,320,200103
27,142,200103
27,155,200103
27,2,200103
27,21,200103
27,40,200103
27,18,200103
27,54,200103
27,72,200103
27,135,200103
27,92,200103
27,137,200103
27,9,200103
27,160,200103
27,46,200103
27,29,200103
27,154,200103
28,96,200103
28,85,200103
28,25,200103
28,161,200103
28,18,200103
28,1,200103
28,143,200103
28,32,200103
28,142,200103
28,160,200103
28,213,200103
28,77,200103
28,35,200103
28,108,200103
28,97,200103
28,99,200103
28,181,200103
28,14,200103
28,102,200103
28,136,200103
28,19,200103
28,81,200103
28,189,200103
28,4,200103
28,137,200103
28,16,200103
28,126,200103
28,5,200103
28,261,200103
28,10,200103
28,38,200103
28,30,200103
28,26,200103
28,27,200103
28,53,200103
28,48,200103
28,83,200103
28,0,200103
28,2,200103
28,29,200103
28,36,200103
28,13,200103
28,184,200103
28,155,200103
28,33,200103
28,72,200103
28,183,200103
28,69,200103
28,12,200103
28,100,200103
28,60,200103
28,51,200103
28,154,200103
28,11,200103
28,92,200103
28,135,200103
28,20,200103
28,59,200103
28,165,200103
28,107,200103
28,31,200103
28,17,200103
28,46,200103
28,146,200103
28,6,200103
28,64,200103
28,22,200103
28,112,200103
28,40,200103
28,21,200103
29,96,200103
29,110,200103
29,13,200103
29,98,200103
29,39,200103
29,137,200103
29,48,200103
29,87,200103
29,89,200103
29,1175,200103
29,59,200103
29,19,200103
29,212,200103
29,143,200103
29,181,200103
29,81,200103
29,85,200103
29,2,200103
29,4,200103
29,18,200103
29,14,200103
29,40,200103
29,99,200103
29,234,200103
29,129,200103
29,26,200103
29,0,200103
29,80,200103
29,38,200103
29,35,200103
29,113,200103
29,182,200103
29,6,200103
29,60,200103
29,1,200103
29,142,200103
29,265,200103
29,23,200103
29,108,200103
29,248,200103
29,41,200103
29,157,200103
29,17,200103
29,156,200103
29,9,200103
29,100,200103
29,36,200103
29,28,200103
29,355,200103
29,522,200103
29,124,200103
29,276,200103
29,196,200103
29,107,200103
29,320,200103
29,7,200103
29,213,200103
29,139,200103
29,544,200103
29,172,200103
29,8,200103
29,146,200103
29,159,200103
29,71,200103
29,76,200103
29,141,200103
29,269,200103
29,58,200103
29,120,200103
29,224,200103
29,233,200103
29,16,200103
29,69,200103
29,145,200103
29,44,200103
29,171,200103
29,270,200103
29,292,200103
29,57,200103
29,183,200103
29,274,200103
29,54,200103
29,65,200103
29,160,200103
29,134,200103
29,24,200103
29,15,200103
29,62,200103
29,176,200103
29,198,200103
29,125,200103
29,12,200103
29,169,200103
29,193,200103
29,74,200103
29,195,200103
29,165,200103
29,55,200103
29,79,200103
29,175,200103
29,101,200103
29,208,200103
29,34,200103
29,126,200103
29,144,200103
29,66,200103
29,242,200103
29,51,200103
29,53,200103
29,132,200103
29,180,200103
29,163,200103
29,11,200103
29,131,200103
29,43,200103
29,117,200103
29,31,200103
29,83,200103
29,25,200103
29,72,200103
29,5,200103
29,46,200103
29,77,200103
29,154,200103
29,22,200103
29,102,200103
29,21,200103
29,10,200103
29,155,200103
29,97,200103
29,52,200103
29,27,200103
29,112,200103
29,32,200103
29,20,200103
29,136,200103
29,64,200103
30,136,200103
30,12,200103
30,107,200103
30,143,200103
30,4,200103
30,17,200103
30,135,200103
30,34,200103
30,16,200103
30,27,200103
30,51,200103
30,84,200103
30,248,200103
30,113,200103
30,223,200103
30,28,200103
30,18,200103
30,11,200103
31,96,200103
31,77,200103
31,118,200103
31,160,200103
31,22,200103
31,20,200103
31,58,200103
31,174,200103
31,144,200103
31,40,200103
31,208,200103
31,102,200103
31,117,200103
31,120,200103
31,165,200103
31,115,200103
31,126,200103
31,19,200103
31,64,200103
31,265,200103
31,134,200103
31,85,200103
31,23,200103
31,81,200103
31,124,200103
31,98,200103
31,15,200103
31,125,200103
31,61,200103
31,38,200103
31,157,200103
31,54,200103
31,143,200103
31,76,200103
31,107,200103
31,18,200103
31,146,200103
31,11,200103
31,26,200103
31,51,200103
31,133,200103
31,21,200103
31,1,200103
31,6,200103
31,25,200103
31,13,200103
31,99,200103
31,2,200103
31,4,200103
31,17,200103
31,5,200103
31,35,200103
31,16,200103
31,52,200103
31,155,200103
31,136,200103
31,28,200103
31,80,200103
31,36,200103
31,100,200103
31,119,200103
31,32,200103
31,60,200103
31,48,200103
31,29,200103
31,137,200103
31,10,200103
31,46,200103
31,27,200103
31,0,200103
31,154,200103
31,108,200103
31,83,200103
31,92,200103
31,135,200103
31,14,200103
31,97,200103
32,60,200103
32,19,200103
32,138,200103
32,143,200103
32,27,200103
32,110,200103
32,98,200103
32,76,200103
32,48,200103
32,99,200103
32,85,200103
32,13,200103
32,23,200103
32,18,200103
32,10,200103
32,21,200103
32,39,200103
32,137,200103
32,82,200103
32,140,200103
32,126,200103
32,129,200103
32,113,200103
32,108,200103
32,169,200103
32,5,200103
32,96,200103
32,35,200103
32,1,200103
32,136,200103
32,66,200103
32,22,200103
32,36,200103
32,4,200103
32,40,200103
32,430,200103
32,9,200103
32,80,200103
32,51,200103
32,12,200103
32,28,200103
32,124,200103
32,134,200103
32,112,200103
32,17,200103
32,107,200103
32,72,200103
32,151,200103
32,83,200103
32,355,200103
32,97,200103
32,86,200103
32,2,200103
32,92,200103
32,24,200103
32,71,200103
32,545,200103
32,262,200103
32,16,200103
32,59,200103
32,46,200103
32,422,200103
32,440,200103
32,101,200103
32,159,200103
32,181,200103
32,206,200103
32,429,200103
32,332,200103
32,420,200103
32,45,200103
32,26,200103
32,63,200103
32,546,200103
32,62,200103
32,142,200103
32,242,200103
32,205,200103
32,208,200103
32,176,200103
32,79,200103
32,163,200103
32,146,200103
32,64,200103
32,117,200103
32,198,200103
32,74,200103
32,44,200103
32,132,200103
32,276,200103
32,362,200103
32,65,200103
32,170,200103
32,269,200103
32,193,200103
32,75,200103
32,270,200103
32,81,200103
32,57,200103
32,43,200103
32,171,200103
32,120,200103
32,175,200103
32,320,200103
32,197,200103
32,11,200103
32,38,200103
32,31,200103
32,180,200103
32,94,200103
32,0,200103
32,102,200103
32,100,200103
32,52,200103
32,155,200103
32,154,200103
32,89,200103
32,6,200103
32,135,200103
32,131,200103
32,139,200103
32,25,200103
32,20,200103
32,14,200103
32,29,200103
32,77,200103
32,54,200103
32,160,200103
33,21,200103
33,133,200103
33,19,200103
33,107,200103
33,17,200103
33,136,200103
33,51,200103
33,4,200103
33,20,200103
34,165,200103
34,77,200103
34,124,200103
34,27,200103
34,9,200103
34,104,200103
34,137,200103
34,72,200103
34,64,200103
34,160,200103
34,83,200103
34,97,200103
34,11,200103
34,24,200103
34,30,200103
34,31,200103
34,19,200103
34,23,200103
34,176,200103
34,248,200103
34,146,200103
34,137,200103
34,25,200103
34,97,200103
34,29,200103
34,1,200103
34,136,200103
34,154,200103
35,97,200103
35,39,200103
35,46,200103
35,48,200103
35,57,200103
35,105,200103
35,0,200103
35,19,200103
35,139,200103
35,143,200103
35,129,200103
35,4,200103
35,108,200103
35,132,200103
35,9,200103
35,237,200103
35,10,200103
35,169,200103
35,28,200103
35,27,200103
35,85,200103
35,72,200103
35,11,200103
35,59,200103
35,136,200103
35,69,200103
35,73,200103
35,16,200103
35,181,200103
35,6,200103
35,13,200103
35,18,200103
35,307,200103
35,110,200103
35,180,200103
35,102,200103
35,32,200103
35,2,200103
35,142,200103
35,77,200103
35,155,200103
35,81,200103
35,71,200103
35,146,200103
35,78,200103
35,26,200103
35,60,200103
35,99,200103
35,173,200103
35,347,200103
35,41,200103
35,112,200103
35,1,200103
35,31,200103
35,64,200103
35,14,200103
35,52,200103
35,83,200103
35,94,200103
35,20,200103
35,100,200103
35,17,200103
35,172,200103
35,25,200103
35,160,200103
35,769,200103
35,40,200103
35,154,200103
35,29,200103
35,137,200103
36,48,200103
36,35,200103
36,139,200103
36,143,200103
36,107,200103
36,26,200103
36,51,200103
36,10,200103
36,16,200103
36,27,200103
36,28,200103
36,126,200103
36,96,200103
36,19,200103
36,136,200103
36,38,200103
36,79,200103
36,59,200103
36,1,200103
36,2,200103
36,20,200103
36,142,200103
36,6,200103
36,117,200103
36,0,200103
36,80,200103
36,52,200103
36,55,200103
36,108,200103
36,180,200103
36,102,200103
36,155,200103
36,17,200103
36,135,200103
36,154,200103
36,60,200103
36,13,200103
36,31,200103
36,178,200103
36,32,200103
36,14,200103
36,137,200103
36,29,200103
36,25,200103
36,83,200103
36,146,200103
36,40,200103
36,99,200103
36,46,200103
36,97,200103
38,6,200103
38,120,200103
38,143,200103
38,141,200103
38,59,200103
38,66,200103
38,29,200103
38,97,200103
38,213,200103
38,80,200103
38,21,200103
38,94,200103
38,101,200103
38,183,200103
38,32,200103
38,175,200103
38,181,200103
38,278,200103
38,132,200103
38,104,200103
38,160,200103
38,28,200103
38,25,200103
38,142,200103
38,92,200103
38,11,200103
38,73,200103
38,126,200103
38,81,200103
38,100,200103
38,16,200103
38,26,200103
38,13,200103
38,146,200103
38,40,200103
38,137,200103
38,154,200103
38,19,200103
38,46,200103
39,455,200103
39,97,200103
39,80,200103
39,13,200103
39,24,200103
39,137,200103
39,6,200103
39,157,200103
39,60,200103
39,35,200103
39,23,200103
39,29,200103
39,36,200103
39,19,200103
39,83,200103
39,143,200103
39,112,200103
39,444,200103
39,25,200103
39,76,200103
39,58,200103
39,154,200103
39,92,200103
39,14,200103
39,26,200103
39,146,200103
39,46,200103
40,165,200103
40,19,200103
40,143,200103
40,65,200103
40,142,200103
40,208,200103
40,123,200103
40,12,200103
40,18,200103
40,61,200103
40,137,200103
40,145,200103
40,233,200103
40,131,200103
40,85,200103
40,117,200103
40,51,200103
40,106,200103
40,80,200103
40,163,200103
40,45,200103
40,21,200103
40,22,200103
40,1,200103
40,94,200103
40,2,200103
40,129,200103
40,78,200103
40,320,200103
40,100,200103
40,64,200103
40,59,200103
40,362,200103
40,16,200103
40,97,200103
40,124,200103
40,146,200103
40,57,200103
40,76,200103
40,55,200103
40,181,200103
40,140,200103
40,175,200103
40,32,200103
40,83,200103
40,63,200103
40,120,200103
40,27,200103
40,6,200103
40,134,200103
40,332,200103
40,206,200103
40,338,200103
40,29,200103
40,75,200103
40,25,200103
40,66,200103
40,38,200103
40,182,200103
40,113,200103
40,154,200103
40,24,200103
40,31,200103
40,26,200103
40,79,200103
40,135,200103
40,176,200103
40,0,200103
40,54,200103
40,139,200103
40,126,200103
40,155,200103
40,180,200103
40,10,200103
40,102,200103
40,4,200103
40,77,200103
40,28,200103
40,81,200103
40,35,200103
40,52,200103
40,48,200103
40,36,200103
40,99,200103
40,136,200103
40,20,200103
40,14,200103
40,17,200103
40,13,200103
40,108,200103
40,46,200103
40,60,200103
41,76,200103
41,36,200103
41,120,200103
41,54,200103
41,132,200103
41,48,200103
41,146,200103
41,60,200103
41,35,200103
41,97,200103
43,44,200103
43,74,200103
43,83,200103
43,62,200103
43,111,200103
43,139,200103
43,131,200103
43,154,200103
43,54,200103
43,136,200103
43,97,200103
43,32,200103
43,18,200103
43,146,200103
43,29,200103
44,43,200103
44,197,200103
44,29,200103
44,32,200103
44,18,200103
45,118,200103
45,26,200103
45,269,200103
45,100,200103
45,160,200103
45,102,200103
45,117,200103
45,28,200103
45,137,200103
45,135,200103
45,126,200103
45,1,200103
45,113,200103
45,142,200103
45,17,200103
45,29,200103
45,6,200103
45,13,200103
45,19,200103
45,83,200103
45,32,200103
45,99,200103
45,25,200103
45,154,200103
45,146,200103
45,46,200103
45,97,200103
46,274,200103
46,76,200103
46,77,200103
46,19,200103
46,83,200103
46,143,200103
46,25,200103
46,15,200103
46,112,200103
46,216,200103
46,165,200103
46,124,200103
46,155,200103
46,197,200103
46,154,200103
46,188,200103
46,85,200103
46,362,200103
46,181,200103
46,131,200103
46,157,200103
46,135,200103
46,29,200103
46,107,200103
46,9,200103
46,12,200103
46,170,200103
46,13,200103
46,51,200103
46,2,200103
46,66,200103
46,113,200103
46,160,200103
46,32,200103
46,18,200103
46,6,200103
46,342,200103
46,16,200103
46,79,200103
46,141,200103
46,172,200103
46,58,200103
46,224,200103
46,101,200103
46,180,200103
46,126,200103
46,237,200103
46,146,200103
46,57,200103
46,24,200103
46,176,200103
46,4,200103
46,54,200103
46,140,200103
46,129,200103
46,117,200103
46,39,200103
46,28,200103
46,10,200103
46,80,200103
46,1,200103
46,20,200103
46,81,200103
46,64,200103
46,136,200103
46,31,200103
46,27,200103
46,102,200103
46,137,200103
46,94,200103
46,156,200103
46,142,200103
46,278,200103
46,97,200103
46,17,200103
46,52,200103
46,78,200103
46,0,200103
46,38,200103
46,45,200103
46,36,200103
46,120,200103
46,320,200103
46,139,200103
46,100,200103
46,35,200103
46,48,200103
46,99,200103
46,14,200103
46,26,200103
46,40,200103
46,60,200103
46,108,200103
47,116,200103
47,93,200103
47,108,200103
47,124,200103
47,35,200103
47,165,200103
47,72,200103
47,248,200103
47,97,200103
47,25,200103
47,274,200103
47,137,200103
47,92,200103
48,45,200103
48,82,200103
48,60,200103
48,160,200103
48,35,200103
48,36,200103
48,375,200103
48,143,200103
48,13,200103
48,161,200103
48,139,200103
48,11,200103
48,4,200103
48,126,200103
48,26,200103
48,156,200103
48,25,200103
48,27,200103
48,16,200103
48,17,200103
48,108,200103
48,85,200103
48,1,200103
48,20,200103
48,52,200103
48,83,200103
48,19,200103
48,24,200103
48,106,200103
48,6,200103
48,135,200103
48,81,200103
48,29,200103
48,307,200103
48,12,200103
48,41,200103
48,28,200103
48,21,200103
48,136,200103
48,5,200103
48,102,200103
48,142,200103
48,155,200103
48,64,200103
48,96,200103
48,180,200103
48,18,200103
48,54,200103
48,77,200103
48,146,200103
48,92,200103
48,154,200103
48,129,200103
48,119,200103
48,341,200103
48,99,200103
48,10,200103
48,0,200103
48,31,200103
48,178,200103
48,32,200103
48,14,200103
48,137,200103
48,100,200103
48,59,200103
48,40,200103
48,97,200103
48,46,200103
49,177,200103
49,51,200103
50,51,200103
50,4,200103
51,96,200103
51,97,200103
51,13,200103
51,136,200103
51,137,200103
51,132,200103
51,165,200103
51,61,200103
51,69,200103
51,26,200103
51,60,200103
51,18,200103
51,5,200103
51,12,200103
51,23,200103
51,207,200103
51,143,200103
51,4,200103
51,11,200103
51,21,200103
51,327,200103
51,32,200103
51,83,200103
51,81,200103
51,46,200103
51,843,200103
51,100,200103
51,27,200103
51,99,200103
51,317,200103
51,149,200103
51,86,200103
51,126,200103
51,22,200103
51,16,200103
51,164,200103
51,50,200103
51,311,200103
51,189,200103
51,110,200103
51,301,200103
51,34,200103
51,222,200103
51,196,200103
51,25,200103
51,85,200103
51,248,200103
51,6,200103
51,135,200103
51,14,200103
51,108,200103
51,17,200103
51,31,200103
51,1,200103
51,28,200103
51,761,200103
51,866,200103
51,133,200103
51,10,200103
51,49,200103
51,59,200103
51,177,200103
51,741,200103
51,215,200103
51,33,200103
51,64,200103
51,112,200103
51,184,200103
51,214,200103
51,29,200103
51,183,200103
51,213,200103
51,89,200103
51,107,200103
51,20,200103
51,154,200103
51,113,200103
51,146,200103
52,180,200103
52,136,200103
52,6,200103
52,59,200103
52,26,200103
52,155,200103
52,19,200103
52,102,200103
52,138,200103
52,143,200103
52,5,200103
52,11,200103
52,133,200103
52,181,200103
52,29,200103
52,137,200103
52,12,200103
52,131,200103
52,112,200103
52,21,200103
52,54,200103
52,53,200103
52,20,200103
52,1,200103
52,80,200103
52,35,200103
52,48,200103
52,23,200103
52,28,200103
52,117,200103
52,22,200103
52,97,200103
52,60,200103
52,17,200103
52,51,200103
52,129,200103
52,4,200103
52,36,200103
52,92,200103
52,108,200103
52,83,200103
52,139,200103
52,100,200103
52,13,200103
52,10,200103
52,16,200103
52,25,200103
52,31,200103
52,135,200103
52,18,200103
52,99,200103
52,64,200103
52,14,200103
52,32,200103
52,154,200103
52,40,200103
52,46,200103
52,146,200103
53,118,200103
53,11,200103
53,96,200103
53,0,200103
53,32,200103
53,20,200103
53,85,200103
53,76,200103
53,19,200103
53,135,200103
53,88,200103
53,160,200103
53,248,200103
53,183,200103
53,45,200103
53,107,200103
53,29,200103
53,17,200103
53,22,200103
53,6,200103
53,2,200103
53,1,200103
53,99,200103
53,18,200103
53,137,200103
53,25,200103
53,146,200103
53,136,200103
53,154,200103
53,97,200103
54,32,200103
54,12,200103
54,19,200103
54,143,200103
54,80,200103
54,74,200103
54,79,200103
54,137,200103
54,265,200103
54,63,200103
54,97,200103
54,51,200103
54,64,200103
54,146,200103
54,104,200103
54,72,200103
54,25,200103
54,76,200103
54,55,200103
54,99,200103
54,38,200103
54,52,200103
54,31,200103
54,28,200103
54,9,200103
54,27,200103
54,100,200103
54,248,200103
54,34,200103
54,35,200103
54,10,200103
54,17,200103
54,132,200103
54,1,200103
54,2,200103
54,43,200103
54,375,200103
54,94,200103
54,81,200103
54,139,200103
54,48,200103
54,16,200103
54,60,200103
54,18,200103
54,83,200103
54,6,200103
54,131,200103
54,108,200103
54,135,200103
54,136,200103
54,13,200103
54,29,200103
54,46,200103
54,26,200103
54,40,200103
54,160,200103
54,154,200103
55,180,200103
55,48,200103
55,31,200103
55,137,200103
55,112,200103
55,46,200103
55,36,200103
55,16,200103
55,13,200103
55,6,200103
55,29,200103
55,40,200103
55,59,200103
55,19,200103
57,46,200103
57,160,200103
57,19,200103
57,143,200103
57,154,200103
57,282,200103
57,274,200103
57,76,200103
57,6,200103
57,14,200103
57,77,200103
57,1190,200103
57,16,200103
57,29,200103
57,31,200103
57,26,200103
57,40,200103
57,25,200103
57,137,200103
57,97,200103
57,32,200103
57,146,200103
58,336,200103
58,118,200103
58,161,200103
58,41,200103
58,98,200103
58,141,200103
58,544,200103
58,216,200103
58,83,200103
58,154,200103
58,165,200103
58,137,200103
58,29,200103
58,160,200103
58,25,200103
58,146,200103
58,46,200103
58,97,200103
59,110,200103
59,97,200103
59,87,200103
59,17,200103
59,29,200103
59,138,200103
59,143,200103
59,9,200103
59,136,200103
59,274,200103
59,113,200103
59,129,200103
59,23,200103
59,164,200103
59,96,200103
59,307,200103
59,35,200103
59,16,200103
59,7,200103
59,20,200103
59,28,200103
59,4,200103
59,0,200103
59,334,200103
59,38,200103
59,13,200103
59,40,200103
59,89,200103
59,83,200103
59,32,200103
59,51,200103
59,14,200103
59,126,200103
59,194,200103
59,137,200103
59,180,200103
59,52,200103
59,102,200103
59,18,200103
59,25,200103
59,117,200103
59,142,200103
59,1,200103
59,139,200103
59,99,200103
59,11,200103
59,172,200103
59,5,200103
59,112,200103
59,108,200103
59,55,200103
59,146,200103
59,60,200103
59,154,200103
59,36,200103
59,48,200103
59,10,200103
60,96,200103
60,97,200103
60,52,200103
60,31,200103
60,13,200103
60,39,200103
60,165,200103
60,48,200103
60,34,200103
60,17,200103
60,35,200103
60,19,200103
60,1,200103
60,375,200103
60,28,200103
60,143,200103
60,20,200103
60,11,200103
60,108,200103
60,59,200103
60,137,200103
60,208,200103
60,55,200103
60,100,200103
60,112,200103
60,6,200103
60,51,200103
60,136,200103
60,14,200103
60,320,200103
60,5,200103
60,113,200103
60,36,200103
60,72,200103
60,29,200103
60,182,200103
60,89,200103
60,99,200103
60,10,200103
60,12,200103
60,146,200103
60,135,200103
60,4,200103
60,16,200103
60,110,200103
60,75,200103
60,176,200103
60,54,200103
60,117,200103
60,32,200103
60,142,200103
60,769,200103
60,155,200103
60,156,200103
60,102,200103
60,80,200103
60,157,200103
60,83,200103
60,18,200103
60,85,200103
60,77,200103
60,41,200103
60,79,200103
60,81,200103
60,2,200103
60,76,200103
60,26,200103
60,0,200103
60,180,200103
60,139,200103
60,119,200103
60,126,200103
60,129,200103
60,154,200103
60,64,200103
60,92,200103
60,27,200103
60,178,200103
60,160,200103
60,25,200103
60,46,200103
60,40,200103
61,18,200103
61,138,200103
61,143,200103
61,54,200103
61,59,200103
61,46,200103
61,29,200103
61,40,200103
61,166,200103
61,154,200103
61,136,200103
62,138,200103
62,66,200103
62,143,200103
62,101,200103
62,16,200103
62,26,200103
62,137,200103
62,32,200103
62,97,200103
62,29,200103
62,146,200103
63,182,200103
63,66,200103
63,117,200103
63,140,200103
63,16,200103
63,32,200103
63,146,200103
63,40,200103
63,97,200103
64,326,200103
64,14,200103
64,77,200103
64,100,200103
64,27,200103
64,23,200103
64,143,200103
64,81,200103
64,84,200103
64,122,200103
64,54,200103
64,223,200103
64,278,200103
64,80,200103
64,18,200103
64,15,200103
64,69,200103
64,137,200103
64,0,200103
64,157,200103
64,57,200103
64,21,200103
64,5,200103
64,152,200103
64,9,200103
64,78,200103
64,113,200103
64,160,200103
64,11,200103
64,12,200103
64,1,200103
64,89,200103
64,139,200103
64,48,200103
64,172,200103
64,22,200103
64,40,200103
64,19,200103
64,16,200103
64,129,200103
64,117,200103
64,32,200103
64,85,200103
64,51,200103
64,13,200103
64,6,200103
64,35,200103
64,112,200103
64,154,200103
64,146,200103
64,25,200103
64,60,200103
64,108,200103
64,52,200103
64,10,200103
64,46,200103
64,26,200103
64,28,200103
64,4,200103
64,17,200103
64,97,200103
64,29,200103
64,20,200103
64,136,200103
65,81,200103
65,338,200103
65,117,200103
65,269,200103
65,19,200103
65,16,200103
65,40,200103
65,32,200103
65,29,200103
65,97,200103
65,146,200103
66,62,200103
66,143,200103
66,13,200103
66,146,200103
66,74,200103
66,79,200103
66,38,200103
66,60,200103
66,248,200103
66,32,200103
66,16,200103
66,154,200103
66,135,200103
66,97,200103
66,29,200103
66,40,200103
69,247,200103
69,137,200103
69,132,200103
69,27,200103
69,160,200103
69,501,200103
69,23,200103
69,207,200103
69,51,200103
69,143,200103
69,4,200103
69,222,200103
69,54,200103
69,64,200103
69,19,200103
69,136,200103
69,18,200103
69,248,200103
69,105,200103
69,85,200103
69,22,200103
69,177,200103
69,72,200103
69,108,200103
69,1,200103
69,133,200103
69,28,200103
69,10,200103
69,112,200103
69,21,200103
69,17,200103
69,11,200103
69,107,200103
69,183,200103
69,29,200103
69,5,200103
69,20,200103
70,136,200103
70,371,200103
70,248,200103
71,2,200103
71,60,200103
71,31,200103
71,97,200103
71,108,200103
71,26,200103
71,35,200103
71,32,200103
71,6,200103
71,17,200103
71,29,200103
71,20,200103
71,25,200103
71,18,200103
71,136,200103
71,137,200103
72,96,200103
72,124,200103
72,28,200103
72,2,200103
72,143,200103
72,21,200103
72,183,200103
72,34,200103
72,139,200103
72,58,200103
72,77,200103
72,54,200103
72,80,200103
72,19,200103
72,102,200103
72,116,200103
72,64,200103
72,11,200103
72,29,200103
72,100,200103
72,47,200103
72,113,200103
72,81,200103
72,27,200103
72,25,200103
72,99,200103
72,9,200103
72,165,200103
72,149,200103
72,17,200103
72,93,200103
72,133,200103
72,32,200103
72,14,200103
72,85,200103
72,10,200103
72,135,200103
72,146,200103
72,137,200103
72,154,200103
72,1,200103
72,92,200103
72,136,200103
72,97,200103
72,274,200103
73,35,200103
73,97,200103
74,131,200103
74,242,200103
74,123,200103
74,136,200103
74,61,200103
74,43,200103
74,86,200103
74,146,200103
74,46,200103
74,97,200103
74,248,200103
74,160,200103
74,32,200103
74,18,200103
74,29,200103
75,151,200103
75,48,200103
75,180,200103
75,77,200103
75,120,200103
75,248,200103
75,60,200103
75,32,200103
75,146,200103
75,40,200103
75,97,200103
76,6,200103
76,77,200103
76,161,200103
76,140,200103
76,143,200103
76,108,200103
76,2,200103
76,171,200103
76,142,200103
76,165,200103
76,155,200103
76,85,200103
76,83,200103
76,29,200103
76,242,200103
76,72,200103
76,101,200103
76,27,200103
76,25,200103
76,156,200103
76,16,200103
76,32,200103
76,181,200103
76,55,200103
76,160,200103
76,36,200103
76,224,200103
76,46,200103
76,14,200103
76,26,200103
76,40,200103
76,137,200103
76,146,200103
76,60,200103
76,19,200103
76,97,200103
77,221,200103
77,30,200103
77,142,200103
77,14,200103
77,224,200103
77,76,200103
77,57,200103
77,34,200103
77,124,200103
77,27,200103
77,155,200103
77,19,200103
77,134,200103
77,111,200103
77,188,200103
77,154,200103
77,108,200103
77,282,200103
77,12,200103
77,83,200103
77,112,200103
77,123,200103
77,206,200103
77,197,200103
77,54,200103
77,13,200103
77,170,200103
77,107,200103
77,0,200103
77,64,200103
77,157,200103
77,81,200103
77,4,200103
77,9,200103
77,2,200103
77,341,200103
77,100,200103
77,137,200103
77,126,200103
77,35,200103
77,85,200103
77,20,200103
77,136,200103
77,102,200103
77,52,200103
77,139,200103
77,28,200103
77,17,200103
77,129,200103
77,6,200103
77,143,200103
77,48,200103
77,25,200103
77,92,200103
77,26,200103
77,10,200103
77,60,200103
77,1,200103
77,94,200103
77,99,200103
77,146,200103
77,16,200103
77,135,200103
77,375,200103
77,29,200103
77,160,200103
77,46,200103
77,40,200103
77,18,200103
77,32,200103
77,97,200103
78,100,200103
78,118,200103
78,75,200103
78,141,200103
78,48,200103
78,14,200103
78,35,200103
78,81,200103
78,16,200103
78,1,200103
78,26,200103
78,40,200103
78,25,200103
78,6,200103
78,137,200103
78,146,200103
78,97,200103
78,46,200103
79,512,200103
79,176,200103
79,40,200103
79,16,200103
79,66,200103
79,154,200103
79,74,200103
79,278,200103
79,18,200103
79,114,200103
79,266,200103
79,294,200103
79,32,200103
79,46,200103
79,146,200103
79,60,200103
79,29,200103
79,97,200103
80,85,200103
80,39,200103
80,28,200103
80,143,200103
80,181,200103
80,34,200103
80,101,200103
80,327,200103
80,19,200103
80,41,200103
80,278,200103
80,120,200103
80,107,200103
80,76,200103
80,94,200103
80,29,200103
80,112,200103
80,152,200103
80,102,200103
80,16,200103
80,36,200103
80,98,200103
80,5,200103
80,27,200103
80,83,200103
80,157,200103
80,154,200103
80,6,200103
80,26,200103
80,48,200103
80,100,200103
80,40,200103
80,60,200103
80,146,200103
80,25,200103
80,1,200103
80,160,200103
80,108,200103
80,32,200103
80,10,200103
80,137,200103
80,135,200103
80,31,200103
80,92,200103
80,14,200103
80,46,200103
80,0,200103
80,97,200103
81,16,200103
81,99,200103
81,32,200103
81,29,200103
81,362,200103
81,40,200103
81,78,200103
81,10,200103
81,22,200103
81,72,200103
81,51,200103
81,132,200103
81,23,200103
81,165,200103
81,9,200103
81,208,200103
81,142,200103
81,12,200103
81,97,200103
81,265,200103
81,21,200103
81,160,200103
81,52,200103
81,14,200103
81,96,200103
81,137,200103
81,76,200103
81,77,200103
81,25,200103
81,134,200103
81,80,200103
81,18,200103
81,85,200103
81,172,200103
81,38,200103
81,28,200103
81,6,200103
81,120,200103
81,113,200103
81,27,200103
81,17,200103
81,1,200103
81,136,200103
81,48,200103
81,13,200103
81,92,200103
81,35,200103
81,146,200103
81,54,200103
81,26,200103
81,60,200103
81,139,200103
81,31,200103
81,154,200103
81,83,200103
81,108,200103
81,19,200103
81,46,200103
81,135,200103
82,32,200103
82,146,200103
82,143,200103
82,16,200103
82,6,200103
82,97,200103
83,333,200103
83,39,200103
83,32,200103
83,76,200103
83,64,200103
83,161,200103
83,19,200103
83,143,200103
83,10,200103
83,134,200103
83,2,200103
83,48,200103
83,6,200103
83,81,200103
83,137,200103
83,100,200103
83,12,200103
83,0,200103
83,24,200103
83,77,200103
83,270,200103
83,164,200103
83,16,200103
83,58,200103
83,25,200103
83,15,200103
83,53,200103
83,9,200103
83,1,200103
83,142,200103
83,27,200103
83,124,200103
83,117,200103
83,120,200103
83,11,200103
83,112,200103
83,46,200103
83,176,200103
83,23,200103
83,96,200103
83,20,200103
83,4,200103
83,136,200103
83,153,200103
83,52,200103
83,17,200103
83,45,200103
83,59,200103
83,28,200103
83,102,200103
83,26,200103
83,13,200103
83,54,200103
83,320,200103
83,99,200103
83,85,200103
83,60,200103
83,40,200103
83,35,200103
83,146,200103
83,195,200103
83,108,200103
83,97,200103
83,135,200103
83,160,200103
83,18,200103
83,36,200103
83,29,200103
83,154,200103
83,31,200103
83,14,200103
84,16,200103
84,223,200103
84,88,200103
84,248,200103
84,30,200103
84,4,200103
84,18,200103
84,11,200103
85,96,200103
85,14,200103
85,53,200103
85,25,200103
85,118,200103
85,143,200103
85,181,200103
85,99,200103
85,26,200103
85,135,200103
85,133,200103
85,24,200103
85,9,200103
85,371,200103
85,2,200103
85,183,200103
85,80,200103
85,97,200103
85,52,200103
85,156,200103
85,136,200103
85,16,200103
85,180,200103
85,54,200103
85,35,200103
85,13,200103
85,28,200103
85,98,200103
85,155,200103
85,120,200103
85,23,200103
85,19,200103
85,83,200103
85,32,200103
85,60,200103
85,64,200103
85,69,200103
85,21,200103
85,248,200103
85,102,200103
85,6,200103
85,0,200103
85,48,200103
85,142,200103
85,20,200103
85,124,200103
85,5,200103
85,116,200103
85,112,200103
85,72,200103
85,161,200103
85,92,200103
85,137,200103
85,154,200103
85,93,200103
85,149,200103
85,108,200103
85,11,200103
85,17,200103
85,115,200103
85,31,200103
85,27,200103
85,29,200103
85,146,200103
85,160,200103
85,18,200103
85,165,200103
85,10,200103
85,1,200103
85,274,200103
86,143,200103
86,137,200103
86,27,200103
86,238,200103
86,21,200103
86,29,200103
86,32,200103
86,4,200103
86,11,200103
86,18,200103
87,203,200103
87,89,200103
88,112,200103
88,84,200103
88,4,200103
88,11,200103
89,87,200103
89,64,200103
89,8,200103
89,121,200103
89,18,200103
89,7,200103
89,23,200103
89,212,200103
89,97,200103
89,13,200103
89,51,200103
89,113,200103
89,396,200103
89,91,200103
89,14,200103
89,135,200103
89,136,200103
89,323,200103
89,10,200103
89,59,200103
89,1,200103
89,29,200103
89,770,200103
89,11,200103
89,5,200103
89,90,200103
89,112,200103
89,20,200103
89,17,200103
89,6,200103
89,137,200103
89,154,200103
89,25,200103
89,32,200103
89,243,200103
89,4,200103
90,8,200103
90,323,200103
90,243,200103
90,7,200103
90,89,200103
91,89,200103
92,25,200103
92,29,200103
92,133,200103
92,18,200103
92,46,200103
92,20,200103
92,81,200103
92,39,200103
92,248,200103
92,23,200103
92,12,200103
92,51,200103
92,112,200103
92,155,200103
92,52,200103
92,180,200103
92,21,200103
92,28,200103
92,143,200103
92,32,200103
92,83,200103
92,85,200103
92,5,200103
92,100,200103
92,119,200103
92,102,200103
92,4,200103
92,16,200103
92,77,200103
92,107,200103
92,11,200103
92,48,200103
92,146,200103
92,116,200103
92,341,200103
92,137,200103
92,115,200103
92,124,200103
92,26,200103
92,17,200103
92,108,200103
92,96,200103
92,60,200103
92,165,200103
92,149,200103
92,80,200103
92,157,200103
92,27,200103
92,9,200103
92,72,200103
92,14,200103
92,47,200103
92,97,200103
92,135,200103
92,154,200103
92,10,200103
92,31,200103
92,1,200103
92,93,200103
92,2,200103
92,0,200103
92,274,200103
93,47,200103
93,2,200103
93,143,200103
93,80,200103
93,0,200103
93,115,200103
93,116,200103
93,96,200103
93,72,200103
93,149,200103
93,18,200103
93,85,200103
93,137,200103
93,25,200103
93,274,200103
93,92,200103
94,25,200103
94,113,200103
94,18,200103
94,77,200103
94,99,200103
94,38,200103
94,57,200103
94,85,200103
94,19,200103
94,13,200103
94,54,200103
94,97,200103
94,146,200103
94,35,200103
94,16,200103
94,135,200103
94,6,200103
94,32,200103
94,46,200103
95,97,200103
96,13,200103
96,99,200103
96,136,200103
96,137,200103
96,64,200103
96,77,200103
96,59,200103
96,8,200103
96,10,200103
96,17,200103
96,26,200103
96,124,200103
96,12,200103
96,23,200103
96,1,200103
96,28,200103
96,143,200103
96,22,200103
96,20,200103
96,32,200103
96,81,200103
96,97,200103
96,135,200103
96,72,200103
96,120,200103
96,183,200103
96,84,200103
96,19,200103
96,248,200103
96,181,200103
96,93,200103
96,69,200103
96,107,200103
96,108,200103
96,121,200103
96,83,200103
96,4,200103
96,6,200103
96,165,200103
96,14,200103
96,0,200103
96,9,200103
96,51,200103
96,133,200103
96,21,200103
96,112,200103
96,11,200103
96,2,200103
96,115,200103
96,149,200103
96,60,200103
96,29,200103
96,154,200103
96,116,200103
96,27,200103
96,92,200103
96,5,200103
96,146,200103
96,18,200103
96,25,200103
96,274,200103
97,96,200103
97,39,200103
97,137,200103
97,48,200103
97,100,200103
97,10,200103
97,17,200103
97,23,200103
97,19,200103
97,1,200103
97,143,200103
97,20,200103
97,129,200103
97,94,200103
97,61,200103
97,140,200103
97,111,200103
97,28,200103
97,80,200103
97,2,200103
97,52,200103
97,1356,200103
97,18,200103
97,155,200103
97,16,200103
97,77,200103
97,38,200103
97,112,200103
97,51,200103
97,29,200103
97,134,200103
97,75,200103
97,163,200103
97,4,200103
97,27,200103
97,171,200103
97,5,200103
97,181,200103
97,21,200103
97,132,200103
97,22,200103
97,13,200103
97,113,200103
97,183,200103
97,121,200103
97,43,200103
97,136,200103
97,153,200103
97,118,200103
97,14,200103
97,40,200103
97,393,200103
97,157,200103
97,32,200103
97,25,200103
97,95,200103
97,85,200103
97,797,200103
97,54,200103
97,12,200103
97,101,200103
97,7,200103
97,540,200103
97,334,200103
97,35,200103
97,458,200103
97,57,200103
97,1052,200103
97,195,200103
97,47,200103
97,208,200103
97,510,200103
97,398,200103
97,452,200103
97,62,200103
97,216,200103
97,63,200103
97,66,200103
97,198,200103
97,165,200103
97,34,200103
97,455,200103
97,65,200103
97,119,200103
97,71,200103
97,175,200103
97,82,200103
97,342,200103
97,41,200103
97,341,200103
97,544,200103
97,167,200103
97,278,200103
97,83,200103
97,106,200103
97,79,200103
97,435,200103
97,274,200103
97,176,200103
97,78,200103
97,269,200103
97,188,200103
97,53,200103
97,142,200103
97,117,200103
97,141,200103
97,76,200103
97,237,200103
97,355,200103
97,197,200103
97,160,200103
97,320,200103
97,24,200103
97,72,200103
97,64,200103
97,860,200103
97,6,200103
97,172,200103
97,126,200103
97,9,200103
97,180,200103
97,0,200103
97,224,200103
97,73,200103
97,98,200103
97,250,200103
97,89,200103
97,139,200103
97,92,200103
97,158,200103
97,46,200103
97,124,200103
97,249,200103
97,102,200103
97,59,200103
97,26,200103
97,154,200103
97,156,200103
97,152,200103
97,58,200103
97,135,200103
97,120,200103
97,108,200103
97,81,200103
97,45,200103
97,31,200103
97,60,200103
97,146,200103
97,99,200103
97,36,200103
97,11,200103
98,31,200103
98,326,200103
98,92,200103
98,0,200103
98,16,200103
98,176,200103
98,46,200103
98,25,200103
98,40,200103
98,79,200103
98,157,200103
98,4,200103
98,5,200103
98,154,200103
98,152,200103
98,99,200103
98,80,200103
98,146,200103
98,29,200103
98,160,200103
98,137,200103
98,97,200103
99,31,200103
99,14,200103
99,32,200103
99,64,200103
99,10,200103
99,106,200103
99,18,200103
99,136,200103
99,139,200103
99,72,200103
99,153,200103
99,124,200103
99,21,200103
99,43,200103
99,81,200103
99,4,200103
99,320,200103
99,28,200103
99,22,200103
99,1,200103
99,77,200103
99,113,200103
99,60,200103
99,143,200103
99,57,200103
99,25,200103
99,233,200103
99,8,200103
99,71,200103
99,11,200103
99,23,200103
99,154,200103
99,39,200103
99,112,200103
99,27,200103
99,48,200103
99,53,200103
99,82,200103
99,51,200103
99,129,200103
99,20,200103
99,156,200103
99,132,200103
99,17,200103
99,118,200103
99,97,200103
99,2,200103
99,16,200103
99,96,200103
99,131,200103
99,108,200103
99,83,200103
99,45,200103
99,35,200103
99,24,200103
99,12,200103
99,59,200103
99,142,200103
99,117,200103
99,155,200103
99,54,200103
99,100,200103
99,13,200103
99,0,200103
99,126,200103
99,180,200103
99,52,200103
99,19,200103
99,102,200103
99,137,200103
99,36,200103
99,135,200103
99,160,200103
99,146,200103
99,40,200103
99,6,200103
99,29,200103
99,46,200103
99,26,200103
100,97,200103
100,52,200103
100,39,200103
100,63,200103
100,24,200103
100,27,200103
100,60,200103
100,35,200103
100,143,200103
100,76,200103
100,116,200103
100,124,200103
100,9,200103
100,31,200103
100,112,200103
100,320,200103
100,11,200103
100,21,200103
100,29,200103
100,181,200103
100,19,200103
100,102,200103
100,120,200103
100,20,200103
100,16,200103
100,113,200103
100,126,200103
100,6,200103
100,155,200103
100,81,200103
100,28,200103
100,1,200103
100,13,200103
100,18,200103
100,10,200103
100,80,200103
100,146,200103
100,25,200103
100,119,200103
100,92,200103
100,135,200103
100,77,200103
100,0,200103
100,108,200103
100,26,200103
100,83,200103
100,160,200103
100,99,200103
100,14,200103
100,137,200103
100,154,200103
100,32,200103
100,48,200103
100,46,200103
101,160,200103
101,375,200103
101,143,200103
101,188,200103
101,54,200103
101,79,200103
101,146,200103
101,242,200103
101,126,200103
101,53,200103
101,98,200103
101,120,200103
101,72,200103
101,25,200103
101,85,200103
101,137,200103
101,97,200103
101,16,200103
101,32,200103
101,6,200103
101,46,200103
101,29,200103
102,52,200103
102,60,200103
102,19,200103
102,120,200103
102,143,200103
102,20,200103
102,216,200103
102,96,200103
102,17,200103
102,137,200103
102,76,200103
102,80,200103
102,77,200103
102,58,200103
102,0,200103
102,12,200103
102,25,200103
102,9,200103
102,129,200103
102,27,200103
102,1,200103
102,157,200103
102,4,200103
102,97,200103
102,165,200103
102,2,200103
102,108,200103
102,85,200103
102,172,200103
102,136,200103
102,21,200103
102,100,200103
102,10,200103
102,5,200103
102,154,200103
102,16,200103
102,139,200103
102,36,200103
102,83,200103
102,6,200103
102,92,200103
102,48,200103
102,26,200103
102,59,200103
102,31,200103
102,135,200103
102,146,200103
102,119,200103
102,99,200103
102,32,200103
102,46,200103
102,40,200103
102,29,200103
102,14,200103
104,34,200103
104,138,200103
104,143,200103
104,31,200103
104,70,200103
104,77,200103
104,54,200103
104,24,200103
104,154,200103
104,136,200103
104,137,200103
105,169,200103
105,51,200103
105,317,200103
105,228,200103
105,183,200103
106,60,200103
106,108,200103
106,6,200103
106,29,200103
106,146,200103
106,48,200103
106,14,200103
106,99,200103
106,26,200103
106,97,200103
107,501,200103
107,23,200103
107,143,200103
107,11,200103
107,17,200103
107,1,200103
107,99,200103
107,48,200103
107,36,200103
107,18,200103
107,29,200103
107,81,200103
107,46,200103
107,165,200103
107,80,200103
107,33,200103
107,51,200103
107,96,200103
107,27,200103
107,26,200103
107,10,200103
107,72,200103
107,154,200103
107,146,200103
107,13,200103
107,22,200103
107,113,200103
107,14,200103
107,28,200103
107,133,200103
107,69,200103
107,92,200103
107,112,200103
107,25,200103
107,183,200103
107,4,200103
107,137,200103
107,136,200103
107,20,200103
107,5,200103
108,82,200103
108,48,200103
108,34,200103
108,60,200103
108,139,200103
108,94,200103
108,83,200103
108,26,200103
108,29,200103
108,131,200103
108,32,200103
108,4,200103
108,21,200103
108,51,200103
108,2,200103
108,104,200103
108,133,200103
108,1,200103
108,107,200103
108,10,200103
108,20,200103
108,11,200103
108,92,200103
108,13,200103
108,135,200103
108,113,200103
108,64,200103
108,6,200103
108,27,200103
108,23,200103
108,17,200103
108,85,200103
108,45,200103
108,22,200103
108,176,200103
108,181,200103
108,136,200103
108,52,200103
108,180,200103
108,36,200103
108,5,200103
108,12,200103
108,54,200103
108,77,200103
108,129,200103
108,24,200103
108,142,200103
108,117,200103
108,55,200103
108,102,200103
108,155,200103
108,96,200103
108,19,200103
108,143,200103
108,341,200103
108,154,200103
108,178,200103
108,100,200103
108,80,200103
108,35,200103
108,81,200103
108,59,200103
108,119,200103
108,0,200103
108,99,200103
108,31,200103
108,16,200103
108,14,200103
108,160,200103
108,137,200103
108,18,200103
108,146,200103
108,40,200103
108,97,200103
108,25,200103
108,46,200103
109,305,200103
109,128,200103
109,633,200103
109,306,200103
109,427,200103
109,127,200103
109,110,200103
109,4,200103
110,524,200103
110,185,200103
110,230,200103
110,232,200103
110,137,200103
110,186,200103
110,196,200103
110,474,200103
110,59,200103
110,17,200103
110,351,200103
110,23,200103
110,29,200103
110,352,200103
110,143,200103
110,226,200103
110,4,200103
110,26,200103
110,129,200103
110,35,200103
110,128,200103
110,306,200103
110,633,200103
110,60,200103
110,97,200103
110,146,200103
110,20,200103
110,1,200103
110,305,200103
110,127,200103
110,235,200103
110,427,200103
110,424,200103
110,425,200103
110,154,200103
110,51,200103
110,25,200103
110,525,200103
110,109,200103
110,11,200103
110,18,200103
111,122,200103
111,4,200103
111,154,200103
111,136,200103
111,18,200103
112,102,200103
112,138,200103
112,143,200103
112,188,200103
112,28,200103
112,99,200103
112,113,200103
112,154,200103
112,46,200103
112,40,200103
112,85,200103
112,83,200103
112,59,200103
112,72,200103
112,16,200103
112,176,200103
112,26,200103
112,116,200103
112,119,200103
112,97,200103
112,6,200103
112,136,200103
112,19,200103
112,27,200103
112,22,200103
112,52,200103
112,53,200103
112,77,200103
112,129,200103
112,126,200103
112,248,200103
112,135,200103
112,20,200103
112,137,200103
112,18,200103
112,10,200103
112,180,200103
112,32,200103
112,25,200103
112,14,200103
112,69,200103
112,31,200103
112,165,200103
112,96,200103
112,60,200103
112,11,200103
112,346,200103
112,146,200103
112,213,200103
112,107,200103
112,35,200103
112,183,200103
112,51,200103
112,89,200103
112,64,200103
112,7,200103
112,1,200103
112,4,200103
112,13,200103
112,29,200103
112,17,200103
112,23,200103
112,133,200103
113,96,200103
113,81,200103
113,136,200103
113,70,200103
113,2,200103
113,143,200103
113,112,200103
113,46,200103
113,72,200103
113,183,200103
113,51,200103
113,13,200103
113,4,200103
113,97,200103
113,69,200103
113,26,200103
113,54,200103
113,14,200103
113,25,200103
113,76,200103
113,64,200103
113,17,200103
113,19,200103
113,48,200103
113,99,200103
113,29,200103
113,154,200103
113,22,200103
113,137,200103
113,155,200103
113,129,200103
113,27,200103
113,36,200103
113,85,200103
113,60,200103
113,16,200103
113,59,200103
113,6,200103
113,107,200103
113,32,200103
113,40,200103
113,20,200103
113,18,200103
113,21,200103
113,5,200103
113,11,200103
113,10,200103
113,1,200103
114,40,200103
114,266,200103
114,294,200103
114,79,200103
114,26,200103
114,146,200103
114,13,200103
115,336,200103
115,2,200103
115,25,200103
115,48,200103
115,11,200103
115,60,200103
115,93,200103
115,72,200103
115,17,200103
115,0,200103
115,1,200103
115,165,200103
115,92,200103
115,137,200103
115,10,200103
115,96,200103
115,85,200103
115,274,200103
116,336,200103
116,0,200103
116,2,200103
116,20,200103
116,143,200103
116,100,200103
116,101,200103
116,248,200103
116,93,200103
116,17,200103
116,136,200103
116,85,200103
116,1,200103
116,137,200103
116,92,200103
116,96,200103
116,10,200103
116,25,200103
116,274,200103
117,126,200103
117,18,200103
117,54,200103
117,80,200103
117,139,200103
117,12,200103
117,143,200103
117,124,200103
117,76,200103
117,32,200103
117,132,200103
117,51,200103
117,57,200103
117,10,200103
117,136,200103
117,20,200103
117,6,200103
117,40,200103
117,83,200103
117,100,200103
117,0,200103
117,48,200103
117,36,200103
117,13,200103
117,180,200103
117,108,200103
117,26,200103
117,60,200103
117,64,200103
117,16,200103
117,146,200103
117,59,200103
117,99,200103
117,46,200103
117,97,200103
117,19,200103
117,29,200103
118,393,200103
118,85,200103
118,13,200103
118,157,200103
118,160,200103
118,0,200103
118,143,200103
118,25,200103
118,540,200103
118,19,200103
118,99,200103
118,97,200103
118,137,200103
119,107,200103
119,83,200103
119,28,200103
119,77,200103
119,143,200103
119,0,200103
119,17,200103
119,27,200103
119,92,200103
119,100,200103
119,16,200103
119,1,200103
119,13,200103
119,48,200103
119,146,200103
119,97,200103
119,135,200103
119,60,200103
119,102,200103
119,31,200103
119,108,200103
119,14,200103
120,52,200103
120,64,200103
120,38,200103
120,19,200103
120,83,200103
120,140,200103
120,143,200103
120,342,200103
120,117,200103
120,320,200103
120,29,200103
120,160,200103
120,154,200103
120,27,200103
120,163,200103
120,31,200103
120,96,200103
120,5,200103
120,23,200103
120,142,200103
120,41,200103
120,139,200103
120,16,200103
120,156,200103
120,20,200103
120,13,200103
120,77,200103
120,136,200103
120,35,200103
120,0,200103
120,6,200103
120,26,200103
120,14,200103
120,25,200103
120,29,200103
120,146,200103
120,40,200103
120,154,200103
120,32,200103
120,137,200103
120,19,200103
120,46,200103
120,97,200103
121,17,200103
121,138,200103
121,143,200103
121,112,200103
121,77,200103
121,85,200103
121,18,200103
121,2,200103
121,137,200103
121,10,200103
121,1,200103
122,19,200103
122,111,200103
122,12,200103
122,26,200103
122,18,200103
122,136,200103
123,143,200103
123,77,200103
123,18,200103
124,96,200103
124,326,200103
124,77,200103
124,160,200103
124,2,200103
124,143,200103
124,20,200103
124,52,200103
124,23,200103
124,46,200103
124,0,200103
124,18,200103
124,112,200103
124,83,200103
124,157,200103
124,93,200103
124,4,200103
124,16,200103
124,81,200103
124,99,200103
124,25,200103
124,27,200103
124,165,200103
124,19,200103
124,1,200103
124,136,200103
124,32,200103
124,17,200103
124,29,200103
124,40,200103
124,146,200103
124,14,200103
124,135,200103
124,10,200103
124,92,200103
124,137,200103
124,154,200103
124,97,200103
124,274,200103
125,13,200103
125,52,200103
125,126,200103
125,96,200103
125,31,200103
125,18,200103
125,154,200103
125,29,200103
125,136,200103
126,142,200103
126,19,200103
126,143,200103
126,75,200103
126,65,200103
126,74,200103
126,160,200103
126,124,200103
126,51,200103
126,27,200103
126,117,200103
126,4,200103
126,32,200103
126,97,200103
126,0,200103
126,136,200103
126,28,200103
126,13,200103
126,36,200103
126,35,200103
126,17,200103
126,48,200103
126,6,200103
126,108,200103
126,59,200103
126,146,200103
126,16,200103
126,46,200103
126,60,200103
126,29,200103
126,99,200103
126,40,200103
127,427,200103
127,4,200103
127,110,200103
127,109,200103
128,306,200103
128,110,200103
128,4,200103
128,109,200103
128,427,200103
129,97,200103
129,194,200103
129,146,200103
129,136,200103
129,6,200103
129,60,200103
129,35,200103
129,19,200103
129,217,200103
129,143,200103
129,4,200103
129,20,200103
129,172,200103
129,173,200103
129,59,200103
129,10,200103
129,13,200103
129,27,200103
129,113,200103
129,26,200103
129,83,200103
129,29,200103
129,45,200103
129,181,200103
129,77,200103
129,52,200103
129,108,200103
129,17,200103
129,18,200103
129,284,200103
129,64,200103
129,160,200103
129,48,200103
129,16,200103
129,40,200103
129,135,200103
129,25,200103
129,14,200103
129,46,200103
129,32,200103
129,154,200103
129,137,200103
130,136,200103
130,137,200103
131,111,200103
131,174,200103
131,74,200103
131,27,200103
131,43,200103
131,48,200103
131,38,200103
131,31,200103
131,46,200103
131,51,200103
131,97,200103
131,26,200103
131,248,200103
131,1,200103
131,99,200103
131,18,200103
131,137,200103
131,16,200103
131,135,200103
131,54,200103
131,146,200103
131,154,200103
131,136,200103
131,29,200103
131,32,200103
132,133,200103
132,137,200103
132,69,200103
132,17,200103
132,243,200103
132,501,200103
132,12,200103
132,23,200103
132,51,200103
132,19,200103
132,138,200103
132,143,200103
132,112,200103
132,113,200103
132,144,200103
132,60,200103
132,233,200103
132,66,200103
132,31,200103
132,24,200103
132,146,200103
132,39,200103
132,170,200103
132,46,200103
132,13,200103
132,298,200103
132,117,200103
132,5,200103
132,85,200103
132,26,200103
132,97,200103
132,248,200103
132,48,200103
132,35,200103
132,27,200103
132,54,200103
132,99,200103
132,160,200103
132,32,200103
132,18,200103
132,135,200103
132,29,200103
132,136,200103
132,154,200103
133,10,200103
133,143,200103
133,27,200103
133,108,200103
133,2,200103
133,100,200103
133,32,200103
133,81,200103
133,77,200103
133,33,200103
133,116,200103
133,48,200103
133,85,200103
133,110,200103
133,184,200103
133,51,200103
133,22,200103
133,69,200103
133,9,200103
133,31,200103
133,80,200103
133,25,200103
133,154,200103
133,11,200103
133,4,200103
133,165,200103
133,96,200103
133,346,200103
133,107,200103
133,137,200103
133,136,200103
133,1,200103
133,112,200103
133,20,200103
133,21,200103
133,5,200103
134,19,200103
134,126,200103
134,282,200103
134,66,200103
134,98,200103
134,80,200103
134,81,200103
134,16,200103
134,108,200103
134,137,200103
134,97,200103
134,120,200103
134,155,200103
134,32,200103
134,0,200103
134,26,200103
134,13,200103
134,6,200103
134,29,200103
134,146,200103
134,40,200103
135,96,200103
135,142,200103
135,32,200103
135,17,200103
135,1,200103
135,28,200103
135,4,200103
135,26,200103
135,22,200103
135,59,200103
135,20,200103
135,97,200103
135,45,200103
135,136,200103
135,112,200103
135,48,200103
135,108,200103
135,51,200103
135,165,200103
135,23,200103
135,137,200103
135,180,200103
135,5,200103
135,60,200103
135,7,200103
135,89,200103
135,85,200103
135,2,200103
135,21,200103
135,36,200103
135,6,200103
135,72,200103
135,9,200103
135,16,200103
135,11,200103
135,100,200103
135,124,200103
135,131,200103
135,0,200103
135,146,200103
135,132,200103
135,66,200103
135,129,200103
135,157,200103
135,24,200103
135,52,200103
135,181,200103
135,54,200103
135,94,200103
135,155,200103
135,119,200103
135,80,200103
135,102,200103
135,27,200103
135,18,200103
135,77,200103
135,83,200103
135,14,200103
135,40,200103
135,10,200103
135,139,200103
135,12,200103
135,99,200103
135,92,200103
135,13,200103
135,19,200103
135,81,200103
135,143,200103
135,375,200103
135,31,200103
135,154,200103
136,30,200103
136,183,200103
136,13,200103
136,55,200103
136,71,200103
136,105,200103
136,77,200103
136,59,200103
136,17,200103
136,26,200103
136,5,200103
136,12,200103
136,23,200103
136,138,200103
136,107,200103
136,143,200103
136,20,200103
136,11,200103
136,175,200103
136,282,200103
136,19,200103
136,165,200103
136,74,200103
136,83,200103
136,29,200103
136,45,200103
136,96,200103
136,16,200103
136,36,200103
136,51,200103
136,133,200103
136,46,200103
136,14,200103
136,38,200103
136,108,200103
136,43,200103
136,117,200103
136,131,200103
136,99,200103
136,161,200103
136,113,200103
136,181,200103
136,97,200103
136,35,200103
136,139,200103
136,2,200103
136,52,200103
136,124,200103
136,142,200103
136,48,200103
136,129,200103
136,120,200103
136,126,200103
136,102,200103
136,4,200103
136,248,200103
136,28,200103
136,22,200103
136,100,200103
136,243,200103
136,330,200103
136,269,200103
136,116,200103
136,0,200103
136,159,200103
136,69,200103
136,33,200103
136,89,200103
136,157,200103
136,147,200103
136,307,200103
136,122,200103
136,169,200103
136,163,200103
136,104,200103
136,153,200103
136,265,200103
136,213,200103
136,130,200103
136,160,200103
136,189,200103
136,10,200103
136,31,200103
136,54,200103
136,371,200103
136,111,200103
136,70,200103
136,18,200103
136,112,200103
136,125,200103
136,61,200103
136,15,200103
136,34,200103
136,60,200103
136,81,200103
136,135,200103
136,27,200103
136,72,200103
136,137,200103
136,53,200103
136,32,200103
136,132,200103
136,85,200103
136,154,200103
136,6,200103
136,9,200103
136,1,200103
136,25,200103
136,40,200103
136,146,200103
136,21,200103
136,303,200103
136,64,200103
137,96,200103
137,110,200103
137,97,200103
137,85,200103
137,52,200103
137,39,200103
137,132,200103
137,32,200103
137,286,200103
137,6,200103
137,69,200103
137,89,200103
137,25,200103
137,157,200103
137,59,200103
137,121,200103
137,60,200103
137,160,200103
137,5,200103
137,23,200103
137,29,200103
137,19,200103
137,1,200103
137,138,200103
137,28,200103
137,2,200103
137,143,200103
137,4,200103
137,113,200103
137,108,200103
137,72,200103
137,76,200103
137,38,200103
137,53,200103
137,51,200103
137,11,200103
137,208,200103
137,99,200103
137,112,200103
137,146,200103
137,101,200103
137,18,200103
137,21,200103
137,26,200103
137,16,200103
137,27,200103
137,102,200103
137,61,200103
137,13,200103
137,248,200103
137,14,200103
137,265,200103
137,46,200103
137,181,200103
137,107,200103
137,183,200103
137,177,200103
137,180,200103
137,58,200103
137,22,200103
137,139,200103
137,54,200103
137,117,200103
137,15,200103
137,81,200103
137,20,200103
137,540,200103
137,510,200103
137,188,200103
137,135,200103
137,17,200103
137,671,200103
137,344,200103
137,244,200103
137,118,200103
137,156,200103
137,309,200103
137,131,200103
137,116,200103
137,393,200103
137,216,200103
137,341,200103
137,337,200103
137,250,200103
137,10,200103
137,115,200103
137,92,200103
137,34,200103
137,62,200103
137,371,200103
137,152,200103
137,57,200103
137,45,200103
137,1190,200103
137,150,200103
137,78,200103
137,483,200103
137,24,200103
137,339,200103
137,80,200103
137,326,200103
137,130,200103
137,544,200103
137,169,200103
137,133,200103
137,220,200103
137,333,200103
137,165,200103
137,98,200103
137,9,200103
137,336,200103
137,390,200103
137,307,200103
137,153,200103
137,93,200103
137,149,200103
137,104,200103
137,31,200103
137,7,200103
137,120,200103
137,64,200103
137,36,200103
137,100,200103
137,124,200103
137,40,200103
137,47,200103
137,161,200103
137,12,200103
137,213,200103
137,136,200103
137,77,200103
137,0,200103
137,48,200103
137,71,200103
137,154,200103
137,129,200103
137,83,200103
137,35,200103
138,52,200103
138,247,200103
138,13,200103
138,16,200103
138,136,200103
138,137,200103
138,132,200103
138,32,200103
138,286,200103
138,6,200103
138,61,200103
138,25,200103
138,59,200103
138,170,200103
138,281,200103
138,27,200103
138,501,200103
138,18,200103
138,5,200103
138,12,200103
138,23,200103
138,207,200103
138,51,200103
138,2,200103
138,143,200103
138,104,200103
138,154,200103
138,197,200103
139,96,200103
139,35,200103
139,0,200103
139,12,200103
139,36,200103
139,132,200103
139,16,200103
139,45,200103
139,1,200103
139,10,200103
139,99,200103
139,20,200103
139,14,200103
139,4,200103
139,21,200103
139,142,200103
139,83,200103
139,18,200103
139,22,200103
139,137,200103
139,29,200103
139,65,200103
139,54,200103
139,13,200103
139,155,200103
139,64,200103
139,81,200103
139,60,200103
139,26,200103
139,59,200103
139,178,200103
139,6,200103
139,25,200103
139,40,200103
139,135,200103
139,77,200103
139,97,200103
139,19,200103
139,32,200103
139,146,200103
139,154,200103
139,46,200103
140,76,200103
140,19,200103
140,143,200103
140,16,200103
140,0,200103
140,29,200103
140,63,200103
140,32,200103
140,146,200103
140,40,200103
140,46,200103
140,97,200103
141,78,200103
141,16,200103
141,29,200103
141,146,200103
141,46,200103
141,97,200103
142,81,200103
142,19,200103
142,143,200103
142,126,200103
142,77,200103
142,35,200103
142,66,200103
142,117,200103
142,40,200103
142,63,200103
142,171,200103
142,197,200103
142,99,200103
142,29,200103
142,97,200103
142,31,200103
142,108,200103
142,48,200103
142,78,200103
142,46,200103
142,137,200103
142,27,200103
142,2,200103
142,154,200103
142,120,200103
142,152,200103
142,45,200103
142,5,200103
142,17,200103
142,13,200103
142,320,200103
142,60,200103
142,92,200103
142,6,200103
142,146,200103
142,32,200103
142,26,200103
142,18,200103
142,59,200103
142,1,200103
142,83,200103
142,16,200103
142,10,200103
142,14,200103
143,96,200103
143,455,200103
143,110,200103
143,97,200103
143,85,200103
143,52,200103
143,247,200103
143,512,200103
143,80,200103
143,30,200103
143,13,200103
143,142,200103
143,14,200103
143,39,200103
143,15,200103
143,16,200103
143,46,200103
143,296,200103
143,136,200103
143,137,200103
143,132,200103
143,32,200103
143,286,200103
143,6,200103
143,61,200103
143,62,200103
143,69,200103
143,76,200103
143,57,200103
143,64,200103
143,25,200103
143,34,200103
143,157,200103
143,100,200103
143,59,200103
143,170,200103
143,10,200103
143,17,200103
143,281,200103
143,118,200103
143,121,200103
143,124,200103
143,27,200103
143,60,200103
143,176,200103
143,160,200103
143,501,200103
143,155,200103
143,35,200103
143,54,200103
143,18,200103
143,0,200103
143,5,200103
143,9,200103
143,12,200103
143,23,200103
143,29,200103
143,38,200103
143,207,200103
143,36,200103
143,51,200103
143,19,200103
143,1,200103
143,375,200103
143,40,200103
143,83,200103
143,138,200103
143,120,200103
143,107,200103
143,28,200103
143,2,200103
143,66,200103
143,4,200103
143,104,200103
143,188,200103
143,112,200103
143,129,200103
143,11,200103
143,113,200103
143,154,200103
143,195,200103
143,126,200103
143,72,200103
143,101,200103
143,53,200103
143,134,200103
143,65,200103
143,165,200103
143,48,200103
143,21,200103
143,31,200103
143,92,200103
143,146,200103
143,77,200103
143,108,200103
143,135,200103
144,265,200103
144,181,200103
144,83,200103
144,6,200103
144,208,200103
144,99,200103
144,18,200103
144,29,200103
145,265,200103
145,40,200103
145,18,200103
145,29,200103
146,114,200103
146,274,200103
146,24,200103
146,1175,200103
146,124,200103
146,160,200103
146,35,200103
146,45,200103
146,80,200103
146,144,200103
146,233,200103
146,48,200103
146,15,200103
146,116,200103
146,208,200103
146,132,200103
146,34,200103
146,106,200103
146,60,200103
146,82,200103
146,31,200103
146,10,200103
146,143,200103
146,98,200103
146,6,200103
146,19,200103
146,81,200103
146,137,200103
146,29,200103
146,100,200103
146,142,200103
146,13,200103
146,180,200103
146,41,200103
146,158,200103
146,112,200103
146,192,200103
146,40,200103
146,92,200103
146,237,200103
146,18,200103
146,120,200103
146,27,200103
146,63,200103
146,195,200103
146,58,200103
146,182,200103
146,140,200103
146,171,200103
146,152,200103
146,38,200103
146,117,200103
146,74,200103
146,157,200103
146,135,200103
146,16,200103
146,131,200103
146,32,200103
146,170,200103
146,126,200103
146,72,200103
146,76,200103
146,79,200103
146,141,200103
146,119,200103
146,9,200103
146,54,200103
146,78,200103
146,25,200103
146,176,200103
146,83,200103
146,94,200103
146,320,200103
146,129,200103
146,39,200103
146,12,200103
146,224,200103
146,85,200103
146,77,200103
146,43,200103
146,155,200103
146,75,200103
146,198,200103
146,62,200103
146,53,200103
146,46,200103
146,154,200103
146,64,200103
146,65,200103
146,96,200103
146,66,200103
146,101,200103
146,57,200103
146,175,200103
146,4,200103
146,134,200103
146,181,200103
146,22,200103
146,2,200103
146,28,200103
146,102,200103
146,59,200103
146,36,200103
146,20,200103
146,1,200103
146,51,200103
146,14,200103
146,139,200103
146,52,200103
146,0,200103
146,136,200103
146,99,200103
146,26,200103
146,17,200103
146,108,200103
146,11,200103
146,97,200103
147,330,200103
147,136,200103
149,85,200103
149,32,200103
149,165,200103
149,2,200103
149,21,200103
149,154,200103
149,133,200103
149,47,200103
149,25,200103
149,60,200103
149,17,200103
149,0,200103
149,135,200103
149,1,200103
149,10,200103
149,96,200103
149,92,200103
149,137,200103
149,274,200103
150,137,200103
150,23,200103
150,183,200103
150,10,200103
150,4,200103
150,17,200103
151,32,200103
152,4,200103
152,80,200103
152,18,200103
152,98,200103
152,64,200103
152,77,200103
152,13,200103
152,146,200103
152,25,200103
152,137,200103
152,97,200103
153,26,200103
153,4,200103
153,135,200103
153,13,200103
153,17,200103
153,97,200103
153,83,200103
153,6,200103
153,136,200103
153,154,200103
153,25,200103
153,18,200103
153,137,200103
154,96,200103
154,81,200103
154,111,200103
154,138,200103
154,143,200103
154,0,200103
154,208,200103
154,134,200103
154,144,200103
154,27,200103
154,131,200103
154,101,200103
154,31,200103
154,57,200103
154,46,200103
154,99,200103
154,38,200103
154,126,200103
154,117,200103
154,12,200103
154,155,200103
154,10,200103
154,51,200103
154,4,200103
154,121,200103
154,13,200103
154,341,200103
154,21,200103
154,195,200103
154,142,200103
154,58,200103
154,161,200103
154,112,200103
154,133,200103
154,120,200103
154,180,200103
154,1356,200103
154,39,200103
154,320,200103
154,113,200103
154,107,200103
154,20,200103
154,165,200103
154,183,200103
154,15,200103
154,23,200103
154,18,200103
154,52,200103
154,83,200103
154,5,200103
154,102,200103
154,36,200103
154,28,200103
154,379,200103
154,2,200103
154,296,200103
154,6,200103
154,110,200103
154,17,200103
154,85,200103
154,160,200103
154,26,200103
154,80,200103
154,388,200103
154,181,200103
154,45,200103
154,8,200103
154,25,200103
154,314,200103
154,66,200103
154,48,200103
154,104,200103
154,198,200103
154,153,200103
154,163,200103
154,267,200103
154,19,200103
154,193,200103
154,125,200103
154,16,200103
154,544,200103
154,108,200103
154,11,200103
154,9,200103
154,72,200103
154,269,200103
154,40,200103
154,64,200103
154,60,200103
154,146,200103
154,159,200103
154,7,200103
154,53,200103
154,77,200103
154,124,200103
154,1,200103
154,61,200103
154,24,200103
154,89,200103
154,100,200103
154,129,200103
154,14,200103
154,29,200103
154,34,200103
154,32,200103
154,54,200103
154,136,200103
154,59,200103
154,92,200103
154,35,200103
154,132,200103
154,139,200103
154,137,200103
154,97,200103
154,135,200103
155,19,200103
155,134,200103
155,143,200103
155,17,200103
155,12,200103
155,20,200103
155,1,200103
155,137,200103
155,132,200103
155,97,200103
155,38,200103
155,81,200103
155,31,200103
155,27,200103
155,0,200103
155,85,200103
155,21,200103
155,9,200103
155,136,200103
155,92,200103
155,25,200103
155,10,200103
155,154,200103
155,80,200103
155,16,200103
155,36,200103
155,2,200103
155,83,200103
155,26,200103
155,60,200103
155,28,200103
155,108,200103
155,6,200103
155,135,200103
155,146,200103
155,99,200103
155,32,200103
155,40,200103
155,14,200103
155,29,200103
156,92,200103
156,0,200103
156,112,200103
156,113,200103
156,142,200103
156,237,200103
156,76,200103
156,157,200103
156,35,200103
156,28,200103
156,101,200103
156,46,200103
156,98,200103
156,22,200103
156,176,200103
156,102,200103
156,136,200103
156,99,200103
156,14,200103
156,18,200103
156,137,200103
156,60,200103
156,25,200103
156,97,200103
157,137,200103
157,286,200103
157,118,200103
157,0,200103
157,107,200103
157,143,200103
157,80,200103
157,70,200103
157,154,200103
157,156,200103
157,77,200103
157,52,200103
157,46,200103
157,29,200103
157,124,200103
157,5,200103
157,216,200103
157,22,200103
157,102,200103
157,165,200103
157,60,200103
157,10,200103
157,17,200103
157,1,200103
157,97,200103
157,136,200103
157,25,200103
157,14,200103
157,146,200103
157,160,200103
157,135,200103
157,92,200103
158,146,200103
158,97,200103
159,269,200103
159,163,200103
159,248,200103
159,29,200103
159,32,200103
159,136,200103
159,18,200103
159,154,200103
160,97,200103
160,13,200103
160,224,200103
160,16,200103
160,146,200103
160,137,200103
160,48,200103
160,197,200103
160,57,200103
160,77,200103
160,157,200103
160,124,200103
160,250,200103
160,9,200103
160,143,200103
160,188,200103
160,175,200103
160,108,200103
160,165,200103
160,98,200103
160,133,200103
160,122,200103
160,342,200103
160,113,200103
160,81,200103
160,152,200103
160,116,200103
160,335,200103
160,64,200103
160,99,200103
160,18,200103
160,26,200103
160,31,200103
160,52,200103
160,96,200103
160,86,200103
160,170,200103
160,181,200103
160,110,200103
160,303,200103
160,46,200103
160,6,200103
160,25,200103
160,34,200103
160,132,200103
160,129,200103
160,154,200103
160,341,200103
160,12,200103
160,58,200103
160,80,200103
160,29,200103
160,136,200103
160,28,200103
160,1,200103
160,101,200103
160,85,200103
160,10,200103
160,544,200103
160,100,200103
160,19,200103
160,20,200103
160,83,200103
160,2,200103
160,4,200103
160,54,200103
160,27,200103
160,35,200103
160,355,200103
160,0,200103
160,17,200103
160,60,200103
160,32,200103
161,6,200103
161,76,200103
161,25,200103
161,59,200103
161,13,200103
161,160,200103
161,35,200103
161,29,200103
161,14,200103
161,10,200103
161,32,200103
161,77,200103
161,85,200103
161,154,200103
161,137,200103
163,104,200103
163,24,200103
163,143,200103
163,26,200103
163,159,200103
163,137,200103
163,32,200103
163,154,200103
163,136,200103
163,18,200103
163,29,200103
163,97,200103
164,74,200103
164,52,200103
164,84,200103
164,248,200103
164,223,200103
164,97,200103
164,4,200103
164,18,200103
164,11,200103
165,96,200103
165,97,200103
165,13,200103
165,98,200103
165,336,200103
165,99,200103
165,32,200103
165,34,200103
165,10,200103
165,60,200103
165,35,200103
165,54,200103
165,18,200103
165,12,200103
165,2,200103
165,4,200103
165,20,200103
165,11,200103
165,22,200103
165,155,200103
165,160,200103
165,64,200103
165,52,200103
165,80,200103
165,31,200103
165,135,200103
165,83,200103
165,124,200103
165,26,200103
165,248,200103
165,102,200103
165,183,200103
165,16,200103
165,5,200103
165,21,200103
165,14,200103
165,23,200103
165,157,200103
165,72,200103
165,154,200103
165,133,200103
165,9,200103
165,112,200103
165,25,200103
165,149,200103
165,136,200103
165,115,200103
165,28,200103
165,137,200103
165,29,200103
165,92,200103
165,17,200103
165,85,200103
165,1,200103
165,274,200103
166,136,200103
166,248,200103
167,97,200103
169,147,200103
169,307,200103
169,60,200103
169,35,200103
169,248,200103
169,26,200103
169,17,200103
169,136,200103
169,137,200103
169,29,200103
170,62,200103
170,19,200103
170,138,200103
170,143,200103
170,64,200103
170,144,200103
170,76,200103
170,31,200103
170,0,200103
170,36,200103
170,60,200103
170,16,200103
170,146,200103
170,32,200103
170,18,200103
171,146,200103
171,142,200103
171,29,200103
171,18,200103
171,16,200103
171,32,200103
172,129,200103
172,173,200103
172,20,200103
172,14,200103
172,78,200103
172,31,200103
172,102,200103
172,17,200103
172,26,200103
172,60,200103
172,13,200103
172,29,200103
172,64,200103
172,46,200103
172,19,200103
172,6,200103
172,59,200103
172,35,200103
172,97,200103
173,129,200103
173,172,200103
173,13,200103
173,97,200103
173,19,200103
173,35,200103
174,24,200103
174,99,200103
174,18,200103
175,136,200103
175,27,200103
175,16,200103
175,126,200103
175,38,200103
175,40,200103
175,97,200103
175,29,200103
175,32,200103
175,146,200103
176,281,200103
176,54,200103
176,19,200103
176,143,200103
176,24,200103
176,79,200103
176,62,200103
176,97,200103
176,81,200103
176,132,200103
176,101,200103
176,125,200103
176,154,200103
176,18,200103
176,29,200103
176,94,200103
176,139,200103
176,60,200103
176,32,200103
176,16,200103
176,146,200103
176,46,200103
176,40,200103
177,18,200103
177,49,200103
177,69,200103
177,248,200103
177,136,200103
177,1,200103
177,51,200103
177,4,200103
177,11,200103
178,320,200103
178,108,200103
178,36,200103
178,139,200103
178,60,200103
178,48,200103
180,52,200103
180,40,200103
180,117,200103
180,143,200103
180,126,200103
180,170,200103
180,81,200103
180,62,200103
180,53,200103
180,102,200103
180,83,200103
180,25,200103
180,136,200103
180,78,200103
180,57,200103
180,51,200103
180,85,200103
180,137,200103
180,20,200103
180,23,200103
180,5,200103
180,77,200103
180,154,200103
180,48,200103
180,36,200103
180,146,200103
180,13,200103
180,59,200103
180,16,200103
180,6,200103
180,60,200103
180,46,200103
180,10,200103
180,29,200103
180,99,200103
180,32,200103
180,97,200103
180,19,200103
180,14,200103
181,54,200103
181,2,200103
181,126,200103
181,98,200103
181,176,200103
181,180,200103
181,154,200103
181,76,200103
181,25,200103
181,46,200103
181,27,200103
181,23,200103
181,48,200103
181,6,200103
181,17,200103
181,36,200103
181,94,200103
181,60,200103
181,32,200103
181,160,200103
181,40,200103
181,137,200103
181,16,200103
181,97,200103
181,135,200103
181,146,200103
181,29,200103
181,18,200103
182,79,200103
182,154,200103
182,24,200103
182,137,200103
182,46,200103
182,19,200103
182,146,200103
182,40,200103
183,14,200103
183,132,200103
183,107,200103
183,11,200103
183,135,200103
183,150,200103
183,12,200103
183,2,200103
183,102,200103
183,112,200103
183,51,200103
183,227,200103
183,17,200103
183,21,200103
183,18,200103
183,108,200103
183,22,200103
183,154,200103
183,77,200103
183,133,200103
183,23,200103
183,28,200103
183,268,200103
183,1,200103
183,228,200103
183,5,200103
183,317,200103
183,105,200103
183,69,200103
183,29,200103
183,4,200103
183,10,200103
183,20,200103
183,136,200103
184,189,200103
184,28,200103
184,4,200103
184,17,200103
184,51,200103
184,20,200103
185,110,200103
185,474,200103
186,525,200103
186,185,200103
186,110,200103
188,326,200103
188,25,200103
188,77,200103
188,160,200103
188,0,200103
188,98,200103
188,85,200103
188,45,200103
188,2,200103
188,216,200103
188,38,200103
188,137,200103
188,97,200103
189,303,200103
189,51,200103
189,4,200103
189,136,200103
189,17,200103
189,20,200103
190,110,200103
192,146,200103
193,32,200103
193,154,200103
193,29,200103
194,217,200103
194,4,200103
194,6,200103
194,59,200103
195,59,200103
195,25,200103
195,14,200103
195,146,200103
195,97,200103
195,29,200103
195,83,200103
196,110,200103
196,424,200103
196,367,200103
196,366,200103
196,225,200103
196,378,200103
196,470,200103
196,528,200103
196,526,200103
196,472,200103
196,377,200103
196,364,200103
196,365,200103
196,448,200103
196,447,200103
196,516,200103
196,412,200103
196,20,200103
196,29,200103
196,11,200103
196,4,200103
197,282,200103
197,265,200103
197,40,200103
197,126,200103
197,120,200103
197,16,200103
197,18,200103
197,32,200103
197,97,200103
198,32,200103
198,154,200103
198,97,200103
198,29,200103
198,146,200103
203,89,200103
203,87,200103
205,32,200103
206,338,200103
206,46,200103
206,332,200103
206,32,200103
206,40,200103
207,110,200103
207,69,200103
207,23,200103
207,138,200103
207,143,200103
208,32,200103
208,55,200103
208,24,200103
208,145,200103
208,15,200103
208,143,200103
208,25,200103
208,154,200103
208,74,200103
208,144,200103
208,16,200103
208,146,200103
208,13,200103
208,40,200103
208,18,200103
208,97,200103
208,29,200103
211,17,200103
212,89,200103
213,525,200103
213,29,200103
213,1,200103
213,110,200103
213,40,200103
213,15,200103
213,6,200103
213,27,200103
213,5,200103
213,112,200103
213,17,200103
213,25,200103
213,136,200103
213,18,200103
213,20,200103
213,51,200103
213,137,200103
213,4,200103
214,4,200103
214,51,200103
215,4,200103
215,51,200103
216,393,200103
216,18,200103
216,188,200103
216,2,200103
216,157,200103
216,156,200103
216,25,200103
216,137,200103
216,97,200103
217,194,200103
217,129,200103
220,336,200103
220,483,200103
220,149,200103
220,248,200103
220,25,200103
220,137,200103
221,4,200103
222,248,200103
222,51,200103
222,4,200103
223,84,200103
223,248,200103
223,164,200103
223,30,200103
223,18,200103
223,4,200103
223,11,200103
224,160,200103
224,137,200103
224,81,200103
224,27,200103
224,83,200103
224,76,200103
224,29,200103
224,146,200103
224,46,200103
224,97,200103
225,489,200103
225,110,200103
225,196,200103
225,470,200103
225,475,200103
225,471,200103
225,472,200103
225,377,200103
225,378,200103
226,110,200103
226,465,200103
226,352,200103
227,183,200103
227,4,200103
228,317,200103
228,69,200103
228,183,200103
229,110,200103
229,225,200103
230,110,200103
231,110,200103
231,230,200103
232,110,200103
232,230,200103
232,465,200103
232,231,200103
233,197,200103
233,144,200103
233,43,200103
233,52,200103
233,21,200103
233,29,200103
233,18,200103
234,146,200103
234,16,200103
234,18,200103
235,110,200103
237,13,200103
237,25,200103
237,6,200103
237,146,200103
237,46,200103
237,97,200103
238,248,200103
238,86,200103
238,4,200103
242,142,200103
242,64,200103
242,79,200103
242,146,200103
242,99,200103
242,18,200103
242,26,200103
242,137,200103
242,6,200103
242,16,200103
242,32,200103
242,29,200103
243,6,200103
243,13,200103
243,90,200103
243,8,200103
243,7,200103
243,17,200103
243,20,200103
243,89,200103
244,344,200103
244,248,200103
244,137,200103
247,110,200103
247,69,200103
247,501,200103
247,23,200103
247,138,200103
247,107,200103
247,143,200103
248,53,200103
248,261,200103
248,25,200103
248,132,200103
248,92,200103
248,96,200103
248,69,200103
248,728,200103
248,223,200103
248,84,200103
248,969,200103
248,164,200103
248,238,200103
248,843,200103
248,534,200103
248,74,200103
248,27,200103
248,30,200103
248,222,200103
248,166,200103
248,137,200103
248,165,200103
248,112,200103
248,24,200103
248,177,200103
248,70,200103
248,384,200103
248,66,200103
248,169,200103
248,537,200103
248,9,200103
248,29,200103
248,16,200103
248,244,200103
248,159,200103
248,220,200103
248,75,200103
248,131,200103
248,116,200103
248,47,200103
248,863,200103
248,333,200103
248,51,200103
248,85,200103
248,2,200103
248,54,200103
248,4,200103
248,136,200103
249,97,200103
250,160,200103
250,137,200103
250,97,200103
261,20,200103
261,189,200103
261,248,200103
261,28,200103
261,17,200103
262,32,200103
265,122,200103
265,70,200103
265,303,200103
265,21,200103
265,154,200103
265,27,200103
265,113,200103
265,18,200103
265,136,200103
266,114,200103
266,79,200103
266,294,200103
266,334,200103
266,710,200103
267,154,200103
268,183,200103
268,4,200103
269,10,200103
269,159,200103
269,176,200103
269,17,200103
269,12,200103
269,18,200103
269,136,200103
269,29,200103
269,32,200103
269,154,200103
269,97,200103
270,429,200103
270,31,200103
270,108,200103
270,18,200103
270,29,200103
270,32,200103
271,18,200103
274,98,200103
274,336,200103
274,27,200103
274,154,200103
274,16,200103
274,26,200103
274,29,200103
274,17,200103
274,47,200103
274,97,200103
274,93,200103
274,25,200103
274,149,200103
274,116,200103
274,165,200103
274,9,200103
274,124,200103
274,72,200103
274,0,200103
274,115,200103
274,96,200103
274,85,200103
274,2,200103
274,92,200103
276,422,200103
276,29,200103
276,18,200103
276,32,200103
278,57,200103
278,108,200103
278,160,200103
278,32,200103
278,6,200103
278,97,200103
278,46,200103
281,138,200103
281,143,200103
282,39,200103
282,136,200103
282,197,200103
282,57,200103
282,77,200103
282,160,200103
282,18,200103
284,129,200103
286,137,200103
286,25,200103
286,23,200103
286,138,200103
286,143,200103
292,18,200103
292,29,200103
294,266,200103
296,143,200103
296,154,200103
298,432,200103
298,18,200103
300,51,200103
300,4,200103
301,4,200103
303,70,200103
303,171,200103
303,208,200103
303,160,200103
303,17,200103
303,18,200103
303,136,200103
305,633,200103
305,4,200103
305,109,200103
305,110,200103
306,128,200103
306,110,200103
306,427,200103
306,4,200103
306,109,200103
307,77,200103
307,136,200103
307,59,200103
307,137,200103
309,137,200103
311,3,200103
311,51,200103
311,4,200103
314,154,200103
317,301,200103
317,105,200103
317,228,200103
317,183,200103
317,4,200103
320,78,200103
320,137,200103
320,26,200103
320,6,200103
320,99,200103
320,13,200103
320,142,200103
320,40,200103
320,19,200103
320,29,200103
320,83,200103
320,27,200103
320,178,200103
320,146,200103
320,32,200103
320,97,200103
320,46,200103
323,90,200103
323,770,200103
323,89,200103
326,25,200103
326,137,200103
327,143,200103
327,24,200103
327,27,200103
327,25,200103
330,147,200103
330,136,200103
332,63,200103
332,206,200103
332,32,200103
332,40,200103
333,336,200103
333,248,200103
333,25,200103
333,137,200103
334,294,200103
334,38,200103
334,59,200103
334,266,200103
334,97,200103
335,25,200103
336,25,200103
336,137,200103
337,25,200103
337,137,200103
338,81,200103
338,206,200103
338,40,200103
339,47,200103
339,137,200103
339,93,200103
339,77,200103
339,25,200103
340,25,200103
341,34,200103
341,544,200103
341,97,200103
341,77,200103
341,137,200103
341,160,200103
341,92,200103
341,48,200103
341,108,200103
341,25,200103
342,38,200103
342,40,200103
342,46,200103
342,97,200103
344,244,200103
344,137,200103
346,11,200103
346,112,200103
346,1,200103
346,133,200103
346,23,200103
347,35,200103
351,110,200103
351,465,200103
351,352,200103
351,226,200103
352,110,200103
352,186,200103
352,225,200103
352,229,200103
352,351,200103
355,154,200103
355,249,200103
355,83,200103
355,32,200103
355,97,200103
355,160,200103
362,66,200103
362,108,200103
362,40,200103
362,16,200103
362,32,200103
364,196,200103
364,366,200103
364,365,200103
365,447,200103
365,366,200103
365,364,200103
365,196,200103
366,447,200103
366,196,200103
366,365,200103
366,364,200103
367,196,200103
367,409,200103
371,64,200103
371,102,200103
371,6,200103
371,137,200103
371,25,200103
371,136,200103
375,455,200103
375,19,200103
375,143,200103
375,57,200103
375,54,200103
375,77,200103
375,135,200103
377,378,200103
377,516,200103
377,472,200103
377,196,200103
377,412,200103
378,196,200103
378,225,200103
378,377,200103
378,471,200103
378,412,200103
379,154,200103
384,248,200103
384,710,200103
384,266,200103
388,154,200103
389,10,200103
389,9,200103
389,1,200103
390,25,200103
390,137,200103
393,326,200103
393,216,200103
393,510,200103
393,25,200103
393,97,200103
393,137,200103
396,89,200103
398,452,200103
398,97,200103
401,282,200103
407,416,200103
407,415,200103
407,18,200103
408,411,200103
408,18,200103
409,196,200103
410,423,200103
410,18,200103
411,408,200103
411,18,200103
412,225,200103
412,470,200103
412,377,200103
412,196,200103
412,378,200103
413,18,200103
415,407,200103
415,18,200103
416,18,200103
420,32,200103
422,276,200103
422,18,200103
422,32,200103
423,410,200103
423,18,200103
424,476,200103
424,448,200103
424,196,200103
424,506,200103
424,425,200103
424,469,200103
424,477,200103
424,110,200103
425,196,200103
425,110,200103
426,18,200103
427,306,200103
427,128,200103
427,127,200103
427,110,200103
427,109,200103
427,4,200103
429,270,200103
429,440,200103
429,18,200103
429,32,200103
430,43,200103
430,443,200103
430,32,200103
430,18,200103
432,18,200103
435,97,200103
436,18,200103
437,175,200103
440,429,200103
440,32,200103
443,430,200103
443,18,200103
444,282,200103
447,196,200103
447,526,200103
447,448,200103
448,447,200103
448,196,200103
448,506,200103
452,97,200103
453,160,200103
455,512,200103
455,39,200103
455,375,200103
455,143,200103
455,97,200103
458,97,200103
465,110,200103
465,229,200103
469,476,200103
469,196,200103
469,477,200103
469,424,200103
470,489,200103
470,196,200103
470,475,200103
470,412,200103
470,471,200103
470,472,200103
470,225,200103
471,225,200103
471,470,200103
471,475,200103
471,472,200103
472,225,200103
472,475,200103
472,378,200103
472,412,200103
472,377,200103
472,196,200103
474,110,200103
474,186,200103
475,196,200103
475,378,200103
475,471,200103
475,472,200103
475,225,200103
476,196,200103
476,506,200103
476,424,200103
476,477,200103
476,469,200103
477,469,200103
477,476,200103
477,424,200103
483,220,200103
483,25,200103
483,137,200103
489,196,200103
489,412,200103
501,132,200103
501,23,200103
501,51,200103
501,1,200103
501,138,200103
501,107,200103
501,143,200103
506,448,200103
506,469,200103
506,424,200103
510,393,200103
510,137,200103
510,97,200103
512,455,200103
512,160,200103
512,0,200103
512,101,200103
516,196,200103
522,29,200103
524,110,200103
525,110,200103
525,4,200103
526,448,200103
526,196,200103
528,196,200103
534,248,200103
537,248,200103
540,118,200103
540,137,200103
540,97,200103
544,208,200103
544,58,200103
544,341,200103
544,157,200103
544,26,200103
544,29,200103
544,137,200103
544,154,200103
544,97,200103
544,160,200103
545,546,200103
545,32,200103
546,545,200103
546,32,200103
633,305,200103
633,4,200103
633,110,200103
633,109,200103
671,137,200103
710,266,200103
710,384,200103
728,248,200103
741,4,200103
741,51,200103
761,866,200103
761,4,200103
761,51,200103
769,60,200103
769,35,200103
770,323,200103
770,89,200103
797,95,200103
797,97,200103
843,51,200103
843,248,200103
843,4,200103
860,60,200103
860,97,200103
863,248,200103
866,761,200103
866,4,200103
866,51,200103
906,17,200103
969,248,200103
1052,97,200103
1175,48,200103
1190,137,200103
