i,j,t
0,118,200905
0,160,200905
0,143,200905
0,188,200905
0,278,200905
0,142,200905
0,53,200905
0,176,200905
0,116,200905
0,320,200905
0,29,200905
0,83,200905
0,25,200905
0,93,200905
0,77,200905
0,52,200905
0,59,200905
0,81,200905
0,117,200905
0,16,200905
0,134,200905
0,6,200905
0,20,200905
0,69,200905
0,171,200905
0,57,200905
0,133,200905
0,112,200905
0,40,200905
0,154,200905
0,11,200905
0,108,200905
0,165,200905
0,64,200905
0,24,200905
0,120,200905
0,44,200905
0,155,200905
0,51,200905
0,149,200905
0,119,200905
0,115,200905
0,97,200905
0,27,200905
0,28,200905
0,100,200905
0,96,200905
0,19,200905
0,124,200905
0,346,200905
0,5,200905
0,136,200905
0,23,200905
0,17,200905
0,2,200905
0,180,200905
0,72,200905
0,102,200905
0,26,200905
0,13,200905
0,21,200905
0,4,200905
0,85,200905
0,9,200905
0,18,200905
0,99,200905
0,146,200905
0,1,200905
0,135,200905
0,32,200905
0,46,200905
0,80,200905
0,14,200905
0,48,200905
0,10,200905
0,31,200905
0,35,200905
0,60,200905
0,274,200905
0,137,200905
0,92,200905
1,784,200905
1,143,200905
1,28,200905
1,138,200905
1,136,200905
1,121,200905
1,23,200905
1,77,200905
1,1236,200905
1,160,200905
1,96,200905
1,20,200905
1,175,200905
1,10,200905
1,5,200905
1,209,200905
1,2,200905
1,37,200905
1,433,200905
1,544,200905
1,61,200905
1,11,200905
1,116,200905
1,93,200905
1,46,200905
1,180,200905
1,6,200905
1,9,200905
1,38,200905
1,112,200905
1,18,200905
1,119,200905
1,31,200905
1,133,200905
1,97,200905
1,26,200905
1,19,200905
1,30,200905
1,64,200905
1,299,200905
1,154,200905
1,0,200905
1,85,200905
1,13,200905
1,32,200905
1,100,200905
1,183,200905
1,110,200905
1,157,200905
1,941,200905
1,124,200905
1,48,200905
1,52,200905
1,16,200905
1,1355,200905
1,69,200905
1,115,200905
1,149,200905
1,17,200905
1,130,200905
1,70,200905
1,113,200905
1,261,200905
1,25,200905
1,12,200905
1,34,200905
1,83,200905
1,27,200905
1,107,200905
1,108,200905
1,80,200905
1,81,200905
1,40,200905
1,155,200905
1,142,200905
1,102,200905
1,165,200905
1,35,200905
1,60,200905
1,146,200905
1,906,200905
1,59,200905
1,211,200905
1,132,200905
1,189,200905
1,8,200905
1,213,200905
1,54,200905
1,53,200905
1,243,200905
1,274,200905
1,72,200905
1,14,200905
1,89,200905
1,51,200905
1,150,200905
1,4,200905
1,92,200905
1,7,200905
1,99,200905
1,29,200905
1,22,200905
1,21,200905
1,137,200905
1,135,200905
2,137,200905
2,165,200905
2,143,200905
2,87,200905
2,22,200905
2,385,200905
2,160,200905
2,552,200905
2,138,200905
2,35,200905
2,93,200905
2,339,200905
2,121,200905
2,393,200905
2,64,200905
2,69,200905
2,52,200905
2,13,200905
2,77,200905
2,180,200905
2,54,200905
2,16,200905
2,36,200905
2,157,200905
2,24,200905
2,38,200905
2,113,200905
2,6,200905
2,40,200905
2,104,200905
2,32,200905
2,133,200905
2,99,200905
2,4,200905
2,176,200905
2,23,200905
2,51,200905
2,100,200905
2,155,200905
2,80,200905
2,1147,200905
2,102,200905
2,21,200905
2,346,200905
2,9,200905
2,48,200905
2,81,200905
2,20,200905
2,119,200905
2,53,200905
2,96,200905
2,116,200905
2,83,200905
2,136,200905
2,1169,200905
2,27,200905
2,112,200905
2,11,200905
2,107,200905
2,29,200905
2,0,200905
2,154,200905
2,124,200905
2,5,200905
2,72,200905
2,97,200905
2,14,200905
2,25,200905
2,19,200905
2,108,200905
2,18,200905
2,31,200905
2,17,200905
2,28,200905
2,60,200905
2,46,200905
2,135,200905
2,1,200905
2,92,200905
2,10,200905
2,274,200905
3,311,200905
3,69,200905
3,807,200905
4,427,200905
4,843,200905
4,1070,200905
4,5,200905
4,27,200905
4,222,200905
4,69,200905
4,666,200905
4,109,200905
4,305,200905
4,70,200905
4,110,200905
4,127,200905
4,160,200905
4,155,200905
4,19,200905
4,77,200905
4,80,200905
4,149,200905
4,81,200905
4,142,200905
4,113,200905
4,18,200905
4,13,200905
4,72,200905
4,48,200905
4,22,200905
4,83,200905
4,143,200905
4,26,200905
4,14,200905
4,116,200905
4,6,200905
4,23,200905
4,1144,200905
4,108,200905
4,17,200905
4,60,200905
4,29,200905
4,154,200905
4,89,200905
4,40,200905
4,133,200905
4,85,200905
4,120,200905
4,165,200905
4,107,200905
4,119,200905
4,52,200905
4,1169,200905
4,51,200905
4,137,200905
4,346,200905
4,8,200905
4,2,200905
4,12,200905
4,633,200905
4,9,200905
4,99,200905
4,32,200905
4,0,200905
4,92,200905
4,128,200905
4,28,200905
4,306,200905
4,268,200905
4,54,200905
4,121,200905
4,105,200905
4,88,200905
4,274,200905
4,84,200905
4,189,200905
4,317,200905
4,301,200905
4,819,200905
4,86,200905
4,184,200905
4,300,200905
4,223,200905
4,31,200905
4,150,200905
4,16,200905
4,35,200905
4,30,200905
4,311,200905
4,214,200905
4,243,200905
4,183,200905
4,96,200905
4,7,200905
4,33,200905
4,50,200905
4,164,200905
4,59,200905
4,46,200905
4,97,200905
4,11,200905
4,213,200905
4,112,200905
4,10,200905
4,146,200905
4,177,200905
4,136,200905
4,1,200905
4,21,200905
4,20,200905
4,196,200905
4,135,200905
4,64,200905
4,25,200905
5,40,200905
5,261,200905
5,137,200905
5,11,200905
5,110,200905
5,819,200905
5,107,200905
5,28,200905
5,17,200905
5,39,200905
5,112,200905
5,6,200905
5,155,200905
5,21,200905
5,1121,200905
5,143,200905
5,552,200905
5,77,200905
5,4,200905
5,150,200905
5,1,200905
5,10,200905
5,23,200905
5,279,200905
5,89,200905
5,20,200905
5,136,200905
5,138,200905
5,19,200905
5,160,200905
5,817,200905
5,51,200905
5,81,200905
5,100,200905
5,119,200905
5,9,200905
5,52,200905
5,108,200905
5,115,200905
5,180,200905
5,47,200905
5,157,200905
5,80,200905
5,274,200905
5,32,200905
5,85,200905
5,1144,200905
5,113,200905
5,96,200905
5,16,200905
5,72,200905
5,294,200905
5,83,200905
5,64,200905
5,1161,200905
5,142,200905
5,0,200905
5,346,200905
5,12,200905
5,2,200905
5,48,200905
5,165,200905
5,154,200905
5,124,200905
5,60,200905
5,102,200905
5,22,200905
5,222,200905
5,31,200905
5,14,200905
5,183,200905
5,69,200905
5,27,200905
5,92,200905
5,13,200905
5,121,200905
5,59,200905
5,135,200905
5,133,200905
6,375,200905
6,180,200905
6,433,200905
6,22,200905
6,176,200905
6,126,200905
6,32,200905
6,19,200905
6,97,200905
6,53,200905
6,134,200905
6,160,200905
6,14,200905
6,29,200905
6,52,200905
6,64,200905
6,482,200905
6,143,200905
6,40,200905
6,16,200905
6,815,200905
6,102,200905
6,138,200905
6,1144,200905
6,13,200905
6,110,200905
6,5,200905
6,274,200905
6,48,200905
6,77,200905
6,132,200905
6,26,200905
6,117,200905
6,81,200905
6,112,200905
6,142,200905
6,104,200905
6,178,200905
6,17,200905
6,59,200905
6,137,200905
6,78,200905
6,197,200905
6,183,200905
6,76,200905
6,28,200905
6,123,200905
6,25,200905
6,83,200905
6,18,200905
6,192,200905
6,746,200905
6,79,200905
6,80,200905
6,108,200905
6,1,200905
6,86,200905
6,60,200905
6,2,200905
6,27,200905
6,223,200905
6,94,200905
6,12,200905
6,155,200905
6,875,200905
6,135,200905
6,959,200905
6,85,200905
6,154,200905
6,0,200905
6,15,200905
6,4,200905
6,55,200905
6,35,200905
6,320,200905
6,65,200905
6,131,200905
6,544,200905
6,72,200905
6,124,200905
6,101,200905
6,9,200905
6,39,200905
6,181,200905
6,172,200905
6,57,200905
6,24,200905
6,237,200905
6,99,200905
6,338,200905
6,114,200905
6,182,200905
6,54,200905
6,46,200905
6,36,200905
6,139,200905
6,100,200905
6,146,200905
6,194,200905
6,45,200905
6,120,200905
6,31,200905
6,51,200905
6,89,200905
6,20,200905
6,11,200905
6,113,200905
6,38,200905
6,136,200905
6,129,200905
6,10,200905
7,243,200905
7,8,200905
7,90,200905
7,89,200905
7,323,200905
7,1408,200905
7,1103,200905
7,828,200905
7,770,200905
7,59,200905
7,64,200905
7,136,200905
7,97,200905
7,29,200905
7,110,200905
7,4,200905
7,11,200905
7,17,200905
7,137,200905
7,51,200905
7,1,200905
7,20,200905
8,17,200905
8,28,200905
8,89,200905
8,23,200905
8,90,200905
8,7,200905
8,243,200905
8,121,200905
8,1103,200905
8,13,200905
8,19,200905
8,6,200905
8,136,200905
8,29,200905
8,4,200905
8,1,200905
8,20,200905
9,34,200905
9,22,200905
9,401,200905
9,27,200905
9,72,200905
9,132,200905
9,137,200905
9,143,200905
9,160,200905
9,900,200905
9,121,200905
9,124,200905
9,101,200905
9,100,200905
9,40,200905
9,80,200905
9,93,200905
9,224,200905
9,32,200905
9,152,200905
9,139,200905
9,362,200905
9,320,200905
9,188,200905
9,79,200905
9,102,200905
9,165,200905
9,38,200905
9,136,200905
9,5,200905
9,20,200905
9,107,200905
9,282,200905
9,51,200905
9,39,200905
9,70,200905
9,301,200905
9,206,200905
9,48,200905
9,4,200905
9,21,200905
9,0,200905
9,112,200905
9,1451,200905
9,17,200905
9,346,200905
9,28,200905
9,77,200905
9,14,200905
9,64,200905
9,85,200905
9,108,200905
9,60,200905
9,29,200905
9,2,200905
9,25,200905
9,6,200905
9,154,200905
9,18,200905
9,146,200905
9,11,200905
9,135,200905
9,10,200905
9,1,200905
9,274,200905
9,92,200905
9,97,200905
10,1,200905
10,107,200905
10,17,200905
10,274,200905
10,401,200905
10,26,200905
10,143,200905
10,181,200905
10,160,200905
10,150,200905
10,28,200905
10,5,200905
10,781,200905
10,341,200905
10,1191,200905
10,0,200905
10,132,200905
10,83,200905
10,23,200905
10,548,200905
10,27,200905
10,102,200905
10,233,200905
10,64,200905
10,85,200905
10,544,200905
10,142,200905
10,60,200905
10,13,200905
10,7,200905
10,108,200905
10,59,200905
10,9,200905
10,131,200905
10,165,200905
10,14,200905
10,157,200905
10,110,200905
10,25,200905
10,54,200905
10,4,200905
10,51,200905
10,99,200905
10,213,200905
10,189,200905
10,214,200905
10,86,200905
10,105,200905
10,147,200905
10,728,200905
10,339,200905
10,234,200905
10,223,200905
10,111,200905
10,188,200905
10,184,200905
10,144,200905
10,84,200905
10,66,200905
10,138,200905
10,43,200905
10,265,200905
10,33,200905
10,30,200905
10,210,200905
10,819,200905
10,261,200905
10,164,200905
10,863,200905
10,177,200905
10,70,200905
10,122,200905
10,11,200905
10,133,200905
10,116,200905
10,15,200905
10,161,200905
10,103,200905
10,104,200905
10,969,200905
10,77,200905
10,61,200905
10,159,200905
10,53,200905
10,115,200905
10,149,200905
10,34,200905
10,72,200905
10,18,200905
10,80,200905
10,124,200905
10,38,200905
10,48,200905
10,119,200905
10,180,200905
10,154,200905
10,155,200905
10,89,200905
10,100,200905
10,32,200905
10,52,200905
10,16,200905
10,112,200905
10,21,200905
10,121,200905
10,183,200905
10,69,200905
10,40,200905
10,19,200905
10,137,200905
10,81,200905
10,146,200905
10,12,200905
10,31,200905
10,113,200905
10,35,200905
10,2,200905
10,222,200905
10,29,200905
10,96,200905
10,92,200905
10,20,200905
10,22,200905
10,97,200905
10,136,200905
10,46,200905
10,135,200905
10,6,200905
11,781,200905
11,268,200905
11,227,200905
11,112,200905
11,183,200905
11,51,200905
11,160,200905
11,97,200905
11,143,200905
11,136,200905
11,501,200905
11,339,200905
11,23,200905
11,5,200905
11,105,200905
11,228,200905
11,22,200905
11,48,200905
11,85,200905
11,165,200905
11,181,200905
11,46,200905
11,18,200905
11,27,200905
11,20,200905
11,77,200905
11,132,200905
11,2,200905
11,135,200905
11,29,200905
11,31,200905
11,26,200905
11,155,200905
11,66,200905
11,149,200905
11,0,200905
11,157,200905
11,80,200905
11,72,200905
11,6,200905
11,137,200905
11,99,200905
11,16,200905
11,108,200905
11,36,200905
11,40,200905
11,64,200905
11,60,200905
11,35,200905
11,113,200905
11,133,200905
11,274,200905
11,83,200905
11,8,200905
11,28,200905
11,21,200905
11,372,200905
11,548,200905
11,67,200905
11,92,200905
11,25,200905
11,1,200905
11,330,200905
11,147,200905
11,96,200905
11,248,200905
11,238,200905
11,107,200905
11,12,200905
11,9,200905
11,761,200905
11,317,200905
11,10,200905
11,111,200905
11,214,200905
11,189,200905
11,213,200905
11,69,200905
11,184,200905
11,33,200905
11,59,200905
11,150,200905
11,14,200905
11,88,200905
11,70,200905
11,84,200905
11,53,200905
11,169,200905
11,154,200905
11,223,200905
11,7,200905
11,164,200905
11,177,200905
11,30,200905
11,86,200905
11,121,200905
11,4,200905
11,89,200905
11,17,200905
11,19,200905
11,32,200905
11,110,200905
11,13,200905
11,146,200905
12,183,200905
12,160,200905
12,862,200905
12,154,200905
12,112,200905
12,27,200905
12,728,200905
12,502,200905
12,59,200905
12,107,200905
12,143,200905
12,96,200905
12,38,200905
12,157,200905
12,81,200905
12,32,200905
12,197,200905
12,142,200905
12,165,200905
12,223,200905
12,28,200905
12,76,200905
12,139,200905
12,122,200905
12,131,200905
12,23,200905
12,249,200905
12,57,200905
12,102,200905
12,113,200905
12,133,200905
12,63,200905
12,108,200905
12,51,200905
12,2,200905
12,5,200905
12,11,200905
12,92,200905
12,29,200905
12,21,200905
12,44,200905
12,19,200905
12,80,200905
12,1,200905
12,20,200905
12,26,200905
12,346,200905
12,48,200905
12,4,200905
12,64,200905
12,89,200905
12,17,200905
12,14,200905
12,31,200905
12,6,200905
12,274,200905
12,18,200905
12,60,200905
12,146,200905
12,136,200905
12,54,200905
12,97,200905
12,99,200905
12,25,200905
12,10,200905
12,137,200905
12,135,200905
13,117,200905
13,137,200905
13,77,200905
13,175,200905
13,433,200905
13,752,200905
13,5,200905
13,69,200905
13,6,200905
13,160,200905
13,482,200905
13,52,200905
13,19,200905
13,35,200905
13,143,200905
13,60,200905
13,110,200905
13,28,200905
13,320,200905
13,97,200905
13,17,200905
13,20,200905
13,96,200905
13,4,200905
13,46,200905
13,135,200905
13,89,200905
13,40,200905
13,18,200905
13,26,200905
13,23,200905
13,16,200905
13,51,200905
13,14,200905
13,1,200905
13,78,200905
13,12,200905
13,83,200905
13,156,200905
13,32,200905
13,10,200905
13,34,200905
13,165,200905
13,76,200905
13,178,200905
13,113,200905
13,24,200905
13,94,200905
13,139,200905
13,45,200905
13,108,200905
13,129,200905
13,21,200905
13,25,200905
13,36,200905
13,38,200905
13,2,200905
13,48,200905
13,766,200905
13,996,200905
13,896,200905
13,313,200905
13,815,200905
13,995,200905
13,180,200905
13,283,200905
13,1118,200905
13,176,200905
13,1417,200905
13,27,200905
13,142,200905
13,31,200905
13,120,200905
13,81,200905
13,64,200905
13,289,200905
13,126,200905
13,54,200905
13,349,200905
13,0,200905
13,29,200905
13,114,200905
13,99,200905
13,100,200905
13,297,200905
13,85,200905
13,136,200905
13,75,200905
13,146,200905
13,59,200905
13,860,200905
13,121,200905
13,154,200905
13,11,200905
14,482,200905
14,77,200905
14,76,200905
14,6,200905
14,99,200905
14,652,200905
14,160,200905
14,143,200905
14,60,200905
14,1045,200905
14,19,200905
14,97,200905
14,129,200905
14,799,200905
14,64,200905
14,173,200905
14,13,200905
14,181,200905
14,433,200905
14,47,200905
14,31,200905
14,25,200905
14,102,200905
14,93,200905
14,320,200905
14,0,200905
14,10,200905
14,183,200905
14,116,200905
14,111,200905
14,48,200905
14,137,200905
14,139,200905
14,100,200905
14,35,200905
14,36,200905
14,34,200905
14,114,200905
14,115,200905
14,18,200905
14,375,200905
14,1144,200905
14,28,200905
14,247,200905
14,113,200905
14,66,200905
14,5,200905
14,55,200905
14,20,200905
14,112,200905
14,69,200905
14,27,200905
14,96,200905
14,46,200905
14,23,200905
14,85,200905
14,142,200905
14,22,200905
14,29,200905
14,1147,200905
14,172,200905
14,133,200905
14,108,200905
14,80,200905
14,435,200905
14,72,200905
14,110,200905
14,21,200905
14,58,200905
14,107,200905
14,1020,200905
14,785,200905
14,165,200905
14,12,200905
14,369,200905
14,51,200905
14,4,200905
14,26,200905
14,59,200905
14,17,200905
14,124,200905
14,11,200905
14,94,200905
14,146,200905
14,9,200905
14,157,200905
14,274,200905
14,16,200905
14,117,200905
14,54,200905
14,1,200905
14,2,200905
14,134,200905
14,40,200905
14,92,200905
14,24,200905
14,32,200905
14,136,200905
14,81,200905
14,154,200905
14,38,200905
14,83,200905
14,180,200905
14,119,200905
14,135,200905
14,52,200905
14,155,200905
15,10,200905
15,77,200905
15,143,200905
15,160,200905
15,132,200905
15,24,200905
15,76,200905
15,81,200905
15,206,200905
15,97,200905
15,41,200905
15,146,200905
15,346,200905
15,136,200905
15,29,200905
15,154,200905
15,18,200905
15,375,200905
15,266,200905
15,1227,200905
15,32,200905
15,137,200905
16,362,200905
16,139,200905
16,140,200905
16,44,200905
16,135,200905
16,77,200905
16,38,200905
16,282,200905
16,14,200905
16,143,200905
16,40,200905
16,131,200905
16,32,200905
16,54,200905
16,146,200905
16,98,200905
16,13,200905
16,160,200905
16,81,200905
16,48,200905
16,281,200905
16,43,200905
16,176,200905
16,181,200905
16,62,200905
16,1194,200905
16,1088,200905
16,18,200905
16,29,200905
16,133,200905
16,104,200905
16,157,200905
16,6,200905
16,112,200905
16,102,200905
16,175,200905
16,20,200905
16,96,200905
16,233,200905
16,114,200905
16,25,200905
16,58,200905
16,125,200905
16,17,200905
16,27,200905
16,165,200905
16,100,200905
16,4,200905
16,28,200905
16,5,200905
16,156,200905
16,57,200905
16,72,200905
16,36,200905
16,136,200905
16,97,200905
16,80,200905
16,108,200905
16,22,200905
16,0,200905
16,21,200905
16,9,200905
16,79,200905
16,92,200905
16,375,200905
16,2,200905
16,1022,200905
16,1147,200905
16,23,200905
16,60,200905
16,35,200905
16,1086,200905
16,24,200905
16,381,200905
16,1065,200905
16,64,200905
16,523,200905
16,178,200905
16,83,200905
16,1,200905
16,52,200905
16,126,200905
16,142,200905
16,46,200905
16,26,200905
16,134,200905
16,101,200905
16,19,200905
16,59,200905
16,154,200905
16,137,200905
16,55,200905
16,197,200905
16,99,200905
16,66,200905
16,120,200905
16,117,200905
16,180,200905
16,10,200905
16,155,200905
16,31,200905
17,51,200905
17,89,200905
17,35,200905
17,59,200905
17,77,200905
17,133,200905
17,110,200905
17,433,200905
17,121,200905
17,14,200905
17,143,200905
17,20,200905
17,675,200905
17,552,200905
17,245,200905
17,5,200905
17,25,200905
17,137,200905
17,6,200905
17,160,200905
17,175,200905
17,108,200905
17,39,200905
17,93,200905
17,16,200905
17,100,200905
17,83,200905
17,80,200905
17,18,200905
17,112,200905
17,13,200905
17,22,200905
17,64,200905
17,85,200905
17,116,200905
17,0,200905
17,52,200905
17,652,200905
17,9,200905
17,155,200905
17,19,200905
17,26,200905
17,136,200905
17,31,200905
17,92,200905
17,119,200905
17,196,200905
17,115,200905
17,142,200905
17,99,200905
17,10,200905
17,149,200905
17,180,200905
17,32,200905
17,24,200905
17,54,200905
17,72,200905
17,124,200905
17,81,200905
17,161,200905
17,34,200905
17,4,200905
17,30,200905
17,544,200905
17,102,200905
17,132,200905
17,265,200905
17,154,200905
17,61,200905
17,60,200905
17,493,200905
17,12,200905
17,69,200905
17,261,200905
17,345,200905
17,33,200905
17,107,200905
17,781,200905
17,48,200905
17,183,200905
17,70,200905
17,348,200905
17,353,200905
17,184,200905
17,866,200905
17,164,200905
17,27,200905
17,104,200905
17,1,200905
17,222,200905
17,214,200905
17,37,200905
17,211,200905
17,395,200905
17,761,200905
17,863,200905
17,906,200905
17,209,200905
17,40,200905
17,53,200905
17,96,200905
17,819,200905
17,129,200905
17,274,200905
17,189,200905
17,8,200905
17,2,200905
17,213,200905
17,150,200905
17,243,200905
17,165,200905
17,7,200905
17,21,200905
17,11,200905
17,146,200905
17,28,200905
17,97,200905
17,135,200905
17,46,200905
17,29,200905
18,281,200905
18,29,200905
18,426,200905
18,143,200905
18,77,200905
18,16,200905
18,433,200905
18,19,200905
18,165,200905
18,138,200905
18,32,200905
18,160,200905
18,233,200905
18,175,200905
18,100,200905
18,2,200905
18,10,200905
18,83,200905
18,31,200905
18,163,200905
18,48,200905
18,137,200905
18,1,200905
18,120,200905
18,274,200905
18,76,200905
18,112,200905
18,60,200905
18,135,200905
18,171,200905
18,99,200905
18,108,200905
18,146,200905
18,81,200905
18,394,200905
18,43,200905
18,46,200905
18,85,200905
18,64,200905
18,270,200905
18,11,200905
18,26,200905
18,27,200905
18,181,200905
18,54,200905
18,154,200905
18,1144,200905
18,102,200905
18,38,200905
18,14,200905
18,142,200905
18,197,200905
18,6,200905
18,24,200905
18,97,200905
18,40,200905
18,20,200905
18,86,200905
18,178,200905
18,78,200905
18,25,200905
18,74,200905
18,1147,200905
18,111,200905
18,1169,200905
18,5,200905
18,36,200905
18,21,200905
18,126,200905
18,17,200905
18,436,200905
18,440,200905
18,909,200905
18,28,200905
18,814,200905
18,92,200905
18,908,200905
18,155,200905
18,110,200905
18,416,200905
18,432,200905
18,144,200905
18,422,200905
18,346,200905
18,1258,200905
18,234,200905
18,415,200905
18,410,200905
18,271,200905
18,276,200905
18,298,200905
18,61,200905
18,176,200905
18,145,200905
18,136,200905
18,104,200905
18,443,200905
18,62,200905
18,12,200905
18,408,200905
18,292,200905
18,66,200905
18,88,200905
18,423,200905
18,131,200905
18,101,200905
18,15,200905
18,59,200905
18,544,200905
18,123,200905
18,265,200905
18,170,200905
18,413,200905
18,117,200905
18,180,200905
18,407,200905
18,125,200905
18,159,200905
18,122,200905
18,242,200905
18,84,200905
18,223,200905
18,13,200905
18,177,200905
18,52,200905
18,0,200905
18,430,200905
18,34,200905
18,9,200905
18,72,200905
18,4,200905
18,139,200905
18,132,200905
18,174,200905
18,196,200905
18,22,200905
18,35,200905
18,53,200905
18,30,200905
18,44,200905
18,164,200905
18,183,200905
18,96,200905
18,69,200905
18,113,200905
18,89,200905
18,51,200905
19,176,200905
19,29,200905
19,181,200905
19,175,200905
19,60,200905
19,138,200905
19,5,200905
19,59,200905
19,143,200905
19,110,200905
19,36,200905
19,23,200905
19,140,200905
19,52,200905
19,26,200905
19,39,200905
19,77,200905
19,6,200905
19,100,200905
19,180,200905
19,83,200905
19,433,200905
19,54,200905
19,455,200905
19,160,200905
19,142,200905
19,120,200905
19,13,200905
19,40,200905
19,97,200905
19,18,200905
19,155,200905
19,46,200905
19,157,200905
19,51,200905
19,133,200905
19,131,200905
19,342,200905
19,113,200905
19,134,200905
19,12,200905
19,21,200905
19,115,200905
19,149,200905
19,11,200905
19,4,200905
19,72,200905
19,0,200905
19,25,200905
19,98,200905
19,139,200905
19,165,200905
19,170,200905
19,20,200905
19,14,200905
19,80,200905
19,114,200905
19,75,200905
19,108,200905
19,242,200905
19,112,200905
19,154,200905
19,28,200905
19,48,200905
19,9,200905
19,22,200905
19,119,200905
19,99,200905
19,96,200905
19,278,200905
19,69,200905
19,136,200905
19,102,200905
19,38,200905
19,81,200905
19,32,200905
19,76,200905
19,195,200905
19,320,200905
19,85,200905
19,208,200905
19,55,200905
19,79,200905
19,27,200905
19,24,200905
19,57,200905
19,182,200905
19,146,200905
19,126,200905
19,31,200905
19,206,200905
19,117,200905
19,16,200905
19,362,200905
19,274,200905
19,338,200905
19,332,200905
19,45,200905
19,860,200905
19,101,200905
19,387,200905
19,192,200905
19,78,200905
19,205,200905
19,172,200905
19,277,200905
19,2,200905
19,17,200905
19,799,200905
19,137,200905
19,129,200905
19,92,200905
19,64,200905
19,1,200905
19,10,200905
19,35,200905
19,135,200905
20,1039,200905
20,501,200905
20,110,200905
20,5,200905
20,247,200905
20,17,200905
20,89,200905
20,160,200905
20,433,200905
20,326,200905
20,46,200905
20,81,200905
20,1,200905
20,23,200905
20,38,200905
20,9,200905
20,48,200905
20,77,200905
20,12,200905
20,19,200905
20,131,200905
20,139,200905
20,83,200905
20,32,200905
20,40,200905
20,124,200905
20,72,200905
20,60,200905
20,30,200905
20,143,200905
20,99,200905
20,26,200905
20,14,200905
20,28,200905
20,29,200905
20,64,200905
20,154,200905
20,137,200905
20,102,200905
20,13,200905
20,27,200905
20,31,200905
20,0,200905
20,2,200905
20,108,200905
20,132,200905
20,274,200905
20,54,200905
20,22,200905
20,6,200905
20,96,200905
20,85,200905
20,155,200905
20,165,200905
20,92,200905
20,736,200905
20,215,200905
20,53,200905
20,741,200905
20,211,200905
20,18,200905
20,214,200905
20,832,200905
20,11,200905
20,866,200905
20,315,200905
20,213,200905
20,25,200905
20,51,200905
20,906,200905
20,761,200905
20,107,200905
20,150,200905
20,261,200905
20,189,200905
20,183,200905
20,113,200905
20,243,200905
20,184,200905
20,21,200905
20,133,200905
20,16,200905
20,33,200905
20,59,200905
20,121,200905
20,136,200905
20,146,200905
20,8,200905
20,97,200905
20,135,200905
20,4,200905
20,10,200905
20,7,200905
20,35,200905
21,832,200905
21,952,200905
21,866,200905
21,761,200905
21,160,200905
21,755,200905
21,1063,200905
21,736,200905
21,964,200905
21,745,200905
21,165,200905
21,143,200905
21,29,200905
21,149,200905
21,54,200905
21,124,200905
21,154,200905
21,100,200905
21,119,200905
21,157,200905
21,116,200905
21,40,200905
21,80,200905
21,72,200905
21,83,200905
21,27,200905
21,108,200905
21,38,200905
21,142,200905
21,32,200905
21,96,200905
21,77,200905
21,19,200905
21,14,200905
21,81,200905
21,131,200905
21,346,200905
21,0,200905
21,99,200905
21,46,200905
21,1227,200905
21,12,200905
21,274,200905
21,48,200905
21,183,200905
21,155,200905
21,85,200905
21,137,200905
21,112,200905
21,180,200905
21,22,200905
21,136,200905
21,146,200905
21,2,200905
21,11,200905
21,92,200905
21,60,200905
21,69,200905
21,213,200905
21,31,200905
21,189,200905
21,59,200905
21,64,200905
21,10,200905
21,51,200905
21,135,200905
21,20,200905
21,17,200905
21,121,200905
21,89,200905
21,97,200905
21,18,200905
21,4,200905
21,25,200905
21,1,200905
21,113,200905
21,133,200905
21,23,200905
21,28,200905
22,1227,200905
22,17,200905
22,47,200905
22,401,200905
22,9,200905
22,96,200905
22,1,200905
22,160,200905
22,52,200905
22,2,200905
22,11,200905
22,20,200905
22,183,200905
22,72,200905
22,189,200905
22,23,200905
22,107,200905
22,177,200905
22,25,200905
22,133,200905
22,113,200905
22,77,200905
22,18,200905
22,132,200905
22,4,200905
22,139,200905
22,111,200905
22,33,200905
22,211,200905
22,154,200905
22,21,200905
22,143,200905
22,155,200905
22,51,200905
22,53,200905
22,12,200905
22,346,200905
22,85,200905
22,97,200905
22,27,200905
22,99,200905
22,150,200905
22,5,200905
22,274,200905
22,48,200905
22,19,200905
22,0,200905
22,102,200905
22,26,200905
22,64,200905
22,14,200905
22,60,200905
22,148,200905
22,112,200905
22,136,200905
22,135,200905
22,29,200905
22,28,200905
22,10,200905
22,137,200905
23,211,200905
23,189,200905
23,17,200905
23,89,200905
23,1,200905
23,11,200905
23,19,200905
23,14,200905
23,121,200905
23,138,200905
23,39,200905
23,136,200905
23,160,200905
23,110,200905
23,51,200905
23,5,200905
23,501,200905
23,348,200905
23,28,200905
23,65,200905
23,77,200905
23,143,200905
23,749,200905
23,137,200905
23,150,200905
23,906,200905
23,863,200905
23,274,200905
23,247,200905
23,124,200905
23,22,200905
23,80,200905
23,40,200905
23,96,200905
23,12,200905
23,9,200905
23,161,200905
23,48,200905
23,81,200905
23,108,200905
23,27,200905
23,60,200905
23,1144,200905
23,92,200905
23,85,200905
23,536,200905
23,299,200905
23,764,200905
23,83,200905
23,107,200905
23,72,200905
23,0,200905
23,13,200905
23,817,200905
23,32,200905
23,2,200905
23,345,200905
23,165,200905
23,183,200905
23,4,200905
23,135,200905
23,154,200905
23,31,200905
23,20,200905
23,97,200905
23,112,200905
23,25,200905
23,10,200905
23,21,200905
24,77,200905
24,95,200905
24,160,200905
24,38,200905
24,83,200905
24,132,200905
24,342,200905
24,9,200905
24,320,200905
24,80,200905
24,265,200905
24,76,200905
24,78,200905
24,94,200905
24,48,200905
24,129,200905
24,6,200905
24,41,200905
24,133,200905
24,146,200905
24,346,200905
24,178,200905
24,28,200905
24,64,200905
24,29,200905
24,16,200905
24,26,200905
24,97,200905
24,19,200905
24,108,200905
24,99,200905
24,54,200905
24,18,200905
24,137,200905
24,32,200905
24,154,200905
24,25,200905
24,60,200905
24,136,200905
24,46,200905
24,14,200905
25,160,200905
25,29,200905
25,16,200905
25,24,200905
25,143,200905
25,11,200905
25,137,200905
25,79,200905
25,266,200905
25,1144,200905
25,22,200905
25,339,200905
25,23,200905
25,97,200905
25,433,200905
25,112,200905
25,14,200905
25,31,200905
25,87,200905
25,138,200905
25,98,200905
25,77,200905
25,175,200905
25,60,200905
25,731,200905
25,188,200905
25,136,200905
25,93,200905
25,336,200905
25,40,200905
25,35,200905
25,154,200905
25,552,200905
25,17,200905
25,45,200905
25,86,200905
25,131,200905
25,142,200905
25,100,200905
25,224,200905
25,78,200905
25,107,200905
25,1147,200905
25,444,200905
25,61,200905
25,6,200905
25,19,200905
25,208,200905
25,53,200905
25,167,200905
25,233,200905
25,18,200905
25,270,200905
25,54,200905
25,146,200905
25,5,200905
25,122,200905
25,180,200905
25,393,200905
25,52,200905
25,213,200905
25,4,200905
25,183,200905
25,178,200905
25,69,200905
25,346,200905
25,99,200905
25,83,200905
25,64,200905
25,161,200905
25,32,200905
25,371,200905
25,340,200905
25,216,200905
25,81,200905
25,63,200905
25,0,200905
25,118,200905
25,385,200905
25,237,200905
25,27,200905
25,333,200905
25,139,200905
25,149,200905
25,327,200905
25,9,200905
25,115,200905
25,165,200905
25,335,200905
25,116,200905
25,85,200905
25,59,200905
25,72,200905
25,326,200905
25,2,200905
25,1,200905
25,57,200905
25,65,200905
25,132,200905
25,390,200905
25,46,200905
25,181,200905
25,39,200905
25,20,200905
25,36,200905
25,58,200905
25,38,200905
25,355,200905
25,76,200905
25,544,200905
25,12,200905
25,120,200905
25,124,200905
25,495,200905
25,47,200905
25,101,200905
25,110,200905
25,34,200905
25,96,200905
25,152,200905
25,341,200905
25,157,200905
25,156,200905
25,274,200905
25,129,200905
25,80,200905
25,89,200905
25,21,200905
25,113,200905
25,13,200905
25,51,200905
25,108,200905
25,48,200905
25,26,200905
25,28,200905
25,10,200905
26,59,200905
26,195,200905
26,53,200905
26,101,200905
26,6,200905
26,94,200905
26,320,200905
26,142,200905
26,17,200905
26,32,200905
26,1,200905
26,137,200905
26,81,200905
26,18,200905
26,120,200905
26,797,200905
26,0,200905
26,183,200905
26,136,200905
26,28,200905
26,10,200905
26,140,200905
26,48,200905
26,66,200905
26,40,200905
26,61,200905
26,4,200905
26,135,200905
26,242,200905
26,20,200905
26,274,200905
26,270,200905
26,78,200905
26,97,200905
26,14,200905
26,139,200905
26,5,200905
26,129,200905
26,13,200905
26,60,200905
26,143,200905
26,194,200905
26,108,200905
26,21,200905
26,19,200905
26,156,200905
26,51,200905
26,23,200905
26,124,200905
26,113,200905
26,46,200905
26,64,200905
26,25,200905
26,134,200905
26,114,200905
26,24,200905
26,181,200905
26,65,200905
26,39,200905
26,57,200905
26,117,200905
26,63,200905
26,132,200905
26,131,200905
26,338,200905
26,12,200905
26,77,200905
26,16,200905
26,83,200905
26,192,200905
26,544,200905
26,27,200905
26,278,200905
26,180,200905
26,155,200905
26,80,200905
26,29,200905
26,54,200905
26,76,200905
26,45,200905
26,38,200905
26,102,200905
26,55,200905
26,36,200905
26,860,200905
26,126,200905
26,100,200905
26,146,200905
26,75,200905
26,31,200905
26,160,200905
26,154,200905
26,99,200905
26,35,200905
27,29,200905
27,143,200905
27,77,200905
27,81,200905
27,10,200905
27,12,200905
27,534,200905
27,752,200905
27,154,200905
27,135,200905
27,1144,200905
27,150,200905
27,310,200905
27,52,200905
27,132,200905
27,23,200905
27,160,200905
27,9,200905
27,72,200905
27,44,200905
27,183,200905
27,189,200905
27,11,200905
27,84,200905
27,40,200905
27,133,200905
27,14,200905
27,156,200905
27,69,200905
27,181,200905
27,136,200905
27,13,200905
27,120,200905
27,119,200905
27,320,200905
27,968,200905
27,137,200905
27,107,200905
27,85,200905
27,113,200905
27,96,200905
27,100,200905
27,79,200905
27,46,200905
27,93,200905
27,2,200905
27,157,200905
27,0,200905
27,368,200905
27,115,200905
27,122,200905
27,112,200905
27,6,200905
27,64,200905
27,220,200905
27,739,200905
27,142,200905
27,170,200905
27,26,200905
27,906,200905
27,18,200905
27,1,200905
27,19,200905
27,4,200905
27,129,200905
27,124,200905
27,38,200905
27,45,200905
27,490,200905
27,834,200905
27,21,200905
27,20,200905
27,83,200905
27,80,200905
27,1147,200905
27,32,200905
27,341,200905
27,22,200905
27,480,200905
27,588,200905
27,165,200905
27,35,200905
27,17,200905
27,155,200905
27,251,200905
27,16,200905
27,728,200905
27,1482,200905
27,388,200905
27,139,200905
27,25,200905
27,60,200905
27,146,200905
27,99,200905
27,92,200905
27,59,200905
27,97,200905
27,51,200905
27,48,200905
27,5,200905
27,28,200905
27,54,200905
27,108,200905
27,31,200905
27,274,200905
28,1,200905
28,77,200905
28,11,200905
28,143,200905
28,493,200905
28,17,200905
28,5,200905
28,160,200905
28,59,200905
28,19,200905
28,16,200905
28,93,200905
28,74,200905
28,180,200905
28,29,200905
28,80,200905
28,13,200905
28,149,200905
28,32,200905
28,61,200905
28,18,200905
28,121,200905
28,99,200905
28,164,200905
28,233,200905
28,26,200905
28,64,200905
28,81,200905
28,161,200905
28,9,200905
28,157,200905
28,92,200905
28,102,200905
28,124,200905
28,146,200905
28,155,200905
28,100,200905
28,40,200905
28,14,200905
28,346,200905
28,129,200905
28,48,200905
28,52,200905
28,116,200905
28,60,200905
28,72,200905
28,119,200905
28,27,200905
28,51,200905
28,38,200905
28,4,200905
28,83,200905
28,12,200905
28,89,200905
28,69,200905
28,142,200905
28,183,200905
28,0,200905
28,154,200905
28,108,200905
28,54,200905
28,261,200905
28,222,200905
28,165,200905
28,274,200905
28,97,200905
28,46,200905
28,112,200905
28,2,200905
28,107,200905
28,31,200905
28,96,200905
28,85,200905
28,10,200905
28,22,200905
28,136,200905
28,20,200905
28,135,200905
28,6,200905
28,25,200905
28,21,200905
28,137,200905
29,135,200905
29,89,200905
29,82,200905
29,17,200905
29,59,200905
29,139,200905
29,54,200905
29,110,200905
29,245,200905
29,97,200905
29,113,200905
29,675,200905
29,16,200905
29,19,200905
29,14,200905
29,6,200905
29,1039,200905
29,1088,200905
29,732,200905
29,143,200905
29,552,200905
29,1233,200905
29,433,200905
29,160,200905
29,175,200905
29,1144,200905
29,77,200905
29,241,200905
29,126,200905
29,69,200905
29,53,200905
29,102,200905
29,320,200905
29,21,200905
29,46,200905
29,111,200905
29,107,200905
29,55,200905
29,234,200905
29,60,200905
29,265,200905
29,25,200905
29,48,200905
29,165,200905
29,32,200905
29,64,200905
29,13,200905
29,341,200905
29,12,200905
29,243,200905
29,76,200905
29,154,200905
29,40,200905
29,136,200905
29,9,200905
29,108,200905
29,0,200905
29,28,200905
29,112,200905
29,137,200905
29,104,200905
29,83,200905
29,180,200905
29,233,200905
29,1,200905
29,181,200905
29,1147,200905
29,27,200905
29,140,200905
29,267,200905
29,176,200905
29,172,200905
29,117,200905
29,85,200905
29,31,200905
29,78,200905
29,2,200905
29,66,200905
29,51,200905
29,52,200905
29,72,200905
29,57,200905
29,163,200905
29,86,200905
29,24,200905
29,100,200905
29,44,200905
29,38,200905
29,8,200905
29,45,200905
29,15,200905
29,101,200905
29,75,200905
29,80,200905
29,58,200905
29,242,200905
29,81,200905
29,62,200905
29,132,200905
29,276,200905
29,170,200905
29,270,200905
29,61,200905
29,74,200905
29,79,200905
29,131,200905
29,18,200905
29,146,200905
29,63,200905
29,155,200905
29,96,200905
29,183,200905
29,134,200905
29,26,200905
29,544,200905
29,120,200905
29,269,200905
29,224,200905
29,7,200905
29,292,200905
29,182,200905
29,43,200905
29,159,200905
29,39,200905
29,198,200905
29,208,200905
29,213,200905
29,197,200905
29,36,200905
29,171,200905
29,65,200905
29,145,200905
29,142,200905
29,129,200905
29,121,200905
29,274,200905
29,34,200905
29,125,200905
29,144,200905
29,193,200905
29,11,200905
29,124,200905
29,22,200905
29,35,200905
29,99,200905
29,10,200905
29,4,200905
29,20,200905
30,84,200905
30,104,200905
30,160,200905
30,136,200905
30,143,200905
30,132,200905
30,12,200905
30,67,200905
30,64,200905
30,775,200905
30,107,200905
30,776,200905
30,25,200905
30,59,200905
30,20,200905
30,1,200905
30,1090,200905
30,783,200905
30,754,200905
30,223,200905
30,753,200905
30,88,200905
30,1169,200905
30,17,200905
30,1227,200905
30,10,200905
30,4,200905
30,18,200905
30,11,200905
31,433,200905
31,160,200905
31,120,200905
31,47,200905
31,97,200905
31,138,200905
31,121,200905
31,46,200905
31,176,200905
31,77,200905
31,79,200905
31,154,200905
31,175,200905
31,83,200905
31,26,200905
31,78,200905
31,54,200905
31,183,200905
31,32,200905
31,88,200905
31,16,200905
31,142,200905
31,145,200905
31,40,200905
31,149,200905
31,6,200905
31,181,200905
31,55,200905
31,544,200905
31,69,200905
31,126,200905
31,38,200905
31,341,200905
31,108,200905
31,155,200905
31,85,200905
31,52,200905
31,146,200905
31,112,200905
31,143,200905
31,136,200905
31,0,200905
31,14,200905
31,141,200905
31,18,200905
31,178,200905
31,102,200905
31,180,200905
31,2,200905
31,17,200905
31,28,200905
31,22,200905
31,11,200905
31,113,200905
31,107,200905
31,96,200905
31,133,200905
31,12,200905
31,36,200905
31,51,200905
31,20,200905
31,119,200905
31,165,200905
31,139,200905
31,13,200905
31,9,200905
31,64,200905
31,35,200905
31,29,200905
31,21,200905
31,99,200905
31,19,200905
31,274,200905
31,23,200905
31,4,200905
31,80,200905
31,5,200905
31,59,200905
31,81,200905
31,48,200905
31,25,200905
31,27,200905
31,1,200905
31,92,200905
31,100,200905
31,10,200905
31,60,200905
31,135,200905
31,137,200905
32,16,200905
32,160,200905
32,138,200905
32,6,200905
32,433,200905
32,117,200905
32,54,200905
32,77,200905
32,120,200905
32,143,200905
32,78,200905
32,157,200905
32,97,200905
32,18,200905
32,107,200905
32,25,200905
32,39,200905
32,320,200905
32,83,200905
32,52,200905
32,101,200905
32,45,200905
32,112,200905
32,0,200905
32,9,200905
32,48,200905
32,278,200905
32,31,200905
32,124,200905
32,80,200905
32,104,200905
32,38,200905
32,113,200905
32,66,200905
32,21,200905
32,17,200905
32,20,200905
32,28,200905
32,13,200905
32,11,200905
32,63,200905
32,12,200905
32,133,200905
32,29,200905
32,180,200905
32,422,200905
32,142,200905
32,309,200905
32,14,200905
32,51,200905
32,27,200905
32,144,200905
32,10,200905
32,192,200905
32,135,200905
32,375,200905
32,181,200905
32,74,200905
32,265,200905
32,100,200905
32,108,200905
32,22,200905
32,46,200905
32,94,200905
32,178,200905
32,34,200905
32,53,200905
32,1147,200905
32,136,200905
32,82,200905
32,23,200905
32,814,200905
32,154,200905
32,19,200905
32,65,200905
32,274,200905
32,5,200905
32,129,200905
32,440,200905
32,96,200905
32,92,200905
32,269,200905
32,362,200905
32,545,200905
32,62,200905
32,64,200905
32,429,200905
32,175,200905
32,44,200905
32,24,200905
32,61,200905
32,170,200905
32,338,200905
32,141,200905
32,544,200905
32,60,200905
32,546,200905
32,146,200905
32,316,200905
32,132,200905
32,193,200905
32,81,200905
32,76,200905
32,420,200905
32,237,200905
32,197,200905
32,40,200905
32,59,200905
32,126,200905
32,176,200905
32,155,200905
32,131,200905
32,159,200905
32,242,200905
32,332,200905
32,270,200905
32,233,200905
32,163,200905
32,58,200905
32,85,200905
32,208,200905
32,72,200905
32,26,200905
32,99,200905
32,198,200905
32,276,200905
32,171,200905
32,205,200905
32,114,200905
32,55,200905
32,1,200905
32,140,200905
32,79,200905
32,57,200905
32,15,200905
32,137,200905
32,139,200905
32,195,200905
32,182,200905
32,75,200905
32,2,200905
32,35,200905
32,206,200905
32,36,200905
32,134,200905
32,43,200905
32,102,200905
32,4,200905
33,51,200905
33,27,200905
33,184,200905
33,1169,200905
33,497,200905
33,17,200905
33,1227,200905
33,10,200905
33,11,200905
33,136,200905
33,4,200905
33,20,200905
34,143,200905
34,480,200905
34,104,200905
34,160,200905
34,552,200905
34,588,200905
34,29,200905
34,249,200905
34,860,200905
34,213,200905
34,261,200905
34,189,200905
34,10,200905
34,62,200905
34,1,200905
34,120,200905
34,107,200905
34,28,200905
34,4,200905
34,17,200905
34,154,200905
34,18,200905
34,1,200905
34,10,200905
34,136,200905
34,160,200905
34,25,200905
34,29,200905
34,97,200905
34,137,200905
35,25,200905
35,19,200905
35,512,200905
35,341,200905
35,17,200905
35,98,200905
35,143,200905
35,48,200905
35,241,200905
35,57,200905
35,72,200905
35,160,200905
35,76,200905
35,322,200905
35,172,200905
35,675,200905
35,129,200905
35,1195,200905
35,97,200905
35,6,200905
35,433,200905
35,0,200905
35,60,200905
35,64,200905
35,496,200905
35,77,200905
35,1043,200905
35,165,200905
35,39,200905
35,152,200905
35,41,200905
35,13,200905
35,136,200905
35,26,200905
35,29,200905
35,85,200905
35,137,200905
35,156,200905
35,80,200905
35,23,200905
35,155,200905
35,14,200905
35,27,200905
35,93,200905
35,150,200905
35,274,200905
35,146,200905
35,107,200905
35,113,200905
35,16,200905
35,52,200905
35,78,200905
35,120,200905
35,38,200905
35,40,200905
35,31,200905
35,108,200905
35,100,200905
35,81,200905
35,139,200905
35,18,200905
35,46,200905
35,173,200905
35,1,200905
35,32,200905
35,4,200905
35,769,200905
35,154,200905
35,10,200905
35,83,200905
35,59,200905
35,20,200905
35,99,200905
36,108,200905
36,143,200905
36,35,200905
36,100,200905
36,139,200905
36,101,200905
36,48,200905
36,1265,200905
36,224,200905
36,9,200905
36,10,200905
36,52,200905
36,46,200905
36,25,200905
36,27,200905
36,28,200905
36,137,200905
36,1,200905
36,102,200905
36,14,200905
36,77,200905
36,40,200905
36,142,200905
36,180,200905
36,178,200905
36,181,200905
36,1147,200905
36,341,200905
36,81,200905
36,16,200905
36,99,200905
36,41,200905
36,29,200905
36,155,200905
36,31,200905
36,146,200905
36,6,200905
36,26,200905
36,32,200905
36,208,200905
36,13,200905
36,19,200905
36,97,200905
36,119,200905
36,59,200905
37,1,200905
37,784,200905
37,1339,200905
37,17,200905
38,39,200905
38,14,200905
38,178,200905
38,120,200905
38,6,200905
38,160,200905
38,78,200905
38,1209,200905
38,62,200905
38,41,200905
38,54,200905
38,157,200905
38,11,200905
38,117,200905
38,124,200905
38,96,200905
38,133,200905
38,9,200905
38,143,200905
38,156,200905
38,24,200905
38,66,200905
38,355,200905
38,51,200905
38,154,200905
38,444,200905
38,40,200905
38,135,200905
38,142,200905
38,22,200905
38,155,200905
38,25,200905
38,80,200905
38,64,200905
38,97,200905
38,274,200905
38,5,200905
38,19,200905
38,180,200905
38,112,200905
38,2,200905
38,27,200905
38,134,200905
38,119,200905
38,1,200905
38,76,200905
38,77,200905
38,18,200905
38,85,200905
38,99,200905
38,46,200905
38,0,200905
38,28,200905
38,48,200905
38,92,200905
38,29,200905
38,136,200905
38,146,200905
38,35,200905
38,31,200905
38,32,200905
38,26,200905
38,108,200905
38,10,200905
38,100,200905
38,59,200905
38,60,200905
38,137,200905
39,143,200905
39,45,200905
39,137,200905
39,83,200905
39,35,200905
39,57,200905
39,160,200905
39,60,200905
39,38,200905
39,19,200905
39,112,200905
39,320,200905
39,100,200905
39,121,200905
39,77,200905
39,46,200905
39,176,200905
39,27,200905
39,16,200905
39,146,200905
39,104,200905
39,157,200905
39,9,200905
39,120,200905
39,1147,200905
39,178,200905
39,48,200905
39,99,200905
39,26,200905
39,32,200905
39,266,200905
39,6,200905
39,97,200905
39,25,200905
39,29,200905
39,64,200905
40,549,200905
40,205,200905
40,35,200905
40,136,200905
40,316,200905
40,14,200905
40,5,200905
40,160,200905
40,16,200905
40,1,200905
40,77,200905
40,25,200905
40,893,200905
40,19,200905
40,281,200905
40,81,200905
40,143,200905
40,449,200905
40,66,200905
40,58,200905
40,39,200905
40,155,200905
40,9,200905
40,20,200905
40,84,200905
40,15,200905
40,100,200905
40,197,200905
40,444,200905
40,78,200905
40,27,200905
40,102,200905
40,1147,200905
40,0,200905
40,112,200905
40,6,200905
40,96,200905
40,80,200905
40,23,200905
40,176,200905
40,36,200905
40,38,200905
40,57,200905
40,48,200905
40,154,200905
40,146,200905
40,64,200905
40,83,200905
40,180,200905
40,32,200905
40,181,200905
40,13,200905
40,133,200905
40,29,200905
40,362,200905
40,45,200905
40,18,200905
40,99,200905
40,21,200905
40,92,200905
40,28,200905
40,97,200905
40,17,200905
40,178,200905
40,46,200905
40,139,200905
40,108,200905
40,26,200905
40,54,200905
40,320,200905
40,59,200905
40,52,200905
40,60,200905
40,10,200905
40,137,200905
40,135,200905
41,160,200905
41,60,200905
41,132,200905
41,146,200905
41,40,200905
41,79,200905
41,77,200905
41,320,200905
41,92,200905
41,860,200905
41,72,200905
41,75,200905
41,65,200905
41,35,200905
41,14,200905
41,9,200905
41,731,200905
41,29,200905
41,100,200905
41,444,200905
41,27,200905
41,36,200905
41,48,200905
41,108,200905
41,97,200905
41,46,200905
43,160,200905
43,116,200905
43,54,200905
43,78,200905
43,117,200905
43,124,200905
43,113,200905
43,136,200905
43,266,200905
43,10,200905
43,97,200905
43,29,200905
43,18,200905
43,32,200905
44,27,200905
44,160,200905
44,175,200905
44,144,200905
44,132,200905
44,362,200905
44,12,200905
44,62,200905
44,0,200905
44,346,200905
44,107,200905
44,32,200905
44,29,200905
44,18,200905
45,101,200905
45,79,200905
45,14,200905
45,120,200905
45,36,200905
45,94,200905
45,143,200905
45,159,200905
45,1193,200905
45,80,200905
45,85,200905
45,83,200905
45,160,200905
45,52,200905
45,31,200905
45,27,200905
45,25,200905
45,38,200905
45,124,200905
45,16,200905
45,131,200905
45,99,200905
45,0,200905
45,6,200905
45,182,200905
45,444,200905
45,39,200905
45,18,200905
45,152,200905
45,46,200905
45,97,200905
45,26,200905
45,29,200905
45,146,200905
45,19,200905
45,64,200905
45,32,200905
45,137,200905
46,19,200905
46,143,200905
46,31,200905
46,117,200905
46,77,200905
46,97,200905
46,178,200905
46,175,200905
46,282,200905
46,120,200905
46,274,200905
46,160,200905
46,13,200905
46,444,200905
46,28,200905
46,208,200905
46,29,200905
46,58,200905
46,137,200905
46,270,200905
46,106,200905
46,78,200905
46,83,200905
46,1147,200905
46,2,200905
46,63,200905
46,18,200905
46,173,200905
46,27,200905
46,180,200905
46,74,200905
46,14,200905
46,197,200905
46,113,200905
46,102,200905
46,38,200905
46,32,200905
46,136,200905
46,26,200905
46,278,200905
46,79,200905
46,341,200905
46,176,200905
46,132,200905
46,39,200905
46,57,200905
46,342,200905
46,82,200905
46,45,200905
46,156,200905
46,40,200905
46,142,200905
46,64,200905
46,52,200905
46,99,200905
46,126,200905
46,182,200905
46,76,200905
46,94,200905
46,769,200905
46,100,200905
46,16,200905
46,860,200905
46,154,200905
46,287,200905
46,146,200905
46,54,200905
46,81,200905
46,155,200905
46,48,200905
46,141,200905
46,320,200905
46,95,200905
46,101,200905
46,60,200905
46,799,200905
46,445,200905
46,224,200905
46,25,200905
46,250,200905
46,134,200905
46,544,200905
46,152,200905
46,813,200905
46,158,200905
46,6,200905
46,192,200905
46,80,200905
46,157,200905
46,140,200905
46,35,200905
46,237,200905
46,458,200905
46,355,200905
46,59,200905
46,73,200905
46,797,200905
46,0,200905
46,75,200905
46,124,200905
46,4,200905
46,744,200905
46,41,200905
46,65,200905
46,172,200905
46,85,200905
46,24,200905
46,129,200905
46,139,200905
46,17,200905
46,20,200905
46,36,200905
46,10,200905
46,1,200905
46,108,200905
47,14,200905
47,1,200905
47,115,200905
47,149,200905
47,136,200905
47,135,200905
47,165,200905
47,5,200905
47,10,200905
47,154,200905
47,27,200905
47,96,200905
47,116,200905
47,1147,200905
47,346,200905
47,1169,200905
47,274,200905
47,25,200905
47,137,200905
47,92,200905
48,14,200905
48,35,200905
48,769,200905
48,249,200905
48,143,200905
48,77,200905
48,768,200905
48,6,200905
48,29,200905
48,552,200905
48,36,200905
48,83,200905
48,160,200905
48,64,200905
48,27,200905
48,142,200905
48,115,200905
48,1131,200905
48,107,200905
48,124,200905
48,16,200905
48,108,200905
48,73,200905
48,96,200905
48,208,200905
48,20,200905
48,55,200905
48,21,200905
48,18,200905
48,72,200905
48,146,200905
48,4,200905
48,136,200905
48,19,200905
48,11,200905
48,85,200905
48,17,200905
48,149,200905
48,134,200905
48,52,200905
48,12,200905
48,1,200905
48,13,200905
48,1147,200905
48,39,200905
48,180,200905
48,266,200905
48,26,200905
48,81,200905
48,32,200905
48,112,200905
48,40,200905
48,5,200905
48,28,200905
48,157,200905
48,41,200905
48,54,200905
48,38,200905
48,80,200905
48,274,200905
48,95,200905
48,224,200905
48,141,200905
48,815,200905
48,155,200905
48,46,200905
48,101,200905
48,320,200905
48,57,200905
48,120,200905
48,194,200905
48,154,200905
48,172,200905
48,10,200905
48,195,200905
48,121,200905
48,0,200905
48,92,200905
48,31,200905
48,129,200905
48,60,200905
48,102,200905
48,119,200905
48,100,200905
48,99,200905
48,178,200905
48,97,200905
48,59,200905
48,135,200905
48,137,200905
48,25,200905
49,69,200905
49,806,200905
49,51,200905
50,177,200905
50,69,200905
50,4,200905
51,741,200905
51,247,200905
51,17,200905
51,175,200905
51,132,200905
51,20,200905
51,5,200905
51,795,200905
51,23,200905
51,1196,200905
51,77,200905
51,143,200905
51,184,200905
51,69,200905
51,160,200905
51,214,200905
51,215,200905
51,4,200905
51,155,200905
51,119,200905
51,48,200905
51,92,200905
51,19,200905
51,115,200905
51,12,200905
51,60,200905
51,80,200905
51,136,200905
51,81,200905
51,165,200905
51,64,200905
51,14,200905
51,32,200905
51,52,200905
51,0,200905
51,35,200905
51,497,200905
51,142,200905
51,38,200905
51,13,200905
51,113,200905
51,31,200905
51,9,200905
51,154,200905
51,346,200905
51,1319,200905
51,107,200905
51,96,200905
51,28,200905
51,72,200905
51,97,200905
51,2,200905
51,137,200905
51,10,200905
51,108,200905
51,6,200905
51,49,200905
51,189,200905
51,22,200905
51,85,200905
51,213,200905
51,121,200905
51,761,200905
51,866,200905
51,133,200905
51,274,200905
51,819,200905
51,33,200905
51,150,200905
51,112,200905
51,59,200905
51,27,200905
51,183,200905
51,21,200905
51,135,200905
51,89,200905
51,110,200905
51,11,200905
51,7,200905
51,1,200905
51,18,200905
51,25,200905
51,29,200905
52,180,200905
52,293,200905
52,143,200905
52,154,200905
52,13,200905
52,1284,200905
52,126,200905
52,285,200905
52,19,200905
52,401,200905
52,138,200905
52,102,200905
52,35,200905
52,29,200905
52,77,200905
52,175,200905
52,6,200905
52,31,200905
52,160,200905
52,27,200905
52,18,200905
52,4,200905
52,78,200905
52,112,200905
52,83,200905
52,113,200905
52,139,200905
52,0,200905
52,1,200905
52,21,200905
52,85,200905
52,183,200905
52,20,200905
52,97,200905
52,122,200905
52,137,200905
52,274,200905
52,22,200905
52,133,200905
52,59,200905
52,45,200905
52,36,200905
52,16,200905
52,120,200905
52,131,200905
52,136,200905
52,28,200905
52,25,200905
52,57,200905
52,99,200905
52,107,200905
52,80,200905
52,81,200905
52,92,200905
52,60,200905
52,5,200905
52,2,200905
52,100,200905
52,46,200905
52,64,200905
52,117,200905
52,17,200905
52,32,200905
52,146,200905
52,108,200905
52,40,200905
52,48,200905
52,129,200905
52,10,200905
52,135,200905
52,14,200905
53,160,200905
53,28,200905
53,11,200905
53,136,200905
53,5,200905
53,70,200905
53,121,200905
53,211,200905
53,150,200905
53,213,200905
53,107,200905
53,35,200905
53,183,200905
53,66,200905
53,189,200905
53,74,200905
53,9,200905
53,81,200905
53,100,200905
53,97,200905
53,138,200905
53,29,200905
53,20,200905
53,10,200905
53,17,200905
53,18,200905
53,1,200905
53,25,200905
53,137,200905
54,29,200905
54,440,200905
54,16,200905
54,276,200905
54,814,200905
54,160,200905
54,19,200905
54,43,200905
54,430,200905
54,143,200905
54,422,200905
54,1,200905
54,102,200905
54,76,200905
54,94,200905
54,2,200905
54,40,200905
54,142,200905
54,57,200905
54,120,200905
54,6,200905
54,154,200905
54,48,200905
54,20,200905
54,133,200905
54,21,200905
54,85,200905
54,0,200905
54,12,200905
54,18,200905
54,137,200905
54,166,200905
54,32,200905
54,136,200905
54,1205,200905
54,346,200905
54,83,200905
54,341,200905
54,1180,200905
54,107,200905
54,51,200905
54,4,200905
54,17,200905
54,1258,200905
54,139,200905
54,59,200905
54,97,200905
54,46,200905
54,28,200905
54,24,200905
54,13,200905
54,81,200905
54,26,200905
54,99,200905
54,197,200905
54,77,200905
54,74,200905
54,132,200905
54,60,200905
54,31,200905
54,108,200905
54,181,200905
54,27,200905
54,131,200905
54,146,200905
54,25,200905
54,10,200905
54,14,200905
55,126,200905
55,95,200905
55,134,200905
55,99,200905
55,72,200905
55,140,200905
55,45,200905
55,163,200905
55,108,200905
55,60,200905
55,137,200905
55,14,200905
55,146,200905
55,29,200905
55,97,200905
55,48,200905
55,19,200905
55,6,200905
55,64,200905
55,16,200905
55,32,200905
55,26,200905
55,59,200905
56,102,200905
56,178,200905
57,160,200905
57,143,200905
57,46,200905
57,101,200905
57,38,200905
57,97,200905
57,77,200905
57,83,200905
57,120,200905
57,178,200905
57,309,200905
57,72,200905
57,2,200905
57,362,200905
57,12,200905
57,355,200905
57,92,200905
57,80,200905
57,76,200905
57,1147,200905
57,64,200905
57,29,200905
57,26,200905
57,99,200905
57,19,200905
57,16,200905
57,146,200905
57,1250,200905
57,25,200905
57,6,200905
57,48,200905
57,375,200905
57,32,200905
57,137,200905
57,266,200905
58,160,200905
58,143,200905
58,675,200905
58,14,200905
58,146,200905
58,29,200905
58,278,200905
58,25,200905
58,12,200905
58,24,200905
58,46,200905
58,16,200905
58,176,200905
58,53,200905
58,80,200905
58,97,200905
58,99,200905
58,64,200905
58,32,200905
58,136,200905
58,137,200905
59,11,200905
59,160,200905
59,17,200905
59,143,200905
59,245,200905
59,1233,200905
59,1153,200905
59,77,200905
59,0,200905
59,241,200905
59,138,200905
59,29,200905
59,675,200905
59,89,200905
59,6,200905
59,433,200905
59,19,200905
59,796,200905
59,51,200905
59,114,200905
59,136,200905
59,746,200905
59,81,200905
59,4,200905
59,181,200905
59,76,200905
59,20,200905
59,146,200905
59,875,200905
59,28,200905
59,65,200905
59,137,200905
59,10,200905
59,2,200905
59,154,200905
59,13,200905
59,297,200905
59,172,200905
59,54,200905
59,16,200905
59,14,200905
59,40,200905
59,64,200905
59,18,200905
59,25,200905
59,27,200905
59,32,200905
59,99,200905
59,21,200905
59,108,200905
59,180,200905
59,31,200905
59,46,200905
59,217,200905
59,52,200905
59,126,200905
59,117,200905
59,129,200905
59,60,200905
59,112,200905
59,55,200905
59,1,200905
59,120,200905
59,134,200905
59,142,200905
59,38,200905
59,83,200905
59,94,200905
59,85,200905
59,194,200905
59,92,200905
59,100,200905
59,48,200905
59,5,200905
59,133,200905
59,121,200905
59,35,200905
59,139,200905
59,36,200905
59,97,200905
60,73,200905
60,108,200905
60,34,200905
60,143,200905
60,433,200905
60,160,200905
60,97,200905
60,48,200905
60,19,200905
60,13,200905
60,772,200905
60,77,200905
60,39,200905
60,32,200905
60,41,200905
60,133,200905
60,36,200905
60,47,200905
60,22,200905
60,116,200905
60,55,200905
60,113,200905
60,69,200905
60,89,200905
60,93,200905
60,5,200905
60,18,200905
60,72,200905
60,136,200905
60,1,200905
60,17,200905
60,112,200905
60,28,200905
60,20,200905
60,124,200905
60,129,200905
60,120,200905
60,23,200905
60,149,200905
60,14,200905
60,107,200905
60,4,200905
60,6,200905
60,739,200905
60,11,200905
60,369,200905
60,7,200905
60,115,200905
60,102,200905
60,21,200905
60,98,200905
60,16,200905
60,285,200905
60,176,200905
60,370,200905
60,51,200905
60,10,200905
60,121,200905
60,12,200905
60,165,200905
60,182,200905
60,9,200905
60,156,200905
60,134,200905
60,35,200905
60,27,200905
60,154,200905
60,163,200905
60,269,200905
60,46,200905
60,64,200905
60,85,200905
60,274,200905
60,54,200905
60,860,200905
60,26,200905
60,157,200905
60,81,200905
60,117,200905
60,99,200905
60,197,200905
60,75,200905
60,208,200905
60,24,200905
60,217,200905
60,142,200905
60,59,200905
60,137,200905
60,195,200905
60,126,200905
60,96,200905
60,194,200905
60,80,200905
60,2,200905
60,38,200905
60,40,200905
60,52,200905
60,135,200905
60,180,200905
60,83,200905
60,139,200905
60,178,200905
60,0,200905
60,92,200905
60,31,200905
60,155,200905
60,146,200905
60,119,200905
60,29,200905
60,25,200905
61,21,200905
61,160,200905
61,407,200905
61,34,200905
61,143,200905
61,111,200905
61,415,200905
61,176,200905
61,117,200905
61,136,200905
61,28,200905
61,154,200905
61,146,200905
61,346,200905
61,99,200905
61,64,200905
61,17,200905
61,32,200905
61,266,200905
61,18,200905
61,29,200905
61,1227,200905
61,10,200905
62,29,200905
62,143,200905
62,160,200905
62,16,200905
62,66,200905
62,195,200905
62,45,200905
62,122,200905
62,41,200905
62,24,200905
62,64,200905
62,135,200905
62,34,200905
62,32,200905
62,18,200905
62,266,200905
62,375,200905
62,137,200905
62,97,200905
62,146,200905
63,420,200905
63,140,200905
63,32,200905
63,46,200905
63,26,200905
63,25,200905
63,146,200905
63,99,200905
63,29,200905
63,64,200905
63,97,200905
64,100,200905
64,16,200905
64,10,200905
64,178,200905
64,482,200905
64,35,200905
64,5,200905
64,160,200905
64,1227,200905
64,6,200905
64,60,200905
64,143,200905
64,20,200905
64,274,200905
64,180,200905
64,113,200905
64,94,200905
64,101,200905
64,134,200905
64,52,200905
64,165,200905
64,2,200905
64,170,200905
64,92,200905
64,444,200905
64,164,200905
64,342,200905
64,48,200905
64,96,200905
64,31,200905
64,40,200905
64,66,200905
64,107,200905
64,29,200905
64,32,200905
64,177,200905
64,139,200905
64,18,200905
64,25,200905
64,120,200905
64,83,200905
64,62,200905
64,41,200905
64,38,200905
64,146,200905
64,51,200905
64,17,200905
64,140,200905
64,28,200905
64,0,200905
64,22,200905
64,175,200905
64,154,200905
64,112,200905
64,21,200905
64,9,200905
64,1,200905
64,126,200905
64,61,200905
64,122,200905
64,166,200905
64,24,200905
64,12,200905
64,69,200905
64,703,200905
64,7,200905
64,57,200905
64,136,200905
64,46,200905
64,26,200905
64,129,200905
64,117,200905
64,85,200905
64,27,200905
64,374,200905
64,102,200905
64,89,200905
64,449,200905
64,722,200905
64,172,200905
64,730,200905
64,176,200905
64,76,200905
64,549,200905
64,373,200905
64,77,200905
64,80,200905
64,13,200905
64,155,200905
64,59,200905
64,45,200905
64,55,200905
64,142,200905
64,97,200905
64,78,200905
64,63,200905
64,208,200905
64,58,200905
64,332,200905
64,320,200905
64,79,200905
64,192,200905
64,205,200905
64,137,200905
64,39,200905
64,108,200905
64,11,200905
64,19,200905
64,81,200905
64,121,200905
64,4,200905
64,135,200905
65,463,200905
65,322,200905
65,135,200905
65,64,200905
65,274,200905
65,270,200905
65,287,200905
65,118,200905
65,157,200905
65,39,200905
65,1227,200905
65,36,200905
65,59,200905
65,1147,200905
65,146,200905
65,131,200905
65,32,200905
65,99,200905
65,26,200905
65,6,200905
65,160,200905
65,375,200905
65,266,200905
65,25,200905
65,97,200905
65,137,200905
65,29,200905
65,46,200905
66,62,200905
66,77,200905
66,143,200905
66,160,200905
66,97,200905
66,54,200905
66,234,200905
66,265,200905
66,12,200905
66,182,200905
66,32,200905
66,64,200905
66,135,200905
66,24,200905
66,14,200905
66,346,200905
66,1147,200905
66,341,200905
66,29,200905
66,375,200905
66,18,200905
66,10,200905
66,266,200905
66,16,200905
66,146,200905
67,147,200905
67,111,200905
67,68,200905
67,775,200905
67,30,200905
67,372,200905
67,11,200905
67,136,200905
68,147,200905
68,67,200905
68,358,200905
68,136,200905
69,177,200905
69,807,200905
69,160,200905
69,4,200905
69,50,200905
69,317,200905
69,12,200905
69,49,200905
69,247,200905
69,132,200905
69,311,200905
69,137,200905
69,51,200905
69,22,200905
69,155,200905
69,2,200905
69,96,200905
69,274,200905
69,116,200905
69,6,200905
69,14,200905
69,1,200905
69,136,200905
69,27,200905
69,59,200905
69,346,200905
69,25,200905
69,1169,200905
69,135,200905
69,133,200905
69,112,200905
69,23,200905
69,28,200905
69,17,200905
69,21,200905
69,183,200905
69,107,200905
69,11,200905
69,5,200905
69,10,200905
69,18,200905
70,136,200905
70,16,200905
70,53,200905
70,83,200905
70,346,200905
70,17,200905
70,1,200905
70,10,200905
70,11,200905
70,137,200905
72,27,200905
72,143,200905
72,207,200905
72,25,200905
72,552,200905
72,23,200905
72,53,200905
72,9,200905
72,137,200905
72,160,200905
72,12,200905
72,198,200905
72,11,200905
72,140,200905
72,38,200905
72,166,200905
72,64,200905
72,14,200905
72,28,200905
72,93,200905
72,181,200905
72,47,200905
72,80,200905
72,141,200905
72,34,200905
72,76,200905
72,4,200905
72,113,200905
72,21,200905
72,149,200905
72,108,200905
72,96,200905
72,48,200905
72,22,200905
72,112,200905
72,346,200905
72,107,200905
72,17,200905
72,20,200905
72,51,200905
72,0,200905
72,60,200905
72,165,200905
72,5,200905
72,2,200905
72,29,200905
72,85,200905
72,6,200905
72,146,200905
72,135,200905
72,154,200905
72,32,200905
72,136,200905
72,18,200905
72,10,200905
72,97,200905
72,1,200905
72,92,200905
72,274,200905
73,100,200905
73,435,200905
73,41,200905
73,224,200905
73,157,200905
73,65,200905
73,9,200905
73,46,200905
73,97,200905
74,242,200905
74,99,200905
74,208,200905
74,276,200905
74,146,200905
74,32,200905
74,77,200905
74,19,200905
74,52,200905
74,1147,200905
74,136,200905
74,18,200905
74,346,200905
74,29,200905
74,54,200905
75,16,200905
75,482,200905
75,178,200905
75,159,200905
75,338,200905
75,320,200905
75,45,200905
75,152,200905
75,41,200905
75,134,200905
75,82,200905
75,40,200905
75,1147,200905
75,341,200905
75,19,200905
75,99,200905
75,139,200905
75,29,200905
75,60,200905
75,108,200905
75,13,200905
75,32,200905
75,46,200905
75,26,200905
75,136,200905
75,97,200905
76,129,200905
76,77,200905
76,143,200905
76,160,200905
76,433,200905
76,46,200905
76,813,200905
76,278,200905
76,81,200905
76,194,200905
76,140,200905
76,43,200905
76,75,200905
76,65,200905
76,157,200905
76,24,200905
76,216,200905
76,208,200905
76,58,200905
76,98,200905
76,12,200905
76,31,200905
76,52,200905
76,19,200905
76,108,200905
76,27,200905
76,18,200905
76,79,200905
76,57,200905
76,6,200905
76,178,200905
76,99,200905
76,1147,200905
76,341,200905
76,146,200905
76,35,200905
76,64,200905
76,375,200905
76,32,200905
76,266,200905
76,29,200905
76,26,200905
76,97,200905
76,137,200905
76,25,200905
77,1,200905
77,5,200905
77,31,200905
77,66,200905
77,81,200905
77,160,200905
77,54,200905
77,181,200905
77,15,200905
77,24,200905
77,101,200905
77,29,200905
77,79,200905
77,155,200905
77,137,200905
77,57,200905
77,23,200905
77,112,200905
77,59,200905
77,83,200905
77,4,200905
77,76,200905
77,194,200905
77,27,200905
77,117,200905
77,10,200905
77,17,200905
77,100,200905
77,19,200905
77,131,200905
77,110,200905
77,16,200905
77,154,200905
77,135,200905
77,32,200905
77,143,200905
77,13,200905
77,40,200905
77,97,200905
77,51,200905
77,39,200905
77,182,200905
77,18,200905
77,136,200905
77,95,200905
77,28,200905
77,176,200905
77,281,200905
77,6,200905
77,46,200905
77,120,200905
77,52,200905
77,14,200905
77,38,200905
77,12,200905
77,78,200905
77,116,200905
77,26,200905
77,320,200905
77,99,200905
77,180,200905
77,108,200905
77,287,200905
77,64,200905
77,133,200905
77,36,200905
77,48,200905
77,82,200905
77,164,200905
77,9,200905
77,2,200905
77,444,200905
77,20,200905
77,21,200905
77,165,200905
77,113,200905
77,0,200905
77,45,200905
77,156,200905
77,69,200905
77,150,200905
77,94,200905
77,341,200905
77,1147,200905
77,146,200905
77,274,200905
77,85,200905
77,35,200905
77,25,200905
77,60,200905
77,139,200905
78,54,200905
78,160,200905
78,32,200905
78,6,200905
78,79,200905
78,97,200905
78,0,200905
78,94,200905
78,126,200905
78,233,200905
78,40,200905
78,139,200905
78,25,200905
78,154,200905
78,135,200905
78,46,200905
78,14,200905
78,100,200905
78,31,200905
78,16,200905
78,13,200905
78,26,200905
78,341,200905
78,29,200905
78,99,200905
78,35,200905
78,19,200905
78,64,200905
78,146,200905
78,137,200905
79,160,200905
79,6,200905
79,26,200905
79,182,200905
79,77,200905
79,44,200905
79,143,200905
79,171,200905
79,278,200905
79,45,200905
79,78,200905
79,320,200905
79,59,200905
79,19,200905
79,1147,200905
79,46,200905
79,16,200905
79,29,200905
79,375,200905
79,97,200905
79,64,200905
79,32,200905
79,266,200905
80,143,200905
80,160,200905
80,512,200905
80,139,200905
80,126,200905
80,183,200905
80,342,200905
80,57,200905
80,21,200905
80,142,200905
80,813,200905
80,320,200905
80,83,200905
80,188,200905
80,115,200905
80,102,200905
80,180,200905
80,72,200905
80,79,200905
80,136,200905
80,40,200905
80,5,200905
80,137,200905
80,444,200905
80,112,200905
80,181,200905
80,182,200905
80,19,200905
80,51,200905
80,36,200905
80,17,200905
80,18,200905
80,20,200905
80,16,200905
80,133,200905
80,52,200905
80,2,200905
80,11,200905
80,1147,200905
80,9,200905
80,341,200905
80,107,200905
80,46,200905
80,85,200905
80,96,200905
80,12,200905
80,165,200905
80,99,200905
80,28,200905
80,23,200905
80,14,200905
80,155,200905
80,48,200905
80,64,200905
80,146,200905
80,32,200905
80,29,200905
80,6,200905
80,26,200905
80,100,200905
80,31,200905
80,97,200905
80,154,200905
80,1,200905
80,0,200905
80,10,200905
80,108,200905
80,92,200905
80,135,200905
80,60,200905
80,274,200905
80,25,200905
81,1,200905
81,966,200905
81,482,200905
81,40,200905
81,64,200905
81,16,200905
81,544,200905
81,208,200905
81,21,200905
81,183,200905
81,93,200905
81,126,200905
81,133,200905
81,4,200905
81,112,200905
81,36,200905
81,20,200905
81,107,200905
81,113,200905
81,28,200905
81,18,200905
81,124,200905
81,29,200905
81,136,200905
81,120,200905
81,193,200905
81,165,200905
81,143,200905
81,41,200905
81,160,200905
81,176,200905
81,80,200905
81,57,200905
81,100,200905
81,102,200905
81,9,200905
81,154,200905
81,27,200905
81,1147,200905
81,46,200905
81,0,200905
81,274,200905
81,178,200905
81,5,200905
81,19,200905
81,119,200905
81,2,200905
81,85,200905
81,11,200905
81,48,200905
81,17,200905
81,92,200905
81,155,200905
81,26,200905
81,83,200905
81,25,200905
81,13,200905
81,97,200905
81,99,200905
81,59,200905
81,32,200905
81,54,200905
81,6,200905
81,137,200905
81,35,200905
81,60,200905
81,139,200905
81,146,200905
81,31,200905
81,108,200905
81,10,200905
81,14,200905
81,135,200905
82,60,200905
82,83,200905
82,860,200905
82,64,200905
82,197,200905
82,117,200905
82,19,200905
82,24,200905
82,6,200905
82,14,200905
82,341,200905
82,46,200905
82,99,200905
82,97,200905
83,77,200905
83,143,200905
83,101,200905
83,482,200905
83,46,200905
83,6,200905
83,14,200905
83,41,200905
83,175,200905
83,39,200905
83,76,200905
83,160,200905
83,48,200905
83,19,200905
83,120,200905
83,60,200905
83,124,200905
83,58,200905
83,140,200905
83,72,200905
83,40,200905
83,9,200905
83,51,200905
83,163,200905
83,99,200905
83,13,200905
83,80,200905
83,154,200905
83,96,200905
83,12,200905
83,81,200905
83,22,200905
83,97,200905
83,116,200905
83,544,200905
83,107,200905
83,5,200905
83,36,200905
83,110,200905
83,66,200905
83,534,200905
83,35,200905
83,20,200905
83,79,200905
83,139,200905
83,64,200905
83,65,200905
83,62,200905
83,165,200905
83,181,200905
83,288,200905
83,0,200905
83,142,200905
83,178,200905
83,52,200905
83,180,200905
83,21,200905
83,739,200905
83,155,200905
83,100,200905
83,85,200905
83,28,200905
83,278,200905
83,342,200905
83,17,200905
83,2,200905
83,274,200905
83,4,200905
83,18,200905
83,133,200905
83,11,200905
83,27,200905
83,23,200905
83,92,200905
83,146,200905
83,137,200905
83,112,200905
83,16,200905
83,29,200905
83,119,200905
83,59,200905
83,26,200905
83,1,200905
83,136,200905
83,25,200905
83,108,200905
83,10,200905
83,31,200905
83,135,200905
83,32,200905
84,136,200905
84,223,200905
84,30,200905
84,86,200905
84,164,200905
84,160,200905
84,753,200905
84,88,200905
84,27,200905
84,6,200905
84,1169,200905
84,107,200905
84,1227,200905
84,10,200905
84,4,200905
84,18,200905
84,11,200905
85,165,200905
85,740,200905
85,483,200905
85,137,200905
85,552,200905
85,220,200905
85,143,200905
85,160,200905
85,155,200905
85,77,200905
85,169,200905
85,320,200905
85,11,200905
85,133,200905
85,10,200905
85,27,200905
85,6,200905
85,35,200905
85,17,200905
85,12,200905
85,104,200905
85,121,200905
85,100,200905
85,140,200905
85,64,200905
85,29,200905
85,36,200905
85,72,200905
85,159,200905
85,154,200905
85,21,200905
85,180,200905
85,183,200905
85,13,200905
85,51,200905
85,31,200905
85,1,200905
85,48,200905
85,107,200905
85,52,200905
85,32,200905
85,81,200905
85,113,200905
85,80,200905
85,341,200905
85,1169,200905
85,97,200905
85,23,200905
85,96,200905
85,4,200905
85,83,200905
85,116,200905
85,0,200905
85,119,200905
85,112,200905
85,149,200905
85,102,200905
85,124,200905
85,99,200905
85,19,200905
85,9,200905
85,136,200905
85,25,200905
85,60,200905
85,93,200905
85,20,200905
85,5,200905
85,108,200905
85,18,200905
85,115,200905
85,28,200905
85,59,200905
85,135,200905
85,14,200905
85,46,200905
85,92,200905
85,274,200905
86,84,200905
86,53,200905
86,51,200905
86,6,200905
86,29,200905
86,10,200905
86,4,200905
86,136,200905
86,18,200905
86,11,200905
87,291,200905
87,25,200905
87,2,200905
87,203,200905
87,89,200905
88,30,200905
88,18,200905
88,4,200905
88,136,200905
88,11,200905
89,8,200905
89,212,200905
89,243,200905
89,107,200905
89,7,200905
89,23,200905
89,17,200905
89,90,200905
89,5,200905
89,770,200905
89,87,200905
89,778,200905
89,323,200905
89,136,200905
89,113,200905
89,54,200905
89,2,200905
89,160,200905
89,46,200905
89,1408,200905
89,1227,200905
89,19,200905
89,12,200905
89,59,200905
89,110,200905
89,10,200905
89,4,200905
89,20,200905
89,51,200905
89,6,200905
89,1,200905
89,112,200905
89,21,200905
89,28,200905
89,11,200905
89,18,200905
89,29,200905
89,97,200905
89,137,200905
89,25,200905
90,7,200905
90,8,200905
90,17,200905
90,89,200905
90,243,200905
90,323,200905
92,23,200905
92,69,200905
92,39,200905
92,99,200905
92,183,200905
92,143,200905
92,60,200905
92,6,200905
92,113,200905
92,102,200905
92,22,200905
92,135,200905
92,12,200905
92,107,200905
92,36,200905
92,17,200905
92,112,200905
92,16,200905
92,1169,200905
92,155,200905
92,119,200905
92,77,200905
92,20,200905
92,81,200905
92,52,200905
92,83,200905
92,51,200905
92,18,200905
92,32,200905
92,180,200905
92,142,200905
92,40,200905
92,64,200905
92,21,200905
92,4,200905
92,38,200905
92,11,200905
92,97,200905
92,115,200905
92,116,200905
92,27,200905
92,124,200905
92,100,200905
92,80,200905
92,19,200905
92,149,200905
92,137,200905
92,48,200905
92,165,200905
92,28,200905
92,59,200905
92,96,200905
92,5,200905
92,47,200905
92,72,200905
92,9,200905
92,157,200905
92,136,200905
92,154,200905
92,108,200905
92,31,200905
92,14,200905
92,85,200905
92,1,200905
92,2,200905
92,93,200905
92,10,200905
92,0,200905
92,274,200905
93,124,200905
93,433,200905
93,2,200905
93,80,200905
93,25,200905
93,160,200905
93,47,200905
93,143,200905
93,14,200905
93,5,200905
93,48,200905
93,9,200905
93,60,200905
93,1,200905
93,0,200905
93,11,200905
93,17,200905
93,136,200905
93,165,200905
93,135,200905
93,72,200905
93,10,200905
93,116,200905
93,27,200905
93,1147,200905
93,96,200905
93,149,200905
93,115,200905
93,346,200905
93,1169,200905
93,85,200905
93,274,200905
93,92,200905
94,52,200905
94,19,200905
94,26,200905
94,208,200905
94,154,200905
94,64,200905
94,160,200905
94,83,200905
94,99,200905
94,134,200905
94,6,200905
94,13,200905
94,40,200905
94,1147,200905
94,341,200905
94,46,200905
94,146,200905
94,14,200905
94,97,200905
94,135,200905
94,59,200905
95,160,200905
95,703,200905
95,281,200905
95,858,200905
95,146,200905
95,320,200905
95,48,200905
95,375,200905
95,46,200905
95,266,200905
96,299,200905
96,130,200905
96,777,200905
96,1,200905
96,22,200905
96,143,200905
96,160,200905
96,10,200905
96,17,200905
96,115,200905
96,188,200905
96,23,200905
96,322,200905
96,16,200905
96,93,200905
96,52,200905
96,84,200905
96,183,200905
96,32,200905
96,11,200905
96,100,200905
96,19,200905
96,69,200905
96,12,200905
96,1794,200905
96,164,200905
96,30,200905
96,165,200905
96,112,200905
96,652,200905
96,48,200905
96,99,200905
96,105,200905
96,83,200905
96,133,200905
96,756,200905
96,81,200905
96,34,200905
96,80,200905
96,46,200905
96,77,200905
96,0,200905
96,139,200905
96,346,200905
96,18,200905
96,14,200905
96,72,200905
96,497,200905
96,102,200905
96,757,200905
96,157,200905
96,1269,200905
96,801,200905
96,85,200905
96,142,200905
96,136,200905
96,107,200905
96,21,200905
96,124,200905
96,20,200905
96,64,200905
96,155,200905
96,31,200905
96,108,200905
96,113,200905
96,2,200905
96,149,200905
96,29,200905
96,154,200905
96,51,200905
96,27,200905
96,4,200905
96,25,200905
96,92,200905
96,60,200905
96,28,200905
96,135,200905
96,5,200905
96,97,200905
96,274,200905
96,137,200905
97,1045,200905
97,40,200905
97,25,200905
97,101,200905
97,110,200905
97,46,200905
97,175,200905
97,160,200905
97,433,200905
97,552,200905
97,39,200905
97,138,200905
97,401,200905
97,77,200905
97,26,200905
97,143,200905
97,19,200905
97,167,200905
97,60,200905
97,35,200905
97,114,200905
97,52,200905
97,100,200905
97,38,200905
97,13,200905
97,978,200905
97,14,200905
97,80,200905
97,320,200905
97,18,200905
97,83,200905
97,29,200905
97,102,200905
97,9,200905
97,1147,200905
97,181,200905
97,27,200905
97,113,200905
97,59,200905
97,51,200905
97,165,200905
97,64,200905
97,48,200905
97,0,200905
97,57,200905
97,78,200905
97,20,200905
97,11,200905
97,112,200905
97,85,200905
97,6,200905
97,135,200905
97,99,200905
97,16,200905
97,79,200905
97,120,200905
97,129,200905
97,398,200905
97,183,200905
97,1065,200905
97,58,200905
97,544,200905
97,150,200905
97,72,200905
97,173,200905
97,4,200905
97,900,200905
97,134,200905
97,146,200905
97,142,200905
97,309,200905
97,24,200905
97,89,200905
97,341,200905
97,92,200905
97,45,200905
97,208,200905
97,7,200905
97,54,200905
97,81,200905
97,2,200905
97,31,200905
97,15,200905
97,141,200905
97,157,200905
97,182,200905
97,195,200905
97,540,200905
97,136,200905
97,744,200905
97,1258,200905
97,510,200905
97,159,200905
97,156,200905
97,155,200905
97,55,200905
97,12,200905
97,154,200905
97,117,200905
97,495,200905
97,43,200905
97,62,200905
97,131,200905
97,1052,200905
97,458,200905
97,124,200905
97,455,200905
97,216,200905
97,198,200905
97,393,200905
97,65,200905
97,76,200905
97,106,200905
97,797,200905
97,192,200905
97,28,200905
97,813,200905
97,452,200905
97,118,200905
97,66,200905
97,435,200905
97,132,200905
97,63,200905
97,53,200905
97,94,200905
97,287,200905
97,41,200905
97,23,200905
97,104,200905
97,140,200905
97,188,200905
97,176,200905
97,269,200905
97,180,200905
97,769,200905
97,34,200905
97,163,200905
97,126,200905
97,36,200905
97,82,200905
97,73,200905
97,22,200905
97,172,200905
97,250,200905
97,278,200905
97,21,200905
97,197,200905
97,342,200905
97,1,200905
97,224,200905
97,152,200905
97,98,200905
97,75,200905
97,249,200905
97,237,200905
97,158,200905
97,32,200905
97,860,200905
97,96,200905
97,139,200905
97,17,200905
97,355,200905
97,10,200905
97,137,200905
97,108,200905
98,4,200905
98,339,200905
98,25,200905
98,131,200905
98,237,200905
98,101,200905
98,1,200905
98,143,200905
98,60,200905
98,160,200905
98,137,200905
98,97,200905
99,146,200905
99,40,200905
99,83,200905
99,813,200905
99,61,200905
99,29,200905
99,342,200905
99,20,200905
99,21,200905
99,4,200905
99,183,200905
99,233,200905
99,176,200905
99,10,200905
99,27,200905
99,108,200905
99,94,200905
99,60,200905
99,2,200905
99,17,200905
99,18,200905
99,320,200905
99,154,200905
99,43,200905
99,78,200905
99,16,200905
99,13,200905
99,265,200905
99,39,200905
99,46,200905
99,35,200905
99,25,200905
99,1,200905
99,1228,200905
99,113,200905
99,0,200905
99,133,200905
99,22,200905
99,51,200905
99,744,200905
99,172,200905
99,250,200905
99,165,200905
99,52,200905
99,144,200905
99,152,200905
99,9,200905
99,82,200905
99,75,200905
99,134,200905
99,28,200905
99,19,200905
99,237,200905
99,55,200905
99,136,200905
99,97,200905
99,96,200905
99,188,200905
99,36,200905
99,180,200905
99,77,200905
99,102,200905
99,157,200905
99,57,200905
99,58,200905
99,117,200905
99,65,200905
99,181,200905
99,224,200905
99,81,200905
99,131,200905
99,155,200905
99,132,200905
99,63,200905
99,208,200905
99,142,200905
99,24,200905
99,45,200905
99,126,200905
99,143,200905
99,31,200905
99,54,200905
99,6,200905
99,101,200905
99,139,200905
99,32,200905
99,76,200905
99,59,200905
99,12,200905
99,38,200905
99,100,200905
99,137,200905
99,11,200905
99,160,200905
99,48,200905
99,26,200905
100,129,200905
100,143,200905
100,83,200905
100,35,200905
100,1233,200905
100,58,200905
100,60,200905
100,160,200905
100,120,200905
100,482,200905
100,73,200905
100,116,200905
100,2,200905
100,51,200905
100,107,200905
100,27,200905
100,0,200905
100,31,200905
100,113,200905
100,5,200905
100,23,200905
100,38,200905
100,20,200905
100,1,200905
100,32,200905
100,136,200905
100,102,200905
100,96,200905
100,18,200905
100,77,200905
100,154,200905
100,4,200905
100,142,200905
100,155,200905
100,1147,200905
100,79,200905
100,119,200905
100,28,200905
100,266,200905
100,126,200905
100,146,200905
100,165,200905
100,158,200905
100,59,200905
100,117,200905
100,131,200905
100,16,200905
100,40,200905
100,29,200905
100,341,200905
100,13,200905
100,14,200905
100,26,200905
100,274,200905
100,52,200905
100,19,200905
100,81,200905
100,46,200905
100,25,200905
100,64,200905
100,135,200905
100,80,200905
100,92,200905
100,6,200905
100,10,200905
100,99,200905
100,108,200905
100,48,200905
100,137,200905
100,97,200905
101,140,200905
101,482,200905
101,73,200905
101,46,200905
101,143,200905
101,40,200905
101,160,200905
101,139,200905
101,16,200905
101,97,200905
101,39,200905
101,1194,200905
101,77,200905
101,126,200905
101,25,200905
101,100,200905
101,83,200905
101,41,200905
101,544,200905
101,98,200905
101,152,200905
101,125,200905
101,154,200905
101,2,200905
101,31,200905
101,0,200905
101,309,200905
101,178,200905
101,1147,200905
101,34,200905
101,341,200905
101,64,200905
101,146,200905
101,29,200905
101,26,200905
101,1250,200905
101,18,200905
101,6,200905
101,19,200905
101,136,200905
101,48,200905
101,99,200905
101,32,200905
101,375,200905
101,266,200905
101,137,200905
102,7,200905
102,52,200905
102,297,200905
102,160,200905
102,62,200905
102,349,200905
102,38,200905
102,75,200905
102,136,200905
102,45,200905
102,57,200905
102,113,200905
102,35,200905
102,22,200905
102,83,200905
102,183,200905
102,1441,200905
102,14,200905
102,2,200905
102,82,200905
102,41,200905
102,23,200905
102,21,200905
102,12,200905
102,126,200905
102,81,200905
102,32,200905
102,0,200905
102,39,200905
102,40,200905
102,69,200905
102,192,200905
102,107,200905
102,11,200905
102,72,200905
102,85,200905
102,274,200905
102,19,200905
102,108,200905
102,100,200905
102,18,200905
102,1,200905
102,20,200905
102,17,200905
102,178,200905
102,48,200905
102,27,200905
102,28,200905
102,5,200905
102,31,200905
102,154,200905
102,77,200905
102,46,200905
102,36,200905
102,64,200905
102,92,200905
102,139,200905
102,16,200905
102,6,200905
102,99,200905
102,29,200905
102,26,200905
102,146,200905
102,10,200905
102,97,200905
102,135,200905
102,60,200905
103,5,200905
103,346,200905
103,10,200905
104,16,200905
104,34,200905
104,27,200905
104,143,200905
104,160,200905
104,154,200905
104,234,200905
104,59,200905
104,83,200905
104,76,200905
104,100,200905
104,32,200905
104,107,200905
104,914,200905
104,136,200905
104,18,200905
104,1227,200905
104,17,200905
104,375,200905
104,29,200905
104,266,200905
104,10,200905
104,97,200905
104,137,200905
105,11,200905
105,112,200905
105,183,200905
105,136,200905
105,10,200905
105,4,200905
106,36,200905
106,320,200905
106,181,200905
106,237,200905
106,16,200905
106,79,200905
106,137,200905
106,97,200905
107,124,200905
107,5,200905
107,375,200905
107,501,200905
107,103,200905
107,143,200905
107,23,200905
107,160,200905
107,147,200905
107,96,200905
107,60,200905
107,40,200905
107,108,200905
107,19,200905
107,81,200905
107,119,200905
107,16,200905
107,0,200905
107,102,200905
107,161,200905
107,51,200905
107,85,200905
107,142,200905
107,12,200905
107,99,200905
107,155,200905
107,35,200905
107,31,200905
107,9,200905
107,104,200905
107,72,200905
107,274,200905
107,77,200905
107,92,200905
107,54,200905
107,10,200905
107,2,200905
107,53,200905
107,165,200905
107,30,200905
107,22,200905
107,1227,200905
107,261,200905
107,177,200905
107,44,200905
107,154,200905
107,84,200905
107,27,200905
107,150,200905
107,138,200905
107,4,200905
107,34,200905
107,222,200905
107,18,200905
107,136,200905
107,113,200905
107,14,200905
107,17,200905
107,133,200905
107,11,200905
107,69,200905
107,183,200905
107,1,200905
107,20,200905
107,29,200905
107,135,200905
107,112,200905
107,28,200905
107,137,200905
108,60,200905
108,41,200905
108,160,200905
108,93,200905
108,35,200905
108,77,200905
108,19,200905
108,99,200905
108,124,200905
108,113,200905
108,27,200905
108,29,200905
108,76,200905
108,17,200905
108,10,200905
108,14,200905
108,0,200905
108,48,200905
108,4,200905
108,55,200905
108,5,200905
108,18,200905
108,143,200905
108,21,200905
108,116,200905
108,112,200905
108,22,200905
108,12,200905
108,23,200905
108,11,200905
108,126,200905
108,134,200905
108,115,200905
108,52,200905
108,165,200905
108,107,200905
108,1,200905
108,32,200905
108,26,200905
108,72,200905
108,28,200905
108,2,200905
108,51,200905
108,20,200905
108,6,200905
108,96,200905
108,16,200905
108,142,200905
108,9,200905
108,40,200905
108,24,200905
108,197,200905
108,156,200905
108,274,200905
108,769,200905
108,85,200905
108,208,200905
108,54,200905
108,38,200905
108,59,200905
108,75,200905
108,117,200905
108,136,200905
108,180,200905
108,178,200905
108,129,200905
108,80,200905
108,64,200905
108,100,200905
108,154,200905
108,13,200905
108,83,200905
108,81,200905
108,146,200905
108,36,200905
108,92,200905
108,155,200905
108,119,200905
108,102,200905
108,31,200905
108,135,200905
108,25,200905
108,137,200905
108,97,200905
108,46,200905
109,127,200905
109,864,200905
109,4,200905
109,128,200905
109,110,200905
109,633,200905
109,427,200905
109,306,200905
109,592,200905
109,247,200905
109,593,200905
109,840,200905
109,913,200905
109,655,200905
109,628,200905
109,723,200905
109,724,200905
109,629,200905
109,305,200905
109,729,200905
109,196,200905
109,677,200905
109,676,200905
110,128,200905
110,527,200905
110,160,200905
110,351,200905
110,226,200905
110,190,200905
110,201,200905
110,642,200905
110,478,200905
110,200,200905
110,305,200905
110,235,200905
110,867,200905
110,186,200905
110,465,200905
110,29,200905
110,635,200905
110,427,200905
110,5,200905
110,185,200905
110,532,200905
110,596,200905
110,633,200905
110,236,200905
110,232,200905
110,651,200905
110,225,200905
110,604,200905
110,937,200905
110,525,200905
110,643,200905
110,947,200905
110,636,200905
110,306,200905
110,552,200905
110,594,200905
110,474,200905
110,425,200905
110,137,200905
110,469,200905
110,20,200905
110,634,200905
110,627,200905
110,882,200905
110,424,200905
110,808,200905
110,229,200905
110,922,200905
110,641,200905
110,290,200905
110,412,200905
110,694,200905
110,97,200905
110,196,200905
110,109,200905
110,230,200905
110,231,200905
110,575,200905
110,138,200905
110,818,200905
110,6,200905
110,433,200905
110,17,200905
110,704,200905
110,600,200905
110,77,200905
110,319,200905
110,352,200905
110,23,200905
110,143,200905
110,1207,200905
110,127,200905
110,59,200905
110,4,200905
110,715,200905
110,605,200905
110,640,200905
110,925,200905
110,366,200905
110,587,200905
110,665,200905
110,574,200905
110,13,200905
110,632,200905
110,631,200905
110,463,200905
110,786,200905
110,700,200905
110,247,200905
110,630,200905
110,526,200905
110,112,200905
110,1134,200905
110,886,200905
110,96,200905
110,10,200905
110,32,200905
110,191,200905
110,18,200905
110,1,200905
110,7,200905
110,89,200905
110,136,200905
110,25,200905
110,51,200905
110,11,200905
111,147,200905
111,61,200905
111,54,200905
111,145,200905
111,160,200905
111,4,200905
111,77,200905
111,18,200905
111,29,200905
111,1227,200905
111,10,200905
111,136,200905
111,11,200905
112,6,200905
112,143,200905
112,160,200905
112,138,200905
112,77,200905
112,175,200905
112,20,200905
112,81,200905
112,183,200905
112,30,200905
112,142,200905
112,9,200905
112,48,200905
112,113,200905
112,80,200905
112,38,200905
112,0,200905
112,40,200905
112,108,200905
112,85,200905
112,115,200905
112,18,200905
112,154,200905
112,99,200905
112,119,200905
112,105,200905
112,116,200905
112,25,200905
112,69,200905
112,124,200905
112,32,200905
112,136,200905
112,110,200905
112,12,200905
112,83,200905
112,13,200905
112,72,200905
112,666,200905
112,14,200905
112,155,200905
112,96,200905
112,195,200905
112,19,200905
112,27,200905
112,125,200905
112,21,200905
112,60,200905
112,274,200905
112,2,200905
112,137,200905
112,165,200905
112,31,200905
112,92,200905
112,11,200905
112,29,200905
112,22,200905
112,213,200905
112,189,200905
112,51,200905
112,59,200905
112,28,200905
112,10,200905
112,17,200905
112,97,200905
112,107,200905
112,121,200905
112,89,200905
112,135,200905
112,4,200905
112,23,200905
112,1,200905
112,133,200905
113,181,200905
113,160,200905
113,25,200905
113,143,200905
113,20,200905
113,274,200905
113,16,200905
113,81,200905
113,26,200905
113,38,200905
113,115,200905
113,19,200905
113,112,200905
113,83,200905
113,14,200905
113,52,200905
113,155,200905
113,80,200905
113,29,200905
113,183,200905
113,2,200905
113,92,200905
113,110,200905
113,27,200905
113,12,200905
113,13,200905
113,137,200905
113,4,200905
113,135,200905
113,35,200905
113,60,200905
113,31,200905
113,97,200905
113,99,200905
113,32,200905
113,64,200905
113,154,200905
113,54,200905
113,108,200905
113,22,200905
113,102,200905
113,11,200905
113,51,200905
113,48,200905
113,96,200905
113,107,200905
113,1,200905
113,136,200905
113,6,200905
113,18,200905
113,10,200905
113,21,200905
113,5,200905
114,134,200905
114,270,200905
114,66,200905
114,83,200905
114,163,200905
114,59,200905
114,16,200905
114,64,200905
114,14,200905
114,26,200905
114,266,200905
114,13,200905
114,6,200905
114,32,200905
114,19,200905
115,149,200905
115,72,200905
115,552,200905
115,204,200905
115,96,200905
115,220,200905
115,160,200905
115,116,200905
115,113,200905
115,124,200905
115,48,200905
115,108,200905
115,20,200905
115,19,200905
115,5,200905
115,17,200905
115,23,200905
115,135,200905
115,0,200905
115,2,200905
115,133,200905
115,21,200905
115,183,200905
115,93,200905
115,14,200905
115,136,200905
115,47,200905
115,154,200905
115,27,200905
115,60,200905
115,31,200905
115,1,200905
115,25,200905
115,92,200905
115,10,200905
115,85,200905
115,137,200905
115,274,200905
116,17,200905
116,135,200905
116,124,200905
116,133,200905
116,4,200905
116,5,200905
116,83,200905
116,165,200905
116,108,200905
116,113,200905
116,112,200905
116,21,200905
116,1,200905
116,60,200905
116,137,200905
116,28,200905
116,0,200905
116,23,200905
116,20,200905
116,31,200905
116,93,200905
116,80,200905
116,346,200905
116,2,200905
116,92,200905
116,85,200905
116,25,200905
116,10,200905
116,136,200905
116,274,200905
117,175,200905
117,32,200905
117,52,200905
117,13,200905
117,206,200905
117,46,200905
117,160,200905
117,1900,200905
117,163,200905
117,55,200905
117,1,200905
117,24,200905
117,35,200905
117,31,200905
117,48,200905
117,154,200905
117,27,200905
117,1147,200905
117,108,200905
117,25,200905
117,139,200905
117,29,200905
117,64,200905
117,142,200905
117,19,200905
117,26,200905
117,99,200905
117,18,200905
117,97,200905
117,146,200905
117,6,200905
117,60,200905
117,16,200905
117,59,200905
117,14,200905
118,143,200905
118,35,200905
118,157,200905
118,41,200905
118,160,200905
118,25,200905
118,379,200905
118,65,200905
118,198,200905
118,123,200905
118,97,200905
118,137,200905
119,65,200905
119,21,200905
119,113,200905
119,72,200905
119,157,200905
119,85,200905
119,38,200905
119,28,200905
119,112,200905
119,165,200905
119,80,200905
119,51,200905
119,274,200905
119,100,200905
119,77,200905
119,16,200905
119,154,200905
119,40,200905
119,19,200905
119,4,200905
119,136,200905
119,92,200905
119,5,200905
119,1,200905
119,81,200905
119,0,200905
119,17,200905
119,2,200905
119,31,200905
119,83,200905
119,139,200905
119,10,200905
119,48,200905
119,108,200905
119,36,200905
119,135,200905
119,60,200905
119,14,200905
120,24,200905
120,160,200905
120,240,200905
120,46,200905
120,99,200905
120,117,200905
120,151,200905
120,64,200905
120,208,200905
120,143,200905
120,31,200905
120,38,200905
120,19,200905
120,444,200905
120,77,200905
120,39,200905
120,170,200905
120,333,200905
120,100,200905
120,163,200905
120,15,200905
120,79,200905
120,26,200905
120,0,200905
120,29,200905
120,12,200905
120,52,200905
120,55,200905
120,4,200905
120,97,200905
120,57,200905
120,1147,200905
120,2,200905
120,83,200905
120,1194,200905
120,27,200905
120,85,200905
120,13,200905
120,35,200905
120,146,200905
120,32,200905
120,18,200905
120,154,200905
120,26,200905
120,60,200905
120,48,200905
120,16,200905
120,32,200905
120,19,200905
120,25,200905
120,97,200905
120,29,200905
120,146,200905
120,64,200905
120,13,200905
120,59,200905
120,6,200905
120,46,200905
120,137,200905
121,138,200905
121,301,200905
121,120,200905
121,17,200905
121,143,200905
121,23,200905
121,160,200905
121,12,200905
121,346,200905
121,2,200905
121,20,200905
121,22,200905
121,60,200905
121,51,200905
121,4,200905
121,85,200905
121,48,200905
121,29,200905
121,13,200905
121,11,200905
121,112,200905
121,10,200905
121,21,200905
121,1,200905
121,64,200905
121,5,200905
121,59,200905
122,234,200905
122,762,200905
122,99,200905
122,61,200905
122,160,200905
122,15,200905
122,9,200905
122,139,200905
122,25,200905
122,346,200905
122,1169,200905
122,261,200905
122,64,200905
122,1227,200905
122,18,200905
122,10,200905
122,136,200905
123,234,200905
123,122,200905
123,738,200905
123,181,200905
123,118,200905
123,25,200905
123,32,200905
123,18,200905
124,188,200905
124,143,200905
124,160,200905
124,165,200905
124,72,200905
124,20,200905
124,83,200905
124,176,200905
124,81,200905
124,54,200905
124,860,200905
124,80,200905
124,101,200905
124,237,200905
124,155,200905
124,102,200905
124,114,200905
124,16,200905
124,156,200905
124,51,200905
124,115,200905
124,85,200905
124,17,200905
124,93,200905
124,133,200905
124,137,200905
124,60,200905
124,47,200905
124,4,200905
124,21,200905
124,27,200905
124,136,200905
124,28,200905
124,2,200905
124,5,200905
124,1,200905
124,96,200905
124,6,200905
124,32,200905
124,14,200905
124,135,200905
124,146,200905
124,97,200905
124,92,200905
124,10,200905
124,25,200905
124,154,200905
124,46,200905
124,29,200905
124,274,200905
125,671,200905
125,44,200905
125,101,200905
125,18,200905
125,136,200905
125,29,200905
126,151,200905
126,16,200905
126,160,200905
126,815,200905
126,155,200905
126,140,200905
126,142,200905
126,143,200905
126,55,200905
126,195,200905
126,1194,200905
126,6,200905
126,175,200905
126,19,200905
126,66,200905
126,265,200905
126,0,200905
126,100,200905
126,17,200905
126,355,200905
126,39,200905
126,320,200905
126,139,200905
126,120,200905
126,137,200905
126,77,200905
126,48,200905
126,178,200905
126,18,200905
126,46,200905
126,64,200905
126,99,200905
126,13,200905
126,29,200905
126,32,200905
126,146,200905
126,59,200905
126,60,200905
126,26,200905
126,97,200905
127,427,200905
127,109,200905
127,110,200905
127,4,200905
127,633,200905
127,128,200905
127,247,200905
127,948,200905
127,196,200905
128,110,200905
128,306,200905
128,427,200905
128,4,200905
128,109,200905
129,375,200905
129,35,200905
129,194,200905
129,143,200905
129,160,200905
129,172,200905
129,173,200905
129,433,200905
129,1194,200905
129,14,200905
129,77,200905
129,178,200905
129,11,200905
129,117,200905
129,60,200905
129,142,200905
129,17,200905
129,52,200905
129,26,200905
129,99,200905
129,64,200905
129,284,200905
129,32,200905
129,217,200905
129,1129,200905
129,13,200905
129,59,200905
129,19,200905
129,108,200905
129,29,200905
129,97,200905
129,48,200905
129,25,200905
129,46,200905
129,137,200905
129,6,200905
130,299,200905
130,96,200905
130,777,200905
130,1,200905
130,136,200905
131,322,200905
131,159,200905
131,143,200905
131,198,200905
131,13,200905
131,104,200905
131,265,200905
131,2,200905
131,237,200905
131,6,200905
131,146,200905
131,77,200905
131,178,200905
131,14,200905
131,29,200905
131,65,200905
131,1,200905
131,16,200905
131,154,200905
131,26,200905
131,99,200905
131,18,200905
131,160,200905
131,136,200905
131,32,200905
131,97,200905
131,137,200905
131,54,200905
132,143,200905
132,159,200905
132,154,200905
132,15,200905
132,501,200905
132,247,200905
132,160,200905
132,133,200905
132,69,200905
132,19,200905
132,27,200905
132,261,200905
132,211,200905
132,157,200905
132,6,200905
132,278,200905
132,213,200905
132,72,200905
132,16,200905
132,52,200905
132,398,200905
132,146,200905
132,107,200905
132,21,200905
132,346,200905
132,114,200905
132,136,200905
132,17,200905
132,29,200905
132,26,200905
132,99,200905
132,32,200905
132,266,200905
132,375,200905
132,25,200905
132,54,200905
132,10,200905
132,18,200905
132,97,200905
132,1,200905
132,137,200905
133,77,200905
133,132,200905
133,160,200905
133,143,200905
133,154,200905
133,102,200905
133,115,200905
133,11,200905
133,25,200905
133,124,200905
133,85,200905
133,32,200905
133,149,200905
133,40,200905
133,155,200905
133,142,200905
133,165,200905
133,108,200905
133,60,200905
133,119,200905
133,274,200905
133,180,200905
133,9,200905
133,135,200905
133,20,200905
133,2,200905
133,1,200905
133,80,200905
133,81,200905
133,21,200905
133,99,200905
133,19,200905
133,83,200905
133,22,200905
133,27,200905
133,0,200905
133,48,200905
133,92,200905
133,183,200905
133,14,200905
133,69,200905
133,31,200905
133,107,200905
133,4,200905
133,136,200905
133,51,200905
133,96,200905
133,10,200905
133,59,200905
133,137,200905
133,112,200905
133,5,200905
134,114,200905
134,160,200905
134,289,200905
134,55,200905
134,62,200905
134,6,200905
134,76,200905
134,85,200905
134,19,200905
134,14,200905
134,108,200905
134,38,200905
134,155,200905
134,29,200905
134,99,200905
134,26,200905
134,97,200905
134,64,200905
134,60,200905
134,16,200905
134,46,200905
134,59,200905
134,32,200905
135,16,200905
135,14,200905
135,18,200905
135,119,200905
135,29,200905
135,444,200905
135,62,200905
135,58,200905
135,10,200905
135,113,200905
135,30,200905
135,47,200905
135,2,200905
135,142,200905
135,99,200905
135,59,200905
135,112,200905
135,100,200905
135,209,200905
135,93,200905
135,129,200905
135,320,200905
135,6,200905
135,78,200905
135,36,200905
135,35,200905
135,115,200905
135,17,200905
135,1088,200905
135,48,200905
135,136,200905
135,133,200905
135,178,200905
135,1147,200905
135,156,200905
135,79,200905
135,15,200905
135,544,200905
135,183,200905
135,69,200905
135,32,200905
135,165,200905
135,23,200905
135,9,200905
135,72,200905
135,139,200905
135,124,200905
135,13,200905
135,0,200905
135,107,200905
135,157,200905
135,94,200905
135,97,200905
135,21,200905
135,11,200905
135,80,200905
135,96,200905
135,274,200905
135,85,200905
135,38,200905
135,51,200905
135,22,200905
135,180,200905
135,77,200905
135,60,200905
135,52,200905
135,26,200905
135,20,200905
135,83,200905
135,5,200905
135,155,200905
135,143,200905
135,102,200905
135,28,200905
135,4,200905
135,108,200905
135,81,200905
135,40,200905
135,64,200905
135,92,200905
135,12,200905
135,19,200905
135,31,200905
135,154,200905
135,1,200905
135,27,200905
136,11,200905
136,40,200905
136,112,200905
136,107,200905
136,30,200905
136,133,200905
136,339,200905
136,23,200905
136,77,200905
136,183,200905
136,1,200905
136,70,200905
136,160,200905
136,53,200905
136,143,200905
136,100,200905
136,5,200905
136,375,200905
136,138,200905
136,433,200905
136,25,200905
136,27,200905
136,102,200905
136,139,200905
136,126,200905
136,1090,200905
136,9,200905
136,751,200905
136,32,200905
136,46,200905
136,93,200905
136,81,200905
136,368,200905
136,753,200905
136,19,200905
136,270,200905
136,13,200905
136,54,200905
136,85,200905
136,754,200905
136,131,200905
136,274,200905
136,61,200905
136,119,200905
136,28,200905
136,181,200905
136,29,200905
136,775,200905
136,99,200905
136,58,200905
136,878,200905
136,345,200905
136,490,200905
136,4,200905
136,17,200905
136,180,200905
136,156,200905
136,21,200905
136,346,200905
136,60,200905
136,16,200905
136,69,200905
136,80,200905
136,2,200905
136,166,200905
136,137,200905
136,981,200905
136,1169,200905
136,982,200905
136,38,200905
136,968,200905
136,355,200905
136,157,200905
136,59,200905
136,83,200905
136,941,200905
136,783,200905
136,804,200905
136,15,200905
136,20,200905
136,834,200905
136,1015,200905
136,706,200905
136,891,200905
136,96,200905
136,165,200905
136,372,200905
136,36,200905
136,132,200905
136,537,200905
136,148,200905
136,64,200905
136,752,200905
136,415,200905
136,492,200905
136,480,200905
136,588,200905
136,361,200905
136,26,200905
136,155,200905
136,299,200905
136,359,200905
136,502,200905
136,762,200905
136,738,200905
136,104,200905
136,67,200905
136,221,200905
136,862,200905
136,330,200905
136,147,200905
136,163,200905
136,43,200905
136,169,200905
136,105,200905
136,12,200905
136,18,200905
136,159,200905
136,223,200905
136,307,200905
136,68,200905
136,243,200905
136,358,200905
136,8,200905
136,211,200905
136,88,200905
136,184,200905
136,261,200905
136,97,200905
136,101,200905
136,303,200905
136,110,200905
136,154,200905
136,84,200905
136,544,200905
136,22,200905
136,153,200905
136,111,200905
136,72,200905
136,265,200905
136,189,200905
136,146,200905
136,177,200905
136,130,200905
136,116,200905
136,31,200905
136,0,200905
136,122,200905
136,125,200905
136,108,200905
136,371,200905
136,48,200905
136,51,200905
136,34,200905
136,33,200905
136,164,200905
136,213,200905
136,86,200905
136,150,200905
136,124,200905
136,35,200905
136,24,200905
136,75,200905
136,113,200905
136,89,200905
136,92,200905
136,6,200905
136,14,200905
136,135,200905
136,10,200905
137,433,200905
137,77,200905
137,9,200905
137,23,200905
137,129,200905
137,19,200905
137,138,200905
137,60,200905
137,160,200905
137,112,200905
137,13,200905
137,6,200905
137,34,200905
137,143,200905
137,165,200905
137,85,200905
137,69,200905
137,35,200905
137,39,200905
137,100,200905
137,96,200905
137,175,200905
137,113,200905
137,52,200905
137,99,200905
137,17,200905
137,108,200905
137,180,200905
137,80,200905
137,26,200905
137,18,200905
137,4,200905
137,120,200905
137,14,200905
137,55,200905
137,176,200905
137,78,200905
137,1088,200905
137,48,200905
137,29,200905
137,28,200905
137,1144,200905
137,7,200905
137,265,200905
137,54,200905
137,102,200905
137,139,200905
137,36,200905
137,20,200905
137,21,200905
137,117,200905
137,40,200905
137,46,200905
137,1147,200905
137,346,200905
137,142,200905
137,197,200905
137,183,200905
137,59,200905
137,344,200905
137,51,200905
137,136,200905
137,172,200905
137,1258,200905
137,16,200905
137,72,200905
137,193,200905
137,269,200905
137,198,200905
137,224,200905
137,244,200905
137,24,200905
137,81,200905
137,146,200905
137,483,200905
137,25,200905
137,1190,200905
137,11,200905
137,216,200905
137,163,200905
137,62,200905
137,159,200905
137,671,200905
137,47,200905
137,336,200905
137,393,200905
137,65,200905
137,204,200905
137,152,200905
137,70,200905
137,131,200905
137,32,200905
137,188,200905
137,64,200905
137,339,200905
137,341,200905
137,181,200905
137,76,200905
137,57,200905
137,118,200905
137,390,200905
137,333,200905
137,495,200905
137,309,200905
137,45,200905
137,92,200905
137,101,200905
137,15,200905
137,544,200905
137,213,200905
137,149,200905
137,220,200905
137,150,200905
137,132,200905
137,107,200905
137,58,200905
137,355,200905
137,38,200905
137,98,200905
137,156,200905
137,124,200905
137,10,200905
137,104,200905
137,161,200905
137,116,200905
137,157,200905
137,115,200905
137,89,200905
137,133,200905
137,12,200905
137,53,200905
137,1,200905
137,97,200905
137,0,200905
137,83,200905
137,31,200905
137,22,200905
137,27,200905
137,154,200905
137,2,200905
138,52,200905
138,501,200905
138,247,200905
138,159,200905
138,18,200905
138,2,200905
138,175,200905
138,59,200905
138,51,200905
138,1,200905
138,14,200905
138,110,200905
138,97,200905
138,137,200905
138,23,200905
138,25,200905
138,5,200905
138,32,200905
138,143,200905
138,136,200905
138,6,200905
138,354,200905
138,320,200905
138,53,200905
138,346,200905
138,375,200905
138,1227,200905
138,10,200905
138,266,200905
139,58,200905
139,97,200905
139,143,200905
139,80,200905
139,160,200905
139,36,200905
139,35,200905
139,101,200905
139,5,200905
139,22,200905
139,110,200905
139,181,200905
139,77,200905
139,4,200905
139,16,200905
139,18,200905
139,134,200905
139,136,200905
139,81,200905
139,274,200905
139,20,200905
139,14,200905
139,107,200905
139,137,200905
139,17,200905
139,1,200905
139,32,200905
139,28,200905
139,2,200905
139,40,200905
139,26,200905
139,13,200905
139,1147,200905
139,341,200905
139,52,200905
139,155,200905
139,31,200905
139,29,200905
139,54,200905
139,75,200905
139,197,200905
139,27,200905
139,769,200905
139,119,200905
139,146,200905
139,25,200905
139,154,200905
139,208,200905
139,135,200905
139,99,200905
139,178,200905
139,6,200905
139,19,200905
139,60,200905
139,59,200905
139,46,200905
140,482,200905
140,1159,200905
140,375,200905
140,143,200905
140,192,200905
140,60,200905
140,52,200905
140,76,200905
140,134,200905
140,188,200905
140,341,200905
140,195,200905
140,24,200905
140,10,200905
140,83,200905
140,126,200905
140,64,200905
140,1147,200905
140,29,200905
140,266,200905
140,26,200905
140,19,200905
140,32,200905
140,46,200905
140,97,200905
141,146,200905
141,53,200905
141,1147,200905
141,341,200905
141,32,200905
141,48,200905
141,375,200905
141,97,200905
141,46,200905
141,266,200905
142,19,200905
142,143,200905
142,99,200905
142,20,200905
142,381,200905
142,126,200905
142,6,200905
142,160,200905
142,136,200905
142,155,200905
142,40,200905
142,85,200905
142,183,200905
142,274,200905
142,21,200905
142,113,200905
142,154,200905
142,133,200905
142,170,200905
142,80,200905
142,51,200905
142,100,200905
142,38,200905
142,157,200905
142,31,200905
142,112,200905
142,139,200905
142,29,200905
142,27,200905
142,17,200905
142,18,200905
142,92,200905
142,0,200905
142,4,200905
142,25,200905
142,36,200905
142,129,200905
142,5,200905
142,94,200905
142,178,200905
142,34,200905
142,32,200905
142,180,200905
142,46,200905
142,107,200905
142,28,200905
142,108,200905
142,97,200905
142,117,200905
142,13,200905
142,16,200905
142,64,200905
142,48,200905
142,146,200905
142,26,200905
142,60,200905
142,1,200905
142,59,200905
142,10,200905
142,135,200905
142,14,200905
143,27,200905
143,133,200905
143,61,200905
143,138,200905
143,129,200905
143,6,200905
143,54,200905
143,118,200905
143,281,200905
143,5,200905
143,19,200905
143,80,200905
143,501,200905
143,154,200905
143,160,200905
143,110,200905
143,36,200905
143,38,200905
143,35,200905
143,132,200905
143,176,200905
143,60,200905
143,188,200905
143,51,200905
143,72,200905
143,136,200905
143,142,200905
143,13,200905
143,170,200905
143,98,200905
143,29,200905
143,52,200905
143,76,200905
143,113,200905
143,100,200905
143,274,200905
143,83,200905
143,30,200905
143,112,200905
143,25,200905
143,124,200905
143,195,200905
143,102,200905
143,101,200905
143,62,200905
143,18,200905
143,14,200905
143,121,200905
143,97,200905
143,157,200905
143,89,200905
143,77,200905
143,126,200905
143,64,200905
143,59,200905
143,0,200905
143,247,200905
143,137,200905
143,23,200905
143,16,200905
143,81,200905
143,46,200905
143,12,200905
143,85,200905
143,155,200905
143,120,200905
143,10,200905
143,17,200905
143,40,200905
143,375,200905
143,39,200905
143,96,200905
143,48,200905
143,11,200905
143,463,200905
143,2,200905
143,1,200905
143,28,200905
143,159,200905
143,32,200905
143,139,200905
143,9,200905
143,15,200905
143,104,200905
143,455,200905
143,94,200905
143,355,200905
143,242,200905
143,181,200905
143,152,200905
143,287,200905
143,26,200905
143,4,200905
143,22,200905
143,182,200905
143,115,200905
143,180,200905
143,21,200905
143,107,200905
143,92,200905
143,146,200905
143,99,200905
143,108,200905
143,135,200905
144,233,200905
144,160,200905
144,44,200905
144,16,200905
144,120,200905
144,154,200905
144,32,200905
144,6,200905
144,346,200905
144,99,200905
144,18,200905
144,10,200905
144,29,200905
145,146,200905
145,27,200905
145,137,200905
145,346,200905
145,1169,200905
145,18,200905
145,29,200905
146,25,200905
146,40,200905
146,160,200905
146,287,200905
146,38,200905
146,11,200905
146,78,200905
146,79,200905
146,94,200905
146,83,200905
146,132,200905
146,32,200905
146,176,200905
146,18,200905
146,9,200905
146,61,200905
146,75,200905
146,154,200905
146,54,200905
146,16,200905
146,26,200905
146,136,200905
146,64,200905
146,1,200905
146,97,200905
146,65,200905
146,21,200905
146,249,200905
146,180,200905
146,355,200905
146,143,200905
146,77,200905
146,48,200905
146,63,200905
146,101,200905
146,46,200905
146,224,200905
146,19,200905
146,72,200905
146,12,200905
146,120,200905
146,58,200905
146,52,200905
146,237,200905
146,80,200905
146,139,200905
146,131,200905
146,29,200905
146,57,200905
146,95,200905
146,31,200905
146,45,200905
146,27,200905
146,141,200905
146,76,200905
146,39,200905
146,35,200905
146,137,200905
146,544,200905
146,24,200905
146,36,200905
146,208,200905
146,198,200905
146,124,200905
146,0,200905
146,15,200905
146,126,200905
146,117,200905
146,142,200905
146,62,200905
146,102,200905
146,81,200905
146,14,200905
146,66,200905
146,6,200905
146,181,200905
146,59,200905
146,100,200905
146,28,200905
146,13,200905
146,108,200905
146,4,200905
146,99,200905
146,20,200905
146,10,200905
146,17,200905
146,60,200905
147,221,200905
147,105,200905
147,67,200905
147,330,200905
147,153,200905
147,372,200905
147,30,200905
147,160,200905
147,183,200905
147,169,200905
147,28,200905
147,136,200905
147,720,200905
147,346,200905
147,1169,200905
147,10,200905
147,11,200905
148,160,200905
148,22,200905
148,346,200905
148,136,200905
149,115,200905
149,40,200905
149,4,200905
149,124,200905
149,32,200905
149,5,200905
149,133,200905
149,154,200905
149,93,200905
149,19,200905
149,21,200905
149,80,200905
149,0,200905
149,47,200905
149,11,200905
149,72,200905
149,60,200905
149,17,200905
149,346,200905
149,1169,200905
149,85,200905
149,28,200905
149,1,200905
149,135,200905
149,9,200905
149,136,200905
149,25,200905
149,96,200905
149,10,200905
149,92,200905
149,137,200905
149,274,200905
150,1236,200905
150,23,200905
150,5,200905
150,160,200905
150,22,200905
150,96,200905
150,34,200905
150,132,200905
150,85,200905
150,35,200905
150,107,200905
150,51,200905
150,10,200905
150,11,200905
150,4,200905
150,20,200905
150,17,200905
150,136,200905
150,137,200905
150,1,200905
151,16,200905
151,282,200905
151,1147,200905
151,178,200905
151,266,200905
152,5,200905
152,19,200905
152,158,200905
152,16,200905
152,140,200905
152,57,200905
152,76,200905
152,143,200905
152,45,200905
152,99,200905
152,46,200905
152,137,200905
152,160,200905
152,25,200905
152,97,200905
153,147,200905
153,136,200905
154,16,200905
154,104,200905
154,159,200905
154,77,200905
154,18,200905
154,27,200905
154,143,200905
154,30,200905
154,175,200905
154,12,200905
154,81,200905
154,160,200905
154,433,200905
154,9,200905
154,54,200905
154,183,200905
154,19,200905
154,52,200905
154,114,200905
154,100,200905
154,69,200905
154,176,200905
154,29,200905
154,107,200905
154,23,200905
154,10,200905
154,342,200905
154,43,200905
154,116,200905
154,180,200905
154,142,200905
154,149,200905
154,93,200905
154,119,200905
154,20,200905
154,61,200905
154,85,200905
154,45,200905
154,394,200905
154,26,200905
154,25,200905
154,6,200905
154,146,200905
154,296,200905
154,78,200905
154,28,200905
154,47,200905
154,1144,200905
154,278,200905
154,137,200905
154,1580,200905
154,39,200905
154,133,200905
154,22,200905
154,126,200905
154,5,200905
154,914,200905
154,112,200905
154,522,200905
154,165,200905
154,355,200905
154,178,200905
154,341,200905
154,51,200905
154,113,200905
154,115,200905
154,59,200905
154,38,200905
154,275,200905
154,32,200905
154,36,200905
154,1482,200905
154,15,200905
154,0,200905
154,102,200905
154,40,200905
154,131,200905
154,2,200905
154,31,200905
154,46,200905
154,17,200905
154,21,200905
154,544,200905
154,4,200905
154,132,200905
154,64,200905
154,83,200905
154,375,200905
154,34,200905
154,60,200905
154,139,200905
154,24,200905
154,72,200905
154,120,200905
154,80,200905
154,136,200905
154,97,200905
154,96,200905
154,11,200905
154,48,200905
154,124,200905
154,108,200905
154,13,200905
154,92,200905
154,1,200905
154,35,200905
154,99,200905
154,14,200905
154,274,200905
154,135,200905
155,19,200905
155,52,200905
155,316,200905
155,57,200905
155,143,200905
155,160,200905
155,59,200905
155,126,200905
155,0,200905
155,16,200905
155,18,200905
155,23,200905
155,2,200905
155,29,200905
155,113,200905
155,28,200905
155,9,200905
155,17,200905
155,100,200905
155,85,200905
155,165,200905
155,5,200905
155,142,200905
155,72,200905
155,38,200905
155,35,200905
155,4,200905
155,11,200905
155,274,200905
155,27,200905
155,97,200905
155,139,200905
155,81,200905
155,6,200905
155,36,200905
155,22,200905
155,176,200905
155,1147,200905
155,178,200905
155,154,200905
155,21,200905
155,112,200905
155,20,200905
155,83,200905
155,92,200905
155,136,200905
155,96,200905
155,31,200905
155,26,200905
155,48,200905
155,64,200905
155,46,200905
155,32,200905
155,1,200905
155,10,200905
155,99,200905
155,108,200905
155,135,200905
155,60,200905
155,14,200905
156,40,200905
156,146,200905
156,124,200905
156,769,200905
156,102,200905
156,35,200905
156,2,200905
156,29,200905
156,99,200905
156,46,200905
156,60,200905
156,108,200905
156,97,200905
156,160,200905
156,25,200905
156,137,200905
157,0,200905
157,118,200905
157,143,200905
157,16,200905
157,274,200905
157,206,200905
157,102,200905
157,76,200905
157,38,200905
157,65,200905
157,5,200905
157,180,200905
157,72,200905
157,51,200905
157,64,200905
157,20,200905
157,27,200905
157,85,200905
157,52,200905
157,6,200905
157,96,200905
157,346,200905
157,28,200905
157,142,200905
157,136,200905
157,17,200905
157,48,200905
157,10,200905
157,2,200905
157,99,200905
157,97,200905
157,32,200905
157,60,200905
157,46,200905
157,14,200905
157,135,200905
157,160,200905
157,25,200905
157,92,200905
157,137,200905
158,208,200905
158,43,200905
158,9,200905
158,100,200905
158,178,200905
158,341,200905
158,46,200905
158,97,200905
159,29,200905
159,77,200905
159,131,200905
159,339,200905
159,160,200905
159,138,200905
159,143,200905
159,242,200905
159,38,200905
159,1147,200905
159,346,200905
159,136,200905
159,1227,200905
159,18,200905
159,375,200905
159,32,200905
159,97,200905
159,137,200905
159,10,200905
160,31,200905
160,216,200905
160,139,200905
160,1,200905
160,188,200905
160,72,200905
160,13,200905
160,129,200905
160,14,200905
160,57,200905
160,142,200905
160,85,200905
160,155,200905
160,53,200905
160,159,200905
160,18,200905
160,70,200905
160,28,200905
160,34,200905
160,43,200905
160,62,200905
160,512,200905
160,10,200905
160,194,200905
160,51,200905
160,107,200905
160,112,200905
160,52,200905
160,84,200905
160,64,200905
160,59,200905
160,132,200905
160,108,200905
160,134,200905
160,78,200905
160,17,200905
160,131,200905
160,20,200905
160,22,200905
160,93,200905
160,66,200905
160,38,200905
160,48,200905
160,115,200905
160,176,200905
160,104,200905
160,95,200905
160,281,200905
160,137,200905
160,133,200905
160,100,200905
160,27,200905
160,55,200905
160,29,200905
160,120,200905
160,44,200905
160,5,200905
160,24,200905
160,143,200905
160,76,200905
160,457,200905
160,175,200905
160,146,200905
160,23,200905
160,144,200905
160,60,200905
160,97,200905
160,89,200905
160,54,200905
160,80,200905
160,32,200905
160,118,200905
160,339,200905
160,77,200905
160,140,200905
160,117,200905
160,35,200905
160,138,200905
160,197,200905
160,11,200905
160,39,200905
160,40,200905
160,41,200905
160,147,200905
160,181,200905
160,21,200905
160,101,200905
160,99,200905
160,154,200905
160,195,200905
160,83,200905
160,110,200905
160,45,200905
160,79,200905
160,9,200905
160,183,200905
160,16,200905
160,234,200905
160,46,200905
160,19,200905
160,113,200905
160,496,200905
160,165,200905
160,102,200905
160,96,200905
160,136,200905
160,0,200905
160,15,200905
160,25,200905
160,180,200905
160,30,200905
160,12,200905
160,224,200905
160,61,200905
160,6,200905
160,126,200905
160,2,200905
160,63,200905
160,69,200905
160,4,200905
160,26,200905
160,211,200905
160,111,200905
160,81,200905
160,157,200905
160,124,200905
160,346,200905
160,355,200905
160,935,200905
160,318,200905
160,198,200905
160,510,200905
160,65,200905
160,871,200905
160,543,200905
160,161,200905
160,393,200905
160,379,200905
160,314,200905
160,309,200905
160,163,200905
160,250,200905
160,544,200905
160,58,200905
160,152,200905
160,98,200905
160,249,200905
160,341,200905
160,156,200905
161,1099,200905
161,76,200905
161,19,200905
161,31,200905
161,165,200905
161,143,200905
161,10,200905
161,25,200905
161,17,200905
161,266,200905
161,160,200905
161,137,200905
163,16,200905
163,180,200905
163,83,200905
163,265,200905
163,346,200905
163,29,200905
163,136,200905
163,32,200905
163,18,200905
163,60,200905
163,137,200905
163,160,200905
163,97,200905
164,223,200905
164,84,200905
164,64,200905
164,31,200905
164,133,200905
164,17,200905
164,10,200905
164,1227,200905
164,136,200905
164,18,200905
164,4,200905
164,11,200905
165,96,200905
165,401,200905
165,149,200905
165,890,200905
165,250,200905
165,137,200905
165,35,200905
165,282,200905
165,160,200905
165,213,200905
165,47,200905
165,211,200905
165,107,200905
165,150,200905
165,116,200905
165,0,200905
165,9,200905
165,183,200905
165,81,200905
165,1794,200905
165,77,200905
165,25,200905
165,38,200905
165,83,200905
165,2,200905
165,100,200905
165,112,200905
165,155,200905
165,21,200905
165,23,200905
165,93,200905
165,19,200905
165,64,200905
165,102,200905
165,801,200905
165,121,200905
165,4,200905
165,69,200905
165,11,200905
165,133,200905
165,154,200905
165,24,200905
165,113,200905
165,14,200905
165,108,200905
165,6,200905
165,80,200905
165,58,200905
165,27,200905
165,99,200905
165,20,200905
165,51,200905
165,97,200905
165,136,200905
165,5,200905
165,31,200905
165,135,200905
165,60,200905
165,28,200905
165,29,200905
165,1,200905
165,17,200905
165,92,200905
165,10,200905
165,85,200905
165,274,200905
166,891,200905
166,878,200905
166,136,200905
166,1169,200905
166,64,200905
167,97,200905
167,80,200905
167,342,200905
167,165,200905
167,93,200905
168,203,200905
169,147,200905
169,21,200905
169,154,200905
169,85,200905
169,136,200905
169,11,200905
170,143,200905
170,10,200905
170,131,200905
170,6,200905
170,137,200905
170,29,200905
170,32,200905
170,18,200905
171,155,200905
171,117,200905
171,101,200905
171,18,200905
171,266,200905
171,1250,200905
171,32,200905
171,29,200905
172,129,200905
172,35,200905
172,167,200905
172,14,200905
172,19,200905
172,29,200905
172,357,200905
172,64,200905
172,59,200905
172,173,200905
172,6,200905
172,48,200905
172,46,200905
172,97,200905
173,129,200905
173,46,200905
173,17,200905
173,97,200905
173,1129,200905
173,357,200905
173,172,200905
173,35,200905
174,18,200905
175,25,200905
175,154,200905
175,29,200905
175,136,200905
175,27,200905
175,97,200905
175,137,200905
175,112,200905
175,19,200905
175,31,200905
175,52,200905
175,89,200905
175,247,200905
175,1,200905
175,339,200905
175,18,200905
175,117,200905
175,1194,200905
175,138,200905
175,433,200905
175,83,200905
175,17,200905
175,60,200905
175,276,200905
175,58,200905
175,178,200905
175,64,200905
175,393,200905
175,346,200905
175,32,200905
175,266,200905
175,375,200905
176,160,200905
176,387,200905
176,26,200905
176,64,200905
176,19,200905
176,77,200905
176,6,200905
176,79,200905
176,143,200905
176,9,200905
176,173,200905
176,112,200905
176,29,200905
176,78,200905
176,152,200905
176,146,200905
176,544,200905
176,444,200905
176,97,200905
176,181,200905
176,100,200905
176,154,200905
176,60,200905
176,46,200905
176,136,200905
176,34,200905
176,165,200905
176,93,200905
176,13,200905
176,18,200905
176,32,200905
176,16,200905
177,69,200905
177,49,200905
177,100,200905
177,300,200905
177,346,200905
177,137,200905
177,107,200905
177,10,200905
177,18,200905
177,136,200905
177,11,200905
177,4,200905
178,181,200905
178,1250,200905
178,64,200905
178,490,200905
178,101,200905
178,120,200905
178,81,200905
178,140,200905
178,288,200905
178,342,200905
178,445,200905
178,129,200905
178,274,200905
178,131,200905
178,75,200905
178,175,200905
178,24,200905
178,25,200905
178,13,200905
178,16,200905
178,31,200905
178,36,200905
178,266,200905
178,320,200905
178,180,200905
178,32,200905
178,18,200905
178,56,200905
178,134,200905
178,46,200905
178,151,200905
178,316,200905
178,142,200905
178,158,200905
178,102,200905
178,62,200905
178,39,200905
178,76,200905
178,126,200905
178,83,200905
178,40,200905
178,108,200905
178,139,200905
178,48,200905
178,60,200905
180,155,200905
180,766,200905
180,143,200905
180,126,200905
180,6,200905
180,160,200905
180,52,200905
180,13,200905
180,77,200905
180,131,200905
180,24,200905
180,80,200905
180,4,200905
180,9,200905
180,82,200905
180,769,200905
180,64,200905
180,78,200905
180,81,200905
180,5,200905
180,165,200905
180,14,200905
180,154,200905
180,38,200905
180,133,200905
180,1,200905
180,146,200905
180,31,200905
180,112,200905
180,20,200905
180,1045,200905
180,32,200905
180,85,200905
180,83,200905
180,17,200905
180,137,200905
180,46,200905
180,178,200905
180,107,200905
180,136,200905
180,889,200905
180,29,200905
180,108,200905
180,36,200905
180,11,200905
180,899,200905
180,21,200905
180,360,200905
180,92,200905
180,142,200905
180,99,200905
180,28,200905
180,18,200905
180,26,200905
180,19,200905
180,48,200905
180,59,200905
180,10,200905
180,16,200905
180,97,200905
180,135,200905
180,60,200905
181,178,200905
181,29,200905
181,18,200905
181,54,200905
181,546,200905
181,97,200905
181,270,200905
181,77,200905
181,160,200905
181,142,200905
181,10,200905
181,32,200905
181,429,200905
181,136,200905
181,28,200905
181,14,200905
181,57,200905
181,125,200905
181,17,200905
181,249,200905
181,544,200905
181,64,200905
181,27,200905
181,85,200905
181,38,200905
181,154,200905
181,132,200905
181,143,200905
181,40,200905
181,146,200905
181,1147,200905
181,99,200905
181,16,200905
181,26,200905
181,375,200905
181,6,200905
181,266,200905
181,25,200905
181,137,200905
182,16,200905
182,176,200905
182,26,200905
182,270,200905
182,82,200905
182,58,200905
182,106,200905
182,60,200905
182,46,200905
182,19,200905
182,97,200905
182,29,200905
182,6,200905
182,32,200905
183,11,200905
183,160,200905
183,147,200905
183,27,200905
183,85,200905
183,233,200905
183,32,200905
183,149,200905
183,31,200905
183,115,200905
183,102,200905
183,81,200905
183,60,200905
183,112,200905
183,165,200905
183,14,200905
183,132,200905
183,2,200905
183,0,200905
183,154,200905
183,13,200905
183,22,200905
183,92,200905
183,83,200905
183,169,200905
183,6,200905
183,17,200905
183,96,200905
183,133,200905
183,40,200905
183,274,200905
183,21,200905
183,137,200905
183,301,200905
183,12,200905
183,97,200905
183,28,200905
183,135,200905
183,105,200905
183,317,200905
183,1,200905
183,136,200905
183,69,200905
183,29,200905
183,107,200905
183,5,200905
183,51,200905
183,18,200905
183,4,200905
183,20,200905
183,10,200905
184,51,200905
184,21,200905
184,53,200905
184,33,200905
184,497,200905
184,1227,200905
184,10,200905
184,17,200905
184,136,200905
184,11,200905
184,4,200905
184,20,200905
185,110,200905
185,473,200905
185,525,200905
185,1207,200905
185,1226,200905
185,922,200905
185,665,200905
185,937,200905
185,186,200905
185,947,200905
185,1026,200905
185,474,200905
185,997,200905
185,1016,200905
185,926,200905
185,1027,200905
185,657,200905
185,698,200905
185,1701,200905
185,1594,200905
185,656,200905
185,200,200905
185,696,200905
185,697,200905
186,185,200905
186,110,200905
186,525,200905
186,473,200905
186,620,200905
186,559,200905
186,474,200905
186,560,200905
186,645,200905
186,556,200905
186,465,200905
186,558,200905
186,257,200905
186,947,200905
186,630,200905
186,561,200905
186,922,200905
186,650,200905
186,665,200905
186,1019,200905
186,555,200905
186,232,200905
187,313,200905
188,118,200905
188,124,200905
188,0,200905
188,143,200905
188,160,200905
188,31,200905
188,9,200905
188,154,200905
188,141,200905
188,108,200905
188,346,200905
188,99,200905
188,10,200905
188,25,200905
188,266,200905
188,137,200905
188,97,200905
189,23,200905
189,34,200905
189,27,200905
189,53,200905
189,22,200905
189,51,200905
189,10,200905
189,112,200905
189,4,200905
189,21,200905
189,11,200905
189,136,200905
189,17,200905
189,1,200905
189,20,200905
190,235,200905
190,110,200905
190,201,200905
190,897,200905
190,696,200905
190,1183,200905
190,920,200905
191,110,200905
192,101,200905
192,9,200905
192,171,200905
192,16,200905
192,26,200905
192,6,200905
192,121,200905
192,102,200905
192,32,200905
192,19,200905
192,46,200905
192,64,200905
192,97,200905
193,81,200905
193,137,200905
193,32,200905
193,29,200905
194,76,200905
194,77,200905
194,160,200905
194,24,200905
194,57,200905
194,26,200905
194,48,200905
194,6,200905
194,60,200905
194,59,200905
195,6,200905
195,143,200905
195,142,200905
195,180,200905
195,160,200905
195,106,200905
195,154,200905
195,282,200905
195,43,200905
195,31,200905
195,34,200905
195,112,200905
195,19,200905
195,97,200905
195,48,200905
195,32,200905
195,60,200905
196,551,200905
196,470,200905
196,366,200905
196,489,200905
196,621,200905
196,626,200905
196,471,200905
196,705,200905
196,110,200905
196,351,200905
196,504,200905
196,472,200905
196,1132,200905
196,412,200905
196,424,200905
196,425,200905
196,377,200905
196,225,200905
196,528,200905
196,633,200905
196,578,200905
196,475,200905
196,367,200905
196,478,200905
196,239,200905
196,506,200905
196,378,200905
196,447,200905
196,363,200905
196,448,200905
196,712,200905
196,229,200905
196,627,200905
196,400,200905
196,577,200905
196,352,200905
196,226,200905
196,364,200905
196,547,200905
196,365,200905
196,622,200905
196,917,200905
196,681,200905
196,479,200905
196,402,200905
196,383,200905
196,109,200905
196,1604,200905
196,595,200905
196,925,200905
196,596,200905
196,886,200905
196,594,200905
196,535,200905
196,409,200905
196,476,200905
196,538,200905
196,640,200905
196,667,200905
196,1028,200905
196,127,200905
196,516,200905
196,465,200905
196,526,200905
196,1134,200905
196,427,200905
196,17,200905
196,18,200905
196,4,200905
197,160,200905
197,545,200905
197,193,200905
197,142,200905
197,6,200905
197,41,200905
197,769,200905
197,0,200905
197,134,200905
197,25,200905
197,139,200905
197,108,200905
197,16,200905
197,32,200905
197,54,200905
197,60,200905
197,29,200905
197,97,200905
198,55,200905
198,160,200905
198,137,200905
198,146,200905
198,97,200905
198,32,200905
198,29,200905
200,656,200905
200,697,200905
200,698,200905
200,657,200905
200,937,200905
200,185,200905
201,190,200905
201,235,200905
201,110,200905
201,897,200905
203,291,200905
203,168,200905
203,87,200905
204,115,200905
204,1139,200905
204,137,200905
205,40,200905
205,6,200905
205,27,200905
205,19,200905
205,32,200905
205,64,200905
206,6,200905
206,117,200905
206,57,200905
206,16,200905
206,9,200905
206,19,200905
206,266,200905
206,32,200905
207,22,200905
208,16,200905
208,283,200905
208,896,200905
208,81,200905
208,75,200905
208,2114,200905
208,78,200905
208,444,200905
208,1431,200905
208,1851,200905
208,72,200905
208,349,200905
208,297,200905
208,768,200905
208,40,200905
208,101,200905
208,64,200905
208,99,200905
208,19,200905
208,97,200905
208,46,200905
208,146,200905
208,32,200905
208,108,200905
208,139,200905
208,60,200905
208,29,200905
208,36,200905
208,48,200905
209,1,200905
209,135,200905
209,345,200905
209,17,200905
210,796,200905
210,826,200905
210,1282,200905
210,1057,200905
210,941,200905
210,750,200905
210,10,200905
210,998,200905
211,23,200905
211,132,200905
211,53,200905
211,160,200905
211,25,200905
211,17,200905
211,136,200905
211,20,200905
211,1,200905
212,89,200905
213,53,200905
213,160,200905
213,34,200905
213,69,200905
213,32,200905
213,112,200905
213,51,200905
213,10,200905
213,21,200905
213,222,200905
213,20,200905
213,11,200905
213,29,200905
213,136,200905
213,17,200905
213,1,200905
213,137,200905
213,4,200905
214,33,200905
214,51,200905
214,215,200905
214,1169,200905
214,10,200905
214,1227,200905
214,17,200905
214,20,200905
214,11,200905
214,4,200905
215,51,200905
215,214,200905
215,20,200905
216,379,200905
216,25,200905
216,160,200905
216,137,200905
216,97,200905
217,129,200905
217,59,200905
217,60,200905
220,115,200905
220,483,200905
220,27,200905
220,1147,200905
220,346,200905
220,1169,200905
220,137,200905
221,147,200905
221,1169,200905
221,136,200905
222,748,200905
222,4,200905
222,747,200905
222,107,200905
222,1169,200905
222,28,200905
222,1227,200905
222,17,200905
222,213,200905
222,5,200905
222,10,200905
223,84,200905
223,23,200905
223,64,200905
223,20,200905
223,107,200905
223,136,200905
223,10,200905
223,18,200905
223,4,200905
223,11,200905
224,160,200905
224,98,200905
224,83,200905
224,72,200905
224,176,200905
224,1147,200905
224,341,200905
224,146,200905
224,99,200905
224,137,200905
224,48,200905
224,375,200905
224,46,200905
224,29,200905
224,266,200905
224,97,200905
225,471,200905
225,470,200905
225,377,200905
225,196,200905
225,110,200905
225,378,200905
225,472,200905
225,712,200905
225,639,200905
225,636,200905
225,475,200905
225,232,200905
225,351,200905
225,230,200905
225,352,200905
225,1293,200905
226,196,200905
226,110,200905
226,231,200905
226,351,200905
226,590,200905
226,573,200905
226,660,200905
226,604,200905
226,586,200905
226,465,200905
226,319,200905
226,574,200905
226,576,200905
226,589,200905
226,527,200905
226,225,200905
226,1140,200905
226,572,200905
227,11,200905
228,11,200905
228,1169,200905
229,663,200905
229,110,200905
229,824,200905
229,640,200905
229,644,200905
229,605,200905
229,599,200905
229,196,200905
229,695,200905
229,925,200905
229,600,200905
229,231,200905
229,637,200905
229,665,200905
229,712,200905
229,669,200905
229,627,200905
230,638,200905
230,596,200905
230,575,200905
230,641,200905
230,232,200905
230,640,200905
230,635,200905
230,231,200905
230,639,200905
230,605,200905
230,594,200905
230,634,200905
230,600,200905
230,642,200905
230,110,200905
230,229,200905
230,636,200905
230,225,200905
230,465,200905
230,1206,200905
230,603,200905
230,818,200905
231,664,200905
231,576,200905
231,601,200905
231,196,200905
231,575,200905
231,465,200905
231,643,200905
231,110,200905
231,232,200905
231,527,200905
231,639,200905
231,596,200905
231,604,200905
231,644,200905
231,319,200905
231,226,200905
231,658,200905
231,599,200905
231,603,200905
231,225,200905
232,230,200905
232,110,200905
232,641,200905
232,635,200905
232,239,200905
232,252,200905
232,236,200905
232,253,200905
232,640,200905
232,634,200905
232,254,200905
232,664,200905
232,576,200905
232,603,200905
232,260,200905
232,659,200905
232,259,200905
232,642,200905
232,256,200905
232,532,200905
232,258,200905
232,638,200905
232,527,200905
232,263,200905
232,597,200905
232,231,200905
232,636,200905
232,465,200905
232,596,200905
232,594,200905
232,257,200905
232,601,200905
232,715,200905
232,591,200905
232,661,200905
232,658,200905
232,700,200905
232,639,200905
232,670,200905
232,255,200905
232,605,200905
232,600,200905
232,598,200905
232,624,200905
232,602,200905
232,273,200905
232,186,200905
232,599,200905
232,196,200905
232,185,200905
232,644,200905
232,319,200905
232,560,200905
232,1268,200905
232,575,200905
232,225,200905
232,558,200905
232,571,200905
232,561,200905
232,229,200905
232,643,200905
233,160,200905
233,144,200905
233,112,200905
233,81,200905
233,12,200905
233,140,200905
233,16,200905
233,26,200905
233,29,200905
233,346,200905
233,1169,200905
233,18,200905
233,10,200905
233,32,200905
234,122,200905
234,738,200905
234,233,200905
234,123,200905
234,426,200905
234,61,200905
234,160,200905
234,132,200905
234,762,200905
234,12,200905
234,54,200905
234,908,200905
234,81,200905
234,29,200905
234,1169,200905
234,18,200905
234,10,200905
235,110,200905
235,867,200905
235,190,200905
235,1183,200905
235,1056,200905
235,1381,200905
236,110,200905
236,627,200905
236,474,200905
236,631,200905
236,525,200905
237,79,200905
237,249,200905
237,73,200905
237,99,200905
237,146,200905
237,25,200905
237,32,200905
237,6,200905
237,46,200905
237,97,200905
238,1169,200905
238,11,200905
239,602,200905
239,252,200905
239,273,200905
239,232,200905
239,253,200905
240,10,200905
241,675,200905
241,59,200905
241,35,200905
242,16,200905
242,6,200905
242,54,200905
242,19,200905
242,29,200905
242,1587,200905
242,32,200905
242,18,200905
243,89,200905
243,7,200905
243,64,200905
243,4,200905
243,90,200905
243,8,200905
243,136,200905
243,17,200905
243,20,200905
243,1,200905
244,220,200905
244,137,200905
245,241,200905
245,279,200905
245,1079,200905
245,1039,200905
247,110,200905
247,23,200905
247,143,200905
247,20,200905
247,427,200905
247,175,200905
247,69,200905
247,18,200905
247,433,200905
247,107,200905
247,4,200905
247,51,200905
247,138,200905
247,741,200905
247,843,200905
247,52,200905
247,5,200905
247,748,200905
247,747,200905
248,11,200905
249,41,200905
249,72,200905
249,12,200905
249,65,200905
249,131,200905
249,19,200905
249,146,200905
249,160,200905
249,97,200905
250,101,200905
250,99,200905
250,46,200905
250,160,200905
250,97,200905
251,27,200905
252,232,200905
252,239,200905
252,253,200905
252,254,200905
253,239,200905
253,232,200905
253,254,200905
253,252,200905
254,232,200905
254,253,200905
254,252,200905
255,232,200905
255,601,200905
255,257,200905
255,260,200905
255,591,200905
255,258,200905
255,259,200905
256,232,200905
256,601,200905
256,597,200905
256,263,200905
256,258,200905
256,260,200905
257,232,200905
257,658,200905
257,259,200905
257,186,200905
257,260,200905
257,601,200905
257,700,200905
257,255,200905
257,591,200905
258,232,200905
258,260,200905
258,239,200905
258,263,200905
258,255,200905
258,257,200905
258,601,200905
258,659,200905
258,602,200905
259,659,200905
259,597,200905
259,624,200905
259,255,200905
259,260,200905
259,601,200905
259,602,200905
259,232,200905
260,232,200905
260,263,200905
260,259,200905
260,256,200905
260,273,200905
260,257,200905
260,597,200905
260,258,200905
260,659,200905
260,601,200905
261,5,200905
261,122,200905
261,107,200905
261,346,200905
261,17,200905
261,28,200905
261,10,200905
261,136,200905
261,1,200905
261,20,200905
263,260,200905
263,601,200905
263,232,200905
263,258,200905
263,256,200905
263,591,200905
263,597,200905
263,239,200905
265,154,200905
265,34,200905
265,24,200905
265,77,200905
265,108,200905
265,6,200905
265,346,200905
265,1169,200905
265,32,200905
265,17,200905
265,18,200905
265,266,200905
265,10,200905
265,1227,200905
265,136,200905
265,29,200905
266,120,200905
266,1250,200905
266,100,200905
266,1147,200905
266,334,200905
266,178,200905
266,117,200905
266,171,200905
266,888,200905
266,206,200905
266,43,200905
266,161,200905
266,1020,200905
266,265,200905
266,278,200905
266,39,200905
266,62,200905
266,175,200905
266,65,200905
266,15,200905
266,132,200905
266,151,200905
266,815,200905
266,188,200905
266,61,200905
266,140,200905
266,66,200905
266,114,200905
266,76,200905
266,138,200905
266,181,200905
266,141,200905
266,95,200905
266,104,200905
266,224,200905
266,79,200905
266,57,200905
266,101,200905
267,29,200905
267,320,200905
268,228,200905
268,11,200905
268,105,200905
268,4,200905
269,338,200905
269,32,200905
269,137,200905
269,60,200905
269,29,200905
269,97,200905
270,181,200905
270,74,200905
270,176,200905
270,136,200905
270,18,200905
270,29,200905
270,32,200905
271,18,200905
273,255,200905
273,602,200905
273,603,200905
273,664,200905
273,259,200905
273,624,200905
273,659,200905
273,256,200905
273,260,200905
273,232,200905
274,25,200905
274,65,200905
274,6,200905
274,23,200905
274,144,200905
274,142,200905
274,155,200905
274,143,200905
274,113,200905
274,139,200905
274,69,200905
274,81,200905
274,36,200905
274,180,200905
274,40,200905
274,119,200905
274,52,200905
274,107,200905
274,102,200905
274,29,200905
274,136,200905
274,183,200905
274,133,200905
274,38,200905
274,112,200905
274,16,200905
274,346,200905
274,21,200905
274,100,200905
274,32,200905
274,83,200905
274,157,200905
274,20,200905
274,11,200905
274,77,200905
274,12,200905
274,48,200905
274,19,200905
274,51,200905
274,4,200905
274,31,200905
274,5,200905
274,108,200905
274,60,200905
274,28,200905
274,47,200905
274,17,200905
274,14,200905
274,93,200905
274,10,200905
274,135,200905
274,80,200905
274,1,200905
274,9,200905
274,165,200905
274,72,200905
274,149,200905
274,116,200905
274,124,200905
274,154,200905
274,115,200905
274,96,200905
274,0,200905
274,27,200905
274,85,200905
274,2,200905
274,92,200905
275,154,200905
276,814,200905
276,54,200905
276,316,200905
276,18,200905
276,29,200905
276,32,200905
277,1441,200905
277,19,200905
278,180,200905
278,45,200905
278,76,200905
278,182,200905
278,79,200905
278,143,200905
278,25,200905
278,85,200905
278,544,200905
278,124,200905
278,14,200905
278,288,200905
278,342,200905
278,57,200905
278,31,200905
278,178,200905
278,46,200905
278,1147,200905
278,19,200905
278,375,200905
278,266,200905
278,26,200905
278,97,200905
279,280,200905
279,1161,200905
279,5,200905
280,279,200905
281,374,200905
281,160,200905
281,59,200905
281,29,200905
281,77,200905
281,138,200905
281,143,200905
281,18,200905
281,320,200905
282,16,200905
282,143,200905
282,401,200905
282,195,200905
282,9,200905
283,208,200905
283,13,200905
284,129,200905
285,435,200905
285,60,200905
286,183,200905
287,97,200905
287,58,200905
287,143,200905
287,46,200905
288,83,200905
288,178,200905
288,1147,200905
289,134,200905
289,13,200905
290,110,200905
290,808,200905
291,203,200905
291,87,200905
292,346,200905
292,18,200905
292,29,200905
294,320,200905
294,35,200905
294,96,200905
295,51,200905
296,154,200905
297,102,200905
297,313,200905
297,1627,200905
297,349,200905
297,1130,200905
297,208,200905
297,444,200905
297,59,200905
297,1674,200905
297,13,200905
298,432,200905
298,18,200905
299,96,200905
299,130,200905
299,492,200905
299,361,200905
299,941,200905
299,345,200905
299,536,200905
299,23,200905
299,1,200905
299,136,200905
300,177,200905
300,4,200905
301,317,200905
301,9,200905
301,183,200905
301,4,200905
303,136,200905
305,110,200905
305,109,200905
305,830,200905
305,684,200905
305,247,200905
305,4,200905
305,886,200905
305,633,200905
306,110,200905
306,109,200905
306,128,200905
306,427,200905
306,4,200905
307,136,200905
309,97,200905
309,160,200905
309,137,200905
310,27,200905
310,98,200905
310,530,200905
311,50,200905
311,69,200905
311,3,200905
311,4,200905
313,297,200905
313,349,200905
313,13,200905
314,159,200905
314,165,200905
314,160,200905
315,20,200905
316,449,200905
316,208,200905
316,40,200905
316,1147,200905
316,178,200905
316,32,200905
317,69,200905
317,1169,200905
317,183,200905
317,4,200905
317,11,200905
318,160,200905
319,465,200905
319,231,200905
319,643,200905
319,351,200905
319,527,200905
319,586,200905
319,576,200905
319,575,200905
319,232,200905
320,482,200905
320,14,200905
320,39,200905
320,16,200905
320,24,200905
320,32,200905
320,101,200905
320,126,200905
320,157,200905
320,0,200905
320,143,200905
320,131,200905
320,120,200905
320,124,200905
320,40,200905
320,29,200905
320,135,200905
320,77,200905
320,444,200905
320,102,200905
320,97,200905
320,138,200905
320,136,200905
320,178,200905
320,281,200905
320,267,200905
320,19,200905
320,1250,200905
320,815,200905
320,26,200905
320,6,200905
320,79,200905
320,13,200905
320,334,200905
320,99,200905
320,95,200905
320,434,200905
320,46,200905
320,48,200905
320,64,200905
322,35,200905
322,131,200905
322,785,200905
323,770,200905
323,89,200905
323,778,200905
323,90,200905
326,25,200905
327,25,200905
329,143,200905
330,147,200905
330,136,200905
330,11,200905
332,81,200905
332,9,200905
332,15,200905
332,19,200905
332,32,200905
332,64,200905
333,483,200905
333,25,200905
333,137,200905
334,266,200905
334,320,200905
334,1250,200905
335,346,200905
335,1147,200905
335,25,200905
336,25,200905
336,137,200905
338,32,200905
338,26,200905
338,19,200905
338,6,200905
339,32,200905
339,219,200905
339,1099,200905
339,188,200905
339,143,200905
339,2,200905
339,160,200905
339,25,200905
339,314,200905
339,0,200905
339,93,200905
339,11,200905
339,10,200905
339,137,200905
340,25,200905
341,16,200905
341,76,200905
341,176,200905
341,342,200905
341,12,200905
341,32,200905
341,24,200905
341,58,200905
341,29,200905
341,101,200905
341,158,200905
341,77,200905
341,31,200905
341,154,200905
341,66,200905
341,54,200905
341,34,200905
341,100,200905
341,224,200905
341,141,200905
341,139,200905
341,27,200905
341,36,200905
341,94,200905
341,82,200905
341,83,200905
341,78,200905
341,75,200905
341,46,200905
341,294,200905
341,97,200905
341,375,200905
341,137,200905
341,160,200905
341,25,200905
342,178,200905
342,58,200905
342,208,200905
342,355,200905
342,124,200905
342,167,200905
342,495,200905
342,85,200905
342,278,200905
342,31,200905
342,1147,200905
342,341,200905
342,46,200905
342,97,200905
344,149,200905
344,137,200905
345,209,200905
345,299,200905
345,136,200905
345,23,200905
345,17,200905
346,784,200905
346,408,200905
346,265,200905
346,22,200905
346,147,200905
346,132,200905
346,15,200905
346,344,200905
346,122,200905
346,177,200905
346,165,200905
346,72,200905
346,61,200905
346,96,200905
346,292,200905
346,188,200905
346,54,200905
346,24,200905
346,144,200905
346,148,200905
346,70,200905
346,103,200905
346,233,200905
346,335,200905
346,9,200905
346,116,200905
346,66,200905
346,51,200905
346,159,200905
346,46,200905
346,44,200905
346,145,200905
346,969,200905
346,93,200905
346,863,200905
346,160,200905
346,483,200905
346,62,200905
346,31,200905
346,0,200905
346,21,200905
346,175,200905
346,12,200905
346,149,200905
346,25,200905
346,5,200905
346,32,200905
346,274,200905
346,16,200905
346,137,200905
346,47,200905
346,101,200905
346,537,200905
346,261,200905
346,150,200905
346,4,200905
346,443,200905
346,136,200905
346,163,200905
346,74,200905
346,222,200905
346,131,200905
346,28,200905
346,138,200905
346,34,200905
346,18,200905
348,23,200905
348,17,200905
349,102,200905
349,208,200905
349,444,200905
349,313,200905
349,1674,200905
349,297,200905
349,13,200905
351,554,200905
351,607,200905
351,225,200905
351,196,200905
351,606,200905
351,660,200905
351,574,200905
351,572,200905
351,679,200905
351,352,200905
351,110,200905
351,589,200905
351,226,200905
351,498,200905
351,587,200905
351,713,200905
351,604,200905
351,838,200905
351,564,200905
351,586,200905
351,590,200905
351,1140,200905
351,319,200905
351,760,200905
351,573,200905
352,621,200905
352,425,200905
352,532,200905
352,622,200905
352,110,200905
352,579,200905
352,623,200905
352,625,200905
352,626,200905
352,565,200905
352,196,200905
352,564,200905
352,351,200905
352,484,200905
352,678,200905
352,805,200905
352,477,200905
352,694,200905
352,693,200905
352,424,200905
352,573,200905
352,225,200905
353,17,200905
354,1391,200905
354,138,200905
355,163,200905
355,154,200905
355,102,200905
355,77,200905
355,14,200905
355,101,200905
355,155,200905
355,160,200905
355,138,200905
355,136,200905
355,146,200905
355,25,200905
355,46,200905
355,137,200905
355,97,200905
357,172,200905
357,1129,200905
357,173,200905
358,136,200905
359,136,200905
360,180,200905
361,136,200905
362,27,200905
362,40,200905
362,1147,200905
362,178,200905
362,32,200905
362,19,200905
362,16,200905
363,196,200905
363,366,200905
364,196,200905
364,366,200905
364,402,200905
364,365,200905
364,712,200905
364,551,200905
365,364,200905
365,712,200905
365,366,200905
365,196,200905
365,418,200905
365,400,200905
366,365,200905
366,196,200905
366,400,200905
366,110,200905
366,402,200905
366,489,200905
366,695,200905
366,712,200905
366,363,200905
366,551,200905
366,364,200905
367,196,200905
367,366,200905
367,712,200905
367,1036,200905
368,136,200905
368,27,200905
369,60,200905
369,14,200905
370,60,200905
371,25,200905
371,136,200905
372,147,200905
372,67,200905
372,1169,200905
372,136,200905
372,11,200905
373,722,200905
373,64,200905
374,281,200905
374,64,200905
375,108,200905
375,19,200905
375,143,200905
375,100,200905
375,139,200905
375,16,200905
375,274,200905
375,104,200905
375,1144,200905
375,5,200905
375,6,200905
375,14,200905
375,26,200905
375,1147,200905
375,278,200905
375,140,200905
375,141,200905
375,65,200905
375,15,200905
375,76,200905
375,132,200905
375,815,200905
375,138,200905
375,66,200905
375,95,200905
375,175,200905
375,181,200905
375,154,200905
375,224,200905
375,159,200905
375,79,200905
375,341,200905
375,62,200905
375,57,200905
375,101,200905
377,196,200905
377,475,200905
377,472,200905
377,378,200905
377,225,200905
377,1241,200905
377,400,200905
377,412,200905
377,712,200905
378,475,200905
378,196,200905
378,412,200905
378,225,200905
379,160,200905
381,142,200905
381,1086,200905
381,16,200905
383,667,200905
383,712,200905
384,27,200905
385,72,200905
385,2,200905
385,25,200905
387,176,200905
387,19,200905
388,27,200905
389,138,200905
390,25,200905
390,137,200905
391,57,200905
393,342,200905
393,339,200905
393,93,200905
393,35,200905
393,25,200905
393,160,200905
393,137,200905
393,97,200905
394,154,200905
395,17,200905
398,16,200905
398,97,200905
400,377,200905
400,196,200905
400,365,200905
400,547,200905
400,366,200905
401,339,200905
401,124,200905
401,143,200905
401,9,200905
401,52,200905
401,192,200905
401,29,200905
402,365,200905
402,364,200905
402,366,200905
402,196,200905
407,61,200905
407,43,200905
407,18,200905
408,15,200905
408,346,200905
408,18,200905
409,367,200905
409,196,200905
410,18,200905
412,196,200905
412,110,200905
412,377,200905
412,489,200905
412,378,200905
413,18,200905
415,61,200905
415,804,200905
415,136,200905
415,18,200905
416,18,200905
418,409,200905
418,366,200905
420,141,200905
420,32,200905
421,1657,200905
422,440,200905
422,54,200905
422,18,200905
423,909,200905
423,18,200905
424,478,200905
424,506,200905
424,469,200905
424,110,200905
424,623,200905
424,425,200905
424,579,200905
424,532,200905
424,352,200905
424,477,200905
424,196,200905
424,476,200905
425,476,200905
425,794,200905
425,424,200905
425,196,200905
425,478,200905
425,506,200905
425,110,200905
425,535,200905
425,352,200905
426,18,200905
426,737,200905
426,234,200905
427,306,200905
427,110,200905
427,127,200905
427,4,200905
427,109,200905
427,128,200905
427,196,200905
427,612,200905
427,614,200905
427,616,200905
427,567,200905
427,734,200905
427,680,200905
427,610,200905
429,181,200905
429,546,200905
429,45,200905
429,32,200905
430,54,200905
430,1205,200905
430,443,200905
430,18,200905
431,247,200905
431,960,200905
432,298,200905
432,18,200905
433,117,200905
433,19,200905
433,18,200905
433,17,200905
433,97,200905
433,31,200905
433,137,200905
433,20,200905
433,154,200905
433,1,200905
433,29,200905
433,35,200905
433,32,200905
433,110,200905
433,136,200905
433,14,200905
433,6,200905
433,160,200905
433,59,200905
433,13,200905
433,175,200905
433,25,200905
433,247,200905
433,76,200905
433,27,200905
434,1250,200905
434,320,200905
435,13,200905
435,41,200905
435,160,200905
435,14,200905
435,97,200905
436,234,200905
436,410,200905
436,18,200905
440,276,200905
440,54,200905
440,814,200905
440,18,200905
440,32,200905
443,430,200905
443,346,200905
443,18,200905
444,1194,200905
444,41,200905
444,16,200905
444,101,200905
444,120,200905
444,46,200905
444,931,200905
444,282,200905
444,1766,200905
444,10,200905
444,1627,200905
444,38,200905
444,64,200905
444,40,200905
444,180,200905
444,77,200905
444,176,200905
444,349,200905
444,52,200905
444,83,200905
444,549,200905
444,45,200905
444,320,200905
444,297,200905
445,178,200905
445,46,200905
447,196,200905
447,448,200905
447,489,200905
448,196,200905
448,479,200905
448,447,200905
448,400,200905
449,549,200905
449,64,200905
452,97,200905
455,143,200905
455,375,200905
455,512,200905
455,41,200905
455,36,200905
455,97,200905
457,65,200905
457,752,200905
457,23,200905
457,1227,200905
457,131,200905
457,666,200905
458,97,200905
458,46,200905
463,120,200905
463,143,200905
463,135,200905
465,319,200905
465,110,200905
465,527,200905
465,604,200905
465,576,200905
465,643,200905
465,586,200905
465,230,200905
465,231,200905
465,575,200905
465,232,200905
465,226,200905
465,639,200905
465,196,200905
469,273,200905
469,477,200905
469,476,200905
469,424,200905
470,472,200905
470,475,200905
470,196,200905
470,377,200905
470,471,200905
470,225,200905
471,475,200905
471,573,200905
471,640,200905
471,472,200905
471,636,200905
471,596,200905
471,196,200905
471,470,200905
471,229,200905
471,225,200905
472,225,200905
472,377,200905
472,196,200905
472,475,200905
472,412,200905
473,110,200905
473,556,200905
473,474,200905
473,559,200905
473,186,200905
474,525,200905
474,110,200905
474,185,200905
474,825,200905
474,186,200905
474,651,200905
474,236,200905
474,1019,200905
474,665,200905
474,650,200905
474,559,200905
474,897,200905
474,997,200905
474,922,200905
474,473,200905
474,630,200905
475,471,200905
475,196,200905
475,225,200905
475,470,200905
475,472,200905
475,378,200905
476,196,200905
476,532,200905
476,110,200905
476,252,200905
476,469,200905
476,477,200905
476,424,200905
477,476,200905
477,352,200905
477,532,200905
477,424,200905
478,110,200905
478,196,200905
478,506,200905
478,424,200905
478,425,200905
479,196,200905
479,448,200905
479,447,200905
480,537,200905
480,27,200905
480,136,200905
482,14,200905
482,1194,200905
482,83,200905
482,31,200905
482,45,200905
482,543,200905
482,125,200905
482,75,200905
482,129,200905
482,342,200905
482,57,200905
482,13,200905
482,85,200905
482,64,200905
482,675,200905
483,149,200905
483,85,200905
483,346,200905
483,1169,200905
483,137,200905
484,351,200905
484,352,200905
484,621,200905
484,625,200905
484,579,200905
484,626,200905
484,694,200905
485,65,200905
489,196,200905
489,447,200905
489,412,200905
489,448,200905
490,931,200905
490,752,200905
490,136,200905
490,27,200905
492,136,200905
493,28,200905
493,17,200905
495,167,200905
495,1147,200905
495,1169,200905
495,138,200905
495,97,200905
495,25,200905
495,137,200905
496,9,200905
496,389,200905
496,294,200905
497,752,200905
498,660,200905
498,607,200905
498,351,200905
501,138,200905
501,143,200905
501,23,200905
501,20,200905
501,132,200905
501,107,200905
502,12,200905
502,728,200905
502,1169,200905
502,136,200905
504,196,200905
504,366,200905
506,478,200905
506,424,200905
506,196,200905
506,425,200905
510,160,200905
510,97,200905
512,0,200905
512,455,200905
512,80,200905
512,160,200905
515,1109,200905
516,196,200905
517,27,200905
519,143,200905
519,274,200905
522,154,200905
523,1086,200905
523,1022,200905
523,16,200905
525,236,200905
525,110,200905
525,683,200905
525,584,200905
525,851,200905
525,716,200905
525,726,200905
525,847,200905
525,583,200905
525,1239,200905
525,1380,200905
525,932,200905
525,725,200905
525,1427,200905
525,1089,200905
525,839,200905
525,582,200905
525,961,200905
525,962,200905
525,185,200905
525,1030,200905
525,1019,200905
525,1087,200905
525,627,200905
526,196,200905
526,110,200905
527,604,200905
527,576,200905
527,226,200905
527,231,200905
527,575,200905
527,586,200905
527,465,200905
527,232,200905
528,196,200905
530,310,200905
532,476,200905
532,110,200905
532,352,200905
532,477,200905
532,622,200905
532,623,200905
532,424,200905
534,1194,200905
534,83,200905
535,196,200905
536,299,200905
536,23,200905
537,136,200905
540,97,200905
542,731,200905
543,935,200905
543,6,200905
543,160,200905
544,966,200905
544,98,200905
544,106,200905
544,41,200905
544,342,200905
544,31,200905
544,140,200905
544,120,200905
544,97,200905
544,135,200905
544,17,200905
544,6,200905
544,32,200905
544,154,200905
544,26,200905
544,18,200905
544,146,200905
544,136,200905
544,29,200905
544,46,200905
544,160,200905
544,25,200905
544,137,200905
545,197,200905
545,32,200905
546,181,200905
546,545,200905
546,32,200905
547,196,200905
548,11,200905
548,10,200905
549,449,200905
549,40,200905
549,444,200905
549,64,200905
551,196,200905
551,364,200905
551,712,200905
551,366,200905
552,25,200905
552,5,200905
552,115,200905
552,2,200905
552,48,200905
552,85,200905
552,72,200905
552,34,200905
552,9,200905
552,17,200905
552,97,200905
552,29,200905
554,351,200905
554,587,200905
554,110,200905
555,186,200905
556,473,200905
556,186,200905
558,560,200905
558,186,200905
559,922,200905
559,473,200905
559,474,200905
559,186,200905
560,558,200905
560,474,200905
560,186,200905
560,605,200905
561,560,200905
561,186,200905
563,612,200905
563,567,200905
563,611,200905
563,618,200905
563,569,200905
563,570,200905
563,688,200905
563,610,200905
563,733,200905
563,614,200905
563,568,200905
563,616,200905
563,566,200905
563,617,200905
563,1150,200905
563,306,200905
563,734,200905
563,615,200905
563,674,200905
563,680,200905
563,610,200905
563,612,200905
563,616,200905
563,614,200905
564,352,200905
564,694,200905
564,565,200905
565,351,200905
565,579,200905
565,694,200905
565,352,200905
565,564,200905
566,563,200905
566,569,200905
567,563,200905
567,427,200905
568,563,200905
569,563,200905
569,566,200905
570,563,200905
570,948,200905
570,566,200905
571,232,200905
572,573,200905
572,590,200905
572,351,200905
572,574,200905
572,589,200905
572,226,200905
573,226,200905
573,590,200905
573,589,200905
573,572,200905
573,351,200905
574,351,200905
574,590,200905
574,589,200905
574,226,200905
574,586,200905
574,572,200905
575,231,200905
575,232,200905
575,586,200905
575,602,200905
575,576,200905
575,226,200905
575,643,200905
575,465,200905
575,639,200905
575,527,200905
575,644,200905
575,603,200905
575,319,200905
575,599,200905
576,604,200905
576,575,200905
576,319,200905
576,232,200905
576,465,200905
577,196,200905
578,196,200905
579,352,200905
579,351,200905
579,484,200905
579,378,200905
579,694,200905
579,805,200905
579,621,200905
579,626,200905
579,625,200905
582,525,200905
583,525,200905
584,525,200905
585,525,200905
586,590,200905
586,573,200905
586,231,200905
586,319,200905
586,575,200905
586,527,200905
586,351,200905
586,226,200905
587,554,200905
587,351,200905
588,34,200905
588,368,200905
588,107,200905
588,27,200905
588,136,200905
589,590,200905
589,594,200905
589,226,200905
589,574,200905
589,573,200905
589,351,200905
589,572,200905
590,1140,200905
590,255,200905
590,574,200905
590,572,200905
590,604,200905
590,579,200905
590,589,200905
590,351,200905
590,573,200905
590,226,200905
591,232,200905
591,260,200905
591,253,200905
591,258,200905
591,700,200905
591,255,200905
591,257,200905
592,109,200905
593,724,200905
593,109,200905
593,628,200905
594,230,200905
594,232,200905
594,636,200905
594,196,200905
594,596,200905
594,640,200905
595,196,200905
596,110,200905
596,603,200905
596,225,200905
596,471,200905
596,636,200905
596,640,200905
596,196,200905
596,232,200905
596,594,200905
596,230,200905
597,232,200905
597,624,200905
597,601,200905
597,259,200905
597,260,200905
597,670,200905
597,664,200905
597,658,200905
598,571,200905
598,232,200905
599,232,200905
599,605,200905
599,643,200905
599,231,200905
599,576,200905
599,664,200905
599,644,200905
599,229,200905
599,527,200905
599,575,200905
600,230,200905
600,232,200905
600,110,200905
600,229,200905
600,252,200905
600,639,200905
601,232,200905
601,664,200905
601,263,200905
601,597,200905
601,259,200905
601,255,200905
601,256,200905
601,258,200905
601,602,200905
601,260,200905
602,670,200905
602,659,200905
602,232,200905
602,575,200905
602,258,200905
602,273,200905
602,601,200905
603,232,200905
603,664,200905
603,230,200905
603,527,200905
603,643,200905
603,575,200905
603,639,200905
603,231,200905
604,226,200905
604,351,200905
604,232,200905
604,465,200905
604,527,200905
604,586,200905
604,574,200905
604,576,200905
604,575,200905
604,110,200905
605,599,200905
605,232,200905
605,465,200905
605,319,200905
605,644,200905
605,658,200905
605,560,200905
606,679,200905
606,660,200905
606,351,200905
607,606,200905
607,351,200905
607,196,200905
607,679,200905
607,498,200905
607,760,200905
607,110,200905
607,660,200905
610,563,200905
610,615,200905
610,427,200905
611,563,200905
612,563,200905
612,427,200905
613,593,200905
614,563,200905
614,427,200905
614,948,200905
615,563,200905
615,610,200905
616,563,200905
616,427,200905
617,563,200905
618,563,200905
620,186,200905
621,196,200905
621,352,200905
621,622,200905
621,351,200905
621,484,200905
621,625,200905
621,579,200905
621,694,200905
621,225,200905
622,352,200905
622,623,200905
622,694,200905
623,352,200905
623,622,200905
623,694,200905
623,532,200905
624,259,200905
624,661,200905
624,260,200905
624,664,200905
624,658,200905
624,273,200905
624,659,200905
624,670,200905
624,232,200905
625,352,200905
625,678,200905
625,484,200905
625,626,200905
625,694,200905
625,621,200905
625,579,200905
626,352,200905
626,621,200905
626,678,200905
626,484,200905
626,694,200905
626,625,200905
626,579,200905
627,236,200905
627,110,200905
627,1142,200905
627,1218,200905
627,1163,200905
627,997,200905
627,1263,200905
627,712,200905
627,1891,200905
627,649,200905
627,695,200905
627,230,200905
627,525,200905
627,648,200905
627,646,200905
628,629,200905
628,109,200905
628,593,200905
629,628,200905
629,109,200905
630,186,200905
630,665,200905
630,110,200905
630,474,200905
632,110,200905
633,676,200905
633,110,200905
633,305,200905
633,4,200905
633,109,200905
634,230,200905
634,232,200905
634,635,200905
635,230,200905
635,641,200905
635,642,200905
635,638,200905
635,232,200905
635,634,200905
635,600,200905
636,110,200905
636,471,200905
636,225,200905
636,640,200905
636,594,200905
636,596,200905
636,230,200905
637,229,200905
638,230,200905
638,635,200905
638,232,200905
638,229,200905
639,232,200905
639,230,200905
639,231,200905
639,465,200905
639,596,200905
639,225,200905
639,602,200905
639,575,200905
639,603,200905
639,600,200905
640,196,200905
640,110,200905
640,225,200905
640,471,200905
640,230,200905
640,229,200905
640,596,200905
640,636,200905
640,594,200905
641,230,200905
641,110,200905
641,232,200905
641,635,200905
641,600,200905
641,638,200905
641,1268,200905
642,230,200905
642,641,200905
643,319,200905
643,527,200905
643,465,200905
643,603,200905
643,232,200905
643,575,200905
643,231,200905
644,232,200905
644,599,200905
644,643,200905
644,604,200905
644,605,200905
644,231,200905
644,664,200905
644,575,200905
646,649,200905
646,648,200905
646,627,200905
647,841,200905
647,765,200905
647,719,200905
647,1002,200905
648,649,200905
648,646,200905
648,627,200905
649,648,200905
649,1891,200905
649,627,200905
649,646,200905
650,997,200905
650,474,200905
651,474,200905
651,110,200905
652,14,200905
652,10,200905
652,1,200905
655,109,200905
656,947,200905
656,200,200905
656,697,200905
656,657,200905
656,185,200905
657,937,200905
657,698,200905
657,697,200905
657,200,200905
657,185,200905
658,597,200905
658,601,200905
658,624,200905
658,670,200905
658,232,200905
658,664,200905
658,605,200905
659,232,200905
659,260,200905
659,602,200905
659,273,200905
659,664,200905
659,253,200905
659,259,200905
659,258,200905
659,624,200905
660,351,200905
660,606,200905
660,607,200905
660,498,200905
660,679,200905
661,232,200905
661,260,200905
661,664,200905
663,229,200905
664,232,200905
664,659,200905
664,258,200905
664,601,200905
664,273,200905
664,661,200905
664,658,200905
664,624,200905
664,597,200905
664,670,200905
665,627,200905
665,651,200905
665,630,200905
665,474,200905
665,229,200905
666,341,200905
666,110,200905
667,383,200905
667,857,200905
667,196,200905
669,229,200905
669,110,200905
670,232,200905
670,658,200905
670,602,200905
670,624,200905
670,664,200905
671,36,200905
671,137,200905
674,563,200905
675,16,200905
675,59,200905
675,35,200905
675,241,200905
675,482,200905
675,1194,200905
676,109,200905
676,110,200905
676,677,200905
677,109,200905
677,676,200905
678,352,200905
678,579,200905
678,625,200905
678,626,200905
678,694,200905
678,621,200905
679,351,200905
679,660,200905
680,427,200905
680,563,200905
681,196,200905
681,504,200905
683,525,200905
684,110,200905
688,563,200905
693,352,200905
694,425,200905
694,110,200905
694,622,200905
694,352,200905
694,625,200905
694,678,200905
694,565,200905
694,564,200905
694,626,200905
694,621,200905
694,579,200905
694,623,200905
694,484,200905
695,252,200905
695,366,200905
695,229,200905
696,190,200905
696,185,200905
697,657,200905
697,937,200905
697,656,200905
697,185,200905
698,200,200905
698,926,200905
698,947,200905
698,185,200905
700,232,200905
700,257,200905
700,591,200905
703,95,200905
703,858,200905
703,730,200905
703,64,200905
705,196,200905
706,751,200905
706,136,200905
710,35,200905
710,36,200905
710,1147,200905
710,346,200905
712,196,200905
712,489,200905
712,627,200905
712,383,200905
712,366,200905
712,229,200905
712,365,200905
712,472,200905
712,377,200905
712,225,200905
712,364,200905
713,351,200905
715,110,200905
716,525,200905
717,833,200905
719,647,200905
722,373,200905
722,64,200905
723,109,200905
724,593,200905
724,109,200905
725,525,200905
728,502,200905
728,12,200905
728,1169,200905
728,27,200905
728,10,200905
729,109,200905
730,703,200905
730,64,200905
731,25,200905
731,57,200905
731,542,200905
732,138,200905
733,563,200905
734,563,200905
736,761,200905
736,21,200905
736,832,200905
736,745,200905
736,20,200905
737,18,200905
738,123,200905
738,234,200905
738,982,200905
738,762,200905
738,136,200905
739,143,200905
739,60,200905
739,83,200905
740,85,200905
740,483,200905
741,295,200905
741,795,200905
741,51,200905
741,20,200905
744,99,200905
744,97,200905
744,46,200905
745,5,200905
745,21,200905
745,755,200905
746,6,200905
746,59,200905
747,748,200905
747,1439,200905
747,222,200905
747,1424,200905
747,1421,200905
747,1422,200905
747,247,200905
748,222,200905
748,747,200905
748,247,200905
748,1421,200905
749,348,200905
750,210,200905
751,706,200905
751,136,200905
752,834,200905
752,968,200905
752,136,200905
752,27,200905
752,457,200905
753,84,200905
753,754,200905
753,136,200905
753,30,200905
754,136,200905
754,30,200905
755,21,200905
756,96,200905
757,96,200905
760,606,200905
760,351,200905
761,21,200905
761,755,200905
761,736,200905
761,866,200905
761,51,200905
761,11,200905
761,17,200905
761,20,200905
762,122,200905
762,234,200905
762,783,200905
762,738,200905
762,136,200905
764,23,200905
765,647,200905
766,13,200905
768,769,200905
768,48,200905
769,48,200905
769,75,200905
769,39,200905
769,134,200905
769,139,200905
769,46,200905
769,108,200905
769,97,200905
769,35,200905
770,89,200905
770,323,200905
770,1408,200905
770,7,200905
772,60,200905
774,1422,200905
774,1424,200905
775,136,200905
776,783,200905
776,30,200905
777,96,200905
777,299,200905
778,89,200905
780,1193,200905
781,10,200905
781,548,200905
781,11,200905
781,17,200905
783,776,200905
783,762,200905
783,30,200905
783,136,200905
784,1,200905
785,14,200905
785,322,200905
786,898,200905
786,367,200905
786,917,200905
786,110,200905
789,110,200905
794,425,200905
795,184,200905
795,33,200905
796,210,200905
797,97,200905
797,46,200905
799,14,200905
799,46,200905
799,19,200905
801,165,200905
801,96,200905
804,136,200905
805,352,200905
805,579,200905
806,49,200905
806,69,200905
807,3,200905
808,110,200905
808,290,200905
813,76,200905
813,41,200905
813,24,200905
813,46,200905
813,97,200905
814,430,200905
814,54,200905
814,440,200905
814,18,200905
814,32,200905
815,126,200905
815,6,200905
815,180,200905
815,320,200905
815,13,200905
815,375,200905
815,266,200905
815,48,200905
817,5,200905
817,23,200905
818,230,200905
819,5,200905
819,51,200905
819,10,200905
819,4,200905
819,17,200905
824,229,200905
825,474,200905
826,210,200905
826,998,200905
828,7,200905
830,110,200905
832,21,200905
832,20,200905
833,717,200905
834,490,200905
834,27,200905
834,136,200905
838,351,200905
839,525,200905
840,109,200905
841,647,200905
842,51,200905
842,295,200905
843,4,200905
843,1424,200905
843,247,200905
847,525,200905
847,1087,200905
847,1030,200905
847,961,200905
851,525,200905
857,667,200905
858,703,200905
860,1958,200905
860,9,200905
860,341,200905
860,75,200905
860,46,200905
860,19,200905
860,60,200905
860,26,200905
860,13,200905
860,97,200905
862,728,200905
862,12,200905
862,136,200905
863,23,200905
863,346,200905
863,10,200905
863,17,200905
864,109,200905
866,21,200905
866,761,200905
866,51,200905
866,17,200905
866,20,200905
867,235,200905
871,314,200905
871,160,200905
875,6,200905
875,59,200905
878,891,200905
878,136,200905
882,110,200905
886,196,200905
886,786,200905
886,110,200905
888,266,200905
889,180,200905
891,878,200905
891,136,200905
893,40,200905
896,208,200905
896,13,200905
897,696,200905
897,190,200905
898,786,200905
899,180,200905
900,9,200905
900,97,200905
906,23,200905
906,165,200905
906,51,200905
906,17,200905
906,20,200905
906,1,200905
908,234,200905
908,18,200905
909,18,200905
913,109,200905
914,138,200905
917,196,200905
917,786,200905
920,190,200905
920,897,200905
920,1183,200905
922,185,200905
922,186,200905
922,474,200905
925,229,200905
925,110,200905
926,185,200905
931,444,200905
931,13,200905
932,525,200905
935,543,200905
935,160,200905
937,110,200905
937,697,200905
937,656,200905
937,200,200905
937,657,200905
937,185,200905
941,299,200905
941,210,200905
941,136,200905
941,1,200905
941,1057,200905
947,656,200905
947,698,200905
947,200,200905
947,185,200905
948,570,200905
948,614,200905
948,127,200905
960,355,200905
960,114,200905
961,1087,200905
961,847,200905
961,525,200905
962,839,200905
962,1089,200905
962,525,200905
968,27,200905
968,136,200905
969,346,200905
969,10,200905
978,97,200905
979,793,200905
979,1424,200905
979,1422,200905
981,136,200905
982,738,200905
982,136,200905
995,13,200905
996,1118,200905
996,13,200905
997,185,200905
997,922,200905
997,630,200905
997,474,200905
998,210,200905
998,826,200905
1000,195,200905
1002,647,200905
1010,210,200905
1011,186,200905
1015,136,200905
1016,185,200905
1016,186,200905
1019,665,200905
1019,1027,200905
1019,186,200905
1020,14,200905
1020,266,200905
1022,523,200905
1022,16,200905
1026,185,200905
1027,185,200905
1028,196,200905
1030,1087,200905
1030,1239,200905
1030,847,200905
1030,525,200905
1036,196,200905
1039,789,200905
1045,142,200905
1045,178,200905
1052,97,200905
1056,235,200905
1057,1010,200905
1057,210,200905
1057,941,200905
1065,97,200905
1065,16,200905
1070,4,200905
1079,245,200905
1086,381,200905
1086,16,200905
1087,1239,200905
1087,847,200905
1087,1030,200905
1087,525,200905
1088,14,200905
1088,1413,200905
1089,961,200905
1089,525,200905
1089,962,200905
1090,136,200905
1090,30,200905
1099,339,200905
1099,282,200905
1099,401,200905
1103,8,200905
1103,7,200905
1112,229,200905
1115,35,200905
1118,996,200905
1118,13,200905
1129,173,200905
1129,129,200905
1129,357,200905
1130,297,200905
1131,48,200905
1132,196,200905
1134,196,200905
1134,110,200905
1139,53,200905
1140,351,200905
1142,627,200905
1144,16,200905
1144,29,200905
1144,14,200905
1144,25,200905
1144,136,200905
1144,27,200905
1144,154,200905
1144,146,200905
1144,26,200905
1144,121,200905
1144,18,200905
1144,135,200905
1147,25,200905
1147,40,200905
1147,97,200905
1147,100,200905
1147,178,200905
1147,46,200905
1147,93,200905
1147,151,200905
1147,39,200905
1147,80,200905
1147,266,200905
1147,224,200905
1147,117,200905
1147,244,200905
1147,495,200905
1147,48,200905
1147,362,200905
1147,316,200905
1147,29,200905
1147,2,200905
1147,159,200905
1147,155,200905
1147,710,200905
1147,57,200905
1147,137,200905
1147,79,200905
1147,94,200905
1147,66,200905
1147,14,200905
1147,335,200905
1147,152,200905
1147,65,200905
1147,27,200905
1147,375,200905
1147,101,200905
1147,75,200905
1147,728,200905
1147,32,200905
1147,16,200905
1147,74,200905
1147,139,200905
1147,384,200905
1147,76,200905
1147,141,200905
1147,135,200905
1147,47,200905
1147,18,200905
1147,63,200905
1147,77,200905
1147,83,200905
1147,278,200905
1150,563,200905
1150,427,200905
1153,59,200905
1161,35,200905
1161,59,200905
1163,627,200905
1167,274,200905
1169,372,200905
1169,228,200905
1169,33,200905
1169,502,200905
1169,214,200905
1169,122,200905
1169,265,200905
1169,147,200905
1169,221,200905
1169,166,200905
1169,728,200905
1169,92,200905
1169,69,200905
1169,317,200905
1169,84,200905
1169,53,200905
1169,220,200905
1169,47,200905
1169,136,200905
1169,30,200905
1169,274,200905
1169,495,200905
1169,85,200905
1169,238,200905
1169,93,200905
1169,234,200905
1169,483,200905
1169,51,200905
1169,233,200905
1169,18,200905
1169,2,200905
1169,222,200905
1180,54,200905
1183,897,200905
1183,920,200905
1183,190,200905
1190,137,200905
1193,780,200905
1193,860,200905
1193,45,200905
1193,208,200905
1194,83,200905
1194,482,200905
1194,444,200905
1194,101,200905
1194,108,200905
1194,100,200905
1194,16,200905
1194,120,200905
1194,675,200905
1195,35,200905
1196,842,200905
1196,51,200905
1205,430,200905
1205,54,200905
1207,110,200905
1207,185,200905
1207,645,200905
1209,38,200905
1218,627,200905
1225,1226,200905
1227,10,200905
1227,346,200905
1227,107,200905
1227,207,200905
1227,90,200905
1227,1295,200905
1227,160,200905
1227,214,200905
1227,84,200905
1227,33,200905
1227,184,200905
1227,111,200905
1227,222,200905
1227,122,200905
1227,104,200905
1227,138,200905
1227,30,200905
1227,159,200905
1227,164,200905
1227,61,200905
1227,15,200905
1227,265,200905
1228,27,200905
1233,279,200905
1233,5,200905
1236,1,200905
1236,1107,200905
1236,784,200905
1236,294,200905
1239,1087,200905
1239,525,200905
1241,230,200905
1241,231,200905
1241,377,200905
1241,196,200905
1241,232,200905
1250,266,200905
1250,482,200905
1250,434,200905
1250,320,200905
1250,171,200905
1250,334,200905
1250,57,200905
1250,101,200905
1254,208,200905
1258,137,200905
1258,18,200905
1258,54,200905
1258,97,200905
1259,1286,200905
1263,627,200905
1268,230,200905
1268,600,200905
1268,635,200905
1268,634,200905
1269,96,200905
1282,998,200905
1283,187,200905
1284,444,200905
1286,1259,200905
1295,100,200905
1314,261,200905
1319,51,200905
1324,1422,200905
1324,1424,200905
1324,810,200905
1329,389,200905
1355,1,200905
1380,525,200905
1381,235,200905
1391,354,200905
1395,1422,200905
1408,770,200905
1408,89,200905
1413,1088,200905
1417,13,200905
1421,748,200905
1421,747,200905
1422,1424,200905
1422,1439,200905
1422,774,200905
1422,1324,200905
1422,1395,200905
1422,1438,200905
1422,1450,200905
1422,979,200905
1422,747,200905
1424,1422,200905
1424,1890,200905
1424,979,200905
1424,843,200905
1424,1324,200905
1424,747,200905
1424,1438,200905
1424,1439,200905
1424,1450,200905
1424,774,200905
1431,208,200905
1438,222,200905
1438,1422,200905
1438,1424,200905
1439,1422,200905
1439,1424,200905
1441,277,200905
1450,1422,200905
1450,1424,200905
1456,138,200905
1482,27,200905
1482,154,200905
1547,666,200905
1580,154,200905
1587,242,200905
1594,947,200905
1594,185,200905
1604,196,200905
1627,297,200905
1627,444,200905
1674,349,200905
1674,297,200905
1701,185,200905
1745,115,200905
1766,444,200905
1794,165,200905
1794,96,200905
1815,1904,200905
1890,1424,200905
1891,627,200905
1900,117,200905
1904,1815,200905
2114,208,200905
