i,j,t
0,98,200805
0,433,200805
0,160,200805
0,154,200805
0,81,200805
0,167,200805
0,137,200805
0,143,200805
0,25,200805
0,180,200805
0,278,200805
0,83,200805
0,6,200805
0,176,200805
0,69,200805
0,35,200805
0,84,200805
0,22,200805
0,93,200805
0,112,200805
0,142,200805
0,12,200805
0,16,200805
0,20,200805
0,52,200805
0,32,200805
0,4,200805
0,11,200805
0,9,200805
0,115,200805
0,29,200805
0,17,200805
0,149,200805
0,107,200805
0,76,200805
0,51,200805
0,155,200805
0,165,200805
0,99,200805
0,27,200805
0,2,200805
0,146,200805
0,178,200805
0,38,200805
0,133,200805
0,21,200805
0,39,200805
0,139,200805
0,97,200805
0,119,200805
0,58,200805
0,80,200805
0,26,200805
0,96,200805
0,250,200805
0,60,200805
0,64,200805
0,100,200805
0,85,200805
0,102,200805
0,19,200805
0,136,200805
0,28,200805
0,46,200805
0,5,200805
0,18,200805
0,13,200805
0,1,200805
0,135,200805
0,48,200805
0,14,200805
0,10,200805
0,31,200805
0,108,200805
0,59,200805
0,274,200805
0,92,200805
1,914,200805
1,160,200805
1,77,200805
1,5,200805
1,143,200805
1,433,200805
1,154,200805
1,419,200805
1,136,200805
1,138,200805
1,22,200805
1,96,200805
1,37,200805
1,40,200805
1,137,200805
1,209,200805
1,27,200805
1,175,200805
1,784,200805
1,188,200805
1,23,200805
1,10,200805
1,183,200805
1,100,200805
1,2,200805
1,131,200805
1,81,200805
1,97,200805
1,54,200805
1,149,200805
1,64,200805
1,12,200805
1,14,200805
1,93,200805
1,47,200805
1,135,200805
1,99,200805
1,25,200805
1,510,200805
1,150,200805
1,53,200805
1,51,200805
1,139,200805
1,164,200805
1,17,200805
1,28,200805
1,48,200805
1,36,200805
1,38,200805
1,161,200805
1,32,200805
1,46,200805
1,299,200805
1,20,200805
1,536,200805
1,26,200805
1,83,200805
1,16,200805
1,345,200805
1,941,200805
1,1355,200805
1,157,200805
1,180,200805
1,110,200805
1,107,200805
1,119,200805
1,116,200805
1,69,200805
1,130,200805
1,115,200805
1,184,200805
1,52,200805
1,70,200805
1,11,200805
1,80,200805
1,33,200805
1,124,200805
1,261,200805
1,34,200805
1,113,200805
1,142,200805
1,132,200805
1,85,200805
1,9,200805
1,108,200805
1,0,200805
1,102,200805
1,35,200805
1,165,200805
1,133,200805
1,906,200805
1,18,200805
1,155,200805
1,146,200805
1,60,200805
1,8,200805
1,243,200805
1,211,200805
1,213,200805
1,274,200805
1,59,200805
1,189,200805
1,19,200805
1,72,200805
1,89,200805
1,121,200805
1,31,200805
1,4,200805
1,7,200805
1,6,200805
1,13,200805
1,92,200805
1,112,200805
1,21,200805
1,29,200805
2,496,200805
2,160,200805
2,385,200805
2,728,200805
2,143,200805
2,140,200805
2,452,200805
2,58,200805
2,25,200805
2,339,200805
2,552,200805
2,433,200805
2,27,200805
2,1244,200805
2,19,200805
2,138,200805
2,137,200805
2,93,200805
2,165,200805
2,83,200805
2,142,200805
2,40,200805
2,5,200805
2,60,200805
2,189,200805
2,158,200805
2,6,200805
2,126,200805
2,80,200805
2,169,200805
2,393,200805
2,32,200805
2,38,200805
2,46,200805
2,51,200805
2,48,200805
2,64,200805
2,133,200805
2,21,200805
2,45,200805
2,102,200805
2,35,200805
2,17,200805
2,11,200805
2,113,200805
2,78,200805
2,0,200805
2,99,200805
2,53,200805
2,97,200805
2,96,200805
2,10,200805
2,77,200805
2,107,200805
2,22,200805
2,81,200805
2,34,200805
2,149,200805
2,14,200805
2,155,200805
2,52,200805
2,20,200805
2,12,200805
2,23,200805
2,16,200805
2,100,200805
2,13,200805
2,115,200805
2,4,200805
2,180,200805
2,59,200805
2,124,200805
2,29,200805
2,119,200805
2,112,200805
2,116,200805
2,72,200805
2,154,200805
2,9,200805
2,136,200805
2,108,200805
2,1,200805
2,146,200805
2,18,200805
2,31,200805
2,28,200805
2,135,200805
2,92,200805
2,274,200805
3,311,200805
3,807,200805
3,69,200805
4,160,200805
4,12,200805
4,305,200805
4,427,200805
4,222,200805
4,5,200805
4,157,200805
4,77,200805
4,109,200805
4,51,200805
4,843,200805
4,110,200805
4,1070,200805
4,127,200805
4,9,200805
4,28,200805
4,40,200805
4,48,200805
4,142,200805
4,139,200805
4,180,200805
4,26,200805
4,52,200805
4,17,200805
4,0,200805
4,100,200805
4,64,200805
4,124,200805
4,19,200805
4,72,200805
4,115,200805
4,137,200805
4,133,200805
4,59,200805
4,27,200805
4,80,200805
4,76,200805
4,155,200805
4,14,200805
4,113,200805
4,61,200805
4,10,200805
4,60,200805
4,108,200805
4,97,200805
4,13,200805
4,25,200805
4,81,200805
4,8,200805
4,165,200805
4,2,200805
4,35,200805
4,633,200805
4,128,200805
4,23,200805
4,22,200805
4,306,200805
4,154,200805
4,85,200805
4,238,200805
4,268,200805
4,92,200805
4,105,200805
4,88,200805
4,274,200805
4,189,200805
4,121,200805
4,54,200805
4,317,200805
4,84,200805
4,69,200805
4,301,200805
4,300,200805
4,184,200805
4,86,200805
4,819,200805
4,223,200805
4,30,200805
4,11,200805
4,150,200805
4,31,200805
4,16,200805
4,311,200805
4,107,200805
4,243,200805
4,89,200805
4,50,200805
4,7,200805
4,46,200805
4,96,200805
4,164,200805
4,18,200805
4,214,200805
4,33,200805
4,183,200805
4,213,200805
4,20,200805
4,177,200805
4,112,200805
4,6,200805
4,99,200805
4,1,200805
4,146,200805
4,136,200805
4,21,200805
4,135,200805
4,196,200805
4,29,200805
4,32,200805
5,132,200805
5,17,200805
5,433,200805
5,160,200805
5,110,200805
5,137,200805
5,143,200805
5,18,200805
5,138,200805
5,19,200805
5,23,200805
5,39,200805
5,28,200805
5,183,200805
5,20,200805
5,77,200805
5,261,200805
5,89,200805
5,1,200805
5,10,200805
5,817,200805
5,107,200805
5,4,200805
5,11,200805
5,47,200805
5,136,200805
5,30,200805
5,552,200805
5,150,200805
5,29,200805
5,51,200805
5,6,200805
5,36,200805
5,135,200805
5,142,200805
5,116,200805
5,139,200805
5,32,200805
5,119,200805
5,93,200805
5,52,200805
5,72,200805
5,124,200805
5,105,200805
5,157,200805
5,180,200805
5,149,200805
5,102,200805
5,80,200805
5,100,200805
5,16,200805
5,14,200805
5,375,200805
5,133,200805
5,121,200805
5,9,200805
5,115,200805
5,40,200805
5,38,200805
5,274,200805
5,25,200805
5,108,200805
5,8,200805
5,64,200805
5,81,200805
5,12,200805
5,155,200805
5,13,200805
5,48,200805
5,83,200805
5,60,200805
5,0,200805
5,2,200805
5,165,200805
5,154,200805
5,22,200805
5,85,200805
5,31,200805
5,27,200805
5,69,200805
5,92,200805
5,96,200805
5,59,200805
5,113,200805
6,175,200805
6,31,200805
6,52,200805
6,137,200805
6,77,200805
6,433,200805
6,160,200805
6,176,200805
6,59,200805
6,35,200805
6,57,200805
6,110,200805
6,126,200805
6,5,200805
6,815,200805
6,29,200805
6,14,200805
6,180,200805
6,48,200805
6,64,200805
6,40,200805
6,143,200805
6,510,200805
6,17,200805
6,482,200805
6,32,200805
6,13,200805
6,132,200805
6,117,200805
6,138,200805
6,102,200805
6,129,200805
6,86,200805
6,349,200805
6,41,200805
6,16,200805
6,813,200805
6,120,200805
6,2,200805
6,18,200805
6,278,200805
6,45,200805
6,136,200805
6,1,200805
6,9,200805
6,85,200805
6,113,200805
6,242,200805
6,265,200805
6,152,200805
6,28,200805
6,4,200805
6,51,200805
6,25,200805
6,157,200805
6,21,200805
6,60,200805
6,375,200805
6,341,200805
6,12,200805
6,11,200805
6,111,200805
6,355,200805
6,746,200805
6,23,200805
6,875,200805
6,100,200805
6,46,200805
6,181,200805
6,320,200805
6,0,200805
6,38,200805
6,142,200805
6,82,200805
6,54,200805
6,146,200805
6,131,200805
6,65,200805
6,124,200805
6,114,200805
6,81,200805
6,72,200805
6,22,200805
6,97,200805
6,544,200805
6,101,200805
6,96,200805
6,172,200805
6,80,200805
6,237,200805
6,39,200805
6,76,200805
6,55,200805
6,135,200805
6,83,200805
6,24,200805
6,10,200805
6,112,200805
6,99,200805
6,108,200805
6,139,200805
6,36,200805
6,194,200805
6,154,200805
6,78,200805
6,155,200805
6,134,200805
6,27,200805
6,94,200805
6,89,200805
6,20,200805
7,17,200805
7,90,200805
7,8,200805
7,28,200805
7,89,200805
7,1408,200805
7,1103,200805
7,828,200805
7,10,200805
7,64,200805
7,770,200805
7,243,200805
7,97,200805
7,18,200805
7,136,200805
7,4,200805
7,29,200805
7,11,200805
7,137,200805
7,51,200805
7,1,200805
7,20,200805
8,28,200805
8,89,200805
8,7,200805
8,121,200805
8,23,200805
8,6,200805
8,64,200805
8,5,200805
8,18,200805
8,243,200805
8,136,200805
8,4,200805
8,29,200805
8,1,200805
8,17,200805
8,20,200805
9,27,200805
9,34,200805
9,143,200805
9,188,200805
9,160,200805
9,282,200805
9,433,200805
9,137,200805
9,72,200805
9,136,200805
9,11,200805
9,116,200805
9,96,200805
9,83,200805
9,107,200805
9,124,200805
9,261,200805
9,142,200805
9,64,200805
9,157,200805
9,327,200805
9,155,200805
9,47,200805
9,52,200805
9,39,200805
9,81,200805
9,121,200805
9,16,200805
9,341,200805
9,80,200805
9,108,200805
9,28,200805
9,102,200805
9,966,200805
9,213,200805
9,183,200805
9,5,200805
9,19,200805
9,40,200805
9,51,200805
9,97,200805
9,125,200805
9,133,200805
9,195,200805
9,93,200805
9,99,200805
9,21,200805
9,37,200805
9,496,200805
9,346,200805
9,457,200805
9,84,200805
9,23,200805
9,77,200805
9,1147,200805
9,17,200805
9,20,200805
9,914,200805
9,26,200805
9,60,200805
9,85,200805
9,31,200805
9,29,200805
9,149,200805
9,10,200805
9,0,200805
9,2,200805
9,18,200805
9,32,200805
9,25,200805
9,6,200805
9,135,200805
9,146,200805
9,154,200805
9,14,200805
9,1,200805
9,92,200805
9,274,200805
10,107,200805
10,5,200805
10,23,200805
10,781,200805
10,11,200805
10,1,200805
10,72,200805
10,14,200805
10,160,200805
10,548,200805
10,433,200805
10,143,200805
10,133,200805
10,54,200805
10,29,200805
10,97,200805
10,444,200805
10,139,200805
10,99,200805
10,85,200805
10,47,200805
10,17,200805
10,6,200805
10,96,200805
10,751,200805
10,61,200805
10,26,200805
10,142,200805
10,165,200805
10,197,200805
10,36,200805
10,136,200805
10,108,200805
10,27,200805
10,60,200805
10,25,200805
10,536,200805
10,32,200805
10,345,200805
10,48,200805
10,110,200805
10,93,200805
10,37,200805
10,178,200805
10,764,200805
10,817,200805
10,189,200805
10,2,200805
10,9,200805
10,22,200805
10,906,200805
10,184,200805
10,157,200805
10,211,200805
10,33,200805
10,213,200805
10,53,200805
10,117,200805
10,111,200805
10,125,200805
10,144,200805
10,70,200805
10,214,200805
10,105,200805
10,339,200805
10,710,200805
10,233,200805
10,66,200805
10,74,200805
10,188,200805
10,84,200805
10,819,200805
10,112,200805
10,18,200805
10,265,200805
10,177,200805
10,150,200805
10,30,200805
10,122,200805
10,164,200805
10,863,200805
10,969,200805
10,64,200805
10,15,200805
10,103,200805
10,138,200805
10,161,200805
10,104,200805
10,132,200805
10,116,200805
10,38,200805
10,100,200805
10,34,200805
10,159,200805
10,80,200805
10,13,200805
10,89,200805
10,115,200805
10,77,200805
10,124,200805
10,149,200805
10,154,200805
10,16,200805
10,52,200805
10,180,200805
10,119,200805
10,155,200805
10,102,200805
10,59,200805
10,81,200805
10,274,200805
10,51,200805
10,28,200805
10,40,200805
10,183,200805
10,4,200805
10,0,200805
10,83,200805
10,19,200805
10,121,200805
10,69,200805
10,222,200805
10,21,200805
10,12,200805
10,137,200805
10,31,200805
10,35,200805
10,92,200805
10,146,200805
10,113,200805
10,20,200805
10,46,200805
10,135,200805
11,23,200805
11,914,200805
11,433,200805
11,143,200805
11,228,200805
11,227,200805
11,5,200805
11,160,200805
11,501,200805
11,105,200805
11,183,200805
11,110,200805
11,136,200805
11,268,200805
11,112,200805
11,10,200805
11,47,200805
11,52,200805
11,906,200805
11,142,200805
11,137,200805
11,26,200805
11,139,200805
11,100,200805
11,38,200805
11,12,200805
11,121,200805
11,124,200805
11,48,200805
11,72,200805
11,652,200805
11,145,200805
11,22,200805
11,102,200805
11,85,200805
11,19,200805
11,13,200805
11,32,200805
11,77,200805
11,96,200805
11,29,200805
11,133,200805
11,154,200805
11,20,200805
11,119,200805
11,155,200805
11,74,200805
11,0,200805
11,17,200805
11,6,200805
11,108,200805
11,99,200805
11,148,200805
11,35,200805
11,2,200805
11,83,200805
11,166,200805
11,196,200805
11,221,200805
11,66,200805
11,54,200805
11,534,200805
11,113,200805
11,80,200805
11,81,200805
11,97,200805
11,165,200805
11,303,200805
11,107,200805
11,31,200805
11,21,200805
11,548,200805
11,27,200805
11,130,200805
11,274,200805
11,146,200805
11,28,200805
11,50,200805
11,92,200805
11,330,200805
11,211,200805
11,16,200805
11,40,200805
11,60,200805
11,37,200805
11,18,200805
11,1,200805
11,317,200805
11,238,200805
11,147,200805
11,295,200805
11,69,200805
11,189,200805
11,111,200805
11,150,200805
11,248,200805
11,25,200805
11,214,200805
11,184,200805
11,33,200805
11,9,200805
11,84,200805
11,59,200805
11,70,200805
11,213,200805
11,14,200805
11,781,200805
11,4,200805
11,53,200805
11,46,200805
11,88,200805
11,223,200805
11,7,200805
11,64,200805
11,164,200805
11,169,200805
11,177,200805
11,51,200805
11,30,200805
11,135,200805
11,86,200805
11,89,200805
12,132,200805
12,160,200805
12,873,200805
12,107,200805
12,27,200805
12,433,200805
12,15,200805
12,143,200805
12,29,200805
12,728,200805
12,502,200805
12,862,200805
12,269,200805
12,80,200805
12,113,200805
12,16,200805
12,769,200805
12,64,200805
12,156,200805
12,17,200805
12,155,200805
12,1,200805
12,36,200805
12,112,200805
12,99,200805
12,4,200805
12,51,200805
12,88,200805
12,76,200805
12,131,200805
12,124,200805
12,176,200805
12,81,200805
12,10,200805
12,46,200805
12,278,200805
12,362,200805
12,115,200805
12,97,200805
12,133,200805
12,100,200805
12,2,200805
12,96,200805
12,38,200805
12,121,200805
12,968,200805
12,20,200805
12,136,200805
12,137,200805
12,21,200805
12,23,200805
12,28,200805
12,13,200805
12,108,200805
12,346,200805
12,18,200805
12,26,200805
12,77,200805
12,5,200805
12,19,200805
12,6,200805
12,31,200805
12,14,200805
12,92,200805
12,274,200805
12,22,200805
12,60,200805
12,54,200805
12,11,200805
12,25,200805
12,146,200805
12,32,200805
12,154,200805
12,135,200805
13,6,200805
13,2,200805
13,77,200805
13,433,200805
13,160,200805
13,1244,200805
13,294,200805
13,117,200805
13,182,200805
13,180,200805
13,137,200805
13,38,200805
13,143,200805
13,35,200805
13,959,200805
13,175,200805
13,19,200805
13,24,200805
13,32,200805
13,54,200805
13,89,200805
13,1441,200805
13,22,200805
13,4,200805
13,17,200805
13,48,200805
13,23,200805
13,10,200805
13,155,200805
13,136,200805
13,5,200805
13,85,200805
13,40,200805
13,100,200805
13,157,200805
13,544,200805
13,18,200805
13,69,200805
13,11,200805
13,206,200805
13,112,200805
13,94,200805
13,1,200805
13,14,200805
13,20,200805
13,146,200805
13,29,200805
13,154,200805
13,59,200805
13,83,200805
13,156,200805
13,133,200805
13,26,200805
13,97,200805
13,51,200805
13,119,200805
13,28,200805
13,60,200805
13,139,200805
13,96,200805
13,16,200805
13,31,200805
13,80,200805
13,113,200805
13,178,200805
13,78,200805
13,996,200805
13,313,200805
13,815,200805
13,36,200805
13,108,200805
13,995,200805
13,896,200805
13,46,200805
13,320,200805
13,766,200805
13,208,200805
13,1118,200805
13,1417,200805
13,176,200805
13,126,200805
13,81,200805
13,129,200805
13,289,200805
13,45,200805
13,142,200805
13,64,200805
13,120,200805
13,349,200805
13,0,200805
13,297,200805
13,114,200805
13,75,200805
13,27,200805
13,860,200805
13,99,200805
13,135,200805
13,121,200805
13,25,200805
14,64,200805
14,6,200805
14,433,200805
14,482,200805
14,117,200805
14,799,200805
14,19,200805
14,160,200805
14,26,200805
14,143,200805
14,97,200805
14,48,200805
14,40,200805
14,183,200805
14,24,200805
14,77,200805
14,107,200805
14,278,200805
14,81,200805
14,155,200805
14,233,200805
14,287,200805
14,1,200805
14,137,200805
14,47,200805
14,124,200805
14,29,200805
14,39,200805
14,113,200805
14,744,200805
14,76,200805
14,78,200805
14,13,200805
14,30,200805
14,157,200805
14,31,200805
14,102,200805
14,12,200805
14,93,200805
14,17,200805
14,65,200805
14,115,200805
14,170,200805
14,108,200805
14,43,200805
14,136,200805
14,18,200805
14,149,200805
14,23,200805
14,5,200805
14,20,200805
14,129,200805
14,9,200805
14,2,200805
14,1147,200805
14,112,200805
14,28,200805
14,98,200805
14,178,200805
14,133,200805
14,4,200805
14,126,200805
14,452,200805
14,10,200805
14,146,200805
14,21,200805
14,46,200805
14,72,200805
14,82,200805
14,22,200805
14,35,200805
14,106,200805
14,51,200805
14,165,200805
14,59,200805
14,16,200805
14,55,200805
14,94,200805
14,11,200805
14,139,200805
14,154,200805
14,274,200805
14,54,200805
14,96,200805
14,85,200805
14,0,200805
14,134,200805
14,80,200805
14,27,200805
14,100,200805
14,36,200805
14,32,200805
14,92,200805
14,38,200805
14,60,200805
14,25,200805
14,83,200805
14,180,200805
14,142,200805
14,119,200805
14,135,200805
14,52,200805
15,163,200805
15,143,200805
15,160,200805
15,23,200805
15,433,200805
15,10,200805
15,77,200805
15,122,200805
15,131,200805
15,121,200805
15,81,200805
15,18,200805
15,29,200805
15,97,200805
15,266,200805
15,1227,200805
15,136,200805
15,154,200805
15,146,200805
15,32,200805
15,137,200805
16,13,200805
16,102,200805
16,59,200805
16,56,200805
16,151,200805
16,14,200805
16,77,200805
16,160,200805
16,362,200805
16,39,200805
16,143,200805
16,278,200805
16,341,200805
16,138,200805
16,274,200805
16,94,200805
16,544,200805
16,124,200805
16,5,200805
16,62,200805
16,100,200805
16,29,200805
16,38,200805
16,120,200805
16,0,200805
16,20,200805
16,25,200805
16,183,200805
16,270,200805
16,82,200805
16,224,200805
16,4,200805
16,112,200805
16,133,200805
16,21,200805
16,51,200805
16,309,200805
16,107,200805
16,83,200805
16,113,200805
16,72,200805
16,22,200805
16,17,200805
16,65,200805
16,48,200805
16,27,200805
16,108,200805
16,69,200805
16,1,200805
16,64,200805
16,76,200805
16,6,200805
16,146,200805
16,1144,200805
16,40,200805
16,24,200805
16,156,200805
16,52,200805
16,11,200805
16,96,200805
16,129,200805
16,92,200805
16,28,200805
16,178,200805
16,346,200805
16,35,200805
16,9,200805
16,18,200805
16,32,200805
16,10,200805
16,137,200805
16,46,200805
16,99,200805
16,97,200805
16,36,200805
16,126,200805
16,79,200805
16,131,200805
16,117,200805
16,175,200805
16,142,200805
16,181,200805
16,135,200805
16,81,200805
16,63,200805
16,176,200805
16,134,200805
16,45,200805
16,2,200805
16,57,200805
16,136,200805
16,19,200805
16,74,200805
16,208,200805
16,101,200805
16,375,200805
16,26,200805
16,80,200805
16,197,200805
16,55,200805
16,78,200805
16,154,200805
16,85,200805
16,182,200805
16,31,200805
16,66,200805
16,54,200805
16,139,200805
16,60,200805
16,12,200805
16,180,200805
16,155,200805
17,175,200805
17,60,200805
17,137,200805
17,19,200805
17,1039,200805
17,77,200805
17,113,200805
17,110,200805
17,433,200805
17,114,200805
17,654,200805
17,29,200805
17,51,200805
17,20,200805
17,6,200805
17,93,200805
17,160,200805
17,5,200805
17,341,200805
17,59,200805
17,35,200805
17,245,200805
17,89,200805
17,914,200805
17,121,200805
17,552,200805
17,143,200805
17,81,200805
17,13,200805
17,31,200805
17,149,200805
17,119,200805
17,107,200805
17,136,200805
17,53,200805
17,18,200805
17,115,200805
17,14,200805
17,48,200805
17,180,200805
17,142,200805
17,116,200805
17,32,200805
17,46,200805
17,10,200805
17,2,200805
17,26,200805
17,72,200805
17,183,200805
17,33,200805
17,154,200805
17,99,200805
17,54,200805
17,80,200805
17,100,200805
17,11,200805
17,9,200805
17,83,200805
17,61,200805
17,181,200805
17,52,200805
17,25,200805
17,1,200805
17,27,200805
17,16,200805
17,157,200805
17,40,200805
17,102,200805
17,69,200805
17,124,200805
17,0,200805
17,493,200805
17,12,200805
17,108,200805
17,34,200805
17,781,200805
17,4,200805
17,348,200805
17,211,200805
17,132,200805
17,353,200805
17,544,200805
17,37,200805
17,85,200805
17,129,200805
17,315,200805
17,866,200805
17,22,200805
17,214,200805
17,261,200805
17,906,200805
17,863,200805
17,395,200805
17,184,200805
17,274,200805
17,150,200805
17,761,200805
17,112,200805
17,189,200805
17,96,200805
17,819,200805
17,21,200805
17,213,200805
17,165,200805
17,8,200805
17,243,200805
17,7,200805
17,28,200805
17,64,200805
17,92,200805
17,146,200805
17,97,200805
17,135,200805
18,5,200805
18,552,200805
18,29,200805
18,69,200805
18,433,200805
18,61,200805
18,136,200805
18,175,200805
18,19,200805
18,160,200805
18,423,200805
18,166,200805
18,281,200805
18,143,200805
18,20,200805
18,39,200805
18,54,200805
18,138,200805
18,77,200805
18,4,200805
18,159,200805
18,154,200805
18,426,200805
18,120,200805
18,152,200805
18,267,200805
18,155,200805
18,81,200805
18,30,200805
18,9,200805
18,99,200805
18,1,200805
18,100,200805
18,27,200805
18,38,200805
18,96,200805
18,94,200805
18,270,200805
18,117,200805
18,135,200805
18,80,200805
18,60,200805
18,58,200805
18,108,200805
18,32,200805
18,14,200805
18,13,200805
18,17,200805
18,97,200805
18,213,200805
18,242,200805
18,15,200805
18,78,200805
18,26,200805
18,165,200805
18,107,200805
18,11,200805
18,51,200805
18,85,200805
18,31,200805
18,320,200805
18,45,200805
18,346,200805
18,909,200805
18,74,200805
18,436,200805
18,2,200805
18,908,200805
18,181,200805
18,0,200805
18,46,200805
18,131,200805
18,416,200805
18,271,200805
18,432,200805
18,62,200805
18,126,200805
18,410,200805
18,234,200805
18,233,200805
18,144,200805
18,276,200805
18,104,200805
18,147,200805
18,124,200805
18,415,200805
18,7,200805
18,174,200805
18,171,200805
18,208,200805
18,298,200805
18,110,200805
18,422,200805
18,237,200805
18,105,200805
18,101,200805
18,76,200805
18,125,200805
18,544,200805
18,66,200805
18,88,200805
18,443,200805
18,413,200805
18,111,200805
18,10,200805
18,197,200805
18,176,200805
18,84,200805
18,163,200805
18,180,200805
18,132,200805
18,16,200805
18,145,200805
18,408,200805
18,43,200805
18,137,200805
18,25,200805
18,170,200805
18,122,200805
18,407,200805
18,6,200805
18,102,200805
18,430,200805
18,40,200805
18,265,200805
18,146,200805
18,72,200805
18,34,200805
18,24,200805
18,12,200805
18,139,200805
18,223,200805
18,22,200805
18,28,200805
18,64,200805
18,142,200805
18,35,200805
18,196,200805
18,48,200805
18,164,200805
18,59,200805
18,44,200805
18,123,200805
18,86,200805
18,183,200805
18,83,200805
18,53,200805
18,112,200805
18,21,200805
18,113,200805
18,52,200805
18,89,200805
19,142,200805
19,29,200805
19,83,200805
19,170,200805
19,59,200805
19,76,200805
19,23,200805
19,155,200805
19,52,200805
19,143,200805
19,77,200805
19,13,200805
19,93,200805
19,110,200805
19,140,200805
19,32,200805
19,107,200805
19,180,200805
19,1088,200805
19,18,200805
19,40,200805
19,138,200805
19,6,200805
19,4,200805
19,433,200805
19,314,200805
19,58,200805
19,39,200805
19,46,200805
19,120,200805
19,100,200805
19,5,200805
19,160,200805
19,60,200805
19,54,200805
19,175,200805
19,97,200805
19,113,200805
19,36,200805
19,455,200805
19,112,200805
19,135,200805
19,80,200805
19,116,200805
19,20,200805
19,96,200805
19,17,200805
19,9,200805
19,149,200805
19,157,200805
19,11,200805
19,115,200805
19,108,200805
19,133,200805
19,265,200805
19,124,200805
19,51,200805
19,129,200805
19,102,200805
19,136,200805
19,171,200805
19,28,200805
19,64,200805
19,72,200805
19,14,200805
19,48,200805
19,66,200805
19,1,200805
19,79,200805
19,21,200805
19,813,200805
19,12,200805
19,165,200805
19,99,200805
19,98,200805
19,85,200805
19,278,200805
19,75,200805
19,860,200805
19,125,200805
19,181,200805
19,126,200805
19,266,200805
19,320,200805
19,0,200805
19,81,200805
19,26,200805
19,78,200805
19,208,200805
19,38,200805
19,27,200805
19,182,200805
19,172,200805
19,63,200805
19,274,200805
19,55,200805
19,45,200805
19,117,200805
19,192,200805
19,146,200805
19,119,200805
19,16,200805
19,205,200805
19,206,200805
19,375,200805
19,139,200805
19,195,200805
19,338,200805
19,387,200805
19,154,200805
19,57,200805
19,332,200805
19,101,200805
19,24,200805
19,31,200805
19,362,200805
19,277,200805
19,799,200805
19,2,200805
19,114,200805
19,134,200805
19,137,200805
19,176,200805
19,92,200805
19,25,200805
19,10,200805
19,35,200805
20,914,200805
20,138,200805
20,433,200805
20,341,200805
20,59,200805
20,110,200805
20,160,200805
20,17,200805
20,89,200805
20,9,200805
20,25,200805
20,12,200805
20,96,200805
20,72,200805
20,26,200805
20,38,200805
20,115,200805
20,13,200805
20,83,200805
20,40,200805
20,4,200805
20,1265,200805
20,102,200805
20,0,200805
20,52,200805
20,155,200805
20,180,200805
20,124,200805
20,143,200805
20,36,200805
20,48,200805
20,139,200805
20,119,200805
20,19,200805
20,32,200805
20,154,200805
20,6,200805
20,80,200805
20,137,200805
20,108,200805
20,77,200805
20,135,200805
20,136,200805
20,100,200805
20,2,200805
20,16,200805
20,54,200805
20,31,200805
20,22,200805
20,60,200805
20,165,200805
20,27,200805
20,274,200805
20,14,200805
20,99,200805
20,142,200805
20,92,200805
20,85,200805
20,736,200805
20,199,200805
20,53,200805
20,211,200805
20,11,200805
20,214,200805
20,315,200805
20,832,200805
20,213,200805
20,906,200805
20,866,200805
20,133,200805
20,18,200805
20,113,200805
20,97,200805
20,261,200805
20,150,200805
20,107,200805
20,761,200805
20,21,200805
20,51,200805
20,23,200805
20,189,200805
20,184,200805
20,183,200805
20,243,200805
20,33,200805
20,146,200805
20,64,200805
20,1,200805
20,8,200805
20,7,200805
20,28,200805
20,10,200805
20,35,200805
20,46,200805
20,29,200805
21,736,200805
21,113,200805
21,160,200805
21,761,200805
21,755,200805
21,247,200805
21,866,200805
21,745,200805
21,47,200805
21,832,200805
21,119,200805
21,116,200805
21,142,200805
21,100,200805
21,164,200805
21,60,200805
21,32,200805
21,52,200805
21,16,200805
21,155,200805
21,223,200805
21,23,200805
21,149,200805
21,80,200805
21,143,200805
21,9,200805
21,108,200805
21,99,200805
21,183,200805
21,102,200805
21,77,200805
21,40,200805
21,81,200805
21,97,200805
21,11,200805
21,115,200805
21,36,200805
21,117,200805
21,24,200805
21,180,200805
21,48,200805
21,46,200805
21,29,200805
21,12,200805
21,165,200805
21,0,200805
21,27,200805
21,85,200805
21,19,200805
21,83,200805
21,96,200805
21,59,200805
21,124,200805
21,25,200805
21,274,200805
21,22,200805
21,137,200805
21,92,200805
21,2,200805
21,14,200805
21,72,200805
21,154,200805
21,211,200805
21,31,200805
21,136,200805
21,69,200805
21,213,200805
21,53,200805
21,189,200805
21,64,200805
21,17,200805
21,20,200805
21,121,200805
21,89,200805
21,135,200805
21,51,200805
21,18,200805
21,10,200805
21,4,200805
21,1,200805
21,133,200805
21,28,200805
22,914,200805
22,339,200805
22,1,200805
22,143,200805
22,165,200805
22,160,200805
22,96,200805
22,433,200805
22,9,200805
22,2,200805
22,29,200805
22,5,200805
22,274,200805
22,183,200805
22,108,200805
22,40,200805
22,150,200805
22,181,200805
22,31,200805
22,112,200805
22,72,200805
22,51,200805
22,48,200805
22,317,200805
22,60,200805
22,86,200805
22,58,200805
22,223,200805
22,18,200805
22,120,200805
22,6,200805
22,107,200805
22,189,200805
22,121,200805
22,34,200805
22,184,200805
22,12,200805
22,155,200805
22,211,200805
22,21,200805
22,102,200805
22,16,200805
22,136,200805
22,119,200805
22,27,200805
22,53,200805
22,133,200805
22,11,200805
22,4,200805
22,20,200805
22,14,200805
22,59,200805
22,69,200805
22,85,200805
22,17,200805
22,23,200805
22,10,200805
22,25,200805
22,64,200805
22,135,200805
22,97,200805
22,28,200805
22,137,200805
23,132,200805
23,189,200805
23,137,200805
23,1,200805
23,51,200805
23,863,200805
23,348,200805
23,211,200805
23,89,200805
23,1227,200805
23,121,200805
23,110,200805
23,5,200805
23,11,200805
23,906,200805
23,136,200805
23,65,200805
23,433,200805
23,160,200805
23,39,200805
23,749,200805
23,36,200805
23,150,200805
23,77,200805
23,138,200805
23,143,200805
23,14,200805
23,247,200805
23,501,200805
23,10,200805
23,19,200805
23,22,200805
23,142,200805
23,155,200805
23,108,200805
23,154,200805
23,105,200805
23,116,200805
23,12,200805
23,60,200805
23,102,200805
23,21,200805
23,180,200805
23,85,200805
23,46,200805
23,9,200805
23,157,200805
23,64,200805
23,346,200805
23,32,200805
23,274,200805
23,38,200805
23,34,200805
23,20,200805
23,52,200805
23,99,200805
23,115,200805
23,165,200805
23,100,200805
23,119,200805
23,6,200805
23,183,200805
23,18,200805
23,69,200805
23,80,200805
23,40,200805
23,27,200805
23,92,200805
23,29,200805
23,107,200805
23,261,200805
23,96,200805
23,72,200805
23,4,200805
23,2,200805
23,135,200805
23,53,200805
23,31,200805
23,59,200805
23,97,200805
23,25,200805
23,112,200805
24,62,200805
24,160,200805
24,125,200805
24,117,200805
24,144,200805
24,114,200805
24,54,200805
24,152,200805
24,94,200805
24,234,200805
24,106,200805
24,341,200805
24,99,200805
24,27,200805
24,124,200805
24,278,200805
24,16,200805
24,48,200805
24,178,200805
24,1147,200805
24,26,200805
24,29,200805
24,46,200805
24,108,200805
24,32,200805
24,146,200805
24,136,200805
24,154,200805
24,18,200805
24,25,200805
24,19,200805
24,6,200805
24,60,200805
24,64,200805
24,97,200805
24,14,200805
24,137,200805
25,160,200805
25,23,200805
25,137,200805
25,143,200805
25,336,200805
25,118,200805
25,175,200805
25,0,200805
25,188,200805
25,77,200805
25,19,200805
25,17,200805
25,138,200805
25,433,200805
25,89,200805
25,552,200805
25,85,200805
25,265,200805
25,101,200805
25,142,200805
25,320,200805
25,117,200805
25,122,200805
25,22,200805
25,177,200805
25,57,200805
25,6,200805
25,97,200805
25,78,200805
25,135,200805
25,183,200805
25,64,200805
25,113,200805
25,94,200805
25,108,200805
25,26,200805
25,83,200805
25,21,200805
25,9,200805
25,267,200805
25,136,200805
25,112,200805
25,32,200805
25,165,200805
25,154,200805
25,131,200805
25,102,200805
25,120,200805
25,150,200805
25,197,200805
25,99,200805
25,4,200805
25,51,200805
25,213,200805
25,39,200805
25,45,200805
25,371,200805
25,671,200805
25,326,200805
25,340,200805
25,393,200805
25,355,200805
25,250,200805
25,152,200805
25,216,200805
25,60,200805
25,161,200805
25,93,200805
25,483,200805
25,220,200805
25,27,200805
25,237,200805
25,339,200805
25,81,200805
25,385,200805
25,224,200805
25,139,200805
25,63,200805
25,29,200805
25,333,200805
25,47,200805
25,495,200805
25,116,200805
25,146,200805
25,65,200805
25,335,200805
25,98,200805
25,132,200805
25,115,200805
25,41,200805
25,18,200805
25,327,200805
25,52,200805
25,149,200805
25,46,200805
25,100,200805
25,11,200805
25,1,200805
25,156,200805
25,181,200805
25,24,200805
25,124,200805
25,36,200805
25,58,200805
25,12,200805
25,40,200805
25,390,200805
25,20,200805
25,72,200805
25,544,200805
25,76,200805
25,107,200805
25,38,200805
25,34,200805
25,96,200805
25,110,200805
25,341,200805
25,54,200805
25,157,200805
25,53,200805
25,80,200805
25,129,200805
25,31,200805
25,35,200805
25,274,200805
25,59,200805
25,5,200805
25,14,200805
25,13,200805
25,16,200805
25,48,200805
25,28,200805
25,2,200805
25,10,200805
26,70,200805
26,181,200805
26,11,200805
26,27,200805
26,136,200805
26,4,200805
26,17,200805
26,139,200805
26,36,200805
26,237,200805
26,18,200805
26,28,200805
26,92,200805
26,31,200805
26,108,200805
26,129,200805
26,20,200805
26,46,200805
26,58,200805
26,354,200805
26,1,200805
26,110,200805
26,64,200805
26,172,200805
26,146,200805
26,14,200805
26,15,200805
26,16,200805
26,97,200805
26,66,200805
26,131,200805
26,320,200805
26,183,200805
26,313,200805
26,29,200805
26,2,200805
26,247,200805
26,0,200805
26,143,200805
26,349,200805
26,81,200805
26,24,200805
26,19,200805
26,13,200805
26,134,200805
26,51,200805
26,83,200805
26,25,200805
26,10,200805
26,137,200805
26,82,200805
26,113,200805
26,45,200805
26,78,200805
26,132,200805
26,65,200805
26,297,200805
26,142,200805
26,117,200805
26,180,200805
26,99,200805
26,278,200805
26,197,200805
26,283,200805
26,76,200805
26,140,200805
26,155,200805
26,192,200805
26,77,200805
26,57,200805
26,338,200805
26,544,200805
26,39,200805
26,102,200805
26,101,200805
26,85,200805
26,160,200805
26,38,200805
26,120,200805
26,40,200805
26,80,200805
26,126,200805
26,55,200805
26,32,200805
26,860,200805
26,100,200805
26,54,200805
26,75,200805
26,60,200805
26,135,200805
26,154,200805
26,48,200805
26,35,200805
27,1039,200805
27,160,200805
27,143,200805
27,132,200805
27,433,200805
27,501,200805
27,175,200805
27,125,200805
27,154,200805
27,138,200805
27,136,200805
27,165,200805
27,12,200805
27,18,200805
27,1,200805
27,77,200805
27,53,200805
27,444,200805
27,233,200805
27,180,200805
27,133,200805
27,120,200805
27,40,200805
27,137,200805
27,355,200805
27,105,200805
27,81,200805
27,142,200805
27,64,200805
27,69,200805
27,238,200805
27,102,200805
27,181,200805
27,13,200805
27,537,200805
27,46,200805
27,38,200805
27,139,200805
27,45,200805
27,29,200805
27,19,200805
27,20,200805
27,99,200805
27,76,200805
27,521,200805
27,265,200805
27,26,200805
27,52,200805
27,97,200805
27,117,200805
27,21,200805
27,5,200805
27,0,200805
27,11,200805
27,124,200805
27,375,200805
27,860,200805
27,36,200805
27,368,200805
27,1580,200805
27,107,200805
27,968,200805
27,113,200805
27,155,200805
27,110,200805
27,83,200805
27,161,200805
27,490,200805
27,834,200805
27,23,200805
27,885,200805
27,251,200805
27,16,200805
27,93,200805
27,480,200805
27,588,200805
27,112,200805
27,728,200805
27,22,200805
27,85,200805
27,314,200805
27,2,200805
27,32,200805
27,388,200805
27,752,200805
27,35,200805
27,48,200805
27,131,200805
27,100,200805
27,80,200805
27,25,200805
27,4,200805
27,28,200805
27,51,200805
27,60,200805
27,72,200805
27,17,200805
27,96,200805
27,92,200805
27,9,200805
27,274,200805
27,146,200805
27,6,200805
27,108,200805
27,14,200805
27,31,200805
27,54,200805
27,10,200805
27,135,200805
28,169,200805
28,138,200805
28,136,200805
28,493,200805
28,17,200805
28,5,200805
28,1,200805
28,552,200805
28,77,200805
28,53,200805
28,31,200805
28,160,200805
28,175,200805
28,433,200805
28,79,200805
28,143,200805
28,116,200805
28,46,200805
28,154,200805
28,59,200805
28,32,200805
28,14,200805
28,26,200805
28,22,200805
28,40,200805
28,25,200805
28,139,200805
28,48,200805
28,16,200805
28,64,200805
28,115,200805
28,6,200805
28,96,200805
28,124,200805
28,83,200805
28,100,200805
28,52,200805
28,97,200805
28,51,200805
28,137,200805
28,18,200805
28,29,200805
28,99,200805
28,27,200805
28,146,200805
28,157,200805
28,13,200805
28,9,200805
28,81,200805
28,544,200805
28,80,200805
28,12,200805
28,155,200805
28,265,200805
28,69,200805
28,72,200805
28,108,200805
28,346,200805
28,60,200805
28,0,200805
28,10,200805
28,119,200805
28,149,200805
28,19,200805
28,142,200805
28,85,200805
28,180,200805
28,183,200805
28,89,200805
28,211,200805
28,102,200805
28,54,200805
28,4,200805
28,38,200805
28,11,200805
28,189,200805
28,165,200805
28,261,200805
28,274,200805
28,150,200805
28,2,200805
28,92,200805
28,112,200805
28,107,200805
28,7,200805
28,135,200805
28,20,200805
28,21,200805
29,110,200805
29,51,200805
29,137,200805
29,139,200805
29,89,200805
29,20,200805
29,97,200805
29,135,200805
29,1,200805
29,38,200805
29,4,200805
29,6,200805
29,35,200805
29,245,200805
29,552,200805
29,175,200805
29,117,200805
29,375,200805
29,17,200805
29,247,200805
29,77,200805
29,143,200805
29,15,200805
29,40,200805
29,59,200805
29,160,200805
29,19,200805
29,732,200805
29,652,200805
29,78,200805
29,5,200805
29,241,200805
29,433,200805
29,508,200805
29,146,200805
29,0,200805
29,27,200805
29,355,200805
29,233,200805
29,142,200805
29,60,200805
29,9,200805
29,58,200805
29,183,200805
29,80,200805
29,234,200805
29,123,200805
29,79,200805
29,76,200805
29,113,200805
29,45,200805
29,64,200805
29,181,200805
29,48,200805
29,2,200805
29,164,200805
29,1088,200805
29,286,200805
29,154,200805
29,18,200805
29,32,200805
29,100,200805
29,107,200805
29,178,200805
29,104,200805
29,180,200805
29,120,200805
29,24,200805
29,82,200805
29,66,200805
29,52,200805
29,169,200805
29,102,200805
29,320,200805
29,129,200805
29,36,200805
29,242,200805
29,163,200805
29,172,200805
29,341,200805
29,188,200805
29,72,200805
29,131,200805
29,12,200805
29,98,200805
29,101,200805
29,55,200805
29,74,200805
29,152,200805
29,267,200805
29,44,200805
29,157,200805
29,208,200805
29,62,200805
29,53,200805
29,276,200805
29,156,200805
29,57,200805
29,126,200805
29,270,200805
29,8,200805
29,46,200805
29,43,200805
29,75,200805
29,170,200805
29,111,200805
29,269,200805
29,140,200805
29,99,200805
29,85,200805
29,134,200805
29,132,200805
29,65,200805
29,61,200805
29,83,200805
29,86,200805
29,25,200805
29,16,200805
29,224,200805
29,171,200805
29,31,200805
29,63,200805
29,34,200805
29,155,200805
29,544,200805
29,176,200805
29,13,200805
29,182,200805
29,69,200805
29,213,200805
29,54,200805
29,11,200805
29,292,200805
29,96,200805
29,265,200805
29,39,200805
29,145,200805
29,198,200805
29,197,200805
29,159,200805
29,125,200805
29,14,200805
29,81,200805
29,7,200805
29,121,200805
29,165,200805
29,144,200805
29,193,200805
29,112,200805
29,124,200805
29,22,200805
29,108,200805
29,28,200805
29,10,200805
29,21,200805
29,136,200805
29,26,200805
30,160,200805
30,104,200805
30,12,200805
30,11,200805
30,143,200805
30,136,200805
30,96,200805
30,147,200805
30,83,200805
30,121,200805
30,183,200805
30,85,200805
30,72,200805
30,111,200805
30,100,200805
30,86,200805
30,346,200805
30,1169,200805
30,1227,200805
30,51,200805
30,10,200805
30,4,200805
30,18,200805
31,77,200805
31,154,200805
31,1,200805
31,46,200805
31,433,200805
31,151,200805
31,175,200805
31,160,200805
31,124,200805
31,180,200805
31,41,200805
31,14,200805
31,9,200805
31,422,200805
31,12,200805
31,155,200805
31,2,200805
31,64,200805
31,40,200805
31,156,200805
31,4,200805
31,134,200805
31,26,200805
31,119,200805
31,81,200805
31,27,200805
31,139,200805
31,220,200805
31,165,200805
31,22,200805
31,69,200805
31,120,200805
31,142,200805
31,146,200805
31,223,200805
31,59,200805
31,122,200805
31,38,200805
31,113,200805
31,112,200805
31,72,200805
31,76,200805
31,52,200805
31,197,200805
31,341,200805
31,181,200805
31,20,200805
31,18,200805
31,149,200805
31,136,200805
31,133,200805
31,60,200805
31,29,200805
31,13,200805
31,51,200805
31,107,200805
31,36,200805
31,97,200805
31,99,200805
31,19,200805
31,21,200805
31,11,200805
31,96,200805
31,32,200805
31,16,200805
31,54,200805
31,80,200805
31,23,200805
31,102,200805
31,274,200805
31,17,200805
31,5,200805
31,85,200805
31,28,200805
31,6,200805
31,35,200805
31,0,200805
31,48,200805
31,100,200805
31,25,200805
31,10,200805
31,92,200805
31,83,200805
31,108,200805
31,135,200805
31,137,200805
32,29,200805
32,433,200805
32,138,200805
32,443,200805
32,77,200805
32,143,200805
32,6,200805
32,771,200805
32,19,200805
32,16,200805
32,160,200805
32,93,200805
32,59,200805
32,221,200805
32,444,200805
32,13,200805
32,51,200805
32,40,200805
32,72,200805
32,25,200805
32,124,200805
32,5,200805
32,100,200805
32,69,200805
32,133,200805
32,27,200805
32,278,200805
32,17,200805
32,96,200805
32,52,200805
32,36,200805
32,111,200805
32,4,200805
32,102,200805
32,48,200805
32,83,200805
32,198,200805
32,136,200805
32,154,200805
32,117,200805
32,134,200805
32,20,200805
32,9,200805
32,144,200805
32,320,200805
32,0,200805
32,107,200805
32,74,200805
32,131,200805
32,375,200805
32,18,200805
32,2,200805
32,155,200805
32,10,200805
32,137,200805
32,242,200805
32,11,200805
32,21,200805
32,181,200805
32,80,200805
32,94,200805
32,178,200805
32,41,200805
32,108,200805
32,113,200805
32,46,200805
32,346,200805
32,197,200805
32,23,200805
32,85,200805
32,129,200805
32,165,200805
32,112,200805
32,97,200805
32,196,200805
32,274,200805
32,62,200805
32,43,200805
32,545,200805
32,28,200805
32,66,200805
32,64,200805
32,75,200805
32,205,200805
32,270,200805
32,92,200805
32,140,200805
32,24,200805
32,63,200805
32,362,200805
32,34,200805
32,188,200805
32,170,200805
32,208,200805
32,163,200805
32,125,200805
32,44,200805
32,176,200805
32,104,200805
32,146,200805
32,141,200805
32,544,200805
32,192,200805
32,546,200805
32,193,200805
32,171,200805
32,31,200805
32,316,200805
32,338,200805
32,135,200805
32,126,200805
32,38,200805
32,132,200805
32,420,200805
32,429,200805
32,233,200805
32,269,200805
32,159,200805
32,237,200805
32,58,200805
32,157,200805
32,39,200805
32,332,200805
32,55,200805
32,182,200805
32,78,200805
32,276,200805
32,110,200805
32,195,200805
32,114,200805
32,175,200805
32,81,200805
32,99,200805
32,79,200805
32,15,200805
32,139,200805
32,1,200805
32,45,200805
32,60,200805
32,35,200805
32,120,200805
32,26,200805
32,206,200805
32,76,200805
32,57,200805
32,65,200805
32,12,200805
32,101,200805
32,180,200805
32,14,200805
32,142,200805
32,54,200805
33,51,200805
33,132,200805
33,105,200805
33,53,200805
33,214,200805
33,295,200805
33,1169,200805
33,17,200805
33,10,200805
33,1,200805
33,11,200805
33,136,200805
33,4,200805
33,20,200805
34,160,200805
34,537,200805
34,552,200805
34,433,200805
34,480,200805
34,588,200805
34,104,200805
34,339,200805
34,17,200805
34,213,200805
34,20,200805
34,261,200805
34,250,200805
34,143,200805
34,208,200805
34,27,200805
34,150,200805
34,136,200805
34,11,200805
34,346,200805
34,1169,200805
34,14,200805
34,46,200805
34,4,200805
34,154,200805
34,32,200805
34,266,200805
34,29,200805
34,18,200805
34,1,200805
34,136,200805
34,10,200805
34,160,200805
34,25,200805
34,97,200805
34,137,200805
35,433,200805
35,0,200805
35,160,200805
35,137,200805
35,59,200805
35,156,200805
35,97,200805
35,39,200805
35,102,200805
35,60,200805
35,675,200805
35,544,200805
35,48,200805
35,732,200805
35,241,200805
35,77,200805
35,19,200805
35,25,200805
35,76,200805
35,29,200805
35,785,200805
35,552,200805
35,6,200805
35,64,200805
35,135,200805
35,57,200805
35,375,200805
35,129,200805
35,17,200805
35,1,200805
35,322,200805
35,143,200805
35,13,200805
35,27,200805
35,83,200805
35,188,200805
35,117,200805
35,155,200805
35,99,200805
35,10,200805
35,12,200805
35,14,200805
35,113,200805
35,16,200805
35,769,200805
35,4,200805
35,89,200805
35,73,200805
35,40,200805
35,94,200805
35,120,200805
35,78,200805
35,41,200805
35,38,200805
35,146,200805
35,81,200805
35,108,200805
35,173,200805
35,52,200805
35,18,200805
35,139,200805
35,32,200805
35,136,200805
35,46,200805
35,31,200805
35,100,200805
35,154,200805
35,172,200805
35,20,200805
35,26,200805
36,35,200805
36,288,200805
36,11,200805
36,76,200805
36,139,200805
36,143,200805
36,40,200805
36,4,200805
36,107,200805
36,12,200805
36,10,200805
36,64,200805
36,136,200805
36,32,200805
36,17,200805
36,102,200805
36,48,200805
36,31,200805
36,29,200805
36,18,200805
36,154,200805
36,155,200805
36,27,200805
36,92,200805
36,26,200805
36,14,200805
36,83,200805
36,180,200805
36,1147,200805
36,1,200805
36,117,200805
36,38,200805
36,1065,200805
36,142,200805
36,178,200805
36,6,200805
36,60,200805
36,81,200805
36,195,200805
36,52,200805
36,108,200805
36,16,200805
36,41,200805
36,13,200805
36,135,200805
36,146,200805
36,769,200805
36,25,200805
36,208,200805
36,99,200805
36,19,200805
36,137,200805
36,97,200805
36,119,200805
36,59,200805
36,46,200805
37,1,200805
37,88,200805
37,493,200805
37,10,200805
37,17,200805
37,11,200805
38,282,200805
38,433,200805
38,160,200805
38,14,200805
38,54,200805
38,101,200805
38,1209,200805
38,31,200805
38,322,200805
38,16,200805
38,140,200805
38,320,200805
38,120,200805
38,52,200805
38,97,200805
38,154,200805
38,45,200805
38,81,200805
38,112,200805
38,152,200805
38,82,200805
38,20,200805
38,119,200805
38,83,200805
38,107,200805
38,0,200805
38,17,200805
38,124,200805
38,36,200805
38,94,200805
38,355,200805
38,32,200805
38,143,200805
38,25,200805
38,135,200805
38,85,200805
38,78,200805
38,5,200805
38,21,200805
38,29,200805
38,60,200805
38,2,200805
38,18,200805
38,99,200805
38,102,200805
38,46,200805
38,178,200805
38,6,200805
38,13,200805
38,1,200805
38,59,200805
38,274,200805
38,155,200805
38,19,200805
38,92,200805
38,35,200805
38,28,200805
38,64,200805
38,26,200805
38,137,200805
38,146,200805
38,10,200805
38,108,200805
38,100,200805
39,36,200805
39,433,200805
39,100,200805
39,143,200805
39,19,200805
39,78,200805
39,282,200805
39,141,200805
39,97,200805
39,23,200805
39,197,200805
39,455,200805
39,35,200805
39,137,200805
39,320,200805
39,77,200805
39,60,200805
39,72,200805
39,112,200805
39,160,200805
39,180,200805
39,208,200805
39,159,200805
39,43,200805
39,278,200805
39,16,200805
39,18,200805
39,98,200805
39,431,200805
39,1147,200805
39,46,200805
39,0,200805
39,34,200805
39,25,200805
39,146,200805
39,99,200805
39,48,200805
39,26,200805
39,6,200805
39,32,200805
39,29,200805
39,64,200805
40,77,200805
40,27,200805
40,69,200805
40,205,200805
40,195,200805
40,142,200805
40,433,200805
40,160,200805
40,316,200805
40,449,200805
40,893,200805
40,143,200805
40,739,200805
40,137,200805
40,117,200805
40,19,200805
40,362,200805
40,6,200805
40,14,200805
40,549,200805
40,120,200805
40,139,200805
40,85,200805
40,29,200805
40,92,200805
40,154,200805
40,4,200805
40,80,200805
40,21,200805
40,31,200805
40,124,200805
40,5,200805
40,51,200805
40,165,200805
40,0,200805
40,100,200805
40,102,200805
40,112,200805
40,23,200805
40,2,200805
40,274,200805
40,13,200805
40,113,200805
40,74,200805
40,133,200805
40,18,200805
40,233,200805
40,96,200805
40,55,200805
40,107,200805
40,57,200805
40,146,200805
40,24,200805
40,17,200805
40,64,200805
40,32,200805
40,1022,200805
40,16,200805
40,20,200805
40,1065,200805
40,129,200805
40,22,200805
40,83,200805
40,110,200805
40,99,200805
40,108,200805
40,61,200805
40,320,200805
40,156,200805
40,97,200805
40,341,200805
40,136,200805
40,48,200805
40,28,200805
40,523,200805
40,46,200805
40,36,200805
40,178,200805
40,35,200805
40,126,200805
40,155,200805
40,59,200805
40,176,200805
40,11,200805
40,26,200805
40,375,200805
40,52,200805
40,25,200805
40,1,200805
40,54,200805
40,60,200805
40,10,200805
40,135,200805
41,160,200805
41,530,200805
41,60,200805
41,35,200805
41,433,200805
41,769,200805
41,80,200805
41,143,200805
41,31,200805
41,142,200805
41,85,200805
41,32,200805
41,48,200805
41,29,200805
41,99,200805
41,108,200805
41,36,200805
41,46,200805
41,25,200805
41,97,200805
43,433,200805
43,144,200805
43,54,200805
43,269,200805
43,98,200805
43,233,200805
43,57,200805
43,120,200805
43,51,200805
43,126,200805
43,131,200805
43,14,200805
43,32,200805
43,29,200805
43,18,200805
43,97,200805
43,146,200805
44,160,200805
44,144,200805
44,346,200805
44,32,200805
44,29,200805
44,54,200805
44,18,200805
45,1044,200805
45,101,200805
45,342,200805
45,207,200805
45,57,200805
45,433,200805
45,198,200805
45,143,200805
45,278,200805
45,114,200805
45,83,200805
45,55,200805
45,102,200805
45,176,200805
45,29,200805
45,64,200805
45,155,200805
45,77,200805
45,12,200805
45,78,200805
45,117,200805
45,27,200805
45,80,200805
45,100,200805
45,154,200805
45,97,200805
45,1147,200805
45,178,200805
45,40,200805
45,14,200805
45,18,200805
45,46,200805
45,25,200805
45,26,200805
45,19,200805
45,13,200805
45,99,200805
45,16,200805
45,160,200805
45,146,200805
45,137,200805
45,32,200805
45,6,200805
46,160,200805
46,19,200805
46,39,200805
46,20,200805
46,31,200805
46,97,200805
46,77,200805
46,24,200805
46,175,200805
46,433,200805
46,482,200805
46,18,200805
46,143,200805
46,80,200805
46,83,200805
46,54,200805
46,16,200805
46,270,200805
46,69,200805
46,120,200805
46,139,200805
46,173,200805
46,82,200805
46,89,200805
46,55,200805
46,26,200805
46,61,200805
46,11,200805
46,45,200805
46,28,200805
46,58,200805
46,136,200805
46,117,200805
46,126,200805
46,13,200805
46,131,200805
46,152,200805
46,65,200805
46,2,200805
46,675,200805
46,1,200805
46,499,200805
46,38,200805
46,710,200805
46,1065,200805
46,341,200805
46,57,200805
46,813,200805
46,6,200805
46,14,200805
46,342,200805
46,113,200805
46,287,200805
46,101,200805
46,278,200805
46,102,200805
46,134,200805
46,32,200805
46,137,200805
46,124,200805
46,78,200805
46,900,200805
46,320,200805
46,180,200805
46,769,200805
46,52,200805
46,142,200805
46,99,200805
46,178,200805
46,237,200805
46,154,200805
46,146,200805
46,40,200805
46,76,200805
46,100,200805
46,27,200805
46,81,200805
46,94,200805
46,0,200805
46,860,200805
46,208,200805
46,176,200805
46,63,200805
46,64,200805
46,156,200805
46,29,200805
46,249,200805
46,224,200805
46,445,200805
46,192,200805
46,95,200805
46,48,200805
46,140,200805
46,141,200805
46,797,200805
46,41,200805
46,799,200805
46,355,200805
46,182,200805
46,60,200805
46,155,200805
46,544,200805
46,250,200805
46,25,200805
46,79,200805
46,158,200805
46,157,200805
46,85,200805
46,458,200805
46,73,200805
46,35,200805
46,4,200805
46,59,200805
46,744,200805
46,75,200805
46,172,200805
46,129,200805
46,17,200805
46,36,200805
46,10,200805
46,108,200805
47,2,200805
47,135,200805
47,32,200805
47,9,200805
47,96,200805
47,1,200805
47,165,200805
47,10,200805
47,136,200805
47,154,200805
47,124,200805
47,72,200805
47,116,200805
47,107,200805
47,25,200805
47,274,200805
47,137,200805
47,92,200805
48,552,200805
48,160,200805
48,6,200805
48,375,200805
48,83,200805
48,0,200805
48,35,200805
48,143,200805
48,769,200805
48,77,200805
48,31,200805
48,768,200805
48,433,200805
48,113,200805
48,136,200805
48,22,200805
48,60,200805
48,20,200805
48,180,200805
48,133,200805
48,149,200805
48,183,200805
48,181,200805
48,165,200805
48,19,200805
48,11,200805
48,29,200805
48,64,200805
48,124,200805
48,23,200805
48,116,200805
48,24,200805
48,26,200805
48,115,200805
48,96,200805
48,55,200805
48,16,200805
48,188,200805
48,28,200805
48,1,200805
48,69,200805
48,129,200805
48,54,200805
48,41,200805
48,65,200805
48,13,200805
48,21,200805
48,32,200805
48,2,200805
48,107,200805
48,40,200805
48,12,200805
48,126,200805
48,17,200805
48,114,200805
48,97,200805
48,4,200805
48,266,200805
48,142,200805
48,51,200805
48,52,200805
48,5,200805
48,117,200805
48,27,200805
48,38,200805
48,108,200805
48,80,200805
48,81,200805
48,274,200805
48,58,200805
48,159,200805
48,224,200805
48,141,200805
48,62,200805
48,95,200805
48,138,200805
48,39,200805
48,79,200805
48,10,200805
48,217,200805
48,815,200805
48,101,200805
48,156,200805
48,57,200805
48,85,200805
48,860,200805
48,46,200805
48,120,200805
48,341,200805
48,155,200805
48,320,200805
48,121,200805
48,194,200805
48,208,200805
48,154,200805
48,146,200805
48,18,200805
48,172,200805
48,195,200805
48,102,200805
48,92,200805
48,119,200805
48,99,200805
48,14,200805
48,100,200805
48,135,200805
48,178,200805
48,59,200805
48,25,200805
48,137,200805
49,69,200805
49,177,200805
49,806,200805
49,30,200805
49,51,200805
50,177,200805
50,69,200805
50,11,200805
50,4,200805
51,160,200805
51,23,200805
51,214,200805
51,215,200805
51,143,200805
51,180,200805
51,795,200805
51,5,200805
51,842,200805
51,247,200805
51,501,200805
51,154,200805
51,17,200805
51,77,200805
51,4,200805
51,184,200805
51,741,200805
51,69,200805
51,136,200805
51,11,200805
51,176,200805
51,1196,200805
51,107,200805
51,132,200805
51,433,200805
51,914,200805
51,115,200805
51,793,200805
51,20,200805
51,33,200805
51,157,200805
51,102,200805
51,83,200805
51,22,200805
51,80,200805
51,147,200805
51,97,200805
51,116,200805
51,70,200805
51,119,200805
51,155,200805
51,85,200805
51,120,200805
51,165,200805
51,43,200805
51,111,200805
51,163,200805
51,31,200805
51,113,200805
51,19,200805
51,89,200805
51,92,200805
51,49,200805
51,29,200805
51,72,200805
51,26,200805
51,9,200805
51,13,200805
51,7,200805
51,133,200805
51,59,200805
51,99,200805
51,25,200805
51,64,200805
51,46,200805
51,48,200805
51,2,200805
51,54,200805
51,108,200805
51,274,200805
51,60,200805
51,761,200805
51,866,200805
51,14,200805
51,213,200805
51,177,200805
51,189,200805
51,819,200805
51,150,200805
51,30,200805
51,28,200805
51,96,200805
51,27,200805
51,110,200805
51,146,200805
51,112,200805
51,32,200805
51,10,200805
51,183,200805
51,135,200805
51,6,200805
51,1,200805
51,21,200805
51,137,200805
51,18,200805
52,13,200805
52,155,200805
52,138,200805
52,19,200805
52,180,200805
52,293,200805
52,77,200805
52,143,200805
52,102,200805
52,433,200805
52,4,200805
52,9,200805
52,160,200805
52,6,200805
52,194,200805
52,64,200805
52,175,200805
52,36,200805
52,21,200805
52,1441,200805
52,107,200805
52,133,200805
52,51,200805
52,108,200805
52,85,200805
52,113,200805
52,54,200805
52,34,200805
52,32,200805
52,10,200805
52,81,200805
52,165,200805
52,112,200805
52,83,200805
52,142,200805
52,25,200805
52,0,200805
52,154,200805
52,27,200805
52,41,200805
52,38,200805
52,135,200805
52,75,200805
52,26,200805
52,11,200805
52,28,200805
52,31,200805
52,136,200805
52,35,200805
52,100,200805
52,80,200805
52,274,200805
52,92,200805
52,20,200805
52,5,200805
52,99,200805
52,48,200805
52,17,200805
52,46,200805
52,97,200805
52,117,200805
52,1,200805
52,139,200805
52,16,200805
52,59,200805
52,146,200805
52,29,200805
52,40,200805
52,129,200805
52,60,200805
52,18,200805
52,137,200805
52,14,200805
53,433,200805
53,11,200805
53,314,200805
53,54,200805
53,136,200805
53,160,200805
53,34,200805
53,121,200805
53,133,200805
53,189,200805
53,60,200805
53,135,200805
53,14,200805
53,295,200805
53,142,200805
53,906,200805
53,112,200805
53,9,200805
53,100,200805
53,150,200805
53,85,200805
53,1169,200805
53,346,200805
53,13,200805
53,2,200805
53,29,200805
53,10,200805
53,20,200805
53,21,200805
53,97,200805
53,28,200805
53,23,200805
53,17,200805
53,1,200805
53,25,200805
53,18,200805
53,137,200805
54,814,200805
54,433,200805
54,29,200805
54,1180,200805
54,143,200805
54,440,200805
54,27,200805
54,276,200805
54,160,200805
54,430,200805
54,18,200805
54,769,200805
54,19,200805
54,53,200805
54,77,200805
54,104,200805
54,181,200805
54,422,200805
54,355,200805
54,35,200805
54,123,200805
54,342,200805
54,52,200805
54,48,200805
54,41,200805
54,0,200805
54,20,200805
54,58,200805
54,120,200805
54,1,200805
54,154,200805
54,146,200805
54,13,200805
54,46,200805
54,110,200805
54,17,200805
54,60,200805
54,129,200805
54,180,200805
54,178,200805
54,156,200805
54,107,200805
54,142,200805
54,1169,200805
54,346,200805
54,136,200805
54,78,200805
54,51,200805
54,139,200805
54,97,200805
54,6,200805
54,28,200805
54,420,200805
54,44,200805
54,4,200805
54,99,200805
54,137,200805
54,12,200805
54,197,200805
54,24,200805
54,83,200805
54,16,200805
54,132,200805
54,31,200805
54,108,200805
54,43,200805
54,74,200805
54,40,200805
54,81,200805
54,14,200805
54,10,200805
54,131,200805
54,25,200805
54,26,200805
54,32,200805
55,126,200805
55,134,200805
55,433,200805
55,181,200805
55,180,200805
55,160,200805
55,76,200805
55,182,200805
55,62,200805
55,39,200805
55,72,200805
55,156,200805
55,64,200805
55,108,200805
55,120,200805
55,81,200805
55,97,200805
55,36,200805
55,48,200805
55,19,200805
55,146,200805
55,29,200805
55,16,200805
55,14,200805
55,99,200805
55,60,200805
55,6,200805
55,32,200805
55,59,200805
55,26,200805
56,100,200805
56,178,200805
56,9,200805
57,143,200805
57,160,200805
57,45,200805
57,278,200805
57,385,200805
57,101,200805
57,433,200805
57,77,200805
57,85,200805
57,188,200805
57,40,200805
57,170,200805
57,180,200805
57,76,200805
57,58,200805
57,154,200805
57,72,200805
57,31,200805
57,132,200805
57,120,200805
57,99,200805
57,1147,200805
57,178,200805
57,146,200805
57,46,200805
57,97,200805
57,29,200805
57,26,200805
57,48,200805
57,16,200805
57,64,200805
57,19,200805
57,375,200805
57,6,200805
57,25,200805
57,266,200805
57,137,200805
57,32,200805
58,80,200805
58,31,200805
58,160,200805
58,433,200805
58,143,200805
58,224,200805
58,35,200805
58,59,200805
58,180,200805
58,76,200805
58,16,200805
58,40,200805
58,136,200805
58,242,200805
58,19,200805
58,53,200805
58,46,200805
58,99,200805
58,60,200805
58,146,200805
58,48,200805
58,97,200805
58,29,200805
58,266,200805
58,64,200805
58,32,200805
58,25,200805
58,137,200805
59,117,200805
59,241,200805
59,35,200805
59,19,200805
59,29,200805
59,97,200805
59,10,200805
59,77,200805
59,809,200805
59,746,200805
59,138,200805
59,875,200805
59,17,200805
59,433,200805
59,89,200805
59,85,200805
59,6,200805
59,160,200805
59,26,200805
59,1039,200805
59,143,200805
59,675,200805
59,293,200805
59,51,200805
59,4,200805
59,170,200805
59,1,200805
59,65,200805
59,41,200805
59,267,200805
59,45,200805
59,104,200805
59,92,200805
59,20,200805
59,7,200805
59,98,200805
59,136,200805
59,38,200805
59,157,200805
59,82,200805
59,21,200805
59,99,200805
59,32,200805
59,28,200805
59,126,200805
59,120,200805
59,297,200805
59,16,200805
59,31,200805
59,22,200805
59,154,200805
59,102,200805
59,14,200805
59,180,200805
59,40,200805
59,142,200805
59,83,200805
59,52,200805
59,81,200805
59,146,200805
59,13,200805
59,137,200805
59,11,200805
59,108,200805
59,55,200805
59,60,200805
59,217,200805
59,134,200805
59,23,200805
59,129,200805
59,64,200805
59,94,200805
59,18,200805
59,172,200805
59,194,200805
59,46,200805
59,112,200805
59,100,200805
59,0,200805
59,25,200805
59,5,200805
59,139,200805
59,48,200805
59,133,200805
59,36,200805
59,121,200805
60,25,200805
60,19,200805
60,97,200805
60,120,200805
60,772,200805
60,160,200805
60,401,200805
60,139,200805
60,36,200805
60,31,200805
60,13,200805
60,35,200805
60,100,200805
60,39,200805
60,769,200805
60,143,200805
60,433,200805
60,129,200805
60,154,200805
60,136,200805
60,41,200805
60,175,200805
60,77,200805
60,131,200805
60,11,200805
60,0,200805
60,332,200805
60,265,200805
60,137,200805
60,69,200805
60,146,200805
60,54,200805
60,92,200805
60,10,200805
60,14,200805
60,86,200805
60,22,200805
60,316,200805
60,93,200805
60,124,200805
60,155,200805
60,1,200805
60,113,200805
60,48,200805
60,17,200805
60,115,200805
60,65,200805
60,133,200805
60,149,200805
60,23,200805
60,72,200805
60,181,200805
60,2,200805
60,107,200805
60,176,200805
60,89,200805
60,112,200805
60,285,200805
60,83,200805
60,40,200805
60,99,200805
60,85,200805
60,194,200805
60,20,200805
60,9,200805
60,370,200805
60,102,200805
60,121,200805
60,237,200805
60,182,200805
60,369,200805
60,249,200805
60,51,200805
60,165,200805
60,12,200805
60,5,200805
60,58,200805
60,134,200805
60,156,200805
60,4,200805
60,101,200805
60,28,200805
60,21,200805
60,269,200805
60,81,200805
60,163,200805
60,80,200805
60,274,200805
60,860,200805
60,46,200805
60,55,200805
60,142,200805
60,195,200805
60,157,200805
60,27,200805
60,75,200805
60,16,200805
60,197,200805
60,18,200805
60,24,200805
60,59,200805
60,217,200805
60,117,200805
60,126,200805
60,32,200805
60,96,200805
60,64,200805
60,208,200805
60,26,200805
60,38,200805
60,135,200805
60,52,200805
60,180,200805
60,178,200805
60,6,200805
60,29,200805
60,119,200805
61,111,200805
61,265,200805
61,407,200805
61,159,200805
61,415,200805
61,160,200805
61,143,200805
61,15,200805
61,144,200805
61,9,200805
61,433,200805
61,40,200805
61,19,200805
61,77,200805
61,170,200805
61,181,200805
61,0,200805
61,208,200805
61,33,200805
61,26,200805
61,184,200805
61,28,200805
61,99,200805
61,137,200805
61,1169,200805
61,18,200805
61,97,200805
61,146,200805
61,266,200805
61,1227,200805
61,29,200805
61,136,200805
61,10,200805
62,143,200805
62,66,200805
62,160,200805
62,138,200805
62,39,200805
62,132,200805
62,309,200805
62,77,200805
62,178,200805
62,18,200805
62,32,200805
62,29,200805
62,48,200805
62,1227,200805
62,266,200805
62,375,200805
62,16,200805
62,137,200805
62,146,200805
62,97,200805
63,72,200805
63,76,200805
63,32,200805
63,15,200805
63,80,200805
63,341,200805
63,143,200805
63,61,200805
63,722,200805
63,64,200805
63,146,200805
63,46,200805
63,19,200805
63,99,200805
63,16,200805
63,25,200805
63,29,200805
63,97,200805
64,99,200805
64,53,200805
64,6,200805
64,160,200805
64,433,200805
64,178,200805
64,77,200805
64,143,200805
64,2,200805
64,135,200805
64,133,200805
64,995,200805
64,69,200805
64,12,200805
64,173,200805
64,20,200805
64,342,200805
64,24,200805
64,9,200805
64,65,200805
64,154,200805
64,5,200805
64,27,200805
64,278,200805
64,4,200805
64,320,200805
64,80,200805
64,107,200805
64,85,200805
64,131,200805
64,234,200805
64,113,200805
64,112,200805
64,41,200805
64,19,200805
64,544,200805
64,0,200805
64,22,200805
64,83,200805
64,137,200805
64,183,200805
64,51,200805
64,61,200805
64,164,200805
64,394,200805
64,40,200805
64,407,200805
64,16,200805
64,92,200805
64,36,200805
64,1147,200805
64,146,200805
64,1,200805
64,54,200805
64,30,200805
64,129,200805
64,136,200805
64,549,200805
64,157,200805
64,34,200805
64,21,200805
64,63,200805
64,17,200805
64,265,200805
64,25,200805
64,96,200805
64,381,200805
64,176,200805
64,120,200805
64,142,200805
64,81,200805
64,703,200805
64,1086,200805
64,89,200805
64,722,200805
64,134,200805
64,267,200805
64,374,200805
64,373,200805
64,172,200805
64,32,200805
64,117,200805
64,140,200805
64,730,200805
64,57,200805
64,46,200805
64,76,200805
64,449,200805
64,124,200805
64,38,200805
64,97,200805
64,102,200805
64,100,200805
64,52,200805
64,13,200805
64,208,200805
64,155,200805
64,58,200805
64,26,200805
64,180,200805
64,205,200805
64,192,200805
64,332,200805
64,10,200805
64,28,200805
64,45,200805
64,31,200805
64,126,200805
64,79,200805
64,18,200805
64,101,200805
64,48,200805
64,35,200805
64,59,200805
64,55,200805
64,39,200805
64,11,200805
64,78,200805
64,60,200805
64,108,200805
64,121,200805
64,29,200805
65,282,200805
65,23,200805
65,27,200805
65,385,200805
65,250,200805
65,318,200805
65,175,200805
65,242,200805
65,341,200805
65,106,200805
65,46,200805
65,136,200805
65,118,200805
65,32,200805
65,98,200805
65,176,200805
65,60,200805
65,16,200805
65,146,200805
65,99,200805
65,26,200805
65,6,200805
65,160,200805
65,29,200805
65,97,200805
65,25,200805
65,137,200805
66,76,200805
66,77,200805
66,135,200805
66,62,200805
66,143,200805
66,131,200805
66,433,200805
66,160,200805
66,362,200805
66,140,200805
66,152,200805
66,380,200805
66,79,200805
66,126,200805
66,338,200805
66,1169,200805
66,29,200805
66,32,200805
66,375,200805
66,266,200805
66,10,200805
66,18,200805
66,16,200805
66,97,200805
66,146,200805
67,147,200805
67,111,200805
67,738,200805
67,136,200805
68,67,200805
68,147,200805
68,136,200805
69,317,200805
69,501,200805
69,40,200805
69,51,200805
69,49,200805
69,806,200805
69,914,200805
69,11,200805
69,143,200805
69,247,200805
69,807,200805
69,311,200805
69,401,200805
69,132,200805
69,50,200805
69,160,200805
69,177,200805
69,137,200805
69,48,200805
69,27,200805
69,85,200805
69,136,200805
69,77,200805
69,22,200805
69,52,200805
69,14,200805
69,165,200805
69,96,200805
69,133,200805
69,146,200805
69,6,200805
69,61,200805
69,154,200805
69,0,200805
69,60,200805
69,80,200805
69,9,200805
69,72,200805
69,28,200805
69,34,200805
69,5,200805
69,26,200805
69,23,200805
69,21,200805
69,92,200805
69,1169,200805
69,211,200805
69,121,200805
69,17,200805
69,107,200805
69,1,200805
69,112,200805
69,135,200805
69,4,200805
69,29,200805
69,183,200805
69,10,200805
69,18,200805
70,53,200805
70,136,200805
70,113,200805
70,9,200805
70,160,200805
70,51,200805
70,20,200805
70,1169,200805
70,10,200805
70,1,200805
70,137,200805
70,11,200805
71,136,200805
72,160,200805
72,143,200805
72,183,200805
72,165,200805
72,104,200805
72,34,200805
72,433,200805
72,9,200805
72,163,200805
72,154,200805
72,552,200805
72,112,200805
72,23,200805
72,124,200805
72,20,200805
72,116,200805
72,136,200805
72,176,200805
72,11,200805
72,48,200805
72,108,200805
72,142,200805
72,32,200805
72,211,200805
72,93,200805
72,133,200805
72,119,200805
72,81,200805
72,47,200805
72,1,200805
72,96,200805
72,17,200805
72,161,200805
72,4,200805
72,51,200805
72,188,200805
72,80,200805
72,28,200805
72,35,200805
72,19,200805
72,14,200805
72,5,200805
72,149,200805
72,341,200805
72,1169,200805
72,26,200805
72,64,200805
72,0,200805
72,21,200805
72,2,200805
72,60,200805
72,85,200805
72,6,200805
72,29,200805
72,10,200805
72,16,200805
72,135,200805
72,18,200805
72,27,200805
72,146,200805
72,25,200805
72,137,200805
72,97,200805
72,92,200805
72,274,200805
73,224,200805
73,100,200805
73,158,200805
73,9,200805
73,108,200805
73,35,200805
73,46,200805
73,97,200805
74,102,200805
74,213,200805
74,34,200805
74,100,200805
74,48,200805
74,237,200805
74,160,200805
74,276,200805
74,52,200805
74,146,200805
74,83,200805
74,346,200805
74,18,200805
74,29,200805
74,32,200805
74,1227,200805
74,10,200805
74,16,200805
74,54,200805
75,178,200805
75,16,200805
75,208,200805
75,355,200805
75,97,200805
75,19,200805
75,146,200805
75,99,200805
75,32,200805
75,29,200805
75,108,200805
75,60,200805
75,13,200805
75,46,200805
75,26,200805
75,136,200805
76,94,200805
76,813,200805
76,482,200805
76,35,200805
76,278,200805
76,140,200805
76,338,200805
76,143,200805
76,77,200805
76,160,200805
76,60,200805
76,142,200805
76,288,200805
76,52,200805
76,194,200805
76,433,200805
76,117,200805
76,769,200805
76,9,200805
76,156,200805
76,544,200805
76,157,200805
76,31,200805
76,180,200805
76,137,200805
76,27,200805
76,85,200805
76,16,200805
76,83,200805
76,99,200805
76,237,200805
76,384,200805
76,64,200805
76,188,200805
76,29,200805
76,13,200805
76,346,200805
76,46,200805
76,178,200805
76,1147,200805
76,146,200805
76,26,200805
76,19,200805
76,18,200805
76,97,200805
76,375,200805
76,6,200805
76,266,200805
76,25,200805
76,32,200805
77,97,200805
77,136,200805
77,27,200805
77,137,200805
77,76,200805
77,40,200805
77,39,200805
77,13,200805
77,29,200805
77,5,200805
77,83,200805
77,60,200805
77,32,200805
77,15,200805
77,160,200805
77,155,200805
77,23,200805
77,143,200805
77,17,200805
77,57,200805
77,79,200805
77,281,200805
77,154,200805
77,93,200805
77,22,200805
77,108,200805
77,6,200805
77,54,200805
77,112,200805
77,181,200805
77,12,200805
77,146,200805
77,1,200805
77,66,200805
77,16,200805
77,101,200805
77,18,200805
77,52,200805
77,4,200805
77,81,200805
77,176,200805
77,46,200805
77,51,200805
77,194,200805
77,110,200805
77,14,200805
77,197,200805
77,19,200805
77,59,200805
77,131,200805
77,38,200805
77,28,200805
77,64,200805
77,120,200805
77,45,200805
77,183,200805
77,287,200805
77,133,200805
77,126,200805
77,69,200805
77,2,200805
77,124,200805
77,20,200805
77,107,200805
77,41,200805
77,297,200805
77,96,200805
77,89,200805
77,102,200805
77,9,200805
77,11,200805
77,119,200805
77,100,200805
77,139,200805
77,34,200805
77,104,200805
77,445,200805
77,62,200805
77,384,200805
77,355,200805
77,198,200805
77,10,200805
77,48,200805
77,117,200805
77,178,200805
77,1147,200805
77,1169,200805
77,92,200805
77,94,200805
77,85,200805
77,0,200805
77,21,200805
77,274,200805
77,35,200805
77,26,200805
77,99,200805
77,25,200805
77,135,200805
78,141,200805
78,39,200805
78,58,200805
78,433,200805
78,80,200805
78,38,200805
78,180,200805
78,32,200805
78,75,200805
78,40,200805
78,13,200805
78,59,200805
78,137,200805
78,27,200805
78,29,200805
78,120,200805
78,97,200805
78,160,200805
78,31,200805
78,19,200805
78,0,200805
78,142,200805
78,26,200805
78,46,200805
78,99,200805
78,18,200805
78,35,200805
78,16,200805
78,146,200805
78,25,200805
78,6,200805
78,64,200805
79,433,200805
79,182,200805
79,160,200805
79,208,200805
79,40,200805
79,77,200805
79,19,200805
79,155,200805
79,188,200805
79,101,200805
79,58,200805
79,98,200805
79,43,200805
79,143,200805
79,124,200805
79,24,200805
79,320,200805
79,139,200805
79,46,200805
79,16,200805
79,146,200805
79,48,200805
79,375,200805
79,29,200805
79,64,200805
79,97,200805
79,32,200805
79,266,200805
80,143,200805
80,92,200805
80,97,200805
80,41,200805
80,320,200805
80,160,200805
80,433,200805
80,93,200805
80,181,200805
80,14,200805
80,81,200805
80,183,200805
80,115,200805
80,23,200805
80,813,200805
80,113,200805
80,85,200805
80,79,200805
80,17,200805
80,69,200805
80,133,200805
80,104,200805
80,19,200805
80,40,200805
80,142,200805
80,38,200805
80,94,200805
80,120,200805
80,149,200805
80,155,200805
80,165,200805
80,83,200805
80,140,200805
80,96,200805
80,77,200805
80,64,200805
80,16,200805
80,11,200805
80,180,200805
80,28,200805
80,5,200805
80,22,200805
80,4,200805
80,34,200805
80,146,200805
80,1,200805
80,136,200805
80,52,200805
80,9,200805
80,2,200805
80,21,200805
80,48,200805
80,27,200805
80,46,200805
80,29,200805
80,60,200805
80,154,200805
80,100,200805
80,6,200805
80,32,200805
80,26,200805
80,31,200805
80,10,200805
80,0,200805
80,135,200805
80,274,200805
80,108,200805
80,25,200805
80,137,200805
81,77,200805
81,1079,200805
81,64,200805
81,40,200805
81,19,200805
81,21,200805
81,208,200805
81,117,200805
81,52,200805
81,65,200805
81,14,200805
81,142,200805
81,152,200805
81,5,200805
81,137,200805
81,2,200805
81,114,200805
81,9,200805
81,76,200805
81,165,200805
81,112,200805
81,104,200805
81,136,200805
81,55,200805
81,96,200805
81,31,200805
81,149,200805
81,195,200805
81,51,200805
81,6,200805
81,85,200805
81,15,200805
81,38,200805
81,99,200805
81,267,200805
81,124,200805
81,69,200805
81,20,200805
81,338,200805
81,119,200805
81,12,200805
81,0,200805
81,139,200805
81,83,200805
81,28,200805
81,133,200805
81,36,200805
81,1147,200805
81,178,200805
81,155,200805
81,23,200805
81,4,200805
81,27,200805
81,102,200805
81,17,200805
81,146,200805
81,46,200805
81,274,200805
81,26,200805
81,60,200805
81,92,200805
81,16,200805
81,48,200805
81,108,200805
81,97,200805
81,13,200805
81,25,200805
81,35,200805
81,59,200805
81,11,200805
81,29,200805
81,54,200805
81,1,200805
81,154,200805
81,160,200805
81,32,200805
81,10,200805
81,18,200805
81,135,200805
82,16,200805
82,46,200805
82,13,200805
82,54,200805
82,77,200805
82,99,200805
82,26,200805
82,97,200805
82,14,200805
82,6,200805
83,482,200805
83,48,200805
83,77,200805
83,278,200805
83,143,200805
83,433,200805
83,76,200805
83,99,200805
83,175,200805
83,101,200805
83,120,200805
83,160,200805
83,19,200805
83,14,200805
83,53,200805
83,21,200805
83,133,200805
83,61,200805
83,12,200805
83,197,200805
83,31,200805
83,142,200805
83,102,200805
83,107,200805
83,544,200805
83,155,200805
83,274,200805
83,165,200805
83,176,200805
83,2,200805
83,25,200805
83,69,200805
83,55,200805
83,112,200805
83,23,200805
83,288,200805
83,9,200805
83,17,200805
83,81,200805
83,100,200805
83,126,200805
83,11,200805
83,32,200805
83,104,200805
83,4,200805
83,119,200805
83,0,200805
83,96,200805
83,137,200805
83,338,200805
83,46,200805
83,183,200805
83,163,200805
83,28,200805
83,13,200805
83,139,200805
83,154,200805
83,181,200805
83,51,200805
83,178,200805
83,1147,200805
83,135,200805
83,36,200805
83,40,200805
83,60,200805
83,16,200805
83,180,200805
83,27,200805
83,52,200805
83,117,200805
83,26,200805
83,85,200805
83,97,200805
83,92,200805
83,59,200805
83,5,200805
83,146,200805
83,29,200805
83,6,200805
83,54,200805
83,1,200805
83,136,200805
83,64,200805
83,18,200805
83,10,200805
83,108,200805
83,35,200805
84,86,200805
84,223,200805
84,30,200805
84,753,200805
84,164,200805
84,160,200805
84,150,200805
84,96,200805
84,155,200805
84,111,200805
84,247,200805
84,88,200805
84,346,200805
84,1169,200805
84,18,200805
84,10,200805
84,4,200805
84,11,200805
84,136,200805
85,165,200805
85,274,200805
85,160,200805
85,93,200805
85,143,200805
85,81,200805
85,11,200805
85,740,200805
85,137,200805
85,433,200805
85,552,200805
85,483,200805
85,32,200805
85,20,200805
85,31,200805
85,69,200805
85,169,200805
85,101,200805
85,16,200805
85,22,200805
85,126,200805
85,180,200805
85,77,200805
85,51,200805
85,52,200805
85,38,200805
85,28,200805
85,10,200805
85,265,200805
85,107,200805
85,4,200805
85,12,200805
85,113,200805
85,142,200805
85,60,200805
85,100,200805
85,23,200805
85,80,200805
85,102,200805
85,19,200805
85,21,200805
85,124,200805
85,155,200805
85,13,200805
85,99,200805
85,108,200805
85,133,200805
85,112,200805
85,18,200805
85,157,200805
85,29,200805
85,97,200805
85,64,200805
85,9,200805
85,27,200805
85,0,200805
85,83,200805
85,154,200805
85,72,200805
85,26,200805
85,116,200805
85,96,200805
85,48,200805
85,17,200805
85,149,200805
85,121,200805
85,59,200805
85,146,200805
85,1,200805
85,136,200805
85,5,200805
85,115,200805
85,46,200805
85,135,200805
85,14,200805
85,6,200805
85,92,200805
85,25,200805
86,84,200805
86,131,200805
86,121,200805
86,70,200805
86,238,200805
86,17,200805
86,135,200805
86,99,200805
86,136,200805
86,29,200805
86,4,200805
86,11,200805
86,18,200805
87,89,200805
87,291,200805
87,25,200805
87,203,200805
87,2,200805
88,181,200805
88,121,200805
88,86,200805
88,12,200805
88,1,200805
88,120,200805
88,84,200805
88,18,200805
88,4,200805
88,11,200805
89,23,200805
89,732,200805
89,212,200805
89,90,200805
89,5,200805
89,121,200805
89,243,200805
89,280,200805
89,7,200805
89,323,200805
89,770,200805
89,87,200805
89,17,200805
89,8,200805
89,778,200805
89,1103,200805
89,828,200805
89,54,200805
89,46,200805
89,1408,200805
89,113,200805
89,64,200805
89,110,200805
89,10,200805
89,4,200805
89,20,200805
89,51,200805
89,29,200805
89,6,200805
89,112,200805
89,136,200805
89,1,200805
89,21,200805
89,28,200805
89,11,200805
89,18,200805
89,137,200805
89,97,200805
89,25,200805
90,17,200805
90,7,200805
90,89,200805
90,243,200805
90,8,200805
92,35,200805
92,69,200805
92,31,200805
92,139,200805
92,173,200805
92,137,200805
92,143,200805
92,64,200805
92,23,200805
92,142,200805
92,77,200805
92,60,200805
92,180,200805
92,113,200805
92,48,200805
92,52,200805
92,107,200805
92,19,200805
92,51,200805
92,133,200805
92,119,200805
92,1147,200805
92,341,200805
92,1169,200805
92,22,200805
92,40,200805
92,21,200805
92,83,200805
92,155,200805
92,16,200805
92,97,200805
92,38,200805
92,102,200805
92,12,200805
92,112,200805
92,4,200805
92,32,200805
92,81,200805
92,20,200805
92,116,200805
92,11,200805
92,100,200805
92,115,200805
92,124,200805
92,28,200805
92,27,200805
92,80,200805
92,149,200805
92,5,200805
92,165,200805
92,136,200805
92,96,200805
92,59,200805
92,157,200805
92,72,200805
92,108,200805
92,9,200805
92,154,200805
92,47,200805
92,1,200805
92,17,200805
92,85,200805
92,14,200805
92,10,200805
92,2,200805
92,93,200805
92,135,200805
92,0,200805
92,274,200805
93,2,200805
93,175,200805
93,160,200805
93,433,200805
93,154,200805
93,85,200805
93,80,200805
93,72,200805
93,19,200805
93,124,200805
93,96,200805
93,149,200805
93,5,200805
93,51,200805
93,1,200805
93,116,200805
93,115,200805
93,165,200805
93,32,200805
93,10,200805
93,17,200805
93,346,200805
93,135,200805
93,27,200805
93,25,200805
93,274,200805
93,92,200805
94,32,200805
94,78,200805
94,0,200805
94,176,200805
94,45,200805
94,102,200805
94,163,200805
94,18,200805
94,25,200805
94,64,200805
94,29,200805
94,13,200805
94,99,200805
94,134,200805
94,143,200805
94,1147,200805
94,16,200805
94,97,200805
94,108,200805
94,46,200805
94,35,200805
94,146,200805
94,14,200805
94,59,200805
94,135,200805
94,6,200805
95,374,200805
95,858,200805
95,160,200805
95,281,200805
95,703,200805
95,722,200805
95,48,200805
95,375,200805
95,146,200805
95,46,200805
95,266,200805
96,165,200805
96,777,200805
96,299,200805
96,433,200805
96,22,200805
96,10,200805
96,143,200805
96,1,200805
96,23,200805
96,914,200805
96,501,200805
96,27,200805
96,130,200805
96,160,200805
96,115,200805
96,64,200805
96,16,200805
96,81,200805
96,47,200805
96,133,200805
96,12,200805
96,93,200805
96,107,200805
96,4,200805
96,161,200805
96,1149,200805
96,157,200805
96,84,200805
96,20,200805
96,1794,200805
96,149,200805
96,92,200805
96,86,200805
96,142,200805
96,48,200805
96,80,200805
96,77,200805
96,180,200805
96,83,200805
96,19,200805
96,183,200805
96,69,200805
96,85,200805
96,9,200805
96,1169,200805
96,124,200805
96,52,200805
96,801,200805
96,756,200805
96,17,200805
96,0,200805
96,113,200805
96,757,200805
96,102,200805
96,1269,200805
96,155,200805
96,31,200805
96,72,200805
96,2,200805
96,21,200805
96,116,200805
96,11,200805
96,112,200805
96,136,200805
96,6,200805
96,154,200805
96,108,200805
96,51,200805
96,29,200805
96,146,200805
96,25,200805
96,14,200805
96,60,200805
96,28,200805
96,135,200805
96,5,200805
96,18,200805
96,97,200805
96,274,200805
96,137,200805
97,552,200805
97,19,200805
97,29,200805
97,35,200805
97,722,200805
97,143,200805
97,77,200805
97,138,200805
97,60,200805
97,59,200805
97,137,200805
97,167,200805
97,17,200805
97,39,200805
97,160,200805
97,31,200805
97,322,200805
97,482,200805
97,433,200805
97,110,200805
97,175,200805
97,108,200805
97,48,200805
97,10,200805
97,155,200805
97,131,200805
97,120,200805
97,135,200805
97,85,200805
97,126,200805
97,1,200805
97,13,200805
97,25,200805
97,54,200805
97,11,200805
97,102,200805
97,104,200805
97,83,200805
97,18,200805
97,20,200805
97,14,200805
97,142,200805
97,53,200805
97,51,200805
97,739,200805
97,9,200805
97,26,200805
97,5,200805
97,40,200805
97,27,200805
97,136,200805
97,146,200805
97,2,200805
97,22,200805
97,144,200805
97,28,200805
97,242,200805
97,132,200805
97,46,200805
97,178,200805
97,1147,200805
97,154,200805
97,34,200805
97,94,200805
97,0,200805
97,45,200805
97,99,200805
97,21,200805
97,57,200805
97,52,200805
97,80,200805
97,101,200805
97,16,200805
97,32,200805
97,1065,200805
97,173,200805
97,82,200805
97,92,200805
97,320,200805
97,6,200805
97,544,200805
97,61,200805
97,15,200805
97,7,200805
97,398,200805
97,58,200805
97,81,200805
97,64,200805
97,76,200805
97,165,200805
97,797,200805
97,124,200805
97,495,200805
97,540,200805
97,309,200805
97,55,200805
97,114,200805
97,458,200805
97,65,200805
97,43,200805
97,344,200805
97,159,200805
97,182,200805
97,452,200805
97,813,200805
97,216,200805
97,860,200805
97,192,200805
97,79,200805
97,510,200805
97,208,200805
97,341,200805
97,1052,200805
97,287,200805
97,38,200805
97,393,200805
97,455,200805
97,152,200805
97,118,200805
97,62,200805
97,744,200805
97,41,200805
97,198,200805
97,66,200805
97,355,200805
97,129,200805
97,435,200805
97,156,200805
97,63,200805
97,269,200805
97,163,200805
97,141,200805
97,181,200805
97,195,200805
97,769,200805
97,140,200805
97,134,200805
97,180,200805
97,117,200805
97,106,200805
97,188,200805
97,224,200805
97,342,200805
97,237,200805
97,176,200805
97,157,200805
97,197,200805
97,73,200805
97,78,200805
97,172,200805
97,112,200805
97,278,200805
97,12,200805
97,72,200805
97,158,200805
97,250,200805
97,75,200805
97,24,200805
97,36,200805
97,249,200805
97,4,200805
97,98,200805
97,23,200805
97,139,200805
97,96,200805
97,89,200805
97,100,200805
97,113,200805
98,250,200805
98,118,200805
98,160,200805
98,57,200805
98,65,200805
98,45,200805
98,18,200805
98,39,200805
98,54,200805
98,19,200805
98,13,200805
98,31,200805
98,99,200805
98,29,200805
98,25,200805
98,137,200805
98,97,200805
99,77,200805
99,14,200805
99,48,200805
99,332,200805
99,20,200805
99,83,200805
99,270,200805
99,137,200805
99,143,200805
99,61,200805
99,181,200805
99,11,200805
99,46,200805
99,2,200805
99,180,200805
99,1,200805
99,113,200805
99,60,200805
99,47,200805
99,53,200805
99,108,200805
99,769,200805
99,18,200805
99,133,200805
99,76,200805
99,25,200805
99,131,200805
99,101,200805
99,132,200805
99,51,200805
99,63,200805
99,96,200805
99,27,200805
99,0,200805
99,106,200805
99,117,200805
99,17,200805
99,10,200805
99,94,200805
99,54,200805
99,28,200805
99,45,200805
99,38,200805
99,82,200805
99,78,200805
99,182,200805
99,81,200805
99,355,200805
99,19,200805
99,57,200805
99,250,200805
99,122,200805
99,237,200805
99,52,200805
99,75,200805
99,100,200805
99,242,200805
99,97,200805
99,31,200805
99,55,200805
99,165,200805
99,41,200805
99,58,200805
99,39,200805
99,139,200805
99,320,200805
99,208,200805
99,156,200805
99,59,200805
99,118,200805
99,4,200805
99,98,200805
99,142,200805
99,544,200805
99,65,200805
99,157,200805
99,224,200805
99,26,200805
99,155,200805
99,24,200805
99,134,200805
99,16,200805
99,29,200805
99,40,200805
99,126,200805
99,102,200805
99,146,200805
99,32,200805
99,36,200805
99,6,200805
99,12,200805
99,13,200805
99,136,200805
99,160,200805
99,154,200805
99,35,200805
100,375,200805
100,160,200805
100,101,200805
100,129,200805
100,35,200805
100,39,200805
100,73,200805
100,141,200805
100,2,200805
100,433,200805
100,19,200805
100,143,200805
100,77,200805
100,60,200805
100,769,200805
100,1,200805
100,135,200805
100,9,200805
100,117,200805
100,16,200805
100,51,200805
100,112,200805
100,72,200805
100,6,200805
100,133,200805
100,197,200805
100,96,200805
100,165,200805
100,11,200805
100,23,200805
100,154,200805
100,5,200805
100,136,200805
100,115,200805
100,860,200805
100,155,200805
100,120,200805
100,12,200805
100,180,200805
100,17,200805
100,40,200805
100,149,200805
100,102,200805
100,27,200805
100,45,200805
100,81,200805
100,266,200805
100,13,200805
100,20,200805
100,21,200805
100,1147,200805
100,38,200805
100,139,200805
100,4,200805
100,85,200805
100,99,200805
100,178,200805
100,34,200805
100,142,200805
100,28,200805
100,119,200805
100,46,200805
100,113,200805
100,108,200805
100,274,200805
100,64,200805
100,83,200805
100,80,200805
100,0,200805
100,29,200805
100,25,200805
100,10,200805
100,92,200805
100,18,200805
100,146,200805
100,32,200805
100,26,200805
100,14,200805
100,31,200805
100,59,200805
100,48,200805
100,137,200805
100,97,200805
101,139,200805
101,143,200805
101,124,200805
101,46,200805
101,433,200805
101,160,200805
101,77,200805
101,97,200805
101,73,200805
101,342,200805
101,106,200805
101,170,200805
101,355,200805
101,27,200805
101,62,200805
101,249,200805
101,54,200805
101,43,200805
101,19,200805
101,78,200805
101,102,200805
101,104,200805
101,57,200805
101,167,200805
101,60,200805
101,146,200805
101,1147,200805
101,434,200805
101,34,200805
101,99,200805
101,178,200805
101,18,200805
101,26,200805
101,48,200805
101,29,200805
101,16,200805
101,6,200805
101,375,200805
101,64,200805
101,136,200805
101,266,200805
101,32,200805
101,25,200805
101,137,200805
102,181,200805
102,349,200805
102,4,200805
102,433,200805
102,24,200805
102,95,200805
102,160,200805
102,52,200805
102,40,200805
102,297,200805
102,355,200805
102,135,200805
102,154,200805
102,142,200805
102,320,200805
102,157,200805
102,165,200805
102,133,200805
102,1441,200805
102,2,200805
102,11,200805
102,9,200805
102,36,200805
102,5,200805
102,129,200805
102,112,200805
102,108,200805
102,113,200805
102,85,200805
102,22,200805
102,124,200805
102,48,200805
102,23,200805
102,12,200805
102,136,200805
102,32,200805
102,77,200805
102,362,200805
102,274,200805
102,107,200805
102,17,200805
102,80,200805
102,0,200805
102,20,200805
102,178,200805
102,46,200805
102,92,200805
102,19,200805
102,96,200805
102,21,200805
102,81,200805
102,29,200805
102,146,200805
102,28,200805
102,139,200805
102,83,200805
102,59,200805
102,16,200805
102,97,200805
102,64,200805
102,26,200805
102,99,200805
102,18,200805
102,6,200805
102,31,200805
102,1,200805
102,10,200805
102,60,200805
102,14,200805
103,1227,200805
103,10,200805
104,433,200805
104,34,200805
104,72,200805
104,160,200805
104,143,200805
104,154,200805
104,0,200805
104,25,200805
104,59,200805
104,131,200805
104,39,200805
104,31,200805
104,76,200805
104,97,200805
104,77,200805
104,29,200805
104,341,200805
104,346,200805
104,146,200805
104,18,200805
104,32,200805
104,375,200805
104,266,200805
104,10,200805
104,136,200805
104,137,200805
105,11,200805
105,268,200805
105,120,200805
105,96,200805
105,27,200805
105,23,200805
105,10,200805
105,18,200805
105,4,200805
105,183,200805
105,136,200805
106,60,200805
106,180,200805
106,81,200805
106,65,200805
106,77,200805
106,341,200805
106,14,200805
106,97,200805
107,433,200805
107,160,200805
107,23,200805
107,143,200805
107,5,200805
107,501,200805
107,175,200805
107,165,200805
107,124,200805
107,72,200805
107,81,200805
107,116,200805
107,85,200805
107,157,200805
107,12,200805
107,108,200805
107,83,200805
107,86,200805
107,155,200805
107,102,200805
107,52,200805
107,84,200805
107,27,200805
107,38,200805
107,136,200805
107,16,200805
107,119,200805
107,54,200805
107,60,200805
107,274,200805
107,97,200805
107,9,200805
107,28,200805
107,154,200805
107,22,200805
107,92,200805
107,31,200805
107,29,200805
107,142,200805
107,224,200805
107,0,200805
107,2,200805
107,101,200805
107,333,200805
107,335,200805
107,159,200805
107,132,200805
107,47,200805
107,220,200805
107,115,200805
107,138,200805
107,77,200805
107,11,200805
107,96,200805
107,34,200805
107,14,200805
107,69,200805
107,17,200805
107,113,200805
107,133,200805
107,222,200805
107,121,200805
107,10,200805
107,51,200805
107,1,200805
107,4,200805
107,183,200805
107,135,200805
107,25,200805
107,20,200805
107,112,200805
107,137,200805
108,160,200805
108,60,200805
108,77,200805
108,6,200805
108,433,200805
108,154,200805
108,93,200805
108,12,200805
108,47,200805
108,55,200805
108,137,200805
108,53,200805
108,22,200805
108,149,200805
108,113,200805
108,74,200805
108,9,200805
108,112,200805
108,72,200805
108,102,200805
108,99,200805
108,124,200805
108,115,200805
108,2,200805
108,133,200805
108,134,200805
108,544,200805
108,16,200805
108,23,200805
108,51,200805
108,17,200805
108,11,200805
108,5,200805
108,107,200805
108,83,200805
108,0,200805
108,10,200805
108,73,200805
108,4,200805
108,26,200805
108,165,200805
108,21,200805
108,52,200805
108,94,200805
108,117,200805
108,28,200805
108,194,200805
108,139,200805
108,41,200805
108,32,200805
108,181,200805
108,25,200805
108,347,200805
108,36,200805
108,40,200805
108,197,200805
108,24,200805
108,13,200805
108,20,200805
108,860,200805
108,100,200805
108,355,200805
108,48,200805
108,81,200805
108,156,200805
108,769,200805
108,274,200805
108,85,200805
108,35,200805
108,96,200805
108,75,200805
108,341,200805
108,195,200805
108,136,200805
108,1,200805
108,178,200805
108,59,200805
108,54,200805
108,180,200805
108,38,200805
108,143,200805
108,129,200805
108,27,200805
108,80,200805
108,64,200805
108,142,200805
108,92,200805
108,155,200805
108,14,200805
108,119,200805
108,18,200805
108,29,200805
108,146,200805
108,19,200805
108,31,200805
108,135,200805
108,97,200805
108,46,200805
109,592,200805
109,427,200805
109,305,200805
109,128,200805
109,127,200805
109,306,200805
109,110,200805
109,4,200805
109,864,200805
109,628,200805
109,913,200805
109,629,200805
109,676,200805
109,840,200805
109,593,200805
109,723,200805
109,724,200805
109,729,200805
109,677,200805
109,633,200805
110,236,200805
110,704,200805
110,841,200805
110,229,200805
110,109,200805
110,232,200805
110,29,200805
110,808,200805
110,4,200805
110,1212,200805
110,143,200805
110,190,200805
110,185,200805
110,1168,200805
110,351,200805
110,684,200805
110,20,200805
110,226,200805
110,196,200805
110,571,200805
110,12,200805
110,937,200805
110,201,200805
110,715,200805
110,663,200805
110,6,200805
110,830,200805
110,17,200805
110,235,200805
110,154,200805
110,127,200805
110,77,200805
110,231,200805
110,669,200805
110,598,200805
110,630,200805
110,552,200805
110,377,200805
110,427,200805
110,818,200805
110,465,200805
110,290,200805
110,474,200805
110,793,200805
110,230,200805
110,525,200805
110,59,200805
110,352,200805
110,947,200805
110,281,200805
110,650,200805
110,554,200805
110,35,200805
110,627,200805
110,641,200805
110,433,200805
110,694,200805
110,424,200805
110,23,200805
110,225,200805
110,305,200805
110,920,200805
110,633,200805
110,425,200805
110,160,200805
110,186,200805
110,306,200805
110,651,200805
110,5,200805
110,138,200805
110,128,200805
110,596,200805
110,594,200805
110,636,200805
110,575,200805
110,638,200805
110,640,200805
110,604,200805
110,925,200805
110,572,200805
110,786,200805
110,463,200805
110,247,200805
110,1002,200805
110,25,200805
110,526,200805
110,60,200805
110,1134,200805
110,13,200805
110,14,200805
110,191,200805
110,28,200805
110,1,200805
110,18,200805
110,89,200805
110,886,200805
110,136,200805
110,146,200805
110,32,200805
110,10,200805
110,97,200805
110,51,200805
110,137,200805
110,11,200805
111,61,200805
111,147,200805
111,31,200805
111,67,200805
111,51,200805
111,17,200805
111,407,200805
111,27,200805
111,19,200805
111,1169,200805
111,1227,200805
111,29,200805
111,10,200805
111,18,200805
111,11,200805
111,136,200805
112,160,200805
112,20,200805
112,40,200805
112,6,200805
112,433,200805
112,136,200805
112,401,200805
112,77,200805
112,143,200805
112,107,200805
112,138,200805
112,72,200805
112,782,200805
112,121,200805
112,149,200805
112,30,200805
112,23,200805
112,16,200805
112,155,200805
112,19,200805
112,100,200805
112,102,200805
112,142,200805
112,0,200805
112,28,200805
112,18,200805
112,124,200805
112,180,200805
112,96,200805
112,83,200805
112,115,200805
112,12,200805
112,60,200805
112,38,200805
112,108,200805
112,116,200805
112,81,200805
112,157,200805
112,119,200805
112,181,200805
112,274,200805
112,64,200805
112,132,200805
112,13,200805
112,46,200805
112,154,200805
112,32,200805
112,14,200805
112,85,200805
112,9,200805
112,165,200805
112,52,200805
112,346,200805
112,27,200805
112,2,200805
112,92,200805
112,31,200805
112,11,200805
112,183,200805
112,69,200805
112,189,200805
112,1,200805
112,22,200805
112,17,200805
112,113,200805
112,51,200805
112,29,200805
112,59,200805
112,89,200805
112,135,200805
112,97,200805
112,4,200805
112,10,200805
112,25,200805
112,133,200805
112,137,200805
113,17,200805
113,132,200805
113,23,200805
113,143,200805
113,20,200805
113,160,200805
113,154,200805
113,14,200805
113,0,200805
113,31,200805
113,19,200805
113,96,200805
113,27,200805
113,64,200805
113,97,200805
113,81,200805
113,38,200805
113,46,200805
113,155,200805
113,59,200805
113,51,200805
113,2,200805
113,48,200805
113,137,200805
113,124,200805
113,99,200805
113,21,200805
113,40,200805
113,12,200805
113,18,200805
113,102,200805
113,112,200805
113,13,200805
113,83,200805
113,129,200805
113,77,200805
113,274,200805
113,136,200805
113,183,200805
113,4,200805
113,165,200805
113,60,200805
113,92,200805
113,108,200805
113,35,200805
113,85,200805
113,11,200805
113,69,200805
113,26,200805
113,100,200805
113,22,200805
113,32,200805
113,135,200805
113,1,200805
113,146,200805
113,6,200805
113,10,200805
113,29,200805
113,25,200805
113,5,200805
114,675,200805
114,134,200805
114,35,200805
114,32,200805
114,66,200805
114,146,200805
114,96,200805
114,59,200805
114,6,200805
114,266,200805
114,97,200805
114,19,200805
114,13,200805
115,204,200805
115,552,200805
115,96,200805
115,72,200805
115,433,200805
115,160,200805
115,143,200805
115,220,200805
115,149,200805
115,17,200805
115,133,200805
115,4,200805
115,5,200805
115,27,200805
115,0,200805
115,21,200805
115,135,200805
115,154,200805
115,28,200805
115,124,200805
115,14,200805
115,108,200805
115,93,200805
115,23,200805
115,31,200805
115,112,200805
115,47,200805
115,107,200805
115,2,200805
115,80,200805
115,165,200805
115,25,200805
115,1,200805
115,10,200805
115,85,200805
115,92,200805
115,137,200805
115,274,200805
116,96,200805
116,5,200805
116,143,200805
116,4,200805
116,115,200805
116,27,200805
116,77,200805
116,19,200805
116,165,200805
116,63,200805
116,9,200805
116,21,200805
116,81,200805
116,135,200805
116,60,200805
116,47,200805
116,154,200805
116,17,200805
116,113,200805
116,133,200805
116,48,200805
116,31,200805
116,108,200805
116,112,200805
116,28,200805
116,93,200805
116,51,200805
116,1169,200805
116,1,200805
116,85,200805
116,2,200805
116,92,200805
116,25,200805
116,10,200805
116,136,200805
116,137,200805
116,274,200805
117,40,200805
117,433,200805
117,160,200805
117,101,200805
117,181,200805
117,206,200805
117,13,200805
117,6,200805
117,175,200805
117,38,200805
117,249,200805
117,45,200805
117,80,200805
117,12,200805
117,32,200805
117,17,200805
117,97,200805
117,81,200805
117,18,200805
117,178,200805
117,0,200805
117,142,200805
117,108,200805
117,46,200805
117,29,200805
117,52,200805
117,48,200805
117,16,200805
117,26,200805
117,10,200805
117,59,200805
117,64,200805
117,99,200805
117,19,200805
117,137,200805
117,146,200805
117,60,200805
117,14,200805
118,433,200805
118,160,200805
118,157,200805
118,188,200805
118,143,200805
118,379,200805
118,99,200805
118,25,200805
118,137,200805
118,97,200805
119,6,200805
119,78,200805
119,112,200805
119,0,200805
119,72,200805
119,77,200805
119,20,200805
119,21,200805
119,5,200805
119,28,200805
119,12,200805
119,4,200805
119,133,200805
119,97,200805
119,17,200805
119,165,200805
119,100,200805
119,9,200805
119,23,200805
119,136,200805
119,40,200805
119,81,200805
119,27,200805
119,1,200805
119,96,200805
119,83,200805
119,154,200805
119,16,200805
119,2,200805
119,274,200805
119,38,200805
119,85,200805
119,31,200805
119,92,200805
119,13,200805
119,19,200805
119,139,200805
119,10,200805
119,48,200805
119,108,200805
119,36,200805
119,135,200805
119,60,200805
119,14,200805
120,433,200805
120,176,200805
120,208,200805
120,138,200805
120,83,200805
120,38,200805
120,77,200805
120,160,200805
120,143,200805
120,18,200805
120,192,200805
120,140,200805
120,95,200805
120,64,200805
120,19,200805
120,39,200805
120,146,200805
120,249,200805
120,81,200805
120,72,200805
120,25,200805
120,41,200805
120,341,200805
120,125,200805
120,132,200805
120,105,200805
120,32,200805
120,97,200805
120,85,200805
120,31,200805
120,27,200805
120,544,200805
120,52,200805
120,12,200805
120,2,200805
120,29,200805
120,482,200805
120,1,200805
120,1147,200805
120,154,200805
120,136,200805
120,99,200805
120,108,200805
120,60,200805
120,59,200805
120,46,200805
120,40,200805
120,35,200805
120,13,200805
120,26,200805
120,48,200805
120,59,200805
120,97,200805
120,19,200805
120,154,200805
120,26,200805
120,46,200805
120,18,200805
120,16,200805
120,60,200805
120,29,200805
120,146,200805
120,64,200805
120,32,200805
120,25,200805
120,13,200805
120,6,200805
120,137,200805
121,433,200805
121,88,200805
121,143,200805
121,138,200805
121,160,200805
121,27,200805
121,69,200805
121,30,200805
121,136,200805
121,25,200805
121,5,200805
121,22,200805
121,60,200805
121,346,200805
121,107,200805
121,150,200805
121,4,200805
121,261,200805
121,85,200805
121,112,200805
121,48,200805
121,29,200805
121,11,200805
121,21,200805
121,10,200805
121,1,200805
121,64,200805
121,13,200805
121,59,200805
122,234,200805
122,74,200805
122,44,200805
122,132,200805
122,25,200805
122,13,200805
122,346,200805
122,123,200805
122,111,200805
122,1169,200805
122,10,200805
122,18,200805
122,136,200805
123,122,200805
123,234,200805
123,77,200805
123,29,200805
123,143,200805
123,18,200805
124,104,200805
124,486,200805
124,282,200805
124,31,200805
124,143,200805
124,93,200805
124,81,200805
124,339,200805
124,433,200805
124,188,200805
124,64,200805
124,0,200805
124,116,200805
124,149,200805
124,115,200805
124,40,200805
124,119,200805
124,96,200805
124,57,200805
124,83,200805
124,48,200805
124,136,200805
124,155,200805
124,47,200805
124,112,200805
124,113,200805
124,16,200805
124,28,200805
124,274,200805
124,20,200805
124,38,200805
124,108,200805
124,60,200805
124,32,200805
124,165,200805
124,160,200805
124,23,200805
124,21,200805
124,54,200805
124,27,200805
124,99,200805
124,346,200805
124,5,200805
124,17,200805
124,46,200805
124,2,200805
124,146,200805
124,85,200805
124,18,200805
124,6,200805
124,97,200805
124,14,200805
124,1,200805
124,25,200805
124,10,200805
124,135,200805
124,92,200805
124,154,200805
124,29,200805
124,137,200805
125,146,200805
125,65,200805
125,9,200805
125,336,200805
125,32,200805
125,10,200805
125,18,200805
125,136,200805
125,29,200805
126,160,200805
126,815,200805
126,66,200805
126,434,200805
126,142,200805
126,19,200805
126,155,200805
126,889,200805
126,140,200805
126,6,200805
126,143,200805
126,433,200805
126,175,200805
126,0,200805
126,167,200805
126,80,200805
126,31,200805
126,132,200805
126,24,200805
126,29,200805
126,13,200805
126,43,200805
126,25,200805
126,46,200805
126,58,200805
126,83,200805
126,178,200805
126,97,200805
126,54,200805
126,108,200805
126,64,200805
126,59,200805
126,40,200805
126,16,200805
126,99,200805
126,137,200805
126,26,200805
126,32,200805
126,48,200805
126,146,200805
126,60,200805
127,128,200805
127,4,200805
127,427,200805
127,109,200805
127,306,200805
127,110,200805
127,948,200805
128,110,200805
128,306,200805
128,109,200805
128,427,200805
128,4,200805
129,433,200805
129,143,200805
129,35,200805
129,173,200805
129,160,200805
129,77,200805
129,172,200805
129,375,200805
129,181,200805
129,26,200805
129,64,200805
129,135,200805
129,97,200805
129,32,200805
129,16,200805
129,38,200805
129,60,200805
129,29,200805
129,178,200805
129,14,200805
129,6,200805
129,10,200805
129,19,200805
129,20,200805
129,284,200805
129,1129,200805
129,217,200805
129,13,200805
129,17,200805
129,59,200805
129,52,200805
129,108,200805
129,48,200805
129,25,200805
129,46,200805
129,137,200805
130,299,200805
130,96,200805
130,777,200805
130,223,200805
130,483,200805
130,11,200805
130,1,200805
130,136,200805
131,433,200805
131,66,200805
131,77,200805
131,159,200805
131,81,200805
131,180,200805
131,19,200805
131,11,200805
131,132,200805
131,59,200805
131,223,200805
131,242,200805
131,156,200805
131,52,200805
131,99,200805
131,136,200805
131,26,200805
131,32,200805
131,1147,200805
131,1169,200805
131,13,200805
131,346,200805
131,18,200805
131,16,200805
131,27,200805
131,6,200805
131,97,200805
131,160,200805
131,154,200805
131,29,200805
131,137,200805
131,146,200805
131,54,200805
132,159,200805
132,69,200805
132,138,200805
132,143,200805
132,23,200805
132,104,200805
132,12,200805
132,433,200805
132,15,200805
132,160,200805
132,314,200805
132,121,200805
132,14,200805
132,19,200805
132,501,200805
132,33,200805
132,197,200805
132,211,200805
132,147,200805
132,117,200805
132,63,200805
132,73,200805
132,189,200805
132,906,200805
132,180,200805
132,27,200805
132,100,200805
132,83,200805
132,99,200805
132,346,200805
132,135,200805
132,17,200805
132,97,200805
132,107,200805
132,26,200805
132,154,200805
132,375,200805
132,32,200805
132,266,200805
132,29,200805
132,25,200805
132,10,200805
132,54,200805
132,18,200805
132,136,200805
132,146,200805
132,1,200805
132,137,200805
133,19,200805
133,17,200805
133,143,200805
133,160,200805
133,77,200805
133,1115,200805
133,325,200805
133,85,200805
133,38,200805
133,165,200805
133,16,200805
133,27,200805
133,2,200805
133,169,200805
133,72,200805
133,48,200805
133,52,200805
133,154,200805
133,59,200805
133,108,200805
133,139,200805
133,105,200805
133,102,200805
133,164,200805
133,9,200805
133,0,200805
133,30,200805
133,11,200805
133,60,200805
133,64,200805
133,149,200805
133,142,200805
133,180,200805
133,124,200805
133,115,200805
133,22,200805
133,14,200805
133,69,200805
133,10,200805
133,119,200805
133,5,200805
133,137,200805
133,92,200805
133,12,200805
133,155,200805
133,83,200805
133,31,200805
133,40,200805
133,81,200805
133,346,200805
133,51,200805
133,136,200805
133,4,200805
133,135,200805
133,96,200805
133,107,200805
133,20,200805
133,1,200805
133,112,200805
133,21,200805
134,6,200805
134,289,200805
134,195,200805
134,433,200805
134,114,200805
134,120,200805
134,176,200805
134,160,200805
134,18,200805
134,15,200805
134,32,200805
134,57,200805
134,72,200805
134,74,200805
134,81,200805
134,25,200805
134,85,200805
134,94,200805
134,137,200805
134,19,200805
134,178,200805
134,108,200805
134,26,200805
134,146,200805
134,46,200805
134,64,200805
134,60,200805
134,16,200805
134,99,200805
134,59,200805
134,97,200805
134,29,200805
134,14,200805
135,29,200805
135,51,200805
135,115,200805
135,208,200805
135,47,200805
135,134,200805
135,126,200805
135,116,200805
135,80,200805
135,11,200805
135,40,200805
135,164,200805
135,156,200805
135,97,200805
135,30,200805
135,19,200805
135,320,200805
135,52,200805
135,165,200805
135,63,200805
135,64,200805
135,92,200805
135,1088,200805
135,18,200805
135,84,200805
135,247,200805
135,416,200805
135,23,200805
135,16,200805
135,108,200805
135,77,200805
135,132,200805
135,728,200805
135,93,200805
135,32,200805
135,149,200805
135,346,200805
135,138,200805
135,17,200805
135,129,200805
135,113,200805
135,69,200805
135,133,200805
135,36,200805
135,35,200805
135,183,200805
135,6,200805
135,100,200805
135,9,200805
135,72,200805
135,124,200805
135,107,200805
135,0,200805
135,157,200805
135,94,200805
135,85,200805
135,2,200805
135,22,200805
135,13,200805
135,180,200805
135,274,200805
135,38,200805
135,21,200805
135,96,200805
135,112,200805
135,139,200805
135,26,200805
135,60,200805
135,20,200805
135,83,200805
135,102,200805
135,142,200805
135,48,200805
135,4,200805
135,143,200805
135,28,200805
135,119,200805
135,5,200805
135,155,200805
135,136,200805
135,12,200805
135,81,200805
135,31,200805
135,154,200805
135,1,200805
135,14,200805
135,27,200805
135,10,200805
136,59,200805
136,30,200805
136,11,200805
136,18,200805
136,1,200805
136,77,200805
136,12,200805
136,32,200805
136,28,200805
136,107,200805
136,160,200805
136,23,200805
136,175,200805
136,143,200805
136,433,200805
136,5,200805
136,176,200805
136,70,200805
136,138,200805
136,10,200805
136,183,200805
136,81,200805
136,100,200805
136,93,200805
136,2,200805
136,16,200805
136,165,200805
136,157,200805
136,341,200805
136,58,200805
136,13,200805
136,14,200805
136,320,200805
136,108,200805
136,120,200805
136,102,200805
136,19,200805
136,69,200805
136,368,200805
136,135,200805
136,126,200805
136,48,200805
136,54,200805
136,85,200805
136,26,200805
136,51,200805
136,139,200805
136,17,200805
136,25,200805
136,112,200805
136,38,200805
136,233,200805
136,22,200805
136,99,200805
136,80,200805
136,0,200805
136,149,200805
136,83,200805
136,155,200805
136,27,200805
136,146,200805
136,941,200805
136,52,200805
136,180,200805
136,1169,200805
136,346,200805
136,113,200805
136,20,200805
136,981,200805
136,137,200805
136,40,200805
136,982,200805
136,891,200805
136,154,200805
136,490,200805
136,163,200805
136,804,200805
136,131,200805
136,834,200805
136,9,200805
136,148,200805
136,181,200805
136,752,200805
136,156,200805
136,86,200805
136,537,200805
136,706,200805
136,415,200805
136,1015,200805
136,480,200805
136,492,200805
136,376,200805
136,110,200805
136,330,200805
136,361,200805
136,359,200805
136,588,200805
136,133,200805
136,762,200805
136,21,200805
136,53,200805
136,221,200805
136,502,200805
136,307,200805
136,372,200805
136,862,200805
136,147,200805
136,8,200805
136,67,200805
136,738,200805
136,174,200805
136,7,200805
136,299,200805
136,72,200805
136,159,200805
136,243,200805
136,166,200805
136,97,200805
136,68,200805
136,358,200805
136,130,200805
136,169,200805
136,15,200805
136,132,200805
136,261,200805
136,265,200805
136,184,200805
136,24,200805
136,96,200805
136,223,200805
136,71,200805
136,153,200805
136,124,200805
136,544,200805
136,164,200805
136,211,200805
136,105,200805
136,303,200805
136,371,200805
136,61,200805
136,101,200805
136,31,200805
136,84,200805
136,274,200805
136,34,200805
136,116,200805
136,104,200805
136,122,200805
136,33,200805
136,177,200805
136,125,200805
136,111,200805
136,213,200805
136,189,200805
136,35,200805
136,46,200805
136,150,200805
136,60,200805
136,92,200805
136,75,200805
136,89,200805
136,4,200805
136,6,200805
136,29,200805
136,64,200805
137,60,200805
137,96,200805
137,160,200805
137,23,200805
137,175,200805
137,29,200805
137,25,200805
137,2,200805
137,110,200805
137,57,200805
137,6,200805
137,5,200805
137,1,200805
137,138,200805
137,39,200805
137,69,200805
137,143,200805
137,13,200805
137,433,200805
137,77,200805
137,97,200805
137,339,200805
137,99,200805
137,165,200805
137,93,200805
137,20,200805
137,27,200805
137,117,200805
137,81,200805
137,48,200805
137,24,200805
137,36,200805
137,45,200805
137,112,200805
137,320,200805
137,1291,200805
137,17,200805
137,247,200805
137,4,200805
137,78,200805
137,126,200805
137,180,200805
137,14,200805
137,32,200805
137,28,200805
137,12,200805
137,1147,200805
137,30,200805
137,113,200805
137,134,200805
137,521,200805
137,21,200805
137,9,200805
137,346,200805
137,495,200805
137,1017,200805
137,136,200805
137,885,200805
137,11,200805
137,146,200805
137,16,200805
137,46,200805
137,8,200805
137,224,200805
137,193,200805
137,197,200805
137,198,200805
137,216,200805
137,18,200805
137,176,200805
137,189,200805
137,671,200805
137,393,200805
137,38,200805
137,65,200805
137,336,200805
137,62,200805
137,54,200805
137,163,200805
137,1190,200805
137,118,200805
137,131,200805
137,159,200805
137,76,200805
137,181,200805
137,70,200805
137,204,200805
137,341,200805
137,59,200805
137,390,200805
137,64,200805
137,152,200805
137,58,200805
137,244,200805
137,309,200805
137,333,200805
137,72,200805
137,19,200805
137,344,200805
137,483,200805
137,101,200805
137,15,200805
137,544,200805
137,132,200805
137,7,200805
137,355,200805
137,220,200805
137,156,200805
137,47,200805
137,150,200805
137,149,200805
137,188,200805
137,139,200805
137,92,200805
137,104,200805
137,157,200805
137,98,200805
137,213,200805
137,120,200805
137,10,200805
137,116,200805
137,34,200805
137,40,200805
137,52,200805
137,161,200805
137,107,200805
137,115,200805
137,80,200805
137,89,200805
137,124,200805
137,133,200805
137,100,200805
137,129,200805
137,53,200805
137,51,200805
137,83,200805
137,22,200805
137,0,200805
137,31,200805
137,108,200805
137,154,200805
137,35,200805
137,26,200805
137,85,200805
138,110,200805
138,159,200805
138,160,200805
138,59,200805
138,2,200805
138,72,200805
138,5,200805
138,137,200805
138,247,200805
138,6,200805
138,501,200805
138,18,200805
138,154,200805
138,23,200805
138,175,200805
138,143,200805
138,170,200805
138,136,200805
138,51,200805
138,433,200805
138,1,200805
138,97,200805
138,339,200805
138,29,200805
138,27,200805
138,14,200805
138,52,200805
138,132,200805
138,25,200805
138,296,200805
138,32,200805
138,16,200805
138,1139,200805
138,107,200805
138,354,200805
138,346,200805
138,666,200805
138,914,200805
138,48,200805
138,375,200805
138,1227,200805
138,266,200805
138,10,200805
139,58,200805
139,118,200805
139,48,200805
139,36,200805
139,136,200805
139,23,200805
139,265,200805
139,950,200805
139,16,200805
139,320,200805
139,96,200805
139,13,200805
139,27,200805
139,45,200805
139,32,200805
139,20,200805
139,10,200805
139,77,200805
139,155,200805
139,99,200805
139,142,200805
139,1,200805
139,5,200805
139,180,200805
139,14,200805
139,83,200805
139,64,200805
139,100,200805
139,52,200805
139,24,200805
139,341,200805
139,0,200805
139,54,200805
139,143,200805
139,108,200805
139,40,200805
139,31,200805
139,769,200805
139,102,200805
139,25,200805
139,19,200805
139,154,200805
139,146,200805
139,29,200805
139,208,200805
139,26,200805
139,119,200805
139,18,200805
139,178,200805
139,6,200805
139,35,200805
139,137,200805
139,135,200805
139,60,200805
139,97,200805
139,59,200805
139,46,200805
140,95,200805
140,143,200805
140,38,200805
140,433,200805
140,375,200805
140,339,200805
140,160,200805
140,101,200805
140,60,200805
140,80,200805
140,9,200805
140,64,200805
140,178,200805
140,1147,200805
140,32,200805
140,29,200805
140,26,200805
140,266,200805
140,19,200805
140,46,200805
140,146,200805
140,97,200805
141,433,200805
141,156,200805
141,216,200805
141,1147,200805
141,341,200805
141,160,200805
141,146,200805
141,48,200805
141,32,200805
141,46,200805
141,266,200805
141,97,200805
142,433,200805
142,126,200805
142,19,200805
142,281,200805
142,143,200805
142,160,200805
142,381,200805
142,51,200805
142,124,200805
142,80,200805
142,57,200805
142,83,200805
142,38,200805
142,154,200805
142,72,200805
142,96,200805
142,94,200805
142,85,200805
142,136,200805
142,274,200805
142,100,200805
142,36,200805
142,139,200805
142,0,200805
142,165,200805
142,137,200805
142,172,200805
142,107,200805
142,2,200805
142,10,200805
142,5,200805
142,129,200805
142,25,200805
142,20,200805
142,78,200805
142,97,200805
142,28,200805
142,178,200805
142,21,200805
142,31,200805
142,117,200805
142,27,200805
142,17,200805
142,180,200805
142,34,200805
142,64,200805
142,6,200805
142,52,200805
142,92,200805
142,26,200805
142,46,200805
142,16,200805
142,99,200805
142,59,200805
142,13,200805
142,48,200805
142,60,200805
142,1,200805
142,18,200805
142,146,200805
142,29,200805
142,108,200805
142,135,200805
142,32,200805
142,14,200805
143,54,200805
143,18,200805
143,35,200805
143,85,200805
143,25,200805
143,19,200805
143,61,200805
143,112,200805
143,11,200805
143,339,200805
143,5,200805
143,10,200805
143,129,200805
143,110,200805
143,0,200805
143,375,200805
143,2,200805
143,195,200805
143,100,200805
143,80,200805
143,121,200805
143,102,200805
143,16,200805
143,101,200805
143,13,200805
143,146,200805
143,6,200805
143,36,200805
143,519,200805
143,28,200805
143,46,200805
143,160,200805
143,40,200805
143,155,200805
143,32,200805
143,81,200805
143,59,200805
143,14,200805
143,296,200805
143,52,200805
143,183,200805
143,48,200805
143,104,200805
143,76,200805
143,140,200805
143,89,200805
143,29,200805
143,281,200805
143,60,200805
143,180,200805
143,170,200805
143,455,200805
143,30,200805
143,132,200805
143,34,200805
143,501,200805
143,39,200805
143,12,200805
143,23,200805
143,62,200805
143,69,200805
143,120,200805
143,97,200805
143,17,200805
143,15,200805
143,27,200805
143,133,200805
143,139,200805
143,9,200805
143,138,200805
143,96,200805
143,118,200805
143,247,200805
143,124,200805
143,72,200805
143,1,200805
143,154,200805
143,126,200805
143,83,200805
143,176,200805
143,51,200805
143,188,200805
143,142,200805
143,136,200805
143,64,200805
143,157,200805
143,137,200805
143,21,200805
143,79,200805
143,20,200805
143,165,200805
143,208,200805
143,38,200805
143,113,200805
143,26,200805
143,22,200805
143,152,200805
143,107,200805
143,47,200805
143,463,200805
143,264,200805
143,198,200805
143,4,200805
143,99,200805
143,78,200805
143,92,200805
143,274,200805
143,108,200805
143,135,200805
144,44,200805
144,61,200805
144,15,200805
144,233,200805
144,423,200805
144,433,200805
144,160,200805
144,81,200805
144,131,200805
144,101,200805
144,197,200805
144,123,200805
144,146,200805
144,346,200805
144,32,200805
144,18,200805
144,10,200805
144,29,200805
145,2,200805
145,346,200805
145,18,200805
145,29,200805
146,108,200805
146,6,200805
146,143,200805
146,77,200805
146,160,200805
146,26,200805
146,122,200805
146,64,200805
146,125,200805
146,41,200805
146,76,200805
146,175,200805
146,101,200805
146,74,200805
146,79,200805
146,178,200805
146,120,200805
146,60,200805
146,48,200805
146,135,200805
146,154,200805
146,460,200805
146,17,200805
146,31,200805
146,29,200805
146,97,200805
146,0,200805
146,75,200805
146,346,200805
146,19,200805
146,57,200805
146,136,200805
146,54,200805
146,80,200805
146,63,200805
146,14,200805
146,249,200805
146,355,200805
146,205,200805
146,124,200805
146,38,200805
146,181,200805
146,134,200805
146,102,200805
146,99,200805
146,320,200805
146,137,200805
146,81,200805
146,46,200805
146,65,200805
146,192,200805
146,40,200805
146,198,200805
146,39,200805
146,171,200805
146,58,200805
146,544,200805
146,141,200805
146,237,200805
146,11,200805
146,182,200805
146,16,200805
146,117,200805
146,32,200805
146,104,200805
146,83,200805
146,176,200805
146,61,200805
146,36,200805
146,95,200805
146,52,200805
146,278,200805
146,55,200805
146,24,200805
146,35,200805
146,94,200805
146,25,200805
146,18,200805
146,170,200805
146,131,200805
146,140,200805
146,139,200805
146,9,200805
146,110,200805
146,78,200805
146,208,200805
146,43,200805
146,15,200805
146,155,200805
146,62,200805
146,85,200805
146,224,200805
146,132,200805
146,142,200805
146,113,200805
146,72,200805
146,96,200805
146,126,200805
146,180,200805
146,2,200805
146,12,200805
146,45,200805
146,13,200805
146,59,200805
146,1,200805
146,100,200805
146,51,200805
146,66,200805
146,27,200805
146,28,200805
146,20,200805
146,4,200805
146,10,200805
147,153,200805
147,136,200805
147,330,200805
147,372,200805
147,160,200805
147,68,200805
147,221,200805
147,169,200805
147,67,200805
147,208,200805
147,21,200805
147,10,200805
147,1169,200805
147,18,200805
147,11,200805
148,9,200805
148,136,200805
149,115,200805
149,552,200805
149,51,200805
149,116,200805
149,136,200805
149,27,200805
149,19,200805
149,756,200805
149,133,200805
149,4,200805
149,52,200805
149,108,200805
149,1149,200805
149,20,200805
149,93,200805
149,112,200805
149,155,200805
149,157,200805
149,48,200805
149,47,200805
149,2,200805
149,96,200805
149,81,200805
149,14,200805
149,100,200805
149,17,200805
149,11,200805
149,60,200805
149,135,200805
149,1,200805
149,0,200805
149,72,200805
149,85,200805
149,25,200805
149,10,200805
149,92,200805
149,137,200805
149,274,200805
150,5,200805
150,133,200805
150,23,200805
150,22,200805
150,27,200805
150,34,200805
150,11,200805
150,25,200805
150,59,200805
150,85,200805
150,160,200805
150,346,200805
150,10,200805
150,121,200805
150,51,200805
150,28,200805
150,17,200805
150,4,200805
150,20,200805
150,136,200805
150,137,200805
150,1,200805
151,40,200805
151,316,200805
151,178,200805
151,266,200805
152,140,200805
152,65,200805
152,39,200805
152,24,200805
152,54,200805
152,72,200805
152,16,200805
152,13,200805
152,156,200805
152,25,200805
152,29,200805
152,46,200805
152,97,200805
152,160,200805
152,137,200805
153,147,200805
153,136,200805
154,29,200805
154,138,200805
154,165,200805
154,160,200805
154,64,200805
154,27,200805
154,339,200805
154,137,200805
154,143,200805
154,433,200805
154,175,200805
154,77,200805
154,265,200805
154,17,200805
154,102,200805
154,394,200805
154,155,200805
154,30,200805
154,69,200805
154,36,200805
154,116,200805
154,45,200805
154,78,200805
154,0,200805
154,19,200805
154,333,200805
154,23,200805
154,93,200805
154,113,200805
154,39,200805
154,149,200805
154,112,200805
154,170,200805
154,136,200805
154,28,200805
154,32,200805
154,20,200805
154,146,200805
154,107,200805
154,180,200805
154,35,200805
154,51,200805
154,81,200805
154,96,200805
154,54,200805
154,142,200805
154,296,200805
154,251,200805
154,48,200805
154,22,200805
154,53,200805
154,59,200805
154,52,200805
154,115,200805
154,522,200805
154,97,200805
154,139,200805
154,5,200805
154,133,200805
154,355,200805
154,275,200805
154,119,200805
154,46,200805
154,83,200805
154,104,200805
154,1482,200805
154,31,200805
154,85,200805
154,132,200805
154,21,200805
154,4,200805
154,2,200805
154,40,200805
154,34,200805
154,120,200805
154,16,200805
154,38,200805
154,18,200805
154,267,200805
154,544,200805
154,375,200805
154,15,200805
154,80,200805
154,100,200805
154,131,200805
154,9,200805
154,60,200805
154,24,200805
154,11,200805
154,72,200805
154,108,200805
154,10,200805
154,14,200805
154,25,200805
154,124,200805
154,6,200805
154,13,200805
154,12,200805
154,1,200805
154,99,200805
154,92,200805
154,26,200805
154,274,200805
154,135,200805
155,19,200805
155,16,200805
155,13,200805
155,160,200805
155,79,200805
155,445,200805
155,80,200805
155,143,200805
155,322,200805
155,77,200805
155,132,200805
155,181,200805
155,81,200805
155,9,200805
155,96,200805
155,78,200805
155,35,200805
155,23,200805
155,21,200805
155,51,200805
155,45,200805
155,25,200805
155,157,200805
155,2,200805
155,137,200805
155,27,200805
155,11,200805
155,5,200805
155,100,200805
155,99,200805
155,85,200805
155,139,200805
155,274,200805
155,165,200805
155,178,200805
155,83,200805
155,20,200805
155,102,200805
155,32,200805
155,60,200805
155,28,200805
155,0,200805
155,36,200805
155,17,200805
155,154,200805
155,136,200805
155,31,200805
155,92,200805
155,26,200805
155,40,200805
155,18,200805
155,64,200805
155,29,200805
155,46,200805
155,48,200805
155,146,200805
155,1,200805
155,97,200805
155,10,200805
155,6,200805
155,108,200805
155,135,200805
155,14,200805
156,141,200805
156,157,200805
156,101,200805
156,97,200805
156,769,200805
156,433,200805
156,342,200805
156,132,200805
156,27,200805
156,16,200805
156,81,200805
156,40,200805
156,64,200805
156,54,200805
156,76,200805
156,154,200805
156,137,200805
156,52,200805
156,24,200805
156,46,200805
156,135,200805
156,136,200805
156,60,200805
156,29,200805
156,108,200805
156,48,200805
156,25,200805
156,160,200805
157,0,200805
157,433,200805
157,141,200805
157,118,200805
157,143,200805
157,119,200805
157,23,200805
157,62,200805
157,57,200805
157,14,200805
157,107,200805
157,19,200805
157,38,200805
157,40,200805
157,20,200805
157,5,200805
157,6,200805
157,28,200805
157,52,200805
157,112,200805
157,31,200805
157,102,200805
157,146,200805
157,2,200805
157,4,200805
157,64,200805
157,136,200805
157,16,200805
157,99,200805
157,85,200805
157,97,200805
157,17,200805
157,10,200805
157,1,200805
157,29,200805
157,32,200805
157,60,200805
157,46,200805
157,160,200805
157,135,200805
157,25,200805
157,92,200805
157,137,200805
158,24,200805
158,341,200805
158,266,200805
158,178,200805
158,346,200805
158,46,200805
158,97,200805
159,160,200805
159,77,200805
159,143,200805
159,120,200805
159,107,200805
159,48,200805
159,266,200805
159,375,200805
159,1227,200805
159,136,200805
159,18,200805
159,97,200805
159,32,200805
159,137,200805
159,10,200805
159,29,200805
160,176,200805
160,195,200805
160,14,200805
160,57,200805
160,84,200805
160,131,200805
160,93,200805
160,143,200805
160,13,200805
160,15,200805
160,23,200805
160,6,200805
160,20,200805
160,25,200805
160,115,200805
160,140,200805
160,197,200805
160,180,200805
160,62,200805
160,44,200805
160,24,200805
160,10,200805
160,54,200805
160,29,200805
160,41,200805
160,52,200805
160,2,200805
160,126,200805
160,132,200805
160,83,200805
160,146,200805
160,64,200805
160,4,200805
160,31,200805
160,147,200805
160,45,200805
160,133,200805
160,136,200805
160,28,200805
160,5,200805
160,134,200805
160,512,200805
160,35,200805
160,53,200805
160,34,200805
160,9,200805
160,165,200805
160,155,200805
160,120,200805
160,69,200805
160,63,200805
160,77,200805
160,175,200805
160,281,200805
160,17,200805
160,138,200805
160,39,200805
160,144,200805
160,104,200805
160,59,200805
160,183,200805
160,38,200805
160,89,200805
160,46,200805
160,21,200805
160,98,200805
160,85,200805
160,234,200805
160,118,200805
160,40,200805
160,32,200805
160,113,200805
160,112,200805
160,154,200805
160,48,200805
160,16,200805
160,78,200805
160,181,200805
160,110,200805
160,18,200805
160,97,200805
160,339,200805
160,0,200805
160,51,200805
160,79,200805
160,188,200805
160,194,200805
160,76,200805
160,72,200805
160,95,200805
160,224,200805
160,22,200805
160,30,200805
160,216,200805
160,100,200805
160,12,200805
160,11,200805
160,61,200805
160,70,200805
160,27,200805
160,159,200805
160,108,200805
160,1,200805
160,117,200805
160,137,200805
160,142,200805
160,80,200805
160,60,200805
160,129,200805
160,433,200805
160,96,200805
160,107,200805
160,19,200805
160,102,200805
160,101,200805
160,139,200805
160,74,200805
160,287,200805
160,860,200805
160,124,200805
160,211,200805
160,457,200805
160,86,200805
160,935,200805
160,318,200805
160,198,200805
160,309,200805
160,141,200805
160,871,200805
160,65,200805
160,341,200805
160,543,200805
160,26,200805
160,379,200805
160,393,200805
160,163,200805
160,544,200805
160,250,200805
160,152,200805
160,249,200805
160,58,200805
160,157,200805
160,156,200805
160,81,200805
160,355,200805
160,99,200805
161,309,200805
161,6,200805
161,133,200805
161,26,200805
161,108,200805
161,5,200805
161,154,200805
161,137,200805
161,25,200805
161,10,200805
163,15,200805
163,433,200805
163,122,200805
163,83,200805
163,94,200805
163,29,200805
163,32,200805
163,136,200805
163,18,200805
163,60,200805
163,137,200805
163,160,200805
163,97,200805
164,223,200805
164,303,200805
164,84,200805
164,29,200805
164,21,200805
164,22,200805
164,40,200805
164,31,200805
164,18,200805
164,30,200805
164,1227,200805
164,136,200805
164,10,200805
164,4,200805
164,11,200805
165,339,200805
165,530,200805
165,46,200805
165,10,200805
165,85,200805
165,1,200805
165,391,200805
165,433,200805
165,137,200805
165,143,200805
165,96,200805
165,160,200805
165,2,200805
165,154,200805
165,27,200805
165,213,200805
165,211,200805
165,22,200805
165,33,200805
165,1794,200805
165,189,200805
165,183,200805
165,180,200805
165,93,200805
165,83,200805
165,5,200805
165,52,200805
165,32,200805
165,4,200805
165,801,200805
165,16,200805
165,69,200805
165,47,200805
165,124,200805
165,119,200805
165,11,200805
165,1227,200805
165,133,200805
165,107,200805
165,51,200805
165,48,200805
165,72,200805
165,80,200805
165,108,200805
165,23,200805
165,113,200805
165,0,200805
165,136,200805
165,9,200805
165,24,200805
165,31,200805
165,21,200805
165,19,200805
165,58,200805
165,1169,200805
165,18,200805
165,155,200805
165,20,200805
165,6,200805
165,112,200805
165,25,200805
165,60,200805
165,14,200805
165,135,200805
165,115,200805
165,97,200805
165,28,200805
165,17,200805
165,29,200805
165,92,200805
165,274,200805
166,136,200805
166,322,200805
166,372,200805
167,40,200805
167,97,200805
167,393,200805
167,120,200805
167,344,200805
167,101,200805
168,203,200805
169,147,200805
169,27,200805
169,2,200805
169,18,200805
169,133,200805
169,85,200805
169,53,200805
169,29,200805
169,136,200805
169,11,200805
170,32,200805
170,19,200805
170,138,200805
170,143,200805
170,397,200805
170,16,200805
170,6,200805
170,64,200805
170,1147,200805
170,346,200805
170,97,200805
170,29,200805
170,375,200805
170,266,200805
170,146,200805
170,18,200805
171,265,200805
171,176,200805
171,233,200805
171,19,200805
171,120,200805
171,146,200805
171,32,200805
171,18,200805
171,29,200805
172,129,200805
172,1215,200805
172,26,200805
172,64,200805
172,52,200805
172,29,200805
172,173,200805
172,6,200805
172,19,200805
172,48,200805
172,59,200805
172,46,200805
172,97,200805
172,35,200805
173,129,200805
173,278,200805
173,46,200805
173,1129,200805
173,97,200805
173,172,200805
173,35,200805
174,163,200805
174,276,200805
174,346,200805
174,61,200805
174,18,200805
174,136,200805
175,83,200805
175,89,200805
175,274,200805
175,34,200805
175,53,200805
175,52,200805
175,6,200805
175,160,200805
175,136,200805
175,18,200805
175,117,200805
175,138,200805
175,57,200805
175,97,200805
175,154,200805
175,112,200805
175,137,200805
175,247,200805
175,27,200805
175,17,200805
175,19,200805
175,31,200805
175,60,200805
175,496,200805
175,146,200805
175,178,200805
175,23,200805
175,16,200805
175,375,200805
175,266,200805
175,32,200805
175,29,200805
176,143,200805
176,26,200805
176,160,200805
176,9,200805
176,19,200805
176,77,200805
176,387,200805
176,433,200805
176,6,200805
176,62,200805
176,124,200805
176,81,200805
176,156,200805
176,27,200805
176,341,200805
176,154,200805
176,80,200805
176,85,200805
176,97,200805
176,0,200805
176,94,200805
176,100,200805
176,60,200805
176,29,200805
176,46,200805
176,13,200805
176,32,200805
176,40,200805
176,16,200805
176,146,200805
176,18,200805
176,137,200805
176,64,200805
177,311,200805
177,69,200805
177,31,200805
177,112,200805
177,5,200805
177,22,200805
177,49,200805
177,51,200805
177,10,200805
177,136,200805
177,11,200805
177,4,200805
178,14,200805
178,342,200805
178,266,200805
178,180,200805
178,175,200805
178,6,200805
178,237,200805
178,134,200805
178,208,200805
178,126,200805
178,117,200805
178,54,200805
178,140,200805
178,155,200805
178,151,200805
178,0,200805
178,102,200805
178,320,200805
178,77,200805
178,445,200805
178,24,200805
178,120,200805
178,56,200805
178,288,200805
178,97,200805
178,1045,200805
178,100,200805
178,36,200805
178,83,200805
178,75,200805
178,158,200805
178,81,200805
178,63,200805
178,57,200805
178,375,200805
178,18,200805
178,32,200805
178,62,200805
178,29,200805
178,45,200805
178,362,200805
178,316,200805
178,129,200805
178,13,200805
178,142,200805
178,76,200805
178,40,200805
178,46,200805
178,101,200805
178,16,200805
178,108,200805
178,139,200805
178,60,200805
178,48,200805
180,176,200805
180,28,200805
180,160,200805
180,6,200805
180,766,200805
180,40,200805
180,55,200805
180,134,200805
180,52,200805
180,433,200805
180,143,200805
180,126,200805
180,76,200805
180,25,200805
180,0,200805
180,2,200805
180,18,200805
180,22,200805
180,11,200805
180,27,200805
180,100,200805
180,94,200805
180,60,200805
180,81,200805
180,12,200805
180,136,200805
180,139,200805
180,112,200805
180,17,200805
180,36,200805
180,96,200805
180,38,200805
180,21,200805
180,5,200805
180,178,200805
180,46,200805
180,13,200805
180,48,200805
180,29,200805
180,133,200805
180,142,200805
180,99,200805
180,26,200805
180,83,200805
180,1,200805
180,59,200805
180,19,200805
180,64,200805
180,146,200805
180,108,200805
180,10,200805
180,16,200805
180,97,200805
180,135,200805
180,32,200805
180,14,200805
181,433,200805
181,2,200805
181,546,200805
181,429,200805
181,54,200805
181,270,200805
181,1188,200805
181,160,200805
181,77,200805
181,52,200805
181,233,200805
181,108,200805
181,146,200805
181,18,200805
181,101,200805
181,64,200805
181,249,200805
181,79,200805
181,6,200805
181,134,200805
181,61,200805
181,420,200805
181,135,200805
181,60,200805
181,32,200805
181,17,200805
181,99,200805
181,29,200805
181,1147,200805
181,25,200805
181,125,200805
181,19,200805
181,14,200805
181,136,200805
181,16,200805
181,26,200805
181,137,200805
181,97,200805
182,398,200805
182,176,200805
182,208,200805
182,175,200805
182,160,200805
182,143,200805
182,342,200805
182,34,200805
182,675,200805
182,60,200805
182,19,200805
182,146,200805
182,46,200805
182,16,200805
182,97,200805
182,29,200805
182,32,200805
183,914,200805
183,11,200805
183,143,200805
183,1,200805
183,77,200805
183,501,200805
183,457,200805
183,160,200805
183,147,200805
183,80,200805
183,52,200805
183,26,200805
183,99,200805
183,83,200805
183,85,200805
183,0,200805
183,108,200805
183,6,200805
183,32,200805
183,233,200805
183,137,200805
183,4,200805
183,31,200805
183,165,200805
183,59,200805
183,81,200805
183,64,200805
183,60,200805
183,23,200805
183,223,200805
183,21,200805
183,2,200805
183,12,200805
183,301,200805
183,346,200805
183,286,200805
183,28,200805
183,112,200805
183,136,200805
183,17,200805
183,317,200805
183,135,200805
183,105,200805
183,29,200805
183,5,200805
183,107,200805
183,69,200805
183,20,200805
183,51,200805
183,10,200805
183,18,200805
184,761,200805
184,795,200805
184,51,200805
184,215,200805
184,22,200805
184,10,200805
184,1,200805
184,136,200805
184,11,200805
184,17,200805
184,4,200805
184,20,200805
185,110,200805
185,290,200805
185,525,200805
185,698,200805
185,1226,200805
185,808,200805
185,256,200805
185,232,200805
185,657,200805
185,1078,200805
185,1583,200805
185,656,200805
185,847,200805
185,665,200805
185,651,200805
185,650,200805
185,1076,200805
185,253,200805
185,947,200805
185,696,200805
185,630,200805
185,658,200805
185,953,200805
185,591,200805
185,474,200805
185,922,200805
185,465,200805
185,1612,200805
185,1089,200805
185,699,200805
185,186,200805
185,200,200805
185,468,200805
185,1027,200805
185,997,200805
185,926,200805
185,1594,200805
185,1016,200805
185,1327,200805
185,1701,200805
185,937,200805
185,697,200805
186,110,200805
186,620,200805
186,555,200805
186,185,200805
186,525,200805
186,559,200805
186,1011,200805
186,560,200805
186,922,200805
186,650,200805
186,200,200805
186,665,200805
186,1016,200805
186,630,200805
186,258,200805
186,556,200805
186,558,200805
186,571,200805
186,473,200805
186,232,200805
186,474,200805
186,561,200805
187,154,200805
188,433,200805
188,157,200805
188,151,200805
188,143,200805
188,160,200805
188,175,200805
188,419,200805
188,124,200805
188,25,200805
188,339,200805
188,45,200805
188,101,200805
188,17,200805
188,72,200805
188,76,200805
188,224,200805
188,29,200805
188,32,200805
188,10,200805
188,266,200805
188,97,200805
188,137,200805
189,23,200805
189,70,200805
189,53,200805
189,132,200805
189,2,200805
189,22,200805
189,10,200805
189,112,200805
189,28,200805
189,51,200805
189,4,200805
189,137,200805
189,11,200805
189,21,200805
189,17,200805
189,136,200805
189,20,200805
189,1,200805
190,110,200805
190,696,200805
190,1183,200805
190,920,200805
190,201,200805
190,897,200805
191,110,200805
192,40,200805
192,43,200805
192,544,200805
192,6,200805
192,739,200805
192,146,200805
192,26,200805
192,19,200805
192,32,200805
192,46,200805
192,64,200805
192,97,200805
193,137,200805
193,32,200805
193,29,200805
194,160,200805
194,52,200805
194,76,200805
194,77,200805
194,60,200805
194,48,200805
194,6,200805
194,59,200805
195,180,200805
195,59,200805
195,26,200805
195,433,200805
195,134,200805
195,160,200805
195,6,200805
195,157,200805
195,0,200805
195,74,200805
195,194,200805
195,129,200805
195,154,200805
195,9,200805
195,34,200805
195,36,200805
195,19,200805
195,32,200805
195,60,200805
195,108,200805
195,48,200805
195,97,200805
196,470,200805
196,547,200805
196,367,200805
196,364,200805
196,225,200805
196,447,200805
196,424,200805
196,551,200805
196,712,200805
196,477,200805
196,472,200805
196,489,200805
196,1060,200805
196,363,200805
196,528,200805
196,475,200805
196,402,200805
196,366,200805
196,110,200805
196,478,200805
196,705,200805
196,504,200805
196,412,200805
196,1132,200805
196,471,200805
196,448,200805
196,378,200805
196,377,200805
196,400,200805
196,365,200805
196,852,200805
196,351,200805
196,352,200805
196,678,200805
196,1362,200805
196,626,200805
196,383,200805
196,622,200805
196,786,200805
196,578,200805
196,409,200805
196,247,200805
196,681,200805
196,594,200805
196,451,200805
196,550,200805
196,229,200805
196,667,200805
196,425,200805
196,595,200805
196,535,200805
196,516,200805
196,479,200805
196,526,200805
196,794,200805
196,506,200805
196,127,200805
196,32,200805
196,427,200805
196,1134,200805
196,109,200805
196,18,200805
196,4,200805
197,182,200805
197,160,200805
197,77,200805
197,433,200805
197,545,200805
197,62,200805
197,1208,200805
197,139,200805
197,64,200805
197,32,200805
197,13,200805
197,18,200805
197,25,200805
197,108,200805
197,420,200805
197,26,200805
197,137,200805
197,10,200805
197,16,200805
197,54,200805
197,60,200805
197,29,200805
197,97,200805
198,44,200805
198,216,200805
198,100,200805
198,25,200805
198,77,200805
198,83,200805
198,160,200805
198,146,200805
198,137,200805
198,32,200805
198,97,200805
198,29,200805
199,20,200805
200,656,200805
200,657,200805
200,698,200805
200,185,200805
200,697,200805
200,937,200805
201,110,200805
201,290,200805
201,696,200805
201,697,200805
201,190,200805
203,291,200805
203,87,200805
203,168,200805
204,115,200805
204,137,200805
205,40,200805
205,15,200805
205,269,200805
205,97,200805
205,146,200805
205,32,200805
205,19,200805
205,64,200805
206,117,200805
206,6,200805
206,13,200805
206,208,200805
206,66,200805
206,19,200805
206,32,200805
207,64,200805
207,45,200805
207,1044,200805
208,6,200805
208,135,200805
208,206,200805
208,1441,200805
208,2006,200805
208,75,200805
208,181,200805
208,2099,200805
208,2076,200805
208,146,200805
208,1335,200805
208,463,200805
208,189,200805
208,39,200805
208,1900,200805
208,349,200805
208,66,200805
208,297,200805
208,46,200805
208,62,200805
208,95,200805
208,19,200805
208,13,200805
208,18,200805
208,29,200805
208,32,200805
208,64,200805
208,16,200805
208,99,200805
208,139,200805
208,97,200805
208,48,200805
208,36,200805
208,60,200805
209,1,200805
210,826,200805
210,1057,200805
210,750,200805
210,998,200805
211,23,200805
211,22,200805
211,53,200805
211,9,200805
211,85,200805
211,160,200805
211,69,200805
211,1295,200805
211,10,200805
211,28,200805
211,21,200805
211,11,200805
211,17,200805
211,20,200805
211,136,200805
211,1,200805
212,89,200805
213,164,200805
213,184,200805
213,160,200805
213,26,200805
213,31,200805
213,18,200805
213,25,200805
213,10,200805
213,222,200805
213,51,200805
213,21,200805
213,20,200805
213,11,200805
213,29,200805
213,136,200805
213,17,200805
213,1,200805
213,4,200805
213,137,200805
214,33,200805
214,51,200805
214,215,200805
214,96,200805
214,135,200805
214,10,200805
214,17,200805
214,20,200805
214,11,200805
214,4,200805
215,741,200805
215,214,200805
215,51,200805
216,188,200805
216,379,200805
216,25,200805
216,160,200805
216,137,200805
216,97,200805
217,129,200805
217,48,200805
217,59,200805
217,60,200805
220,115,200805
220,97,200805
220,107,200805
220,25,200805
220,137,200805
221,147,200805
221,136,200805
221,502,200805
221,1169,200805
222,748,200805
222,747,200805
222,4,200805
222,1169,200805
222,213,200805
222,107,200805
222,1227,200805
222,10,200805
223,84,200805
223,164,200805
223,40,200805
223,133,200805
223,25,200805
223,28,200805
223,183,200805
223,30,200805
223,136,200805
223,18,200805
223,4,200805
223,11,200805
224,58,200805
224,433,200805
224,160,200805
224,355,200805
224,188,200805
224,309,200805
224,107,200805
224,99,200805
224,48,200805
224,137,200805
224,46,200805
224,25,200805
224,375,200805
224,29,200805
224,146,200805
224,266,200805
224,97,200805
225,196,200805
225,475,200805
225,472,200805
225,471,200805
225,378,200805
225,110,200805
225,377,200805
225,400,200805
225,364,200805
225,226,200805
225,590,200805
225,412,200805
225,470,200805
225,712,200805
225,600,200805
225,489,200805
225,351,200805
225,594,200805
225,352,200805
226,604,200805
226,231,200805
226,590,200805
226,110,200805
226,351,200805
226,573,200805
226,586,200805
226,527,200805
226,574,200805
226,572,200805
226,576,200805
226,660,200805
226,470,200805
226,589,200805
226,679,200805
227,11,200805
228,11,200805
229,1004,200805
229,642,200805
229,663,200805
229,669,200805
229,637,200805
229,110,200805
229,824,200805
229,640,200805
229,925,200805
229,196,200805
229,1377,200805
229,627,200805
230,110,200805
230,594,200805
230,634,200805
230,640,200805
230,229,200805
230,639,200805
230,636,200805
230,600,200805
230,642,200805
230,232,200805
230,635,200805
230,638,200805
230,596,200805
230,231,200805
230,641,200805
230,465,200805
230,471,200805
231,643,200805
231,465,200805
231,232,200805
231,110,200805
231,575,200805
231,576,200805
231,639,200805
231,604,200805
231,605,200805
231,586,200805
231,319,200805
231,351,200805
231,230,200805
231,527,200805
231,599,200805
232,110,200805
232,605,200805
232,231,200805
232,260,200805
232,591,200805
232,602,200805
232,229,200805
232,624,200805
232,525,200805
232,644,200805
232,603,200805
232,670,200805
232,254,200805
232,256,200805
232,259,200805
232,597,200805
232,186,200805
232,659,200805
232,664,200805
232,600,200805
232,253,200805
232,263,200805
232,715,200805
232,239,200805
232,465,200805
232,599,200805
232,252,200805
232,645,200805
232,700,200805
232,273,200805
232,622,200805
232,257,200805
232,255,200805
232,556,200805
232,658,200805
232,576,200805
232,258,200805
232,230,200805
232,661,200805
232,601,200805
232,596,200805
232,634,200805
232,594,200805
232,636,200805
232,638,200805
232,639,200805
232,640,200805
232,641,200805
232,425,200805
232,473,200805
232,635,200805
232,598,200805
232,1494,200805
232,575,200805
232,558,200805
232,898,200805
232,560,200805
232,643,200805
232,527,200805
232,185,200805
232,561,200805
232,319,200805
233,144,200805
233,99,200805
233,24,200805
233,16,200805
233,20,200805
233,60,200805
233,346,200805
233,32,200805
233,1169,200805
233,18,200805
233,10,200805
234,61,200805
234,738,200805
234,762,200805
234,802,200805
234,909,200805
234,122,200805
234,160,200805
234,123,200805
234,46,200805
234,908,200805
234,97,200805
234,1169,200805
234,18,200805
235,110,200805
235,201,200805
235,196,200805
235,1056,200805
235,867,200805
235,1381,200805
236,110,200805
236,474,200805
236,841,200805
236,525,200805
237,178,200805
237,38,200805
237,102,200805
237,160,200805
237,233,200805
237,76,200805
237,1147,200805
237,99,200805
237,46,200805
237,60,200805
237,146,200805
237,18,200805
237,25,200805
237,6,200805
237,32,200805
237,97,200805
238,5,200805
238,86,200805
238,1169,200805
238,4,200805
238,11,200805
239,232,200805
239,258,200805
239,253,200805
239,254,200805
239,252,200805
241,59,200805
241,341,200805
242,163,200805
242,46,200805
242,18,200805
242,32,200805
242,99,200805
242,1587,200805
242,29,200805
243,89,200805
243,4,200805
243,90,200805
243,7,200805
243,8,200805
243,29,200805
243,136,200805
243,1,200805
243,17,200805
243,20,200805
244,137,200805
244,346,200805
245,495,200805
245,25,200805
245,110,200805
245,17,200805
245,279,200805
247,110,200805
247,143,200805
247,138,200805
247,914,200805
247,11,200805
247,23,200805
247,51,200805
247,433,200805
247,69,200805
247,175,200805
247,979,200805
247,81,200805
247,32,200805
247,113,200805
247,28,200805
247,137,200805
247,748,200805
247,810,200805
247,747,200805
247,843,200805
248,11,200805
249,120,200805
249,141,200805
249,544,200805
249,24,200805
249,146,200805
249,60,200805
249,46,200805
249,160,200805
249,97,200805
250,35,200805
250,165,200805
250,34,200805
250,99,200805
250,25,200805
250,46,200805
250,160,200805
250,97,200805
251,522,200805
251,1,200805
251,154,200805
251,27,200805
252,230,200805
252,602,200805
252,659,200805
252,253,200805
252,254,200805
252,239,200805
252,232,200805
253,252,200805
253,239,200805
253,254,200805
253,232,200805
254,252,200805
254,253,200805
254,239,200805
254,232,200805
255,232,200805
255,239,200805
255,601,200805
255,258,200805
255,260,200805
255,602,200805
255,259,200805
255,257,200805
255,591,200805
256,232,200805
256,185,200805
256,597,200805
256,263,200805
256,602,200805
256,664,200805
256,260,200805
256,601,200805
257,232,200805
257,186,200805
257,258,200805
257,256,200805
257,601,200805
257,602,200805
257,260,200805
257,700,200805
257,560,200805
257,591,200805
257,255,200805
258,239,200805
258,601,200805
258,259,200805
258,661,200805
258,670,200805
258,624,200805
258,232,200805
259,232,200805
259,260,200805
259,659,200805
259,255,200805
260,232,200805
260,257,200805
260,239,200805
260,263,200805
260,259,200805
260,597,200805
260,255,200805
260,659,200805
260,256,200805
260,601,200805
260,661,200805
261,5,200805
261,1265,200805
261,53,200805
261,2,200805
261,107,200805
261,10,200805
261,23,200805
261,136,200805
261,17,200805
261,121,200805
261,28,200805
261,1,200805
261,20,200805
263,232,200805
263,601,200805
263,258,200805
263,256,200805
263,260,200805
263,670,200805
263,597,200805
263,602,200805
264,288,200805
265,433,200805
265,27,200805
265,20,200805
265,99,200805
265,132,200805
265,9,200805
265,54,200805
265,26,200805
265,14,200805
265,346,200805
265,64,200805
265,1227,200805
265,18,200805
265,10,200805
265,136,200805
265,29,200805
266,2,200805
266,36,200805
266,362,200805
266,158,200805
266,100,200805
266,1147,200805
266,34,200805
266,15,200805
266,61,200805
266,710,200805
266,278,200805
266,62,200805
266,140,200805
266,66,200805
266,815,200805
266,151,200805
266,175,200805
266,159,200805
266,132,200805
266,114,200805
266,170,200805
266,341,200805
266,188,200805
266,138,200805
266,58,200805
266,104,200805
266,141,200805
266,95,200805
266,76,200805
266,224,200805
266,57,200805
266,79,200805
266,101,200805
267,154,200805
267,29,200805
267,64,200805
268,11,200805
268,105,200805
268,4,200805
269,138,200805
269,433,200805
269,60,200805
269,29,200805
269,32,200805
269,97,200805
270,181,200805
270,62,200805
270,99,200805
270,18,200805
270,32,200805
270,29,200805
271,265,200805
271,18,200805
273,232,200805
273,602,200805
273,257,200805
273,259,200805
273,659,200805
274,65,200805
274,6,200805
274,85,200805
274,433,200805
274,36,200805
274,139,200805
274,40,200805
274,180,200805
274,64,200805
274,92,200805
274,16,200805
274,113,200805
274,142,200805
274,52,200805
274,83,200805
274,1088,200805
274,223,200805
274,60,200805
274,38,200805
274,119,200805
274,69,200805
274,23,200805
274,20,200805
274,112,200805
274,102,200805
274,155,200805
274,1169,200805
274,133,200805
274,81,200805
274,21,200805
274,32,200805
274,77,200805
274,51,200805
274,12,200805
274,143,200805
274,100,200805
274,11,200805
274,19,200805
274,5,200805
274,48,200805
274,4,200805
274,31,200805
274,108,200805
274,28,200805
274,136,200805
274,14,200805
274,17,200805
274,47,200805
274,27,200805
274,1,200805
274,10,200805
274,80,200805
274,135,200805
274,93,200805
274,25,200805
274,9,200805
274,165,200805
274,149,200805
274,116,200805
274,72,200805
274,124,200805
274,96,200805
274,0,200805
274,154,200805
274,115,200805
274,2,200805
275,154,200805
276,54,200805
276,814,200805
276,205,200805
276,74,200805
276,18,200805
276,29,200805
276,32,200805
277,19,200805
278,76,200805
278,155,200805
278,176,200805
278,64,200805
278,320,200805
278,146,200805
278,13,200805
278,287,200805
278,444,200805
278,101,200805
278,154,200805
278,25,200805
278,160,200805
278,342,200805
278,52,200805
278,16,200805
278,19,200805
278,46,200805
278,341,200805
278,26,200805
278,266,200805
278,97,200805
279,280,200805
279,245,200805
279,23,200805
280,279,200805
280,89,200805
281,6,200805
281,143,200805
281,18,200805
281,160,200805
281,146,200805
281,59,200805
281,77,200805
281,16,200805
281,320,200805
282,274,200805
282,384,200805
282,1227,200805
282,401,200805
282,339,200805
282,507,200805
283,26,200805
284,129,200805
285,181,200805
285,60,200805
286,25,200805
286,0,200805
286,40,200805
286,183,200805
287,146,200805
287,46,200805
287,97,200805
288,482,200805
288,178,200805
288,83,200805
288,237,200805
288,34,200805
289,134,200805
289,13,200805
290,110,200805
290,808,200805
291,203,200805
291,87,200805
292,29,200805
293,52,200805
293,746,200805
293,744,200805
294,160,200805
294,285,200805
295,51,200805
295,111,200805
295,53,200805
295,33,200805
295,11,200805
296,138,200805
296,143,200805
296,15,200805
296,154,200805
297,313,200805
297,102,200805
297,349,200805
297,1130,200805
297,208,200805
297,444,200805
297,59,200805
297,26,200805
297,1674,200805
297,13,200805
298,432,200805
298,18,200805
299,130,200805
299,96,200805
299,941,200805
299,1,200805
299,136,200805
300,4,200805
301,317,200805
301,183,200805
301,4,200805
303,11,200805
303,136,200805
305,830,200805
305,684,200805
305,110,200805
305,4,200805
305,247,200805
305,633,200805
305,109,200805
306,109,200805
306,110,200805
306,128,200805
306,427,200805
306,4,200805
307,136,200805
309,224,200805
309,167,200805
309,141,200805
309,46,200805
309,160,200805
309,97,200805
309,137,200805
310,510,200805
310,530,200805
311,69,200805
311,3,200805
311,50,200805
311,4,200805
312,1329,200805
313,297,200805
313,26,200805
313,349,200805
313,13,200805
314,53,200805
314,154,200805
314,433,200805
314,27,200805
315,17,200805
315,20,200805
316,126,200805
316,270,200805
316,60,200805
316,151,200805
316,178,200805
316,34,200805
316,32,200805
317,69,200805
317,72,200805
317,301,200805
317,183,200805
317,11,200805
317,4,200805
318,65,200805
318,160,200805
319,232,200805
319,527,200805
319,351,200805
319,465,200805
319,231,200805
319,643,200805
319,639,200805
319,604,200805
319,605,200805
319,575,200805
319,576,200805
320,288,200805
320,482,200805
320,39,200805
320,250,200805
320,100,200805
320,544,200805
320,77,200805
320,249,200805
320,27,200805
320,180,200805
320,20,200805
320,160,200805
320,6,200805
320,24,200805
320,108,200805
320,32,200805
320,135,200805
320,444,200805
320,19,200805
320,18,200805
320,375,200805
320,40,200805
320,341,200805
320,178,200805
320,26,200805
320,64,200805
320,116,200805
320,434,200805
320,99,200805
320,281,200805
320,146,200805
320,815,200805
320,46,200805
320,13,200805
320,29,200805
320,97,200805
320,48,200805
322,241,200805
322,675,200805
322,35,200805
322,100,200805
322,59,200805
322,1210,200805
322,294,200805
322,785,200805
323,89,200805
323,7,200805
323,770,200805
326,25,200805
327,143,200805
327,188,200805
327,25,200805
329,282,200805
330,358,200805
330,136,200805
330,11,200805
332,9,200805
332,19,200805
332,32,200805
332,64,200805
333,652,200805
333,1044,200805
333,1147,200805
333,107,200805
333,25,200805
333,137,200805
335,107,200805
335,25,200805
336,25,200805
336,9,200805
336,125,200805
336,137,200805
338,79,200805
338,81,200805
338,66,200805
338,83,200805
338,26,200805
338,32,200805
338,19,200805
339,160,200805
339,486,200805
339,1099,200805
339,93,200805
339,24,200805
339,175,200805
339,433,200805
339,57,200805
339,124,200805
339,97,200805
339,1232,200805
339,2,200805
339,188,200805
339,157,200805
339,85,200805
339,142,200805
339,137,200805
339,25,200805
339,115,200805
339,138,200805
339,282,200805
339,10,200805
340,25,200805
341,278,200805
341,98,200805
341,13,200805
341,497,200805
341,54,200805
341,34,200805
341,143,200805
341,65,200805
341,163,200805
341,14,200805
341,97,200805
341,1237,200805
341,66,200805
341,158,200805
341,106,200805
341,31,200805
341,320,200805
341,104,200805
341,92,200805
341,139,200805
341,72,200805
341,141,200805
341,16,200805
341,40,200805
341,46,200805
341,375,200805
341,29,200805
341,160,200805
341,266,200805
341,48,200805
341,108,200805
341,137,200805
341,25,200805
342,398,200805
342,178,200805
342,120,200805
342,76,200805
342,65,200805
342,124,200805
342,435,200805
342,31,200805
342,80,200805
342,278,200805
342,495,200805
342,46,200805
342,97,200805
344,167,200805
344,138,200805
344,97,200805
344,137,200805
345,515,200805
345,536,200805
345,10,200805
345,1,200805
346,1,200805
346,750,200805
346,23,200805
346,132,200805
346,1227,200805
346,122,200805
346,483,200805
346,137,200805
346,443,200805
346,144,200805
346,233,200805
346,408,200805
346,195,200805
346,174,200805
346,170,200805
346,18,200805
346,265,200805
346,84,200805
346,12,200805
346,103,200805
346,76,200805
346,223,200805
346,104,200805
346,728,200805
346,544,200805
346,112,200805
346,28,200805
346,150,200805
346,244,200805
346,710,200805
346,116,200805
346,16,200805
346,136,200805
346,320,200805
346,183,200805
346,537,200805
346,44,200805
346,863,200805
346,866,200805
346,93,200805
346,131,200805
346,145,200805
346,138,200805
346,74,200805
346,9,200805
346,133,200805
346,135,200805
346,121,200805
346,34,200805
347,108,200805
348,23,200805
348,17,200805
349,102,200805
349,297,200805
349,208,200805
349,6,200805
349,27,200805
349,444,200805
349,313,200805
349,26,200805
349,1674,200805
349,13,200805
351,572,200805
351,606,200805
351,589,200805
351,554,200805
351,196,200805
351,660,200805
351,587,200805
351,352,200805
351,226,200805
351,232,200805
351,573,200805
351,679,200805
351,574,200805
351,607,200805
351,586,200805
351,110,200805
351,319,200805
351,564,200805
351,565,200805
351,1140,200805
351,647,200805
351,465,200805
351,498,200805
351,604,200805
351,1083,200805
351,590,200805
351,760,200805
352,678,200805
352,110,200805
352,623,200805
352,564,200805
352,572,200805
352,625,200805
352,579,200805
352,565,200805
352,484,200805
352,1203,200805
352,351,200805
352,196,200805
352,621,200805
352,622,200805
352,694,200805
352,626,200805
352,532,200805
352,424,200805
352,477,200805
352,425,200805
352,805,200805
352,693,200805
353,17,200805
354,1120,200805
354,181,200805
354,739,200805
354,507,200805
354,380,200805
354,138,200805
355,320,200805
355,208,200805
355,43,200805
355,45,200805
355,24,200805
355,38,200805
355,27,200805
355,154,200805
355,146,200805
355,108,200805
355,25,200805
355,29,200805
355,46,200805
355,97,200805
355,160,200805
355,137,200805
357,1259,200805
357,1286,200805
357,1129,200805
358,147,200805
358,136,200805
359,891,200805
359,136,200805
361,136,200805
362,32,200805
362,16,200805
362,40,200805
362,43,200805
362,269,200805
362,78,200805
362,12,200805
362,178,200805
362,19,200805
363,196,200805
363,366,200805
364,196,200805
364,365,200805
364,551,200805
364,712,200805
364,366,200805
365,196,200805
365,400,200805
365,402,200805
366,196,200805
366,409,200805
366,551,200805
366,364,200805
366,402,200805
366,363,200805
367,196,200805
368,136,200805
368,27,200805
369,60,200805
370,60,200805
371,25,200805
371,136,200805
372,147,200805
372,1169,200805
372,136,200805
373,722,200805
373,64,200805
374,95,200805
374,64,200805
375,100,200805
375,143,200805
375,39,200805
375,35,200805
375,27,200805
375,60,200805
375,266,200805
375,97,200805
375,19,200805
375,14,200805
375,137,200805
375,154,200805
375,113,200805
375,320,200805
375,26,200805
375,178,200805
375,1147,200805
375,341,200805
375,159,200805
375,138,200805
375,140,200805
375,95,200805
375,132,200805
375,104,200805
375,175,200805
375,66,200805
375,62,200805
375,170,200805
375,79,200805
375,16,200805
375,224,200805
375,76,200805
375,40,200805
375,101,200805
375,57,200805
375,32,200805
375,29,200805
376,136,200805
377,472,200805
377,681,200805
377,412,200805
377,378,200805
377,225,200805
377,196,200805
377,471,200805
378,196,200805
378,412,200805
378,377,200805
378,225,200805
378,472,200805
379,871,200805
379,146,200805
379,160,200805
380,354,200805
381,142,200805
381,1086,200805
381,64,200805
383,667,200805
384,23,200805
384,251,200805
384,519,200805
384,143,200805
384,46,200805
385,282,200805
385,2,200805
385,25,200805
387,176,200805
387,739,200805
387,41,200805
387,19,200805
388,27,200805
389,59,200805
389,1234,200805
389,19,200805
390,25,200805
390,137,200805
391,27,200805
393,216,200805
393,141,200805
393,65,200805
393,342,200805
393,93,200805
393,1037,200805
393,25,200805
393,160,200805
393,137,200805
393,97,200805
394,154,200805
394,354,200805
395,17,200805
398,48,200805
398,57,200805
398,97,200805
400,196,200805
400,451,200805
400,365,200805
400,378,200805
400,447,200805
401,1227,200805
401,274,200805
402,366,200805
402,196,200805
407,61,200805
407,111,200805
407,18,200805
408,346,200805
408,18,200805
409,365,200805
409,578,200805
409,366,200805
409,196,200805
410,413,200805
410,18,200805
412,196,200805
412,378,200805
412,225,200805
412,377,200805
412,489,200805
413,410,200805
413,18,200805
415,61,200805
415,416,200805
415,804,200805
415,136,200805
415,18,200805
416,415,200805
416,61,200805
416,18,200805
420,181,200805
420,197,200805
420,54,200805
420,32,200805
422,276,200805
422,430,200805
422,440,200805
422,81,200805
422,18,200805
423,426,200805
423,144,200805
423,1829,200805
423,18,200805
424,425,200805
424,477,200805
424,110,200805
424,476,200805
424,1114,200805
424,469,200805
424,623,200805
424,532,200805
424,535,200805
424,352,200805
424,538,200805
424,448,200805
424,506,200805
424,196,200805
424,478,200805
425,794,200805
425,196,200805
425,424,200805
425,110,200805
425,478,200805
425,506,200805
425,232,200805
425,352,200805
426,737,200805
426,18,200805
427,127,200805
427,128,200805
427,4,200805
427,109,200805
427,306,200805
427,110,200805
427,734,200805
427,617,200805
427,612,200805
427,616,200805
427,563,200805
427,680,200805
427,610,200805
427,614,200805
429,181,200805
429,32,200805
430,54,200805
430,422,200805
430,443,200805
430,836,200805
430,18,200805
431,1227,200805
432,298,200805
432,18,200805
433,176,200805
433,501,200805
433,66,200805
433,129,200805
433,46,200805
433,544,200805
433,144,200805
433,27,200805
433,38,200805
433,20,200805
433,181,200805
433,102,200805
433,269,200805
433,61,200805
433,107,200805
433,140,200805
433,188,200805
433,28,200805
433,15,200805
433,93,200805
433,112,200805
433,10,200805
433,29,200805
433,274,200805
433,156,200805
433,39,200805
433,85,200805
433,60,200805
433,120,200805
433,59,200805
433,58,200805
433,115,200805
433,180,200805
433,14,200805
433,34,200805
433,141,200805
433,142,200805
433,154,200805
433,339,200805
433,78,200805
433,104,200805
433,52,200805
433,136,200805
433,11,200805
433,224,200805
433,131,200805
433,48,200805
433,72,200805
433,76,200805
433,163,200805
433,137,200805
433,118,200805
433,6,200805
433,138,200805
433,101,200805
433,45,200805
433,41,200805
433,25,200805
433,9,200805
433,100,200805
433,134,200805
433,97,200805
433,64,200805
433,57,200805
433,53,200805
433,35,200805
433,5,200805
433,51,200805
433,157,200805
433,195,200805
433,32,200805
433,116,200805
433,40,200805
433,43,200805
433,55,200805
433,132,200805
433,110,200805
433,160,200805
433,13,200805
433,12,200805
433,314,200805
433,265,200805
433,121,200805
433,124,200805
433,83,200805
433,80,200805
433,23,200805
433,0,200805
433,165,200805
433,96,200805
433,18,200805
433,1,200805
433,108,200805
433,19,200805
433,31,200805
433,79,200805
433,17,200805
433,247,200805
433,126,200805
433,2,200805
433,197,200805
434,29,200805
434,101,200805
434,320,200805
435,160,200805
435,65,200805
435,97,200805
436,234,200805
436,908,200805
436,18,200805
440,54,200805
443,430,200805
443,140,200805
443,346,200805
443,18,200805
444,27,200805
444,208,200805
444,32,200805
444,1674,200805
444,35,200805
444,1530,200805
444,2060,200805
444,13,200805
444,1,200805
444,942,200805
444,1417,200805
444,419,200805
444,836,200805
444,320,200805
444,349,200805
444,297,200805
445,101,200805
445,76,200805
445,178,200805
445,46,200805
447,479,200805
447,196,200805
447,712,200805
447,489,200805
447,448,200805
448,196,200805
448,489,200805
448,447,200805
448,424,200805
449,549,200805
449,64,200805
451,196,200805
452,14,200805
452,97,200805
455,512,200805
455,143,200805
455,375,200805
455,97,200805
457,1227,200805
457,1039,200805
457,53,200805
458,41,200805
458,97,200805
458,46,200805
463,27,200805
463,1,200805
463,208,200805
463,739,200805
463,143,200805
465,351,200805
465,110,200805
465,319,200805
465,576,200805
465,232,200805
465,231,200805
465,527,200805
465,475,200805
465,470,200805
465,471,200805
465,639,200805
465,604,200805
465,644,200805
465,230,200805
465,575,200805
469,424,200805
469,476,200805
470,196,200805
470,565,200805
470,472,200805
470,226,200805
470,225,200805
470,471,200805
471,196,200805
471,110,200805
471,378,200805
471,475,200805
471,225,200805
471,470,200805
472,196,200805
472,471,200805
472,475,200805
472,377,200805
472,470,200805
472,225,200805
473,559,200805
473,556,200805
473,474,200805
473,186,200805
474,185,200805
474,650,200805
474,525,200805
474,186,200805
474,651,200805
474,110,200805
474,922,200805
474,558,200805
474,1019,200805
474,236,200805
474,560,200805
474,665,200805
474,473,200805
474,997,200805
474,630,200805
474,556,200805
474,559,200805
475,470,200805
475,471,200805
475,472,200805
475,225,200805
475,378,200805
475,489,200805
475,196,200805
476,424,200805
476,477,200805
476,469,200805
476,532,200805
477,196,200805
477,352,200805
477,469,200805
477,424,200805
477,476,200805
477,532,200805
478,196,200805
478,476,200805
478,506,200805
478,425,200805
478,424,200805
479,447,200805
479,196,200805
480,34,200805
480,368,200805
480,27,200805
480,136,200805
482,83,200805
482,652,200805
482,178,200805
482,46,200805
482,16,200805
482,39,200805
482,75,200805
482,387,200805
482,172,200805
482,40,200805
482,675,200805
482,120,200805
483,85,200805
483,346,200805
483,25,200805
483,137,200805
484,678,200805
484,622,200805
484,625,200805
484,579,200805
484,852,200805
484,351,200805
484,352,200805
484,694,200805
484,621,200805
486,530,200805
488,322,200805
489,412,200805
489,447,200805
489,196,200805
489,448,200805
490,27,200805
490,136,200805
492,136,200805
493,28,200805
493,37,200805
493,17,200805
495,666,200805
495,137,200805
495,25,200805
495,97,200805
496,645,200805
496,11,200805
498,351,200805
499,46,200805
501,69,200805
501,914,200805
501,433,200805
501,138,200805
501,107,200805
501,51,200805
501,23,200805
501,143,200805
501,27,200805
501,132,200805
502,728,200805
502,12,200805
502,221,200805
502,136,200805
504,196,200805
506,478,200805
506,425,200805
506,424,200805
506,196,200805
507,282,200805
507,354,200805
508,27,200805
508,59,200805
508,175,200805
510,310,200805
510,97,200805
512,58,200805
512,80,200805
512,455,200805
512,160,200805
516,196,200805
519,14,200805
519,65,200805
519,23,200805
519,274,200805
521,885,200805
521,27,200805
521,137,200805
522,154,200805
523,40,200805
525,584,200805
525,236,200805
525,932,200805
525,726,200805
525,110,200805
525,683,200805
525,851,200805
525,627,200805
525,961,200805
525,585,200805
525,560,200805
525,716,200805
525,697,200805
525,839,200805
525,1089,200805
525,582,200805
525,1019,200805
525,725,200805
525,847,200805
525,1229,200805
525,1239,200805
525,1087,200805
525,962,200805
525,1030,200805
526,110,200805
526,196,200805
527,319,200805
527,575,200805
527,643,200805
527,586,200805
527,639,200805
527,465,200805
527,226,200805
527,232,200805
527,231,200805
527,604,200805
528,196,200805
530,320,200805
530,310,200805
532,352,200805
532,424,200805
532,477,200805
532,623,200805
534,1169,200805
535,196,200805
535,424,200805
536,345,200805
536,10,200805
536,1,200805
537,588,200805
537,346,200805
537,136,200805
538,424,200805
539,138,200805
539,170,200805
540,97,200805
543,935,200805
543,160,200805
544,72,200805
544,433,200805
544,77,200805
544,83,200805
544,40,200805
544,79,200805
544,64,200805
544,16,200805
544,59,200805
544,101,200805
544,22,200805
544,346,200805
544,99,200805
544,35,200805
544,97,200805
544,146,200805
544,32,200805
544,26,200805
544,17,200805
544,18,200805
544,6,200805
544,154,200805
544,136,200805
544,29,200805
544,46,200805
544,160,200805
544,25,200805
544,137,200805
545,197,200805
545,546,200805
545,32,200805
546,545,200805
546,181,200805
546,16,200805
546,32,200805
547,196,200805
547,400,200805
548,10,200805
548,11,200805
549,449,200805
549,40,200805
549,64,200805
551,110,200805
551,196,200805
551,425,200805
551,712,200805
551,364,200805
551,366,200805
552,25,200805
552,48,200805
552,35,200805
552,17,200805
552,85,200805
552,9,200805
552,28,200805
552,29,200805
552,188,200805
552,160,200805
552,115,200805
552,5,200805
552,34,200805
552,97,200805
552,72,200805
552,220,200805
552,2,200805
552,110,200805
554,351,200805
554,587,200805
554,110,200805
555,186,200805
556,474,200805
556,473,200805
556,232,200805
556,186,200805
558,186,200805
558,560,200805
559,186,200805
559,556,200805
559,232,200805
559,258,200805
559,474,200805
560,561,200805
560,558,200805
560,232,200805
560,525,200805
560,186,200805
560,474,200805
560,257,200805
561,560,200805
561,232,200805
561,186,200805
563,614,200805
563,612,200805
563,618,200805
563,688,200805
563,611,200805
563,689,200805
563,567,200805
563,568,200805
563,569,200805
563,616,200805
563,610,200805
563,570,200805
563,566,200805
563,427,200805
563,733,200805
563,617,200805
563,615,200805
563,1150,200805
563,734,200805
563,1969,200805
563,674,200805
563,680,200805
563,680,200805
563,612,200805
563,614,200805
563,610,200805
563,616,200805
564,352,200805
564,565,200805
564,351,200805
564,694,200805
565,351,200805
565,352,200805
565,579,200805
565,564,200805
565,622,200805
565,678,200805
565,694,200805
566,563,200805
566,427,200805
567,563,200805
568,563,200805
568,614,200805
569,563,200805
569,566,200805
570,563,200805
570,614,200805
571,110,200805
571,186,200805
572,351,200805
572,589,200805
572,573,200805
572,574,200805
572,590,200805
572,226,200805
572,110,200805
573,226,200805
573,590,200805
573,351,200805
573,572,200805
573,586,200805
573,589,200805
573,574,200805
574,226,200805
574,232,200805
574,351,200805
574,572,200805
574,589,200805
574,590,200805
575,232,200805
575,643,200805
575,576,200805
575,319,200805
575,604,200805
575,602,200805
575,465,200805
575,527,200805
575,603,200805
575,644,200805
575,599,200805
575,639,200805
575,231,200805
576,527,200805
576,465,200805
576,319,200805
576,232,200805
576,231,200805
576,575,200805
578,196,200805
578,409,200805
579,352,200805
579,678,200805
579,565,200805
579,484,200805
579,621,200805
579,805,200805
579,625,200805
579,626,200805
579,694,200805
582,525,200805
583,525,200805
584,525,200805
585,525,200805
586,110,200805
586,232,200805
586,231,200805
586,604,200805
586,319,200805
586,225,200805
586,465,200805
586,351,200805
586,226,200805
586,527,200805
587,351,200805
587,554,200805
588,34,200805
588,834,200805
588,27,200805
588,136,200805
589,351,200805
589,573,200805
589,226,200805
589,574,200805
589,572,200805
589,590,200805
590,351,200805
590,573,200805
590,574,200805
590,589,200805
590,586,200805
590,110,200805
590,226,200805
590,572,200805
591,255,200805
591,232,200805
591,257,200805
591,700,200805
591,185,200805
592,593,200805
592,109,200805
593,109,200805
593,592,200805
594,232,200805
594,640,200805
594,596,200805
594,636,200805
594,639,200805
594,643,200805
594,196,200805
594,225,200805
594,230,200805
595,667,200805
595,196,200805
596,230,200805
596,594,200805
596,636,200805
596,640,200805
597,232,200805
597,670,200805
597,658,200805
597,601,200805
597,263,200805
597,664,200805
598,232,200805
599,232,200805
599,231,200805
599,664,200805
599,319,200805
599,644,200805
599,605,200805
599,575,200805
600,232,200805
600,230,200805
600,225,200805
600,253,200805
600,639,200805
601,232,200805
601,259,200805
601,664,200805
601,256,200805
601,597,200805
601,260,200805
601,602,200805
601,263,200805
602,658,200805
602,659,200805
602,601,200805
602,232,200805
602,624,200805
602,664,200805
602,252,200805
602,255,200805
602,259,200805
602,256,200805
602,273,200805
603,232,200805
603,231,200805
603,639,200805
603,465,200805
603,643,200805
603,575,200805
604,231,200805
604,465,200805
604,575,200805
604,226,200805
604,527,200805
604,110,200805
604,351,200805
605,232,200805
605,644,200805
605,624,200805
605,319,200805
605,664,200805
605,599,200805
606,351,200805
606,660,200805
606,607,200805
607,679,200805
607,565,200805
607,351,200805
607,606,200805
610,563,200805
610,614,200805
610,427,200805
611,563,200805
612,563,200805
612,427,200805
612,610,200805
614,563,200805
614,570,200805
614,427,200805
614,948,200805
615,563,200805
616,563,200805
616,427,200805
617,563,200805
618,563,200805
618,427,200805
620,186,200805
621,352,200805
621,678,200805
621,579,200805
621,622,200805
621,626,200805
621,694,200805
621,484,200805
622,352,200805
622,623,200805
622,626,200805
622,694,200805
623,352,200805
623,622,200805
623,694,200805
623,579,200805
623,532,200805
624,232,200805
624,658,200805
624,258,200805
624,260,200805
624,670,200805
624,659,200805
624,602,200805
624,664,200805
624,605,200805
625,626,200805
625,352,200805
625,621,200805
625,196,200805
625,678,200805
625,579,200805
625,694,200805
626,352,200805
626,484,200805
626,678,200805
626,196,200805
626,621,200805
626,625,200805
626,694,200805
626,579,200805
627,236,200805
627,110,200805
627,229,200805
627,649,200805
627,1218,200805
627,1095,200805
627,1163,200805
627,663,200805
627,525,200805
627,648,200805
627,646,200805
628,629,200805
628,109,200805
629,628,200805
629,109,200805
630,474,200805
630,997,200805
630,186,200805
630,650,200805
630,185,200805
630,665,200805
630,110,200805
633,110,200805
633,305,200805
633,4,200805
633,109,200805
634,230,200805
634,641,200805
634,635,200805
635,230,200805
635,634,200805
635,638,200805
635,232,200805
635,640,200805
635,642,200805
635,641,200805
636,596,200805
636,594,200805
636,230,200805
636,640,200805
637,642,200805
637,229,200805
638,230,200805
639,232,200805
639,319,200805
639,599,200805
639,527,200805
639,231,200805
639,465,200805
639,603,200805
639,230,200805
639,600,200805
639,575,200805
640,596,200805
640,594,200805
640,230,200805
640,229,200805
640,636,200805
641,230,200805
641,634,200805
641,642,200805
641,635,200805
642,230,200805
642,641,200805
642,638,200805
642,635,200805
643,232,200805
643,319,200805
643,599,200805
643,644,200805
643,604,200805
643,594,200805
643,639,200805
643,575,200805
643,603,200805
643,231,200805
644,232,200805
644,605,200805
644,465,200805
644,599,200805
644,319,200805
644,575,200805
645,389,200805
645,1244,200805
645,245,200805
645,110,200805
646,649,200805
646,648,200805
646,627,200805
647,1002,200805
647,765,200805
647,719,200805
647,841,200805
648,1095,200805
648,649,200805
648,646,200805
648,627,200805
649,648,200805
649,646,200805
649,627,200805
650,185,200805
650,186,200805
650,651,200805
650,997,200805
650,110,200805
650,474,200805
651,110,200805
651,474,200805
652,76,200805
652,29,200805
652,666,200805
652,482,200805
652,1194,200805
652,720,200805
652,333,200805
652,154,200805
652,72,200805
654,666,200805
656,697,200805
656,200,200805
656,186,200805
656,657,200805
656,185,200805
657,525,200805
657,201,200805
657,697,200805
657,656,200805
657,937,200805
657,200,200805
657,185,200805
658,232,200805
658,597,200805
658,664,200805
658,670,200805
658,624,200805
658,601,200805
658,602,200805
658,185,200805
659,664,200805
659,259,200805
659,624,200805
659,602,200805
659,232,200805
659,273,200805
659,252,200805
659,260,200805
660,351,200805
660,606,200805
660,679,200805
661,232,200805
661,664,200805
661,258,200805
661,260,200805
663,110,200805
663,229,200805
663,602,200805
664,232,200805
664,661,200805
664,624,200805
664,597,200805
664,658,200805
664,257,200805
664,670,200805
664,602,200805
664,659,200805
664,231,200805
664,601,200805
665,630,200805
665,185,200805
665,922,200805
665,186,200805
665,110,200805
665,474,200805
666,245,200805
666,652,200805
666,720,200805
666,675,200805
666,17,200805
666,1139,200805
666,138,200805
666,80,200805
666,495,200805
667,383,200805
667,196,200805
667,857,200805
669,229,200805
670,232,200805
670,658,200805
670,664,200805
670,661,200805
670,624,200805
670,597,200805
670,258,200805
671,25,200805
671,137,200805
674,563,200805
675,241,200805
675,77,200805
675,97,200805
675,645,200805
675,59,200805
675,1194,200805
675,46,200805
676,677,200805
676,109,200805
677,676,200805
677,109,200805
678,352,200805
678,625,200805
678,621,200805
678,484,200805
678,225,200805
678,196,200805
678,626,200805
678,579,200805
679,606,200805
679,351,200805
679,607,200805
679,660,200805
679,352,200805
679,564,200805
680,427,200805
680,563,200805
681,504,200805
681,196,200805
684,110,200805
688,563,200805
693,352,200805
694,110,200805
694,352,200805
694,625,200805
694,565,200805
694,626,200805
694,579,200805
694,564,200805
694,484,200805
694,621,200805
694,623,200805
694,622,200805
696,525,200805
696,200,200805
696,897,200805
696,657,200805
696,190,200805
696,185,200805
697,947,200805
697,656,200805
697,185,200805
697,200,200805
697,937,200805
697,657,200805
698,200,200805
698,665,200805
698,926,200805
698,185,200805
699,185,200805
700,232,200805
700,186,200805
700,591,200805
700,255,200805
700,560,200805
700,257,200805
703,730,200805
703,95,200805
703,64,200805
705,196,200805
706,136,200805
710,322,200805
710,1147,200805
710,266,200805
710,10,200805
712,196,200805
712,377,200805
712,705,200805
712,352,200805
712,447,200805
712,551,200805
712,489,200805
712,225,200805
712,364,200805
715,110,200805
715,232,200805
716,525,200805
719,647,200805
719,627,200805
720,666,200805
720,13,200805
720,652,200805
720,497,200805
722,373,200805
722,97,200805
722,64,200805
722,63,200805
723,109,200805
724,109,200805
728,35,200805
728,40,200805
728,12,200805
728,968,200805
728,20,200805
728,1169,200805
728,27,200805
729,109,200805
730,703,200805
730,64,200805
732,245,200805
732,89,200805
732,138,200805
733,563,200805
734,427,200805
734,563,200805
736,745,200805
736,832,200805
736,761,200805
736,21,200805
736,20,200805
737,18,200805
738,234,200805
738,123,200805
738,67,200805
738,762,200805
738,136,200805
739,387,200805
739,463,200805
739,27,200805
739,40,200805
739,97,200805
739,192,200805
739,1088,200805
739,354,200805
740,85,200805
741,295,200805
741,51,200805
741,795,200805
741,842,200805
744,224,200805
744,293,200805
744,97,200805
744,46,200805
745,21,200805
745,755,200805
746,444,200805
746,809,200805
746,59,200805
746,6,200805
747,222,200805
747,748,200805
747,976,200805
747,1422,200805
747,1450,200805
747,1424,200805
747,1421,200805
747,247,200805
748,222,200805
748,747,200805
748,1421,200805
748,247,200805
749,348,200805
750,346,200805
750,1227,200805
750,210,200805
751,10,200805
752,490,200805
752,136,200805
752,27,200805
753,84,200805
755,21,200805
756,1149,200805
756,149,200805
756,96,200805
757,96,200805
760,351,200805
761,21,200805
761,5,200805
761,28,200805
761,96,200805
761,736,200805
761,866,200805
761,51,200805
761,17,200805
761,20,200805
762,234,200805
762,738,200805
762,136,200805
764,10,200805
765,647,200805
766,180,200805
766,13,200805
768,48,200805
769,14,200805
769,48,200805
769,41,200805
769,100,200805
769,54,200805
769,16,200805
769,6,200805
769,99,200805
769,60,200805
769,35,200805
769,46,200805
769,139,200805
769,36,200805
769,108,200805
769,97,200805
770,89,200805
770,323,200805
770,7,200805
770,1408,200805
771,32,200805
772,60,200805
777,96,200805
777,299,200805
778,89,200805
781,10,200805
781,17,200805
781,11,200805
784,1,200805
785,110,200805
785,322,200805
786,917,200805
786,898,200805
786,886,200805
786,110,200805
793,35,200805
793,51,200805
794,425,200805
794,196,200805
795,184,200805
795,33,200805
796,210,200805
797,1231,200805
797,97,200805
797,46,200805
799,14,200805
799,46,200805
799,19,200805
801,165,200805
801,96,200805
802,234,200805
804,415,200805
804,136,200805
805,352,200805
805,579,200805
806,69,200805
806,49,200805
807,3,200805
808,110,200805
808,290,200805
809,444,200805
809,59,200805
810,247,200805
813,39,200805
813,76,200805
813,157,200805
813,75,200805
813,143,200805
813,72,200805
813,19,200805
813,46,200805
813,97,200805
814,54,200805
815,180,200805
815,6,200805
815,126,200805
815,320,200805
815,13,200805
815,266,200805
815,48,200805
817,5,200805
817,10,200805
818,110,200805
819,5,200805
819,1215,200805
819,10,200805
819,51,200805
819,4,200805
819,17,200805
824,229,200805
824,925,200805
826,210,200805
826,998,200805
828,89,200805
828,7,200805
830,110,200805
832,21,200805
832,20,200805
834,368,200805
834,588,200805
834,27,200805
834,136,200805
836,444,200805
836,430,200805
839,525,200805
840,109,200805
841,647,200805
841,236,200805
841,110,200805
842,51,200805
842,295,200805
843,4,200805
843,247,200805
847,961,200805
847,1087,200805
847,1030,200805
847,525,200805
851,525,200805
852,196,200805
852,484,200805
857,667,200805
858,95,200805
858,703,200805
860,94,200805
860,355,200805
860,34,200805
860,108,200805
860,46,200805
860,19,200805
860,48,200805
860,60,200805
860,97,200805
860,13,200805
860,26,200805
862,728,200805
862,12,200805
862,136,200805
863,23,200805
863,17,200805
863,346,200805
863,1227,200805
863,10,200805
864,109,200805
866,832,200805
866,21,200805
866,761,200805
866,346,200805
866,51,200805
866,17,200805
866,20,200805
867,235,200805
871,379,200805
871,160,200805
873,12,200805
875,746,200805
875,59,200805
875,6,200805
885,521,200805
885,27,200805
885,137,200805
886,196,200805
886,110,200805
889,126,200805
891,359,200805
891,136,200805
893,40,200805
896,13,200805
897,190,200805
898,786,200805
898,232,200805
900,46,200805
906,23,200805
906,84,200805
906,11,200805
906,10,200805
906,17,200805
906,20,200805
906,1,200805
908,909,200805
908,234,200805
908,18,200805
909,234,200805
909,423,200805
909,908,200805
909,18,200805
913,109,200805
914,501,200805
914,11,200805
914,1,200805
914,51,200805
914,22,200805
914,20,200805
914,247,200805
914,183,200805
914,59,200805
914,9,200805
917,786,200805
920,110,200805
920,201,200805
920,1183,200805
920,190,200805
922,186,200805
922,997,200805
922,947,200805
922,185,200805
925,229,200805
925,110,200805
926,698,200805
926,185,200805
931,444,200805
931,20,200805
932,525,200805
935,543,200805
935,160,200805
937,656,200805
937,186,200805
937,200,200805
937,657,200805
937,697,200805
937,185,200805
941,1,200805
941,299,200805
941,136,200805
942,1045,200805
947,1019,200805
947,186,200805
947,1612,200805
947,1594,200805
947,185,200805
948,127,200805
953,185,200805
961,525,200805
961,1087,200805
961,847,200805
962,1030,200805
962,1089,200805
962,947,200805
962,185,200805
962,525,200805
966,23,200805
968,728,200805
968,12,200805
968,27,200805
969,10,200805
979,747,200805
979,1424,200805
979,1422,200805
981,136,200805
982,981,200805
982,136,200805
990,39,200805
990,197,200805
995,996,200805
995,13,200805
996,995,200805
996,13,200805
997,185,200805
997,650,200805
997,630,200805
997,474,200805
998,210,200805
998,826,200805
1000,1167,200805
1002,647,200805
1011,186,200805
1015,136,200805
1016,186,200805
1016,922,200805
1016,185,200805
1017,1291,200805
1017,137,200805
1019,1027,200805
1019,947,200805
1022,40,200805
1027,185,200805
1030,962,200805
1030,937,200805
1030,1087,200805
1030,1239,200805
1030,525,200805
1039,389,200805
1039,322,200805
1039,457,200805
1044,207,200805
1044,652,200805
1045,83,200805
1045,444,200805
1052,97,200805
1056,235,200805
1057,210,200805
1065,97,200805
1065,29,200805
1065,40,200805
1065,46,200805
1070,4,200805
1076,185,200805
1083,351,200805
1086,381,200805
1086,64,200805
1087,847,200805
1087,1030,200805
1087,582,200805
1087,525,200805
1088,19,200805
1088,137,200805
1088,40,200805
1088,97,200805
1088,18,200805
1088,375,200805
1088,6,200805
1088,739,200805
1089,962,200805
1089,1019,200805
1089,525,200805
1095,627,200805
1099,143,200805
1099,385,200805
1103,89,200805
1103,7,200805
1114,424,200805
1115,133,200805
1118,1887,200805
1118,13,200805
1129,173,200805
1129,129,200805
1129,357,200805
1130,823,200805
1130,1174,200805
1130,1193,200805
1130,297,200805
1132,196,200805
1134,110,200805
1134,196,200805
1139,114,200805
1139,488,200805
1144,14,200805
1144,48,200805
1147,64,200805
1147,170,200805
1147,36,200805
1147,224,200805
1147,100,200805
1147,143,200805
1147,137,200805
1147,48,200805
1147,141,200805
1147,710,200805
1147,97,200805
1147,120,200805
1147,34,200805
1147,81,200805
1147,57,200805
1147,131,200805
1147,181,200805
1147,92,200805
1147,45,200805
1147,237,200805
1147,77,200805
1147,94,200805
1147,24,200805
1147,140,200805
1147,375,200805
1147,9,200805
1147,76,200805
1147,83,200805
1147,266,200805
1149,149,200805
1149,96,200805
1150,563,200805
1161,322,200805
1163,627,200805
1169,111,200805
1169,147,200805
1169,728,200805
1169,238,200805
1169,274,200805
1169,53,200805
1169,72,200805
1169,51,200805
1169,69,200805
1169,122,200805
1169,33,200805
1169,222,200805
1169,165,200805
1169,136,200805
1169,96,200805
1169,70,200805
1169,164,200805
1169,131,200805
1169,116,200805
1169,30,200805
1169,34,200805
1169,234,200805
1169,149,200805
1169,174,200805
1169,11,200805
1174,1130,200805
1183,897,200805
1183,190,200805
1188,181,200805
1190,137,200805
1193,1413,200805
1193,1130,200805
1193,394,200805
1194,182,200805
1194,675,200805
1194,120,200805
1196,51,200805
1196,842,200805
1208,197,200805
1209,38,200805
1210,652,200805
1212,110,200805
1215,1,200805
1218,627,200805
1225,1226,200805
1227,136,200805
1227,666,200805
1227,96,200805
1227,35,200805
1227,93,200805
1227,389,200805
1227,227,200805
1227,2,200805
1227,25,200805
1227,346,200805
1227,174,200805
1227,165,200805
1227,111,200805
1227,61,200805
1227,863,200805
1227,62,200805
1227,103,200805
1227,74,200805
1227,30,200805
1227,159,200805
1227,164,200805
1227,265,200805
1227,138,200805
1227,15,200805
1227,222,200805
1233,710,200805
1233,322,200805
1233,1249,200805
1234,241,200805
1237,96,200805
1239,525,200805
1244,322,200805
1244,13,200805
1249,1233,200805
1259,357,200805
1259,1286,200805
1261,1262,200805
1265,261,200805
1269,96,200805
1286,357,200805
1286,1259,200805
1291,1017,200805
1291,137,200805
1295,136,200805
1324,1439,200805
1324,1424,200805
1324,1438,200805
1327,185,200805
1329,710,200805
1329,1161,200805
1335,208,200805
1355,1,200805
1362,681,200805
1367,9,200805
1377,229,200805
1381,235,200805
1408,770,200805
1408,89,200805
1410,444,200805
1417,444,200805
1417,13,200805
1421,748,200805
1421,747,200805
1422,2119,200805
1422,1324,200805
1422,1439,200805
1422,1438,200805
1422,1424,200805
1422,1450,200805
1422,979,200805
1422,747,200805
1424,1421,200805
1424,1438,200805
1424,793,200805
1424,1890,200805
1424,843,200805
1424,979,200805
1424,1324,200805
1424,747,200805
1424,1439,200805
1424,1450,200805
1438,1422,200805
1438,1424,200805
1439,1422,200805
1439,1424,200805
1441,1193,200805
1441,208,200805
1441,52,200805
1450,1438,200805
1450,1422,200805
1450,1424,200805
1482,154,200805
1494,252,200805
1494,232,200805
1494,185,200805
1538,563,200805
1580,27,200805
1587,242,200805
1594,947,200805
1594,185,200805
1612,185,200805
1674,444,200805
1674,349,200805
1674,297,200805
1701,185,200805
1794,165,200805
1794,96,200805
1815,1904,200805
1887,1118,200805
1887,444,200805
1900,208,200805
1904,1815,200805
1969,563,200805
2006,208,200805
2049,525,200805
2060,444,200805
2076,208,200805
2099,208,200805
