i,j,t
0,160,200506
0,31,200506
0,97,200506
0,46,200506
0,38,200506
0,53,200506
0,143,200506
0,124,200506
0,2,200506
0,126,200506
0,433,200506
0,27,200506
0,159,200506
0,19,200506
0,83,200506
0,113,200506
0,181,200506
0,13,200506
0,180,200506
0,28,200506
0,164,200506
0,84,200506
0,142,200506
0,29,200506
0,86,200506
0,136,200506
0,320,200506
0,60,200506
0,155,200506
0,23,200506
0,4,200506
0,20,200506
0,76,200506
0,99,200506
0,1,200506
0,102,200506
0,107,200506
0,47,200506
0,18,200506
0,79,200506
0,52,200506
0,32,200506
0,9,200506
0,6,200506
0,134,200506
0,17,200506
0,51,200506
0,77,200506
0,149,200506
0,16,200506
0,26,200506
0,39,200506
0,116,200506
0,120,200506
0,165,200506
0,54,200506
0,96,200506
0,133,200506
0,112,200506
0,10,200506
0,21,200506
0,25,200506
0,146,200506
0,154,200506
0,64,200506
0,85,200506
0,100,200506
0,40,200506
0,5,200506
0,14,200506
0,135,200506
0,48,200506
0,11,200506
0,80,200506
0,35,200506
0,108,200506
0,59,200506
0,274,200506
0,137,200506
0,92,200506
1,160,200506
1,112,200506
1,136,200506
1,70,200506
1,433,200506
1,143,200506
1,35,200506
1,18,200506
1,552,200506
1,17,200506
1,165,200506
1,96,200506
1,10,200506
1,135,200506
1,146,200506
1,28,200506
1,784,200506
1,209,200506
1,137,200506
1,148,200506
1,22,200506
1,24,200506
1,27,200506
1,77,200506
1,150,200506
1,37,200506
1,138,200506
1,2,200506
1,23,200506
1,5,200506
1,299,200506
1,161,200506
1,36,200506
1,53,200506
1,12,200506
1,19,200506
1,26,200506
1,29,200506
1,60,200506
1,83,200506
1,48,200506
1,14,200506
1,536,200506
1,54,200506
1,6,200506
1,108,200506
1,0,200506
1,139,200506
1,13,200506
1,320,200506
1,345,200506
1,894,200506
1,97,200506
1,52,200506
1,40,200506
1,99,200506
1,100,200506
1,129,200506
1,1355,200506
1,303,200506
1,376,200506
1,941,200506
1,180,200506
1,223,200506
1,157,200506
1,38,200506
1,20,200506
1,61,200506
1,116,200506
1,149,200506
1,119,200506
1,155,200506
1,395,200506
1,183,200506
1,69,200506
1,110,200506
1,4,200506
1,130,200506
1,30,200506
1,115,200506
1,21,200506
1,80,200506
1,25,200506
1,11,200506
1,51,200506
1,64,200506
1,261,200506
1,124,200506
1,34,200506
1,7,200506
1,906,200506
1,16,200506
1,142,200506
1,81,200506
1,33,200506
1,9,200506
1,184,200506
1,133,200506
1,132,200506
1,59,200506
1,89,200506
1,113,200506
1,211,200506
1,85,200506
1,213,200506
1,189,200506
1,102,200506
1,32,200506
1,121,200506
1,72,200506
1,107,200506
1,31,200506
1,154,200506
1,46,200506
1,92,200506
2,96,200506
2,87,200506
2,193,200506
2,93,200506
2,85,200506
2,282,200506
2,137,200506
2,978,200506
2,433,200506
2,165,200506
2,495,200506
2,15,200506
2,274,200506
2,27,200506
2,552,200506
2,25,200506
2,143,200506
2,161,200506
2,160,200506
2,16,200506
2,80,200506
2,48,200506
2,29,200506
2,120,200506
2,72,200506
2,32,200506
2,112,200506
2,14,200506
2,36,200506
2,9,200506
2,10,200506
2,129,200506
2,180,200506
2,108,200506
2,34,200506
2,82,200506
2,164,200506
2,213,200506
2,28,200506
2,52,200506
2,13,200506
2,84,200506
2,30,200506
2,81,200506
2,53,200506
2,211,200506
2,40,200506
2,355,200506
2,19,200506
2,21,200506
2,155,200506
2,136,200506
2,64,200506
2,111,200506
2,189,200506
2,354,200506
2,22,200506
2,119,200506
2,99,200506
2,113,200506
2,97,200506
2,6,200506
2,26,200506
2,1169,200506
2,11,200506
2,248,200506
2,133,200506
2,20,200506
2,346,200506
2,83,200506
2,149,200506
2,100,200506
2,5,200506
2,154,200506
2,23,200506
2,115,200506
2,0,200506
2,135,200506
2,17,200506
2,60,200506
2,146,200506
2,31,200506
2,18,200506
2,1,200506
2,92,200506
3,807,200506
3,311,200506
3,69,200506
3,30,200506
3,652,200506
3,183,200506
3,51,200506
4,24,200506
4,137,200506
4,53,200506
4,64,200506
4,1070,200506
4,11,200506
4,176,200506
4,427,200506
4,18,200506
4,160,200506
4,110,200506
4,175,200506
4,13,200506
4,109,200506
4,843,200506
4,127,200506
4,79,200506
4,5,200506
4,165,200506
4,633,200506
4,40,200506
4,764,200506
4,136,200506
4,222,200506
4,60,200506
4,59,200506
4,62,200506
4,51,200506
4,146,200506
4,80,200506
4,81,200506
4,19,200506
4,72,200506
4,161,200506
4,265,200506
4,0,200506
4,99,200506
4,32,200506
4,41,200506
4,10,200506
4,26,200506
4,58,200506
4,6,200506
4,29,200506
4,77,200506
4,27,200506
4,108,200506
4,113,200506
4,35,200506
4,14,200506
4,204,200506
4,28,200506
4,119,200506
4,85,200506
4,131,200506
4,107,200506
4,16,200506
4,185,200506
4,22,200506
4,48,200506
4,305,200506
4,102,200506
4,761,200506
4,9,200506
4,592,200506
4,866,200506
4,128,200506
4,133,200506
4,177,200506
4,238,200506
4,23,200506
4,268,200506
4,306,200506
4,88,200506
4,213,200506
4,189,200506
4,92,200506
4,301,200506
4,300,200506
4,84,200506
4,317,200506
4,184,200506
4,1,200506
4,30,200506
4,86,200506
4,150,200506
4,311,200506
4,69,200506
4,31,200506
4,96,200506
4,223,200506
4,17,200506
4,7,200506
4,164,200506
4,214,200506
4,50,200506
4,33,200506
4,183,200506
4,112,200506
4,89,200506
4,46,200506
4,121,200506
4,21,200506
4,154,200506
4,135,200506
4,196,200506
4,20,200506
4,25,200506
4,97,200506
5,817,200506
5,274,200506
5,89,200506
5,6,200506
5,107,200506
5,4,200506
5,39,200506
5,19,200506
5,28,200506
5,11,200506
5,110,200506
5,17,200506
5,112,200506
5,69,200506
5,160,200506
5,143,200506
5,20,200506
5,51,200506
5,84,200506
5,227,200506
5,150,200506
5,53,200506
5,23,200506
5,261,200506
5,77,200506
5,10,200506
5,70,200506
5,552,200506
5,433,200506
5,137,200506
5,29,200506
5,1121,200506
5,18,200506
5,22,200506
5,138,200506
5,1,200506
5,457,200506
5,136,200506
5,81,200506
5,120,200506
5,108,200506
5,97,200506
5,0,200506
5,99,200506
5,196,200506
5,14,200506
5,213,200506
5,40,200506
5,71,200506
5,247,200506
5,180,200506
5,48,200506
5,80,200506
5,119,200506
5,248,200506
5,90,200506
5,1107,200506
5,96,200506
5,13,200506
5,116,200506
5,32,200506
5,83,200506
5,183,200506
5,142,200506
5,8,200506
5,9,200506
5,52,200506
5,100,200506
5,46,200506
5,124,200506
5,2,200506
5,60,200506
5,243,200506
5,72,200506
5,102,200506
5,85,200506
5,155,200506
5,12,200506
5,165,200506
5,154,200506
5,7,200506
5,92,200506
5,27,200506
5,31,200506
5,64,200506
5,25,200506
5,113,200506
5,135,200506
5,121,200506
5,59,200506
5,133,200506
6,79,200506
6,48,200506
6,138,200506
6,108,200506
6,40,200506
6,52,200506
6,32,200506
6,139,200506
6,110,200506
6,20,200506
6,7,200506
6,62,200506
6,154,200506
6,19,200506
6,180,200506
6,267,200506
6,77,200506
6,97,200506
6,14,200506
6,25,200506
6,132,200506
6,166,200506
6,38,200506
6,117,200506
6,126,200506
6,13,200506
6,176,200506
6,12,200506
6,64,200506
6,433,200506
6,137,200506
6,129,200506
6,742,200506
6,26,200506
6,17,200506
6,175,200506
6,5,200506
6,29,200506
6,60,200506
6,160,200506
6,146,200506
6,35,200506
6,89,200506
6,143,200506
6,552,200506
6,2,200506
6,434,200506
6,1,200506
6,11,200506
6,16,200506
6,61,200506
6,31,200506
6,0,200506
6,18,200506
6,21,200506
6,123,200506
6,278,200506
6,113,200506
6,45,200506
6,136,200506
6,10,200506
6,36,200506
6,98,200506
6,28,200506
6,171,200506
6,85,200506
6,710,200506
6,101,200506
6,104,200506
6,320,200506
6,76,200506
6,53,200506
6,156,200506
6,131,200506
6,100,200506
6,23,200506
6,112,200506
6,96,200506
6,152,200506
6,46,200506
6,172,200506
6,58,200506
6,107,200506
6,22,200506
6,204,200506
6,4,200506
6,27,200506
6,135,200506
6,59,200506
6,78,200506
6,94,200506
6,297,200506
6,65,200506
6,181,200506
6,544,200506
6,124,200506
6,72,200506
6,102,200506
6,80,200506
6,114,200506
6,155,200506
6,9,200506
6,237,200506
6,39,200506
6,142,200506
6,82,200506
6,57,200506
6,375,200506
6,24,200506
6,99,200506
6,83,200506
6,54,200506
6,81,200506
6,120,200506
6,55,200506
6,134,200506
6,194,200506
6,51,200506
7,28,200506
7,135,200506
7,8,200506
7,90,200506
7,23,200506
7,89,200506
7,323,200506
7,1408,200506
7,1103,200506
7,828,200506
7,110,200506
7,107,200506
7,6,200506
7,770,200506
7,5,200506
7,243,200506
7,51,200506
7,97,200506
7,20,200506
7,21,200506
7,112,200506
7,4,200506
7,1,200506
7,17,200506
7,29,200506
7,113,200506
7,137,200506
7,25,200506
7,11,200506
8,89,200506
8,23,200506
8,90,200506
8,28,200506
8,7,200506
8,323,200506
8,6,200506
8,770,200506
8,108,200506
8,5,200506
8,17,200506
8,136,200506
8,243,200506
8,4,200506
8,113,200506
8,29,200506
8,20,200506
9,154,200506
9,137,200506
9,124,200506
9,77,200506
9,10,200506
9,160,200506
9,143,200506
9,314,200506
9,58,200506
9,433,200506
9,34,200506
9,165,200506
9,115,200506
9,146,200506
9,57,200506
9,32,200506
9,1,200506
9,150,200506
9,81,200506
9,35,200506
9,142,200506
9,112,200506
9,19,200506
9,171,200506
9,156,200506
9,30,200506
9,152,200506
9,28,200506
9,53,200506
9,60,200506
9,51,200506
9,131,200506
9,121,200506
9,80,200506
9,5,200506
9,96,200506
9,184,200506
9,120,200506
9,2,200506
9,248,200506
9,78,200506
9,83,200506
9,335,200506
9,119,200506
9,107,200506
9,93,200506
9,37,200506
9,0,200506
9,31,200506
9,14,200506
9,136,200506
9,6,200506
9,135,200506
9,97,200506
9,18,200506
9,29,200506
9,25,200506
9,27,200506
9,92,200506
9,11,200506
9,274,200506
10,104,200506
10,5,200506
10,160,200506
10,393,200506
10,143,200506
10,53,200506
10,139,200506
10,28,200506
10,79,200506
10,781,200506
10,96,200506
10,150,200506
10,1,200506
10,23,200506
10,17,200506
10,29,200506
10,126,200506
10,113,200506
10,133,200506
10,59,200506
10,548,200506
10,89,200506
10,135,200506
10,99,200506
10,433,200506
10,108,200506
10,48,200506
10,60,200506
10,154,200506
10,27,200506
10,196,200506
10,265,200506
10,2,200506
10,31,200506
10,12,200506
10,6,200506
10,35,200506
10,131,200506
10,0,200506
10,32,200506
10,14,200506
10,26,200506
10,51,200506
10,77,200506
10,170,200506
10,157,200506
10,13,200506
10,21,200506
10,416,200506
10,85,200506
10,132,200506
10,97,200506
10,161,200506
10,40,200506
10,100,200506
10,9,200506
10,178,200506
10,52,200506
10,320,200506
10,261,200506
10,165,200506
10,30,200506
10,138,200506
10,384,200506
10,102,200506
10,211,200506
10,25,200506
10,142,200506
10,136,200506
10,33,200506
10,906,200506
10,122,200506
10,164,200506
10,177,200506
10,183,200506
10,710,200506
10,112,200506
10,189,200506
10,213,200506
10,110,200506
10,184,200506
10,137,200506
10,107,200506
10,69,200506
10,61,200506
10,222,200506
10,15,200506
10,115,200506
10,121,200506
10,124,200506
10,72,200506
10,18,200506
10,34,200506
10,159,200506
10,969,200506
10,149,200506
10,116,200506
10,38,200506
10,16,200506
10,11,200506
10,64,200506
10,80,200506
10,19,200506
10,119,200506
10,54,200506
10,83,200506
10,155,200506
10,180,200506
10,22,200506
10,81,200506
10,4,200506
10,92,200506
10,46,200506
10,20,200506
10,146,200506
11,36,200506
11,433,200506
11,183,200506
11,227,200506
11,138,200506
11,112,200506
11,105,200506
11,23,200506
11,5,200506
11,143,200506
11,20,200506
11,228,200506
11,160,200506
11,28,200506
11,268,200506
11,17,200506
11,501,200506
11,85,200506
11,137,200506
11,146,200506
11,29,200506
11,548,200506
11,136,200506
11,1015,200506
11,787,200506
11,142,200506
11,27,200506
11,2,200506
11,19,200506
11,18,200506
11,77,200506
11,76,200506
11,265,200506
11,9,200506
11,53,200506
11,48,200506
11,40,200506
11,13,200506
11,80,200506
11,108,200506
11,16,200506
11,81,200506
11,102,200506
11,100,200506
11,34,200506
11,132,200506
11,96,200506
11,22,200506
11,6,200506
11,135,200506
11,211,200506
11,12,200506
11,64,200506
11,61,200506
11,99,200506
11,35,200506
11,165,200506
11,78,200506
11,115,200506
11,52,200506
11,46,200506
11,121,200506
11,72,200506
11,26,200506
11,706,200506
11,31,200506
11,333,200506
11,133,200506
11,1712,200506
11,92,200506
11,60,200506
11,21,200506
11,113,200506
11,544,200506
11,25,200506
11,169,200506
11,330,200506
11,4,200506
11,317,200506
11,248,200506
11,69,200506
11,214,200506
11,184,200506
11,51,200506
11,147,200506
11,781,200506
11,196,200506
11,189,200506
11,83,200506
11,10,200506
11,154,200506
11,238,200506
11,124,200506
11,14,200506
11,59,200506
11,177,200506
11,213,200506
11,107,200506
11,33,200506
11,1,200506
11,70,200506
11,150,200506
11,111,200506
11,32,200506
11,88,200506
11,86,200506
11,0,200506
11,7,200506
11,84,200506
11,89,200506
11,164,200506
11,30,200506
11,223,200506
11,110,200506
11,97,200506
12,221,200506
12,136,200506
12,139,200506
12,96,200506
12,132,200506
12,18,200506
12,27,200506
12,502,200506
12,143,200506
12,79,200506
12,107,200506
12,28,200506
12,9,200506
12,237,200506
12,55,200506
12,433,200506
12,15,200506
12,124,200506
12,160,200506
12,138,200506
12,29,200506
12,544,200506
12,728,200506
12,35,200506
12,104,200506
12,233,200506
12,11,200506
12,16,200506
12,393,200506
12,117,200506
12,74,200506
12,152,200506
12,59,200506
12,30,200506
12,362,200506
12,85,200506
12,99,200506
12,123,200506
12,181,200506
12,188,200506
12,19,200506
12,45,200506
12,108,200506
12,64,200506
12,97,200506
12,113,200506
12,32,200506
12,48,200506
12,101,200506
12,155,200506
12,13,200506
12,0,200506
12,26,200506
12,6,200506
12,333,200506
12,21,200506
12,22,200506
12,102,200506
12,51,200506
12,803,200506
12,5,200506
12,110,200506
12,73,200506
12,112,200506
12,60,200506
12,133,200506
12,804,200506
12,960,200506
12,81,200506
12,83,200506
12,17,200506
12,14,200506
12,92,200506
12,54,200506
12,25,200506
12,1,200506
12,146,200506
12,154,200506
12,10,200506
12,137,200506
12,135,200506
13,20,200506
13,160,200506
13,60,200506
13,146,200506
13,77,200506
13,155,200506
13,14,200506
13,19,200506
13,0,200506
13,136,200506
13,129,200506
13,18,200506
13,99,200506
13,137,200506
13,433,200506
13,52,200506
13,166,200506
13,80,200506
13,143,200506
13,114,200506
13,180,200506
13,176,200506
13,85,200506
13,434,200506
13,62,200506
13,17,200506
13,117,200506
13,79,200506
13,6,200506
13,53,200506
13,35,200506
13,193,200506
13,196,200506
13,23,200506
13,32,200506
13,21,200506
13,278,200506
13,10,200506
13,83,200506
13,161,200506
13,1,200506
13,69,200506
13,139,200506
13,313,200506
13,8,200506
13,97,200506
13,197,200506
13,208,200506
13,134,200506
13,108,200506
13,142,200506
13,82,200506
13,96,200506
13,106,200506
13,243,200506
13,9,200506
13,112,200506
13,40,200506
13,120,200506
13,1088,200506
13,110,200506
13,169,200506
13,154,200506
13,27,200506
13,54,200506
13,165,200506
13,11,200506
13,297,200506
13,25,200506
13,29,200506
13,51,200506
13,742,200506
13,38,200506
13,22,200506
13,320,200506
13,113,200506
13,28,200506
13,100,200506
13,36,200506
13,766,200506
13,5,200506
13,48,200506
13,31,200506
13,2,200506
13,4,200506
13,178,200506
13,172,200506
13,45,200506
13,896,200506
13,24,200506
13,78,200506
13,182,200506
13,996,200506
13,126,200506
13,46,200506
13,16,200506
13,119,200506
13,266,200506
13,995,200506
13,55,200506
13,1118,200506
13,1417,200506
13,76,200506
13,289,200506
13,64,200506
13,81,200506
13,349,200506
13,860,200506
13,59,200506
13,75,200506
13,26,200506
13,121,200506
13,135,200506
14,59,200506
14,64,200506
14,6,200506
14,19,200506
14,62,200506
14,799,200506
14,31,200506
14,13,200506
14,143,200506
14,113,200506
14,180,200506
14,65,200506
14,79,200506
14,77,200506
14,24,200506
14,102,200506
14,26,200506
14,18,200506
14,160,200506
14,116,200506
14,433,200506
14,23,200506
14,52,200506
14,20,200506
14,96,200506
14,21,200506
14,99,200506
14,28,200506
14,139,200506
14,10,200506
14,85,200506
14,136,200506
14,93,200506
14,45,200506
14,146,200506
14,97,200506
14,2,200506
14,17,200506
14,137,200506
14,27,200506
14,40,200506
14,744,200506
14,142,200506
14,54,200506
14,117,200506
14,112,200506
14,60,200506
14,1,200506
14,46,200506
14,36,200506
14,322,200506
14,156,200506
14,9,200506
14,133,200506
14,32,200506
14,22,200506
14,126,200506
14,154,200506
14,29,200506
14,4,200506
14,165,200506
14,107,200506
14,81,200506
14,51,200506
14,11,200506
14,100,200506
14,5,200506
14,0,200506
14,12,200506
14,78,200506
14,208,200506
14,108,200506
14,35,200506
14,149,200506
14,48,200506
14,120,200506
14,72,200506
14,76,200506
14,320,200506
14,94,200506
14,16,200506
14,124,200506
14,157,200506
14,129,200506
14,80,200506
14,92,200506
14,38,200506
14,83,200506
14,25,200506
14,135,200506
14,119,200506
14,155,200506
15,132,200506
15,314,200506
15,154,200506
15,495,200506
15,143,200506
15,160,200506
15,433,200506
15,38,200506
15,233,200506
15,39,200506
15,18,200506
15,242,200506
15,332,200506
15,155,200506
15,144,200506
15,12,200506
15,248,200506
15,346,200506
15,136,200506
15,29,200506
15,10,200506
15,146,200506
15,32,200506
15,137,200506
16,362,200506
16,147,200506
16,81,200506
16,138,200506
16,188,200506
16,52,200506
16,146,200506
16,77,200506
16,32,200506
16,160,200506
16,282,200506
16,6,200506
16,221,200506
16,25,200506
16,29,200506
16,486,200506
16,433,200506
16,18,200506
16,59,200506
16,116,200506
16,76,200506
16,72,200506
16,135,200506
16,149,200506
16,143,200506
16,113,200506
16,429,200506
16,144,200506
16,115,200506
16,250,200506
16,123,200506
16,133,200506
16,342,200506
16,39,200506
16,97,200506
16,79,200506
16,111,200506
16,74,200506
16,194,200506
16,270,200506
16,9,200506
16,57,200506
16,21,200506
16,101,200506
16,41,200506
16,154,200506
16,27,200506
16,320,200506
16,112,200506
16,61,200506
16,64,200506
16,161,200506
16,55,200506
16,85,200506
16,2,200506
16,233,200506
16,145,200506
16,60,200506
16,28,200506
16,4,200506
16,5,200506
16,164,200506
16,181,200506
16,12,200506
16,117,200506
16,36,200506
16,23,200506
16,13,200506
16,11,200506
16,157,200506
16,99,200506
16,107,200506
16,96,200506
16,139,200506
16,155,200506
16,206,200506
16,19,200506
16,129,200506
16,102,200506
16,136,200506
16,17,200506
16,108,200506
16,178,200506
16,197,200506
16,35,200506
16,92,200506
16,182,200506
16,40,200506
16,175,200506
16,134,200506
16,65,200506
16,63,200506
16,62,200506
16,46,200506
16,66,200506
16,119,200506
16,131,200506
16,48,200506
16,120,200506
16,176,200506
16,208,200506
16,0,200506
16,54,200506
16,14,200506
16,24,200506
16,26,200506
16,10,200506
16,126,200506
16,375,200506
16,31,200506
16,38,200506
16,137,200506
16,1,200506
16,180,200506
16,142,200506
16,83,200506
16,20,200506
17,87,200506
17,60,200506
17,129,200506
17,146,200506
17,26,200506
17,19,200506
17,175,200506
17,4,200506
17,160,200506
17,137,200506
17,433,200506
17,62,200506
17,110,200506
17,76,200506
17,143,200506
17,34,200506
17,20,200506
17,135,200506
17,25,200506
17,89,200506
17,176,200506
17,7,200506
17,148,200506
17,245,200506
17,99,200506
17,10,200506
17,221,200506
17,53,200506
17,23,200506
17,51,200506
17,28,200506
17,11,200506
17,29,200506
17,24,200506
17,136,200506
17,154,200506
17,108,200506
17,40,200506
17,552,200506
17,79,200506
17,165,200506
17,247,200506
17,18,200506
17,77,200506
17,45,200506
17,183,200506
17,1,200506
17,5,200506
17,6,200506
17,35,200506
17,59,200506
17,431,200506
17,121,200506
17,184,200506
17,233,200506
17,139,200506
17,223,200506
17,124,200506
17,81,200506
17,48,200506
17,27,200506
17,213,200506
17,149,200506
17,13,200506
17,120,200506
17,100,200506
17,52,200506
17,14,200506
17,46,200506
17,54,200506
17,112,200506
17,32,200506
17,97,200506
17,85,200506
17,178,200506
17,204,200506
17,169,200506
17,115,200506
17,83,200506
17,12,200506
17,493,200506
17,9,200506
17,64,200506
17,102,200506
17,107,200506
17,268,200506
17,72,200506
17,69,200506
17,155,200506
17,8,200506
17,119,200506
17,348,200506
17,781,200506
17,243,200506
17,37,200506
17,33,200506
17,866,200506
17,544,200506
17,353,200506
17,2,200506
17,395,200506
17,761,200506
17,0,200506
17,261,200506
17,906,200506
17,211,200506
17,113,200506
17,863,200506
17,31,200506
17,189,200506
17,150,200506
17,21,200506
17,22,200506
17,92,200506
17,96,200506
17,16,200506
18,29,200506
18,423,200506
18,103,200506
18,83,200506
18,138,200506
18,77,200506
18,61,200506
18,14,200506
18,433,200506
18,143,200506
18,20,200506
18,12,200506
18,243,200506
18,4,200506
18,62,200506
18,160,200506
18,552,200506
18,137,200506
18,89,200506
18,99,200506
18,169,200506
18,159,200506
18,24,200506
18,146,200506
18,281,200506
18,94,200506
18,136,200506
18,22,200506
18,5,200506
18,53,200506
18,234,200506
18,434,200506
18,129,200506
18,27,200506
18,120,200506
18,175,200506
18,19,200506
18,7,200506
18,64,200506
18,224,200506
18,108,200506
18,113,200506
18,82,200506
18,59,200506
18,55,200506
18,35,200506
18,2,200506
18,124,200506
18,81,200506
18,47,200506
18,176,200506
18,69,200506
18,133,200506
18,338,200506
18,320,200506
18,30,200506
18,341,200506
18,97,200506
18,51,200506
18,139,200506
18,278,200506
18,70,200506
18,180,200506
18,11,200506
18,110,200506
18,13,200506
18,161,200506
18,426,200506
18,429,200506
18,142,200506
18,60,200506
18,52,200506
18,21,200506
18,652,200506
18,165,200506
18,0,200506
18,23,200506
18,157,200506
18,135,200506
18,25,200506
18,6,200506
18,26,200506
18,1,200506
18,54,200506
18,96,200506
18,544,200506
18,32,200506
18,40,200506
18,204,200506
18,28,200506
18,1169,200506
18,100,200506
18,79,200506
18,427,200506
18,413,200506
18,112,200506
18,908,200506
18,107,200506
18,31,200506
18,74,200506
18,45,200506
18,303,200506
18,131,200506
18,183,200506
18,154,200506
18,132,200506
18,117,200506
18,346,200506
18,436,200506
18,233,200506
18,242,200506
18,909,200506
18,34,200506
18,38,200506
18,276,200506
18,197,200506
18,114,200506
18,270,200506
18,65,200506
18,171,200506
18,46,200506
18,105,200506
18,156,200506
18,144,200506
18,78,200506
18,415,200506
18,432,200506
18,271,200506
18,416,200506
18,43,200506
18,85,200506
18,15,200506
18,88,200506
18,80,200506
18,237,200506
18,410,200506
18,57,200506
18,101,200506
18,76,200506
18,170,200506
18,66,200506
18,16,200506
18,298,200506
18,163,200506
18,155,200506
18,145,200506
18,265,200506
18,181,200506
18,174,200506
18,134,200506
18,408,200506
18,147,200506
18,111,200506
18,126,200506
18,443,200506
18,422,200506
18,122,200506
18,104,200506
18,208,200506
18,407,200506
18,10,200506
18,44,200506
18,72,200506
18,430,200506
18,17,200506
18,48,200506
18,9,200506
18,125,200506
18,84,200506
18,223,200506
18,102,200506
18,123,200506
18,164,200506
18,196,200506
18,86,200506
19,18,200506
19,155,200506
19,24,200506
19,434,200506
19,160,200506
19,72,200506
19,180,200506
19,54,200506
19,39,200506
19,138,200506
19,59,200506
19,97,200506
19,142,200506
19,143,200506
19,83,200506
19,112,200506
19,6,200506
19,221,200506
19,11,200506
19,117,200506
19,32,200506
19,147,200506
19,77,200506
19,5,200506
19,120,200506
19,52,200506
19,175,200506
19,62,200506
19,46,200506
19,140,200506
19,13,200506
19,14,200506
19,455,200506
19,36,200506
19,170,200506
19,23,200506
19,29,200506
19,40,200506
19,433,200506
19,55,200506
19,146,200506
19,4,200506
19,65,200506
19,0,200506
19,125,200506
19,22,200506
19,133,200506
19,327,200506
19,12,200506
19,154,200506
19,63,200506
19,135,200506
19,188,200506
19,17,200506
19,136,200506
19,100,200506
19,122,200506
19,81,200506
19,31,200506
19,165,200506
19,362,200506
19,265,200506
19,161,200506
19,544,200506
19,234,200506
19,2,200506
19,144,200506
19,237,200506
19,104,200506
19,107,200506
19,25,200506
19,51,200506
19,71,200506
19,287,200506
19,27,200506
19,126,200506
19,197,200506
19,108,200506
19,320,200506
19,94,200506
19,1,200506
19,45,200506
19,247,200506
19,21,200506
19,181,200506
19,242,200506
19,38,200506
19,341,200506
19,169,200506
19,92,200506
19,28,200506
19,124,200506
19,99,200506
19,137,200506
19,278,200506
19,297,200506
19,9,200506
19,342,200506
19,80,200506
19,79,200506
19,1065,200506
19,813,200506
19,78,200506
19,208,200506
19,102,200506
19,96,200506
19,860,200506
19,76,200506
19,64,200506
19,57,200506
19,16,200506
19,139,200506
19,134,200506
19,332,200506
19,205,200506
19,26,200506
19,338,200506
19,206,200506
19,101,200506
19,75,200506
19,192,200506
19,375,200506
19,182,200506
19,387,200506
19,48,200506
19,277,200506
19,114,200506
19,119,200506
19,10,200506
19,172,200506
19,799,200506
19,195,200506
19,176,200506
19,129,200506
19,20,200506
19,35,200506
19,60,200506
20,62,200506
20,59,200506
20,99,200506
20,60,200506
20,4,200506
20,228,200506
20,764,200506
20,247,200506
20,17,200506
20,137,200506
20,70,200506
20,16,200506
20,110,200506
20,165,200506
20,146,200506
20,26,200506
20,40,200506
20,160,200506
20,6,200506
20,129,200506
20,13,200506
20,11,200506
20,8,200506
20,51,200506
20,138,200506
20,27,200506
20,176,200506
20,142,200506
20,112,200506
20,183,200506
20,85,200506
20,126,200506
20,136,200506
20,12,200506
20,102,200506
20,100,200506
20,863,200506
20,18,200506
20,124,200506
20,34,200506
20,64,200506
20,2,200506
20,97,200506
20,14,200506
20,72,200506
20,1,200506
20,83,200506
20,130,200506
20,19,200506
20,48,200506
20,0,200506
20,25,200506
20,81,200506
20,10,200506
20,77,200506
20,155,200506
20,161,200506
20,36,200506
20,52,200506
20,69,200506
20,243,200506
20,736,200506
20,54,200506
20,211,200506
20,315,200506
20,832,200506
20,107,200506
20,214,200506
20,53,200506
20,96,200506
20,113,200506
20,906,200506
20,866,200506
20,7,200506
20,133,200506
20,261,200506
20,89,200506
20,150,200506
20,213,200506
20,189,200506
20,761,200506
20,184,200506
20,21,200506
20,33,200506
20,154,200506
20,135,200506
20,32,200506
20,35,200506
20,46,200506
20,29,200506
20,28,200506
21,160,200506
21,761,200506
21,832,200506
21,866,200506
21,5,200506
21,20,200506
21,736,200506
21,11,200506
21,96,200506
21,107,200506
21,10,200506
21,69,200506
21,755,200506
21,22,200506
21,745,200506
21,16,200506
21,92,200506
21,265,200506
21,100,200506
21,135,200506
21,27,200506
21,14,200506
21,26,200506
21,35,200506
21,136,200506
21,38,200506
21,32,200506
21,60,200506
21,46,200506
21,108,200506
21,17,200506
21,52,200506
21,181,200506
21,80,200506
21,110,200506
21,165,200506
21,34,200506
21,40,200506
21,0,200506
21,137,200506
21,48,200506
21,13,200506
21,149,200506
21,54,200506
21,346,200506
21,81,200506
21,77,200506
21,9,200506
21,154,200506
21,85,200506
21,31,200506
21,213,200506
21,183,200506
21,1,200506
21,51,200506
21,7,200506
21,64,200506
21,59,200506
21,89,200506
21,4,200506
21,18,200506
21,25,200506
21,97,200506
21,29,200506
21,113,200506
21,133,200506
21,23,200506
21,28,200506
22,5,200506
22,40,200506
22,34,200506
22,83,200506
22,121,200506
22,142,200506
22,96,200506
22,329,200506
22,17,200506
22,160,200506
22,18,200506
22,27,200506
22,433,200506
22,76,200506
22,6,200506
22,143,200506
22,26,200506
22,19,200506
22,99,200506
22,51,200506
22,53,200506
22,85,200506
22,64,200506
22,261,200506
22,32,200506
22,80,200506
22,36,200506
22,1,200506
22,0,200506
22,133,200506
22,137,200506
22,108,200506
22,154,200506
22,9,200506
22,2,200506
22,11,200506
22,112,200506
22,135,200506
22,136,200506
22,21,200506
22,25,200506
22,4,200506
22,10,200506
22,28,200506
22,97,200506
22,29,200506
23,274,200506
23,146,200506
23,19,200506
23,136,200506
23,143,200506
23,53,200506
23,28,200506
23,189,200506
23,552,200506
23,863,200506
23,138,200506
23,150,200506
23,96,200506
23,77,200506
23,65,200506
23,25,200506
23,247,200506
23,433,200506
23,348,200506
23,39,200506
23,97,200506
23,108,200506
23,89,200506
23,749,200506
23,5,200506
23,11,200506
23,1,200506
23,137,200506
23,132,200506
23,110,200506
23,906,200506
23,501,200506
23,211,200506
23,160,200506
23,51,200506
23,196,200506
23,4,200506
23,20,200506
23,99,200506
23,48,200506
23,85,200506
23,12,200506
23,6,200506
23,29,200506
23,155,200506
23,32,200506
23,60,200506
23,72,200506
23,27,200506
23,0,200506
23,83,200506
23,81,200506
23,183,200506
23,154,200506
23,14,200506
23,116,200506
23,346,200506
23,142,200506
23,69,200506
23,165,200506
23,124,200506
23,107,200506
23,135,200506
23,31,200506
23,10,200506
23,17,200506
23,18,200506
23,59,200506
23,112,200506
23,21,200506
24,34,200506
24,159,200506
24,81,200506
24,397,200506
24,18,200506
24,85,200506
24,329,200506
24,282,200506
24,97,200506
24,29,200506
24,46,200506
24,137,200506
24,60,200506
24,4,200506
24,103,200506
24,64,200506
24,48,200506
24,17,200506
24,160,200506
24,195,200506
24,38,200506
24,77,200506
24,62,200506
24,35,200506
24,117,200506
24,32,200506
24,116,200506
24,27,200506
24,19,200506
24,1,200506
24,146,200506
24,197,200506
24,242,200506
24,101,200506
24,250,200506
24,119,200506
24,125,200506
24,100,200506
24,53,200506
24,120,200506
24,79,200506
24,132,200506
24,276,200506
24,157,200506
24,152,200506
24,83,200506
24,58,200506
24,25,200506
24,45,200506
24,78,200506
24,208,200506
24,41,200506
24,320,200506
24,14,200506
24,710,200506
24,139,200506
24,178,200506
24,54,200506
24,40,200506
24,108,200506
24,154,200506
24,16,200506
24,6,200506
24,99,200506
24,26,200506
25,85,200506
25,341,200506
25,27,200506
25,102,200506
25,62,200506
25,911,200506
25,87,200506
25,160,200506
25,142,200506
25,16,200506
25,146,200506
25,23,200506
25,195,200506
25,165,200506
25,79,200506
25,35,200506
25,31,200506
25,131,200506
25,77,200506
25,433,200506
25,552,200506
25,19,200506
25,143,200506
25,138,200506
25,137,200506
25,55,200506
25,154,200506
25,24,200506
25,97,200506
25,156,200506
25,64,200506
25,29,200506
25,99,200506
25,18,200506
25,13,200506
25,52,200506
25,180,200506
25,278,200506
25,1,200506
25,81,200506
25,78,200506
25,80,200506
25,45,200506
25,112,200506
25,265,200506
25,184,200506
25,28,200506
25,14,200506
25,48,200506
25,169,200506
25,22,200506
25,150,200506
25,355,200506
25,11,200506
25,544,200506
25,26,200506
25,17,200506
25,139,200506
25,20,200506
25,6,200506
25,76,200506
25,134,200506
25,136,200506
25,30,200506
25,216,200506
25,155,200506
25,183,200506
25,32,200506
25,57,200506
25,117,200506
25,38,200506
25,107,200506
25,113,200506
25,21,200506
25,149,200506
25,483,200506
25,327,200506
25,94,200506
25,335,200506
25,393,200506
25,495,200506
25,333,200506
25,10,200506
25,336,200506
25,0,200506
25,153,200506
25,671,200506
25,340,200506
25,63,200506
25,108,200506
25,213,200506
25,385,200506
25,60,200506
25,98,200506
25,237,200506
25,118,200506
25,2,200506
25,36,200506
25,220,200506
25,41,200506
25,132,200506
25,250,200506
25,326,200506
25,371,200506
25,161,200506
25,39,200506
25,181,200506
25,390,200506
25,65,200506
25,59,200506
25,211,200506
25,40,200506
25,96,200506
25,12,200506
25,339,200506
25,120,200506
25,34,200506
25,58,200506
25,101,200506
25,46,200506
25,100,200506
25,83,200506
25,152,200506
25,157,200506
25,9,200506
25,54,200506
25,188,200506
25,72,200506
25,116,200506
25,129,200506
25,53,200506
25,115,200506
25,93,200506
25,110,200506
25,7,200506
25,5,200506
25,124,200506
25,274,200506
25,47,200506
25,89,200506
25,51,200506
25,4,200506
26,57,200506
26,129,200506
26,139,200506
26,1,200506
26,89,200506
26,32,200506
26,142,200506
26,72,200506
26,29,200506
26,17,200506
26,20,200506
26,7,200506
26,6,200506
26,131,200506
26,77,200506
26,16,200506
26,278,200506
26,48,200506
26,544,200506
26,132,200506
26,100,200506
26,287,200506
26,40,200506
26,60,200506
26,136,200506
26,196,200506
26,107,200506
26,69,200506
26,113,200506
26,35,200506
26,4,200506
26,86,200506
26,11,200506
26,10,200506
26,242,200506
26,155,200506
26,51,200506
26,38,200506
26,108,200506
26,110,200506
26,0,200506
26,54,200506
26,25,200506
26,157,200506
26,23,200506
26,137,200506
26,28,200506
26,112,200506
26,143,200506
26,165,200506
26,96,200506
26,31,200506
26,5,200506
26,21,200506
26,2,200506
26,18,200506
26,27,200506
26,120,200506
26,22,200506
26,172,200506
26,349,200506
26,64,200506
26,320,200506
26,85,200506
26,117,200506
26,297,200506
26,78,200506
26,313,200506
26,65,200506
26,134,200506
26,283,200506
26,180,200506
26,114,200506
26,46,200506
26,19,200506
26,101,200506
26,126,200506
26,140,200506
26,83,200506
26,181,200506
26,338,200506
26,192,200506
26,97,200506
26,36,200506
26,146,200506
26,102,200506
26,45,200506
26,24,200506
26,55,200506
26,92,200506
26,76,200506
26,80,200506
26,39,200506
26,14,200506
26,81,200506
26,99,200506
26,860,200506
26,13,200506
26,75,200506
26,160,200506
26,154,200506
26,135,200506
27,154,200506
27,77,200506
27,165,200506
27,859,200506
27,93,200506
27,78,200506
27,24,200506
27,14,200506
27,1,200506
27,339,200506
27,62,200506
27,17,200506
27,40,200506
27,104,200506
27,25,200506
27,433,200506
27,96,200506
27,120,200506
27,138,200506
27,136,200506
27,327,200506
27,18,200506
27,160,200506
27,188,200506
27,20,200506
27,146,200506
27,175,200506
27,2,200506
27,34,200506
27,112,200506
27,31,200506
27,161,200506
27,143,200506
27,314,200506
27,100,200506
27,79,200506
27,110,200506
27,126,200506
27,94,200506
27,46,200506
27,11,200506
27,76,200506
27,36,200506
27,64,200506
27,52,200506
27,803,200506
27,332,200506
27,102,200506
27,176,200506
27,23,200506
27,155,200506
27,133,200506
27,115,200506
27,0,200506
27,804,200506
27,142,200506
27,13,200506
27,157,200506
27,134,200506
27,58,200506
27,47,200506
27,19,200506
27,55,200506
27,97,200506
27,83,200506
27,60,200506
27,106,200506
27,99,200506
27,107,200506
27,48,200506
27,85,200506
27,69,200506
27,135,200506
27,4,200506
27,368,200506
27,51,200506
27,5,200506
27,22,200506
27,6,200506
27,355,200506
27,80,200506
27,38,200506
27,242,200506
27,21,200506
27,28,200506
27,113,200506
27,12,200506
27,248,200506
27,119,200506
27,490,200506
27,834,200506
27,26,200506
27,588,200506
27,480,200506
27,16,200506
27,124,200506
27,29,200506
27,32,200506
27,752,200506
27,54,200506
27,108,200506
27,72,200506
27,92,200506
27,9,200506
27,10,200506
27,137,200506
28,552,200506
28,433,200506
28,148,200506
28,17,200506
28,136,200506
28,493,200506
28,1,200506
28,5,200506
28,83,200506
28,53,200506
28,77,200506
28,160,200506
28,175,200506
28,143,200506
28,96,200506
28,13,200506
28,51,200506
28,544,200506
28,0,200506
28,265,200506
28,85,200506
28,34,200506
28,48,200506
28,26,200506
28,35,200506
28,112,200506
28,161,200506
28,19,200506
28,129,200506
28,25,200506
28,124,200506
28,32,200506
28,99,200506
28,261,200506
28,97,200506
28,107,200506
28,131,200506
28,115,200506
28,30,200506
28,4,200506
28,16,200506
28,14,200506
28,2,200506
28,135,200506
28,20,200506
28,132,200506
28,27,200506
28,29,200506
28,60,200506
28,137,200506
28,80,200506
28,81,200506
28,69,200506
28,18,200506
28,177,200506
28,142,200506
28,6,200506
28,155,200506
28,102,200506
28,100,200506
28,9,200506
28,248,200506
28,40,200506
28,157,200506
28,346,200506
28,108,200506
28,38,200506
28,11,200506
28,110,200506
28,154,200506
28,72,200506
28,92,200506
28,7,200506
28,89,200506
28,165,200506
28,64,200506
28,10,200506
28,31,200506
28,46,200506
28,146,200506
28,22,200506
28,59,200506
28,21,200506
29,110,200506
29,40,200506
29,192,200506
29,143,200506
29,96,200506
29,5,200506
29,31,200506
29,81,200506
29,45,200506
29,18,200506
29,160,200506
29,144,200506
29,552,200506
29,120,200506
29,13,200506
29,245,200506
29,16,200506
29,119,200506
29,6,200506
29,137,200506
29,21,200506
29,59,200506
29,138,200506
29,19,200506
29,166,200506
29,14,200506
29,24,200506
29,89,200506
29,86,200506
29,4,200506
29,77,200506
29,136,200506
29,17,200506
29,675,200506
29,175,200506
29,33,200506
29,97,200506
29,79,200506
29,146,200506
29,64,200506
29,20,200506
29,148,200506
29,330,200506
29,322,200506
29,15,200506
29,35,200506
29,433,200506
29,55,200506
29,101,200506
29,126,200506
29,85,200506
29,36,200506
29,60,200506
29,1,200506
29,113,200506
29,132,200506
29,10,200506
29,9,200506
29,99,200506
29,61,200506
29,53,200506
29,28,200506
29,108,200506
29,112,200506
29,544,200506
29,183,200506
29,47,200506
29,181,200506
29,11,200506
29,341,200506
29,182,200506
29,78,200506
29,234,200506
29,265,200506
29,122,200506
29,41,200506
29,52,200506
29,38,200506
29,157,200506
29,83,200506
29,98,200506
29,107,200506
29,233,200506
29,121,200506
29,23,200506
29,26,200506
29,431,200506
29,0,200506
29,80,200506
29,139,200506
29,76,200506
29,63,200506
29,135,200506
29,155,200506
29,248,200506
29,278,200506
29,170,200506
29,142,200506
29,66,200506
29,163,200506
29,72,200506
29,134,200506
29,129,200506
29,117,200506
29,65,200506
29,270,200506
29,140,200506
29,180,200506
29,320,200506
29,176,200506
29,172,200506
29,32,200506
29,27,200506
29,213,200506
29,171,200506
29,156,200506
29,169,200506
29,276,200506
29,208,200506
29,125,200506
29,111,200506
29,57,200506
29,159,200506
29,39,200506
29,25,200506
29,62,200506
29,71,200506
29,34,200506
29,75,200506
29,102,200506
29,242,200506
29,224,200506
29,58,200506
29,100,200506
29,104,200506
29,375,200506
29,46,200506
29,154,200506
29,8,200506
29,69,200506
29,269,200506
29,145,200506
29,2,200506
29,292,200506
29,44,200506
29,195,200506
29,267,200506
29,74,200506
29,198,200506
29,48,200506
29,7,200506
29,54,200506
29,193,200506
29,12,200506
29,165,200506
29,131,200506
29,51,200506
29,124,200506
29,43,200506
29,22,200506
30,84,200506
30,136,200506
30,53,200506
30,34,200506
30,433,200506
30,69,200506
30,111,200506
30,143,200506
30,160,200506
30,61,200506
30,189,200506
30,3,200506
30,51,200506
30,40,200506
30,169,200506
30,64,200506
30,46,200506
30,9,200506
30,18,200506
30,20,200506
30,137,200506
30,133,200506
30,29,200506
30,1169,200506
30,68,200506
30,878,200506
30,776,200506
30,1090,200506
30,775,200506
30,753,200506
30,754,200506
30,183,200506
30,88,200506
30,223,200506
30,164,200506
30,783,200506
30,10,200506
30,1,200506
30,4,200506
30,11,200506
31,138,200506
31,433,200506
31,188,200506
31,97,200506
31,79,200506
31,46,200506
31,339,200506
31,165,200506
31,126,200506
31,0,200506
31,52,200506
31,143,200506
31,175,200506
31,58,200506
31,25,200506
31,77,200506
31,27,200506
31,62,200506
31,14,200506
31,137,200506
31,160,200506
31,341,200506
31,76,200506
31,35,200506
31,115,200506
31,327,200506
31,338,200506
31,18,200506
31,142,200506
31,274,200506
31,234,200506
31,181,200506
31,180,200506
31,206,200506
31,83,200506
31,155,200506
31,131,200506
31,326,200506
31,98,200506
31,287,200506
31,19,200506
31,183,200506
31,26,200506
31,197,200506
31,108,200506
31,81,200506
31,265,200506
31,78,200506
31,120,200506
31,136,200506
31,53,200506
31,107,200506
31,156,200506
31,12,200506
31,6,200506
31,176,200506
31,113,200506
31,63,200506
31,355,200506
31,51,200506
31,2,200506
31,139,200506
31,112,200506
31,64,200506
31,133,200506
31,9,200506
31,141,200506
31,154,200506
31,21,200506
31,48,200506
31,96,200506
31,60,200506
31,59,200506
31,99,200506
31,146,200506
31,54,200506
31,29,200506
31,40,200506
31,5,200506
31,16,200506
31,23,200506
31,17,200506
31,4,200506
31,119,200506
31,80,200506
31,102,200506
31,85,200506
31,28,200506
31,32,200506
31,100,200506
31,10,200506
31,1,200506
31,92,200506
31,135,200506
32,19,200506
32,282,200506
32,166,200506
32,13,200506
32,146,200506
32,4,200506
32,83,200506
32,6,200506
32,114,200506
32,281,200506
32,142,200506
32,143,200506
32,26,200506
32,160,200506
32,14,200506
32,46,200506
32,77,200506
32,181,200506
32,81,200506
32,433,200506
32,138,200506
32,137,200506
32,278,200506
32,96,200506
32,2,200506
32,72,200506
32,76,200506
32,287,200506
32,20,200506
32,94,200506
32,180,200506
32,23,200506
32,1,200506
32,120,200506
32,0,200506
32,85,200506
32,39,200506
32,28,200506
32,25,200506
32,51,200506
32,136,200506
32,206,200506
32,108,200506
32,57,200506
32,342,200506
32,22,200506
32,126,200506
32,177,200506
32,40,200506
32,18,200506
32,38,200506
32,17,200506
32,430,200506
32,11,200506
32,133,200506
32,113,200506
32,112,200506
32,154,200506
32,21,200506
32,178,200506
32,60,200506
32,80,200506
32,107,200506
32,5,200506
32,97,200506
32,117,200506
32,48,200506
32,99,200506
32,197,200506
32,205,200506
32,69,200506
32,79,200506
32,45,200506
32,86,200506
32,182,200506
32,29,200506
32,16,200506
32,129,200506
32,78,200506
32,270,200506
32,144,200506
32,171,200506
32,140,200506
32,74,200506
32,175,200506
32,54,200506
32,208,200506
32,27,200506
32,10,200506
32,332,200506
32,65,200506
32,545,200506
32,176,200506
32,429,200506
32,92,200506
32,316,200506
32,242,200506
32,75,200506
32,141,200506
32,192,200506
32,362,200506
32,546,200506
32,43,200506
32,338,200506
32,62,200506
32,163,200506
32,55,200506
32,134,200506
32,44,200506
32,12,200506
32,188,200506
32,170,200506
32,58,200506
32,233,200506
32,104,200506
32,544,200506
32,237,200506
32,132,200506
32,193,200506
32,59,200506
32,34,200506
32,157,200506
32,125,200506
32,195,200506
32,420,200506
32,63,200506
32,269,200506
32,375,200506
32,320,200506
32,24,200506
32,139,200506
32,276,200506
32,66,200506
32,9,200506
32,15,200506
32,124,200506
32,198,200506
32,64,200506
32,110,200506
32,31,200506
32,101,200506
32,35,200506
32,36,200506
32,100,200506
32,135,200506
32,155,200506
32,52,200506
32,102,200506
32,131,200506
33,51,200506
33,130,200506
33,227,200506
33,12,200506
33,184,200506
33,22,200506
33,107,200506
33,10,200506
33,17,200506
33,136,200506
33,1,200506
33,11,200506
33,4,200506
33,20,200506
34,24,200506
34,552,200506
34,9,200506
34,116,200506
34,104,200506
34,85,200506
34,27,200506
34,124,200506
34,17,200506
34,433,200506
34,115,200506
34,588,200506
34,160,200506
34,10,200506
34,161,200506
34,101,200506
34,118,200506
34,61,200506
34,58,200506
34,15,200506
34,69,200506
34,906,200506
34,250,200506
34,150,200506
34,11,200506
34,20,200506
34,28,200506
34,248,200506
34,83,200506
34,100,200506
34,76,200506
34,107,200506
34,4,200506
34,60,200506
34,136,200506
34,18,200506
34,29,200506
34,18,200506
34,11,200506
34,32,200506
34,10,200506
34,146,200506
34,160,200506
34,1,200506
34,154,200506
34,29,200506
34,25,200506
34,136,200506
34,137,200506
34,97,200506
35,161,200506
35,77,200506
35,6,200506
35,433,200506
35,453,200506
35,19,200506
35,160,200506
35,129,200506
35,143,200506
35,154,200506
35,108,200506
35,62,200506
35,101,200506
35,59,200506
35,375,200506
35,45,200506
35,675,200506
35,146,200506
35,393,200506
35,17,200506
35,117,200506
35,29,200506
35,46,200506
35,97,200506
35,38,200506
35,495,200506
35,60,200506
35,48,200506
35,12,200506
35,39,200506
35,31,200506
35,18,200506
35,113,200506
35,52,200506
35,5,200506
35,102,200506
35,11,200506
35,51,200506
35,13,200506
35,64,200506
35,249,200506
35,96,200506
35,83,200506
35,133,200506
35,36,200506
35,243,200506
35,8,200506
35,137,200506
35,2,200506
35,354,200506
35,107,200506
35,0,200506
35,99,200506
35,28,200506
35,20,200506
35,180,200506
35,282,200506
35,4,200506
35,142,200506
35,14,200506
35,157,200506
35,89,200506
35,73,200506
35,16,200506
35,41,200506
35,81,200506
35,769,200506
35,40,200506
35,120,200506
35,10,200506
35,1,200506
35,173,200506
35,139,200506
35,136,200506
35,32,200506
35,100,200506
35,172,200506
35,25,200506
35,26,200506
36,19,200506
36,11,200506
36,143,200506
36,48,200506
36,139,200506
36,35,200506
36,117,200506
36,1,200506
36,5,200506
36,96,200506
36,154,200506
36,213,200506
36,23,200506
36,107,200506
36,51,200506
36,12,200506
36,29,200506
36,40,200506
36,74,200506
36,16,200506
36,155,200506
36,14,200506
36,102,200506
36,13,200506
36,64,200506
36,31,200506
36,136,200506
36,269,200506
36,52,200506
36,160,200506
36,178,200506
36,81,200506
36,99,200506
36,137,200506
36,126,200506
36,10,200506
36,142,200506
36,108,200506
36,135,200506
36,25,200506
36,41,200506
36,26,200506
36,146,200506
36,59,200506
36,32,200506
36,119,200506
36,97,200506
36,6,200506
36,46,200506
37,1,200506
37,496,200506
37,1367,200506
37,17,200506
38,27,200506
38,62,200506
38,102,200506
38,101,200506
38,53,200506
38,29,200506
38,155,200506
38,14,200506
38,19,200506
38,77,200506
38,6,200506
38,119,200506
38,433,200506
38,160,200506
38,64,200506
38,146,200506
38,79,200506
38,140,200506
38,83,200506
38,120,200506
38,12,200506
38,76,200506
38,81,200506
38,141,200506
38,51,200506
38,16,200506
38,54,200506
38,92,200506
38,96,200506
38,32,200506
38,45,200506
38,0,200506
38,36,200506
38,52,200506
38,99,200506
38,82,200506
38,165,200506
38,9,200506
38,142,200506
38,137,200506
38,126,200506
38,104,200506
38,180,200506
38,26,200506
38,188,200506
38,154,200506
38,139,200506
38,25,200506
38,23,200506
38,181,200506
38,124,200506
38,31,200506
38,13,200506
38,2,200506
38,48,200506
38,21,200506
38,28,200506
38,18,200506
38,1,200506
38,35,200506
38,46,200506
38,108,200506
38,59,200506
38,135,200506
38,10,200506
38,40,200506
38,100,200506
38,60,200506
38,97,200506
39,320,200506
39,23,200506
39,160,200506
39,78,200506
39,97,200506
39,112,200506
39,100,200506
39,35,200506
39,76,200506
39,341,200506
39,143,200506
39,137,200506
39,455,200506
39,77,200506
39,64,200506
39,36,200506
39,433,200506
39,83,200506
39,19,200506
39,60,200506
39,101,200506
39,80,200506
39,73,200506
39,250,200506
39,860,200506
39,140,200506
39,63,200506
39,176,200506
39,135,200506
39,124,200506
39,29,200506
39,102,200506
39,0,200506
39,178,200506
39,346,200506
39,108,200506
39,46,200506
39,25,200506
39,6,200506
39,99,200506
39,32,200506
39,26,200506
39,146,200506
40,143,200506
40,147,200506
40,99,200506
40,433,200506
40,59,200506
40,35,200506
40,449,200506
40,24,200506
40,16,200506
40,893,200506
40,77,200506
40,205,200506
40,137,200506
40,14,200506
40,142,200506
40,160,200506
40,6,200506
40,94,200506
40,38,200506
40,26,200506
40,19,200506
40,17,200506
40,549,200506
40,2,200506
40,154,200506
40,53,200506
40,146,200506
40,44,200506
40,64,200506
40,183,200506
40,113,200506
40,135,200506
40,100,200506
40,81,200506
40,18,200506
40,155,200506
40,15,200506
40,96,200506
40,52,200506
40,309,200506
40,265,200506
40,165,200506
40,213,200506
40,21,200506
40,12,200506
40,157,200506
40,132,200506
40,80,200506
40,152,200506
40,36,200506
40,78,200506
40,27,200506
40,172,200506
40,108,200506
40,51,200506
40,97,200506
40,5,200506
40,111,200506
40,1065,200506
40,110,200506
40,278,200506
40,889,200506
40,45,200506
40,23,200506
40,101,200506
40,10,200506
40,320,200506
40,28,200506
40,182,200506
40,48,200506
40,360,200506
40,1022,200506
40,208,200506
40,1020,200506
40,129,200506
40,117,200506
40,369,200506
40,1086,200506
40,899,200506
40,381,200506
40,362,200506
40,54,200506
40,32,200506
40,373,200506
40,722,200506
40,178,200506
40,523,200506
40,13,200506
40,134,200506
40,76,200506
40,63,200506
40,180,200506
40,83,200506
40,374,200506
40,79,200506
40,139,200506
40,375,200506
40,0,200506
40,126,200506
40,25,200506
40,176,200506
40,31,200506
40,60,200506
40,1,200506
40,120,200506
40,29,200506
40,4,200506
40,102,200506
40,136,200506
40,20,200506
40,46,200506
41,160,200506
41,34,200506
41,339,200506
41,115,200506
41,60,200506
41,78,200506
41,16,200506
41,39,200506
41,287,200506
41,278,200506
41,63,200506
41,117,200506
41,180,200506
41,24,200506
41,125,200506
41,72,200506
41,19,200506
41,139,200506
41,14,200506
41,146,200506
41,35,200506
41,97,200506
41,108,200506
41,25,200506
41,59,200506
41,36,200506
41,46,200506
41,48,200506
43,104,200506
43,433,200506
43,29,200506
43,160,200506
43,62,200506
43,34,200506
43,154,200506
43,362,200506
43,44,200506
43,233,200506
43,76,200506
43,114,200506
43,52,200506
43,32,200506
43,18,200506
43,146,200506
43,54,200506
43,97,200506
44,18,200506
44,160,200506
44,29,200506
44,144,200506
44,54,200506
44,1169,200506
44,248,200506
44,430,200506
44,32,200506
45,132,200506
45,24,200506
45,39,200506
45,102,200506
45,97,200506
45,66,200506
45,34,200506
45,13,200506
45,116,200506
45,124,200506
45,16,200506
45,55,200506
45,52,200506
45,6,200506
45,142,200506
45,126,200506
45,54,200506
45,134,200506
45,29,200506
45,155,200506
45,362,200506
45,32,200506
45,81,200506
45,65,200506
45,120,200506
45,99,200506
45,100,200506
45,40,200506
45,160,200506
45,178,200506
45,18,200506
45,46,200506
45,26,200506
45,19,200506
45,38,200506
45,83,200506
45,137,200506
45,48,200506
45,60,200506
45,108,200506
45,59,200506
45,25,200506
45,64,200506
45,146,200506
46,175,200506
46,160,200506
46,59,200506
46,29,200506
46,433,200506
46,453,200506
46,129,200506
46,146,200506
46,35,200506
46,282,200506
46,62,200506
46,24,200506
46,141,200506
46,6,200506
46,143,200506
46,14,200506
46,98,200506
46,116,200506
46,83,200506
46,31,200506
46,60,200506
46,79,200506
46,197,200506
46,482,200506
46,77,200506
46,19,200506
46,154,200506
46,39,200506
46,97,200506
46,148,200506
46,434,200506
46,13,200506
46,45,200506
46,0,200506
46,120,200506
46,115,200506
46,176,200506
46,81,200506
46,327,200506
46,16,200506
46,27,200506
46,2,200506
46,429,200506
46,9,200506
46,165,200506
46,145,200506
46,76,200506
46,171,200506
46,80,200506
46,25,200506
46,183,200506
46,111,200506
46,112,200506
46,155,200506
46,182,200506
46,205,200506
46,82,200506
46,675,200506
46,21,200506
46,181,200506
46,99,200506
46,108,200506
46,54,200506
46,11,200506
46,341,200506
46,552,200506
46,278,200506
46,156,200506
46,178,200506
46,57,200506
46,1065,200506
46,64,200506
46,320,200506
46,117,200506
46,5,200506
46,237,200506
46,813,200506
46,137,200506
46,900,200506
46,173,200506
46,63,200506
46,799,200506
46,18,200506
46,38,200506
46,362,200506
46,126,200506
46,287,200506
46,100,200506
46,224,200506
46,32,200506
46,134,200506
46,860,200506
46,342,200506
46,180,200506
46,136,200506
46,26,200506
46,41,200506
46,544,200506
46,78,200506
46,95,200506
46,192,200506
46,94,200506
46,458,200506
46,250,200506
46,157,200506
46,152,200506
46,140,200506
46,797,200506
46,101,200506
46,73,200506
46,158,200506
46,445,200506
46,65,200506
46,124,200506
46,75,200506
46,58,200506
46,744,200506
46,28,200506
46,172,200506
46,4,200506
46,1,200506
46,139,200506
46,142,200506
46,102,200506
46,36,200506
46,10,200506
46,17,200506
46,52,200506
46,20,200506
46,40,200506
46,48,200506
47,544,200506
47,137,200506
47,40,200506
47,124,200506
47,76,200506
47,165,200506
47,65,200506
47,274,200506
47,9,200506
47,72,200506
47,96,200506
47,156,200506
47,1169,200506
47,248,200506
47,116,200506
47,346,200506
47,97,200506
47,92,200506
47,25,200506
48,552,200506
48,160,200506
48,6,200506
48,143,200506
48,768,200506
48,9,200506
48,60,200506
48,35,200506
48,175,200506
48,129,200506
48,96,200506
48,274,200506
48,97,200506
48,14,200506
48,173,200506
48,73,200506
48,124,200506
48,769,200506
48,100,200506
48,40,200506
48,31,200506
48,433,200506
48,83,200506
48,38,200506
48,120,200506
48,7,200506
48,26,200506
48,2,200506
48,111,200506
48,51,200506
48,25,200506
48,170,200506
48,113,200506
48,126,200506
48,86,200506
48,1,200506
48,213,200506
48,52,200506
48,142,200506
48,106,200506
48,17,200506
48,29,200506
48,136,200506
48,112,200506
48,165,200506
48,197,200506
48,82,200506
48,172,200506
48,18,200506
48,652,200506
48,107,200506
48,10,200506
48,23,200506
48,133,200506
48,180,200506
48,21,200506
48,155,200506
48,19,200506
48,69,200506
48,99,200506
48,110,200506
48,0,200506
48,89,200506
48,94,200506
48,54,200506
48,13,200506
48,59,200506
48,28,200506
48,146,200506
48,117,200506
48,5,200506
48,75,200506
48,4,200506
48,85,200506
48,27,200506
48,237,200506
48,102,200506
48,45,200506
48,80,200506
48,81,200506
48,65,200506
48,41,200506
48,108,200506
48,156,200506
48,24,200506
48,76,200506
48,154,200506
48,79,200506
48,92,200506
48,16,200506
48,341,200506
48,77,200506
48,64,200506
48,121,200506
48,32,200506
48,178,200506
48,11,200506
48,119,200506
48,135,200506
48,137,200506
48,46,200506
49,69,200506
49,806,200506
49,177,200506
49,51,200506
50,177,200506
50,69,200506
50,222,200506
50,248,200506
50,4,200506
51,79,200506
51,215,200506
51,143,200506
51,17,200506
51,247,200506
51,77,200506
51,176,200506
51,741,200506
51,433,200506
51,184,200506
51,214,200506
51,160,200506
51,137,200506
51,19,200506
51,108,200506
51,21,200506
51,795,200506
51,11,200506
51,33,200506
51,175,200506
51,20,200506
51,23,200506
51,4,200506
51,110,200506
51,132,200506
51,40,200506
51,5,200506
51,69,200506
51,102,200506
51,30,200506
51,61,200506
51,161,200506
51,164,200506
51,113,200506
51,135,200506
51,183,200506
51,54,200506
51,120,200506
51,133,200506
51,150,200506
51,32,200506
51,85,200506
51,27,200506
51,38,200506
51,14,200506
51,99,200506
51,9,200506
51,26,200506
51,139,200506
51,228,200506
51,72,200506
51,13,200506
51,64,200506
51,60,200506
51,115,200506
51,100,200506
51,16,200506
51,6,200506
51,248,200506
51,12,200506
51,107,200506
51,25,200506
51,52,200506
51,3,200506
51,105,200506
51,165,200506
51,22,200506
51,49,200506
51,196,200506
51,866,200506
51,18,200506
51,761,200506
51,213,200506
51,28,200506
51,177,200506
51,136,200506
51,189,200506
51,96,200506
51,10,200506
51,7,200506
51,1,200506
51,112,200506
51,59,200506
51,89,200506
51,29,200506
51,146,200506
51,97,200506
52,160,200506
52,117,200506
52,195,200506
52,293,200506
52,14,200506
52,138,200506
52,6,200506
52,180,200506
52,143,200506
52,59,200506
52,35,200506
52,433,200506
52,194,200506
52,16,200506
52,76,200506
52,118,200506
52,80,200506
52,19,200506
52,77,200506
52,0,200506
52,102,200506
52,92,200506
52,96,200506
52,100,200506
52,154,200506
52,131,200506
52,26,200506
52,129,200506
52,119,200506
52,139,200506
52,54,200506
52,83,200506
52,12,200506
52,137,200506
52,29,200506
52,155,200506
52,36,200506
52,97,200506
52,28,200506
52,4,200506
52,51,200506
52,25,200506
52,20,200506
52,2,200506
52,58,200506
52,27,200506
52,81,200506
52,5,200506
52,120,200506
52,43,200506
52,164,200506
52,112,200506
52,124,200506
52,78,200506
52,133,200506
52,85,200506
52,136,200506
52,1,200506
52,108,200506
52,48,200506
52,64,200506
52,126,200506
52,17,200506
52,60,200506
52,38,200506
52,99,200506
52,142,200506
52,31,200506
52,10,200506
52,40,200506
52,135,200506
52,18,200506
52,146,200506
52,32,200506
52,46,200506
53,60,200506
53,10,200506
53,143,200506
53,133,200506
53,72,200506
53,393,200506
53,160,200506
53,70,200506
53,154,200506
53,9,200506
53,104,200506
53,46,200506
53,11,200506
53,433,200506
53,26,200506
53,6,200506
53,5,200506
53,40,200506
53,27,200506
53,183,200506
53,21,200506
53,149,200506
53,113,200506
53,161,200506
53,47,200506
53,112,200506
53,38,200506
53,2,200506
53,265,200506
53,495,200506
53,34,200506
53,80,200506
53,13,200506
53,102,200506
53,121,200506
53,74,200506
53,261,200506
53,1169,200506
53,142,200506
53,189,200506
53,23,200506
53,18,200506
53,125,200506
53,83,200506
53,64,200506
53,22,200506
53,457,200506
53,1,200506
53,97,200506
53,96,200506
53,136,200506
53,20,200506
53,29,200506
53,146,200506
53,17,200506
53,25,200506
53,137,200506
54,29,200506
54,79,200506
54,18,200506
54,12,200506
54,16,200506
54,61,200506
54,160,200506
54,40,200506
54,440,200506
54,32,200506
54,339,200506
54,180,200506
54,94,200506
54,143,200506
54,77,200506
54,276,200506
54,422,200506
54,814,200506
54,57,200506
54,433,200506
54,430,200506
54,19,200506
54,38,200506
54,36,200506
54,55,200506
54,97,200506
54,72,200506
54,80,200506
54,197,200506
54,23,200506
54,99,200506
54,106,200506
54,107,200506
54,46,200506
54,341,200506
54,5,200506
54,83,200506
54,31,200506
54,544,200506
54,132,200506
54,142,200506
54,48,200506
54,120,200506
54,51,200506
54,110,200506
54,154,200506
54,35,200506
54,108,200506
54,25,200506
54,14,200506
54,4,200506
54,270,200506
54,100,200506
54,1169,200506
54,248,200506
54,1180,200506
54,1205,200506
54,28,200506
54,20,200506
54,170,200506
54,24,200506
54,145,200506
54,2,200506
54,420,200506
54,64,200506
54,136,200506
54,44,200506
54,27,200506
54,146,200506
54,74,200506
54,81,200506
54,52,200506
54,13,200506
54,26,200506
54,60,200506
54,17,200506
54,43,200506
54,181,200506
54,131,200506
54,10,200506
54,6,200506
54,1,200506
54,137,200506
55,134,200506
55,126,200506
55,433,200506
55,77,200506
55,52,200506
55,83,200506
55,860,200506
55,18,200506
55,12,200506
55,31,200506
55,5,200506
55,35,200506
55,160,200506
55,140,200506
55,132,200506
55,0,200506
55,79,200506
55,27,200506
55,54,200506
55,137,200506
55,742,200506
55,97,200506
55,19,200506
55,36,200506
55,13,200506
55,64,200506
55,32,200506
55,29,200506
55,16,200506
55,26,200506
55,99,200506
55,146,200506
55,6,200506
55,59,200506
57,77,200506
57,433,200506
57,141,200506
57,97,200506
57,54,200506
57,250,200506
57,46,200506
57,25,200506
57,160,200506
57,143,200506
57,13,200506
57,197,200506
57,115,200506
57,138,200506
57,65,200506
57,32,200506
57,93,200506
57,309,200506
57,120,200506
57,19,200506
57,74,200506
57,18,200506
57,79,200506
57,81,200506
57,85,200506
57,99,200506
57,64,200506
57,60,200506
57,146,200506
57,26,200506
57,29,200506
57,108,200506
57,16,200506
57,6,200506
57,137,200506
58,160,200506
58,521,200506
58,77,200506
58,59,200506
58,433,200506
58,35,200506
58,25,200506
58,120,200506
58,9,200506
58,72,200506
58,135,200506
58,62,200506
58,38,200506
58,39,200506
58,34,200506
58,132,200506
58,41,200506
58,192,200506
58,78,200506
58,83,200506
58,85,200506
58,97,200506
58,99,200506
58,6,200506
58,108,200506
58,60,200506
58,29,200506
58,146,200506
58,32,200506
58,64,200506
58,137,200506
58,46,200506
59,6,200506
59,97,200506
59,433,200506
59,20,200506
59,138,200506
59,17,200506
59,133,200506
59,29,200506
59,64,200506
59,195,200506
59,89,200506
59,26,200506
59,10,200506
59,137,200506
59,45,200506
59,245,200506
59,675,200506
59,110,200506
59,176,200506
59,79,200506
59,875,200506
59,444,200506
59,77,200506
59,35,200506
59,146,200506
59,160,200506
59,16,200506
59,136,200506
59,143,200506
59,746,200506
59,322,200506
59,157,200506
59,30,200506
59,158,200506
59,111,200506
59,27,200506
59,154,200506
59,135,200506
59,197,200506
59,1065,200506
59,342,200506
59,71,200506
59,107,200506
59,52,200506
59,63,200506
59,13,200506
59,32,200506
59,19,200506
59,18,200506
59,46,200506
59,31,200506
59,81,200506
59,78,200506
59,156,200506
59,38,200506
59,41,200506
59,40,200506
59,14,200506
59,217,200506
59,76,200506
59,106,200506
59,83,200506
59,25,200506
59,100,200506
59,99,200506
59,172,200506
59,1,200506
59,11,200506
59,51,200506
59,21,200506
59,194,200506
59,4,200506
59,36,200506
59,139,200506
59,23,200506
59,112,200506
59,129,200506
59,28,200506
59,55,200506
59,126,200506
59,0,200506
59,108,200506
59,48,200506
59,117,200506
59,60,200506
59,5,200506
59,142,200506
59,121,200506
60,20,200506
60,97,200506
60,175,200506
60,35,200506
60,137,200506
60,14,200506
60,391,200506
60,31,200506
60,157,200506
60,24,200506
60,160,200506
60,129,200506
60,46,200506
60,143,200506
60,1,200506
60,772,200506
60,108,200506
60,13,200506
60,48,200506
60,79,200506
60,77,200506
60,19,200506
60,433,200506
60,41,200506
60,36,200506
60,146,200506
60,62,200506
60,39,200506
60,89,200506
60,28,200506
60,102,200506
60,10,200506
60,17,200506
60,85,200506
60,155,200506
60,243,200506
60,181,200506
60,96,200506
60,172,200506
60,4,200506
60,107,200506
60,25,200506
60,18,200506
60,99,200506
60,112,200506
60,26,200506
60,32,200506
60,74,200506
60,120,200506
60,110,200506
60,16,200506
60,83,200506
60,183,200506
60,180,200506
60,769,200506
60,21,200506
60,139,200506
60,176,200506
60,182,200506
60,136,200506
60,23,200506
60,154,200506
60,6,200506
60,9,200506
60,52,200506
60,370,200506
60,55,200506
60,5,200506
60,197,200506
60,81,200506
60,249,200506
60,34,200506
60,72,200506
60,142,200506
60,152,200506
60,45,200506
60,57,200506
60,51,200506
60,11,200506
60,65,200506
60,58,200506
60,341,200506
60,237,200506
60,141,200506
60,124,200506
60,101,200506
60,29,200506
60,76,200506
60,163,200506
60,12,200506
60,269,200506
60,80,200506
60,2,200506
60,860,200506
60,54,200506
60,75,200506
60,117,200506
60,0,200506
60,156,200506
60,40,200506
60,135,200506
60,38,200506
60,178,200506
60,27,200506
60,64,200506
60,92,200506
60,119,200506
60,59,200506
61,104,200506
61,111,200506
61,15,200506
61,132,200506
61,407,200506
61,804,200506
61,160,200506
61,234,200506
61,433,200506
61,144,200506
61,415,200506
61,18,200506
61,143,200506
61,46,200506
61,197,200506
61,29,200506
61,40,200506
61,59,200506
61,211,200506
61,11,200506
61,27,200506
61,97,200506
61,1169,200506
61,32,200506
61,1,200506
61,10,200506
61,136,200506
61,146,200506
62,35,200506
62,198,200506
62,32,200506
62,187,200506
62,138,200506
62,20,200506
62,17,200506
62,142,200506
62,27,200506
62,51,200506
62,46,200506
62,282,200506
62,97,200506
62,31,200506
62,60,200506
62,144,200506
62,136,200506
62,25,200506
62,59,200506
62,6,200506
62,66,200506
62,165,200506
62,160,200506
62,14,200506
62,434,200506
62,18,200506
62,143,200506
62,339,200506
62,39,200506
62,137,200506
62,19,200506
62,4,200506
62,332,200506
62,101,200506
62,208,200506
62,233,200506
62,178,200506
62,146,200506
62,29,200506
62,16,200506
63,146,200506
63,429,200506
63,267,200506
63,163,200506
63,44,200506
63,99,200506
63,342,200506
63,157,200506
63,192,200506
63,59,200506
63,19,200506
63,178,200506
63,46,200506
63,29,200506
63,25,200506
63,40,200506
63,16,200506
63,97,200506
63,64,200506
63,32,200506
64,38,200506
64,443,200506
64,433,200506
64,101,200506
64,6,200506
64,53,200506
64,59,200506
64,26,200506
64,14,200506
64,521,200506
64,19,200506
64,453,200506
64,146,200506
64,211,200506
64,160,200506
64,79,200506
64,27,200506
64,22,200506
64,39,200506
64,143,200506
64,9,200506
64,104,200506
64,31,200506
64,77,200506
64,44,200506
64,48,200506
64,81,200506
64,544,200506
64,74,200506
64,242,200506
64,118,200506
64,270,200506
64,11,200506
64,133,200506
64,137,200506
64,97,200506
64,29,200506
64,164,200506
64,110,200506
64,82,200506
64,178,200506
64,61,200506
64,122,200506
64,54,200506
64,94,200506
64,278,200506
64,154,200506
64,139,200506
64,40,200506
64,142,200506
64,113,200506
64,100,200506
64,20,200506
64,1065,200506
64,107,200506
64,170,200506
64,197,200506
64,266,200506
64,703,200506
64,28,200506
64,13,200506
64,208,200506
64,76,200506
64,132,200506
64,140,200506
64,1,200506
64,858,200506
64,112,200506
64,156,200506
64,96,200506
64,52,200506
64,46,200506
64,134,200506
64,57,200506
64,120,200506
64,730,200506
64,172,200506
64,83,200506
64,332,200506
64,176,200506
64,129,200506
64,205,200506
64,182,200506
64,18,200506
64,155,200506
64,0,200506
64,24,200506
64,117,200506
64,63,200506
64,192,200506
64,25,200506
64,10,200506
64,85,200506
64,17,200506
64,21,200506
64,51,200506
64,195,200506
64,4,200506
64,58,200506
64,78,200506
64,16,200506
64,320,200506
64,55,200506
64,180,200506
64,32,200506
64,45,200506
64,126,200506
64,102,200506
64,35,200506
64,36,200506
64,135,200506
64,5,200506
64,108,200506
64,60,200506
64,121,200506
64,136,200506
65,120,200506
65,14,200506
65,24,200506
65,18,200506
65,195,200506
65,874,200506
65,159,200506
65,519,200506
65,463,200506
65,242,200506
65,75,200506
65,197,200506
65,57,200506
65,320,200506
65,55,200506
65,19,200506
65,108,200506
65,0,200506
65,146,200506
65,2,200506
65,29,200506
65,48,200506
65,26,200506
65,6,200506
65,60,200506
65,32,200506
65,99,200506
65,16,200506
65,160,200506
65,25,200506
65,137,200506
65,46,200506
65,97,200506
66,160,200506
66,131,200506
66,77,200506
66,27,200506
66,62,200506
66,16,200506
66,433,200506
66,38,200506
66,422,200506
66,101,200506
66,224,200506
66,248,200506
66,29,200506
66,18,200506
66,97,200506
66,32,200506
66,146,200506
67,147,200506
67,111,200506
67,136,200506
68,67,200506
68,248,200506
68,30,200506
68,136,200506
69,51,200506
69,177,200506
69,132,200506
69,317,200506
69,807,200506
69,247,200506
69,50,200506
69,160,200506
69,433,200506
69,806,200506
69,49,200506
69,137,200506
69,70,200506
69,96,200506
69,52,200506
69,311,200506
69,135,200506
69,30,200506
69,12,200506
69,108,200506
69,20,200506
69,27,200506
69,19,200506
69,77,200506
69,34,200506
69,146,200506
69,2,200506
69,213,200506
69,133,200506
69,110,200506
69,60,200506
69,88,200506
69,136,200506
69,22,200506
69,107,200506
69,6,200506
69,23,200506
69,29,200506
69,112,200506
69,99,200506
69,223,200506
69,84,200506
69,21,200506
69,1,200506
69,28,200506
69,11,200506
69,183,200506
69,10,200506
69,17,200506
69,4,200506
69,5,200506
69,18,200506
70,136,200506
70,303,200506
70,16,200506
70,34,200506
70,160,200506
70,14,200506
70,53,200506
70,150,200506
70,77,200506
70,1169,200506
70,248,200506
70,1,200506
70,11,200506
71,764,200506
71,113,200506
71,59,200506
71,26,200506
71,136,200506
71,29,200506
71,137,200506
72,160,200506
72,143,200506
72,77,200506
72,48,200506
72,433,200506
72,19,200506
72,18,200506
72,269,200506
72,173,200506
72,544,200506
72,104,200506
72,112,200506
72,34,200506
72,124,200506
72,9,200506
72,79,200506
72,22,200506
72,156,200506
72,31,200506
72,32,200506
72,11,200506
72,14,200506
72,171,200506
72,224,200506
72,64,200506
72,208,200506
72,16,200506
72,28,200506
72,101,200506
72,81,200506
72,76,200506
72,142,200506
72,93,200506
72,83,200506
72,115,200506
72,60,200506
72,248,200506
72,107,200506
72,4,200506
72,10,200506
72,183,200506
72,99,200506
72,5,200506
72,136,200506
72,17,200506
72,85,200506
72,2,200506
72,154,200506
72,29,200506
72,135,200506
72,97,200506
72,6,200506
72,146,200506
72,27,200506
72,25,200506
72,92,200506
72,1,200506
72,137,200506
72,274,200506
73,100,200506
73,157,200506
73,80,200506
73,38,200506
73,72,200506
73,36,200506
73,104,200506
73,154,200506
73,12,200506
73,108,200506
73,35,200506
73,160,200506
73,46,200506
73,97,200506
74,44,200506
74,123,200506
74,61,200506
74,134,200506
74,113,200506
74,81,200506
74,34,200506
74,45,200506
74,80,200506
74,117,200506
74,137,200506
74,170,200506
74,145,200506
74,276,200506
74,1169,200506
74,248,200506
74,346,200506
74,18,200506
74,32,200506
74,54,200506
74,146,200506
74,29,200506
75,77,200506
75,65,200506
75,55,200506
75,76,200506
75,43,200506
75,287,200506
75,45,200506
75,160,200506
75,48,200506
75,178,200506
75,146,200506
75,32,200506
75,29,200506
75,19,200506
75,136,200506
75,108,200506
75,60,200506
75,46,200506
75,97,200506
75,13,200506
75,26,200506
76,160,200506
76,77,200506
76,129,200506
76,140,200506
76,143,200506
76,79,200506
76,194,200506
76,710,200506
76,488,200506
76,72,200506
76,137,200506
76,813,200506
76,83,200506
76,29,200506
76,482,200506
76,278,200506
76,433,200506
76,58,200506
76,32,200506
76,242,200506
76,24,200506
76,134,200506
76,125,200506
76,117,200506
76,39,200506
76,146,200506
76,18,200506
76,11,200506
76,154,200506
76,31,200506
76,211,200506
76,81,200506
76,16,200506
76,12,200506
76,126,200506
76,170,200506
76,78,200506
76,135,200506
76,6,200506
76,176,200506
76,35,200506
76,341,200506
76,120,200506
76,46,200506
76,178,200506
76,19,200506
76,99,200506
76,64,200506
76,60,200506
76,108,200506
76,14,200506
76,13,200506
76,40,200506
76,97,200506
76,48,200506
76,59,200506
76,26,200506
76,25,200506
77,143,200506
77,339,200506
77,197,200506
77,32,200506
77,61,200506
77,243,200506
77,0,200506
77,137,200506
77,38,200506
77,101,200506
77,394,200506
77,15,200506
77,12,200506
77,27,200506
77,72,200506
77,154,200506
77,79,200506
77,35,200506
77,160,200506
77,136,200506
77,57,200506
77,75,200506
77,26,200506
77,14,200506
77,59,200506
77,60,200506
77,1,200506
77,25,200506
77,40,200506
77,19,200506
77,64,200506
77,51,200506
77,332,200506
77,97,200506
77,16,200506
77,39,200506
77,66,200506
77,146,200506
77,112,200506
77,120,200506
77,110,200506
77,83,200506
77,152,200506
77,46,200506
77,176,200506
77,482,200506
77,362,200506
77,17,200506
77,28,200506
77,281,200506
77,76,200506
77,401,200506
77,85,200506
77,13,200506
77,485,200506
77,282,200506
77,23,200506
77,142,200506
77,81,200506
77,194,200506
77,8,200506
77,181,200506
77,155,200506
77,78,200506
77,52,200506
77,54,200506
77,18,200506
77,29,200506
77,6,200506
77,5,200506
77,45,200506
77,161,200506
77,156,200506
77,180,200506
77,413,200506
77,41,200506
77,114,200506
77,140,200506
77,47,200506
77,134,200506
77,341,200506
77,99,200506
77,96,200506
77,183,200506
77,48,200506
77,98,200506
77,111,200506
77,9,200506
77,117,200506
77,69,200506
77,102,200506
77,129,200506
77,125,200506
77,338,200506
77,22,200506
77,10,200506
77,53,200506
77,165,200506
77,21,200506
77,20,200506
77,86,200506
77,1169,200506
77,124,200506
77,113,200506
77,70,200506
77,100,200506
77,126,200506
77,552,200506
77,703,200506
77,429,200506
77,297,200506
77,119,200506
77,36,200506
77,7,200506
77,89,200506
77,92,200506
77,4,200506
77,139,200506
77,108,200506
77,135,200506
78,39,200506
78,120,200506
78,14,200506
78,60,200506
78,433,200506
78,58,200506
78,16,200506
78,31,200506
78,81,200506
78,195,200506
78,116,200506
78,140,200506
78,117,200506
78,25,200506
78,152,200506
78,48,200506
78,77,200506
78,102,200506
78,6,200506
78,83,200506
78,157,200506
78,29,200506
78,40,200506
78,100,200506
78,143,200506
78,28,200506
78,24,200506
78,52,200506
78,178,200506
78,92,200506
78,27,200506
78,97,200506
78,137,200506
78,19,200506
78,13,200506
78,99,200506
78,26,200506
78,32,200506
78,18,200506
78,59,200506
78,46,200506
78,64,200506
78,146,200506
79,62,200506
79,24,200506
79,77,200506
79,182,200506
79,48,200506
79,160,200506
79,176,200506
79,26,200506
79,55,200506
79,433,200506
79,59,200506
79,6,200506
79,19,200506
79,13,200506
79,134,200506
79,119,200506
79,31,200506
79,126,200506
79,172,200506
79,9,200506
79,180,200506
79,173,200506
79,141,200506
79,143,200506
79,12,200506
79,15,200506
79,43,200506
79,270,200506
79,208,200506
79,46,200506
79,384,200506
79,32,200506
79,29,200506
79,320,200506
79,146,200506
79,97,200506
79,40,200506
79,375,200506
79,64,200506
79,16,200506
79,266,200506
80,156,200506
80,16,200506
80,320,200506
80,97,200506
80,433,200506
80,77,200506
80,160,200506
80,143,200506
80,183,200506
80,102,200506
80,96,200506
80,161,200506
80,19,200506
80,14,200506
80,39,200506
80,134,200506
80,274,200506
80,26,200506
80,544,200506
80,85,200506
80,24,200506
80,1,200506
80,155,200506
80,40,200506
80,65,200506
80,154,200506
80,112,200506
80,83,200506
80,113,200506
80,38,200506
80,2,200506
80,28,200506
80,93,200506
80,108,200506
80,23,200506
80,17,200506
80,48,200506
80,99,200506
80,27,200506
80,29,200506
80,18,200506
80,32,200506
80,100,200506
80,6,200506
80,46,200506
80,60,200506
80,25,200506
80,10,200506
80,136,200506
80,31,200506
80,92,200506
80,135,200506
80,146,200506
80,0,200506
80,137,200506
81,166,200506
81,32,200506
81,274,200506
81,98,200506
81,5,200506
81,14,200506
81,154,200506
81,54,200506
81,132,200506
81,82,200506
81,29,200506
81,119,200506
81,70,200506
81,2,200506
81,131,200506
81,170,200506
81,137,200506
81,13,200506
81,120,200506
81,64,200506
81,45,200506
81,176,200506
81,59,200506
81,126,200506
81,65,200506
81,74,200506
81,27,200506
81,31,200506
81,122,200506
81,43,200506
81,237,200506
81,30,200506
81,100,200506
81,76,200506
81,19,200506
81,35,200506
81,112,200506
81,703,200506
81,223,200506
81,113,200506
81,858,200506
81,117,200506
81,23,200506
81,134,200506
81,38,200506
81,156,200506
81,544,200506
81,710,200506
81,394,200506
81,652,200506
81,316,200506
81,208,200506
81,96,200506
81,83,200506
81,20,200506
81,21,200506
81,51,200506
81,107,200506
81,178,200506
81,36,200506
81,182,200506
81,79,200506
81,28,200506
81,46,200506
81,4,200506
81,52,200506
81,139,200506
81,48,200506
81,60,200506
81,17,200506
81,102,200506
81,92,200506
81,99,200506
81,40,200506
81,18,200506
81,146,200506
81,160,200506
81,25,200506
81,16,200506
81,108,200506
81,6,200506
81,1,200506
81,26,200506
81,10,200506
81,136,200506
81,97,200506
81,135,200506
82,79,200506
82,769,200506
82,134,200506
82,85,200506
82,83,200506
82,48,200506
82,160,200506
82,19,200506
82,143,200506
82,99,200506
82,146,200506
82,6,200506
82,97,200506
83,183,200506
83,48,200506
83,320,200506
83,135,200506
83,101,200506
83,77,200506
83,154,200506
83,39,200506
83,433,200506
83,137,200506
83,160,200506
83,79,200506
83,143,200506
83,175,200506
83,29,200506
83,120,200506
83,76,200506
83,19,200506
83,98,200506
83,126,200506
83,54,200506
83,72,200506
83,16,200506
83,108,200506
83,46,200506
83,10,200506
83,45,200506
83,117,200506
83,18,200506
83,197,200506
83,6,200506
83,133,200506
83,165,200506
83,131,200506
83,25,200506
83,27,200506
83,23,200506
83,41,200506
83,142,200506
83,113,200506
83,26,200506
83,75,200506
83,51,200506
83,35,200506
83,30,200506
83,69,200506
83,288,200506
83,118,200506
83,278,200506
83,106,200506
83,163,200506
83,9,200506
83,32,200506
83,155,200506
83,80,200506
83,341,200506
83,64,200506
83,21,200506
83,81,200506
83,14,200506
83,96,200506
83,0,200506
83,99,200506
83,124,200506
83,52,200506
83,38,200506
83,112,200506
83,20,200506
83,180,200506
83,102,200506
83,178,200506
83,28,200506
83,92,200506
83,5,200506
83,85,200506
83,60,200506
83,40,200506
83,59,200506
83,13,200506
83,11,200506
83,146,200506
83,1,200506
83,31,200506
83,97,200506
84,34,200506
84,147,200506
84,17,200506
84,160,200506
84,86,200506
84,753,200506
84,223,200506
84,30,200506
84,164,200506
84,70,200506
84,74,200506
84,222,200506
84,88,200506
84,25,200506
84,248,200506
84,69,200506
84,4,200506
84,136,200506
84,18,200506
84,11,200506
85,14,200506
85,146,200506
85,552,200506
85,25,200506
85,433,200506
85,53,200506
85,20,200506
85,24,200506
85,34,200506
85,79,200506
85,81,200506
85,32,200506
85,18,200506
85,160,200506
85,143,200506
85,483,200506
85,740,200506
85,107,200506
85,6,200506
85,29,200506
85,136,200506
85,176,200506
85,102,200506
85,104,200506
85,16,200506
85,142,200506
85,48,200506
85,139,200506
85,165,200506
85,61,200506
85,96,200506
85,234,200506
85,132,200506
85,52,200506
85,55,200506
85,133,200506
85,13,200506
85,19,200506
85,77,200506
85,135,200506
85,36,200506
85,183,200506
85,76,200506
85,1,200506
85,155,200506
85,12,200506
85,10,200506
85,121,200506
85,5,200506
85,23,200506
85,181,200506
85,22,200506
85,124,200506
85,80,200506
85,21,200506
85,26,200506
85,46,200506
85,83,200506
85,11,200506
85,69,200506
85,27,200506
85,1169,200506
85,60,200506
85,38,200506
85,51,200506
85,113,200506
85,92,200506
85,99,200506
85,116,200506
85,157,200506
85,4,200506
85,72,200506
85,112,200506
85,9,200506
85,0,200506
85,149,200506
85,108,200506
85,93,200506
85,28,200506
85,115,200506
85,154,200506
85,64,200506
85,97,200506
85,17,200506
85,31,200506
85,274,200506
85,137,200506
86,84,200506
86,53,200506
86,102,200506
86,14,200506
86,27,200506
86,13,200506
86,52,200506
86,28,200506
86,238,200506
86,32,200506
86,4,200506
86,11,200506
86,136,200506
86,18,200506
87,89,200506
87,203,200506
87,25,200506
87,2,200506
87,291,200506
88,136,200506
88,222,200506
88,181,200506
88,84,200506
88,164,200506
88,223,200506
88,69,200506
88,86,200506
88,30,200506
88,18,200506
88,4,200506
88,11,200506
89,6,200506
89,87,200506
89,778,200506
89,243,200506
89,7,200506
89,23,200506
89,17,200506
89,8,200506
89,32,200506
89,18,200506
89,121,200506
89,90,200506
89,323,200506
89,770,200506
89,20,200506
89,5,200506
89,1103,200506
89,1408,200506
89,77,200506
89,828,200506
89,110,200506
89,136,200506
89,107,200506
89,10,200506
89,135,200506
89,212,200506
89,28,200506
89,112,200506
89,1,200506
89,113,200506
89,51,200506
89,29,200506
89,146,200506
89,21,200506
89,4,200506
89,11,200506
89,25,200506
89,137,200506
89,97,200506
90,828,200506
90,7,200506
90,8,200506
90,89,200506
90,17,200506
90,243,200506
92,135,200506
92,17,200506
92,78,200506
92,136,200506
92,19,200506
92,107,200506
92,112,200506
92,960,200506
92,21,200506
92,860,200506
92,142,200506
92,133,200506
92,12,200506
92,85,200506
92,51,200506
92,77,200506
92,143,200506
92,52,200506
92,23,200506
92,119,200506
92,100,200506
92,16,200506
92,155,200506
92,11,200506
92,32,200506
92,4,200506
92,83,200506
92,48,200506
92,102,200506
92,116,200506
92,28,200506
92,26,200506
92,115,200506
92,5,200506
92,124,200506
92,97,200506
92,27,200506
92,96,200506
92,108,200506
92,80,200506
92,9,200506
92,149,200506
92,165,200506
92,72,200506
92,157,200506
92,47,200506
92,14,200506
92,1,200506
92,137,200506
92,60,200506
92,154,200506
92,31,200506
92,10,200506
92,93,200506
92,2,200506
92,0,200506
92,274,200506
93,2,200506
93,31,200506
93,157,200506
93,77,200506
93,544,200506
93,188,200506
93,118,200506
93,170,200506
93,160,200506
93,175,200506
93,154,200506
93,433,200506
93,78,200506
93,143,200506
93,250,200506
93,274,200506
93,10,200506
93,80,200506
93,39,200506
93,96,200506
93,393,200506
93,116,200506
93,149,200506
93,346,200506
93,115,200506
93,85,200506
93,25,200506
93,92,200506
94,176,200506
94,768,200506
94,769,200506
94,26,200506
94,117,200506
94,92,200506
94,76,200506
94,126,200506
94,143,200506
94,27,200506
94,32,200506
94,48,200506
94,160,200506
94,99,200506
94,25,200506
94,108,200506
94,6,200506
94,14,200506
94,135,200506
94,46,200506
94,146,200506
94,97,200506
95,374,200506
95,160,200506
95,703,200506
95,146,200506
95,46,200506
96,29,200506
96,130,200506
96,53,200506
96,1,200506
96,299,200506
96,108,200506
96,777,200506
96,9,200506
96,60,200506
96,104,200506
96,361,200506
96,23,200506
96,165,200506
96,160,200506
96,17,200506
96,2,200506
96,136,200506
96,143,200506
96,433,200506
96,10,200506
96,135,200506
96,5,200506
96,161,200506
96,137,200506
96,32,200506
96,40,200506
96,31,200506
96,120,200506
96,13,200506
96,19,200506
96,21,200506
96,181,200506
96,58,200506
96,72,200506
96,99,200506
96,27,200506
96,97,200506
96,35,200506
96,107,200506
96,139,200506
96,70,200506
96,77,200506
96,55,200506
96,25,200506
96,93,200506
96,131,200506
96,85,200506
96,6,200506
96,28,200506
96,26,200506
96,52,200506
96,38,200506
96,183,200506
96,51,200506
96,16,200506
96,756,200506
96,1269,200506
96,757,200506
96,4,200506
96,124,200506
96,0,200506
96,133,200506
96,801,200506
96,112,200506
96,100,200506
96,204,200506
96,11,200506
96,115,200506
96,149,200506
96,154,200506
96,20,200506
96,116,200506
96,92,200506
96,14,200506
96,22,200506
96,18,200506
96,146,200506
96,274,200506
97,31,200506
97,35,200506
97,143,200506
97,137,200506
97,175,200506
97,138,200506
97,60,200506
97,552,200506
97,146,200506
97,77,200506
97,1568,200506
97,433,200506
97,167,200506
97,29,200506
97,24,200506
97,384,200506
97,14,200506
97,46,200506
97,434,200506
97,154,200506
97,62,200506
97,110,200506
97,160,200506
97,136,200506
97,120,200506
97,39,200506
97,124,200506
97,6,200506
97,19,200506
97,267,200506
97,72,200506
97,117,200506
97,34,200506
97,23,200506
97,194,200506
97,96,200506
97,133,200506
97,18,200506
97,161,200506
97,113,200506
97,265,200506
97,180,200506
97,99,200506
97,27,200506
97,40,200506
97,25,200506
97,26,200506
97,342,200506
97,32,200506
97,157,200506
97,102,200506
97,9,200506
97,51,200506
97,83,200506
97,5,200506
97,183,200506
97,45,200506
97,142,200506
97,38,200506
97,375,200506
97,114,200506
97,48,200506
97,509,200506
97,52,200506
97,4,200506
97,181,200506
97,55,200506
97,10,200506
97,131,200506
97,1,200506
97,346,200506
97,0,200506
97,53,200506
97,20,200506
97,78,200506
97,85,200506
97,112,200506
97,21,200506
97,28,200506
97,266,200506
97,224,200506
97,63,200506
97,156,200506
97,169,200506
97,320,200506
97,326,200506
97,1065,200506
97,64,200506
97,173,200506
97,198,200506
97,141,200506
97,59,200506
97,41,200506
97,16,200506
97,155,200506
97,428,200506
97,543,200506
97,398,200506
97,134,200506
97,76,200506
97,54,200506
97,347,200506
97,7,200506
97,458,200506
97,82,200506
97,797,200506
97,540,200506
97,192,200506
97,341,200506
97,288,200506
97,208,200506
97,2,200506
97,106,200506
97,118,200506
97,393,200506
97,510,200506
97,66,200506
97,197,200506
97,47,200506
97,43,200506
97,159,200506
97,860,200506
97,152,200506
97,452,200506
97,455,200506
97,1052,200506
97,92,200506
97,98,200506
97,132,200506
97,101,200506
97,182,200506
97,119,200506
97,79,200506
97,75,200506
97,107,200506
97,57,200506
97,216,200506
97,65,200506
97,769,200506
97,172,200506
97,355,200506
97,278,200506
97,140,200506
97,176,200506
97,435,200506
97,544,200506
97,188,200506
97,165,200506
97,94,200506
97,58,200506
97,139,200506
97,73,200506
97,250,200506
97,269,200506
97,36,200506
97,237,200506
97,163,200506
97,12,200506
97,158,200506
97,22,200506
97,135,200506
97,126,200506
97,17,200506
97,13,200506
97,249,200506
97,100,200506
97,89,200506
97,81,200506
97,129,200506
97,108,200506
97,80,200506
97,11,200506
98,12,200506
98,22,200506
98,355,200506
98,124,200506
98,1,200506
98,47,200506
98,137,200506
98,16,200506
98,27,200506
98,6,200506
98,29,200506
98,54,200506
98,25,200506
98,146,200506
98,97,200506
98,160,200506
99,89,200506
99,20,200506
99,7,200506
99,77,200506
99,10,200506
99,166,200506
99,154,200506
99,17,200506
99,29,200506
99,76,200506
99,136,200506
99,149,200506
99,81,200506
99,133,200506
99,72,200506
99,55,200506
99,54,200506
99,769,200506
99,112,200506
99,183,200506
99,80,200506
99,113,200506
99,4,200506
99,320,200506
99,25,200506
99,0,200506
99,137,200506
99,27,200506
99,13,200506
99,74,200506
99,108,200506
99,98,200506
99,85,200506
99,11,200506
99,160,200506
99,18,200506
99,135,200506
99,799,200506
99,28,200506
99,24,200506
99,152,200506
99,64,200506
99,171,200506
99,129,200506
99,102,200506
99,86,200506
99,341,200506
99,46,200506
99,35,200506
99,143,200506
99,237,200506
99,23,200506
99,1,200506
99,48,200506
99,355,200506
99,110,200506
99,278,200506
99,53,200506
99,83,200506
99,170,200506
99,16,200506
99,38,200506
99,31,200506
99,2,200506
99,744,200506
99,101,200506
99,96,200506
99,349,200506
99,155,200506
99,57,200506
99,19,200506
99,32,200506
99,156,200506
99,297,200506
99,78,200506
99,196,200506
99,52,200506
99,208,200506
99,117,200506
99,224,200506
99,131,200506
99,63,200506
99,65,200506
99,126,200506
99,180,200506
99,40,200506
99,157,200506
99,132,200506
99,45,200506
99,134,200506
99,60,200506
99,58,200506
99,181,200506
99,139,200506
99,97,200506
99,146,200506
99,6,200506
99,39,200506
99,59,200506
99,12,200506
99,26,200506
99,36,200506
99,142,200506
99,100,200506
100,96,200506
100,433,200506
100,73,200506
100,40,200506
100,39,200506
100,57,200506
100,143,200506
100,79,200506
100,60,200506
100,224,200506
100,160,200506
100,78,200506
100,339,200506
100,213,200506
100,124,200506
100,149,200506
100,36,200506
100,129,200506
100,133,200506
100,117,200506
100,53,200506
100,18,200506
100,29,200506
100,5,200506
100,180,200506
100,51,200506
100,13,200506
100,54,200506
100,99,200506
100,6,200506
100,274,200506
100,26,200506
100,371,200506
100,22,200506
100,2,200506
100,155,200506
100,102,200506
100,77,200506
100,12,200506
100,134,200506
100,113,200506
100,119,200506
100,142,200506
100,1,200506
100,120,200506
100,45,200506
100,108,200506
100,48,200506
100,266,200506
100,19,200506
100,116,200506
100,14,200506
100,197,200506
100,81,200506
100,178,200506
100,52,200506
100,136,200506
100,135,200506
100,17,200506
100,10,200506
100,92,200506
100,46,200506
100,80,200506
100,0,200506
100,154,200506
100,59,200506
100,25,200506
100,38,200506
100,64,200506
100,146,200506
100,35,200506
100,31,200506
100,32,200506
100,137,200506
100,97,200506
101,146,200506
101,79,200506
101,160,200506
101,181,200506
101,375,200506
101,58,200506
101,78,200506
101,77,200506
101,39,200506
101,433,200506
101,197,200506
101,224,200506
101,143,200506
101,62,200506
101,46,200506
101,297,200506
101,147,200506
101,274,200506
101,155,200506
101,320,200506
101,2,200506
101,104,200506
101,63,200506
101,134,200506
101,45,200506
101,12,200506
101,115,200506
101,108,200506
101,60,200506
101,52,200506
101,178,200506
101,341,200506
101,346,200506
101,40,200506
101,99,200506
101,64,200506
101,16,200506
101,26,200506
101,18,200506
101,19,200506
101,29,200506
101,6,200506
101,25,200506
101,97,200506
101,137,200506
101,32,200506
102,79,200506
102,349,200506
102,160,200506
102,24,200506
102,172,200506
102,62,200506
102,208,200506
102,52,200506
102,181,200506
102,46,200506
102,114,200506
102,29,200506
102,433,200506
102,297,200506
102,143,200506
102,197,200506
102,58,200506
102,135,200506
102,108,200506
102,342,200506
102,18,200506
102,31,200506
102,129,200506
102,149,200506
102,21,200506
102,1,200506
102,14,200506
102,355,200506
102,11,200506
102,25,200506
102,48,200506
102,97,200506
102,77,200506
102,69,200506
102,27,200506
102,28,200506
102,45,200506
102,0,200506
102,17,200506
102,96,200506
102,86,200506
102,137,200506
102,80,200506
102,4,200506
102,154,200506
102,2,200506
102,117,200506
102,23,200506
102,39,200506
102,35,200506
102,334,200506
102,99,200506
102,107,200506
102,81,200506
102,112,200506
102,19,200506
102,100,200506
102,178,200506
102,36,200506
102,16,200506
102,5,200506
102,83,200506
102,60,200506
102,92,200506
102,10,200506
102,146,200506
102,6,200506
102,26,200506
102,139,200506
102,40,200506
102,64,200506
102,32,200506
103,24,200506
103,346,200506
104,72,200506
104,143,200506
104,160,200506
104,115,200506
104,433,200506
104,34,200506
104,27,200506
104,53,200506
104,157,200506
104,145,200506
104,75,200506
104,146,200506
104,182,200506
104,249,200506
104,46,200506
104,18,200506
104,6,200506
104,136,200506
104,154,200506
104,10,200506
104,32,200506
104,29,200506
104,137,200506
105,11,200506
105,228,200506
105,146,200506
105,317,200506
105,51,200506
105,18,200506
105,183,200506
106,768,200506
106,769,200506
106,48,200506
106,160,200506
106,25,200506
106,40,200506
106,31,200506
106,146,200506
106,59,200506
106,97,200506
107,5,200506
107,160,200506
107,150,200506
107,143,200506
107,501,200506
107,227,200506
107,97,200506
107,12,200506
107,135,200506
107,121,200506
107,131,200506
107,0,200506
107,165,200506
107,64,200506
107,18,200506
107,265,200506
107,427,200506
107,36,200506
107,108,200506
107,96,200506
107,174,200506
107,85,200506
107,29,200506
107,35,200506
107,863,200506
107,6,200506
107,69,200506
107,384,200506
107,267,200506
107,211,200506
107,154,200506
107,534,200506
107,77,200506
107,124,200506
107,133,200506
107,177,200506
107,51,200506
107,54,200506
107,72,200506
107,4,200506
107,132,200506
107,163,200506
107,222,200506
107,181,200506
107,33,200506
107,34,200506
107,113,200506
107,59,200506
107,16,200506
107,52,200506
107,14,200506
107,22,200506
107,32,200506
107,248,200506
107,92,200506
107,7,200506
107,2,200506
107,17,200506
107,89,200506
107,28,200506
107,23,200506
107,10,200506
107,20,200506
107,136,200506
107,11,200506
107,183,200506
107,25,200506
107,1,200506
107,112,200506
107,137,200506
108,9,200506
108,77,200506
108,160,200506
108,14,200506
108,97,200506
108,433,200506
108,120,200506
108,96,200506
108,48,200506
108,60,200506
108,19,200506
108,6,200506
108,27,200506
108,64,200506
108,35,200506
108,26,200506
108,107,200506
108,161,200506
108,23,200506
108,28,200506
108,83,200506
108,102,200506
108,136,200506
108,1,200506
108,46,200506
108,137,200506
108,11,200506
108,18,200506
108,17,200506
108,13,200506
108,53,200506
108,0,200506
108,98,200506
108,155,200506
108,183,200506
108,133,200506
108,89,200506
108,52,200506
108,20,200506
108,5,200506
108,146,200506
108,100,200506
108,85,200506
108,4,200506
108,8,200506
108,10,200506
108,341,200506
108,73,200506
108,2,200506
108,112,200506
108,32,200506
108,80,200506
108,21,200506
108,143,200506
108,38,200506
108,94,200506
108,197,200506
108,117,200506
108,139,200506
108,12,200506
108,16,200506
108,36,200506
108,181,200506
108,65,200506
108,51,200506
108,76,200506
108,58,200506
108,39,200506
108,355,200506
108,165,200506
108,25,200506
108,156,200506
108,101,200506
108,45,200506
108,41,200506
108,860,200506
108,180,200506
108,24,200506
108,57,200506
108,769,200506
108,75,200506
108,142,200506
108,81,200506
108,178,200506
108,54,200506
108,92,200506
108,154,200506
108,129,200506
108,119,200506
108,29,200506
108,40,200506
108,31,200506
108,99,200506
108,59,200506
108,135,200506
109,763,200506
109,305,200506
109,655,200506
109,306,200506
109,913,200506
109,4,200506
109,128,200506
109,127,200506
109,427,200506
109,633,200506
109,110,200506
109,677,200506
109,864,200506
109,840,200506
109,729,200506
109,848,200506
109,592,200506
109,676,200506
109,628,200506
109,593,200506
109,629,200506
109,1038,200506
109,196,200506
109,723,200506
109,724,200506
110,886,200506
110,1076,200506
110,589,200506
110,808,200506
110,841,200506
110,719,200506
110,639,200506
110,190,200506
110,638,200506
110,128,200506
110,427,200506
110,694,200506
110,235,200506
110,470,200506
110,200,200506
110,236,200506
110,651,200506
110,196,200506
110,627,200506
110,59,200506
110,5,200506
110,230,200506
110,97,200506
110,137,200506
110,305,200506
110,600,200506
110,231,200506
110,290,200506
110,352,200506
110,378,200506
110,634,200506
110,920,200506
110,232,200506
110,20,200506
110,947,200506
110,684,200506
110,698,200506
110,29,200506
110,661,200506
110,560,200506
110,252,200506
110,631,200506
110,64,200506
110,17,200506
110,89,200506
110,198,200506
110,471,200506
110,475,200506
110,186,200506
110,229,200506
110,127,200506
110,474,200506
110,525,200506
110,669,200506
110,818,200506
110,109,200506
110,225,200506
110,830,200506
110,77,200506
110,146,200506
110,138,200506
110,23,200506
110,696,200506
110,633,200506
110,424,200506
110,58,200506
110,425,200506
110,897,200506
110,6,200506
110,51,200506
110,143,200506
110,281,200506
110,715,200506
110,704,200506
110,472,200506
110,4,200506
110,201,200506
110,637,200506
110,306,200506
110,226,200506
110,1222,200506
110,641,200506
110,160,200506
110,993,200506
110,185,200506
110,351,200506
110,465,200506
110,1168,200506
110,958,200506
110,576,200506
110,586,200506
110,630,200506
110,786,200506
110,319,200506
110,0,200506
110,35,200506
110,650,200506
110,665,200506
110,60,200506
110,997,200506
110,69,200506
110,526,200506
110,473,200506
110,113,200506
110,83,200506
110,19,200506
110,191,200506
110,13,200506
110,1134,200506
110,50,200506
110,112,200506
110,183,200506
110,99,200506
110,7,200506
110,10,200506
110,1,200506
110,18,200506
110,136,200506
110,32,200506
110,25,200506
110,11,200506
111,4,200506
111,61,200506
111,147,200506
111,117,200506
111,197,200506
111,132,200506
111,99,200506
111,26,200506
111,242,200506
111,13,200506
111,14,200506
111,105,200506
111,40,200506
111,97,200506
111,77,200506
111,29,200506
111,18,200506
111,136,200506
111,11,200506
112,5,200506
112,160,200506
112,194,200506
112,70,200506
112,129,200506
112,143,200506
112,64,200506
112,544,200506
112,40,200506
112,138,200506
112,261,200506
112,552,200506
112,6,200506
112,175,200506
112,433,200506
112,136,200506
112,48,200506
112,2,200506
112,28,200506
112,99,200506
112,61,200506
112,16,200506
112,12,200506
112,81,200506
112,19,200506
112,14,200506
112,26,200506
112,18,200506
112,25,200506
112,165,200506
112,27,200506
112,53,200506
112,97,200506
112,154,200506
112,83,200506
112,52,200506
112,32,200506
112,29,200506
112,102,200506
112,116,200506
112,69,200506
112,72,200506
112,108,200506
112,137,200506
112,77,200506
112,346,200506
112,60,200506
112,110,200506
112,22,200506
112,92,200506
112,31,200506
112,183,200506
112,0,200506
112,10,200506
112,11,200506
112,96,200506
112,189,200506
112,113,200506
112,7,200506
112,135,200506
112,51,200506
112,13,200506
112,89,200506
112,17,200506
112,4,200506
112,59,200506
112,85,200506
112,107,200506
112,1,200506
112,23,200506
112,133,200506
113,143,200506
113,9,200506
113,160,200506
113,53,200506
113,195,200506
113,165,200506
113,25,200506
113,265,200506
113,27,200506
113,72,200506
113,64,200506
113,102,200506
113,16,200506
113,180,200506
113,12,200506
113,38,200506
113,69,200506
113,6,200506
113,54,200506
113,183,200506
113,48,200506
113,196,200506
113,77,200506
113,96,200506
113,13,200506
113,14,200506
113,155,200506
113,137,200506
113,52,200506
113,19,200506
113,97,200506
113,26,200506
113,29,200506
113,32,200506
113,51,200506
113,31,200506
113,81,200506
113,35,200506
113,110,200506
113,100,200506
113,99,200506
113,119,200506
113,4,200506
113,89,200506
113,60,200506
113,92,200506
113,135,200506
113,11,200506
113,107,200506
113,154,200506
113,8,200506
113,20,200506
113,17,200506
113,1,200506
113,146,200506
113,112,200506
113,7,200506
113,136,200506
113,18,200506
113,5,200506
113,10,200506
113,21,200506
114,45,200506
114,13,200506
114,46,200506
114,6,200506
114,27,200506
114,134,200506
114,64,200506
114,32,200506
114,157,200506
114,104,200506
114,43,200506
114,9,200506
114,54,200506
114,146,200506
114,77,200506
114,5,200506
114,1344,200506
114,653,200506
114,720,200506
114,26,200506
114,18,200506
114,19,200506
115,149,200506
115,10,200506
115,552,200506
115,160,200506
115,135,200506
115,72,200506
115,220,200506
115,34,200506
115,137,200506
115,756,200506
115,165,200506
115,188,200506
115,204,200506
115,433,200506
115,104,200506
115,85,200506
115,462,200506
115,31,200506
115,544,200506
115,98,200506
115,107,200506
115,5,200506
115,143,200506
115,154,200506
115,27,200506
115,17,200506
115,9,200506
115,0,200506
115,47,200506
115,51,200506
115,248,200506
115,93,200506
115,346,200506
115,4,200506
115,2,200506
115,96,200506
115,1,200506
115,92,200506
115,25,200506
115,274,200506
116,115,200506
116,31,200506
116,393,200506
116,28,200506
116,53,200506
116,11,200506
116,17,200506
116,14,200506
116,136,200506
116,96,200506
116,124,200506
116,27,200506
116,58,200506
116,183,200506
116,757,200506
116,341,200506
116,156,200506
116,100,200506
116,9,200506
116,107,200506
116,93,200506
116,248,200506
116,5,200506
116,266,200506
116,346,200506
116,39,200506
116,85,200506
116,1,200506
116,92,200506
116,10,200506
116,25,200506
116,137,200506
116,274,200506
117,180,200506
117,19,200506
117,24,200506
117,175,200506
117,52,200506
117,155,200506
117,6,200506
117,142,200506
117,134,200506
117,13,200506
117,206,200506
117,80,200506
117,12,200506
117,64,200506
117,1130,200506
117,160,200506
117,433,200506
117,146,200506
117,181,200506
117,32,200506
117,65,200506
117,29,200506
117,197,200506
117,120,200506
117,27,200506
117,16,200506
117,111,200506
117,137,200506
117,14,200506
117,18,200506
117,38,200506
117,100,200506
117,119,200506
117,278,200506
117,48,200506
117,25,200506
117,35,200506
117,136,200506
117,46,200506
117,178,200506
117,26,200506
117,208,200506
117,60,200506
117,40,200506
117,99,200506
117,108,200506
117,97,200506
117,59,200506
118,160,200506
118,27,200506
118,143,200506
118,77,200506
118,157,200506
118,137,200506
118,379,200506
118,146,200506
118,31,200506
118,165,200506
118,19,200506
118,53,200506
118,154,200506
118,274,200506
118,25,200506
118,97,200506
119,19,200506
119,742,200506
119,6,200506
119,135,200506
119,208,200506
119,55,200506
119,5,200506
119,126,200506
119,117,200506
119,38,200506
119,113,200506
119,112,200506
119,21,200506
119,77,200506
119,28,200506
119,17,200506
119,13,200506
119,180,200506
119,146,200506
119,1,200506
119,16,200506
119,10,200506
119,97,200506
119,31,200506
119,36,200506
119,108,200506
119,48,200506
119,60,200506
119,14,200506
120,77,200506
120,6,200506
120,38,200506
120,19,200506
120,65,200506
120,155,200506
120,322,200506
120,433,200506
120,143,200506
120,160,200506
120,76,200506
120,64,200506
120,29,200506
120,140,200506
120,309,200506
120,31,200506
120,161,200506
120,213,200506
120,26,200506
120,183,200506
120,9,200506
120,320,200506
120,53,200506
120,144,200506
120,136,200506
120,0,200506
120,25,200506
120,80,200506
120,13,200506
120,152,200506
120,544,200506
120,22,200506
120,157,200506
120,1,200506
120,32,200506
120,132,200506
120,224,200506
120,27,200506
120,139,200506
120,124,200506
120,81,200506
120,12,200506
120,85,200506
120,14,200506
120,46,200506
120,48,200506
120,154,200506
120,35,200506
120,160,200506
120,16,200506
120,146,200506
120,97,200506
120,26,200506
120,19,200506
120,40,200506
120,25,200506
120,13,200506
120,18,200506
120,60,200506
120,29,200506
120,46,200506
120,64,200506
120,6,200506
120,32,200506
120,137,200506
121,96,200506
121,5,200506
121,143,200506
121,160,200506
121,433,200506
121,138,200506
121,544,200506
121,25,200506
121,34,200506
121,2,200506
121,132,200506
121,97,200506
121,22,200506
121,10,200506
121,11,200506
121,48,200506
121,1,200506
121,4,200506
121,13,200506
121,137,200506
121,64,200506
121,59,200506
122,234,200506
122,247,200506
122,165,200506
122,59,200506
122,72,200506
122,0,200506
122,139,200506
122,16,200506
122,137,200506
122,29,200506
122,10,200506
122,18,200506
122,136,200506
123,122,200506
123,234,200506
123,170,200506
123,154,200506
123,16,200506
123,27,200506
123,143,200506
123,137,200506
123,18,200506
124,22,200506
124,142,200506
124,136,200506
124,165,200506
124,100,200506
124,119,200506
124,544,200506
124,16,200506
124,433,200506
124,339,200506
124,171,200506
124,35,200506
124,31,200506
124,143,200506
124,102,200506
124,160,200506
124,188,200506
124,27,200506
124,80,200506
124,52,200506
124,48,200506
124,108,200506
124,224,200506
124,362,200506
124,197,200506
124,278,200506
124,51,200506
124,17,200506
124,41,200506
124,20,200506
124,107,200506
124,72,200506
124,77,200506
124,19,200506
124,155,200506
124,0,200506
124,47,200506
124,960,200506
124,96,200506
124,5,200506
124,2,200506
124,60,200506
124,6,200506
124,146,200506
124,154,200506
124,14,200506
124,92,200506
124,10,200506
124,1,200506
124,135,200506
124,18,200506
124,32,200506
124,11,200506
124,46,200506
124,97,200506
124,29,200506
124,25,200506
124,274,200506
124,137,200506
125,27,200506
125,79,200506
125,54,200506
125,195,200506
125,237,200506
125,66,200506
125,146,200506
125,120,200506
125,57,200506
125,12,200506
125,74,200506
125,29,200506
125,136,200506
125,160,200506
125,32,200506
125,18,200506
126,206,200506
126,433,200506
126,55,200506
126,742,200506
126,160,200506
126,101,200506
126,142,200506
126,19,200506
126,52,200506
126,195,200506
126,143,200506
126,180,200506
126,32,200506
126,6,200506
126,59,200506
126,82,200506
126,122,200506
126,237,200506
126,81,200506
126,77,200506
126,25,200506
126,125,200506
126,60,200506
126,0,200506
126,137,200506
126,78,200506
126,119,200506
126,129,200506
126,97,200506
126,45,200506
126,154,200506
126,38,200506
126,29,200506
126,31,200506
126,35,200506
126,27,200506
126,18,200506
126,13,200506
126,178,200506
126,108,200506
126,26,200506
126,99,200506
126,46,200506
126,14,200506
126,266,200506
126,40,200506
126,16,200506
126,146,200506
126,64,200506
127,427,200506
127,128,200506
127,109,200506
127,4,200506
127,110,200506
127,306,200506
127,676,200506
127,948,200506
127,196,200506
128,110,200506
128,4,200506
128,306,200506
128,427,200506
128,109,200506
129,146,200506
129,17,200506
129,62,200506
129,89,200506
129,160,200506
129,1075,200506
129,172,200506
129,35,200506
129,46,200506
129,173,200506
129,20,200506
129,100,200506
129,143,200506
129,1129,200506
129,6,200506
129,138,200506
129,176,200506
129,107,200506
129,175,200506
129,126,200506
129,13,200506
129,1,200506
129,77,200506
129,194,200506
129,26,200506
129,102,200506
129,178,200506
129,16,200506
129,217,200506
129,29,200506
129,284,200506
129,32,200506
129,40,200506
129,99,200506
129,64,200506
129,60,200506
129,14,200506
129,266,200506
129,135,200506
129,25,200506
129,52,200506
129,108,200506
129,19,200506
129,48,200506
129,59,200506
129,137,200506
129,97,200506
130,777,200506
130,20,200506
130,96,200506
130,299,200506
130,53,200506
130,906,200506
130,136,200506
130,1,200506
131,18,200506
131,159,200506
131,54,200506
131,125,200506
131,433,200506
131,66,200506
131,108,200506
131,80,200506
131,123,200506
131,16,200506
131,9,200506
131,122,200506
131,223,200506
131,276,200506
131,27,200506
131,40,200506
131,320,200506
131,97,200506
131,136,200506
131,38,200506
131,142,200506
131,112,200506
131,21,200506
131,14,200506
131,248,200506
131,1169,200506
131,346,200506
131,99,200506
131,6,200506
131,160,200506
131,154,200506
131,266,200506
131,137,200506
131,10,200506
131,146,200506
131,29,200506
131,32,200506
132,314,200506
132,433,200506
132,144,200506
132,104,200506
132,138,200506
132,12,200506
132,23,200506
132,129,200506
132,51,200506
132,501,200506
132,143,200506
132,159,200506
132,69,200506
132,19,200506
132,39,200506
132,65,200506
132,188,200506
132,15,200506
132,17,200506
132,31,200506
132,160,200506
132,152,200506
132,43,200506
132,131,200506
132,155,200506
132,117,200506
132,137,200506
132,54,200506
132,120,200506
132,27,200506
132,79,200506
132,341,200506
132,211,200506
132,33,200506
132,265,200506
132,46,200506
132,906,200506
132,101,200506
132,40,200506
132,81,200506
132,16,200506
132,58,200506
132,216,200506
132,53,200506
132,1169,200506
132,346,200506
132,248,200506
132,10,200506
132,20,200506
132,107,200506
132,64,200506
132,136,200506
132,29,200506
132,99,200506
132,18,200506
132,25,200506
132,32,200506
132,266,200506
132,146,200506
132,154,200506
132,1,200506
132,97,200506
133,764,200506
133,160,200506
133,189,200506
133,213,200506
133,40,200506
133,92,200506
133,176,200506
133,548,200506
133,143,200506
133,97,200506
133,10,200506
133,14,200506
133,77,200506
133,6,200506
133,4,200506
133,19,200506
133,165,200506
133,35,200506
133,26,200506
133,210,200506
133,132,200506
133,48,200506
133,70,200506
133,27,200506
133,2,200506
133,107,200506
133,51,200506
133,12,200506
133,102,200506
133,69,200506
133,72,200506
133,11,200506
133,0,200506
133,183,200506
133,9,200506
133,135,200506
133,96,200506
133,136,200506
133,20,200506
133,1,200506
133,59,200506
133,137,200506
133,112,200506
133,21,200506
133,5,200506
134,180,200506
134,195,200506
134,176,200506
134,433,200506
134,13,200506
134,160,200506
134,155,200506
134,6,200506
134,289,200506
134,114,200506
134,80,200506
134,83,200506
134,38,200506
134,41,200506
134,76,200506
134,22,200506
134,143,200506
134,270,200506
134,860,200506
134,52,200506
134,79,200506
134,139,200506
134,137,200506
134,36,200506
134,31,200506
134,48,200506
134,178,200506
134,64,200506
134,26,200506
134,29,200506
134,40,200506
134,146,200506
134,16,200506
134,99,200506
134,19,200506
134,97,200506
134,32,200506
134,46,200506
134,18,200506
135,17,200506
135,52,200506
135,7,200506
135,83,200506
135,94,200506
135,61,200506
135,1084,200506
135,107,200506
135,138,200506
135,38,200506
135,10,200506
135,8,200506
135,16,200506
135,29,200506
135,1,200506
135,243,200506
135,13,200506
135,117,200506
135,156,200506
135,145,200506
135,81,200506
135,40,200506
135,112,200506
135,4,200506
135,99,200506
135,28,200506
135,111,200506
135,39,200506
135,46,200506
135,224,200506
135,22,200506
135,64,200506
135,126,200506
135,176,200506
135,53,200506
135,97,200506
135,136,200506
135,77,200506
135,23,200506
135,1088,200506
135,32,200506
135,233,200506
135,149,200506
135,960,200506
135,59,200506
135,6,200506
135,133,200506
135,180,200506
135,36,200506
135,113,200506
135,72,200506
135,2,200506
135,100,200506
135,89,200506
135,21,200506
135,9,200506
135,85,200506
135,160,200506
135,51,200506
135,142,200506
135,124,200506
135,60,200506
135,11,200506
135,157,200506
135,139,200506
135,0,200506
135,129,200506
135,80,200506
135,96,200506
135,119,200506
135,20,200506
135,155,200506
135,102,200506
135,137,200506
135,143,200506
135,48,200506
135,12,200506
135,92,200506
135,31,200506
135,19,200506
135,18,200506
135,14,200506
135,5,200506
135,108,200506
135,154,200506
135,27,200506
135,26,200506
136,27,200506
136,175,200506
136,139,200506
136,6,200506
136,17,200506
136,28,200506
136,116,200506
136,884,200506
136,146,200506
136,159,200506
136,62,200506
136,30,200506
136,79,200506
136,433,200506
136,25,200506
136,148,200506
136,5,200506
136,10,200506
136,107,200506
136,23,200506
136,138,200506
136,20,200506
136,26,200506
136,99,200506
136,102,200506
136,29,200506
136,183,200506
136,11,200506
136,176,200506
136,18,200506
136,160,200506
136,129,200506
136,77,200506
136,143,200506
136,14,200506
136,96,200506
136,108,200506
136,120,200506
136,1,200506
136,36,200506
136,757,200506
136,13,200506
136,2,200506
136,941,200506
136,196,200506
136,155,200506
136,97,200506
136,299,200506
136,9,200506
136,32,200506
136,70,200506
136,86,200506
136,35,200506
136,165,200506
136,12,200506
136,223,200506
136,48,200506
136,154,200506
136,52,200506
136,16,200506
136,88,200506
136,124,200506
136,60,200506
136,54,200506
136,286,200506
136,137,200506
136,134,200506
136,0,200506
136,989,200506
136,59,200506
136,31,200506
136,1329,200506
136,7,200506
136,38,200506
136,1169,200506
136,112,200506
136,113,200506
136,85,200506
136,181,200506
136,988,200506
136,125,200506
136,982,200506
136,100,200506
136,981,200506
136,891,200506
136,4,200506
136,968,200506
136,834,200506
136,15,200506
136,81,200506
136,34,200506
136,132,200506
136,537,200506
136,480,200506
136,588,200506
136,738,200506
136,22,200506
136,492,200506
136,762,200506
136,72,200506
136,862,200506
136,728,200506
136,415,200506
136,8,200506
136,359,200506
136,89,200506
136,221,200506
136,502,200506
136,361,200506
136,330,200506
136,261,200506
136,104,200506
136,950,200506
136,376,200506
136,372,200506
136,166,200506
136,51,200506
136,358,200506
136,68,200506
136,163,200506
136,67,200506
136,53,200506
136,184,200506
136,71,200506
136,46,200506
136,130,200506
136,169,200506
136,307,200506
136,69,200506
136,544,200506
136,133,200506
136,303,200506
136,110,200506
136,75,200506
136,84,200506
136,153,200506
136,213,200506
136,33,200506
136,61,200506
136,111,200506
136,80,200506
136,177,200506
136,371,200506
136,147,200506
136,122,200506
136,131,200506
136,189,200506
136,265,200506
136,164,200506
136,150,200506
136,40,200506
136,19,200506
136,21,200506
136,135,200506
136,64,200506
137,13,200506
137,339,200506
137,69,200506
137,25,200506
137,96,200506
137,175,200506
137,89,200506
137,27,200506
137,194,200506
137,335,200506
137,14,200506
137,282,200506
137,24,200506
137,18,200506
137,138,200506
137,6,200506
137,5,200506
137,1,200506
137,20,200506
137,112,200506
137,160,200506
137,110,200506
137,482,200506
137,53,200506
137,2,200506
137,143,200506
137,237,200506
137,97,200506
137,165,200506
137,401,200506
137,23,200506
137,39,200506
137,94,200506
137,77,200506
137,93,200506
137,85,200506
137,7,200506
137,31,200506
137,154,200506
137,60,200506
137,29,200506
137,9,200506
137,17,200506
137,62,200506
137,180,200506
137,129,200506
137,433,200506
137,22,200506
137,139,200506
137,107,200506
137,176,200506
137,47,200506
137,99,200506
137,393,200506
137,342,200506
137,265,200506
137,83,200506
137,81,200506
137,40,200506
137,123,200506
137,132,200506
137,21,200506
137,183,200506
137,155,200506
137,78,200506
137,32,200506
137,61,200506
137,113,200506
137,234,200506
137,76,200506
137,189,200506
137,64,200506
137,146,200506
137,135,200506
137,136,200506
137,55,200506
137,52,200506
137,28,200506
137,134,200506
137,248,200506
137,38,200506
137,266,200506
137,1291,200506
137,196,200506
137,108,200506
137,51,200506
137,4,200506
137,1017,200506
137,521,200506
137,885,200506
137,45,200506
137,11,200506
137,46,200506
137,144,200506
137,270,200506
137,74,200506
137,198,200506
137,193,200506
137,163,200506
137,10,200506
137,152,200506
137,26,200506
137,131,200506
137,671,200506
137,1190,200506
137,159,200506
137,71,200506
137,58,200506
137,65,200506
137,169,200506
137,142,200506
137,181,200506
137,102,200506
137,16,200506
137,244,200506
137,336,200506
137,344,200506
137,483,200506
137,57,200506
137,544,200506
137,101,200506
137,333,200506
137,36,200506
137,15,200506
137,390,200506
137,220,200506
137,34,200506
137,54,200506
137,309,200506
137,149,200506
137,213,200506
137,150,200506
137,157,200506
137,156,200506
137,72,200506
137,120,200506
137,80,200506
137,188,200506
137,98,200506
137,116,200506
137,495,200506
137,19,200506
137,161,200506
137,104,200506
137,92,200506
137,115,200506
137,12,200506
137,133,200506
137,100,200506
137,59,200506
137,121,200506
137,124,200506
137,0,200506
137,48,200506
137,35,200506
138,110,200506
138,97,200506
138,339,200506
138,51,200506
138,247,200506
138,59,200506
138,2,200506
138,143,200506
138,136,200506
138,32,200506
138,296,200506
138,170,200506
138,433,200506
138,137,200506
138,18,200506
138,16,200506
138,132,200506
138,27,200506
138,29,200506
138,23,200506
138,25,200506
138,501,200506
138,52,200506
138,6,200506
138,175,200506
138,154,200506
138,5,200506
138,129,200506
138,194,200506
138,393,200506
138,1169,200506
138,666,200506
138,248,200506
138,10,200506
138,266,200506
139,20,200506
139,24,200506
139,57,200506
139,120,200506
139,143,200506
139,375,200506
139,101,200506
139,60,200506
139,76,200506
139,80,200506
139,36,200506
139,64,200506
139,160,200506
139,97,200506
139,48,200506
139,35,200506
139,433,200506
139,99,200506
139,136,200506
139,26,200506
139,6,200506
139,13,200506
139,5,200506
139,137,200506
139,55,200506
139,17,200506
139,180,200506
139,28,200506
139,14,200506
139,38,200506
139,122,200506
139,11,200506
139,18,200506
139,22,200506
139,142,200506
139,113,200506
139,155,200506
139,83,200506
139,31,200506
139,25,200506
139,51,200506
139,104,200506
139,117,200506
139,102,200506
139,341,200506
139,16,200506
139,346,200506
139,27,200506
139,81,200506
139,108,200506
139,769,200506
139,19,200506
139,40,200506
139,146,200506
139,52,200506
139,154,200506
139,29,200506
139,77,200506
139,32,200506
139,178,200506
139,135,200506
139,59,200506
139,46,200506
140,38,200506
140,433,200506
140,76,200506
140,95,200506
140,143,200506
140,160,200506
140,60,200506
140,62,200506
140,19,200506
140,77,200506
140,237,200506
140,117,200506
140,39,200506
140,544,200506
140,362,200506
140,64,200506
140,29,200506
140,32,200506
140,26,200506
140,146,200506
140,46,200506
140,97,200506
141,384,200506
141,433,200506
141,57,200506
141,871,200506
141,393,200506
141,97,200506
141,120,200506
141,160,200506
141,31,200506
141,60,200506
141,146,200506
141,32,200506
141,46,200506
142,282,200506
142,40,200506
142,122,200506
142,126,200506
142,14,200506
142,766,200506
142,143,200506
142,188,200506
142,1119,200506
142,19,200506
142,77,200506
142,112,200506
142,187,200506
142,99,200506
142,117,200506
142,160,200506
142,247,200506
142,6,200506
142,433,200506
142,381,200506
142,242,200506
142,0,200506
142,78,200506
142,36,200506
142,83,200506
142,31,200506
142,320,200506
142,97,200506
142,13,200506
142,129,200506
142,137,200506
142,27,200506
142,154,200506
142,60,200506
142,64,200506
142,155,200506
142,208,200506
142,17,200506
142,54,200506
142,113,200506
142,18,200506
142,11,200506
142,5,200506
142,29,200506
142,278,200506
142,94,200506
142,102,200506
142,100,200506
142,1,200506
142,92,200506
142,48,200506
142,2,200506
142,108,200506
142,178,200506
142,26,200506
142,10,200506
142,52,200506
142,146,200506
142,180,200506
142,135,200506
142,16,200506
142,46,200506
142,32,200506
142,59,200506
143,455,200506
143,61,200506
143,10,200506
143,274,200506
143,65,200506
143,29,200506
143,96,200506
143,5,200506
143,54,200506
143,32,200506
143,62,200506
143,154,200506
143,35,200506
143,72,200506
143,160,200506
143,14,200506
143,137,200506
143,6,200506
143,296,200506
143,85,200506
143,100,200506
143,453,200506
143,281,200506
143,104,200506
143,355,200506
143,83,200506
143,463,200506
143,15,200506
143,0,200506
143,375,200506
143,139,200506
143,2,200506
143,77,200506
143,247,200506
143,142,200506
143,60,200506
143,16,200506
143,129,200506
143,501,200506
143,24,200506
143,52,200506
143,180,200506
143,64,200506
143,12,200506
143,80,200506
143,81,200506
143,176,200506
143,120,200506
143,13,200506
143,27,200506
143,9,200506
143,1,200506
143,97,200506
143,110,200506
143,112,200506
143,165,200506
143,136,200506
143,170,200506
143,11,200506
143,36,200506
143,76,200506
143,59,200506
143,28,200506
143,46,200506
143,132,200506
143,124,200506
143,69,200506
143,51,200506
143,39,200506
143,336,200506
143,126,200506
143,17,200506
143,195,200506
143,18,200506
143,197,200506
143,30,200506
143,113,200506
143,101,200506
143,23,200506
143,121,200506
143,512,200506
143,25,200506
143,155,200506
143,40,200506
143,157,200506
143,146,200506
143,188,200506
143,19,200506
143,224,200506
143,98,200506
143,119,200506
143,339,200506
143,26,200506
143,22,200506
143,171,200506
143,134,200506
143,208,200506
143,125,200506
143,38,200506
143,55,200506
143,156,200506
143,82,200506
143,63,200506
143,117,200506
143,4,200506
143,99,200506
143,102,200506
143,266,200506
143,108,200506
143,21,200506
143,48,200506
143,135,200506
144,433,200506
144,61,200506
144,233,200506
144,18,200506
144,44,200506
144,132,200506
144,12,200506
144,160,200506
144,146,200506
144,29,200506
144,81,200506
144,180,200506
144,57,200506
144,40,200506
144,171,200506
144,346,200506
144,137,200506
144,32,200506
145,18,200506
145,77,200506
145,101,200506
145,410,200506
145,270,200506
145,11,200506
145,40,200506
145,110,200506
145,1169,200506
145,248,200506
145,54,200506
145,29,200506
146,433,200506
146,117,200506
146,32,200506
146,25,200506
146,97,200506
146,14,200506
146,35,200506
146,63,200506
146,144,200506
146,160,200506
146,24,200506
146,85,200506
146,110,200506
146,247,200506
146,60,200506
146,154,200506
146,129,200506
146,0,200506
146,13,200506
146,29,200506
146,20,200506
146,274,200506
146,64,200506
146,1,200506
146,136,200506
146,6,200506
146,27,200506
146,59,200506
146,18,200506
146,46,200506
146,101,200506
146,17,200506
146,11,200506
146,99,200506
146,19,200506
146,16,200506
146,47,200506
146,80,200506
146,197,200506
146,124,200506
146,250,200506
146,206,200506
146,429,200506
146,270,200506
146,145,200506
146,114,200506
146,134,200506
146,163,200506
146,92,200506
146,52,200506
146,73,200506
146,143,200506
146,43,200506
146,40,200506
146,346,200506
146,249,200506
146,106,200506
146,75,200506
146,95,200506
146,266,200506
146,41,200506
146,544,200506
146,155,200506
146,65,200506
146,176,200506
146,157,200506
146,224,200506
146,102,200506
146,182,200506
146,76,200506
146,62,200506
146,57,200506
146,142,200506
146,77,200506
146,31,200506
146,188,200506
146,141,200506
146,119,200506
146,156,200506
146,48,200506
146,81,200506
146,58,200506
146,152,200506
146,193,200506
146,98,200506
146,139,200506
146,54,200506
146,278,200506
146,82,200506
146,860,200506
146,277,200506
146,208,200506
146,39,200506
146,195,200506
146,332,200506
146,26,200506
146,198,200506
146,170,200506
146,2,200506
146,132,200506
146,192,200506
146,120,200506
146,140,200506
146,61,200506
146,34,200506
146,362,200506
146,66,200506
146,205,200506
146,108,200506
146,55,200506
146,171,200506
146,355,200506
146,38,200506
146,74,200506
146,79,200506
146,15,200506
146,178,200506
146,53,200506
146,104,200506
146,320,200506
146,113,200506
146,131,200506
146,237,200506
146,126,200506
146,100,200506
146,175,200506
146,72,200506
146,180,200506
146,9,200506
146,45,200506
146,83,200506
146,78,200506
146,94,200506
146,12,200506
146,181,200506
146,36,200506
146,137,200506
146,89,200506
146,28,200506
146,96,200506
146,51,200506
146,4,200506
146,10,200506
147,330,200506
147,67,200506
147,221,200506
147,169,200506
147,160,200506
147,51,200506
147,136,200506
147,153,200506
147,372,200506
147,146,200506
147,1169,200506
147,248,200506
147,18,200506
147,11,200506
148,299,200506
148,136,200506
148,10,200506
148,1169,200506
148,346,200506
149,115,200506
149,124,200506
149,54,200506
149,544,200506
149,341,200506
149,77,200506
149,0,200506
149,24,200506
149,93,200506
149,112,200506
149,118,200506
149,60,200506
149,28,200506
149,157,200506
149,47,200506
149,5,200506
149,108,200506
149,14,200506
149,1169,200506
149,25,200506
149,2,200506
149,9,200506
149,133,200506
149,17,200506
149,165,200506
149,1,200506
149,85,200506
149,10,200506
149,96,200506
149,92,200506
149,137,200506
149,274,200506
150,227,200506
150,501,200506
150,433,200506
150,107,200506
150,1,200506
150,10,200506
150,53,200506
150,247,200506
150,23,200506
150,5,200506
150,136,200506
150,51,200506
150,69,200506
150,14,200506
150,34,200506
150,28,200506
150,132,200506
150,213,200506
150,12,200506
150,817,200506
150,346,200506
150,4,200506
150,20,200506
150,11,200506
150,17,200506
150,137,200506
151,75,200506
151,160,200506
151,178,200506
152,149,200506
152,339,200506
152,224,200506
152,131,200506
152,97,200506
152,860,200506
152,12,200506
152,13,200506
152,34,200506
152,14,200506
152,154,200506
152,79,200506
152,47,200506
152,32,200506
152,31,200506
152,29,200506
152,60,200506
152,160,200506
152,146,200506
152,137,200506
152,46,200506
152,25,200506
153,147,200506
153,38,200506
153,25,200506
153,136,200506
154,175,200506
154,142,200506
154,9,200506
154,53,200506
154,148,200506
154,83,200506
154,433,200506
154,163,200506
154,29,200506
154,27,200506
154,138,200506
154,77,200506
154,46,200506
154,188,200506
154,160,200506
154,282,200506
154,21,200506
154,339,200506
154,118,200506
154,143,200506
154,23,200506
154,165,200506
154,146,200506
154,149,200506
154,362,200506
154,205,200506
154,341,200506
154,97,200506
154,38,200506
154,36,200506
154,85,200506
154,544,200506
154,61,200506
154,180,200506
154,40,200506
154,64,200506
154,47,200506
154,145,200506
154,115,200506
154,270,200506
154,12,200506
154,19,200506
154,327,200506
154,265,200506
154,141,200506
154,6,200506
154,183,200506
154,14,200506
154,133,200506
154,99,200506
154,107,200506
154,178,200506
154,198,200506
154,122,200506
154,181,200506
154,287,200506
154,136,200506
154,333,200506
154,139,200506
154,129,200506
154,1,200506
154,25,200506
154,101,200506
154,267,200506
154,112,200506
154,26,200506
154,20,200506
154,96,200506
154,155,200506
154,355,200506
154,1580,200506
154,32,200506
154,2,200506
154,278,200506
154,4,200506
154,126,200506
154,59,200506
154,17,200506
154,113,200506
154,51,200506
154,60,200506
154,503,200506
154,52,200506
154,888,200506
154,193,200506
154,394,200506
154,31,200506
154,251,200506
154,54,200506
154,296,200506
154,522,200506
154,1482,200506
154,275,200506
154,379,200506
154,388,200506
154,28,200506
154,18,200506
154,131,200506
154,72,200506
154,104,200506
154,269,200506
154,15,200506
154,159,200506
154,48,200506
154,0,200506
154,314,200506
154,120,200506
154,5,200506
154,24,200506
154,13,200506
154,80,200506
154,375,200506
154,81,200506
154,124,200506
154,34,200506
154,100,200506
154,10,200506
154,132,200506
154,108,200506
154,16,200506
154,11,200506
154,35,200506
154,92,200506
154,135,200506
154,137,200506
155,6,200506
155,40,200506
155,433,200506
155,117,200506
155,143,200506
155,160,200506
155,131,200506
155,64,200506
155,19,200506
155,13,200506
155,29,200506
155,233,200506
155,15,200506
155,25,200506
155,60,200506
155,113,200506
155,100,200506
155,137,200506
155,48,200506
155,134,200506
155,76,200506
155,111,200506
155,0,200506
155,112,200506
155,107,200506
155,139,200506
155,108,200506
155,45,200506
155,12,200506
155,133,200506
155,32,200506
155,27,200506
155,96,200506
155,5,200506
155,28,200506
155,18,200506
155,81,200506
155,94,200506
155,142,200506
155,36,200506
155,21,200506
155,136,200506
155,80,200506
155,101,200506
155,23,200506
155,77,200506
155,2,200506
155,51,200506
155,157,200506
155,4,200506
155,11,200506
155,85,200506
155,17,200506
155,20,200506
155,180,200506
155,99,200506
155,38,200506
155,1,200506
155,26,200506
155,92,200506
155,146,200506
155,83,200506
155,97,200506
155,31,200506
155,10,200506
155,16,200506
155,135,200506
155,46,200506
155,14,200506
156,176,200506
156,327,200506
156,80,200506
156,433,200506
156,154,200506
156,335,200506
156,24,200506
156,77,200506
156,93,200506
156,142,200506
156,16,200506
156,342,200506
156,180,200506
156,6,200506
156,9,200506
156,41,200506
156,102,200506
156,18,200506
156,29,200506
156,120,200506
156,99,200506
156,13,200506
156,46,200506
156,25,200506
156,108,200506
156,48,200506
156,97,200506
156,146,200506
156,160,200506
156,59,200506
156,60,200506
156,137,200506
157,2,200506
157,433,200506
157,274,200506
157,34,200506
157,118,200506
157,124,200506
157,31,200506
157,143,200506
157,188,200506
157,0,200506
157,63,200506
157,339,200506
157,24,200506
157,73,200506
157,52,200506
157,27,200506
157,29,200506
157,155,200506
157,342,200506
157,6,200506
157,14,200506
157,115,200506
157,154,200506
157,28,200506
157,19,200506
157,18,200506
157,35,200506
157,160,200506
157,146,200506
157,1,200506
157,99,200506
157,32,200506
157,97,200506
157,46,200506
157,60,200506
157,25,200506
157,135,200506
157,92,200506
157,137,200506
158,97,200506
158,35,200506
158,266,200506
158,18,200506
158,178,200506
158,46,200506
159,154,200506
159,137,200506
159,24,200506
159,242,200506
159,160,200506
159,18,200506
159,77,200506
159,1169,200506
159,29,200506
159,266,200506
159,10,200506
159,97,200506
160,4,200506
160,30,200506
160,19,200506
160,35,200506
160,72,200506
160,29,200506
160,93,200506
160,66,200506
160,101,200506
160,54,200506
160,53,200506
160,20,200506
160,137,200506
160,175,200506
160,1113,200506
160,52,200506
160,224,200506
160,183,200506
160,57,200506
160,125,200506
160,79,200506
160,133,200506
160,142,200506
160,134,200506
160,132,200506
160,234,200506
160,64,200506
160,147,200506
160,34,200506
160,170,200506
160,96,200506
160,77,200506
160,108,200506
160,195,200506
160,9,200506
160,112,200506
160,180,200506
160,6,200506
160,51,200506
160,197,200506
160,181,200506
160,120,200506
160,104,200506
160,60,200506
160,13,200506
160,118,200506
160,143,200506
160,121,200506
160,0,200506
160,281,200506
160,83,200506
160,154,200506
160,80,200506
160,89,200506
160,24,200506
160,159,200506
160,1,200506
160,48,200506
160,322,200506
160,25,200506
160,69,200506
160,107,200506
160,116,200506
160,45,200506
160,32,200506
160,2,200506
160,38,200506
160,21,200506
160,62,200506
160,17,200506
160,61,200506
160,339,200506
160,139,200506
160,44,200506
160,144,200506
160,16,200506
160,95,200506
160,146,200506
160,155,200506
160,18,200506
160,115,200506
160,55,200506
160,14,200506
160,46,200506
160,59,200506
160,84,200506
160,41,200506
160,31,200506
160,433,200506
160,194,200506
160,165,200506
160,43,200506
160,552,200506
160,97,200506
160,129,200506
160,131,200506
160,126,200506
160,28,200506
160,113,200506
160,136,200506
160,110,200506
160,460,200506
160,76,200506
160,12,200506
160,40,200506
160,15,200506
160,58,200506
160,102,200506
160,140,200506
160,78,200506
160,23,200506
160,117,200506
160,11,200506
160,85,200506
160,176,200506
160,39,200506
160,188,200506
160,216,200506
160,22,200506
160,27,200506
160,100,200506
160,512,200506
160,10,200506
160,5,200506
160,278,200506
160,63,200506
160,189,200506
160,149,200506
160,74,200506
160,26,200506
160,151,200506
160,75,200506
160,141,200506
160,94,200506
160,544,200506
160,157,200506
160,935,200506
160,152,200506
160,318,200506
160,65,200506
160,871,200506
160,156,200506
160,543,200506
160,73,200506
160,163,200506
160,393,200506
160,341,200506
160,198,200506
160,81,200506
160,379,200506
160,135,200506
160,309,200506
160,250,200506
160,249,200506
160,98,200506
160,124,200506
160,355,200506
160,99,200506
161,143,200506
161,282,200506
161,25,200506
161,1231,200506
161,29,200506
161,151,200506
161,83,200506
161,171,200506
161,40,200506
161,26,200506
161,14,200506
161,100,200506
161,19,200506
161,51,200506
161,97,200506
161,137,200506
161,6,200506
161,48,200506
161,35,200506
161,1169,200506
161,342,200506
161,16,200506
161,10,200506
163,433,200506
163,15,200506
163,269,200506
163,61,200506
163,170,200506
163,122,200506
163,182,200506
163,249,200506
163,9,200506
163,140,200506
163,137,200506
163,83,200506
163,100,200506
163,107,200506
163,29,200506
163,18,200506
163,136,200506
163,32,200506
163,60,200506
163,160,200506
163,146,200506
163,97,200506
164,70,200506
164,147,200506
164,84,200506
164,3,200506
164,51,200506
164,88,200506
164,6,200506
164,69,200506
164,64,200506
164,223,200506
164,100,200506
164,31,200506
164,10,200506
164,183,200506
164,30,200506
164,4,200506
164,136,200506
164,11,200506
164,18,200506
165,282,200506
165,32,200506
165,1,200506
165,85,200506
165,384,200506
165,31,200506
165,175,200506
165,27,200506
165,96,200506
165,93,200506
165,24,200506
165,160,200506
165,78,200506
165,154,200506
165,143,200506
165,35,200506
165,54,200506
165,188,200506
165,115,200506
165,53,200506
165,433,200506
165,98,200506
165,62,200506
165,138,200506
165,735,200506
165,140,200506
165,2,200506
165,48,200506
165,9,200506
165,51,200506
165,77,200506
165,137,200506
165,69,200506
165,76,200506
165,108,200506
165,120,200506
165,99,200506
165,157,200506
165,213,200506
165,59,200506
165,14,200506
165,0,200506
165,107,200506
165,13,200506
165,5,200506
165,180,200506
165,26,200506
165,11,200506
165,58,200506
165,248,200506
165,155,200506
165,1169,200506
165,23,200506
165,21,200506
165,4,200506
165,124,200506
165,112,200506
165,135,200506
165,133,200506
165,10,200506
165,149,200506
165,28,200506
165,18,200506
165,136,200506
165,25,200506
165,17,200506
165,92,200506
165,29,200506
165,97,200506
165,274,200506
166,28,200506
166,136,200506
166,21,200506
166,891,200506
166,248,200506
167,160,200506
167,97,200506
169,147,200506
169,53,200506
169,1,200506
169,30,200506
169,154,200506
169,102,200506
169,19,200506
169,198,200506
169,25,200506
169,17,200506
169,26,200506
169,29,200506
169,97,200506
169,11,200506
169,136,200506
169,18,200506
169,137,200506
170,138,200506
170,19,200506
170,143,200506
170,77,200506
170,197,200506
170,154,200506
170,142,200506
170,54,200506
170,131,200506
170,46,200506
170,124,200506
170,76,200506
170,6,200506
170,176,200506
170,276,200506
170,99,200506
170,29,200506
170,64,200506
170,18,200506
170,266,200506
170,10,200506
170,32,200506
170,146,200506
171,114,200506
171,182,200506
171,45,200506
171,117,200506
171,76,200506
171,39,200506
171,6,200506
171,46,200506
171,248,200506
171,29,200506
171,18,200506
171,32,200506
171,146,200506
172,129,200506
172,10,200506
172,26,200506
172,14,200506
172,108,200506
172,136,200506
172,16,200506
172,64,200506
172,1082,200506
172,13,200506
172,154,200506
172,29,200506
172,173,200506
172,6,200506
172,59,200506
172,97,200506
172,19,200506
172,46,200506
172,35,200506
173,48,200506
173,129,200506
173,16,200506
173,18,200506
173,25,200506
173,1129,200506
173,46,200506
173,97,200506
173,172,200506
173,35,200506
174,126,200506
174,163,200506
174,135,200506
174,107,200506
174,18,200506
175,137,200506
175,384,200506
175,51,200506
175,117,200506
175,339,200506
175,160,200506
175,6,200506
175,4,200506
175,154,200506
175,18,200506
175,279,200506
175,27,200506
175,143,200506
175,89,200506
175,83,200506
175,136,200506
175,112,200506
175,97,200506
175,19,200506
175,31,200506
175,138,200506
175,17,200506
175,193,200506
175,129,200506
175,46,200506
175,32,200506
175,16,200506
175,266,200506
175,29,200506
175,146,200506
176,387,200506
176,433,200506
176,66,200506
176,99,200506
176,1072,200506
176,136,200506
176,160,200506
176,14,200506
176,26,200506
176,143,200506
176,6,200506
176,19,200506
176,77,200506
176,40,200506
176,129,200506
176,125,200506
176,142,200506
176,36,200506
176,135,200506
176,170,200506
176,141,200506
176,35,200506
176,18,200506
176,163,200506
176,60,200506
176,29,200506
176,146,200506
176,46,200506
176,32,200506
176,13,200506
176,266,200506
176,64,200506
176,16,200506
176,97,200506
177,69,200506
177,53,200506
177,300,200506
177,51,200506
177,32,200506
177,113,200506
177,248,200506
177,107,200506
177,49,200506
177,4,200506
177,10,200506
177,136,200506
177,11,200506
178,59,200506
178,549,200506
178,246,200506
178,62,200506
178,78,200506
178,101,200506
178,81,200506
178,288,200506
178,17,200506
178,342,200506
178,39,200506
178,24,200506
178,36,200506
178,362,200506
178,45,200506
178,63,200506
178,32,200506
178,134,200506
178,158,200506
178,129,200506
178,155,200506
178,13,200506
178,180,200506
178,100,200506
178,83,200506
178,126,200506
178,316,200506
178,117,200506
178,46,200506
178,75,200506
178,10,200506
178,102,200506
178,151,200506
178,142,200506
178,76,200506
178,16,200506
178,40,200506
178,108,200506
178,146,200506
178,139,200506
178,320,200506
178,48,200506
178,60,200506
180,155,200506
180,316,200506
180,52,200506
180,742,200506
180,102,200506
180,160,200506
180,16,200506
180,126,200506
180,143,200506
180,182,200506
180,766,200506
180,208,200506
180,1130,200506
180,433,200506
180,14,200506
180,55,200506
180,117,200506
180,6,200506
180,174,200506
180,156,200506
180,0,200506
180,97,200506
180,18,200506
180,181,200506
180,38,200506
180,2,200506
180,154,200506
180,137,200506
180,92,200506
180,183,200506
180,11,200506
180,27,200506
180,77,200506
180,25,200506
180,31,200506
180,131,200506
180,54,200506
180,195,200506
180,78,200506
180,4,200506
180,139,200506
180,40,200506
180,120,200506
180,146,200506
180,45,200506
180,19,200506
180,9,200506
180,1,200506
180,100,200506
180,60,200506
180,178,200506
180,108,200506
180,64,200506
180,29,200506
180,135,200506
180,13,200506
180,119,200506
180,26,200506
180,99,200506
180,142,200506
180,46,200506
180,10,200506
180,32,200506
181,77,200506
181,429,200506
181,160,200506
181,433,200506
181,83,200506
181,35,200506
181,270,200506
181,188,200506
181,54,200506
181,211,200506
181,13,200506
181,124,200506
181,371,200506
181,27,200506
181,234,200506
181,79,200506
181,180,200506
181,117,200506
181,102,200506
181,64,200506
181,36,200506
181,57,200506
181,265,200506
181,46,200506
181,18,200506
181,38,200506
181,16,200506
181,6,200506
181,19,200506
181,26,200506
181,23,200506
181,20,200506
181,178,200506
181,137,200506
181,107,200506
181,108,200506
181,60,200506
181,99,200506
181,32,200506
181,29,200506
181,25,200506
181,97,200506
181,146,200506
182,176,200506
182,316,200506
182,48,200506
182,180,200506
182,46,200506
182,40,200506
182,175,200506
182,32,200506
182,58,200506
182,16,200506
182,78,200506
182,320,200506
182,81,200506
182,60,200506
182,13,200506
182,29,200506
182,64,200506
182,146,200506
182,19,200506
182,97,200506
183,147,200506
183,132,200506
183,11,200506
183,17,200506
183,84,200506
183,20,200506
183,18,200506
183,160,200506
183,176,200506
183,113,200506
183,27,200506
183,54,200506
183,76,200506
183,143,200506
183,1055,200506
183,29,200506
183,5,200506
183,51,200506
183,214,200506
183,180,200506
183,133,200506
183,83,200506
183,184,200506
183,72,200506
183,77,200506
183,165,200506
183,23,200506
183,22,200506
183,48,200506
183,3,200506
183,19,200506
183,30,200506
183,787,200506
183,164,200506
183,28,200506
183,228,200506
183,1,200506
183,112,200506
183,10,200506
183,317,200506
183,21,200506
183,69,200506
183,105,200506
183,25,200506
183,97,200506
183,136,200506
183,107,200506
183,4,200506
184,148,200506
184,736,200506
184,215,200506
184,51,200506
184,19,200506
184,165,200506
184,53,200506
184,23,200506
184,1,200506
184,33,200506
184,136,200506
184,10,200506
184,4,200506
184,17,200506
184,11,200506
184,20,200506
185,229,200506
185,525,200506
185,4,200506
185,993,200506
185,474,200506
185,947,200506
185,953,200506
185,200,200506
185,1229,200506
185,305,200506
185,190,200506
185,1222,200506
185,110,200506
185,698,200506
185,926,200506
185,230,200506
185,555,200506
185,650,200506
185,651,200506
185,665,200506
185,559,200506
185,1026,200506
185,630,200506
185,201,200506
185,561,200506
185,922,200506
185,186,200506
185,1583,200506
185,1011,200506
185,2024,200506
185,1612,200506
185,697,200506
185,997,200506
185,1594,200506
185,696,200506
185,468,200506
185,191,200506
185,937,200506
185,235,200506
185,699,200506
185,721,200506
185,657,200506
185,656,200506
185,1016,200506
185,1027,200506
185,1701,200506
186,558,200506
186,474,200506
186,645,200506
186,185,200506
186,591,200506
186,620,200506
186,196,200506
186,556,200506
186,473,200506
186,257,200506
186,560,200506
186,559,200506
186,561,200506
186,235,200506
186,232,200506
186,525,200506
186,190,200506
186,110,200506
186,1027,200506
186,630,200506
186,1019,200506
186,926,200506
186,700,200506
186,922,200506
186,937,200506
186,698,200506
186,571,200506
186,200,200506
186,555,200506
186,1016,200506
186,1011,200506
188,143,200506
188,274,200506
188,335,200506
188,124,200506
188,433,200506
188,160,200506
188,339,200506
188,9,200506
188,156,200506
188,355,200506
188,341,200506
188,332,200506
188,31,200506
188,29,200506
188,146,200506
188,32,200506
188,25,200506
188,97,200506
188,137,200506
189,148,200506
189,23,200506
189,17,200506
189,165,200506
189,906,200506
189,132,200506
189,53,200506
189,85,200506
189,96,200506
189,112,200506
189,10,200506
189,4,200506
189,51,200506
189,137,200506
189,11,200506
189,136,200506
189,20,200506
189,1,200506
190,920,200506
190,721,200506
190,110,200506
190,1171,200506
190,235,200506
190,699,200506
190,201,200506
190,1183,200506
190,1184,200506
190,696,200506
190,897,200506
191,185,200506
191,110,200506
192,140,200506
192,64,200506
192,744,200506
192,430,200506
192,65,200506
192,171,200506
192,39,200506
192,26,200506
192,32,200506
192,19,200506
192,146,200506
192,46,200506
192,97,200506
193,316,200506
193,140,200506
193,205,200506
193,154,200506
193,137,200506
193,146,200506
193,32,200506
193,29,200506
194,76,200506
194,160,200506
194,77,200506
194,52,200506
194,129,200506
194,137,200506
194,126,200506
194,16,200506
194,97,200506
194,138,200506
194,266,200506
194,6,200506
194,59,200506
195,180,200506
195,18,200506
195,24,200506
195,6,200506
195,65,200506
195,433,200506
195,160,200506
195,52,200506
195,13,200506
195,124,200506
195,294,200506
195,34,200506
195,266,200506
195,32,200506
195,146,200506
195,64,200506
195,29,200506
195,19,200506
196,377,200506
196,794,200506
196,470,200506
196,956,200506
196,852,200506
196,363,200506
196,838,200506
196,475,200506
196,110,200506
196,506,200506
196,622,200506
196,229,200506
196,254,200506
196,1134,200506
196,547,200506
196,1039,200506
196,477,200506
196,425,200506
196,352,200506
196,587,200506
196,471,200506
196,225,200506
196,705,200506
196,351,200506
196,1060,200506
196,526,200506
196,402,200506
196,364,200506
196,472,200506
196,365,200506
196,550,200506
196,447,200506
196,378,200506
196,554,200506
196,528,200506
196,366,200506
196,469,200506
196,478,200506
196,595,200506
196,230,200506
196,532,200506
196,448,200506
196,412,200506
196,367,200506
196,551,200506
196,231,200506
196,489,200506
196,712,200506
196,424,200506
196,465,200506
196,504,200506
196,667,200506
196,451,200506
196,578,200506
196,727,200506
196,980,200506
196,625,200506
196,516,200506
196,2127,200506
196,535,200506
196,427,200506
196,2146,200506
196,586,200506
196,409,200506
196,681,200506
196,400,200506
196,636,200506
196,127,200506
196,1104,200506
196,556,200506
196,626,200506
196,109,200506
196,707,200506
196,678,200506
196,479,200506
196,5,200506
196,17,200506
196,20,200506
196,51,200506
196,11,200506
196,18,200506
196,4,200506
197,394,200506
197,508,200506
197,433,200506
197,151,200506
197,62,200506
197,397,200506
197,890,200506
197,170,200506
197,77,200506
197,339,200506
197,545,200506
197,160,200506
197,208,200506
197,440,200506
197,79,200506
197,101,200506
197,27,200506
197,97,200506
197,0,200506
197,46,200506
197,6,200506
197,48,200506
197,139,200506
197,19,200506
197,137,200506
197,64,200506
197,108,200506
197,60,200506
197,18,200506
197,32,200506
197,16,200506
197,54,200506
197,146,200506
198,159,200506
198,493,200506
198,197,200506
198,111,200506
198,27,200506
198,4,200506
198,247,200506
198,935,200506
198,75,200506
198,118,200506
198,169,200506
198,35,200506
198,146,200506
198,154,200506
198,137,200506
198,160,200506
198,32,200506
198,97,200506
198,29,200506
199,750,200506
200,947,200506
200,110,200506
200,937,200506
200,698,200506
200,656,200506
200,697,200506
200,926,200506
200,186,200506
200,657,200506
200,185,200506
201,110,200506
201,190,200506
201,697,200506
201,235,200506
203,87,200506
203,291,200506
204,115,200506
204,18,200506
204,4,200506
204,27,200506
204,17,200506
204,96,200506
205,40,200506
205,420,200506
205,276,200506
205,77,200506
205,97,200506
205,652,200506
205,32,200506
205,19,200506
205,64,200506
205,146,200506
206,117,200506
206,126,200506
206,171,200506
206,140,200506
206,544,200506
206,125,200506
206,32,200506
206,16,200506
206,19,200506
208,180,200506
208,742,200506
208,896,200506
208,62,200506
208,233,200506
208,72,200506
208,144,200506
208,143,200506
208,24,200506
208,13,200506
208,398,200506
208,142,200506
208,64,200506
208,14,200506
208,117,200506
208,19,200506
208,40,200506
208,99,200506
208,32,200506
208,29,200506
208,146,200506
208,16,200506
208,18,200506
208,97,200506
209,1,200506
210,1,200506
210,1131,200506
210,826,200506
210,796,200506
210,1057,200506
210,750,200506
211,906,200506
211,23,200506
211,64,200506
211,181,200506
211,38,200506
211,70,200506
211,53,200506
211,9,200506
211,107,200506
211,10,200506
211,20,200506
211,25,200506
211,17,200506
211,1,200506
212,89,200506
213,131,200506
213,70,200506
213,35,200506
213,54,200506
213,750,200506
213,6,200506
213,77,200506
213,2,200506
213,150,200506
213,11,200506
213,22,200506
213,137,200506
213,183,200506
213,69,200506
213,4,200506
213,29,200506
213,25,200506
213,10,200506
213,21,200506
213,136,200506
213,17,200506
213,1,200506
213,20,200506
214,51,200506
214,105,200506
214,1,200506
214,20,200506
214,11,200506
214,4,200506
215,51,200506
215,184,200506
216,340,200506
216,65,200506
216,25,200506
216,160,200506
216,97,200506
217,129,200506
217,59,200506
220,115,200506
220,25,200506
220,248,200506
220,1169,200506
220,346,200506
220,137,200506
221,147,200506
221,166,200506
221,11,200506
221,136,200506
222,4,200506
222,748,200506
222,747,200506
222,145,200506
222,1169,200506
222,107,200506
222,10,200506
223,84,200506
223,164,200506
223,105,200506
223,133,200506
223,74,200506
223,10,200506
223,52,200506
223,155,200506
223,88,200506
223,51,200506
223,69,200506
223,30,200506
223,1,200506
223,4,200506
223,18,200506
223,11,200506
224,433,200506
224,58,200506
224,160,200506
224,458,200506
224,64,200506
224,140,200506
224,73,200506
224,135,200506
224,72,200506
224,346,200506
224,99,200506
224,146,200506
224,46,200506
224,97,200506
224,29,200506
225,110,200506
225,712,200506
225,412,200506
225,470,200506
225,475,200506
225,378,200506
225,472,200506
225,196,200506
225,471,200506
225,852,200506
225,377,200506
225,579,200506
225,596,200506
225,489,200506
225,230,200506
225,351,200506
225,636,200506
225,640,200506
225,494,200506
225,365,200506
225,532,200506
225,229,200506
225,366,200506
225,479,200506
226,604,200506
226,586,200506
226,465,200506
226,590,200506
226,110,200506
226,231,200506
226,573,200506
226,576,200506
226,525,200506
226,713,200506
226,470,200506
226,351,200506
226,229,200506
226,527,200506
226,572,200506
226,589,200506
226,574,200506
227,11,200506
228,11,200506
228,29,200506
228,105,200506
228,317,200506
228,51,200506
228,183,200506
229,669,200506
229,695,200506
229,196,200506
229,651,200506
229,698,200506
229,596,200506
229,110,200506
229,226,200506
229,230,200506
229,599,200506
229,600,200506
229,925,200506
229,577,200506
229,637,200506
229,824,200506
229,377,200506
229,663,200506
229,366,200506
229,1112,200506
229,474,200506
230,110,200506
230,239,200506
230,634,200506
230,600,200506
230,638,200506
230,236,200506
230,232,200506
230,525,200506
230,474,200506
230,642,200506
230,596,200506
230,636,200506
230,635,200506
230,594,200506
230,641,200506
230,640,200506
230,229,200506
230,639,200506
230,254,200506
230,258,200506
230,559,200506
230,599,200506
230,253,200506
230,818,200506
230,527,200506
230,715,200506
230,912,200506
230,231,200506
231,110,200506
231,575,200506
231,226,200506
231,465,200506
231,643,200506
231,232,200506
231,236,200506
231,527,200506
231,185,200506
231,319,200506
231,599,200506
231,576,200506
231,639,200506
231,603,200506
231,644,200506
231,594,200506
231,604,200506
231,230,200506
231,229,200506
231,225,200506
232,605,200506
232,634,200506
232,664,200506
232,598,200506
232,263,200506
232,645,200506
232,591,200506
232,259,200506
232,600,200506
232,110,200506
232,643,200506
232,658,200506
232,700,200506
232,465,200506
232,252,200506
232,715,200506
232,255,200506
232,253,200506
232,642,200506
232,601,200506
232,624,200506
232,239,200506
232,186,200506
232,1574,200506
232,230,200506
232,258,200506
232,273,200506
232,256,200506
232,257,200506
232,190,200506
232,644,200506
232,260,200506
232,599,200506
232,640,200506
232,596,200506
232,185,200506
232,575,200506
232,236,200506
232,559,200506
232,254,200506
232,661,200506
232,670,200506
232,597,200506
232,560,200506
232,602,200506
232,231,200506
232,639,200506
232,659,200506
232,603,200506
232,561,200506
232,636,200506
232,558,200506
232,527,200506
232,571,200506
232,576,200506
232,635,200506
232,638,200506
232,525,200506
232,555,200506
232,319,200506
233,160,200506
233,144,200506
233,132,200506
233,24,200506
233,154,200506
233,27,200506
233,81,200506
233,72,200506
233,208,200506
233,35,200506
233,181,200506
233,1,200506
233,1169,200506
233,346,200506
233,18,200506
233,32,200506
234,122,200506
234,160,200506
234,61,200506
234,762,200506
234,132,200506
234,12,200506
234,802,200506
234,123,200506
234,738,200506
234,29,200506
234,9,200506
234,163,200506
234,154,200506
234,54,200506
234,1169,200506
234,137,200506
234,18,200506
235,1081,200506
235,232,200506
235,867,200506
235,190,200506
235,110,200506
235,185,200506
235,1381,200506
235,897,200506
235,1588,200506
235,1056,200506
236,627,200506
236,110,200506
236,185,200506
236,719,200506
236,474,200506
236,1594,200506
237,38,200506
237,116,200506
237,79,200506
237,12,200506
237,297,200506
237,785,200506
237,160,200506
237,149,200506
237,48,200506
237,233,200506
237,278,200506
237,126,200506
237,813,200506
237,860,200506
237,180,200506
237,163,200506
237,99,200506
237,19,200506
237,46,200506
237,18,200506
237,60,200506
237,25,200506
237,6,200506
237,32,200506
237,146,200506
237,97,200506
238,86,200506
238,4,200506
238,11,200506
239,230,200506
239,257,200506
239,252,200506
239,273,200506
239,259,200506
239,232,200506
239,559,200506
239,659,200506
241,59,200506
241,45,200506
241,675,200506
241,29,200506
242,188,200506
242,206,200506
242,142,200506
242,192,200506
242,144,200506
242,180,200506
242,76,200506
242,65,200506
242,31,200506
242,30,200506
242,45,200506
242,19,200506
242,146,200506
242,27,200506
242,46,200506
242,97,200506
242,18,200506
242,1587,200506
242,32,200506
242,29,200506
243,89,200506
243,5,200506
243,20,200506
243,90,200506
243,7,200506
243,17,200506
243,8,200506
244,1169,200506
244,248,200506
244,346,200506
244,137,200506
245,501,200506
245,110,200506
245,17,200506
245,279,200506
246,178,200506
247,20,200506
247,433,200506
247,150,200506
247,138,200506
247,51,200506
247,143,200506
247,17,200506
247,69,200506
247,23,200506
247,165,200506
247,110,200506
247,146,200506
247,5,200506
248,751,200506
248,227,200506
248,330,200506
248,166,200506
248,68,200506
248,969,200506
248,483,200506
248,9,200506
248,72,200506
248,292,200506
248,147,200506
248,15,200506
248,244,200506
248,5,200506
248,34,200506
248,863,200506
248,165,200506
248,116,200506
248,44,200506
248,132,200506
248,177,200506
248,588,200506
248,84,200506
248,490,200506
248,326,200506
248,384,200506
248,11,200506
248,309,200506
248,495,200506
248,171,200506
248,27,200506
248,137,200506
248,29,200506
248,175,200506
248,131,200506
248,70,200506
248,74,200506
248,54,200506
248,145,200506
248,534,200506
248,2,200506
248,138,200506
248,115,200506
248,51,200506
248,28,200506
248,750,200506
248,107,200506
249,146,200506
249,60,200506
249,160,200506
249,97,200506
250,93,200506
250,143,200506
250,34,200506
250,25,200506
250,146,200506
250,46,200506
250,160,200506
250,97,200506
251,154,200506
252,254,200506
252,594,200506
252,232,200506
252,253,200506
253,232,200506
253,254,200506
253,230,200506
253,252,200506
254,255,200506
254,232,200506
254,253,200506
254,259,200506
254,252,200506
255,232,200506
255,252,200506
255,700,200506
255,257,200506
255,259,200506
255,591,200506
255,230,200506
255,254,200506
255,602,200506
255,601,200506
256,601,200506
256,258,200506
256,255,200506
256,260,200506
256,1019,200506
256,185,200506
256,232,200506
257,232,200506
257,110,200506
257,591,200506
257,700,200506
257,186,200506
257,664,200506
257,260,200506
257,255,200506
257,560,200506
258,232,200506
258,259,200506
258,659,200506
258,602,200506
259,255,200506
259,602,200506
259,601,200506
259,239,200506
259,232,200506
259,597,200506
259,254,200506
260,232,200506
260,601,200506
260,256,200506
260,597,200506
260,259,200506
261,61,200506
261,112,200506
261,5,200506
261,25,200506
261,2,200506
261,346,200506
261,10,200506
261,136,200506
261,17,200506
261,1,200506
261,20,200506
263,232,200506
263,644,200506
263,255,200506
263,257,200506
263,256,200506
263,1019,200506
263,260,200506
263,597,200506
263,258,200506
263,601,200506
265,433,200506
265,122,200506
265,147,200506
265,30,200506
265,69,200506
265,16,200506
265,84,200506
265,223,200506
265,77,200506
265,9,200506
265,40,200506
265,137,200506
265,14,200506
265,31,200506
265,1169,200506
265,427,200506
265,160,200506
265,154,200506
265,32,200506
265,136,200506
265,29,200506
265,18,200506
266,482,200506
266,100,200506
266,195,200506
266,158,200506
266,375,200506
266,294,200506
266,346,200506
266,35,200506
266,281,200506
266,137,200506
266,341,200506
266,13,200506
266,64,200506
266,194,200506
266,176,200506
266,131,200506
266,710,200506
266,146,200506
266,159,200506
266,170,200506
266,143,200506
266,132,200506
266,97,200506
266,175,200506
266,79,200506
266,138,200506
266,126,200506
266,129,200506
267,25,200506
267,29,200506
267,154,200506
267,107,200506
268,787,200506
268,11,200506
268,183,200506
268,17,200506
268,4,200506
269,267,200506
269,132,200506
269,433,200506
269,163,200506
269,15,200506
269,16,200506
269,63,200506
269,154,200506
269,60,200506
269,32,200506
269,29,200506
269,97,200506
270,181,200506
270,174,200506
270,120,200506
270,143,200506
270,141,200506
270,111,200506
270,55,200506
270,276,200506
270,19,200506
270,77,200506
270,99,200506
270,54,200506
270,29,200506
270,18,200506
270,32,200506
270,137,200506
270,146,200506
271,34,200506
271,18,200506
273,232,200506
273,259,200506
273,571,200506
273,258,200506
273,239,200506
273,659,200506
274,146,200506
274,154,200506
274,327,200506
274,544,200506
274,59,200506
274,27,200506
274,6,200506
274,13,200506
274,282,200506
274,433,200506
274,23,200506
274,65,200506
274,40,200506
274,132,200506
274,98,200506
274,341,200506
274,250,200506
274,335,200506
274,78,200506
274,188,200506
274,47,200506
274,93,200506
274,9,200506
274,149,200506
274,25,200506
274,165,200506
274,116,200506
274,72,200506
274,124,200506
274,115,200506
274,96,200506
274,0,200506
274,85,200506
274,2,200506
274,92,200506
275,154,200506
276,54,200506
276,814,200506
276,430,200506
276,75,200506
276,131,200506
276,270,200506
276,74,200506
276,170,200506
276,145,200506
276,18,200506
276,29,200506
276,32,200506
277,146,200506
277,19,200506
278,76,200506
278,206,200506
278,97,200506
278,146,200506
278,101,200506
278,54,200506
278,64,200506
278,288,200506
278,19,200506
278,143,200506
278,342,200506
278,6,200506
278,81,200506
278,155,200506
278,83,200506
278,142,200506
278,137,200506
278,99,200506
278,13,200506
278,46,200506
278,26,200506
279,280,200506
279,245,200506
280,279,200506
281,978,200506
281,188,200506
281,59,200506
281,463,200506
281,77,200506
281,18,200506
281,143,200506
281,63,200506
281,6,200506
281,160,200506
281,294,200506
281,375,200506
281,266,200506
281,384,200506
281,320,200506
282,62,200506
282,16,200506
282,32,200506
282,188,200506
282,97,200506
282,154,200506
282,72,200506
282,9,200506
282,1099,200506
282,142,200506
282,486,200506
282,1337,200506
282,114,200506
282,143,200506
282,77,200506
282,122,200506
282,288,200506
282,60,200506
282,181,200506
282,140,200506
282,46,200506
282,445,200506
282,859,200506
282,27,200506
282,198,200506
282,329,200506
282,35,200506
282,398,200506
282,397,200506
282,444,200506
282,2,200506
283,195,200506
283,26,200506
284,129,200506
285,739,200506
286,154,200506
287,77,200506
287,101,200506
287,143,200506
287,52,200506
287,160,200506
287,31,200506
287,54,200506
287,16,200506
287,156,200506
287,19,200506
287,100,200506
287,46,200506
288,142,200506
288,278,200506
288,83,200506
288,178,200506
288,97,200506
289,134,200506
289,114,200506
289,146,200506
289,13,200506
290,110,200506
290,235,200506
290,525,200506
290,808,200506
291,203,200506
291,87,200506
292,248,200506
292,29,200506
293,52,200506
294,739,200506
294,285,200506
294,914,200506
294,266,200506
295,51,200506
296,143,200506
296,138,200506
296,154,200506
297,313,200506
297,126,200506
297,102,200506
297,444,200506
297,13,200506
297,19,200506
297,77,200506
297,99,200506
297,26,200506
297,349,200506
297,6,200506
297,1674,200506
298,432,200506
298,18,200506
299,96,200506
299,130,200506
299,136,200506
299,148,200506
299,1,200506
300,4,200506
301,317,200506
301,4,200506
303,40,200506
303,18,200506
303,1,200506
303,136,200506
305,110,200506
305,109,200506
305,830,200506
305,4,200506
305,684,200506
305,633,200506
305,697,200506
306,109,200506
306,4,200506
306,110,200506
306,128,200506
306,427,200506
307,136,200506
309,72,200506
309,250,200506
309,24,200506
309,46,200506
309,160,200506
309,137,200506
311,50,200506
311,3,200506
311,69,200506
311,807,200506
311,51,200506
311,4,200506
313,297,200506
313,349,200506
313,13,200506
313,26,200506
314,433,200506
314,96,200506
314,154,200506
315,20,200506
316,180,200506
316,182,200506
316,269,200506
316,81,200506
316,178,200506
316,32,200506
317,69,200506
317,228,200506
317,301,200506
317,105,200506
317,183,200506
317,4,200506
317,11,200506
318,160,200506
319,575,200506
319,231,200506
319,573,200506
319,527,200506
319,576,200506
319,599,200506
319,351,200506
319,465,200506
319,110,200506
319,232,200506
320,39,200506
320,83,200506
320,32,200506
320,140,200506
320,79,200506
320,76,200506
320,0,200506
320,120,200506
320,99,200506
320,29,200506
320,1,200506
320,13,200506
320,19,200506
320,6,200506
320,136,200506
320,64,200506
320,52,200506
320,54,200506
320,26,200506
320,269,200506
320,18,200506
320,384,200506
320,40,200506
320,46,200506
320,10,200506
320,97,200506
320,14,200506
320,281,200506
320,178,200506
320,146,200506
322,59,200506
322,48,200506
322,35,200506
322,84,200506
322,675,200506
322,29,200506
322,785,200506
322,14,200506
323,778,200506
323,7,200506
323,89,200506
323,8,200506
326,139,200506
326,143,200506
326,97,200506
326,25,200506
327,27,200506
327,6,200506
327,28,200506
327,98,200506
327,978,200506
327,31,200506
327,80,200506
327,83,200506
327,24,200506
327,188,200506
327,97,200506
327,58,200506
327,9,200506
327,25,200506
330,358,200506
330,248,200506
330,136,200506
330,11,200506
332,158,200506
332,160,200506
332,16,200506
332,57,200506
332,144,200506
332,62,200506
332,64,200506
332,19,200506
332,32,200506
332,146,200506
333,48,200506
333,12,200506
333,1169,200506
333,248,200506
333,25,200506
333,137,200506
334,178,200506
335,274,200506
335,101,200506
335,188,200506
335,124,200506
335,118,200506
335,433,200506
335,80,200506
335,47,200506
335,25,200506
336,483,200506
336,25,200506
336,137,200506
338,45,200506
338,75,200506
338,99,200506
338,26,200506
338,32,200506
338,19,200506
339,81,200506
339,156,200506
339,188,200506
339,282,200506
339,93,200506
339,124,200506
339,160,200506
339,157,200506
339,837,200506
339,62,200506
339,132,200506
339,154,200506
339,58,200506
339,138,200506
339,27,200506
339,1084,200506
339,151,200506
339,530,200506
339,85,200506
339,175,200506
339,31,200506
339,165,200506
339,24,200506
339,2,200506
339,142,200506
339,544,200506
339,137,200506
339,6,200506
339,39,200506
339,100,200506
339,1169,200506
339,25,200506
340,216,200506
340,25,200506
341,154,200506
341,137,200506
341,25,200506
341,39,200506
341,93,200506
341,544,200506
341,9,200506
341,22,200506
341,29,200506
341,54,200506
341,83,200506
341,76,200506
341,108,200506
341,32,200506
341,57,200506
341,139,200506
341,46,200506
341,101,200506
341,266,200506
341,60,200506
341,160,200506
341,97,200506
341,48,200506
342,136,200506
342,160,200506
342,101,200506
342,58,200506
342,75,200506
342,54,200506
342,25,200506
342,278,200506
342,161,200506
342,178,200506
342,19,200506
342,46,200506
342,97,200506
344,211,200506
344,137,200506
345,536,200506
345,1,200506
346,784,200506
346,132,200506
346,25,200506
346,265,200506
346,588,200506
346,15,200506
346,144,200506
346,21,200506
346,261,200506
346,103,200506
346,148,200506
346,101,200506
346,97,200506
346,224,200506
346,139,200506
346,2,200506
346,244,200506
346,233,200506
346,47,200506
346,112,200506
346,93,200506
346,131,200506
346,150,200506
346,136,200506
346,115,200506
346,483,200506
346,443,200506
346,28,200506
346,34,200506
346,116,200506
346,18,200506
347,97,200506
348,23,200506
348,17,200506
349,313,200506
349,102,200506
349,99,200506
349,26,200506
349,297,200506
349,1674,200506
349,13,200506
351,590,200506
351,606,200506
351,660,200506
351,645,200506
351,226,200506
351,554,200506
351,574,200506
351,983,200506
351,352,200506
351,572,200506
351,587,200506
351,1140,200506
351,589,200506
351,196,200506
351,679,200506
351,110,200506
351,573,200506
351,607,200506
351,465,200506
351,604,200506
351,760,200506
351,185,200506
351,231,200506
351,622,200506
351,378,200506
351,498,200506
351,623,200506
351,591,200506
351,564,200506
351,603,200506
351,225,200506
351,586,200506
351,579,200506
351,713,200506
352,621,200506
352,622,200506
352,225,200506
352,805,200506
352,565,200506
352,351,200506
352,185,200506
352,694,200506
352,623,200506
352,564,200506
352,678,200506
352,626,200506
352,484,200506
352,525,200506
352,625,200506
352,196,200506
352,231,200506
352,110,200506
352,424,200506
352,838,200506
352,532,200506
352,579,200506
352,760,200506
352,477,200506
352,590,200506
352,1964,200506
352,574,200506
352,447,200506
352,693,200506
352,506,200506
352,1807,200506
352,589,200506
352,2223,200506
352,554,200506
353,17,200506
354,2,200506
354,188,200506
354,154,200506
354,543,200506
354,904,200506
354,35,200506
355,339,200506
355,27,200506
355,143,200506
355,495,200506
355,124,200506
355,77,200506
355,76,200506
355,12,200506
355,38,200506
355,154,200506
355,19,200506
355,136,200506
355,108,200506
355,146,200506
355,25,200506
355,97,200506
355,160,200506
357,1259,200506
357,1129,200506
357,1286,200506
358,147,200506
358,166,200506
358,136,200506
359,891,200506
359,136,200506
360,889,200506
360,899,200506
360,40,200506
361,136,200506
362,15,200506
362,276,200506
362,57,200506
362,12,200506
362,97,200506
362,19,200506
362,178,200506
362,40,200506
362,46,200506
362,32,200506
362,16,200506
362,146,200506
363,196,200506
363,551,200506
363,366,200506
364,365,200506
364,196,200506
364,551,200506
364,366,200506
365,196,200506
365,551,200506
365,366,200506
365,225,200506
366,712,200506
366,196,200506
366,363,200506
366,705,200506
366,409,200506
366,402,200506
366,479,200506
366,489,200506
366,364,200506
366,551,200506
367,196,200506
367,667,200506
368,27,200506
369,40,200506
370,60,200506
371,100,200506
371,76,200506
371,72,200506
371,25,200506
371,136,200506
372,147,200506
372,1169,200506
372,136,200506
373,40,200506
374,95,200506
374,373,200506
374,40,200506
375,19,200506
375,39,200506
375,101,200506
375,48,200506
375,455,200506
375,35,200506
375,139,200506
375,143,200506
375,433,200506
375,266,200506
375,281,200506
375,154,200506
375,79,200506
375,40,200506
375,6,200506
375,32,200506
375,29,200506
375,16,200506
376,1,200506
376,136,200506
377,647,200506
377,196,200506
377,712,200506
377,705,200506
377,412,200506
377,471,200506
377,447,200506
377,378,200506
377,225,200506
377,472,200506
378,196,200506
378,471,200506
378,412,200506
378,351,200506
378,489,200506
378,472,200506
378,1241,200506
378,377,200506
378,712,200506
378,579,200506
378,225,200506
379,216,200506
379,154,200506
379,160,200506
380,165,200506
381,1086,200506
381,143,200506
381,142,200506
381,40,200506
383,667,200506
384,27,200506
384,16,200506
384,79,200506
384,248,200506
384,320,200506
384,138,200506
384,281,200506
384,10,200506
385,81,200506
385,25,200506
387,176,200506
387,19,200506
388,154,200506
389,9,200506
389,921,200506
390,25,200506
390,137,200506
391,60,200506
391,142,200506
391,159,200506
393,115,200506
393,247,200506
393,327,200506
393,371,200506
393,379,200506
393,198,200506
393,29,200506
393,1244,200506
393,1037,200506
393,666,200506
393,25,200506
393,160,200506
393,97,200506
394,282,200506
394,154,200506
395,1,200506
395,17,200506
398,97,200506
400,196,200506
400,547,200506
400,402,200506
401,327,200506
402,196,200506
402,366,200506
407,61,200506
407,415,200506
407,18,200506
408,15,200506
408,132,200506
408,18,200506
409,196,200506
410,423,200506
410,18,200506
412,225,200506
412,712,200506
412,378,200506
412,196,200506
412,489,200506
412,377,200506
413,423,200506
413,544,200506
413,18,200506
415,61,200506
415,407,200506
415,136,200506
415,18,200506
416,407,200506
416,18,200506
420,117,200506
420,24,200506
420,1180,200506
420,54,200506
420,32,200506
422,430,200506
422,440,200506
422,18,200506
423,15,200506
423,18,200506
424,352,200506
424,110,200506
424,532,200506
424,469,200506
424,425,200506
424,1114,200506
424,196,200506
424,794,200506
424,621,200506
424,535,200506
424,538,200506
424,477,200506
424,476,200506
424,506,200506
424,448,200506
424,478,200506
424,623,200506
425,694,200506
425,196,200506
425,110,200506
425,794,200506
425,980,200506
425,478,200506
425,448,200506
425,1035,200506
425,538,200506
425,506,200506
425,1549,200506
425,535,200506
425,424,200506
425,1393,200506
425,479,200506
426,436,200506
426,737,200506
426,18,200506
427,110,200506
427,109,200506
427,4,200506
427,127,200506
427,567,200506
427,128,200506
427,306,200506
427,610,200506
427,674,200506
427,614,200506
427,566,200506
427,680,200506
427,611,200506
427,688,200506
427,1150,200506
427,107,200506
427,616,200506
427,612,200506
427,613,200506
427,673,200506
427,265,200506
428,97,200506
429,181,200506
429,141,200506
429,63,200506
429,19,200506
429,75,200506
429,18,200506
429,77,200506
429,32,200506
430,54,200506
430,132,200506
430,32,200506
430,1205,200506
430,18,200506
431,136,200506
431,59,200506
431,495,200506
432,298,200506
432,18,200506
433,51,200506
433,141,200506
433,142,200506
433,23,200506
433,274,200506
433,22,200506
433,102,200506
433,2,200506
433,32,200506
433,6,200506
433,66,200506
433,180,200506
433,160,200506
433,314,200506
433,136,200506
433,15,200506
433,154,200506
433,115,200506
433,117,200506
433,76,200506
433,155,200506
433,54,200506
433,165,200506
433,156,200506
433,176,200506
433,13,200506
433,1,200506
433,24,200506
433,69,200506
433,85,200506
433,64,200506
433,53,200506
433,38,200506
433,139,200506
433,375,200506
433,59,200506
433,25,200506
433,16,200506
433,28,200506
433,40,200506
433,11,200506
433,335,200506
433,5,200506
433,78,200506
433,30,200506
433,135,200506
433,57,200506
433,501,200506
433,34,200506
433,10,200506
433,97,200506
433,247,200506
433,55,200506
433,134,200506
433,27,200506
433,31,200506
433,29,200506
433,195,200506
433,157,200506
433,19,200506
433,131,200506
433,120,200506
433,124,200506
433,61,200506
433,93,200506
433,188,200506
433,58,200506
433,265,200506
433,52,200506
433,80,200506
433,144,200506
433,17,200506
433,12,200506
433,269,200506
433,18,200506
433,104,200506
433,60,200506
433,163,200506
433,140,200506
433,14,200506
433,137,200506
433,146,200506
433,9,200506
433,112,200506
433,35,200506
433,150,200506
433,100,200506
433,48,200506
433,197,200506
433,181,200506
433,126,200506
433,83,200506
433,79,200506
433,224,200506
433,138,200506
433,39,200506
433,101,200506
433,72,200506
433,43,200506
433,108,200506
433,96,200506
433,121,200506
433,46,200506
433,132,200506
433,779,200506
433,0,200506
434,46,200506
434,62,200506
434,14,200506
434,19,200506
434,6,200506
434,13,200506
435,160,200506
435,97,200506
436,234,200506
436,426,200506
436,18,200506
440,54,200506
440,814,200506
443,430,200506
443,18,200506
443,346,200506
444,746,200506
444,282,200506
444,297,200506
445,142,200506
445,165,200506
445,46,200506
447,196,200506
447,1104,200506
447,712,200506
447,980,200506
447,535,200506
447,448,200506
447,489,200506
448,196,200506
448,447,200506
448,424,200506
448,678,200506
448,478,200506
449,1084,200506
449,549,200506
449,40,200506
451,196,200506
452,97,200506
453,97,200506
453,35,200506
453,46,200506
453,904,200506
455,512,200506
455,138,200506
455,892,200506
455,375,200506
455,143,200506
455,97,200506
457,21,200506
457,1109,200506
457,245,200506
457,341,200506
457,495,200506
458,97,200506
458,46,200506
460,160,200506
463,143,200506
463,65,200506
463,746,200506
465,110,200506
465,319,200506
465,232,200506
465,576,200506
465,236,200506
465,527,200506
465,226,200506
465,598,200506
465,639,200506
465,351,200506
465,575,200506
465,643,200506
465,644,200506
465,603,200506
465,604,200506
465,599,200506
465,231,200506
468,185,200506
469,477,200506
469,476,200506
469,196,200506
469,424,200506
470,196,200506
470,110,200506
470,471,200506
470,489,200506
470,226,200506
470,225,200506
470,636,200506
471,196,200506
471,475,200506
471,472,200506
471,377,200506
471,378,200506
471,470,200506
471,225,200506
472,196,200506
472,470,200506
472,712,200506
472,412,200506
472,378,200506
472,377,200506
472,479,200506
472,225,200506
473,186,200506
473,474,200506
473,110,200506
474,1029,200506
474,630,200506
474,229,200506
474,185,200506
474,525,200506
474,186,200506
474,230,200506
474,110,200506
474,556,200506
474,627,200506
474,665,200506
474,651,200506
474,922,200506
474,560,200506
474,1168,200506
474,236,200506
474,201,200506
474,825,200506
474,698,200506
474,650,200506
474,1019,200506
474,473,200506
474,559,200506
474,997,200506
475,377,200506
475,378,200506
475,196,200506
475,225,200506
476,477,200506
476,424,200506
476,532,200506
476,469,200506
477,469,200506
477,352,200506
477,476,200506
477,532,200506
477,424,200506
478,196,200506
478,424,200506
478,425,200506
478,551,200506
479,712,200506
479,526,200506
479,196,200506
480,27,200506
480,136,200506
482,80,200506
482,133,200506
482,46,200506
482,83,200506
482,57,200506
482,266,200506
482,39,200506
483,336,200506
483,85,200506
483,1169,200506
483,346,200506
483,25,200506
483,137,200506
484,626,200506
484,579,200506
484,625,200506
484,621,200506
484,678,200506
484,694,200506
484,352,200506
484,606,200506
484,225,200506
485,39,200506
485,198,200506
485,327,200506
488,154,200506
488,1403,200506
489,196,200506
489,447,200506
489,412,200506
489,378,200506
489,366,200506
489,471,200506
489,681,200506
489,225,200506
490,752,200506
490,248,200506
490,27,200506
491,397,200506
491,978,200506
491,151,200506
492,136,200506
493,28,200506
493,23,200506
493,17,200506
494,230,200506
494,225,200506
495,40,200506
495,118,200506
495,183,200506
495,53,200506
495,544,200506
495,81,200506
495,930,200506
495,12,200506
495,911,200506
495,248,200506
495,457,200506
495,15,200506
495,25,200506
495,137,200506
496,355,200506
496,9,200506
497,488,200506
498,660,200506
498,351,200506
499,397,200506
501,107,200506
501,132,200506
501,143,200506
501,433,200506
501,245,200506
501,23,200506
501,138,200506
501,150,200506
501,11,200506
502,728,200506
502,12,200506
502,136,200506
503,385,200506
503,154,200506
504,196,200506
504,516,200506
505,890,200506
506,478,200506
506,196,200506
506,535,200506
506,425,200506
506,424,200506
508,59,200506
510,97,200506
512,455,200506
512,101,200506
512,160,200506
512,80,200506
516,712,200506
516,196,200506
521,22,200506
521,64,200506
521,885,200506
521,137,200506
522,154,200506
523,40,200506
525,961,200506
525,725,200506
525,962,200506
525,110,200506
525,584,200506
525,716,200506
525,627,200506
525,847,200506
525,683,200506
525,726,200506
525,932,200506
525,1030,200506
525,185,200506
525,585,200506
525,1087,200506
525,839,200506
525,1019,200506
525,851,200506
525,582,200506
525,583,200506
525,947,200506
525,1089,200506
526,448,200506
526,196,200506
526,110,200506
527,604,200506
527,236,200506
527,226,200506
527,465,200506
527,643,200506
527,575,200506
527,351,200506
527,586,200506
527,319,200506
527,110,200506
527,232,200506
528,196,200506
530,35,200506
532,424,200506
532,352,200506
532,477,200506
532,196,200506
532,622,200506
532,476,200506
532,225,200506
532,623,200506
534,1169,200506
534,248,200506
534,107,200506
535,1114,200506
535,476,200506
535,506,200506
535,538,200506
535,196,200506
536,345,200506
536,1,200506
537,136,200506
538,424,200506
538,425,200506
538,535,200506
540,97,200506
543,35,200506
543,65,200506
543,141,200506
543,97,200506
543,160,200506
544,72,200506
544,327,200506
544,47,200506
544,118,200506
544,46,200506
544,274,200506
544,335,200506
544,94,200506
544,176,200506
544,38,200506
544,339,200506
544,6,200506
544,860,200506
544,114,200506
544,59,200506
544,81,200506
544,156,200506
544,2,200506
544,108,200506
544,28,200506
544,19,200506
544,136,200506
544,9,200506
544,25,200506
544,160,200506
544,146,200506
544,29,200506
544,26,200506
544,154,200506
544,17,200506
544,11,200506
544,32,200506
544,18,200506
544,137,200506
544,97,200506
545,546,200506
545,197,200506
545,32,200506
546,362,200506
546,32,200506
547,196,200506
547,400,200506
548,10,200506
548,11,200506
549,449,200506
549,40,200506
549,178,200506
550,196,200506
551,110,200506
551,196,200506
551,366,200506
551,363,200506
551,364,200506
552,4,200506
552,72,200506
552,28,200506
552,34,200506
552,740,200506
552,116,200506
552,29,200506
552,96,200506
552,115,200506
552,2,200506
552,18,200506
552,25,200506
552,97,200506
552,48,200506
552,23,200506
552,149,200506
552,85,200506
552,188,200506
552,9,200506
552,17,200506
552,5,200506
552,46,200506
552,77,200506
554,196,200506
554,351,200506
554,587,200506
554,604,200506
554,607,200506
555,556,200506
555,186,200506
555,232,200506
556,186,200506
556,196,200506
556,997,200506
558,186,200506
558,561,200506
558,560,200506
558,232,200506
559,186,200506
559,185,200506
559,474,200506
560,186,200506
560,257,200506
560,474,200506
560,558,200506
560,110,200506
560,232,200506
561,186,200506
561,232,200506
561,257,200506
561,560,200506
561,558,200506
561,700,200506
563,611,200506
563,614,200506
563,617,200506
563,609,200506
563,673,200506
563,733,200506
563,612,200506
563,569,200506
563,688,200506
563,427,200506
563,680,200506
563,616,200506
563,686,200506
563,567,200506
563,1150,200506
563,628,200506
563,570,200506
563,618,200506
563,568,200506
563,734,200506
563,674,200506
563,615,200506
563,610,200506
563,566,200506
563,612,200506
563,673,200506
563,614,200506
563,610,200506
563,680,200506
563,616,200506
564,352,200506
564,574,200506
564,694,200506
564,565,200506
564,623,200506
564,351,200506
564,579,200506
564,607,200506
565,352,200506
565,564,200506
565,351,200506
565,579,200506
565,694,200506
565,225,200506
566,427,200506
566,563,200506
567,563,200506
567,427,200506
568,563,200506
569,563,200506
569,427,200506
570,563,200506
571,232,200506
571,186,200506
572,574,200506
572,589,200506
572,351,200506
572,590,200506
572,573,200506
572,226,200506
573,226,200506
573,572,200506
573,574,200506
573,590,200506
573,470,200506
573,351,200506
573,589,200506
574,226,200506
574,351,200506
574,572,200506
574,589,200506
574,573,200506
574,110,200506
574,319,200506
575,232,200506
575,527,200506
575,603,200506
575,643,200506
575,605,200506
575,319,200506
575,231,200506
575,644,200506
575,639,200506
575,599,200506
575,465,200506
576,231,200506
576,319,200506
576,465,200506
576,575,200506
576,232,200506
576,110,200506
577,196,200506
578,196,200506
579,110,200506
579,352,200506
579,622,200506
579,565,200506
579,621,200506
579,626,200506
579,678,200506
579,623,200506
579,484,200506
579,564,200506
579,805,200506
579,625,200506
579,225,200506
579,694,200506
579,378,200506
582,525,200506
583,525,200506
583,725,200506
584,525,200506
584,932,200506
585,525,200506
586,351,200506
586,604,200506
586,226,200506
586,196,200506
586,110,200506
586,465,200506
586,599,200506
587,351,200506
587,196,200506
587,554,200506
588,34,200506
588,537,200506
588,752,200506
588,174,200506
588,248,200506
588,346,200506
588,27,200506
588,136,200506
589,465,200506
589,351,200506
589,110,200506
589,590,200506
589,226,200506
589,574,200506
589,572,200506
589,573,200506
589,352,200506
590,351,200506
590,573,200506
590,589,200506
590,572,200506
590,713,200506
590,352,200506
590,110,200506
590,226,200506
591,232,200506
591,700,200506
591,257,200506
591,260,200506
591,255,200506
591,186,200506
592,864,200506
592,593,200506
592,109,200506
592,677,200506
592,676,200506
592,110,200506
593,723,200506
593,592,200506
593,724,200506
593,677,200506
593,676,200506
593,109,200506
594,230,200506
594,600,200506
594,640,200506
594,596,200506
594,636,200506
594,225,200506
594,412,200506
595,196,200506
596,230,200506
596,695,200506
596,640,200506
596,636,200506
596,225,200506
596,594,200506
597,232,200506
597,591,200506
597,601,200506
597,624,200506
597,664,200506
597,1019,200506
597,658,200506
597,263,200506
598,465,200506
598,232,200506
599,232,200506
599,605,200506
599,639,200506
599,576,200506
599,575,200506
599,644,200506
599,319,200506
599,257,200506
599,229,200506
599,231,200506
600,230,200506
600,594,200506
600,319,200506
600,636,200506
600,639,200506
600,229,200506
600,232,200506
601,232,200506
601,260,200506
601,259,200506
601,597,200506
601,664,200506
601,255,200506
601,602,200506
601,185,200506
601,1019,200506
601,256,200506
601,263,200506
602,232,200506
602,644,200506
602,601,200506
602,259,200506
602,252,200506
602,599,200506
602,230,200506
602,600,200506
603,232,200506
603,643,200506
603,639,200506
603,231,200506
603,599,200506
603,465,200506
603,575,200506
603,225,200506
603,365,200506
604,351,200506
604,579,200506
604,226,200506
604,465,200506
604,225,200506
605,644,200506
605,232,200506
605,351,200506
605,231,200506
605,257,200506
605,599,200506
606,351,200506
606,607,200506
606,660,200506
606,679,200506
607,660,200506
607,679,200506
607,606,200506
607,351,200506
609,563,200506
610,563,200506
610,427,200506
610,680,200506
611,563,200506
612,563,200506
612,427,200506
613,427,200506
614,427,200506
614,563,200506
616,427,200506
616,563,200506
617,563,200506
618,427,200506
618,567,200506
618,563,200506
620,186,200506
621,484,200506
621,352,200506
621,626,200506
621,712,200506
621,625,200506
621,678,200506
621,579,200506
621,694,200506
621,225,200506
621,1112,200506
622,352,200506
622,623,200506
622,532,200506
622,694,200506
623,352,200506
623,351,200506
623,622,200506
623,694,200506
623,424,200506
623,532,200506
624,232,200506
624,658,200506
624,670,200506
624,664,200506
624,597,200506
624,1019,200506
624,257,200506
625,447,200506
625,626,200506
625,678,200506
625,579,200506
625,852,200506
625,484,200506
625,352,200506
625,621,200506
625,694,200506
625,1252,200506
625,196,200506
626,378,200506
626,678,200506
626,352,200506
626,621,200506
626,579,200506
626,694,200506
626,625,200506
626,225,200506
626,196,200506
626,365,200506
627,647,200506
627,110,200506
627,236,200506
627,997,200506
627,646,200506
627,201,200506
627,525,200506
627,649,200506
627,1095,200506
627,1218,200506
627,847,200506
627,1112,200506
627,1177,200506
627,648,200506
627,474,200506
627,1289,200506
627,1163,200506
628,629,200506
628,127,200506
628,109,200506
629,628,200506
629,109,200506
630,1019,200506
630,185,200506
630,474,200506
630,110,200506
631,110,200506
633,4,200506
633,109,200506
633,305,200506
633,110,200506
634,635,200506
634,230,200506
634,239,200506
634,232,200506
634,638,200506
635,642,200506
635,230,200506
635,232,200506
635,818,200506
635,634,200506
636,232,200506
636,230,200506
636,600,200506
636,594,200506
636,640,200506
636,596,200506
636,225,200506
637,642,200506
637,229,200506
638,230,200506
638,634,200506
638,110,200506
638,232,200506
639,110,200506
639,230,200506
639,232,200506
639,603,200506
639,575,200506
639,636,200506
639,643,200506
639,231,200506
639,600,200506
640,230,200506
640,226,200506
640,594,200506
640,225,200506
640,596,200506
640,196,200506
640,636,200506
640,229,200506
641,110,200506
641,230,200506
641,634,200506
641,232,200506
641,635,200506
642,230,200506
642,635,200506
642,641,200506
643,232,200506
643,640,200506
643,603,200506
643,231,200506
643,575,200506
643,644,200506
643,605,200506
643,465,200506
644,232,200506
644,605,200506
644,465,200506
644,599,200506
644,575,200506
644,231,200506
646,1289,200506
646,627,200506
646,649,200506
646,648,200506
647,1002,200506
647,719,200506
647,377,200506
647,765,200506
647,627,200506
647,841,200506
648,1095,200506
648,236,200506
648,646,200506
648,627,200506
648,649,200506
649,627,200506
649,646,200506
649,648,200506
649,1177,200506
650,627,200506
650,185,200506
650,556,200506
650,665,200506
650,474,200506
650,110,200506
651,474,200506
651,185,200506
652,81,200506
652,3,200506
652,18,200506
652,205,200506
652,488,200506
652,720,200506
656,657,200506
656,697,200506
656,185,200506
657,656,200506
657,185,200506
657,937,200506
657,697,200506
657,200,200506
658,263,200506
658,231,200506
658,664,200506
658,232,200506
658,624,200506
658,597,200506
659,602,200506
659,232,200506
659,260,200506
659,597,200506
660,351,200506
660,679,200506
660,607,200506
660,606,200506
661,110,200506
661,232,200506
661,670,200506
661,644,200506
661,664,200506
663,196,200506
663,925,200506
663,229,200506
664,670,200506
664,232,200506
664,599,200506
664,624,200506
664,947,200506
664,601,200506
664,597,200506
664,658,200506
664,661,200506
665,651,200506
665,997,200506
665,474,200506
665,185,200506
665,110,200506
665,229,200506
666,393,200506
666,53,200506
667,383,200506
667,196,200506
667,668,200506
667,110,200506
667,367,200506
667,857,200506
668,667,200506
669,229,200506
670,232,200506
670,664,200506
670,624,200506
670,597,200506
670,661,200506
671,25,200506
671,137,200506
673,563,200506
673,427,200506
674,427,200506
674,563,200506
675,35,200506
675,59,200506
675,45,200506
675,46,200506
676,593,200506
676,677,200506
676,127,200506
676,109,200506
676,592,200506
677,593,200506
677,676,200506
677,109,200506
677,592,200506
678,352,200506
678,579,200506
678,484,200506
678,805,200506
678,625,200506
678,621,200506
678,626,200506
678,196,200506
679,351,200506
679,607,200506
679,660,200506
679,352,200506
679,606,200506
680,610,200506
680,427,200506
680,563,200506
681,196,200506
683,525,200506
684,110,200506
686,563,200506
688,563,200506
688,427,200506
693,352,200506
694,185,200506
694,525,200506
694,110,200506
694,565,200506
694,622,200506
694,564,200506
694,626,200506
694,625,200506
694,352,200506
694,623,200506
694,579,200506
694,225,200506
694,484,200506
694,621,200506
695,229,200506
695,366,200506
695,196,200506
696,947,200506
696,200,200506
696,897,200506
696,190,200506
696,185,200506
697,200,200506
697,656,200506
697,657,200506
697,185,200506
697,305,200506
697,937,200506
698,185,200506
698,993,200506
698,474,200506
698,186,200506
698,696,200506
698,926,200506
698,947,200506
698,110,200506
698,200,200506
699,185,200506
700,257,200506
700,186,200506
700,591,200506
700,232,200506
700,260,200506
703,858,200506
703,95,200506
703,730,200506
703,81,200506
703,77,200506
703,64,200506
705,196,200506
706,11,200506
707,196,200506
710,129,200506
710,10,200506
710,266,200506
712,366,200506
712,1104,200506
712,377,200506
712,526,200506
712,516,200506
712,225,200506
712,365,200506
712,412,200506
712,447,200506
712,472,200506
712,364,200506
712,852,200506
712,489,200506
712,479,200506
712,1112,200506
713,573,200506
713,575,200506
713,351,200506
713,574,200506
713,110,200506
715,230,200506
715,700,200506
715,232,200506
719,110,200506
719,236,200506
719,647,200506
719,1323,200506
720,322,200506
720,652,200506
721,696,200506
721,185,200506
722,374,200506
722,373,200506
722,40,200506
723,724,200506
723,109,200506
724,109,200506
725,525,200506
726,851,200506
726,525,200506
727,196,200506
728,968,200506
728,12,200506
728,282,200506
728,248,200506
728,136,200506
729,109,200506
729,306,200506
730,64,200506
733,563,200506
734,563,200506
735,85,200506
736,832,200506
736,21,200506
736,745,200506
736,761,200506
736,20,200506
737,18,200506
738,123,200506
738,234,200506
738,166,200506
738,762,200506
738,136,200506
739,294,200506
739,64,200506
739,285,200506
740,483,200506
740,85,200506
741,795,200506
741,33,200506
741,51,200506
741,295,200506
742,896,200506
742,6,200506
742,126,200506
742,79,200506
742,180,200506
742,208,200506
742,55,200506
742,13,200506
744,19,200506
744,99,200506
744,46,200506
745,755,200506
745,21,200506
746,59,200506
746,444,200506
746,875,200506
747,748,200506
747,222,200506
747,1421,200506
747,1424,200506
748,222,200506
748,747,200506
748,1421,200506
749,348,200506
750,213,200506
750,1487,200506
750,751,200506
750,987,200506
750,1010,200506
750,199,200506
750,248,200506
750,764,200506
750,826,200506
750,210,200506
751,750,200506
752,490,200506
752,27,200506
753,1090,200506
753,84,200506
753,754,200506
753,30,200506
754,753,200506
754,30,200506
755,21,200506
756,96,200506
757,116,200506
757,136,200506
757,96,200506
760,351,200506
760,352,200506
761,21,200506
761,866,200506
761,736,200506
761,4,200506
761,51,200506
761,17,200506
761,20,200506
762,234,200506
762,738,200506
762,166,200506
762,136,200506
763,109,200506
764,4,200506
764,5,200506
764,247,200506
764,750,200506
765,647,200506
766,180,200506
766,126,200506
766,13,200506
768,48,200506
768,82,200506
769,48,200506
769,99,200506
769,82,200506
769,73,200506
769,106,200506
769,60,200506
769,139,200506
769,35,200506
769,108,200506
769,97,200506
770,323,200506
770,89,200506
770,778,200506
770,7,200506
771,143,200506
772,60,200506
775,30,200506
776,775,200506
776,30,200506
777,96,200506
777,299,200506
777,130,200506
778,89,200506
778,8,200506
778,7,200506
779,85,200506
781,548,200506
781,10,200506
781,17,200506
781,11,200506
783,775,200506
783,30,200506
784,1,200506
785,322,200506
785,114,200506
785,287,200506
785,4,200506
786,898,200506
786,695,200506
786,196,200506
786,110,200506
786,917,200506
787,183,200506
787,11,200506
787,268,200506
787,105,200506
787,1055,200506
794,110,200506
794,196,200506
794,425,200506
795,51,200506
795,33,200506
796,210,200506
797,97,200506
797,46,200506
799,14,200506
799,120,200506
799,99,200506
799,46,200506
799,19,200506
801,96,200506
802,234,200506
803,804,200506
803,27,200506
803,12,200506
804,803,200506
804,27,200506
804,12,200506
805,352,200506
805,564,200506
805,579,200506
806,49,200506
807,3,200506
807,311,200506
808,110,200506
808,290,200506
813,76,200506
813,137,200506
813,19,200506
813,46,200506
814,54,200506
814,276,200506
817,5,200506
817,150,200506
818,230,200506
819,5,200506
824,229,200506
825,474,200506
826,210,200506
826,750,200506
828,90,200506
828,8,200506
828,7,200506
828,89,200506
830,110,200506
832,21,200506
832,261,200506
832,20,200506
834,588,200506
834,989,200506
834,752,200506
834,27,200506
834,136,200506
838,196,200506
838,352,200506
839,525,200506
840,109,200506
841,647,200506
841,110,200506
842,51,200506
843,4,200506
843,1424,200506
847,525,200506
847,627,200506
847,961,200506
847,185,200506
847,1089,200506
848,109,200506
851,525,200506
852,225,200506
852,110,200506
852,352,200506
852,712,200506
852,196,200506
857,667,200506
858,703,200506
858,730,200506
858,81,200506
858,64,200506
860,224,200506
860,26,200506
860,180,200506
860,250,200506
860,0,200506
860,19,200506
860,108,200506
860,46,200506
860,146,200506
860,60,200506
860,97,200506
860,13,200506
862,136,200506
863,23,200506
863,20,200506
863,107,200506
863,17,200506
864,109,200506
866,21,200506
866,761,200506
866,4,200506
866,51,200506
866,17,200506
866,20,200506
867,235,200506
871,141,200506
871,160,200506
875,59,200506
875,746,200506
878,1090,200506
878,30,200506
884,136,200506
885,521,200506
885,137,200506
886,110,200506
888,154,200506
889,360,200506
889,899,200506
889,40,200506
891,359,200506
891,166,200506
891,136,200506
893,40,200506
894,1,200506
896,208,200506
896,742,200506
896,13,200506
897,201,200506
897,190,200506
898,786,200506
899,360,200506
899,40,200506
900,46,200506
906,23,200506
906,11,200506
906,9,200506
906,10,200506
906,20,200506
906,17,200506
906,1,200506
908,234,200506
908,18,200506
909,908,200506
909,407,200506
909,18,200506
911,59,200506
913,109,200506
914,294,200506
917,786,200506
920,897,200506
920,190,200506
921,389,200506
922,474,200506
922,650,200506
922,186,200506
922,185,200506
925,229,200506
925,663,200506
925,110,200506
926,186,200506
926,698,200506
926,200,200506
926,185,200506
930,35,200506
932,525,200506
935,160,200506
937,656,200506
937,186,200506
937,200,200506
937,697,200506
937,657,200506
937,185,200506
941,136,200506
941,1,200506
947,110,200506
947,1026,200506
947,656,200506
947,1016,200506
947,185,200506
947,627,200506
947,1594,200506
947,698,200506
947,1027,200506
947,186,200506
947,1019,200506
948,127,200506
950,136,200506
953,185,200506
956,196,200506
958,110,200506
960,85,200506
960,124,200506
960,92,200506
960,393,200506
960,62,200506
960,29,200506
960,19,200506
960,12,200506
961,525,200506
961,847,200506
962,847,200506
962,525,200506
962,1089,200506
968,136,200506
969,248,200506
969,10,200506
980,196,200506
980,447,200506
981,136,200506
982,981,200506
982,136,200506
983,351,200506
987,210,200506
987,750,200506
988,537,200506
988,136,200506
989,834,200506
989,136,200506
991,1573,200506
993,110,200506
995,1118,200506
995,996,200506
995,13,200506
996,995,200506
996,13,200506
997,922,200506
997,186,200506
997,185,200506
997,627,200506
997,110,200506
997,474,200506
997,556,200506
1000,188,200506
1000,198,200506
1000,154,200506
1002,647,200506
1004,669,200506
1010,210,200506
1011,185,200506
1011,186,200506
1014,188,200506
1015,11,200506
1016,697,200506
1016,186,200506
1016,185,200506
1017,1291,200506
1017,137,200506
1019,186,200506
1019,947,200506
1019,1594,200506
1019,1027,200506
1020,40,200506
1022,40,200506
1026,185,200506
1027,1594,200506
1027,947,200506
1027,1019,200506
1027,1016,200506
1027,185,200506
1029,474,200506
1030,191,200506
1030,1087,200506
1030,525,200506
1035,425,200506
1037,35,200506
1037,393,200506
1037,198,200506
1037,120,200506
1038,109,200506
1039,196,200506
1045,59,200506
1050,27,200506
1052,97,200506
1055,183,200506
1055,787,200506
1056,235,200506
1057,796,200506
1057,750,200506
1057,210,200506
1065,59,200506
1065,64,200506
1065,40,200506
1065,46,200506
1065,19,200506
1065,97,200506
1070,4,200506
1075,129,200506
1082,1129,200506
1082,172,200506
1084,154,200506
1086,381,200506
1086,40,200506
1087,1030,200506
1087,525,200506
1088,222,200506
1088,19,200506
1089,525,200506
1089,185,200506
1089,962,200506
1090,878,200506
1090,30,200506
1093,514,200506
1095,646,200506
1099,188,200506
1103,7,200506
1103,89,200506
1104,980,200506
1104,712,200506
1107,160,200506
1114,535,200506
1118,995,200506
1118,13,200506
1119,453,200506
1123,384,200506
1123,175,200506
1124,188,200506
1129,129,200506
1129,1082,200506
1129,357,200506
1129,173,200506
1130,180,200506
1131,210,200506
1134,196,200506
1134,110,200506
1139,85,200506
1139,341,200506
1150,427,200506
1150,563,200506
1163,1289,200506
1163,627,200506
1168,110,200506
1169,147,200506
1169,234,200506
1169,53,200506
1169,265,200506
1169,339,200506
1169,159,200506
1169,30,200506
1169,104,200506
1169,44,200506
1169,148,200506
1169,27,200506
1169,18,200506
1169,161,200506
1169,77,200506
1169,138,200506
1169,244,200506
1169,132,200506
1169,233,200506
1169,145,200506
1169,372,200506
1169,136,200506
1169,61,200506
1169,483,200506
1169,50,200506
1169,70,200506
1169,165,200506
1169,2,200506
1169,74,200506
1169,222,200506
1169,149,200506
1169,47,200506
1169,54,200506
1169,85,200506
1169,534,200506
1177,627,200506
1180,54,200506
1180,420,200506
1183,190,200506
1184,190,200506
1190,137,200506
1205,430,200506
1205,54,200506
1218,627,200506
1241,528,200506
1244,35,200506
1252,484,200506
1259,357,200506
1259,1286,200506
1261,1262,200506
1269,96,200506
1286,357,200506
1286,1259,200506
1289,649,200506
1289,627,200506
1291,1017,200506
1291,137,200506
1323,627,200506
1323,719,200506
1355,1,200506
1381,235,200506
1393,425,200506
1393,882,200506
1403,497,200506
1408,7,200506
1408,89,200506
1417,13,200506
1421,748,200506
1421,747,200506
1424,843,200506
1424,747,200506
1434,270,200506
1482,154,200506
1487,750,200506
1547,241,200506
1549,425,200506
1571,143,200506
1580,154,200506
1582,384,200506
1587,242,200506
1588,235,200506
1594,185,200506
1594,1019,200506
1674,349,200506
1674,297,200506
1701,1226,200506
1701,185,200506
1712,11,200506
1785,525,200506
1815,1904,200506
1904,1815,200506
1964,352,200506
1965,563,200506
2095,110,200506
2127,196,200506
