i,j,t
0,188,200601
0,124,200601
0,341,200601
0,433,200601
0,159,200601
0,160,200601
0,79,200601
0,118,200601
0,143,200601
0,98,200601
0,157,200601
0,47,200601
0,25,200601
0,24,200601
0,339,200601
0,176,200601
0,146,200601
0,54,200601
0,181,200601
0,14,200601
0,142,200601
0,11,200601
0,99,200601
0,544,200601
0,57,200601
0,102,200601
0,23,200601
0,64,200601
0,52,200601
0,26,200601
0,81,200601
0,107,200601
0,28,200601
0,265,200601
0,17,200601
0,6,200601
0,154,200601
0,16,200601
0,97,200601
0,60,200601
0,18,200601
0,19,200601
0,32,200601
0,46,200601
0,29,200601
0,35,200601
0,31,200601
0,108,200601
0,136,200601
0,59,200601
0,274,200601
0,137,200601
0,92,200601
1,175,200601
1,165,200601
1,205,200601
1,47,200601
1,398,200601
1,135,200601
1,23,200601
1,77,200601
1,143,200601
1,27,200601
1,28,200601
1,29,200601
1,401,200601
1,37,200601
1,209,200601
1,136,200601
1,433,200601
1,784,200601
1,160,200601
1,62,200601
1,914,200601
1,5,200601
1,2,200601
1,17,200601
1,552,200601
1,149,200601
1,96,200601
1,22,200601
1,10,200601
1,666,200601
1,137,200601
1,1161,200601
1,131,200601
1,129,200601
1,74,200601
1,99,200601
1,69,200601
1,35,200601
1,48,200601
1,299,200601
1,265,200601
1,51,200601
1,54,200601
1,11,200601
1,83,200601
1,21,200601
1,274,200601
1,60,200601
1,120,200601
1,155,200601
1,14,200601
1,6,200601
1,4,200601
1,52,200601
1,26,200601
1,97,200601
1,248,200601
1,13,200601
1,108,200601
1,894,200601
1,12,200601
1,81,200601
1,536,200601
1,181,200601
1,345,200601
1,154,200601
1,1355,200601
1,941,200601
1,66,200601
1,281,200601
1,18,200601
1,180,200601
1,30,200601
1,303,200601
1,183,200601
1,395,200601
1,38,200601
1,376,200601
1,157,200601
1,107,200601
1,116,200601
1,36,200601
1,61,200601
1,119,200601
1,20,200601
1,184,200601
1,130,200601
1,115,200601
1,16,200601
1,70,200601
1,261,200601
1,34,200601
1,89,200601
1,124,200601
1,19,200601
1,40,200601
1,33,200601
1,64,200601
1,7,200601
1,110,200601
1,133,200601
1,25,200601
1,142,200601
1,80,200601
1,906,200601
1,211,200601
1,9,200601
1,132,200601
1,113,200601
1,59,200601
1,85,200601
1,53,200601
1,189,200601
1,32,200601
1,150,200601
1,102,200601
1,213,200601
1,72,200601
1,121,200601
1,31,200601
1,146,200601
1,92,200601
1,112,200601
1,46,200601
2,96,200601
2,143,200601
2,27,200601
2,224,200601
2,47,200601
2,137,200601
2,93,200601
2,160,200601
2,124,200601
2,40,200601
2,99,200601
2,46,200601
2,87,200601
2,250,200601
2,165,200601
2,433,200601
2,25,200601
2,339,200601
2,552,200601
2,153,200601
2,108,200601
2,26,200601
2,31,200601
2,121,200601
2,164,200601
2,77,200601
2,19,200601
2,906,200601
2,213,200601
2,69,200601
2,65,200601
2,136,200601
2,92,200601
2,21,200601
2,4,200601
2,6,200601
2,116,200601
2,274,200601
2,9,200601
2,64,200601
2,97,200601
2,120,200601
2,18,200601
2,23,200601
2,51,200601
2,189,200601
2,1,200601
2,11,200601
2,35,200601
2,180,200601
2,16,200601
2,52,200601
2,22,200601
2,139,200601
2,102,200601
2,5,200601
2,53,200601
2,1169,200601
2,32,200601
2,149,200601
2,155,200601
2,10,200601
2,119,200601
2,80,200601
2,83,200601
2,133,200601
2,48,200601
2,115,200601
2,72,200601
2,154,200601
2,59,200601
2,146,200601
2,20,200601
2,29,200601
2,60,200601
2,17,200601
2,135,200601
2,14,200601
3,872,200601
3,807,200601
3,69,200601
3,311,200601
3,183,200601
3,51,200601
4,110,200601
4,77,200601
4,21,200601
4,59,200601
4,85,200601
4,222,200601
4,18,200601
4,160,200601
4,127,200601
4,5,200601
4,1070,200601
4,20,200601
4,47,200601
4,109,200601
4,62,200601
4,427,200601
4,103,200601
4,136,200601
4,51,200601
4,843,200601
4,24,200601
4,29,200601
4,214,200601
4,320,200601
4,26,200601
4,121,200601
4,102,200601
4,13,200601
4,28,200601
4,35,200601
4,120,200601
4,25,200601
4,99,200601
4,40,200601
4,6,200601
4,105,200601
4,19,200601
4,155,200601
4,142,200601
4,132,200601
4,113,200601
4,165,200601
4,16,200601
4,60,200601
4,633,200601
4,133,200601
4,119,200601
4,46,200601
4,190,200601
4,1169,200601
4,305,200601
4,137,200601
4,52,200601
4,0,200601
4,248,200601
4,128,200601
4,306,200601
4,72,200601
4,54,200601
4,346,200601
4,227,200601
4,22,200601
4,1,200601
4,14,200601
4,238,200601
4,108,200601
4,268,200601
4,92,200601
4,189,200601
4,88,200601
4,23,200601
4,10,200601
4,317,200601
4,64,200601
4,84,200601
4,184,200601
4,311,200601
4,300,200601
4,301,200601
4,150,200601
4,27,200601
4,223,200601
4,30,200601
4,17,200601
4,11,200601
4,96,200601
4,69,200601
4,31,200601
4,86,200601
4,164,200601
4,154,200601
4,107,200601
4,33,200601
4,183,200601
4,7,200601
4,50,200601
4,112,200601
4,146,200601
4,177,200601
4,196,200601
4,135,200601
4,89,200601
4,213,200601
4,32,200601
4,97,200601
5,10,200601
5,4,200601
5,84,200601
5,28,200601
5,816,200601
5,764,200601
5,1,200601
5,433,200601
5,69,200601
5,18,200601
5,12,200601
5,21,200601
5,110,200601
5,261,200601
5,20,200601
5,136,200601
5,137,200601
5,23,200601
5,51,200601
5,143,200601
5,107,200601
5,89,200601
5,138,200601
5,17,200601
5,150,200601
5,552,200601
5,1590,200601
5,39,200601
5,183,200601
5,70,200601
5,19,200601
5,11,200601
5,22,200601
5,77,200601
5,817,200601
5,6,200601
5,160,200601
5,29,200601
5,404,200601
5,164,200601
5,26,200601
5,83,200601
5,108,200601
5,40,200601
5,81,200601
5,35,200601
5,102,200601
5,13,200601
5,119,200601
5,85,200601
5,247,200601
5,48,200601
5,96,200601
5,97,200601
5,80,200601
5,157,200601
5,25,200601
5,78,200601
5,82,200601
5,116,200601
5,52,200601
5,100,200601
5,14,200601
5,124,200601
5,9,200601
5,64,200601
5,180,200601
5,27,200601
5,346,200601
5,142,200601
5,60,200601
5,2,200601
5,155,200601
5,227,200601
5,211,200601
5,268,200601
5,7,200601
5,165,200601
5,154,200601
5,8,200601
5,92,200601
5,31,200601
5,113,200601
5,135,200601
5,59,200601
5,121,200601
5,133,200601
6,126,200601
6,38,200601
6,117,200601
6,742,200601
6,433,200601
6,16,200601
6,19,200601
6,5,200601
6,102,200601
6,434,200601
6,48,200601
6,341,200601
6,18,200601
6,110,200601
6,62,200601
6,137,200601
6,25,200601
6,217,200601
6,55,200601
6,143,200601
6,176,200601
6,35,200601
6,52,200601
6,552,200601
6,64,200601
6,114,200601
6,13,200601
6,77,200601
6,138,200601
6,154,200601
6,40,200601
6,274,200601
6,29,200601
6,14,200601
6,180,200601
6,83,200601
6,32,200601
6,175,200601
6,17,200601
6,132,200601
6,30,200601
6,160,200601
6,170,200601
6,9,200601
6,2,200601
6,31,200601
6,23,200601
6,362,200601
6,27,200601
6,156,200601
6,24,200601
6,181,200601
6,96,200601
6,113,200601
6,97,200601
6,45,200601
6,4,200601
6,66,200601
6,94,200601
6,111,200601
6,60,200601
6,22,200601
6,21,200601
6,142,200601
6,135,200601
6,46,200601
6,82,200601
6,54,200601
6,58,200601
6,1,200601
6,112,200601
6,165,200601
6,78,200601
6,320,200601
6,152,200601
6,28,200601
6,169,200601
6,739,200601
6,129,200601
6,85,200601
6,155,200601
6,92,200601
6,7,200601
6,11,200601
6,371,200601
6,0,200601
6,153,200601
6,98,200601
6,131,200601
6,65,200601
6,124,200601
6,237,200601
6,146,200601
6,101,200601
6,72,200601
6,375,200601
6,139,200601
6,544,200601
6,80,200601
6,39,200601
6,99,200601
6,12,200601
6,57,200601
6,81,200601
6,71,200601
6,172,200601
6,100,200601
6,134,200601
6,76,200601
6,51,200601
6,120,200601
6,194,200601
6,10,200601
6,89,200601
6,108,200601
6,20,200601
6,36,200601
6,136,200601
7,8,200601
7,28,200601
7,137,200601
7,23,200601
7,99,200601
7,323,200601
7,89,200601
7,90,200601
7,6,200601
7,1103,200601
7,828,200601
7,135,200601
7,5,200601
7,110,200601
7,770,200601
7,51,200601
7,20,200601
7,243,200601
7,21,200601
7,113,200601
7,1,200601
7,97,200601
7,4,200601
7,17,200601
7,29,200601
7,11,200601
7,25,200601
8,7,200601
8,23,200601
8,20,200601
8,28,200601
8,89,200601
8,1103,200601
8,4,200601
8,107,200601
8,97,200601
8,90,200601
8,778,200601
8,136,200601
8,5,200601
8,113,200601
8,11,200601
8,29,200601
8,17,200601
9,544,200601
9,25,200601
9,85,200601
9,433,200601
9,23,200601
9,72,200601
9,143,200601
9,6,200601
9,160,200601
9,12,200601
9,11,200601
9,261,200601
9,335,200601
9,57,200601
9,307,200601
9,154,200601
9,40,200601
9,114,200601
9,16,200601
9,83,200601
9,47,200601
9,176,200601
9,155,200601
9,112,200601
9,33,200601
9,121,200601
9,21,200601
9,132,200601
9,46,200601
9,1,200601
9,165,200601
9,2,200601
9,51,200601
9,13,200601
9,180,200601
9,19,200601
9,92,200601
9,28,200601
9,102,200601
9,119,200601
9,0,200601
9,5,200601
9,32,200601
9,20,200601
9,17,200601
9,96,200601
9,93,200601
9,496,200601
9,914,200601
9,99,200601
9,108,200601
9,31,200601
9,14,200601
9,136,200601
9,10,200601
9,18,200601
9,60,200601
9,135,200601
9,29,200601
9,146,200601
9,97,200601
9,27,200601
9,137,200601
9,274,200601
10,85,200601
10,97,200601
10,17,200601
10,112,200601
10,5,200601
10,96,200601
10,160,200601
10,433,200601
10,135,200601
10,1,200601
10,781,200601
10,914,200601
10,77,200601
10,548,200601
10,129,200601
10,23,200601
10,27,200601
10,52,200601
10,64,200601
10,88,200601
10,19,200601
10,35,200601
10,51,200601
10,183,200601
10,60,200601
10,21,200601
10,139,200601
10,13,200601
10,26,200601
10,137,200601
10,11,200601
10,108,200601
10,14,200601
10,863,200601
10,99,200601
10,30,200601
10,83,200601
10,188,200601
10,89,200601
10,184,200601
10,2,200601
10,69,200601
10,32,200601
10,261,200601
10,211,200601
10,233,200601
10,136,200601
10,265,200601
10,213,200601
10,133,200601
10,111,200601
10,61,200601
10,33,200601
10,906,200601
10,75,200601
10,105,200601
10,177,200601
10,197,200601
10,9,200601
10,132,200601
10,113,200601
10,150,200601
10,164,200601
10,131,200601
10,154,200601
10,72,200601
10,4,200601
10,165,200601
10,175,200601
10,181,200601
10,110,200601
10,107,200601
10,710,200601
10,149,200601
10,116,200601
10,25,200601
10,104,200601
10,66,200601
10,74,200601
10,170,200601
10,189,200601
10,161,200601
10,122,200601
10,16,200601
10,138,200601
10,115,200601
10,53,200601
10,15,200601
10,222,200601
10,34,200601
10,124,200601
10,969,200601
10,159,200601
10,143,200601
10,38,200601
10,40,200601
10,119,200601
10,80,200601
10,54,200601
10,22,200601
10,180,200601
10,142,200601
10,155,200601
10,102,200601
10,48,200601
10,59,200601
10,18,200601
10,28,200601
10,6,200601
10,81,200601
10,12,200601
10,31,200601
10,121,200601
10,29,200601
10,146,200601
10,46,200601
10,92,200601
10,20,200601
11,105,200601
11,248,200601
11,433,200601
11,227,200601
11,183,200601
11,787,200601
11,36,200601
11,79,200601
11,5,200601
11,781,200601
11,268,200601
11,914,200601
11,228,200601
11,23,200601
11,112,200601
11,17,200601
11,160,200601
11,143,200601
11,52,200601
11,1015,200601
11,27,200601
11,145,200601
11,211,200601
11,48,200601
11,77,200601
11,12,200601
11,13,200601
11,64,200601
11,9,200601
11,59,200601
11,150,200601
11,108,200601
11,274,200601
11,247,200601
11,393,200601
11,136,200601
11,51,200601
11,22,200601
11,0,200601
11,165,200601
11,115,200601
11,16,200601
11,61,200601
11,85,200601
11,706,200601
11,180,200601
11,99,200601
11,31,200601
11,131,200601
11,10,200601
11,107,200601
11,70,200601
11,34,200601
11,177,200601
11,137,200601
11,19,200601
11,339,200601
11,483,200601
11,149,200601
11,116,200601
11,234,200601
11,26,200601
11,18,200601
11,222,200601
11,2,200601
11,119,200601
11,25,200601
11,133,200601
11,28,200601
11,32,200601
11,6,200601
11,548,200601
11,544,200601
11,330,200601
11,54,200601
11,92,200601
11,1,200601
11,21,200601
11,261,200601
11,30,200601
11,164,200601
11,317,200601
11,238,200601
11,69,200601
11,124,200601
11,147,200601
11,60,200601
11,96,200601
11,153,200601
11,213,200601
11,111,200601
11,214,200601
11,184,200601
11,4,200601
11,135,200601
11,33,200601
11,154,200601
11,81,200601
11,169,200601
11,113,200601
11,189,200601
11,20,200601
11,53,200601
11,72,200601
11,35,200601
11,86,200601
11,88,200601
11,83,200601
11,8,200601
11,121,200601
11,84,200601
11,14,200601
11,110,200601
11,223,200601
11,7,200601
11,29,200601
11,89,200601
11,146,200601
11,97,200601
12,143,200601
12,107,200601
12,728,200601
12,433,200601
12,502,200601
12,150,200601
12,132,200601
12,83,200601
12,27,200601
12,286,200601
12,317,200601
12,160,200601
12,15,200601
12,100,200601
12,85,200601
12,97,200601
12,79,200601
12,19,200601
12,29,200601
12,234,200601
12,101,200601
12,211,200601
12,152,200601
12,46,200601
12,21,200601
12,80,200601
12,81,200601
12,161,200601
12,11,200601
12,362,200601
12,30,200601
12,17,200601
12,108,200601
12,131,200601
12,59,200601
12,4,200601
12,142,200601
12,40,200601
12,28,200601
12,2,200601
12,14,200601
12,112,200601
12,102,200601
12,77,200601
12,64,200601
12,213,200601
12,26,200601
12,133,200601
12,803,200601
12,804,200601
12,113,200601
12,51,200601
12,6,200601
12,5,200601
12,60,200601
12,92,200601
12,54,200601
12,146,200601
12,32,200601
12,18,200601
12,99,200601
12,25,200601
12,136,200601
12,1,200601
12,154,200601
12,10,200601
12,137,200601
12,135,200601
13,433,200601
13,117,200601
13,143,200601
13,77,200601
13,313,200601
13,62,200601
13,181,200601
13,19,200601
13,114,200601
13,434,200601
13,6,200601
13,160,200601
13,25,200601
13,48,200601
13,110,200601
13,59,200601
13,195,200601
13,27,200601
13,38,200601
13,26,200601
13,137,200601
13,52,200601
13,17,200601
13,10,200601
13,29,200601
13,2,200601
13,20,200601
13,71,200601
13,108,200601
13,362,200601
13,169,200601
13,249,200601
13,81,200601
13,18,200601
13,101,200601
13,14,200601
13,180,200601
13,544,200601
13,89,200601
13,4,200601
13,28,200601
13,107,200601
13,136,200601
13,80,200601
13,182,200601
13,142,200601
13,96,200601
13,46,200601
13,41,200601
13,97,200601
13,135,200601
13,463,200601
13,172,200601
13,36,200601
13,40,200601
13,31,200601
13,63,200601
13,21,200601
13,69,200601
13,83,200601
13,1,200601
13,112,200601
13,208,200601
13,666,200601
13,389,200601
13,896,200601
13,113,200601
13,497,200601
13,0,200601
13,742,200601
13,35,200601
13,119,200601
13,766,200601
13,1417,200601
13,139,200601
13,178,200601
13,5,200601
13,94,200601
13,60,200601
13,126,200601
13,996,200601
13,995,200601
13,1118,200601
13,51,200601
13,349,200601
13,100,200601
13,79,200601
13,55,200601
13,85,200601
13,176,200601
13,297,200601
13,99,200601
13,76,200601
13,289,200601
13,146,200601
13,16,200601
13,154,200601
13,75,200601
13,860,200601
13,129,200601
13,120,200601
13,64,200601
13,54,200601
13,121,200601
13,11,200601
13,32,200601
14,62,200601
14,652,200601
14,0,200601
14,160,200601
14,77,200601
14,97,200601
14,143,200601
14,799,200601
14,19,200601
14,433,200601
14,24,200601
14,6,200601
14,434,200601
14,125,200601
14,54,200601
14,99,200601
14,26,200601
14,64,200601
14,18,200601
14,81,200601
14,183,200601
14,134,200601
14,180,200601
14,355,200601
14,154,200601
14,25,200601
14,10,200601
14,23,200601
14,142,200601
14,55,200601
14,136,200601
14,13,200601
14,46,200601
14,59,200601
14,51,200601
14,61,200601
14,137,200601
14,27,200601
14,739,200601
14,140,200601
14,34,200601
14,35,200601
14,29,200601
14,41,200601
14,40,200601
14,32,200601
14,96,200601
14,463,200601
14,274,200601
14,108,200601
14,482,200601
14,53,200601
14,11,200601
14,2,200601
14,139,200601
14,48,200601
14,17,200601
14,28,200601
14,107,200601
14,156,200601
14,208,200601
14,21,200601
14,4,200601
14,666,200601
14,149,200601
14,16,200601
14,133,200601
14,12,200601
14,113,200601
14,165,200601
14,9,200601
14,60,200601
14,112,200601
14,72,200601
14,124,200601
14,94,200601
14,5,200601
14,157,200601
14,146,200601
14,20,200601
14,117,200601
14,129,200601
14,85,200601
14,80,200601
14,100,200601
14,92,200601
14,1,200601
14,38,200601
14,36,200601
14,31,200601
14,135,200601
14,83,200601
14,119,200601
14,52,200601
14,155,200601
14,102,200601
15,132,200601
15,143,200601
15,433,200601
15,29,200601
15,35,200601
15,77,200601
15,1,200601
15,108,200601
15,160,200601
15,163,200601
15,44,200601
15,195,200601
15,59,200601
15,332,200601
15,134,200601
15,32,200601
15,140,200601
15,114,200601
15,40,200601
15,64,200601
15,282,200601
15,131,200601
15,170,200601
15,154,200601
15,18,200601
15,205,200601
15,266,200601
15,10,200601
15,146,200601
15,136,200601
15,137,200601
16,40,200601
16,143,200601
16,118,200601
16,269,200601
16,53,200601
16,6,200601
16,397,200601
16,25,200601
16,224,200601
16,85,200601
16,286,200601
16,154,200601
16,28,200601
16,160,200601
16,335,200601
16,433,200601
16,66,200601
16,138,200601
16,117,200601
16,362,200601
16,32,200601
16,77,200601
16,65,200601
16,115,200601
16,38,200601
16,332,200601
16,250,200601
16,14,200601
16,120,200601
16,101,200601
16,9,200601
16,46,200601
16,80,200601
16,102,200601
16,47,200601
16,237,200601
16,5,200601
16,132,200601
16,83,200601
16,194,200601
16,125,200601
16,13,200601
16,72,200601
16,22,200601
16,137,200601
16,12,200601
16,4,200601
16,97,200601
16,139,200601
16,54,200601
16,27,200601
16,23,200601
16,19,200601
16,153,200601
16,48,200601
16,76,200601
16,181,200601
16,96,200601
16,100,200601
16,157,200601
16,206,200601
16,60,200601
16,134,200601
16,155,200601
16,18,200601
16,36,200601
16,17,200601
16,94,200601
16,178,200601
16,136,200601
16,182,200601
16,108,200601
16,129,200601
16,197,200601
16,92,200601
16,59,200601
16,146,200601
16,2,200601
16,175,200601
16,35,200601
16,62,200601
16,63,200601
16,0,200601
16,57,200601
16,55,200601
16,131,200601
16,208,200601
16,79,200601
16,10,200601
16,176,200601
16,64,200601
16,26,200601
16,24,200601
16,1,200601
16,31,200601
16,126,200601
16,375,200601
16,81,200601
16,11,200601
16,142,200601
16,20,200601
16,180,200601
16,135,200601
16,52,200601
16,99,200601
16,29,200601
17,247,200601
17,35,200601
17,110,200601
17,20,200601
17,62,200601
17,1,200601
17,552,200601
17,10,200601
17,85,200601
17,77,200601
17,914,200601
17,6,200601
17,51,200601
17,24,200601
17,29,200601
17,433,200601
17,97,200601
17,175,200601
17,59,200601
17,13,200601
17,136,200601
17,137,200601
17,28,200601
17,161,200601
17,5,200601
17,89,200601
17,81,200601
17,160,200601
17,27,200601
17,12,200601
17,23,200601
17,2,200601
17,143,200601
17,154,200601
17,25,200601
17,108,200601
17,233,200601
17,120,200601
17,112,200601
17,34,200601
17,180,200601
17,102,200601
17,83,200601
17,26,200601
17,55,200601
17,0,200601
17,227,200601
17,99,200601
17,21,200601
17,19,200601
17,739,200601
17,139,200601
17,11,200601
17,274,200601
17,354,200601
17,107,200601
17,189,200601
17,115,200601
17,214,200601
17,52,200601
17,32,200601
17,4,200601
17,14,200601
17,60,200601
17,9,200601
17,165,200601
17,149,200601
17,58,200601
17,40,200601
17,371,200601
17,135,200601
17,493,200601
17,7,200601
17,155,200601
17,124,200601
17,72,200601
17,69,200601
17,119,200601
17,268,200601
17,48,200601
17,866,200601
17,781,200601
17,348,200601
17,183,200601
17,33,200601
17,544,200601
17,761,200601
17,37,200601
17,353,200601
17,184,200601
17,211,200601
17,395,200601
17,261,200601
17,54,200601
17,71,200601
17,303,200601
17,906,200601
17,113,200601
17,18,200601
17,129,200601
17,863,200601
17,31,200601
17,150,200601
17,53,200601
17,243,200601
17,213,200601
17,8,200601
17,22,200601
17,16,200601
17,96,200601
17,64,200601
17,92,200601
17,146,200601
17,46,200601
18,6,200601
18,445,200601
18,54,200601
18,12,200601
18,24,200601
18,136,200601
18,5,200601
18,281,200601
18,175,200601
18,85,200601
18,4,200601
18,14,200601
18,426,200601
18,29,200601
18,160,200601
18,120,200601
18,138,200601
18,64,200601
18,132,200601
18,77,200601
18,55,200601
18,436,200601
18,62,200601
18,19,200601
18,143,200601
18,552,200601
18,234,200601
18,114,200601
18,433,200601
18,69,200601
18,74,200601
18,1,200601
18,183,200601
18,213,200601
18,769,200601
18,320,200601
18,137,200601
18,79,200601
18,31,200601
18,241,200601
18,76,200601
18,46,200601
18,83,200601
18,99,200601
18,38,200601
18,45,200601
18,176,200601
18,150,200601
18,205,200601
18,117,200601
18,133,200601
18,102,200601
18,181,200601
18,247,200601
18,739,200601
18,108,200601
18,2,200601
18,32,200601
18,180,200601
18,81,200601
18,354,200601
18,23,200601
18,40,200601
18,135,200601
18,195,200601
18,52,200601
18,154,200601
18,270,200601
18,112,200601
18,28,200601
18,17,200601
18,233,200601
18,65,200601
18,11,200601
18,21,200601
18,164,200601
18,98,200601
18,27,200601
18,242,200601
18,25,200601
18,9,200601
18,16,200601
18,129,200601
18,86,200601
18,871,200601
18,172,200601
18,909,200601
18,908,200601
18,70,200601
18,51,200601
18,84,200601
18,170,200601
18,126,200601
18,443,200601
18,142,200601
18,155,200601
18,20,200601
18,107,200601
18,432,200601
18,61,200601
18,416,200601
18,415,200601
18,125,200601
18,410,200601
18,92,200601
18,544,200601
18,43,200601
18,208,200601
18,276,200601
18,104,200601
18,422,200601
18,237,200601
18,147,200601
18,174,200601
18,298,200601
18,13,200601
18,88,200601
18,111,200601
18,101,200601
18,105,200601
18,124,200601
18,53,200601
18,271,200601
18,131,200601
18,413,200601
18,145,200601
18,423,200601
18,144,200601
18,265,200601
18,122,200601
18,66,200601
18,60,200601
18,171,200601
18,44,200601
18,59,200601
18,163,200601
18,223,200601
18,159,200601
18,72,200601
18,430,200601
18,35,200601
18,97,200601
18,0,200601
18,346,200601
18,34,200601
18,408,200601
18,407,200601
18,165,200601
18,15,200601
18,197,200601
18,146,200601
18,169,200601
18,153,200601
18,100,200601
18,93,200601
18,71,200601
18,303,200601
18,22,200601
18,48,200601
18,30,200601
18,10,200601
18,96,200601
18,123,200601
18,139,200601
18,110,200601
18,113,200601
18,89,200601
18,26,200601
19,36,200601
19,512,200601
19,142,200601
19,434,200601
19,12,200601
19,135,200601
19,97,200601
19,170,200601
19,39,200601
19,5,200601
19,14,200601
19,112,200601
19,40,200601
19,160,200601
19,455,200601
19,24,200601
19,83,200601
19,13,200601
19,120,200601
19,32,200601
19,140,200601
19,175,200601
19,18,200601
19,143,200601
19,282,200601
19,77,200601
19,180,200601
19,155,200601
19,62,200601
19,752,200601
19,29,200601
19,47,200601
19,183,200601
19,35,200601
19,146,200601
19,46,200601
19,23,200601
19,6,200601
19,433,200601
19,54,200601
19,137,200601
19,52,200601
19,138,200601
19,117,200601
19,237,200601
19,2,200601
19,81,200601
19,157,200601
19,111,200601
19,544,200601
19,113,200601
19,41,200601
19,181,200601
19,0,200601
19,182,200601
19,76,200601
19,270,200601
19,25,200601
19,63,200601
19,813,200601
19,80,200601
19,21,200601
19,16,200601
19,320,200601
19,161,200601
19,58,200601
19,20,200601
19,11,200601
19,354,200601
19,64,200601
19,108,200601
19,57,200601
19,860,200601
19,60,200601
19,136,200601
19,739,200601
19,10,200601
19,45,200601
19,99,200601
19,26,200601
19,101,200601
19,169,200601
19,27,200601
19,4,200601
19,85,200601
19,342,200601
19,86,200601
19,28,200601
19,51,200601
19,102,200601
19,287,200601
19,31,200601
19,188,200601
19,48,200601
19,154,200601
19,278,200601
19,208,200601
19,71,200601
19,75,200601
19,79,200601
19,126,200601
19,38,200601
19,134,200601
19,96,200601
19,206,200601
19,192,200601
19,332,200601
19,205,200601
19,55,200601
19,375,200601
19,139,200601
19,338,200601
19,92,200601
19,387,200601
19,362,200601
19,100,200601
19,114,200601
19,119,200601
19,277,200601
19,1,200601
19,799,200601
19,195,200601
19,176,200601
19,172,200601
19,17,200601
19,129,200601
20,85,200601
20,62,200601
20,247,200601
20,110,200601
20,103,200601
20,26,200601
20,99,200601
20,108,200601
20,27,200601
20,196,200601
20,60,200601
20,914,200601
20,160,200601
20,863,200601
20,64,200601
20,135,200601
20,51,200601
20,17,200601
20,433,200601
20,1,200601
20,129,200601
20,18,200601
20,31,200601
20,142,200601
20,136,200601
20,233,200601
20,28,200601
20,14,200601
20,227,200601
20,19,200601
20,21,200601
20,9,200601
20,77,200601
20,54,200601
20,7,200601
20,32,200601
20,13,200601
20,58,200601
20,213,200601
20,52,200601
20,25,200601
20,137,200601
20,71,200601
20,48,200601
20,736,200601
20,23,200601
20,53,200601
20,22,200601
20,211,200601
20,315,200601
20,832,200601
20,2,200601
20,214,200601
20,40,200601
20,96,200601
20,906,200601
20,107,200601
20,16,200601
20,113,200601
20,89,200601
20,866,200601
20,97,200601
20,261,200601
20,11,200601
20,133,200601
20,150,200601
20,184,200601
20,154,200601
20,761,200601
20,189,200601
20,183,200601
20,6,200601
20,33,200601
20,146,200601
20,59,200601
20,243,200601
20,8,200601
20,46,200601
20,35,200601
20,29,200601
20,4,200601
20,10,200601
21,736,200601
21,92,200601
21,764,200601
21,929,200601
21,1135,200601
21,832,200601
21,866,200601
21,745,200601
21,1117,200601
21,755,200601
21,160,200601
21,5,200601
21,32,200601
21,0,200601
21,60,200601
21,99,200601
21,88,200601
21,9,200601
21,180,200601
21,36,200601
21,48,200601
21,18,200601
21,102,200601
21,30,200601
21,81,200601
21,40,200601
21,137,200601
21,34,200601
21,22,200601
21,27,200601
21,17,200601
21,25,200601
21,59,200601
21,119,200601
21,54,200601
21,52,200601
21,14,200601
21,10,200601
21,155,200601
21,16,200601
21,31,200601
21,165,200601
21,108,200601
21,80,200601
21,1,200601
21,149,200601
21,107,200601
21,13,200601
21,26,200601
21,12,200601
21,6,200601
21,136,200601
21,97,200601
21,346,200601
21,96,200601
21,77,200601
21,19,200601
21,154,200601
21,85,200601
21,64,200601
21,69,200601
21,761,200601
21,213,200601
21,11,200601
21,183,200601
21,51,200601
21,7,200601
21,135,200601
21,89,200601
21,20,200601
21,4,200601
21,29,200601
21,113,200601
21,133,200601
21,23,200601
21,28,200601
22,121,200601
22,160,200601
22,18,200601
22,914,200601
22,5,200601
22,85,200601
22,30,200601
22,181,200601
22,2,200601
22,1,200601
22,47,200601
22,104,200601
22,433,200601
22,25,200601
22,6,200601
22,133,200601
22,36,200601
22,9,200601
22,97,200601
22,99,200601
22,165,200601
22,27,200601
22,53,200601
22,183,200601
22,12,200601
22,150,200601
22,113,200601
22,154,200601
22,136,200601
22,13,200601
22,107,200601
22,11,200601
22,31,200601
22,180,200601
22,26,200601
22,51,200601
22,29,200601
22,112,200601
22,64,200601
22,21,200601
22,20,200601
22,135,200601
22,4,200601
22,10,200601
22,96,200601
22,28,200601
22,17,200601
22,137,200601
23,89,200601
23,1155,200601
23,132,200601
23,247,200601
23,189,200601
23,552,200601
23,183,200601
23,108,200601
23,65,200601
23,39,200601
23,4,200601
23,35,200601
23,51,200601
23,110,200601
23,279,200601
23,17,200601
23,136,200601
23,5,200601
23,749,200601
23,150,200601
23,914,200601
23,11,200601
23,1,200601
23,19,200601
23,433,200601
23,160,200601
23,863,200601
23,188,200601
23,138,200601
23,77,200601
23,211,200601
23,348,200601
23,143,200601
23,906,200601
23,274,200601
23,28,200601
23,137,200601
23,501,200601
23,38,200601
23,2,200601
23,64,200601
23,102,200601
23,0,200601
23,265,200601
23,155,200601
23,70,200601
23,12,200601
23,80,200601
23,96,200601
23,165,200601
23,13,200601
23,6,200601
23,59,200601
23,14,200601
23,81,200601
23,116,200601
23,346,200601
23,107,200601
23,142,200601
23,85,200601
23,92,200601
23,32,200601
23,27,200601
23,124,200601
23,25,200601
23,879,200601
23,97,200601
23,18,200601
23,135,200601
23,154,200601
23,10,200601
23,20,200601
23,31,200601
23,112,200601
23,21,200601
24,155,200601
24,64,200601
24,46,200601
24,0,200601
24,29,200601
24,195,200601
24,18,200601
24,48,200601
24,160,200601
24,117,200601
24,17,200601
24,83,200601
24,97,200601
24,65,200601
24,20,200601
24,208,200601
24,60,200601
24,14,200601
24,336,200601
24,103,200601
24,93,200601
24,165,200601
24,4,200601
24,34,200601
24,19,200601
24,51,200601
24,54,200601
24,137,200601
24,339,200601
24,146,200601
24,31,200601
24,28,200601
24,282,200601
24,59,200601
24,118,200601
24,176,200601
24,77,200601
24,116,200601
24,58,200601
24,45,200601
24,278,200601
24,12,200601
24,43,200601
24,41,200601
24,53,200601
24,99,200601
24,27,200601
24,6,200601
24,40,200601
24,108,200601
24,26,200601
24,35,200601
24,154,200601
24,16,200601
24,25,200601
24,32,200601
24,136,200601
25,336,200601
25,165,200601
25,108,200601
25,20,200601
25,433,200601
25,160,200601
25,31,200601
25,137,200601
25,335,200601
25,143,200601
25,98,200601
25,552,200601
25,27,200601
25,16,200601
25,23,200601
25,51,200601
25,80,200601
25,154,200601
25,97,200601
25,29,200601
25,79,200601
25,5,200601
25,77,200601
25,87,200601
25,138,200601
25,84,200601
25,6,200601
25,40,200601
25,35,200601
25,175,200601
25,85,200601
25,544,200601
25,69,200601
25,74,200601
25,83,200601
25,155,200601
25,136,200601
25,45,200601
25,11,200601
25,52,200601
25,17,200601
25,64,200601
25,81,200601
25,14,200601
25,46,200601
25,135,200601
25,33,200601
25,19,200601
25,55,200601
25,99,200601
25,26,200601
25,183,200601
25,126,200601
25,76,200601
25,78,200601
25,21,200601
25,4,200601
25,278,200601
25,113,200601
25,132,200601
25,159,200601
25,180,200601
25,122,200601
25,32,200601
25,18,200601
25,107,200601
25,213,200601
25,118,200601
25,28,200601
25,326,200601
25,393,200601
25,188,200601
25,390,200601
25,340,200601
25,371,200601
25,671,200601
25,60,200601
25,63,200601
25,237,200601
25,94,200601
25,224,200601
25,2,200601
25,483,200601
25,385,200601
25,220,200601
25,0,200601
25,216,200601
25,333,200601
25,139,200601
25,495,200601
25,10,200601
25,250,200601
25,110,200601
25,39,200601
25,41,200601
25,341,200601
25,65,200601
25,24,200601
25,36,200601
25,120,200601
25,57,200601
25,355,200601
25,211,200601
25,12,200601
25,181,200601
25,161,200601
25,339,200601
25,153,200601
25,101,200601
25,71,200601
25,58,200601
25,34,200601
25,22,200601
25,59,200601
25,1,200601
25,96,200601
25,38,200601
25,146,200601
25,116,200601
25,72,200601
25,100,200601
25,115,200601
25,149,200601
25,152,200601
25,54,200601
25,156,200601
25,9,200601
25,53,200601
25,7,200601
25,157,200601
25,129,200601
25,93,200601
25,124,200601
25,327,200601
25,112,200601
25,47,200601
25,274,200601
25,89,200601
25,13,200601
25,48,200601
26,89,200601
26,27,200601
26,92,200601
26,20,200601
26,176,200601
26,139,200601
26,60,200601
26,94,200601
26,25,200601
26,28,200601
26,362,200601
26,110,200601
26,58,200601
26,1,200601
26,83,200601
26,57,200601
26,4,200601
26,18,200601
26,309,200601
26,31,200601
26,136,200601
26,53,200601
26,154,200601
26,797,200601
26,160,200601
26,287,200601
26,142,200601
26,313,200601
26,39,200601
26,101,200601
26,332,200601
26,78,200601
26,24,200601
26,19,200601
26,135,200601
26,77,200601
26,140,200601
26,35,200601
26,5,200601
26,17,200601
26,120,200601
26,40,200601
26,108,200601
26,85,200601
26,64,200601
26,169,200601
26,46,200601
26,11,200601
26,297,200601
26,21,200601
26,124,200601
26,12,200601
26,29,200601
26,100,200601
26,113,200601
26,54,200601
26,10,200601
26,9,200601
26,51,200601
26,99,200601
26,117,200601
26,134,200601
26,137,200601
26,172,200601
26,81,200601
26,22,200601
26,14,200601
26,126,200601
26,129,200601
26,131,200601
26,71,200601
26,2,200601
26,65,200601
26,544,200601
26,283,200601
26,114,200601
26,98,200601
26,146,200601
26,38,200601
26,155,200601
26,180,200601
26,192,200601
26,181,200601
26,102,200601
26,338,200601
26,45,200601
26,97,200601
26,278,200601
26,143,200601
26,16,200601
26,80,200601
26,55,200601
26,76,200601
26,320,200601
26,32,200601
26,13,200601
26,75,200601
26,860,200601
26,48,200601
26,36,200601
27,336,200601
27,433,200601
27,175,200601
27,160,200601
27,752,200601
27,40,200601
27,12,200601
27,85,200601
27,143,200601
27,165,200601
27,77,200601
27,137,200601
27,164,200601
27,204,200601
27,138,200601
27,2,200601
27,1,200601
27,17,200601
27,112,200601
27,62,200601
27,38,200601
27,111,200601
27,860,200601
27,55,200601
27,152,200601
27,107,200601
27,32,200601
27,83,200601
27,113,200601
27,803,200601
27,126,200601
27,804,200601
27,270,200601
27,120,200601
27,155,200601
27,0,200601
27,6,200601
27,521,200601
27,16,200601
27,52,200601
27,134,200601
27,46,200601
27,26,200601
27,5,200601
27,19,200601
27,133,200601
27,47,200601
27,65,200601
27,97,200601
27,117,200601
27,142,200601
27,885,200601
27,182,200601
27,80,200601
27,31,200601
27,183,200601
27,54,200601
27,20,200601
27,76,200601
27,18,200601
27,181,200601
27,157,200601
27,78,200601
27,368,200601
27,39,200601
27,119,200601
27,23,200601
27,11,200601
27,13,200601
27,81,200601
27,98,200601
27,4,200601
27,21,200601
27,146,200601
27,28,200601
27,490,200601
27,834,200601
27,480,200601
27,136,200601
27,588,200601
27,64,200601
27,124,200601
27,48,200601
27,99,200601
27,22,200601
27,102,200601
27,29,200601
27,51,200601
27,108,200601
27,60,200601
27,25,200601
27,96,200601
27,72,200601
27,92,200601
27,14,200601
27,9,200601
27,274,200601
27,154,200601
27,10,200601
27,135,200601
28,1,200601
28,493,200601
28,83,200601
28,2,200601
28,110,200601
28,165,200601
28,113,200601
28,211,200601
28,160,200601
28,552,200601
28,143,200601
28,433,200601
28,17,200601
28,62,200601
28,136,200601
28,77,200601
28,5,200601
28,208,200601
28,24,200601
28,61,200601
28,261,200601
28,30,200601
28,155,200601
28,102,200601
28,108,200601
28,112,200601
28,29,200601
28,181,200601
28,107,200601
28,20,200601
28,135,200601
28,99,200601
28,64,200601
28,96,200601
28,26,200601
28,161,200601
28,25,200601
28,18,200601
28,248,200601
28,59,200601
28,53,200601
28,55,200601
28,4,200601
28,142,200601
28,27,200601
28,19,200601
28,265,200601
28,13,200601
28,16,200601
28,6,200601
28,22,200601
28,137,200601
28,40,200601
28,139,200601
28,14,200601
28,346,200601
28,97,200601
28,157,200601
28,46,200601
28,85,200601
28,12,200601
28,48,200601
28,51,200601
28,80,200601
28,69,200601
28,11,200601
28,100,200601
28,72,200601
28,38,200601
28,154,200601
28,60,200601
28,92,200601
28,7,200601
28,10,200601
28,32,200601
28,31,200601
28,89,200601
28,146,200601
28,21,200601
29,138,200601
29,143,200601
29,433,200601
29,45,200601
29,110,200601
29,89,200601
29,675,200601
29,97,200601
29,79,200601
29,5,200601
29,126,200601
29,552,200601
29,160,200601
29,247,200601
29,6,200601
29,19,200601
29,140,200601
29,52,200601
29,77,200601
29,18,200601
29,130,200601
29,25,200601
29,35,200601
29,24,200601
29,59,200601
29,17,200601
29,20,200601
29,136,200601
29,175,200601
29,137,200601
29,85,200601
29,38,200601
29,145,200601
29,233,200601
29,81,200601
29,122,200601
29,0,200601
29,4,200601
29,309,200601
29,152,200601
29,287,200601
29,22,200601
29,142,200601
29,14,200601
29,102,200601
29,320,200601
29,74,200601
29,32,200601
29,99,200601
29,304,200601
29,41,200601
29,98,200601
29,139,200601
29,60,200601
29,120,200601
29,23,200601
29,154,200601
29,64,200601
29,113,200601
29,155,200601
29,118,200601
29,205,200601
29,48,200601
29,80,200601
29,46,200601
29,100,200601
29,54,200601
29,10,200601
29,83,200601
29,36,200601
29,108,200601
29,13,200601
29,28,200601
29,104,200601
29,341,200601
29,213,200601
29,76,200601
29,78,200601
29,371,200601
29,266,200601
29,27,200601
29,117,200601
29,276,200601
29,72,200601
29,181,200601
29,101,200601
29,170,200601
29,146,200601
29,544,200601
29,156,200601
29,172,200601
29,131,200601
29,58,200601
29,66,200601
29,75,200601
29,224,200601
29,132,200601
29,43,200601
29,62,200601
29,242,200601
29,65,200601
29,270,200601
29,2,200601
29,375,200601
29,57,200601
29,31,200601
29,182,200601
29,61,200601
29,180,200601
29,63,200601
29,11,200601
29,53,200601
29,176,200601
29,163,200601
29,125,200601
29,12,200601
29,197,200601
29,183,200601
29,55,200601
29,9,200601
29,171,200601
29,69,200601
29,269,200601
29,8,200601
29,96,200601
29,44,200601
29,265,200601
29,195,200601
29,34,200601
29,40,200601
29,153,200601
29,292,200601
29,208,200601
29,71,200601
29,134,200601
29,144,200601
29,267,200601
29,15,200601
29,107,200601
29,198,200601
29,39,200601
29,159,200601
29,165,200601
29,169,200601
29,124,200601
29,16,200601
29,193,200601
29,7,200601
29,51,200601
29,129,200601
29,112,200601
29,21,200601
29,1,200601
29,26,200601
30,84,200601
30,433,200601
30,4,200601
30,3,200601
30,228,200601
30,69,200601
30,136,200601
30,132,200601
30,143,200601
30,160,200601
30,169,200601
30,64,200601
30,234,200601
30,0,200601
30,2,200601
30,17,200601
30,97,200601
30,183,200601
30,59,200601
30,6,200601
30,68,200601
30,137,200601
30,878,200601
30,775,200601
30,1169,200601
30,776,200601
30,754,200601
30,223,200601
30,753,200601
30,248,200601
30,1090,200601
30,783,200601
30,88,200601
30,10,200601
30,164,200601
30,1,200601
30,51,200601
30,11,200601
30,18,200601
31,160,200601
31,48,200601
31,874,200601
31,9,200601
31,62,200601
31,24,200601
31,60,200601
31,175,200601
31,77,200601
31,274,200601
31,124,200601
31,336,200601
31,433,200601
31,12,200601
31,104,200601
31,143,200601
31,27,200601
31,46,200601
31,25,200601
31,126,200601
31,64,200601
31,61,200601
31,114,200601
31,106,200601
31,170,200601
31,97,200601
31,118,200601
31,176,200601
31,4,200601
31,29,200601
31,123,200601
31,59,200601
31,14,200601
31,6,200601
31,26,200601
31,51,200601
31,38,200601
31,98,200601
31,131,200601
31,310,200601
31,54,200601
31,23,200601
31,73,200601
31,142,200601
31,83,200601
31,32,200601
31,180,200601
31,13,200601
31,181,200601
31,136,200601
31,463,200601
31,40,200601
31,135,200601
31,45,200601
31,307,200601
31,2,200601
31,20,200601
31,1,200601
31,113,200601
31,112,200601
31,99,200601
31,133,200601
31,19,200601
31,165,200601
31,96,200601
31,154,200601
31,21,200601
31,18,200601
31,11,200601
31,146,200601
31,52,200601
31,35,200601
31,16,200601
31,5,200601
31,155,200601
31,119,200601
31,102,200601
31,17,200601
31,85,200601
31,81,200601
31,80,200601
31,28,200601
31,100,200601
31,0,200601
31,10,200601
31,92,200601
31,108,200601
31,137,200601
32,98,200601
32,160,200601
32,433,200601
32,6,200601
32,94,200601
32,155,200601
32,143,200601
32,138,200601
32,14,200601
32,17,200601
32,206,200601
32,19,200601
32,137,200601
32,18,200601
32,76,200601
32,281,200601
32,181,200601
32,77,200601
32,55,200601
32,134,200601
32,27,200601
32,813,200601
32,173,200601
32,320,200601
32,287,200601
32,22,200601
32,180,200601
32,120,200601
32,132,200601
32,60,200601
32,107,200601
32,136,200601
32,101,200601
32,38,200601
32,153,200601
32,57,200601
32,97,200601
32,422,200601
32,126,200601
32,112,200601
32,159,200601
32,13,200601
32,29,200601
32,430,200601
32,71,200601
32,83,200601
32,11,200601
32,9,200601
32,380,200601
32,28,200601
32,265,200601
32,133,200601
32,5,200601
32,113,200601
32,332,200601
32,15,200601
32,80,200601
32,178,200601
32,16,200601
32,79,200601
32,40,200601
32,62,200601
32,2,200601
32,25,200601
32,242,200601
32,85,200601
32,52,200601
32,74,200601
32,48,200601
32,43,200601
32,31,200601
32,154,200601
32,21,200601
32,163,200601
32,46,200601
32,146,200601
32,144,200601
32,129,200601
32,545,200601
32,65,200601
32,205,200601
32,92,200601
32,170,200601
32,99,200601
32,104,200601
32,140,200601
32,142,200601
32,544,200601
32,546,200601
32,59,200601
32,316,200601
32,10,200601
32,125,200601
32,141,200601
32,192,200601
32,188,200601
32,233,200601
32,51,200601
32,58,200601
32,78,200601
32,44,200601
32,197,200601
32,182,200601
32,338,200601
32,124,200601
32,237,200601
32,66,200601
32,270,200601
32,171,200601
32,135,200601
32,81,200601
32,176,200601
32,117,200601
32,420,200601
32,429,200601
32,193,200601
32,362,200601
32,157,200601
32,269,200601
32,39,200601
32,12,200601
32,195,200601
32,24,200601
32,114,200601
32,208,200601
32,63,200601
32,72,200601
32,276,200601
32,45,200601
32,175,200601
32,75,200601
32,375,200601
32,0,200601
32,198,200601
32,36,200601
32,26,200601
32,139,200601
32,64,200601
32,1,200601
32,100,200601
32,35,200601
32,108,200601
32,102,200601
32,20,200601
32,54,200601
32,131,200601
32,4,200601
33,51,200601
33,132,200601
33,165,200601
33,111,200601
33,9,200601
33,301,200601
33,22,200601
33,184,200601
33,10,200601
33,17,200601
33,11,200601
33,1,200601
33,136,200601
33,4,200601
33,20,200601
34,433,200601
34,53,200601
34,96,200601
34,159,200601
34,160,200601
34,552,200601
34,124,200601
34,136,200601
34,269,200601
34,24,200601
34,588,200601
34,143,200601
34,150,200601
34,341,200601
34,157,200601
34,101,200601
34,33,200601
34,97,200601
34,107,200601
34,44,200601
34,77,200601
34,250,200601
34,267,200601
34,26,200601
34,17,200601
34,60,200601
34,18,200601
34,154,200601
34,1,200601
34,10,200601
34,29,200601
34,160,200601
34,25,200601
34,136,200601
34,97,200601
34,137,200601
35,60,200601
35,160,200601
35,6,200601
35,143,200601
35,41,200601
35,129,200601
35,108,200601
35,64,200601
35,85,200601
35,0,200601
35,53,200601
35,32,200601
35,77,200601
35,14,200601
35,100,200601
35,17,200601
35,675,200601
35,62,200601
35,83,200601
35,94,200601
35,318,200601
35,1245,200601
35,322,200601
35,24,200601
35,76,200601
35,23,200601
35,39,200601
35,156,200601
35,92,200601
35,46,200601
35,48,200601
35,29,200601
35,139,200601
35,25,200601
35,375,200601
35,960,200601
35,97,200601
35,433,200601
35,19,200601
35,45,200601
35,495,200601
35,137,200601
35,81,200601
35,26,200601
35,181,200601
35,155,200601
35,107,200601
35,213,200601
35,136,200601
35,9,200601
35,20,200601
35,153,200601
35,18,200601
35,2,200601
35,120,200601
35,59,200601
35,28,200601
35,198,200601
35,10,200601
35,182,200601
35,176,200601
35,40,200601
35,52,200601
35,13,200601
35,307,200601
35,89,200601
35,113,200601
35,54,200601
35,205,200601
35,99,200601
35,16,200601
35,73,200601
35,769,200601
35,146,200601
35,38,200601
35,71,200601
35,31,200601
35,173,200601
35,1,200601
35,11,200601
35,4,200601
35,172,200601
35,154,200601
36,35,200601
36,139,200601
36,48,200601
36,0,200601
36,335,200601
36,143,200601
36,19,200601
36,165,200601
36,181,200601
36,29,200601
36,13,200601
36,31,200601
36,77,200601
36,1088,200601
36,32,200601
36,107,200601
36,52,200601
36,38,200601
36,51,200601
36,1,200601
36,16,200601
36,60,200601
36,14,200601
36,142,200601
36,160,200601
36,178,200601
36,81,200601
36,26,200601
36,136,200601
36,155,200601
36,10,200601
36,6,200601
36,126,200601
36,108,200601
36,41,200601
36,96,200601
36,135,200601
36,102,200601
36,25,200601
36,40,200601
36,146,200601
36,119,200601
36,59,200601
36,99,200601
36,97,200601
36,137,200601
36,46,200601
37,1107,200601
37,784,200601
37,1,200601
37,17,200601
38,48,200601
38,120,200601
38,143,200601
38,333,200601
38,208,200601
38,281,200601
38,160,200601
38,320,200601
38,119,200601
38,433,200601
38,25,200601
38,99,200601
38,12,200601
38,14,200601
38,6,200601
38,45,200601
38,335,200601
38,77,200601
38,155,200601
38,132,200601
38,180,200601
38,57,200601
38,58,200601
38,64,200601
38,83,200601
38,81,200601
38,140,200601
38,126,200601
38,74,200601
38,13,200601
38,141,200601
38,29,200601
38,122,200601
38,97,200601
38,135,200601
38,54,200601
38,137,200601
38,188,200601
38,242,200601
38,114,200601
38,206,200601
38,18,200601
38,463,200601
38,36,200601
38,27,200601
38,134,200601
38,2,200601
38,21,200601
38,170,200601
38,156,200601
38,136,200601
38,85,200601
38,19,200601
38,178,200601
38,129,200601
38,142,200601
38,52,200601
38,40,200601
38,59,200601
38,26,200601
38,1,200601
38,28,200601
38,146,200601
38,35,200601
38,108,200601
38,60,200601
38,46,200601
38,154,200601
38,16,200601
38,10,200601
38,100,200601
38,32,200601
39,160,200601
39,31,200601
39,60,200601
39,100,200601
39,287,200601
39,78,200601
39,112,200601
39,36,200601
39,137,200601
39,19,200601
39,433,200601
39,455,200601
39,97,200601
39,23,200601
39,341,200601
39,1822,200601
39,320,200601
39,35,200601
39,336,200601
39,77,200601
39,79,200601
39,143,200601
39,98,200601
39,65,200601
39,102,200601
39,15,200601
39,73,200601
39,26,200601
39,101,200601
39,46,200601
39,178,200601
39,99,200601
39,146,200601
39,6,200601
39,25,200601
39,32,200601
39,29,200601
39,64,200601
40,14,200601
40,79,200601
40,17,200601
40,176,200601
40,449,200601
40,25,200601
40,338,200601
40,433,200601
40,29,200601
40,99,200601
40,160,200601
40,893,200601
40,19,200601
40,6,200601
40,16,200601
40,549,200601
40,142,200601
40,195,200601
40,205,200601
40,143,200601
40,77,200601
40,13,200601
40,242,200601
40,137,200601
40,180,200601
40,12,200601
40,45,200601
40,174,200601
40,24,200601
40,85,200601
40,47,200601
40,303,200601
40,55,200601
40,233,200601
40,237,200601
40,97,200601
40,41,200601
40,1065,200601
40,123,200601
40,73,200601
40,102,200601
40,31,200601
40,132,200601
40,152,200601
40,72,200601
40,155,200601
40,52,200601
40,66,200601
40,126,200601
40,11,200601
40,81,200601
40,463,200601
40,316,200601
40,78,200601
40,739,200601
40,54,200601
40,83,200601
40,46,200601
40,2,200601
40,26,200601
40,82,200601
40,21,200601
40,112,200601
40,889,200601
40,5,200601
40,32,200601
40,60,200601
40,362,200601
40,136,200601
40,146,200601
40,1022,200601
40,4,200601
40,100,200601
40,48,200601
40,360,200601
40,206,200601
40,381,200601
40,208,200601
40,28,200601
40,154,200601
40,1086,200601
40,1020,200601
40,899,200601
40,722,200601
40,332,200601
40,369,200601
40,38,200601
40,523,200601
40,373,200601
40,63,200601
40,178,200601
40,27,200601
40,374,200601
40,129,200601
40,182,200601
40,64,200601
40,18,200601
40,35,200601
40,117,200601
40,139,200601
40,20,200601
40,375,200601
40,108,200601
40,59,200601
40,1,200601
40,120,200601
40,36,200601
40,10,200601
40,135,200601
41,98,200601
41,35,200601
41,60,200601
41,118,200601
41,769,200601
41,336,200601
41,48,200601
41,80,200601
41,160,200601
41,433,200601
41,192,200601
41,278,200601
41,29,200601
41,156,200601
41,57,200601
41,14,200601
41,83,200601
41,180,200601
41,76,200601
41,64,200601
41,40,200601
41,46,200601
41,36,200601
41,108,200601
41,97,200601
41,25,200601
43,433,200601
43,66,200601
43,131,200601
43,104,200601
43,15,200601
43,160,200601
43,62,200601
43,29,200601
43,61,200601
43,31,200601
43,57,200601
43,39,200601
43,52,200601
43,32,200601
43,146,200601
43,18,200601
43,54,200601
43,97,200601
44,144,200601
44,160,200601
44,208,200601
44,175,200601
44,237,200601
44,146,200601
44,34,200601
44,11,200601
44,346,200601
44,430,200601
44,54,200601
44,18,200601
44,32,200601
44,29,200601
45,182,200601
45,433,200601
45,16,200601
45,141,200601
45,98,200601
45,142,200601
45,39,200601
45,79,200601
45,114,200601
45,381,200601
45,24,200601
45,154,200601
45,43,200601
45,31,200601
45,104,200601
45,155,200601
45,77,200601
45,64,200601
45,94,200601
45,362,200601
45,83,200601
45,54,200601
45,32,200601
45,99,200601
45,188,200601
45,14,200601
45,19,200601
45,322,200601
45,81,200601
45,62,200601
45,137,200601
45,100,200601
45,0,200601
45,102,200601
45,48,200601
45,46,200601
45,27,200601
45,38,200601
45,178,200601
45,146,200601
45,160,200601
45,26,200601
45,97,200601
45,25,200601
45,6,200601
45,29,200601
46,83,200601
46,282,200601
46,6,200601
46,19,200601
46,160,200601
46,77,200601
46,62,200601
46,433,200601
46,76,200601
46,176,200601
46,14,200601
46,143,200601
46,79,200601
46,11,200601
46,24,200601
46,31,200601
46,98,200601
46,97,200601
46,129,200601
46,175,200601
46,434,200601
46,327,200601
46,102,200601
46,146,200601
46,80,200601
46,18,200601
46,183,200601
46,27,200601
46,155,200601
46,242,200601
46,13,200601
46,131,200601
46,74,200601
46,137,200601
46,54,200601
46,4,200601
46,134,200601
46,51,200601
46,32,200601
46,92,200601
46,16,200601
46,9,200601
46,38,200601
46,23,200601
46,64,200601
46,78,200601
46,782,200601
46,96,200601
46,60,200601
46,101,200601
46,25,200601
46,135,200601
46,156,200601
46,52,200601
46,120,200601
46,320,200601
46,45,200601
46,58,200601
46,1,200601
46,75,200601
46,287,200601
46,250,200601
46,29,200601
46,140,200601
46,278,200601
46,342,200601
46,99,200601
46,247,200601
46,40,200601
46,108,200601
46,81,200601
46,860,200601
46,142,200601
46,26,200601
46,2,200601
46,1065,200601
46,126,200601
46,224,200601
46,100,200601
46,178,200601
46,57,200601
46,117,200601
46,813,200601
46,152,200601
46,141,200601
46,173,200601
46,192,200601
46,544,200601
46,63,200601
46,900,200601
46,39,200601
46,237,200601
46,180,200601
46,41,200601
46,157,200601
46,799,200601
46,73,200601
46,182,200601
46,124,200601
46,154,200601
46,59,200601
46,65,200601
46,94,200601
46,95,200601
46,35,200601
46,458,200601
46,797,200601
46,158,200601
46,445,200601
46,744,200601
46,28,200601
46,0,200601
46,172,200601
46,136,200601
46,20,200601
46,17,200601
46,10,200601
46,139,200601
46,36,200601
46,48,200601
47,250,200601
47,25,200601
47,161,200601
47,286,200601
47,157,200601
47,213,200601
47,31,200601
47,0,200601
47,118,200601
47,165,200601
47,65,200601
47,60,200601
47,124,200601
47,72,200601
47,96,200601
47,116,200601
47,1169,200601
47,97,200601
47,274,200601
47,92,200601
47,137,200601
48,0,200601
48,97,200601
48,41,200601
48,160,200601
48,120,200601
48,14,200601
48,175,200601
48,73,200601
48,35,200601
48,77,200601
48,83,200601
48,24,200601
48,13,200601
48,769,200601
48,60,200601
48,433,200601
48,552,200601
48,139,200601
48,6,200601
48,143,200601
48,768,200601
48,113,200601
48,53,200601
48,51,200601
48,20,200601
48,26,200601
48,136,200601
48,54,200601
48,102,200601
48,11,200601
48,10,200601
48,1,200601
48,27,200601
48,155,200601
48,108,200601
48,249,200601
48,23,200601
48,107,200601
48,64,200601
48,137,200601
48,17,200601
48,45,200601
48,16,200601
48,21,200601
48,40,200601
48,176,200601
48,205,200601
48,180,200601
48,292,200601
48,19,200601
48,52,200601
48,29,200601
48,142,200601
48,154,200601
48,28,200601
48,79,200601
48,80,200601
48,4,200601
48,75,200601
48,38,200601
48,182,200601
48,5,200601
48,156,200601
48,76,200601
48,81,200601
48,117,200601
48,172,200601
48,92,200601
48,100,200601
48,121,200601
48,18,200601
48,31,200601
48,129,200601
48,99,200601
48,146,200601
48,119,200601
48,178,200601
48,32,200601
48,135,200601
48,59,200601
48,25,200601
48,46,200601
49,872,200601
49,69,200601
49,806,200601
49,50,200601
49,177,200601
49,51,200601
50,4,200601
50,69,200601
50,177,200601
50,872,200601
50,51,200601
50,248,200601
51,160,200601
51,4,200601
51,184,200601
51,77,200601
51,69,200601
51,143,200601
51,132,200601
51,214,200601
51,110,200601
51,795,200601
51,18,200601
51,741,200601
51,914,200601
51,215,200601
51,175,200601
51,23,200601
51,11,200601
51,433,200601
51,247,200601
51,108,200601
51,901,200601
51,5,200601
51,27,200601
51,164,200601
51,30,200601
51,80,200601
51,113,200601
51,136,200601
51,213,200601
51,38,200601
51,29,200601
51,59,200601
51,13,200601
51,866,200601
51,183,200601
51,115,200601
51,14,200601
51,26,200601
51,248,200601
51,32,200601
51,20,200601
51,52,200601
51,6,200601
51,99,200601
51,100,200601
51,116,200601
51,137,200601
51,17,200601
51,12,200601
51,1169,200601
51,154,200601
51,85,200601
51,346,200601
51,60,200601
51,133,200601
51,28,200601
51,22,200601
51,3,200601
51,165,200601
51,49,200601
51,1,200601
51,761,200601
51,33,200601
51,96,200601
51,150,200601
51,189,200601
51,177,200601
51,21,200601
51,135,200601
51,112,200601
51,64,200601
51,7,200601
51,89,200601
51,10,200601
51,146,200601
51,107,200601
51,25,200601
51,97,200601
52,6,200601
52,143,200601
52,19,200601
52,77,200601
52,117,200601
52,160,200601
52,1193,200601
52,13,200601
52,154,200601
52,102,200601
52,120,200601
52,59,200601
52,195,200601
52,293,200601
52,194,200601
52,180,200601
52,24,200601
52,26,200601
52,433,200601
52,175,200601
52,138,200601
52,18,200601
52,99,200601
52,74,200601
52,136,200601
52,81,200601
52,28,200601
52,83,200601
52,124,200601
52,197,200601
52,48,200601
52,54,200601
52,5,200601
52,29,200601
52,146,200601
52,133,200601
52,40,200601
52,126,200601
52,101,200601
52,113,200601
52,97,200601
52,51,200601
52,25,200601
52,12,200601
52,4,200601
52,27,200601
52,96,200601
52,137,200601
52,14,200601
52,35,200601
52,139,200601
52,181,200601
52,80,200601
52,20,200601
52,1,200601
52,100,200601
52,36,200601
52,46,200601
52,38,200601
52,108,200601
52,17,200601
52,60,200601
52,142,200601
52,31,200601
52,64,200601
52,10,200601
52,11,200601
52,16,200601
52,135,200601
52,129,200601
52,32,200601
53,1,200601
53,433,200601
53,274,200601
53,136,200601
53,261,200601
53,314,200601
53,15,200601
53,85,200601
53,188,200601
53,160,200601
53,5,200601
53,38,200601
53,11,200601
53,2,200601
53,156,200601
53,23,200601
53,150,200601
53,213,200601
53,157,200601
53,86,200601
53,99,200601
53,64,200601
53,97,200601
53,61,200601
53,36,200601
53,59,200601
53,14,200601
53,248,200601
53,666,200601
53,121,200601
53,27,200601
53,960,200601
53,189,200601
53,1169,200601
53,116,200601
53,96,200601
53,18,200601
53,20,200601
53,29,200601
53,10,200601
53,146,200601
53,17,200601
53,25,200601
53,137,200601
54,24,200601
54,18,200601
54,430,200601
54,160,200601
54,40,200601
54,19,200601
54,143,200601
54,422,200601
54,74,200601
54,440,200601
54,76,200601
54,77,200601
54,276,200601
54,433,200601
54,814,200601
54,48,200601
54,101,200601
54,156,200601
54,271,200601
54,142,200601
54,320,200601
54,327,200601
54,137,200601
54,234,200601
54,170,200601
54,274,200601
54,341,200601
54,60,200601
54,51,200601
54,242,200601
54,5,200601
54,120,200601
54,192,200601
54,38,200601
54,26,200601
54,52,200601
54,1088,200601
54,2,200601
54,16,200601
54,354,200601
54,9,200601
54,136,200601
54,6,200601
54,722,200601
54,139,200601
54,1180,200601
54,71,200601
54,83,200601
54,32,200601
54,1205,200601
54,108,200601
54,1169,200601
54,161,200601
54,80,200601
54,346,200601
54,129,200601
54,154,200601
54,35,200601
54,99,200601
54,666,200601
54,20,200601
54,420,200601
54,146,200601
54,44,200601
54,12,200601
54,197,200601
54,14,200601
54,11,200601
54,31,200601
54,132,200601
54,81,200601
54,17,200601
54,29,200601
54,43,200601
54,131,200601
54,181,200601
54,97,200601
54,10,200601
54,46,200601
54,13,200601
54,25,200601
54,27,200601
54,1,200601
55,64,200601
55,126,200601
55,134,200601
55,180,200601
55,433,200601
55,12,200601
55,81,200601
55,80,200601
55,24,200601
55,18,200601
55,58,200601
55,160,200601
55,28,200601
55,31,200601
55,32,200601
55,19,200601
55,137,200601
55,40,200601
55,14,200601
55,742,200601
55,51,200601
55,99,200601
55,36,200601
55,13,200601
55,97,200601
55,16,200601
55,146,200601
55,29,200601
55,26,200601
55,6,200601
55,59,200601
57,118,200601
57,433,200601
57,134,200601
57,98,200601
57,160,200601
57,143,200601
57,237,200601
57,156,200601
57,77,200601
57,101,200601
57,85,200601
57,19,200601
57,115,200601
57,93,200601
57,99,200601
57,544,200601
57,41,200601
57,154,200601
57,46,200601
57,83,200601
57,108,200601
57,146,200601
57,16,200601
57,26,200601
57,32,200601
57,60,200601
57,29,200601
57,6,200601
57,25,200601
57,97,200601
57,137,200601
57,64,200601
58,35,200601
58,433,200601
58,160,200601
58,143,200601
58,134,200601
58,224,200601
58,57,200601
58,117,200601
58,287,200601
58,75,200601
58,24,200601
58,72,200601
58,52,200601
58,146,200601
58,6,200601
58,46,200601
58,99,200601
58,60,200601
58,29,200601
58,32,200601
58,25,200601
58,137,200601
58,97,200601
59,746,200601
59,6,200601
59,160,200601
59,29,200601
59,138,200601
59,433,200601
59,143,200601
59,97,200601
59,25,200601
59,77,200601
59,19,200601
59,35,200601
59,100,200601
59,110,200601
59,89,200601
59,24,200601
59,675,200601
59,45,200601
59,197,200601
59,497,200601
59,198,200601
59,15,200601
59,66,200601
59,78,200601
59,5,200601
59,101,200601
59,242,200601
59,83,200601
59,134,200601
59,20,200601
59,96,200601
59,53,200601
59,82,200601
59,136,200601
59,64,200601
59,32,200601
59,23,200601
59,17,200601
59,81,200601
59,154,200601
59,16,200601
59,2,200601
59,31,200601
59,106,200601
59,18,200601
59,14,200601
59,46,200601
59,38,200601
59,146,200601
59,40,200601
59,85,200601
59,99,200601
59,51,200601
59,217,200601
59,21,200601
59,10,200601
59,4,200601
59,1,200601
59,11,200601
59,172,200601
59,13,200601
59,0,200601
59,129,200601
59,194,200601
59,112,200601
59,36,200601
59,28,200601
59,108,200601
59,137,200601
59,126,200601
59,55,200601
59,117,200601
59,133,200601
59,48,200601
59,60,200601
59,142,200601
59,139,200601
59,121,200601
60,39,200601
60,19,200601
60,120,200601
60,13,200601
60,20,200601
60,89,200601
60,83,200601
60,98,200601
60,97,200601
60,15,200601
60,77,200601
60,175,200601
60,35,200601
60,48,200601
60,41,200601
60,160,200601
60,772,200601
60,266,200601
60,62,200601
60,46,200601
60,24,200601
60,143,200601
60,31,200601
60,73,200601
60,433,200601
60,4,200601
60,11,200601
60,181,200601
60,132,200601
60,1,200601
60,249,200601
60,99,200601
60,544,200601
60,7,200601
60,26,200601
60,17,200601
60,243,200601
60,131,200601
60,25,200601
60,149,200601
60,154,200601
60,23,200601
60,14,200601
60,169,200601
60,769,200601
60,64,200601
60,54,200601
60,112,200601
60,247,200601
60,18,200601
60,6,200601
60,113,200601
60,110,200601
60,21,200601
60,102,200601
60,10,200601
60,28,200601
60,29,200601
60,16,200601
60,40,200601
60,80,200601
60,129,200601
60,72,200601
60,79,200601
60,126,200601
60,32,200601
60,5,200601
60,12,200601
60,34,200601
60,146,200601
60,55,200601
60,52,200601
60,51,200601
60,142,200601
60,182,200601
60,237,200601
60,65,200601
60,58,200601
60,101,200601
60,157,200601
60,76,200601
60,57,200601
60,124,200601
60,75,200601
60,141,200601
60,9,200601
60,0,200601
60,163,200601
60,38,200601
60,197,200601
60,269,200601
60,27,200601
60,85,200601
60,860,200601
60,2,200601
60,137,200601
60,156,200601
60,81,200601
60,117,200601
60,96,200601
60,135,200601
60,178,200601
60,139,200601
60,136,200601
60,92,200601
60,180,200601
60,119,200601
60,155,200601
60,59,200601
61,407,200601
61,143,200601
61,144,200601
61,111,200601
61,160,200601
61,415,200601
61,433,200601
61,43,200601
61,211,200601
61,60,200601
61,1,200601
61,88,200601
61,32,200601
61,77,200601
61,29,200601
61,108,200601
61,35,200601
61,346,200601
61,18,200601
61,10,200601
61,266,200601
61,146,200601
61,136,200601
62,434,200601
62,50,200601
62,46,200601
62,23,200601
62,97,200601
62,35,200601
62,27,200601
62,14,200601
62,165,200601
62,28,200601
62,138,200601
62,17,200601
62,1,200601
62,6,200601
62,19,200601
62,204,200601
62,136,200601
62,137,200601
62,18,200601
62,160,200601
62,60,200601
62,66,200601
62,20,200601
62,397,200601
62,31,200601
62,51,200601
62,13,200601
62,143,200601
62,4,200601
62,64,200601
62,124,200601
62,32,200601
62,16,200601
62,29,200601
62,146,200601
63,730,200601
63,393,200601
63,146,200601
63,60,200601
63,269,200601
63,55,200601
63,78,200601
63,80,200601
63,62,200601
63,178,200601
63,46,200601
63,19,200601
63,40,200601
63,25,200601
63,16,200601
63,99,200601
63,29,200601
63,64,200601
63,32,200601
63,97,200601
64,433,200601
64,20,200601
64,40,200601
64,120,200601
64,77,200601
64,176,200601
64,143,200601
64,13,200601
64,132,200601
64,160,200601
64,99,200601
64,35,200601
64,19,200601
64,98,200601
64,0,200601
64,29,200601
64,172,200601
64,336,200601
64,6,200601
64,100,200601
64,97,200601
64,47,200601
64,164,200601
64,181,200601
64,81,200601
64,165,200601
64,25,200601
64,154,200601
64,1065,200601
64,265,200601
64,17,200601
64,11,200601
64,110,200601
64,183,200601
64,131,200601
64,105,200601
64,66,200601
64,243,200601
64,146,200601
64,51,200601
64,102,200601
64,118,200601
64,739,200601
64,80,200601
64,9,200601
64,193,200601
64,32,200601
64,171,200601
64,46,200601
64,83,200601
64,52,200601
64,136,200601
64,18,200601
64,48,200601
64,60,200601
64,53,200601
64,106,200601
64,1,200601
64,355,200601
64,21,200601
64,703,200601
64,59,200601
64,247,200601
64,858,200601
64,108,200601
64,89,200601
64,140,200601
64,27,200601
64,38,200601
64,449,200601
64,730,200601
64,22,200601
64,180,200601
64,129,200601
64,126,200601
64,142,200601
64,2,200601
64,208,200601
64,4,200601
64,332,200601
64,135,200601
64,101,200601
64,10,200601
64,16,200601
64,320,200601
64,79,200601
64,63,200601
64,24,200601
64,155,200601
64,192,200601
64,76,200601
64,117,200601
64,205,200601
64,85,200601
64,137,200601
64,112,200601
64,26,200601
64,5,200601
64,78,200601
64,28,200601
64,31,200601
64,57,200601
64,55,200601
64,45,200601
64,39,200601
64,134,200601
64,121,200601
65,282,200601
65,15,200601
65,137,200601
65,188,200601
65,419,200601
65,318,200601
65,19,200601
65,134,200601
65,64,200601
65,73,200601
65,141,200601
65,510,200601
65,167,200601
65,534,200601
65,900,200601
65,18,200601
65,99,200601
65,16,200601
65,6,200601
65,26,200601
65,32,200601
65,146,200601
65,97,200601
65,60,200601
65,46,200601
65,160,200601
65,29,200601
65,25,200601
66,160,200601
66,433,200601
66,62,200601
66,131,200601
66,6,200601
66,208,200601
66,77,200601
66,101,200601
66,79,200601
66,80,200601
66,146,200601
66,237,200601
66,19,200601
66,320,200601
66,143,200601
66,29,200601
66,64,200601
66,126,200601
66,722,200601
66,40,200601
66,969,200601
66,346,200601
66,16,200601
66,266,200601
66,18,200601
66,32,200601
66,97,200601
66,10,200601
67,111,200601
67,147,200601
67,136,200601
68,67,200601
68,147,200601
68,30,200601
68,136,200601
69,301,200601
69,177,200601
69,317,200601
69,433,200601
69,247,200601
69,311,200601
69,895,200601
69,806,200601
69,49,200601
69,50,200601
69,137,200601
69,116,200601
69,132,200601
69,764,200601
69,160,200601
69,30,200601
69,807,200601
69,3,200601
69,51,200601
69,86,200601
69,117,200601
69,16,200601
69,9,200601
69,54,200601
69,133,200601
69,72,200601
69,96,200601
69,27,200601
69,77,200601
69,88,200601
69,181,200601
69,1169,200601
69,84,200601
69,22,200601
69,346,200601
69,223,200601
69,20,200601
69,97,200601
69,23,200601
69,110,200601
69,10,200601
69,21,200601
69,112,200601
69,1,200601
69,136,200601
69,28,200601
69,11,200601
69,107,200601
69,183,200601
69,4,200601
69,17,200601
69,5,200601
69,29,200601
69,18,200601
70,1,200601
70,164,200601
70,160,200601
70,53,200601
70,150,200601
70,28,200601
70,223,200601
70,21,200601
70,18,200601
70,248,200601
70,136,200601
70,11,200601
71,27,200601
71,136,200601
71,4,200601
71,32,200601
71,26,200601
71,20,200601
71,19,200601
71,146,200601
71,35,200601
71,6,200601
71,17,200601
71,18,200601
71,25,200601
71,97,200601
71,29,200601
71,137,200601
72,160,200601
72,143,200601
72,104,200601
72,112,200601
72,4,200601
72,433,200601
72,552,200601
72,2,200601
72,9,200601
72,124,200601
72,17,200601
72,36,200601
72,422,200601
72,59,200601
72,184,200601
72,332,200601
72,16,200601
72,47,200601
72,120,200601
72,21,200601
72,74,200601
72,19,200601
72,64,200601
72,142,200601
72,108,200601
72,28,200601
72,40,200601
72,83,200601
72,85,200601
72,133,200601
72,93,200601
72,115,200601
72,129,200601
72,5,200601
72,107,200601
72,77,200601
72,26,200601
72,14,200601
72,146,200601
72,6,200601
72,154,200601
72,60,200601
72,135,200601
72,10,200601
72,32,200601
72,18,200601
72,97,200601
72,29,200601
72,136,200601
72,11,200601
72,27,200601
72,25,200601
72,137,200601
72,92,200601
72,1,200601
72,274,200601
73,769,200601
73,100,200601
73,157,200601
73,143,200601
73,72,200601
73,16,200601
73,530,200601
73,31,200601
73,900,200601
73,39,200601
73,544,200601
73,510,200601
73,101,200601
73,543,200601
73,108,200601
73,46,200601
73,35,200601
73,160,200601
73,97,200601
74,34,200601
74,104,200601
74,125,200601
74,45,200601
74,11,200601
74,35,200601
74,36,200601
74,61,200601
74,19,200601
74,107,200601
74,25,200601
74,143,200601
74,276,200601
74,94,200601
74,18,200601
74,38,200601
74,27,200601
74,1169,200601
74,346,200601
74,97,200601
74,137,200601
74,32,200601
74,54,200601
74,29,200601
74,146,200601
74,10,200601
75,94,200601
75,101,200601
75,342,200601
75,58,200601
75,46,200601
75,18,200601
75,78,200601
75,137,200601
75,48,200601
75,19,200601
75,10,200601
75,60,200601
75,29,200601
75,139,200601
75,97,200601
75,13,200601
75,108,200601
75,32,200601
75,136,200601
75,146,200601
75,26,200601
76,1,200601
76,137,200601
76,38,200601
76,194,200601
76,278,200601
76,83,200601
76,160,200601
76,118,200601
76,143,200601
76,97,200601
76,46,200601
76,77,200601
76,29,200601
76,813,200601
76,433,200601
76,140,200601
76,79,200601
76,157,200601
76,114,200601
76,176,200601
76,211,200601
76,206,200601
76,12,200601
76,40,200601
76,32,200601
76,250,200601
76,309,200601
76,25,200601
76,208,200601
76,18,200601
76,27,200601
76,195,200601
76,163,200601
76,55,200601
76,120,200601
76,78,200601
76,181,200601
76,102,200601
76,14,200601
76,154,200601
76,180,200601
76,41,200601
76,24,200601
76,59,200601
76,99,200601
76,178,200601
76,19,200601
76,48,200601
76,13,200601
76,35,200601
76,60,200601
76,64,200601
76,6,200601
76,26,200601
76,146,200601
77,46,200601
77,19,200601
77,25,200601
77,12,200601
77,97,200601
77,43,200601
77,57,200601
77,6,200601
77,40,200601
77,197,200601
77,52,200601
77,78,200601
77,32,200601
77,65,200601
77,134,200601
77,143,200601
77,281,200601
77,35,200601
77,362,200601
77,14,200601
77,181,200601
77,194,200601
77,64,200601
77,17,200601
77,1,200601
77,16,200601
77,137,200601
77,112,200601
77,5,200601
77,23,200601
77,110,200601
77,60,200601
77,51,200601
77,136,200601
77,13,200601
77,176,200601
77,39,200601
77,76,200601
77,142,200601
77,38,200601
77,59,200601
77,29,200601
77,160,200601
77,27,200601
77,66,200601
77,83,200601
77,154,200601
77,54,200601
77,15,200601
77,120,200601
77,79,200601
77,18,200601
77,155,200601
77,101,200601
77,320,200601
77,28,200601
77,53,200601
77,161,200601
77,36,200601
77,206,200601
77,233,200601
77,237,200601
77,21,200601
77,129,200601
77,117,200601
77,342,200601
77,69,200601
77,80,200601
77,104,200601
77,99,200601
77,107,200601
77,860,200601
77,132,200601
77,71,200601
77,170,200601
77,111,200601
77,45,200601
77,22,200601
77,102,200601
77,113,200601
77,135,200601
77,89,200601
77,119,200601
77,100,200601
77,172,200601
77,96,200601
77,10,200601
77,0,200601
77,26,200601
77,139,200601
77,146,200601
77,48,200601
77,94,200601
77,108,200601
77,11,200601
78,100,200601
78,286,200601
78,85,200601
78,224,200601
78,39,200601
78,433,200601
78,860,200601
78,116,200601
78,79,200601
78,157,200601
78,77,200601
78,76,200601
78,59,200601
78,32,200601
78,62,200601
78,26,200601
78,96,200601
78,25,200601
78,19,200601
78,29,200601
78,46,200601
78,97,200601
78,146,200601
78,6,200601
78,137,200601
78,64,200601
79,155,200601
79,182,200601
79,77,200601
79,192,200601
79,131,200601
79,160,200601
79,6,200601
79,26,200601
79,13,200601
79,433,200601
79,449,200601
79,208,200601
79,154,200601
79,101,200601
79,544,200601
79,62,200601
79,1,200601
79,0,200601
79,46,200601
79,32,200601
79,60,200601
79,48,200601
79,19,200601
79,146,200601
79,97,200601
79,40,200601
79,375,200601
79,16,200601
79,64,200601
79,266,200601
79,29,200601
80,98,200601
80,76,200601
80,143,200601
80,41,200601
80,512,200601
80,433,200601
80,160,200601
80,326,200601
80,77,200601
80,9,200601
80,13,200601
80,813,200601
80,860,200601
80,12,200601
80,65,200601
80,140,200601
80,14,200601
80,52,200601
80,24,200601
80,146,200601
80,59,200601
80,137,200601
80,182,200601
80,112,200601
80,113,200601
80,22,200601
80,28,200601
80,18,200601
80,108,200601
80,102,200601
80,48,200601
80,19,200601
80,16,200601
80,23,200601
80,17,200601
80,27,200601
80,32,200601
80,100,200601
80,6,200601
80,60,200601
80,154,200601
80,136,200601
80,46,200601
80,25,200601
80,26,200601
80,1,200601
80,10,200601
80,29,200601
80,92,200601
80,31,200601
80,97,200601
80,135,200601
81,1052,200601
81,17,200601
81,108,200601
81,35,200601
81,269,200601
81,85,200601
81,739,200601
81,40,200601
81,59,200601
81,29,200601
81,287,200601
81,45,200601
81,126,200601
81,114,200601
81,180,200601
81,74,200601
81,341,200601
81,133,200601
81,77,200601
81,332,200601
81,182,200601
81,98,200601
81,97,200601
81,183,200601
81,156,200601
81,64,200601
81,110,200601
81,224,200601
81,142,200601
81,43,200601
81,112,200601
81,51,200601
81,69,200601
81,137,200601
81,102,200601
81,188,200601
81,99,200601
81,193,200601
81,131,200601
81,205,200601
81,304,200601
81,15,200601
81,262,200601
81,113,200601
81,79,200601
81,57,200601
81,18,200601
81,32,200601
81,380,200601
81,181,200601
81,135,200601
81,31,200601
81,124,200601
81,96,200601
81,5,200601
81,46,200601
81,100,200601
81,27,200601
81,178,200601
81,2,200601
81,208,200601
81,26,200601
81,107,200601
81,19,200601
81,36,200601
81,28,200601
81,52,200601
81,48,200601
81,92,200601
81,13,200601
81,136,200601
81,54,200601
81,160,200601
81,154,200601
81,6,200601
81,16,200601
81,25,200601
81,139,200601
81,1,200601
81,11,200601
81,60,200601
81,146,200601
81,10,200601
81,14,200601
82,165,200601
82,120,200601
82,6,200601
82,40,200601
82,100,200601
82,97,200601
83,35,200601
83,183,200601
83,52,200601
83,143,200601
83,433,200601
83,160,200601
83,175,200601
83,24,200601
83,77,200601
83,19,200601
83,48,200601
83,120,200601
83,192,200601
83,36,200601
83,118,200601
83,182,200601
83,6,200601
83,326,200601
83,40,200601
83,46,200601
83,101,200601
83,78,200601
83,76,200601
83,544,200601
83,249,200601
83,86,200601
83,31,200601
83,265,200601
83,26,200601
83,197,200601
83,38,200601
83,54,200601
83,29,200601
83,154,200601
83,180,200601
83,170,200601
83,16,200601
83,102,200601
83,114,200601
83,133,200601
83,99,200601
83,769,200601
83,739,200601
83,163,200601
83,97,200601
83,25,200601
83,57,200601
83,41,200601
83,149,200601
83,140,200601
83,28,200601
83,463,200601
83,155,200601
83,137,200601
83,32,200601
83,117,200601
83,380,200601
83,13,200601
83,64,200601
83,5,200601
83,278,200601
83,126,200601
83,100,200601
83,9,200601
83,96,200601
83,288,200601
83,21,200601
83,112,200601
83,113,200601
83,10,200601
83,17,200601
83,23,200601
83,165,200601
83,136,200601
83,45,200601
83,178,200601
83,85,200601
83,60,200601
83,92,200601
83,27,200601
83,146,200601
83,59,200601
83,108,200601
83,1,200601
83,11,200601
83,18,200601
83,135,200601
83,14,200601
84,753,200601
84,183,200601
84,107,200601
84,69,200601
84,30,200601
84,86,200601
84,164,200601
84,53,200601
84,223,200601
84,160,200601
84,96,200601
84,163,200601
84,88,200601
84,248,200601
84,18,200601
84,4,200601
84,136,200601
84,11,200601
85,143,200601
85,29,200601
85,160,200601
85,93,200601
85,483,200601
85,163,200601
85,81,200601
85,11,200601
85,25,200601
85,740,200601
85,552,200601
85,433,200601
85,17,200601
85,69,200601
85,371,200601
85,223,200601
85,1,200601
85,30,200601
85,14,200601
85,22,200601
85,155,200601
85,48,200601
85,102,200601
85,150,200601
85,10,200601
85,27,200601
85,34,200601
85,132,200601
85,314,200601
85,9,200601
85,55,200601
85,18,200601
85,51,200601
85,16,200601
85,100,200601
85,13,200601
85,21,200601
85,19,200601
85,96,200601
85,136,200601
85,52,200601
85,133,200601
85,20,200601
85,36,200601
85,53,200601
85,23,200601
85,26,200601
85,28,200601
85,92,200601
85,4,200601
85,99,200601
85,157,200601
85,116,200601
85,83,200601
85,5,200601
85,112,200601
85,72,200601
85,32,200601
85,97,200601
85,146,200601
85,135,200601
85,60,200601
85,59,200601
85,149,200601
85,108,200601
85,154,200601
85,115,200601
85,64,200601
85,31,200601
85,6,200601
85,165,200601
85,274,200601
85,137,200601
86,113,200601
86,30,200601
86,84,200601
86,135,200601
86,154,200601
86,4,200601
86,53,200601
86,238,200601
86,35,200601
86,99,200601
86,18,200601
86,183,200601
86,97,200601
86,11,200601
86,136,200601
87,2,200601
87,291,200601
87,89,200601
87,203,200601
87,25,200601
88,214,200601
88,5,200601
88,84,200601
88,70,200601
88,164,200601
88,64,200601
88,69,200601
88,86,200601
88,223,200601
88,183,200601
88,30,200601
88,18,200601
88,4,200601
88,11,200601
89,243,200601
89,7,200601
89,29,200601
89,323,200601
89,770,200601
89,8,200601
89,778,200601
89,5,200601
89,87,200601
89,212,200601
89,121,200601
89,137,200601
89,17,200601
89,90,200601
89,23,200601
89,99,200601
89,1103,200601
89,1408,200601
89,77,200601
89,828,200601
89,136,200601
89,10,200601
89,110,200601
89,135,200601
89,20,200601
89,113,200601
89,1,200601
89,51,200601
89,6,200601
89,146,200601
89,112,200601
89,21,200601
89,28,200601
89,11,200601
89,18,200601
89,4,200601
89,25,200601
89,97,200601
90,89,200601
90,17,200601
90,8,200601
90,828,200601
90,7,200601
92,21,200601
92,46,200601
92,35,200601
92,160,200601
92,9,200601
92,136,200601
92,2,200601
92,17,200601
92,155,200601
92,180,200601
92,1169,200601
92,112,200601
92,51,200601
92,143,200601
92,85,200601
92,12,200601
92,133,200601
92,154,200601
92,6,200601
92,77,200601
92,26,200601
92,119,200601
92,23,200601
92,18,200601
92,142,200601
92,52,200601
92,4,200601
92,16,200601
92,132,200601
92,102,200601
92,97,200601
92,32,200601
92,83,200601
92,11,200601
92,116,200601
92,108,200601
92,19,200601
92,115,200601
92,28,200601
92,124,200601
92,100,200601
92,96,200601
92,48,200601
92,27,200601
92,80,200601
92,5,200601
92,149,200601
92,165,200601
92,72,200601
92,157,200601
92,47,200601
92,60,200601
92,14,200601
92,31,200601
92,137,200601
92,1,200601
92,93,200601
92,135,200601
92,10,200601
92,0,200601
92,274,200601
93,904,200601
93,118,200601
93,188,200601
93,341,200601
93,160,200601
93,2,200601
93,154,200601
93,31,200601
93,85,200601
93,80,200601
93,433,200601
93,39,200601
93,143,200601
93,116,200601
93,149,200601
93,72,200601
93,115,200601
93,18,200601
93,274,200601
93,25,200601
93,92,200601
94,237,200601
94,24,200601
94,76,200601
94,180,200601
94,81,200601
94,26,200601
94,48,200601
94,117,200601
94,13,200601
94,6,200601
94,16,200601
94,108,200601
94,25,200601
94,154,200601
94,46,200601
94,77,200601
94,14,200601
94,32,200601
94,146,200601
94,135,200601
94,97,200601
95,703,200601
95,160,200601
95,374,200601
95,146,200601
95,46,200601
96,143,200601
96,433,200601
96,299,200601
96,53,200601
96,47,200601
96,72,200601
96,2,200601
96,581,200601
96,130,200601
96,314,200601
96,113,200601
96,777,200601
96,59,200601
96,29,200601
96,1,200601
96,85,200601
96,183,200601
96,10,200601
96,23,200601
96,914,200601
96,136,200601
96,160,200601
96,17,200601
96,77,200601
96,25,200601
96,51,200601
96,116,200601
96,120,200601
96,46,200601
96,112,200601
96,16,200601
96,99,200601
96,12,200601
96,165,200601
96,34,200601
96,133,200601
96,38,200601
96,93,200601
96,107,200601
96,32,200601
96,18,200601
96,20,200601
96,19,200601
96,0,200601
96,756,200601
96,155,200601
96,1269,200601
96,124,200601
96,757,200601
96,21,200601
96,13,200601
96,801,200601
96,31,200601
96,26,200601
96,100,200601
96,204,200601
96,154,200601
96,115,200601
96,149,200601
96,11,200601
96,4,200601
96,27,200601
96,108,200601
96,92,200601
96,5,200601
96,22,200601
96,146,200601
96,14,200601
96,60,200601
96,135,200601
96,28,200601
96,97,200601
96,274,200601
96,137,200601
97,76,200601
97,24,200601
97,160,200601
97,14,200601
97,45,200601
97,433,200601
97,46,200601
97,85,200601
97,29,200601
97,62,200601
97,39,200601
97,19,200601
97,60,200601
97,54,200601
97,6,200601
97,552,200601
97,138,200601
97,175,200601
97,167,200601
97,137,200601
97,0,200601
97,48,200601
97,371,200601
97,813,200601
97,675,200601
97,35,200601
97,77,200601
97,110,200601
97,25,200601
97,31,200601
97,143,200601
97,36,200601
97,242,200601
97,182,200601
97,17,200601
97,64,200601
97,123,200601
97,114,200601
97,96,200601
97,27,200601
97,18,200601
97,134,200601
97,69,200601
97,113,200601
97,28,200601
97,79,200601
97,180,200601
97,80,200601
97,55,200601
97,20,200601
97,102,200601
97,124,200601
97,16,200601
97,274,200601
97,307,200601
97,722,200601
97,135,200601
97,739,200601
97,40,200601
97,5,200601
97,1088,200601
97,13,200601
97,108,200601
97,120,200601
97,51,200601
97,1,200601
97,83,200601
97,10,200601
97,178,200601
97,32,200601
97,227,200601
97,9,200601
97,165,200601
97,141,200601
97,146,200601
97,22,200601
97,112,200601
97,63,200601
97,250,200601
97,11,200601
97,183,200601
97,241,200601
97,428,200601
97,173,200601
97,8,200601
97,86,200601
97,169,200601
97,101,200601
97,153,200601
97,74,200601
97,171,200601
97,99,200601
97,65,200601
97,510,200601
97,543,200601
97,72,200601
97,2,200601
97,544,200601
97,41,200601
97,398,200601
97,154,200601
97,92,200601
97,59,200601
97,133,200601
97,106,200601
97,119,200601
97,26,200601
97,458,200601
97,208,200601
97,288,200601
97,47,200601
97,66,200601
97,78,200601
97,540,200601
97,170,200601
97,104,200601
97,82,200601
97,57,200601
97,131,200601
97,75,200601
97,797,200601
97,1052,200601
97,142,200601
97,43,200601
97,269,200601
97,393,200601
97,38,200601
97,126,200601
97,455,200601
97,341,200601
97,192,200601
97,347,200601
97,159,200601
97,136,200601
97,157,200601
97,156,200601
97,213,200601
97,216,200601
97,452,200601
97,132,200601
97,71,200601
97,163,200601
97,118,200601
97,152,200601
97,198,200601
97,197,200601
97,435,200601
97,7,200601
97,107,200601
97,58,200601
97,34,200601
97,140,200601
97,342,200601
97,117,200601
97,224,200601
97,172,200601
97,98,200601
97,278,200601
97,181,200601
97,188,200601
97,355,200601
97,53,200601
97,176,200601
97,237,200601
97,769,200601
97,12,200601
97,320,200601
97,158,200601
97,860,200601
97,94,200601
97,73,200601
97,155,200601
97,249,200601
97,21,200601
97,139,200601
97,100,200601
97,89,200601
97,23,200601
97,81,200601
97,129,200601
97,4,200601
97,52,200601
98,32,200601
98,27,200601
98,160,200601
98,341,200601
98,118,200601
98,137,200601
98,25,200601
98,157,200601
98,115,200601
98,23,200601
98,93,200601
98,143,200601
98,336,200601
98,154,200601
98,355,200601
98,47,200601
98,29,200601
98,54,200601
98,83,200601
98,544,200601
98,39,200601
98,900,200601
98,101,200601
98,530,200601
98,18,200601
98,136,200601
98,26,200601
98,6,200601
98,146,200601
98,99,200601
98,60,200601
98,97,200601
99,20,200601
99,0,200601
99,60,200601
99,136,200601
99,89,200601
99,154,200601
99,137,200601
99,76,200601
99,114,200601
99,799,200601
99,21,200601
99,35,200601
99,118,200601
99,28,200601
99,29,200601
99,77,200601
99,17,200601
99,41,200601
99,83,200601
99,69,200601
99,18,200601
99,46,200601
99,59,200601
99,242,200601
99,180,200601
99,182,200601
99,25,200601
99,45,200601
99,102,200601
99,38,200601
99,11,200601
99,744,200601
99,769,200601
99,52,200601
99,124,200601
99,113,200601
99,181,200601
99,170,200601
99,4,200601
99,126,200601
99,40,200601
99,31,200601
99,142,200601
99,66,200601
99,183,200601
99,24,200601
99,39,200601
99,55,200601
99,122,200601
99,71,200601
99,117,200601
99,57,200601
99,19,200601
99,265,200601
99,341,200601
99,1,200601
99,196,200601
99,157,200601
99,129,200601
99,51,200601
99,108,200601
99,26,200601
99,58,200601
99,156,200601
99,155,200601
99,54,200601
99,10,200601
99,101,200601
99,110,200601
99,208,200601
99,85,200601
99,224,200601
99,134,200601
99,65,200601
99,131,200601
99,143,200601
99,32,200601
99,98,200601
99,27,200601
99,132,200601
99,106,200601
99,63,200601
99,146,200601
99,81,200601
99,97,200601
99,6,200601
99,139,200601
99,12,200601
99,13,200601
99,16,200601
99,100,200601
99,48,200601
99,160,200601
99,135,200601
99,36,200601
100,60,200601
100,143,200601
100,35,200601
100,129,200601
100,433,200601
100,249,200601
100,101,200601
100,57,200601
100,98,200601
100,39,200601
100,0,200601
100,10,200601
100,769,200601
100,97,200601
100,160,200601
100,73,200601
100,18,200601
100,154,200601
100,124,200601
100,29,200601
100,813,200601
100,64,200601
100,81,200601
100,135,200601
100,274,200601
100,40,200601
100,6,200601
100,83,200601
100,136,200601
100,30,200601
100,119,200601
100,45,200601
100,113,200601
100,38,200601
100,266,200601
100,76,200601
100,19,200601
100,77,200601
100,142,200601
100,32,200601
100,178,200601
100,31,200601
100,13,200601
100,16,200601
100,146,200601
100,46,200601
100,155,200601
100,102,200601
100,26,200601
100,52,200601
100,1,200601
100,108,200601
100,80,200601
100,59,200601
100,92,200601
100,48,200601
100,25,200601
100,99,200601
100,14,200601
100,137,200601
101,433,200601
101,143,200601
101,160,200601
101,335,200601
101,126,200601
101,58,200601
101,124,200601
101,93,200601
101,375,200601
101,77,200601
101,327,200601
101,34,200601
101,85,200601
101,79,200601
101,332,200601
101,134,200601
101,208,200601
101,287,200601
101,156,200601
101,132,200601
101,66,200601
101,46,200601
101,104,200601
101,59,200601
101,900,200601
101,83,200601
101,97,200601
101,73,200601
101,98,200601
101,26,200601
101,39,200601
101,510,200601
101,178,200601
101,99,200601
101,19,200601
101,29,200601
101,16,200601
101,6,200601
101,60,200601
101,18,200601
101,64,200601
101,108,200601
101,25,200601
101,32,200601
101,137,200601
101,146,200601
102,1,200601
102,79,200601
102,297,200601
102,24,200601
102,40,200601
102,160,200601
102,181,200601
102,19,200601
102,52,200601
102,6,200601
102,433,200601
102,62,200601
102,155,200601
102,176,200601
102,349,200601
102,46,200601
102,27,200601
102,32,200601
102,131,200601
102,126,200601
102,0,200601
102,99,200601
102,4,200601
102,51,200601
102,31,200601
102,29,200601
102,108,200601
102,122,200601
102,17,200601
102,83,200601
102,36,200601
102,129,200601
102,137,200601
102,58,200601
102,362,200601
102,54,200601
102,11,200601
102,97,200601
102,96,200601
102,156,200601
102,10,200601
102,154,200601
102,26,200601
102,172,200601
102,136,200601
102,100,200601
102,112,200601
102,143,200601
102,320,200601
102,107,200601
102,81,200601
102,35,200601
102,139,200601
102,20,200601
102,5,200601
102,48,200601
102,80,200601
102,92,200601
102,18,200601
102,2,200601
102,178,200601
102,60,200601
102,146,200601
102,28,200601
102,16,200601
102,64,200601
102,135,200601
102,14,200601
103,24,200601
103,336,200601
104,143,200601
104,160,200601
104,22,200601
104,34,200601
104,433,200601
104,40,200601
104,25,200601
104,14,200601
104,45,200601
104,19,200601
104,346,200601
104,29,200601
104,136,200601
104,154,200601
104,32,200601
104,18,200601
104,266,200601
104,146,200601
104,97,200601
104,10,200601
104,137,200601
105,11,200601
105,787,200601
105,228,200601
105,64,200601
105,5,200601
105,27,200601
105,28,200601
105,1,200601
105,10,200601
105,18,200601
105,183,200601
106,60,200601
106,180,200601
106,16,200601
106,29,200601
106,53,200601
106,146,200601
106,99,200601
106,59,200601
106,97,200601
107,143,200601
107,501,200601
107,914,200601
107,248,200601
107,5,200601
107,35,200601
107,160,200601
107,25,200601
107,74,200601
107,83,200601
107,96,200601
107,77,200601
107,102,200601
107,4,200601
107,154,200601
107,28,200601
107,32,200601
107,22,200601
107,85,200601
107,135,200601
107,11,200601
107,12,200601
107,136,200601
107,14,200601
107,137,200601
107,27,200601
107,116,200601
107,133,200601
107,72,200601
107,6,200601
107,132,200601
107,189,200601
107,261,200601
107,165,200601
107,34,200601
107,23,200601
107,48,200601
107,52,200601
107,113,200601
107,7,200601
107,17,200601
107,2,200601
107,92,200601
107,18,200601
107,1,200601
107,69,200601
107,10,200601
107,20,200601
107,183,200601
107,29,200601
107,97,200601
107,51,200601
107,112,200601
108,14,200601
108,160,200601
108,77,200601
108,6,200601
108,433,200601
108,120,200601
108,36,200601
108,176,200601
108,60,200601
108,35,200601
108,29,200601
108,139,200601
108,92,200601
108,86,200601
108,23,200601
108,9,200601
108,21,200601
108,51,200601
108,249,200601
108,136,200601
108,183,200601
108,135,200601
108,27,200601
108,1,200601
108,133,200601
108,126,200601
108,5,200601
108,99,200601
108,117,200601
108,48,200601
108,463,200601
108,112,200601
108,28,200601
108,19,200601
108,107,200601
108,208,200601
108,78,200601
108,26,200601
108,89,200601
108,64,200601
108,11,200601
108,52,200601
108,31,200601
108,13,200601
108,146,200601
108,10,200601
108,15,200601
108,2,200601
108,69,200601
108,25,200601
108,83,200601
108,132,200601
108,73,200601
108,4,200601
108,32,200601
108,142,200601
108,17,200601
108,94,200601
108,20,200601
108,24,200601
108,165,200601
108,12,200601
108,57,200601
108,16,200601
108,355,200601
108,769,200601
108,41,200601
108,156,200601
108,101,200601
108,197,200601
108,80,200601
108,38,200601
108,100,200601
108,181,200601
108,180,200601
108,85,200601
108,40,200601
108,96,200601
108,81,200601
108,75,200601
108,178,200601
108,18,200601
108,154,200601
108,143,200601
108,0,200601
108,54,200601
108,129,200601
108,119,200601
108,155,200601
108,102,200601
108,59,200601
108,97,200601
108,46,200601
108,137,200601
109,306,200601
109,655,200601
109,127,200601
109,4,200601
109,427,200601
109,110,200601
109,913,200601
109,677,200601
109,128,200601
109,864,200601
109,629,200601
109,759,200601
109,593,200601
109,729,200601
109,840,200601
109,723,200601
109,592,200601
109,676,200601
109,628,200601
109,724,200601
109,305,200601
109,633,200601
110,127,200601
110,808,200601
110,109,200601
110,232,200601
110,641,200601
110,786,200601
110,525,200601
110,5,200601
110,257,200601
110,465,200601
110,704,200601
110,236,200601
110,231,200601
110,51,200601
110,128,200601
110,651,200601
110,185,200601
110,306,200601
110,59,200601
110,225,200601
110,474,200601
110,29,200601
110,200,200601
110,664,200601
110,226,200601
110,560,200601
110,4,200601
110,77,200601
110,914,200601
110,841,200601
110,305,200601
110,599,200601
110,694,200601
110,143,200601
110,698,200601
110,552,200601
110,160,200601
110,477,200601
110,229,200601
110,23,200601
110,1112,200601
110,252,200601
110,600,200601
110,947,200601
110,196,200601
110,424,200601
110,818,200601
110,427,200601
110,235,200601
110,830,200601
110,425,200601
110,230,200601
110,433,200601
110,351,200601
110,138,200601
110,255,200601
110,17,200601
110,20,200601
110,958,200601
110,556,200601
110,186,200601
110,684,200601
110,627,200601
110,6,200601
110,352,200601
110,473,200601
110,190,200601
110,97,200601
110,558,200601
110,602,200601
110,633,200601
110,290,200601
110,281,200601
110,201,200601
110,28,200601
110,139,200601
110,471,200601
110,997,200601
110,665,200601
110,650,200601
110,54,200601
110,604,200601
110,64,200601
110,247,200601
110,26,200601
110,630,200601
110,83,200601
110,0,200601
110,191,200601
110,526,200601
110,13,200601
110,1134,200601
110,113,200601
110,99,200601
110,136,200601
110,1,200601
110,137,200601
110,10,200601
110,886,200601
110,25,200601
110,7,200601
110,89,200601
110,11,200601
110,18,200601
111,147,200601
111,61,200601
111,20,200601
111,85,200601
111,142,200601
111,97,200601
111,154,200601
111,77,200601
111,10,200601
111,346,200601
111,107,200601
111,18,200601
111,136,200601
111,11,200601
112,136,200601
112,20,200601
112,6,200601
112,138,200601
112,143,200601
112,175,200601
112,433,200601
112,552,200601
112,160,200601
112,27,200601
112,2,200601
112,28,200601
112,227,200601
112,113,200601
112,165,200601
112,149,200601
112,83,200601
112,268,200601
112,17,200601
112,25,200601
112,19,200601
112,59,200601
112,9,200601
112,72,200601
112,154,200601
112,52,200601
112,1,200601
112,102,200601
112,125,200601
112,53,200601
112,97,200601
112,18,200601
112,0,200601
112,96,200601
112,108,200601
112,137,200601
112,48,200601
112,32,200601
112,12,200601
112,60,200601
112,31,200601
112,69,200601
112,92,200601
112,13,200601
112,183,200601
112,14,200601
112,22,200601
112,11,200601
112,189,200601
112,10,200601
112,51,200601
112,135,200601
112,64,200601
112,4,200601
112,89,200601
112,29,200601
112,85,200601
112,107,200601
112,23,200601
112,133,200601
113,112,200601
113,19,200601
113,142,200601
113,17,200601
113,143,200601
113,160,200601
113,29,200601
113,102,200601
113,4,200601
113,32,200601
113,74,200601
113,83,200601
113,165,200601
113,99,200601
113,16,200601
113,97,200601
113,38,200601
113,139,200601
113,48,200601
113,77,200601
113,6,200601
113,155,200601
113,137,200601
113,35,200601
113,129,200601
113,52,200601
113,51,200601
113,197,200601
113,131,200601
113,22,200601
113,12,200601
113,119,200601
113,81,200601
113,26,200601
113,25,200601
113,60,200601
113,183,200601
113,96,200601
113,14,200601
113,110,200601
113,13,200601
113,31,200601
113,135,200601
113,10,200601
113,107,200601
113,146,200601
113,154,200601
113,11,200601
113,1,200601
113,7,200601
113,20,200601
113,8,200601
113,89,200601
113,136,200601
113,18,200601
113,5,200601
113,21,200601
114,134,200601
114,59,200601
114,13,200601
114,102,200601
114,132,200601
114,81,200601
114,160,200601
114,198,200601
114,143,200601
114,97,200601
114,99,200601
114,960,200601
114,241,200601
114,457,200601
114,752,200601
114,341,200601
114,322,200601
114,54,200601
114,6,200601
114,26,200601
114,146,200601
114,32,200601
114,19,200601
115,220,200601
115,204,200601
115,72,200601
115,85,200601
115,552,200601
115,149,200601
115,135,200601
115,160,200601
115,433,200601
115,188,200601
115,339,200601
115,16,200601
115,31,200601
115,27,200601
115,154,200601
115,112,200601
115,752,200601
115,51,200601
115,93,200601
115,47,200601
115,346,200601
115,28,200601
115,4,200601
115,96,200601
115,165,200601
115,2,200601
115,1,200601
115,92,200601
115,10,200601
115,25,200601
115,137,200601
115,274,200601
116,124,200601
116,85,200601
116,341,200601
116,70,200601
116,100,200601
116,21,200601
116,152,200601
116,58,200601
116,274,200601
116,156,200601
116,757,200601
116,96,200601
116,47,200601
116,107,200601
116,9,200601
116,93,200601
116,28,200601
116,17,200601
116,5,200601
116,248,200601
116,136,200601
116,1,200601
116,92,200601
116,10,200601
116,25,200601
116,137,200601
117,142,200601
117,6,200601
117,94,200601
117,206,200601
117,433,200601
117,175,200601
117,24,200601
117,32,200601
117,19,200601
117,13,200601
117,126,200601
117,160,200601
117,29,200601
117,181,200601
117,80,200601
117,97,200601
117,14,200601
117,154,200601
117,111,200601
117,140,200601
117,12,200601
117,81,200601
117,99,200601
117,45,200601
117,25,200601
117,78,200601
117,83,200601
117,131,200601
117,40,200601
117,137,200601
117,60,200601
117,26,200601
117,16,200601
117,208,200601
117,46,200601
117,52,200601
117,146,200601
117,18,200601
117,48,200601
117,64,200601
117,108,200601
117,59,200601
118,335,200601
118,143,200601
118,98,200601
118,157,200601
118,160,200601
118,433,200601
118,393,200601
118,18,200601
118,25,200601
118,115,200601
118,154,200601
118,116,200601
118,27,200601
118,97,200601
119,83,200601
119,6,200601
119,19,200601
119,52,200601
119,23,200601
119,133,200601
119,107,200601
119,102,200601
119,112,200601
119,12,200601
119,5,200601
119,113,200601
119,21,200601
119,77,200601
119,13,200601
119,28,200601
119,17,200601
119,97,200601
119,1,200601
119,139,200601
119,31,200601
119,10,200601
119,108,200601
119,48,200601
119,36,200601
119,135,200601
119,60,200601
119,14,200601
120,99,200601
120,83,200601
120,94,200601
120,157,200601
120,117,200601
120,141,200601
120,6,200601
120,140,200601
120,79,200601
120,46,200601
120,58,200601
120,0,200601
120,433,200601
120,77,200601
120,38,200601
120,51,200601
120,19,200601
120,143,200601
120,160,200601
120,64,200601
120,154,200601
120,55,200601
120,9,200601
120,52,200601
120,41,200601
120,54,200601
120,20,200601
120,29,200601
120,13,200601
120,132,200601
120,137,200601
120,81,200601
120,25,200601
120,39,200601
120,32,200601
120,102,200601
120,320,200601
120,76,200601
120,27,200601
120,146,200601
120,11,200601
120,155,200601
120,60,200601
120,26,200601
120,136,200601
120,75,200601
120,36,200601
120,100,200601
120,48,200601
120,18,200601
120,108,200601
120,97,200601
120,16,200601
120,35,200601
120,19,200601
120,25,200601
120,26,200601
120,40,200601
120,64,200601
120,46,200601
120,13,200601
120,146,200601
120,29,200601
120,60,200601
120,32,200601
120,6,200601
120,97,200601
120,137,200601
121,5,200601
121,143,200601
121,160,200601
121,138,200601
121,433,200601
121,27,200601
121,544,200601
121,53,200601
121,2,200601
121,12,200601
121,183,200601
121,346,200601
121,48,200601
121,11,200601
121,1,200601
121,4,200601
121,13,200601
121,10,200601
121,137,200601
121,64,200601
121,59,200601
122,234,200601
122,23,200601
122,0,200601
122,77,200601
122,137,200601
122,132,200601
122,113,200601
122,29,200601
122,48,200601
122,346,200601
122,18,200601
122,10,200601
122,136,200601
123,234,200601
123,122,200601
123,117,200601
123,52,200601
123,160,200601
123,16,200601
123,181,200601
123,170,200601
123,18,200601
124,433,200601
124,336,200601
124,188,200601
124,104,200601
124,143,200601
124,544,200601
124,165,200601
124,72,200601
124,101,200601
124,122,200601
124,27,200601
124,137,200601
124,59,200601
124,60,200601
124,154,200601
124,9,200601
124,39,200601
124,47,200601
124,97,200601
124,19,200601
124,99,200601
124,155,200601
124,14,200601
124,160,200601
124,107,200601
124,96,200601
124,38,200601
124,5,200601
124,2,200601
124,6,200601
124,146,200601
124,18,200601
124,32,200601
124,46,200601
124,11,200601
124,92,200601
124,135,200601
124,136,200601
124,10,200601
124,1,200601
124,29,200601
124,25,200601
124,274,200601
125,176,200601
125,764,200601
125,182,200601
125,40,200601
125,57,200601
125,15,200601
125,146,200601
125,81,200601
125,739,200601
125,160,200601
125,32,200601
125,18,200601
125,29,200601
125,136,200601
126,32,200601
126,143,200601
126,6,200601
126,19,200601
126,55,200601
126,146,200601
126,433,200601
126,138,200601
126,160,200601
126,101,200601
126,20,200601
126,206,200601
126,52,200601
126,142,200601
126,742,200601
126,181,200601
126,180,200601
126,13,200601
126,29,200601
126,31,200601
126,83,200601
126,77,200601
126,99,200601
126,39,200601
126,154,200601
126,102,200601
126,108,200601
126,66,200601
126,76,200601
126,97,200601
126,155,200601
126,14,200601
126,81,200601
126,178,200601
126,35,200601
126,139,200601
126,36,200601
126,106,200601
126,46,200601
126,18,200601
126,40,200601
126,60,200601
126,26,200601
126,64,200601
126,137,200601
126,16,200601
126,59,200601
127,128,200601
127,427,200601
127,109,200601
127,306,200601
127,110,200601
127,4,200601
127,948,200601
128,110,200601
128,306,200601
128,427,200601
128,109,200601
128,4,200601
129,35,200601
129,46,200601
129,64,200601
129,375,200601
129,173,200601
129,143,200601
129,1075,200601
129,160,200601
129,172,200601
129,48,200601
129,77,200601
129,20,200601
129,1129,200601
129,102,200601
129,178,200601
129,99,200601
129,59,200601
129,18,200601
129,54,200601
129,83,200601
129,194,200601
129,217,200601
129,284,200601
129,26,200601
129,16,200601
129,60,200601
129,32,200601
129,266,200601
129,40,200601
129,135,200601
129,17,200601
129,13,200601
129,6,200601
129,14,200601
129,25,200601
129,52,200601
129,108,200601
129,19,200601
129,29,200601
129,137,200601
129,97,200601
130,299,200601
130,96,200601
130,189,200601
130,274,200601
130,136,200601
130,1,200601
131,126,200601
131,160,200601
131,433,200601
131,1,200601
131,159,200601
131,66,200601
131,198,200601
131,41,200601
131,19,200601
131,97,200601
131,102,200601
131,233,200601
131,76,200601
131,27,200601
131,21,200601
131,13,200601
131,40,200601
131,282,200601
131,142,200601
131,15,200601
131,81,200601
131,205,200601
131,52,200601
131,69,200601
131,36,200601
131,136,200601
131,346,200601
131,25,200601
131,1169,200601
131,26,200601
131,6,200601
131,99,200601
131,154,200601
131,16,200601
131,10,200601
131,29,200601
131,18,200601
131,137,200601
131,146,200601
131,54,200601
131,32,200601
132,2,200601
132,85,200601
132,27,200601
132,136,200601
132,247,200601
132,23,200601
132,77,200601
132,176,200601
132,501,200601
132,104,200601
132,19,200601
132,138,200601
132,17,200601
132,51,200601
132,159,200601
132,341,200601
132,100,200601
132,433,200601
132,69,200601
132,15,200601
132,31,200601
132,13,200601
132,12,200601
132,160,200601
132,143,200601
132,24,200601
132,181,200601
132,122,200601
132,184,200601
132,108,200601
132,40,200601
132,906,200601
132,120,200601
132,58,200601
132,76,200601
132,5,200601
132,189,200601
132,81,200601
132,80,200601
132,16,200601
132,59,200601
132,54,200601
132,336,200601
132,534,200601
132,346,200601
132,154,200601
132,107,200601
132,32,200601
132,29,200601
132,146,200601
132,99,200601
132,10,200601
132,18,200601
132,266,200601
132,25,200601
132,97,200601
132,1,200601
132,137,200601
133,105,200601
133,160,200601
133,143,200601
133,12,200601
133,54,200601
133,81,200601
133,108,200601
133,22,200601
133,19,200601
133,77,200601
133,9,200601
133,10,200601
133,40,200601
133,27,200601
133,51,200601
133,4,200601
133,346,200601
133,102,200601
133,72,200601
133,107,200601
133,165,200601
133,2,200601
133,69,200601
133,183,200601
133,135,200601
133,96,200601
133,11,200601
133,97,200601
133,136,200601
133,1,200601
133,20,200601
133,137,200601
133,59,200601
133,112,200601
133,21,200601
133,5,200601
134,95,200601
134,114,200601
134,117,200601
134,433,200601
134,63,200601
134,289,200601
134,160,200601
134,13,200601
134,102,200601
134,180,200601
134,6,200601
134,19,200601
134,320,200601
134,860,200601
134,76,200601
134,75,200601
134,58,200601
134,31,200601
134,188,200601
134,27,200601
134,16,200601
134,137,200601
134,9,200601
134,59,200601
134,38,200601
134,97,200601
134,26,200601
134,32,200601
134,99,200601
134,46,200601
134,146,200601
134,29,200601
134,64,200601
135,40,200601
135,137,200601
135,14,200601
135,84,200601
135,28,200601
135,57,200601
135,79,200601
135,99,200601
135,46,200601
135,17,200601
135,38,200601
135,16,200601
135,10,200601
135,149,200601
135,86,200601
135,652,200601
135,354,200601
135,107,200601
135,6,200601
135,64,200601
135,35,200601
135,154,200601
135,160,200601
135,97,200601
135,32,200601
135,18,200601
135,1,200601
135,83,200601
135,31,200601
135,136,200601
135,346,200601
135,100,200601
135,156,200601
135,7,200601
135,133,200601
135,113,200601
135,165,200601
135,36,200601
135,72,200601
135,23,200601
135,129,200601
135,9,200601
135,89,200601
135,85,200601
135,112,200601
135,51,200601
135,124,200601
135,2,200601
135,180,200601
135,13,200601
135,22,200601
135,157,200601
135,94,200601
135,60,200601
135,11,200601
135,21,200601
135,96,200601
135,142,200601
135,80,200601
135,20,200601
135,139,200601
135,52,200601
135,155,200601
135,4,200601
135,102,200601
135,77,200601
135,119,200601
135,143,200601
135,19,200601
135,12,200601
135,92,200601
135,81,200601
135,48,200601
135,5,200601
135,108,200601
135,27,200601
135,26,200601
136,223,200601
136,23,200601
136,1,200601
136,105,200601
136,143,200601
136,28,200601
136,20,200601
136,18,200601
136,52,200601
136,77,200601
136,153,200601
136,27,200601
136,160,200601
136,137,200601
136,55,200601
136,138,200601
136,34,200601
136,5,200601
136,30,200601
136,175,200601
136,183,200601
136,60,200601
136,17,200601
136,139,200601
136,15,200601
136,433,200601
136,108,200601
136,25,200601
136,11,200601
136,29,200601
136,62,200601
136,107,200601
136,155,200601
136,83,200601
136,97,200601
136,64,200601
136,142,200601
136,38,200601
136,12,200601
136,99,200601
136,131,200601
136,165,200601
136,941,200601
136,6,200601
136,35,200601
136,4,200601
136,69,200601
136,336,200601
136,156,200601
136,26,200601
136,112,200601
136,371,200601
136,534,200601
136,757,200601
136,299,200601
136,2,200601
136,359,200601
136,46,200601
136,19,200601
136,48,200601
136,101,200601
136,51,200601
136,739,200601
136,135,200601
136,92,200601
136,154,200601
136,274,200601
136,211,200601
136,989,200601
136,100,200601
136,32,200601
136,78,200601
136,102,200601
136,248,200601
136,13,200601
136,1169,200601
136,988,200601
136,981,200601
136,238,200601
136,96,200601
136,40,200601
136,346,200601
136,85,200601
136,7,200601
136,148,200601
136,891,200601
136,982,200601
136,98,200601
136,834,200601
136,968,200601
136,104,200601
136,537,200601
136,89,200601
136,492,200601
136,110,200601
136,53,200601
136,762,200601
136,480,200601
136,415,200601
136,588,200601
136,950,200601
136,738,200601
136,10,200601
136,16,200601
136,728,200601
136,502,200601
136,9,200601
136,8,200601
136,862,200601
136,361,200601
136,330,200601
136,221,200601
136,116,200601
136,130,200601
136,68,200601
136,169,200601
136,358,200601
136,70,200601
136,166,200601
136,132,200601
136,261,200601
136,376,200601
136,184,200601
136,372,200601
136,67,200601
136,163,200601
136,146,200601
136,80,200601
136,111,200601
136,31,200601
136,544,200601
136,81,200601
136,303,200601
136,84,200601
136,150,200601
136,307,200601
136,72,200601
136,133,200601
136,54,200601
136,164,200601
136,177,200601
136,124,200601
136,147,200601
136,24,200601
136,22,200601
136,122,200601
136,189,200601
136,33,200601
136,265,200601
136,71,200601
136,125,200601
136,75,200601
136,14,200601
136,213,200601
136,86,200601
136,0,200601
136,61,200601
136,113,200601
136,21,200601
136,59,200601
137,20,200601
137,35,200601
137,65,200601
137,143,200601
137,62,200601
137,77,200601
137,139,200601
137,69,200601
137,6,200601
137,23,200601
137,244,200601
137,97,200601
137,286,200601
137,194,200601
137,160,200601
137,2,200601
137,136,200601
137,29,200601
137,24,200601
137,60,200601
137,27,200601
137,78,200601
137,31,200601
137,25,200601
137,96,200601
137,89,200601
137,85,200601
137,138,200601
137,175,200601
137,1,200601
137,110,200601
137,165,200601
137,39,200601
137,433,200601
137,197,200601
137,5,200601
137,19,200601
137,113,200601
137,163,200601
137,30,200601
137,155,200601
137,22,200601
137,100,200601
137,74,200601
137,32,200601
137,51,200601
137,126,200601
137,142,200601
137,495,200601
137,181,200601
137,117,200601
137,40,200601
137,81,200601
137,102,200601
137,144,200601
137,118,200601
137,176,200601
137,99,200601
137,270,200601
137,61,200601
137,28,200601
137,269,200601
137,82,200601
137,14,200601
137,83,200601
137,55,200601
137,180,200601
137,213,200601
137,46,200601
137,18,200601
137,265,200601
137,52,200601
137,71,200601
137,183,200601
137,16,200601
137,120,200601
137,38,200601
137,26,200601
137,21,200601
137,320,200601
137,4,200601
137,278,200601
137,134,200601
137,45,200601
137,346,200601
137,133,200601
137,248,200601
137,1291,200601
137,172,200601
137,154,200601
137,11,200601
137,17,200601
137,521,200601
137,885,200601
137,1017,200601
137,13,200601
137,224,200601
137,371,200601
137,198,200601
137,193,200601
137,159,200601
137,98,200601
137,146,200601
137,10,200601
137,189,200601
137,169,200601
137,1190,200601
137,671,200601
137,341,200601
137,48,200601
137,76,200601
137,131,200601
137,64,200601
137,135,200601
137,58,200601
137,152,200601
137,355,200601
137,307,200601
137,57,200601
137,344,200601
137,483,200601
137,336,200601
137,9,200601
137,333,200601
137,544,200601
137,101,200601
137,339,200601
137,390,200601
137,153,200601
137,309,200601
137,54,200601
137,220,200601
137,72,200601
137,34,200601
137,15,200601
137,149,200601
137,150,200601
137,7,200601
137,156,200601
137,132,200601
137,47,200601
137,188,200601
137,116,200601
137,104,200601
137,157,200601
137,80,200601
137,161,200601
137,115,200601
137,59,200601
137,92,200601
137,36,200601
137,121,200601
137,12,200601
137,53,200601
137,124,200601
137,107,200601
137,129,200601
137,0,200601
137,112,200601
137,108,200601
138,2,200601
138,296,200601
138,433,200601
138,143,200601
138,154,200601
138,501,200601
138,247,200601
138,6,200601
138,27,200601
138,339,200601
138,170,200601
138,23,200601
138,1,200601
138,16,200601
138,110,200601
138,155,200601
138,52,200601
138,175,200601
138,18,200601
138,187,200601
138,136,200601
138,97,200601
138,51,200601
138,59,200601
138,137,200601
138,25,200601
138,132,200601
138,32,200601
138,5,200601
138,645,200601
138,266,200601
138,10,200601
139,35,200601
139,160,200601
139,83,200601
139,58,200601
139,36,200601
139,433,200601
139,20,200601
139,375,200601
139,118,200601
139,180,200601
139,242,200601
139,13,200601
139,110,200601
139,6,200601
139,12,200601
139,23,200601
139,155,200601
139,48,200601
139,14,200601
139,71,200601
139,52,200601
139,104,200601
139,17,200601
139,64,200601
139,10,200601
139,99,200601
139,32,200601
139,4,200601
139,142,200601
139,2,200601
139,126,200601
139,28,200601
139,102,200601
139,97,200601
139,27,200601
139,16,200601
139,108,200601
139,769,200601
139,54,200601
139,19,200601
139,146,200601
139,40,200601
139,75,200601
139,77,200601
139,25,200601
139,197,200601
139,154,200601
139,119,200601
139,26,200601
139,81,200601
139,29,200601
139,178,200601
139,136,200601
139,135,200601
139,18,200601
139,60,200601
139,137,200601
139,46,200601
139,59,200601
140,60,200601
140,433,200601
140,95,200601
140,143,200601
140,160,200601
140,813,200601
140,329,200601
140,76,200601
140,38,200601
140,860,200601
140,146,200601
140,79,200601
140,63,200601
140,14,200601
140,83,200601
140,19,200601
140,26,200601
140,64,200601
140,46,200601
140,29,200601
140,32,200601
140,97,200601
141,433,200601
141,83,200601
141,45,200601
141,38,200601
141,543,200601
141,860,200601
141,46,200601
141,160,200601
141,60,200601
141,146,200601
141,32,200601
141,97,200601
142,19,200601
142,433,200601
142,52,200601
142,9,200601
142,117,200601
142,381,200601
142,182,200601
142,160,200601
142,143,200601
142,126,200601
142,40,200601
142,77,200601
142,102,200601
142,742,200601
142,27,200601
142,14,200601
142,17,200601
142,132,200601
142,25,200601
142,48,200601
142,101,200601
142,96,200601
142,2,200601
142,112,200601
142,99,200601
142,12,200601
142,165,200601
142,197,200601
142,6,200601
142,31,200601
142,97,200601
142,739,200601
142,13,200601
142,208,200601
142,36,200601
142,5,200601
142,35,200601
142,113,200601
142,178,200601
142,46,200601
142,85,200601
142,18,200601
142,100,200601
142,60,200601
142,29,200601
142,92,200601
142,108,200601
142,64,200601
142,180,200601
142,32,200601
142,137,200601
142,26,200601
142,16,200601
142,1,200601
142,146,200601
142,10,200601
142,135,200601
142,59,200601
143,183,200601
143,28,200601
143,136,200601
143,247,200601
143,195,200601
143,121,200601
143,27,200601
143,501,200601
143,60,200601
143,14,200601
143,170,200601
143,101,200601
143,89,200601
143,30,200601
143,25,200601
143,76,200601
143,15,200601
143,40,200601
143,296,200601
143,6,200601
143,137,200601
143,5,200601
143,23,200601
143,165,200601
143,100,200601
143,52,200601
143,64,200601
143,11,200601
143,155,200601
143,39,200601
143,160,200601
143,97,200601
143,129,200601
143,265,200601
143,112,200601
143,188,200601
143,104,200601
143,35,200601
143,10,200601
143,83,200601
143,38,200601
143,455,200601
143,102,200601
143,32,200601
143,124,200601
143,85,200601
143,61,200601
143,9,200601
143,157,200601
143,29,200601
143,375,200601
143,13,200601
143,274,200601
143,281,200601
143,12,200601
143,139,200601
143,154,200601
143,126,200601
143,142,200601
143,19,200601
143,138,200601
143,140,200601
143,96,200601
143,46,200601
143,54,200601
143,62,200601
143,69,200601
143,80,200601
143,16,200601
143,113,200601
143,196,200601
143,1,200601
143,2,200601
143,132,200601
143,120,200601
143,59,200601
143,36,200601
143,18,200601
143,72,200601
143,51,200601
143,118,200601
143,108,200601
143,17,200601
143,176,200601
143,110,200601
143,0,200601
143,53,200601
143,156,200601
143,180,200601
143,390,200601
143,249,200601
143,77,200601
143,171,200601
143,197,200601
143,26,200601
143,66,200601
143,117,200601
143,98,200601
143,146,200601
143,178,200601
143,99,200601
143,48,200601
143,135,200601
144,132,200601
144,143,200601
144,61,200601
144,433,200601
144,160,200601
144,44,200601
144,233,200601
144,18,200601
144,208,200601
144,72,200601
144,146,200601
144,137,200601
144,32,200601
144,29,200601
145,143,200601
145,123,200601
145,29,200601
145,146,200601
145,137,200601
145,54,200601
145,1169,200601
145,346,200601
145,18,200601
146,63,200601
146,393,200601
146,97,200601
146,62,200601
146,274,200601
146,160,200601
146,16,200601
146,287,200601
146,66,200601
146,134,200601
146,355,200601
146,165,200601
146,126,200601
146,18,200601
146,171,200601
146,52,200601
146,143,200601
146,76,200601
146,80,200601
146,116,200601
146,54,200601
146,120,200601
146,58,200601
146,60,200601
146,46,200601
146,277,200601
146,108,200601
146,40,200601
146,100,200601
146,106,200601
146,169,200601
146,175,200601
146,32,200601
146,132,200601
146,71,200601
146,188,200601
146,45,200601
146,72,200601
146,43,200601
146,102,200601
146,98,200601
146,124,200601
146,95,200601
146,13,200601
146,140,200601
146,57,200601
146,237,200601
146,117,200601
146,26,200601
146,278,200601
146,12,200601
146,39,200601
146,2,200601
146,99,200601
146,38,200601
146,35,200601
146,178,200601
146,141,200601
146,6,200601
146,332,200601
146,136,200601
146,83,200601
146,61,200601
146,208,200601
146,29,200601
146,224,200601
146,197,200601
146,65,200601
146,139,200601
146,104,200601
146,114,200601
146,31,200601
146,860,200601
146,320,200601
146,77,200601
146,193,200601
146,55,200601
146,157,200601
146,182,200601
146,81,200601
146,154,200601
146,85,200601
146,27,200601
146,0,200601
146,19,200601
146,113,200601
146,544,200601
146,74,200601
146,137,200601
146,192,200601
146,170,200601
146,53,200601
146,79,200601
146,78,200601
146,14,200601
146,362,200601
146,205,200601
146,15,200601
146,176,200601
146,59,200601
146,131,200601
146,9,200601
146,142,200601
146,180,200601
146,198,200601
146,36,200601
146,94,200601
146,64,200601
146,24,200601
146,155,200601
146,96,200601
146,25,200601
146,51,200601
146,75,200601
146,181,200601
146,101,200601
146,4,200601
146,89,200601
146,28,200601
146,48,200601
146,20,200601
146,1,200601
146,17,200601
146,10,200601
146,11,200601
147,169,200601
147,358,200601
147,160,200601
147,330,200601
147,67,200601
147,372,200601
147,153,200601
147,5,200601
147,221,200601
147,125,200601
147,1169,200601
147,18,200601
147,11,200601
147,136,200601
148,346,200601
148,136,200601
149,115,200601
149,483,200601
149,152,200601
149,25,200601
149,118,200601
149,24,200601
149,5,200601
149,157,200601
149,47,200601
149,248,200601
149,14,200601
149,9,200601
149,1169,200601
149,133,200601
149,2,200601
149,17,200601
149,165,200601
149,1,200601
149,10,200601
149,96,200601
149,85,200601
149,92,200601
149,137,200601
149,274,200601
150,5,200601
150,23,200601
150,60,200601
150,28,200601
150,750,200601
150,17,200601
150,53,200601
150,34,200601
150,22,200601
150,25,200601
150,213,200601
150,2,200601
150,261,200601
150,346,200601
150,10,200601
150,51,200601
150,136,200601
150,4,200601
150,11,200601
150,20,200601
150,1,200601
150,137,200601
151,178,200601
152,355,200601
152,0,200601
152,156,200601
152,341,200601
152,6,200601
152,274,200601
152,24,200601
152,34,200601
152,19,200601
152,136,200601
152,143,200601
152,160,200601
152,46,200601
152,137,200601
152,97,200601
152,25,200601
153,147,200601
153,265,200601
153,154,200601
153,40,200601
153,6,200601
153,97,200601
153,11,200601
153,136,200601
153,18,200601
153,25,200601
153,29,200601
153,137,200601
154,27,200601
154,393,200601
154,397,200601
154,160,200601
154,143,200601
154,77,200601
154,35,200601
154,29,200601
154,52,200601
154,165,200601
154,433,200601
154,64,200601
154,175,200601
154,138,200601
154,24,200601
154,338,200601
154,183,200601
154,31,200601
154,242,200601
154,149,200601
154,16,200601
154,320,200601
154,115,200601
154,170,200601
154,107,200601
154,134,200601
154,287,200601
154,122,200601
154,99,200601
154,142,200601
154,157,200601
154,38,200601
154,145,200601
154,47,200601
154,46,200601
154,20,200601
154,100,200601
154,97,200601
154,355,200601
154,57,200601
154,112,200601
154,274,200601
154,11,200601
154,76,200601
154,60,200601
154,81,200601
154,126,200601
154,155,200601
154,26,200601
154,12,200601
154,181,200601
154,182,200601
154,1,200601
154,6,200601
154,48,200601
154,113,200601
154,108,200601
154,36,200601
154,83,200601
154,15,200601
154,1580,200601
154,180,200601
154,21,200601
154,132,200601
154,19,200601
154,69,200601
154,129,200601
154,32,200601
154,172,200601
154,4,200601
154,503,200601
154,40,200601
154,22,200601
154,85,200601
154,92,200601
154,888,200601
154,379,200601
154,394,200601
154,522,200601
154,544,200601
154,251,200601
154,0,200601
154,23,200601
154,54,200601
154,104,200601
154,1482,200601
154,59,200601
154,275,200601
154,388,200601
154,98,200601
154,28,200601
154,120,200601
154,94,200601
154,14,200601
154,131,200601
154,159,200601
154,296,200601
154,72,200601
154,5,200601
154,136,200601
154,96,200601
154,146,200601
154,10,200601
154,375,200601
154,314,200601
154,18,200601
154,80,200601
154,267,200601
154,2,200601
154,13,200601
154,124,200601
154,17,200601
154,34,200601
154,139,200601
154,9,200601
154,25,200601
154,135,200601
154,137,200601
155,433,200601
155,79,200601
155,289,200601
155,119,200601
155,282,200601
155,13,200601
155,19,200601
155,362,200601
155,143,200601
155,160,200601
155,83,200601
155,100,200601
155,77,200601
155,22,200601
155,18,200601
155,136,200601
155,51,200601
155,108,200601
155,1,200601
155,139,200601
155,154,200601
155,32,200601
155,38,200601
155,26,200601
155,21,200601
155,74,200601
155,76,200601
155,2,200601
155,23,200601
155,46,200601
155,11,200601
155,157,200601
155,112,200601
155,27,200601
155,48,200601
155,60,200601
155,99,200601
155,36,200601
155,6,200601
155,17,200601
155,92,200601
155,28,200601
155,29,200601
155,64,200601
155,31,200601
155,16,200601
155,146,200601
155,10,200601
155,135,200601
155,97,200601
155,14,200601
156,57,200601
156,58,200601
156,118,200601
156,157,200601
156,433,200601
156,224,200601
156,93,200601
156,35,200601
156,355,200601
156,342,200601
156,45,200601
156,18,200601
156,40,200601
156,136,200601
156,46,200601
156,14,200601
156,108,200601
156,48,200601
156,29,200601
156,60,200601
156,160,200601
156,97,200601
156,25,200601
156,137,200601
157,0,200601
157,60,200601
157,118,200601
157,286,200601
157,143,200601
157,433,200601
157,142,200601
157,327,200601
157,13,200601
157,274,200601
157,4,200601
157,132,200601
157,96,200601
157,11,200601
157,180,200601
157,112,200601
157,155,200601
157,146,200601
157,28,200601
157,120,200601
157,160,200601
157,46,200601
157,99,200601
157,1,200601
157,32,200601
157,14,200601
157,97,200601
157,135,200601
157,25,200601
157,92,200601
157,137,200601
158,266,200601
158,178,200601
158,46,200601
158,97,200601
159,29,200601
159,24,200601
159,104,200601
159,160,200601
159,433,200601
159,77,200601
159,198,200601
159,346,200601
159,154,200601
159,137,200601
159,18,200601
159,10,200601
159,97,200601
160,154,200601
160,147,200601
160,397,200601
160,137,200601
160,144,200601
160,131,200601
160,129,200601
160,6,200601
160,39,200601
160,136,200601
160,83,200601
160,118,200601
160,107,200601
160,102,200601
160,19,200601
160,188,200601
160,53,200601
160,194,200601
160,115,200601
160,59,200601
160,66,200601
160,5,200601
160,11,200601
160,113,200601
160,72,200601
160,16,200601
160,183,200601
160,0,200601
160,146,200601
160,195,200601
160,133,200601
160,40,200601
160,176,200601
160,132,200601
160,29,200601
160,9,200601
160,31,200601
160,108,200601
160,10,200601
160,62,200601
160,45,200601
160,95,200601
160,18,200601
160,38,200601
160,89,200601
160,138,200601
160,140,200601
160,101,200601
160,12,200601
160,518,200601
160,165,200601
160,126,200601
160,69,200601
160,234,200601
160,197,200601
160,224,200601
160,24,200601
160,181,200601
160,76,200601
160,28,200601
160,143,200601
160,14,200601
160,98,200601
160,77,200601
160,155,200601
160,117,200601
160,96,200601
160,78,200601
160,61,200601
160,35,200601
160,23,200601
160,41,200601
160,30,200601
160,64,200601
160,134,200601
160,79,200601
160,13,200601
160,142,200601
160,339,200601
160,175,200601
160,17,200601
160,48,200601
160,57,200601
160,433,200601
160,100,200601
160,1,200601
160,54,200601
160,46,200601
160,51,200601
160,159,200601
160,460,200601
160,93,200601
160,34,200601
160,43,200601
160,139,200601
160,393,200601
160,120,200601
160,4,200601
160,112,200601
160,32,200601
160,85,200601
160,22,200601
160,52,200601
160,25,200601
160,27,200601
160,84,200601
160,281,200601
160,20,200601
160,512,200601
160,15,200601
160,104,200601
160,552,200601
160,97,200601
160,180,200601
160,216,200601
160,21,200601
160,44,200601
160,60,200601
160,2,200601
160,110,200601
160,80,200601
160,171,200601
160,75,200601
160,26,200601
160,149,200601
160,211,200601
160,354,200601
160,445,200601
160,135,200601
160,274,200601
160,92,200601
160,334,200601
160,124,200601
160,288,200601
160,36,200601
160,266,200601
160,152,200601
160,125,200601
160,150,200601
160,94,200601
160,935,200601
160,303,200601
160,157,200601
160,318,200601
160,309,200601
160,544,200601
160,198,200601
160,141,200601
160,65,200601
160,871,200601
160,543,200601
160,379,200601
160,81,200601
160,163,200601
160,73,200601
160,58,200601
160,249,200601
160,250,200601
160,156,200601
160,355,200601
160,341,200601
160,99,200601
161,1231,200601
161,65,200601
161,45,200601
161,309,200601
161,485,200601
161,397,200601
161,175,200601
161,282,200601
161,198,200601
161,890,200601
161,213,200601
161,136,200601
161,97,200601
161,26,200601
161,16,200601
161,266,200601
161,10,200601
161,25,200601
161,137,200601
163,433,200601
163,269,200601
163,159,200601
163,101,200601
163,19,200601
163,117,200601
163,31,200601
163,100,200601
163,83,200601
163,346,200601
163,32,200601
163,136,200601
163,137,200601
163,18,200601
163,60,200601
163,29,200601
163,160,200601
163,97,200601
164,84,200601
164,27,200601
164,69,200601
164,169,200601
164,88,200601
164,53,200601
164,83,200601
164,223,200601
164,18,200601
164,1169,200601
164,183,200601
164,30,200601
164,10,200601
164,11,200601
164,136,200601
164,4,200601
165,25,200601
165,401,200601
165,96,200601
165,27,200601
165,154,200601
165,214,200601
165,85,200601
165,143,200601
165,160,200601
165,62,200601
165,274,200601
165,433,200601
165,370,200601
165,22,200601
165,156,200601
165,150,200601
165,121,200601
165,139,200601
165,83,200601
165,80,200601
165,29,200601
165,355,200601
165,72,200601
165,189,200601
165,261,200601
165,59,200601
165,69,200601
165,21,200601
165,4,200601
165,133,200601
165,161,200601
165,180,200601
165,23,200601
165,93,200601
165,155,200601
165,20,200601
165,135,200601
165,346,200601
165,11,200601
165,124,200601
165,1169,200601
165,107,200601
165,113,200601
165,112,200601
165,99,200601
165,51,200601
165,31,200601
165,14,200601
165,5,200601
165,115,200601
165,149,200601
165,10,200601
165,28,200601
165,18,200601
165,136,200601
165,17,200601
165,1,200601
165,92,200601
165,97,200601
165,2,200601
165,137,200601
166,30,200601
166,372,200601
166,136,200601
167,97,200601
167,65,200601
168,203,200601
169,147,200601
169,51,200601
169,3,200601
169,17,200601
169,131,200601
169,81,200601
169,26,200601
169,59,200601
169,154,200601
169,146,200601
169,183,200601
169,97,200601
169,136,200601
169,137,200601
169,18,200601
169,11,200601
169,29,200601
170,138,200601
170,19,200601
170,890,200601
170,143,200601
170,281,200601
170,397,200601
170,83,200601
170,154,200601
170,38,200601
170,64,200601
170,123,200601
170,46,200601
170,176,200601
170,31,200601
170,193,200601
170,99,200601
170,205,200601
170,54,200601
170,18,200601
170,29,200601
170,32,200601
170,97,200601
170,266,200601
170,10,200601
170,146,200601
171,782,200601
171,18,200601
171,117,200601
171,362,200601
171,9,200601
171,99,200601
171,181,200601
171,81,200601
171,62,200601
171,76,200601
171,100,200601
171,97,200601
171,32,200601
171,146,200601
171,29,200601
172,129,200601
172,35,200601
172,29,200601
172,102,200601
172,13,200601
172,99,200601
172,48,200601
172,59,200601
172,26,200601
172,18,200601
172,64,200601
172,173,200601
172,6,200601
172,46,200601
172,19,200601
172,97,200601
173,129,200601
173,102,200601
173,1129,200601
173,46,200601
173,97,200601
173,172,200601
173,35,200601
174,64,200601
174,146,200601
174,24,200601
174,346,200601
174,18,200601
175,247,200601
175,17,200601
175,35,200601
175,6,200601
175,52,200601
175,60,200601
175,112,200601
175,23,200601
175,890,200601
175,137,200601
175,57,200601
175,89,200601
175,48,200601
175,100,200601
175,53,200601
175,138,200601
175,51,200601
175,136,200601
175,339,200601
175,117,200601
175,83,200601
175,154,200601
175,31,200601
175,160,200601
175,97,200601
175,18,200601
175,19,200601
175,27,200601
175,269,200601
175,16,200601
175,146,200601
175,10,200601
175,266,200601
175,32,200601
175,29,200601
176,6,200601
176,182,200601
176,29,200601
176,24,200601
176,160,200601
176,66,200601
176,1,200601
176,143,200601
176,433,200601
176,960,200601
176,48,200601
176,77,200601
176,387,200601
176,81,200601
176,124,200601
176,78,200601
176,544,200601
176,0,200601
176,198,200601
176,80,200601
176,100,200601
176,40,200601
176,18,200601
176,31,200601
176,132,200601
176,74,200601
176,46,200601
176,25,200601
176,797,200601
176,2,200601
176,320,200601
176,76,200601
176,13,200601
176,35,200601
176,64,200601
176,32,200601
176,16,200601
176,146,200601
176,19,200601
176,97,200601
177,53,200601
177,222,200601
177,872,200601
177,50,200601
177,69,200601
177,105,200601
177,18,200601
177,22,200601
177,11,200601
177,49,200601
177,346,200601
177,10,200601
177,51,200601
177,136,200601
177,4,200601
178,126,200601
178,288,200601
178,101,200601
178,81,200601
178,143,200601
178,120,200601
178,39,200601
178,129,200601
178,100,200601
178,63,200601
178,32,200601
178,158,200601
178,75,200601
178,316,200601
178,45,200601
178,246,200601
178,342,200601
178,13,200601
178,102,200601
178,83,200601
178,180,200601
178,151,200601
178,76,200601
178,16,200601
178,46,200601
178,40,200601
178,146,200601
178,320,200601
178,108,200601
178,36,200601
178,139,200601
178,60,200601
178,48,200601
180,143,200601
180,433,200601
180,52,200601
180,77,200601
180,55,200601
180,154,200601
180,160,200601
180,237,200601
180,766,200601
180,742,200601
180,126,200601
180,6,200601
180,114,200601
180,2,200601
180,101,200601
180,97,200601
180,54,200601
180,99,200601
180,31,200601
180,13,200601
180,24,200601
180,170,200601
180,46,200601
180,5,200601
180,11,200601
180,197,200601
180,80,200601
180,112,200601
180,45,200601
180,83,200601
180,4,200601
180,9,200601
180,100,200601
180,165,200601
180,25,200601
180,27,200601
180,178,200601
180,102,200601
180,137,200601
180,18,200601
180,108,200601
180,19,200601
180,17,200601
180,1,200601
180,85,200601
180,139,200601
180,32,200601
180,36,200601
180,92,200601
180,64,200601
180,40,200601
180,26,200601
180,142,200601
180,29,200601
180,16,200601
180,135,200601
180,146,200601
180,10,200601
180,60,200601
180,14,200601
181,85,200601
181,160,200601
181,397,200601
181,393,200601
181,270,200601
181,76,200601
181,433,200601
181,429,200601
181,530,200601
181,77,200601
181,197,200601
181,890,200601
181,29,200601
181,176,200601
181,544,200601
181,265,200601
181,26,200601
181,14,200601
181,101,200601
181,27,200601
181,46,200601
181,19,200601
181,36,200601
181,143,200601
181,16,200601
181,137,200601
181,35,200601
181,18,200601
181,1,200601
181,346,200601
181,32,200601
181,31,200601
181,99,200601
181,108,200601
181,60,200601
181,6,200601
181,10,200601
181,25,200601
181,54,200601
181,146,200601
181,97,200601
182,79,200601
182,176,200601
182,40,200601
182,154,200601
182,104,200601
182,32,200601
182,160,200601
182,19,200601
182,99,200601
182,163,200601
182,13,200601
182,48,200601
182,35,200601
182,375,200601
182,16,200601
182,60,200601
182,46,200601
182,29,200601
182,146,200601
182,97,200601
183,160,200601
183,914,200601
183,147,200601
183,136,200601
183,132,200601
183,11,200601
183,228,200601
183,52,200601
183,9,200601
183,18,200601
183,787,200601
183,165,200601
183,64,200601
183,180,200601
183,21,200601
183,22,200601
183,32,200601
183,135,200601
183,107,200601
183,51,200601
183,133,200601
183,23,200601
183,301,200601
183,227,200601
183,1040,200601
183,113,200601
183,88,200601
183,25,200601
183,72,200601
183,28,200601
183,48,200601
183,14,200601
183,29,200601
183,121,200601
183,5,200601
183,137,200601
183,222,200601
183,169,200601
183,3,200601
183,30,200601
183,86,200601
183,268,200601
183,17,200601
183,164,200601
183,1,200601
183,112,200601
183,317,200601
183,69,200601
183,105,200601
183,97,200601
183,4,200601
183,10,200601
183,20,200601
184,50,200601
184,51,200601
184,215,200601
184,34,200601
184,22,200601
184,17,200601
184,248,200601
184,33,200601
184,10,200601
184,1,200601
184,136,200601
184,4,200601
184,11,200601
184,20,200601
185,110,200601
185,186,200601
185,201,200601
185,235,200601
185,993,200601
185,698,200601
185,630,200601
185,290,200601
185,525,200601
185,947,200601
185,200,200601
185,651,200601
185,997,200601
185,650,200601
185,555,200601
185,926,200601
185,665,200601
185,1087,200601
185,1030,200601
185,1016,200601
185,474,200601
185,922,200601
185,656,200601
185,191,200601
185,190,200601
185,937,200601
185,697,200601
185,657,200601
186,235,200601
186,110,200601
186,556,200601
186,1011,200601
186,559,200601
186,560,200601
186,185,200601
186,558,200601
186,473,200601
186,561,200601
186,651,200601
186,808,200601
186,525,200601
186,555,200601
186,620,200601
186,922,200601
186,571,200601
186,1016,200601
186,200,200601
186,698,200601
186,926,200601
186,947,200601
186,591,200601
186,665,200601
186,474,200601
186,1019,200601
186,232,200601
186,605,200601
187,138,200601
187,397,200601
188,124,200601
188,419,200601
188,93,200601
188,143,200601
188,433,200601
188,160,200601
188,35,200601
188,23,200601
188,519,200601
188,12,200601
188,303,200601
188,206,200601
188,101,200601
188,1,200601
188,9,200601
188,45,200601
188,97,200601
188,10,200601
188,146,200601
188,25,200601
188,32,200601
188,137,200601
189,23,200601
189,17,200601
189,88,200601
189,906,200601
189,30,200601
189,34,200601
189,132,200601
189,22,200601
189,2,200601
189,53,200601
189,107,200601
189,112,200601
189,51,200601
189,4,200601
189,137,200601
189,10,200601
189,11,200601
189,136,200601
189,1,200601
189,20,200601
190,110,200601
190,201,200601
190,235,200601
190,696,200601
190,185,200601
190,1183,200601
190,920,200601
190,897,200601
191,185,200601
191,110,200601
192,99,200601
192,32,200601
192,83,200601
192,41,200601
192,46,200601
192,26,200601
192,19,200601
192,146,200601
192,64,200601
192,97,200601
193,269,200601
193,338,200601
193,81,200601
193,170,200601
193,205,200601
193,137,200601
193,146,200601
193,32,200601
193,29,200601
194,160,200601
194,76,200601
194,52,200601
194,137,200601
194,77,200601
194,266,200601
194,6,200601
194,59,200601
195,18,200601
195,6,200601
195,40,200601
195,52,200601
195,160,200601
195,24,200601
195,433,200601
195,282,200601
195,193,200601
195,180,200601
195,146,200601
195,79,200601
195,32,200601
195,266,200601
195,29,200601
195,19,200601
196,471,200601
196,29,200601
196,409,200601
196,247,200601
196,363,200601
196,425,200601
196,367,200601
196,110,200601
196,175,200601
196,448,200601
196,475,200601
196,366,200601
196,424,200601
196,351,200601
196,551,200601
196,1138,200601
196,678,200601
196,447,200601
196,364,200601
196,352,200601
196,506,200601
196,489,200601
196,547,200601
196,378,200601
196,365,200601
196,1060,200601
196,528,200601
196,532,200601
196,472,200601
196,412,200601
196,578,200601
196,225,200601
196,470,200601
196,477,200601
196,377,200601
196,516,200601
196,627,200601
196,681,200601
196,640,200601
196,504,200601
196,667,200601
196,705,200601
196,232,200601
196,595,200601
196,479,200601
196,526,200601
196,402,200601
196,400,200601
196,1134,200601
196,427,200601
196,127,200601
196,109,200601
196,478,200601
196,4,200601
197,545,200601
197,77,200601
197,890,200601
197,181,200601
197,433,200601
197,160,200601
197,62,200601
197,126,200601
197,16,200601
197,154,200601
197,13,200601
197,100,200601
197,19,200601
197,440,200601
197,270,200601
197,54,200601
197,29,200601
197,112,200601
197,137,200601
197,10,200601
197,108,200601
197,32,200601
197,60,200601
197,146,200601
197,139,200601
197,18,200601
197,97,200601
198,10,200601
198,135,200601
198,57,200601
198,543,200601
198,79,200601
198,176,200601
198,309,200601
198,62,200601
198,134,200601
198,8,200601
198,160,200601
198,137,200601
198,32,200601
198,146,200601
198,97,200601
198,29,200601
199,750,200601
200,110,200601
200,656,200601
200,697,200601
200,937,200601
200,698,200601
200,186,200601
200,657,200601
200,185,200601
201,190,200601
201,110,200601
201,235,200601
201,897,200601
201,1030,200601
201,185,200601
203,291,200601
203,87,200601
203,168,200601
204,115,200601
204,801,200601
204,96,200601
205,720,200601
205,730,200601
205,60,200601
205,40,200601
205,142,200601
205,66,200601
205,43,200601
205,131,200601
205,262,200601
205,81,200601
205,18,200601
205,29,200601
205,193,200601
205,15,200601
205,170,200601
205,38,200601
205,48,200601
205,35,200601
205,32,200601
205,19,200601
205,64,200601
205,146,200601
206,6,200601
206,117,200601
206,120,200601
206,198,200601
206,45,200601
206,38,200601
206,27,200601
206,32,200601
206,16,200601
206,40,200601
206,19,200601
208,782,200601
208,742,200601
208,29,200601
208,14,200601
208,896,200601
208,27,200601
208,233,200601
208,24,200601
208,97,200601
208,81,200601
208,66,200601
208,83,200601
208,40,200601
208,13,200601
208,142,200601
208,19,200601
208,117,200601
208,18,200601
208,99,200601
208,146,200601
208,64,200601
208,16,200601
208,32,200601
209,1,200601
210,796,200601
210,1057,200601
210,750,200601
211,85,200601
211,84,200601
211,23,200601
211,184,200601
211,12,200601
211,189,200601
211,70,200601
211,38,200601
211,150,200601
211,248,200601
211,346,200601
211,10,200601
211,20,200601
211,11,200601
211,17,200601
211,25,200601
211,1,200601
212,279,200601
212,89,200601
213,53,200601
213,143,200601
213,72,200601
213,54,200601
213,165,200601
213,88,200601
213,28,200601
213,23,200601
213,12,200601
213,150,200601
213,9,200601
213,69,200601
213,19,200601
213,20,200601
213,183,200601
213,29,200601
213,25,200601
213,10,200601
213,18,200601
213,21,200601
213,11,200601
213,51,200601
213,97,200601
213,136,200601
213,17,200601
213,1,200601
213,4,200601
213,137,200601
214,51,200601
214,863,200601
214,248,200601
214,107,200601
214,346,200601
214,20,200601
214,11,200601
214,4,200601
215,51,200601
215,184,200601
216,85,200601
216,157,200601
216,274,200601
216,25,200601
216,160,200601
216,97,200601
217,195,200601
217,129,200601
217,6,200601
217,59,200601
220,115,200601
220,1169,200601
220,25,200601
220,137,200601
221,147,200601
221,502,200601
221,136,200601
222,51,200601
222,4,200601
222,748,200601
222,747,200601
222,248,200601
222,1169,200601
222,346,200601
222,10,200601
223,133,200601
223,30,200601
223,85,200601
223,164,200601
223,84,200601
223,88,200601
223,248,200601
223,69,200601
223,18,200601
223,4,200601
223,11,200601
224,904,200601
224,97,200601
224,433,200601
224,101,200601
224,58,200601
224,505,200601
224,160,200601
224,72,200601
224,198,200601
224,216,200601
224,126,200601
224,32,200601
224,85,200601
224,46,200601
224,99,200601
224,137,200601
224,29,200601
224,25,200601
224,146,200601
225,471,200601
225,110,200601
225,475,200601
225,472,200601
225,470,200601
225,378,200601
225,786,200601
225,377,200601
225,532,200601
225,196,200601
226,231,200601
226,604,200601
226,465,200601
226,110,200601
226,525,200601
226,586,200601
226,573,200601
226,590,200601
226,679,200601
226,572,200601
226,587,200601
226,470,200601
226,589,200601
226,554,200601
226,527,200601
226,605,200601
226,351,200601
227,11,200601
227,20,200601
227,183,200601
227,5,200601
227,4,200601
227,17,200601
227,268,200601
228,787,200601
228,11,200601
228,105,200601
228,183,200601
229,110,200601
229,925,200601
229,824,200601
229,669,200601
229,637,200601
229,351,200601
229,663,200601
230,634,200601
230,232,200601
230,639,200601
230,596,200601
230,641,200601
230,636,200601
230,640,200601
230,642,200601
230,635,200601
230,600,200601
230,525,200601
230,110,200601
230,185,200601
230,638,200601
230,594,200601
230,231,200601
230,229,200601
230,603,200601
230,253,200601
230,643,200601
230,225,200601
230,252,200601
231,232,200601
231,643,200601
231,644,200601
231,110,200601
231,576,200601
231,527,200601
231,465,200601
231,319,200601
231,575,200601
231,230,200601
231,603,200601
231,226,200601
231,639,200601
231,664,200601
231,600,200601
231,594,200601
231,605,200601
231,586,200601
231,599,200601
231,351,200601
232,605,200601
232,239,200601
232,254,200601
232,599,200601
232,664,200601
232,186,200601
232,558,200601
232,231,200601
232,257,200601
232,670,200601
232,425,200601
232,602,200601
232,260,200601
232,110,200601
232,525,200601
232,601,200601
232,255,200601
232,230,200601
232,603,200601
232,196,200601
232,229,200601
232,659,200601
232,644,200601
232,235,200601
232,575,200601
232,640,200601
232,259,200601
232,700,200601
232,258,200601
232,263,200601
232,645,200601
232,597,200601
232,252,200601
232,253,200601
232,600,200601
232,256,200601
232,658,200601
232,273,200601
232,591,200601
232,624,200601
232,661,200601
232,638,200601
232,596,200601
232,636,200601
232,559,200601
232,598,200601
232,586,200601
232,594,200601
232,576,200601
232,465,200601
232,560,200601
232,639,200601
232,351,200601
232,643,200601
232,319,200601
232,527,200601
233,144,200601
233,208,200601
233,132,200601
233,136,200601
233,9,200601
233,181,200601
233,21,200601
233,85,200601
233,32,200601
233,5,200601
233,18,200601
233,10,200601
234,738,200601
234,783,200601
234,762,200601
234,84,200601
234,132,200601
234,61,200601
234,160,200601
234,122,200601
234,802,200601
234,144,200601
234,123,200601
234,40,200601
234,117,200601
234,9,200601
234,32,200601
234,54,200601
234,137,200601
234,908,200601
234,77,200601
234,248,200601
234,1169,200601
234,18,200601
235,110,200601
235,1081,200601
235,190,200601
235,290,200601
235,1056,200601
235,867,200601
235,1381,200601
236,110,200601
236,627,200601
236,841,200601
236,525,200601
237,57,200601
237,47,200601
237,274,200601
237,24,200601
237,66,200601
237,163,200601
237,81,200601
237,46,200601
237,18,200601
237,146,200601
237,60,200601
237,6,200601
237,25,200601
237,32,200601
237,97,200601
238,177,200601
238,86,200601
238,164,200601
238,4,200601
238,11,200601
239,232,200601
239,273,200601
239,602,200601
239,603,200601
241,675,200601
241,45,200601
241,59,200601
241,35,200601
241,14,200601
241,322,200601
241,146,200601
242,81,200601
242,134,200601
242,40,200601
242,19,200601
242,46,200601
242,135,200601
242,54,200601
242,31,200601
242,18,200601
242,32,200601
242,1587,200601
242,29,200601
243,89,200601
243,28,200601
243,90,200601
243,7,200601
243,17,200601
243,20,200601
244,248,200601
244,137,200601
245,279,200601
245,732,200601
245,1161,200601
246,178,200601
247,107,200601
247,51,200601
247,17,200601
247,69,200601
247,433,200601
247,143,200601
247,175,200601
247,20,200601
247,138,200601
247,914,200601
247,23,200601
247,110,200601
247,11,200601
247,1,200601
247,77,200601
247,6,200601
247,274,200601
247,60,200601
247,748,200601
247,5,200601
247,46,200601
247,64,200601
247,747,200601
247,843,200601
248,750,200601
248,28,200601
248,51,200601
248,53,200601
248,214,200601
248,211,200601
248,184,200601
248,177,200601
248,50,200601
248,136,200601
248,1,200601
248,863,200601
248,183,200601
248,843,200601
248,223,200601
248,30,200601
248,4,200601
248,751,200601
248,107,200601
248,11,200601
249,60,200601
249,25,200601
249,41,200601
249,132,200601
249,156,200601
249,160,200601
249,97,200601
250,118,200601
250,176,200601
250,34,200601
250,46,200601
250,25,200601
250,160,200601
250,97,200601
251,154,200601
252,232,200601
252,254,200601
252,602,200601
252,230,200601
253,232,200601
253,254,200601
253,230,200601
253,600,200601
254,260,200601
254,232,200601
255,232,200601
255,259,200601
255,591,200601
255,260,200601
255,256,200601
255,257,200601
256,232,200601
256,597,200601
256,602,200601
256,263,200601
256,664,200601
256,260,200601
256,601,200601
256,255,200601
257,232,200601
257,700,200601
257,259,200601
257,273,200601
257,260,200601
257,255,200601
257,591,200601
258,232,200601
258,255,200601
258,273,200601
258,602,200601
259,255,200601
259,601,200601
259,232,200601
259,260,200601
260,256,200601
260,273,200601
260,258,200601
260,597,200601
260,232,200601
260,602,200601
260,601,200601
260,659,200601
260,255,200601
260,263,200601
260,664,200601
260,591,200601
260,257,200601
261,5,200601
261,165,200601
261,96,200601
261,61,200601
261,22,200601
261,107,200601
261,10,200601
261,136,200601
261,11,200601
261,1,200601
261,17,200601
261,20,200601
262,18,200601
262,205,200601
263,232,200601
263,260,200601
263,256,200601
263,258,200601
263,664,200601
263,597,200601
263,601,200601
265,433,200601
265,146,200601
265,165,200601
265,113,200601
265,31,200601
265,181,200601
265,26,200601
265,99,200601
265,28,200601
265,25,200601
265,346,200601
265,10,200601
265,18,200601
265,29,200601
265,136,200601
266,60,200601
266,100,200601
266,158,200601
266,83,200601
266,44,200601
266,97,200601
266,32,200601
266,194,200601
266,54,200601
266,161,200601
266,29,200601
266,61,200601
266,104,200601
266,15,200601
266,66,200601
266,129,200601
266,334,200601
266,79,200601
266,132,200601
266,170,200601
266,294,200601
266,138,200601
266,175,200601
266,195,200601
267,61,200601
267,154,200601
267,29,200601
268,11,200601
268,227,200601
268,51,200601
268,183,200601
268,17,200601
268,5,200601
268,4,200601
269,29,200601
269,433,200601
269,138,200601
269,63,200601
269,60,200601
269,32,200601
269,97,200601
270,181,200601
270,102,200601
270,57,200601
270,117,200601
270,276,200601
270,18,200601
270,137,200601
270,32,200601
270,29,200601
271,18,200601
273,258,200601
273,602,200601
273,659,200601
273,232,200601
274,40,200601
274,147,200601
274,401,200601
274,85,200601
274,6,200601
274,419,200601
274,81,200601
274,23,200601
274,433,200601
274,165,200601
274,390,200601
274,188,200601
274,100,200601
274,78,200601
274,341,200601
274,118,200601
274,152,200601
274,11,200601
274,17,200601
274,135,200601
274,2,200601
274,92,200601
274,97,200601
274,380,200601
274,13,200601
274,80,200601
274,1169,200601
274,18,200601
274,130,200601
274,47,200601
274,93,200601
274,0,200601
274,154,200601
274,9,200601
274,27,200601
274,149,200601
274,72,200601
274,116,200601
274,25,200601
274,124,200601
274,96,200601
274,115,200601
275,159,200601
275,154,200601
276,814,200601
276,54,200601
276,171,200601
276,270,200601
276,74,200601
276,18,200601
276,29,200601
276,32,200601
277,146,200601
277,19,200601
278,27,200601
278,76,200601
278,94,200601
278,25,200601
278,134,200601
278,288,200601
278,64,200601
278,18,200601
278,83,200601
278,160,200601
278,155,200601
278,24,200601
278,31,200601
278,342,200601
278,46,200601
278,19,200601
278,146,200601
278,26,200601
278,97,200601
279,212,200601
281,18,200601
281,63,200601
281,6,200601
281,160,200601
281,59,200601
281,1,200601
281,143,200601
281,100,200601
281,77,200601
281,16,200601
281,108,200601
281,384,200601
282,188,200601
282,904,200601
282,339,200601
282,29,200601
282,327,200601
282,542,200601
282,27,200601
282,1337,200601
282,890,200601
282,401,200601
282,836,200601
282,422,200601
282,131,200601
283,26,200601
284,129,200601
285,294,200601
285,739,200601
286,53,200601
286,25,200601
286,495,200601
287,143,200601
287,137,200601
287,31,200601
287,46,200601
287,813,200601
287,288,200601
287,19,200601
288,278,200601
288,287,200601
288,178,200601
288,97,200601
289,134,200601
289,13,200601
290,235,200601
290,110,200601
291,203,200601
291,87,200601
292,48,200601
292,29,200601
293,52,200601
294,455,200601
294,739,200601
294,285,200601
294,341,200601
294,141,200601
294,5,200601
294,266,200601
295,51,200601
296,138,200601
296,143,200601
296,154,200601
297,134,200601
297,313,200601
297,102,200601
297,26,200601
297,349,200601
297,1674,200601
297,13,200601
298,432,200601
298,18,200601
299,96,200601
299,130,200601
299,581,200601
299,492,200601
299,1,200601
299,136,200601
300,4,200601
301,317,200601
301,69,200601
301,183,200601
301,4,200601
303,6,200601
303,46,200601
303,160,200601
303,1,200601
303,17,200601
303,136,200601
303,18,200601
305,110,200601
305,830,200601
305,684,200601
305,427,200601
305,633,200601
305,4,200601
305,109,200601
306,110,200601
306,128,200601
306,427,200601
306,4,200601
306,109,200601
307,136,200601
307,137,200601
309,25,200601
309,57,200601
309,543,200601
309,40,200601
309,160,200601
309,137,200601
310,31,200601
311,3,200601
311,69,200601
311,872,200601
311,50,200601
311,4,200601
312,1562,200601
313,297,200601
313,13,200601
313,26,200601
313,349,200601
314,433,200601
314,53,200601
314,27,200601
314,154,200601
315,750,200601
315,20,200601
316,178,200601
316,32,200601
317,872,200601
317,69,200601
317,227,200601
317,301,200601
317,183,200601
317,11,200601
317,4,200601
318,35,200601
318,65,200601
318,160,200601
319,465,200601
319,231,200601
319,576,200601
319,575,200601
319,603,200601
319,527,200601
319,599,200601
319,644,200601
319,232,200601
320,46,200601
320,39,200601
320,19,200601
320,143,200601
320,26,200601
320,83,200601
320,13,200601
320,120,200601
320,142,200601
320,102,200601
320,154,200601
320,14,200601
320,4,200601
320,64,200601
320,16,200601
320,29,200601
320,6,200601
320,32,200601
320,146,200601
320,178,200601
320,97,200601
322,114,200601
323,778,200601
323,770,200601
323,89,200601
323,7,200601
326,160,200601
326,25,200601
327,143,200601
327,11,200601
327,309,200601
327,85,200601
327,2,200601
327,9,200601
327,58,200601
327,27,200601
327,25,200601
328,1329,200601
330,358,200601
330,147,200601
330,136,200601
330,11,200601
332,730,200601
332,163,200601
332,206,200601
332,32,200601
332,40,200601
332,19,200601
332,146,200601
332,64,200601
333,25,200601
333,534,200601
333,652,200601
333,346,200601
333,137,200601
334,294,200601
334,266,200601
335,29,200601
335,25,200601
335,188,200601
335,124,200601
336,53,200601
336,25,200601
336,9,200601
336,752,200601
336,136,200601
336,132,200601
336,534,200601
336,137,200601
338,40,200601
338,101,200601
338,52,200601
338,75,200601
338,97,200601
338,32,200601
338,19,200601
338,26,200601
339,499,200601
339,2,200601
339,31,200601
339,115,200601
339,24,200601
339,890,200601
339,149,200601
339,453,200601
339,160,200601
339,25,200601
339,47,200601
339,327,200601
339,175,200601
339,137,200601
339,282,200601
339,433,200601
339,27,200601
339,138,200601
339,118,200601
339,9,200601
339,81,200601
339,250,200601
339,100,200601
339,248,200601
340,25,200601
341,18,200601
341,85,200601
341,60,200601
341,154,200601
341,135,200601
341,29,200601
341,379,200601
341,25,200601
341,137,200601
341,97,200601
341,160,200601
342,157,200601
342,81,200601
342,101,200601
342,75,200601
342,278,200601
342,19,200601
342,178,200601
342,46,200601
342,97,200601
344,282,200601
344,346,200601
344,137,200601
345,536,200601
345,1,200601
346,784,200601
346,111,200601
346,407,200601
346,132,200601
346,502,200601
346,61,200601
346,137,200601
346,112,200601
346,133,200601
346,165,200601
346,5,200601
346,174,200601
346,537,200601
346,23,200601
346,122,200601
346,21,200601
346,28,200601
346,150,200601
346,136,200601
346,121,200601
346,211,200601
346,115,200601
346,148,200601
346,344,200601
346,214,200601
346,728,200601
346,177,200601
346,159,200601
346,69,200601
346,483,200601
346,4,200601
346,54,200601
346,135,200601
346,51,200601
346,233,200601
346,74,200601
346,163,200601
346,443,200601
346,44,200601
346,145,200601
346,181,200601
346,222,200601
346,104,200601
346,265,200601
346,18,200601
347,769,200601
347,97,200601
348,23,200601
348,17,200601
349,102,200601
349,134,200601
349,313,200601
349,1674,200601
349,297,200601
349,13,200601
351,572,200601
351,525,200601
351,226,200601
351,498,200601
351,554,200601
351,352,200601
351,589,200601
351,660,200601
351,607,200601
351,110,200601
351,232,200601
351,465,200601
351,574,200601
351,586,200601
351,760,200601
351,587,200601
351,679,200601
351,606,200601
351,590,200601
351,573,200601
351,225,200601
351,484,200601
351,596,200601
351,564,200601
351,575,200601
351,196,200601
351,604,200601
351,565,200601
351,605,200601
351,532,200601
352,622,200601
352,525,200601
352,625,200601
352,564,200601
352,532,200601
352,477,200601
352,621,200601
352,565,200601
352,484,200601
352,110,200601
352,626,200601
352,623,200601
352,579,200601
352,678,200601
352,694,200601
352,693,200601
352,805,200601
352,196,200601
352,424,200601
352,679,200601
352,590,200601
352,351,200601
352,225,200601
353,17,200601
354,1,200601
354,397,200601
354,1088,200601
354,16,200601
354,64,200601
354,36,200601
354,46,200601
354,739,200601
354,160,200601
354,54,200601
354,6,200601
355,327,200601
355,156,200601
355,336,200601
355,393,200601
355,286,200601
355,39,200601
355,99,200601
355,54,200601
355,152,200601
355,2,200601
355,77,200601
355,154,200601
355,108,200601
355,25,200601
355,137,200601
355,160,200601
355,97,200601
357,1259,200601
357,1286,200601
357,1129,200601
358,147,200601
358,169,200601
358,136,200601
359,891,200601
359,136,200601
360,889,200601
360,899,200601
360,40,200601
361,136,200601
362,102,200601
362,276,200601
362,39,200601
362,38,200601
362,154,200601
362,6,200601
362,12,200601
362,29,200601
362,14,200601
362,178,200601
362,40,200601
362,16,200601
362,32,200601
362,19,200601
362,146,200601
363,196,200601
363,366,200601
364,402,200601
364,196,200601
364,551,200601
364,366,200601
365,196,200601
366,365,200601
366,196,200601
366,551,200601
366,402,200601
366,364,200601
366,363,200601
367,196,200601
368,27,200601
369,40,200601
371,307,200601
371,23,200601
371,136,200601
371,6,200601
371,29,200601
371,17,200601
371,25,200601
371,137,200601
372,147,200601
372,166,200601
372,1169,200601
372,136,200601
373,40,200601
374,95,200601
374,40,200601
375,139,200601
375,143,200601
375,433,200601
375,101,200601
375,97,200601
375,224,200601
375,35,200601
375,39,200601
375,19,200601
375,100,200601
375,182,200601
375,281,200601
375,132,200601
375,15,200601
375,79,200601
375,6,200601
375,48,200601
375,154,200601
375,40,200601
375,29,200601
375,16,200601
375,32,200601
376,1,200601
376,136,200601
377,196,200601
377,472,200601
377,412,200601
377,378,200601
377,225,200601
377,471,200601
378,196,200601
378,489,200601
378,472,200601
378,471,200601
378,475,200601
378,377,200601
378,412,200601
378,225,200601
379,16,200601
379,309,200601
379,154,200601
379,160,200601
380,274,200601
380,136,200601
380,64,200601
380,32,200601
381,142,200601
381,1086,200601
381,40,200601
383,667,200601
384,27,200601
384,111,200601
384,375,200601
385,5,200601
385,25,200601
387,176,200601
387,19,200601
388,154,200601
389,732,200601
389,1818,200601
390,25,200601
390,137,200601
391,392,200601
393,0,200601
393,118,200601
393,25,200601
393,160,200601
393,97,200601
394,154,200601
395,1,200601
395,17,200601
398,97,200601
400,196,200601
401,48,200601
401,274,200601
401,83,200601
402,364,200601
402,366,200601
402,196,200601
407,61,200601
407,346,200601
407,18,200601
408,18,200601
409,196,200601
410,413,200601
410,18,200601
412,378,200601
412,196,200601
413,410,200601
413,18,200601
415,61,200601
415,416,200601
415,136,200601
415,18,200601
416,415,200601
416,18,200601
419,143,200601
419,274,200601
420,890,200601
420,1180,200601
420,54,200601
420,32,200601
422,430,200601
422,440,200601
422,234,200601
422,282,200601
422,18,200601
423,18,200601
424,196,200601
424,110,200601
424,425,200601
424,532,200601
424,352,200601
424,469,200601
424,476,200601
424,1158,200601
424,448,200601
424,1114,200601
424,478,200601
424,477,200601
424,506,200601
425,424,200601
425,110,200601
425,196,200601
425,352,200601
425,794,200601
425,478,200601
425,1114,200601
425,1158,200601
425,506,200601
426,143,200601
426,18,200601
426,737,200601
426,436,200601
427,109,200601
427,110,200601
427,4,200601
427,128,200601
427,127,200601
427,306,200601
427,610,200601
427,612,200601
427,614,200601
427,567,200601
427,616,200601
427,613,200601
428,97,200601
429,181,200601
429,32,200601
430,54,200601
430,144,200601
430,1205,200601
430,18,200601
432,298,200601
432,18,200601
433,314,200601
433,96,200601
433,155,200601
433,39,200601
433,80,200601
433,15,200601
433,163,200601
433,18,200601
433,0,200601
433,501,200601
433,55,200601
433,29,200601
433,160,200601
433,157,200601
433,100,200601
433,195,200601
433,134,200601
433,25,200601
433,27,200601
433,72,200601
433,51,200601
433,14,200601
433,9,200601
433,83,200601
433,176,200601
433,38,200601
433,104,200601
433,108,200601
433,35,200601
433,2,200601
433,224,200601
433,110,200601
433,102,200601
433,30,200601
433,40,200601
433,46,200601
433,247,200601
433,265,200601
433,69,200601
433,13,200601
433,274,200601
433,45,200601
433,120,200601
433,126,200601
433,10,200601
433,6,200601
433,11,200601
433,138,200601
433,60,200601
433,141,200601
433,93,200601
433,34,200601
433,43,200601
433,375,200601
433,20,200601
433,115,200601
433,131,200601
433,54,200601
433,98,200601
433,64,200601
433,188,200601
433,41,200601
433,124,200601
433,28,200601
433,52,200601
433,76,200601
433,3,200601
433,79,200601
433,132,200601
433,57,200601
433,197,200601
433,140,200601
433,144,200601
433,137,200601
433,5,200601
433,58,200601
433,156,200601
433,112,200601
433,269,200601
433,31,200601
433,339,200601
433,78,200601
433,66,200601
433,53,200601
433,32,200601
433,1,200601
433,12,200601
433,136,200601
433,139,200601
433,59,200601
433,779,200601
433,17,200601
433,142,200601
433,16,200601
433,19,200601
433,101,200601
433,181,200601
433,85,200601
433,22,200601
433,97,200601
433,121,200601
433,61,200601
433,154,200601
433,118,200601
433,23,200601
433,48,200601
433,117,200601
433,180,200601
434,6,200601
434,14,200601
434,62,200601
434,13,200601
434,19,200601
435,160,200601
435,97,200601
436,234,200601
436,143,200601
436,18,200601
436,426,200601
440,814,200601
440,54,200601
443,430,200601
443,12,200601
443,346,200601
443,1169,200601
443,18,200601
444,108,200601
445,29,200601
445,160,200601
445,46,200601
447,196,200601
447,489,200601
448,489,200601
448,476,200601
448,424,200601
448,196,200601
449,64,200601
452,97,200601
455,512,200601
455,375,200601
455,294,200601
455,143,200601
455,97,200601
457,914,200601
457,245,200601
457,495,200601
458,97,200601
458,46,200601
459,453,200601
460,160,200601
460,27,200601
463,18,200601
463,45,200601
463,782,200601
463,54,200601
463,108,200601
463,83,200601
463,40,200601
463,14,200601
463,135,200601
463,31,200601
463,13,200601
465,560,200601
465,527,200601
465,576,200601
465,110,200601
465,232,200601
465,319,200601
465,643,200601
465,604,200601
465,644,200601
465,603,200601
465,599,200601
465,575,200601
465,231,200601
465,586,200601
469,476,200601
469,424,200601
470,226,200601
470,636,200601
470,663,200601
470,196,200601
470,475,200601
470,472,200601
470,110,200601
470,471,200601
470,225,200601
471,196,200601
471,412,200601
471,472,200601
471,475,200601
471,470,200601
471,378,200601
471,225,200601
471,377,200601
472,196,200601
472,377,200601
472,225,200601
472,378,200601
472,470,200601
472,489,200601
473,556,200601
473,186,200601
473,474,200601
474,110,200601
474,947,200601
474,922,200601
474,665,200601
474,185,200601
474,651,200601
474,825,200601
474,186,200601
474,650,200601
474,559,200601
474,473,200601
474,997,200601
474,630,200601
475,110,200601
475,196,200601
475,470,200601
475,472,200601
475,378,200601
475,225,200601
476,477,200601
476,424,200601
476,469,200601
476,532,200601
476,506,200601
476,425,200601
476,448,200601
477,424,200601
477,469,200601
477,352,200601
477,476,200601
477,532,200601
478,196,200601
478,506,200601
478,366,200601
478,476,200601
478,424,200601
478,425,200601
479,196,200601
480,368,200601
480,27,200601
480,136,200601
482,35,200601
482,14,200601
483,85,200601
483,116,200601
483,248,200601
483,346,200601
483,25,200601
483,137,200601
484,352,200601
484,625,200601
484,678,200601
484,579,200601
484,626,200601
484,621,200601
484,622,200601
484,694,200601
485,539,200601
489,225,200601
489,447,200601
489,472,200601
489,196,200601
490,752,200601
490,27,200601
491,151,200601
492,299,200601
492,136,200601
493,23,200601
493,28,200601
493,17,200601
494,225,200601
495,544,200601
495,81,200601
495,549,200601
495,25,200601
495,137,200601
496,25,200601
496,318,200601
496,35,200601
496,9,200601
498,351,200601
501,914,200601
501,107,200601
501,23,200601
501,433,200601
501,10,200601
501,103,200601
501,132,200601
501,138,200601
501,143,200601
502,12,200601
502,728,200601
502,346,200601
502,1169,200601
502,136,200601
503,154,200601
504,196,200601
505,397,200601
506,196,200601
506,476,200601
506,425,200601
506,424,200601
510,73,200601
510,101,200601
510,97,200601
512,80,200601
512,455,200601
512,160,200601
513,282,200601
513,187,200601
516,196,200601
519,65,200601
521,27,200601
521,885,200601
521,137,200601
522,154,200601
523,40,200601
525,1030,200601
525,932,200601
525,1087,200601
525,726,200601
525,110,200601
525,583,200601
525,683,200601
525,584,200601
525,582,200601
525,725,200601
525,716,200601
525,851,200601
525,585,200601
525,961,200601
525,847,200601
525,1089,200601
525,962,200601
525,236,200601
525,627,200601
526,196,200601
526,110,200601
527,226,200601
527,465,200601
527,603,200601
527,231,200601
527,232,200601
527,604,200601
527,575,200601
527,644,200601
527,586,200601
527,599,200601
527,576,200601
527,319,200601
528,196,200601
530,73,200601
530,310,200601
530,98,200601
531,890,200601
532,196,200601
532,477,200601
532,622,200601
532,623,200601
532,352,200601
532,424,200601
532,621,200601
532,351,200601
534,131,200601
534,85,200601
534,333,200601
534,136,200601
534,65,200601
534,132,200601
534,336,200601
534,1169,200601
536,345,200601
536,1,200601
537,346,200601
537,136,200601
540,97,200601
543,393,200601
543,65,200601
543,141,200601
543,73,200601
543,97,200601
543,160,200601
544,74,200601
544,495,200601
544,339,200601
544,47,200601
544,77,200601
544,85,200601
544,80,200601
544,100,200601
544,176,200601
544,6,200601
544,25,200601
544,83,200601
544,22,200601
544,98,200601
544,73,200601
544,159,200601
544,46,200601
544,154,200601
544,60,200601
544,26,200601
544,18,200601
544,32,200601
544,11,200601
544,160,200601
544,97,200601
544,29,200601
544,17,200601
544,136,200601
544,146,200601
544,137,200601
545,197,200601
545,546,200601
545,32,200601
546,545,200601
546,32,200601
547,196,200601
548,10,200601
548,11,200601
549,40,200601
549,35,200601
551,365,200601
551,196,200601
551,366,200601
551,364,200601
552,28,200601
552,85,200601
552,2,200601
552,97,200601
552,115,200601
552,18,200601
552,149,200601
552,25,200601
552,160,200601
552,72,200601
552,5,200601
552,4,200601
552,188,200601
552,29,200601
552,34,200601
552,48,200601
552,17,200601
552,23,200601
552,96,200601
554,351,200601
554,587,200601
554,110,200601
554,604,200601
555,186,200601
556,186,200601
558,186,200601
558,110,200601
558,561,200601
558,232,200601
558,560,200601
559,186,200601
559,473,200601
560,561,200601
560,257,200601
560,232,200601
560,186,200601
560,558,200601
560,110,200601
561,186,200601
561,558,200601
561,560,200601
563,569,200601
563,673,200601
563,616,200601
563,609,200601
563,688,200601
563,733,200601
563,611,200601
563,674,200601
563,567,200601
563,610,200601
563,1150,200601
563,734,200601
563,618,200601
563,568,200601
563,612,200601
563,1641,200601
563,566,200601
563,617,200601
563,614,200601
563,570,200601
563,686,200601
563,680,200601
563,616,200601
564,352,200601
564,694,200601
564,351,200601
564,565,200601
564,622,200601
565,352,200601
565,564,200601
565,694,200601
565,484,200601
565,622,200601
565,590,200601
565,351,200601
565,621,200601
566,563,200601
567,427,200601
567,563,200601
568,563,200601
569,563,200601
570,563,200601
571,186,200601
572,589,200601
572,604,200601
572,590,200601
572,573,200601
572,574,200601
572,226,200601
572,351,200601
572,607,200601
573,226,200601
573,590,200601
573,572,200601
573,575,200601
573,589,200601
573,604,200601
573,351,200601
574,590,200601
574,572,200601
574,589,200601
574,110,200601
574,586,200601
574,351,200601
575,576,200601
575,643,200601
575,573,200601
575,351,200601
575,232,200601
575,231,200601
575,319,200601
575,527,200601
575,605,200601
575,599,200601
575,465,200601
575,639,200601
575,603,200601
575,644,200601
576,465,200601
576,575,200601
576,319,200601
576,232,200601
576,231,200601
576,643,200601
576,644,200601
576,527,200601
578,196,200601
579,352,200601
579,694,200601
579,626,200601
579,625,200601
579,484,200601
579,621,200601
579,532,200601
582,525,200601
585,525,200601
586,573,200601
586,604,200601
586,225,200601
586,527,200601
586,226,200601
586,574,200601
586,351,200601
586,587,200601
587,679,200601
587,110,200601
587,589,200601
587,554,200601
587,351,200601
587,586,200601
588,34,200601
588,27,200601
588,136,200601
589,604,200601
589,574,200601
589,590,200601
589,572,200601
589,226,200601
589,573,200601
589,679,200601
589,351,200601
590,229,200601
590,351,200601
590,572,200601
590,589,200601
590,604,200601
590,226,200601
590,573,200601
590,574,200601
590,352,200601
590,554,200601
590,565,200601
591,232,200601
591,700,200601
591,602,200601
591,186,200601
591,257,200601
591,255,200601
591,185,200601
591,260,200601
592,593,200601
592,109,200601
593,592,200601
593,109,200601
593,676,200601
594,230,200601
594,232,200601
594,596,200601
594,636,200601
594,602,200601
594,470,200601
594,640,200601
594,600,200601
594,229,200601
595,667,200601
595,196,200601
596,230,200601
596,594,200601
596,229,200601
596,636,200601
596,573,200601
596,231,200601
596,640,200601
596,639,200601
596,232,200601
597,232,200601
597,601,200601
597,658,200601
597,260,200601
597,670,200601
597,664,200601
597,263,200601
598,232,200601
599,110,200601
599,231,200601
599,232,200601
599,602,200601
599,465,200601
599,644,200601
599,605,200601
599,575,200601
599,527,200601
599,319,200601
599,643,200601
600,232,200601
600,596,200601
600,230,200601
600,231,200601
600,639,200601
600,602,200601
600,253,200601
601,232,200601
601,256,200601
601,602,200601
601,597,200601
601,273,200601
601,664,200601
601,260,200601
601,263,200601
602,110,200601
602,664,200601
602,591,200601
602,601,200601
602,273,200601
602,257,200601
602,260,200601
602,659,200601
602,186,200601
602,258,200601
602,232,200601
603,231,200601
603,527,200601
603,596,200601
603,465,200601
603,232,200601
603,643,200601
603,639,200601
603,644,200601
603,239,200601
603,319,200601
603,575,200601
604,351,200601
604,465,200601
604,573,200601
604,527,200601
604,602,200601
604,586,200601
604,226,200601
604,589,200601
604,607,200601
604,110,200601
605,599,200601
605,232,200601
605,575,200601
605,670,200601
605,597,200601
605,644,200601
605,231,200601
605,226,200601
605,351,200601
605,186,200601
606,660,200601
606,607,200601
606,351,200601
606,110,200601
606,679,200601
607,351,200601
607,679,200601
607,606,200601
607,590,200601
607,660,200601
609,563,200601
610,563,200601
610,427,200601
611,563,200601
612,563,200601
612,427,200601
613,427,200601
614,427,200601
614,563,200601
614,948,200601
616,427,200601
616,563,200601
617,563,200601
618,427,200601
618,563,200601
620,186,200601
621,352,200601
621,579,200601
621,484,200601
621,565,200601
621,626,200601
621,694,200601
621,678,200601
621,622,200601
621,625,200601
621,532,200601
622,352,200601
622,532,200601
622,623,200601
622,621,200601
622,694,200601
622,625,200601
622,484,200601
622,565,200601
623,532,200601
623,352,200601
623,694,200601
623,622,200601
624,658,200601
624,231,200601
624,664,200601
624,670,200601
624,232,200601
625,484,200601
625,678,200601
625,626,200601
625,621,200601
625,579,200601
625,694,200601
625,622,200601
625,352,200601
626,352,200601
626,678,200601
626,621,200601
626,694,200601
626,625,200601
626,484,200601
626,579,200601
627,110,200601
627,236,200601
627,646,200601
627,649,200601
627,648,200601
627,525,200601
628,629,200601
628,109,200601
629,628,200601
629,109,200601
630,650,200601
630,186,200601
630,474,200601
630,110,200601
630,997,200601
633,110,200601
633,305,200601
633,427,200601
633,4,200601
633,109,200601
634,232,200601
634,635,200601
634,643,200601
634,230,200601
635,230,200601
635,638,200601
635,232,200601
635,634,200601
635,641,200601
636,230,200601
636,412,200601
636,232,200601
636,594,200601
636,596,200601
636,640,200601
636,229,200601
637,641,200601
637,229,200601
638,230,200601
638,635,200601
638,232,200601
639,230,200601
639,232,200601
639,659,200601
639,231,200601
639,600,200601
639,474,200601
639,603,200601
639,643,200601
639,575,200601
639,644,200601
640,230,200601
640,232,200601
640,596,200601
640,229,200601
640,110,200601
640,636,200601
640,594,200601
641,230,200601
641,642,200601
641,635,200601
642,230,200601
642,635,200601
642,232,200601
642,637,200601
643,465,200601
643,575,200601
643,596,200601
643,600,200601
643,230,200601
643,319,200601
643,634,200601
643,576,200601
643,231,200601
643,603,200601
643,639,200601
643,644,200601
643,527,200601
643,232,200601
643,599,200601
644,576,200601
644,605,200601
644,232,200601
644,599,200601
644,465,200601
644,603,200601
644,231,200601
644,643,200601
644,664,200601
644,639,200601
644,319,200601
644,575,200601
646,649,200601
646,627,200601
646,648,200601
647,841,200601
647,765,200601
647,719,200601
647,1002,200601
647,632,200601
648,649,200601
648,627,200601
648,646,200601
649,648,200601
649,646,200601
649,627,200601
650,651,200601
650,185,200601
650,186,200601
650,630,200601
650,474,200601
650,110,200601
651,185,200601
651,474,200601
651,665,200601
652,14,200601
652,135,200601
652,1122,200601
652,752,200601
652,1233,200601
653,389,200601
656,186,200601
656,698,200601
656,185,200601
656,657,200601
657,947,200601
657,186,200601
657,698,200601
657,656,200601
657,697,200601
657,200,200601
657,937,200601
657,185,200601
658,624,200601
658,601,200601
658,664,200601
658,670,200601
658,232,200601
659,273,200601
659,232,200601
659,602,200601
659,253,200601
660,351,200601
660,679,200601
660,572,200601
660,606,200601
660,607,200601
661,263,200601
661,256,200601
661,232,200601
661,664,200601
661,670,200601
663,925,200601
663,196,200601
663,229,200601
664,232,200601
664,110,200601
664,661,200601
664,256,200601
664,601,200601
664,624,200601
664,231,200601
664,670,200601
664,658,200601
664,260,200601
664,597,200601
664,644,200601
665,651,200601
665,650,200601
665,474,200601
665,185,200601
665,997,200601
666,35,200601
666,64,200601
666,121,200601
666,114,200601
667,595,200601
667,668,200601
667,857,200601
667,383,200601
667,367,200601
667,489,200601
667,196,200601
668,667,200601
669,229,200601
670,664,200601
670,602,200601
670,661,200601
670,597,200601
670,624,200601
670,232,200601
671,25,200601
671,137,200601
673,563,200601
674,563,200601
674,566,200601
675,45,200601
675,35,200601
675,59,200601
676,677,200601
676,109,200601
677,676,200601
677,109,200601
678,352,200601
678,626,200601
678,625,200601
678,484,200601
678,621,200601
679,352,200601
679,351,200601
679,606,200601
679,565,200601
679,607,200601
679,110,200601
679,660,200601
679,554,200601
679,226,200601
680,563,200601
681,196,200601
684,110,200601
686,563,200601
688,563,200601
688,734,200601
693,352,200601
693,622,200601
694,352,200601
694,525,200601
694,110,200601
694,564,200601
694,622,200601
694,565,200601
694,579,200601
694,621,200601
694,625,200601
694,626,200601
694,623,200601
694,351,200601
694,484,200601
697,186,200601
697,185,200601
697,656,200601
697,657,200601
697,937,200601
698,110,200601
698,657,200601
698,186,200601
698,937,200601
698,947,200601
698,200,200601
698,185,200601
700,257,200601
700,232,200601
700,591,200601
703,95,200601
703,858,200601
703,64,200601
705,196,200601
706,1015,200601
706,11,200601
710,10,200601
719,647,200601
719,110,200601
720,960,200601
720,114,200601
722,54,200601
722,40,200601
723,109,200601
724,723,200601
724,109,200601
728,12,200601
728,346,200601
728,136,200601
729,109,200601
730,332,200601
730,64,200601
732,322,200601
732,1040,200601
733,563,200601
734,563,200601
734,688,200601
736,745,200601
736,21,200601
736,832,200601
736,761,200601
736,20,200601
737,18,200601
738,234,200601
738,123,200601
738,762,200601
738,136,200601
739,242,200601
739,294,200601
739,14,200601
739,54,200601
739,19,200601
739,6,200601
739,64,200601
739,97,200601
739,142,200601
739,18,200601
739,108,200601
739,285,200601
740,85,200601
741,295,200601
741,795,200601
741,51,200601
742,180,200601
742,766,200601
742,14,200601
742,142,200601
742,6,200601
742,119,200601
742,126,200601
742,208,200601
742,896,200601
742,55,200601
742,13,200601
744,99,200601
744,46,200601
745,755,200601
745,21,200601
746,875,200601
746,59,200601
746,444,200601
747,748,200601
747,1424,200601
747,1421,200601
747,222,200601
747,247,200601
748,222,200601
748,747,200601
748,1421,200601
748,247,200601
749,348,200601
750,987,200601
750,315,200601
750,248,200601
750,150,200601
750,199,200601
750,1010,200601
750,751,200601
750,817,200601
750,764,200601
750,826,200601
750,210,200601
751,248,200601
751,750,200601
752,27,200601
752,17,200601
752,490,200601
752,336,200601
752,652,200601
752,114,200601
753,84,200601
753,783,200601
753,30,200601
754,783,200601
754,753,200601
754,30,200601
755,21,200601
756,96,200601
757,116,200601
757,136,200601
757,96,200601
760,351,200601
761,866,200601
761,736,200601
761,51,200601
761,21,200601
761,17,200601
761,20,200601
762,234,200601
762,122,200601
762,738,200601
762,136,200601
764,501,200601
764,10,200601
764,112,200601
764,817,200601
764,750,200601
765,647,200601
766,119,200601
766,742,200601
766,6,200601
766,180,200601
766,55,200601
766,13,200601
768,48,200601
769,48,200601
769,41,200601
769,100,200601
769,73,200601
769,135,200601
769,80,200601
769,59,200601
769,60,200601
769,99,200601
769,347,200601
769,108,200601
769,35,200601
769,139,200601
769,97,200601
770,778,200601
770,323,200601
770,89,200601
770,7,200601
772,60,200601
775,68,200601
775,30,200601
776,30,200601
777,299,200601
777,96,200601
778,89,200601
778,7,200601
778,770,200601
778,323,200601
778,8,200601
781,10,200601
781,548,200601
781,17,200601
781,11,200601
782,463,200601
782,19,200601
782,46,200601
783,775,200601
783,68,200601
783,776,200601
783,753,200601
783,30,200601
784,1,200601
786,898,200601
786,110,200601
786,917,200601
786,225,200601
787,11,200601
787,268,200601
787,105,200601
787,183,200601
793,13,200601
795,33,200601
795,51,200601
796,210,200601
797,97,200601
797,46,200601
799,14,200601
799,40,200601
799,99,200601
799,46,200601
799,19,200601
801,204,200601
801,96,200601
802,234,200601
803,27,200601
803,12,200601
804,27,200601
804,12,200601
805,352,200601
805,621,200601
806,49,200601
807,3,200601
807,69,200601
808,110,200601
813,76,200601
813,54,200601
813,16,200601
813,146,200601
813,19,200601
813,46,200601
814,54,200601
814,44,200601
814,276,200601
817,5,200601
817,764,200601
817,750,200601
819,5,200601
824,229,200601
825,474,200601
826,987,200601
826,750,200601
828,90,200601
828,7,200601
828,89,200601
830,110,200601
832,21,200601
832,20,200601
833,389,200601
834,588,200601
834,27,200601
834,136,200601
836,282,200601
839,525,200601
840,109,200601
841,647,200601
841,236,200601
841,110,200601
842,51,200601
843,4,200601
843,248,200601
843,247,200601
844,1181,200601
847,525,200601
851,525,200601
857,667,200601
858,730,200601
858,703,200601
858,64,200601
860,126,200601
860,206,200601
860,182,200601
860,99,200601
860,195,200601
860,39,200601
860,146,200601
860,41,200601
860,19,200601
860,46,200601
860,60,200601
860,13,200601
860,26,200601
860,97,200601
861,667,200601
862,136,200601
863,23,200601
863,248,200601
863,10,200601
863,17,200601
864,109,200601
866,21,200601
866,184,200601
866,761,200601
866,51,200601
866,17,200601
866,20,200601
867,235,200601
869,904,200601
871,160,200601
874,978,200601
874,27,200601
875,59,200601
875,746,200601
878,1090,200601
878,30,200601
879,247,200601
879,5,200601
885,521,200601
885,27,200601
885,137,200601
886,110,200601
888,154,200601
889,360,200601
889,899,200601
889,40,200601
890,77,200601
891,359,200601
891,136,200601
893,40,200601
894,1,200601
896,14,200601
896,208,200601
896,742,200601
896,13,200601
897,201,200601
897,190,200601
898,786,200601
899,40,200601
900,73,200601
900,98,200601
900,65,200601
900,101,200601
900,46,200601
906,23,200601
906,132,200601
906,11,200601
906,2,200601
906,10,200601
906,17,200601
906,20,200601
906,1,200601
908,423,200601
908,18,200601
909,407,200601
909,18,200601
913,109,200601
914,1,200601
914,20,200601
914,247,200601
914,22,200601
914,110,200601
914,183,200601
914,51,200601
914,107,200601
914,96,200601
914,17,200601
914,11,200601
914,10,200601
914,501,200601
914,9,200601
914,496,200601
917,786,200601
919,77,200601
920,190,200601
922,630,200601
922,186,200601
922,651,200601
922,185,200601
922,997,200601
922,474,200601
925,229,200601
925,663,200601
926,185,200601
935,543,200601
935,160,200601
937,200,200601
937,656,200601
937,698,200601
937,697,200601
937,657,200601
937,185,200601
941,136,200601
941,1,200601
947,937,200601
947,1026,200601
947,1016,200601
947,656,200601
947,697,200601
947,186,200601
947,698,200601
947,185,200601
947,110,200601
948,614,200601
948,127,200601
950,136,200601
958,305,200601
960,114,200601
961,1089,200601
961,525,200601
962,1089,200601
962,525,200601
968,136,200601
969,10,200601
978,125,200601
981,982,200601
981,136,200601
982,981,200601
982,136,200601
987,750,200601
987,826,200601
988,136,200601
989,136,200601
993,110,200601
995,996,200601
995,1118,200601
995,13,200601
996,995,200601
996,1118,200601
996,13,200601
997,651,200601
997,922,200601
997,186,200601
997,630,200601
997,185,200601
997,474,200601
1002,647,200601
1010,210,200601
1013,458,200601
1015,70,200601
1015,706,200601
1015,11,200601
1016,186,200601
1016,110,200601
1016,185,200601
1017,1291,200601
1017,137,200601
1019,186,200601
1020,40,200601
1022,40,200601
1026,947,200601
1030,962,200601
1030,1087,200601
1030,525,200601
1030,897,200601
1030,185,200601
1040,322,200601
1044,1562,200601
1052,205,200601
1052,97,200601
1056,235,200601
1057,750,200601
1057,210,200601
1065,40,200601
1065,64,200601
1065,46,200601
1070,4,200601
1075,129,200601
1081,1056,200601
1081,235,200601
1082,1129,200601
1085,890,200601
1086,381,200601
1086,40,200601
1087,1030,200601
1087,962,200601
1087,525,200601
1088,54,200601
1088,19,200601
1088,354,200601
1089,962,200601
1089,525,200601
1090,878,200601
1090,30,200601
1103,8,200601
1103,7,200601
1103,89,200601
1112,110,200601
1114,1885,200601
1114,424,200601
1114,425,200601
1114,1158,200601
1118,995,200601
1118,13,200601
1122,652,200601
1129,129,200601
1129,1082,200601
1129,357,200601
1129,173,200601
1134,196,200601
1134,110,200601
1138,196,200601
1150,563,200601
1151,69,200601
1158,424,200601
1158,425,200601
1158,1114,200601
1161,322,200601
1161,389,200601
1169,53,200601
1169,21,200601
1169,30,200601
1169,372,200601
1169,274,200601
1169,147,200601
1169,4,200601
1169,136,200601
1169,69,200601
1169,116,200601
1169,85,200601
1169,54,200601
1169,534,200601
1169,74,200601
1169,92,200601
1169,131,200601
1169,221,200601
1169,44,200601
1169,47,200601
1169,149,200601
1169,234,200601
1169,443,200601
1169,220,200601
1169,222,200601
1169,238,200601
1180,420,200601
1180,54,200601
1183,190,200601
1190,137,200601
1205,430,200601
1205,54,200601
1211,322,200601
1233,833,200601
1239,525,200601
1259,357,200601
1259,1286,200601
1261,1262,200601
1269,96,200601
1286,357,200601
1286,1259,200601
1291,1017,200601
1291,137,200601
1329,322,200601
1355,1,200601
1381,235,200601
1408,89,200601
1417,13,200601
1421,748,200601
1421,747,200601
1424,747,200601
1424,810,200601
1424,4,200601
1482,154,200601
1562,322,200601
1580,154,200601
1587,242,200601
1591,1020,200601
1641,563,200601
1674,349,200601
1674,297,200601
1815,1904,200601
1885,424,200601
1904,1815,200601
