i,j,t
0,26,201101
0,160,201101
0,188,201101
0,60,201101
0,25,201101
0,108,201101
0,101,201101
0,143,201101
0,17,201101
0,23,201101
0,552,201101
0,342,201101
0,180,201101
0,113,201101
0,155,201101
0,120,201101
0,18,201101
0,52,201101
0,122,201101
0,16,201101
0,83,201101
0,124,201101
0,40,201101
0,142,201101
0,107,201101
0,45,201101
0,12,201101
0,96,201101
0,135,201101
0,32,201101
0,154,201101
0,106,201101
0,64,201101
0,72,201101
0,99,201101
0,115,201101
0,20,201101
0,9,201101
0,119,201101
0,2,201101
0,149,201101
0,19,201101
0,92,201101
0,165,201101
0,82,201101
0,97,201101
0,6,201101
0,46,201101
0,77,201101
0,112,201101
0,133,201101
0,51,201101
0,102,201101
0,146,201101
0,21,201101
0,5,201101
0,44,201101
0,13,201101
0,544,201101
0,341,201101
0,281,201101
0,4,201101
0,38,201101
0,81,201101
0,100,201101
0,11,201101
0,27,201101
0,85,201101
0,28,201101
0,136,201101
0,29,201101
0,14,201101
0,54,201101
0,80,201101
0,1,201101
0,48,201101
0,31,201101
0,10,201101
0,35,201101
0,59,201101
0,274,201101
0,137,201101
1,1236,201101
1,160,201101
1,209,201101
1,28,201101
1,23,201101
1,143,201101
1,175,201101
1,136,201101
1,552,201101
1,784,201101
1,5,201101
1,121,201101
1,89,201101
1,10,201101
1,207,201101
1,96,201101
1,4,201101
1,146,201101
1,112,201101
1,77,201101
1,87,201101
1,93,201101
1,61,201101
1,336,201101
1,741,201101
1,99,201101
1,133,201101
1,100,201101
1,36,201101
1,139,201101
1,19,201101
1,17,201101
1,0,201101
1,72,201101
1,6,201101
1,9,201101
1,274,201101
1,113,201101
1,180,201101
1,21,201101
1,142,201101
1,51,201101
1,116,201101
1,119,201101
1,38,201101
1,299,201101
1,108,201101
1,60,201101
1,149,201101
1,70,201101
1,14,201101
1,54,201101
1,85,201101
1,64,201101
1,11,201101
1,16,201101
1,80,201101
1,31,201101
1,1355,201101
1,941,201101
1,52,201101
1,33,201101
1,26,201101
1,250,201101
1,20,201101
1,154,201101
1,47,201101
1,12,201101
1,152,201101
1,13,201101
1,83,201101
1,150,201101
1,69,201101
1,107,201101
1,183,201101
1,40,201101
1,27,201101
1,25,201101
1,115,201101
1,376,201101
1,165,201101
1,130,201101
1,2,201101
1,261,201101
1,243,201101
1,18,201101
1,22,201101
1,124,201101
1,59,201101
1,102,201101
1,110,201101
1,155,201101
1,32,201101
1,132,201101
1,81,201101
1,35,201101
1,48,201101
1,97,201101
1,8,201101
1,906,201101
1,211,201101
1,7,201101
1,37,201101
1,189,201101
1,213,201101
1,92,201101
1,29,201101
1,137,201101
1,135,201101
1,46,201101
2,282,201101
2,143,201101
2,32,201101
2,160,201101
2,552,201101
2,339,201101
2,385,201101
2,93,201101
2,354,201101
2,92,201101
2,137,201101
2,165,201101
2,138,201101
2,136,201101
2,142,201101
2,26,201101
2,211,201101
2,100,201101
2,4,201101
2,19,201101
2,99,201101
2,111,201101
2,40,201101
2,87,201101
2,14,201101
2,69,201101
2,84,201101
2,23,201101
2,54,201101
2,12,201101
2,46,201101
2,150,201101
2,81,201101
2,135,201101
2,16,201101
2,21,201101
2,80,201101
2,180,201101
2,25,201101
2,29,201101
2,35,201101
2,52,201101
2,175,201101
2,112,201101
2,155,201101
2,64,201101
2,83,201101
2,176,201101
2,177,201101
2,121,201101
2,11,201101
2,167,201101
2,60,201101
2,9,201101
2,6,201101
2,51,201101
2,213,201101
2,115,201101
2,0,201101
2,97,201101
2,119,201101
2,189,201101
2,77,201101
2,18,201101
2,5,201101
2,13,201101
2,22,201101
2,393,201101
2,341,201101
2,108,201101
2,133,201101
2,96,201101
2,102,201101
2,27,201101
2,124,201101
2,113,201101
2,72,201101
2,20,201101
2,48,201101
2,157,201101
2,116,201101
2,154,201101
2,59,201101
2,1,201101
2,17,201101
2,31,201101
2,28,201101
2,10,201101
2,274,201101
3,69,201101
3,311,201101
4,843,201101
4,83,201101
4,1070,201101
4,127,201101
4,21,201101
4,207,201101
4,160,201101
4,5,201101
4,222,201101
4,810,201101
4,109,201101
4,247,201101
4,427,201101
4,110,201101
4,60,201101
4,19,201101
4,36,201101
4,35,201101
4,28,201101
4,165,201101
4,215,201101
4,99,201101
4,80,201101
4,1366,201101
4,72,201101
4,96,201101
4,137,201101
4,116,201101
4,13,201101
4,2,201101
4,102,201101
4,48,201101
4,189,201101
4,14,201101
4,741,201101
4,51,201101
4,113,201101
4,32,201101
4,124,201101
4,64,201101
4,54,201101
4,18,201101
4,77,201101
4,85,201101
4,22,201101
4,108,201101
4,40,201101
4,346,201101
4,633,201101
4,26,201101
4,169,201101
4,0,201101
4,92,201101
4,9,201101
4,305,201101
4,142,201101
4,46,201101
4,29,201101
4,154,201101
4,17,201101
4,100,201101
4,133,201101
4,31,201101
4,12,201101
4,128,201101
4,59,201101
4,306,201101
4,16,201101
4,27,201101
4,97,201101
4,69,201101
4,268,201101
4,23,201101
4,88,201101
4,20,201101
4,317,201101
4,274,201101
4,84,201101
4,150,201101
4,819,201101
4,107,201101
4,300,201101
4,184,201101
4,146,201101
4,223,201101
4,121,201101
4,30,201101
4,25,201101
4,86,201101
4,214,201101
4,301,201101
4,311,201101
4,11,201101
4,183,201101
4,33,201101
4,50,201101
4,243,201101
4,164,201101
4,112,201101
4,89,201101
4,135,201101
4,8,201101
4,7,201101
4,6,201101
4,196,201101
4,177,201101
4,136,201101
4,213,201101
4,1,201101
4,10,201101
5,137,201101
5,817,201101
5,22,201101
5,745,201101
5,23,201101
5,11,201101
5,129,201101
5,77,201101
5,110,201101
5,51,201101
5,32,201101
5,17,201101
5,552,201101
5,736,201101
5,136,201101
5,72,201101
5,816,201101
5,4,201101
5,10,201101
5,150,201101
5,160,201101
5,1243,201101
5,1,201101
5,261,201101
5,19,201101
5,1335,201101
5,21,201101
5,89,201101
5,6,201101
5,404,201101
5,143,201101
5,819,201101
5,39,201101
5,96,201101
5,135,201101
5,115,201101
5,102,201101
5,238,201101
5,1265,201101
5,133,201101
5,85,201101
5,13,201101
5,116,201101
5,155,201101
5,149,201101
5,35,201101
5,9,201101
5,119,201101
5,100,201101
5,165,201101
5,139,201101
5,81,201101
5,18,201101
5,142,201101
5,80,201101
5,108,201101
5,180,201101
5,154,201101
5,8,201101
5,346,201101
5,28,201101
5,54,201101
5,25,201101
5,31,201101
5,83,201101
5,12,201101
5,0,201101
5,124,201101
5,16,201101
5,48,201101
5,52,201101
5,2,201101
5,60,201101
5,14,201101
5,211,201101
5,33,201101
5,64,201101
5,27,201101
5,222,201101
5,7,201101
5,274,201101
5,183,201101
5,59,201101
5,69,201101
5,92,201101
5,107,201101
5,121,201101
5,113,201101
6,176,201101
6,133,201101
6,146,201101
6,97,201101
6,16,201101
6,114,201101
6,110,201101
6,154,201101
6,265,201101
6,52,201101
6,5,201101
6,132,201101
6,183,201101
6,18,201101
6,100,201101
6,40,201101
6,117,201101
6,77,201101
6,180,201101
6,64,201101
6,32,201101
6,60,201101
6,19,201101
6,35,201101
6,815,201101
6,13,201101
6,517,201101
6,160,201101
6,14,201101
6,143,201101
6,137,201101
6,121,201101
6,29,201101
6,102,201101
6,126,201101
6,59,201101
6,17,201101
6,175,201101
6,12,201101
6,206,201101
6,138,201101
6,36,201101
6,71,201101
6,85,201101
6,28,201101
6,11,201101
6,107,201101
6,129,201101
6,25,201101
6,278,201101
6,78,201101
6,54,201101
6,108,201101
6,722,201101
6,20,201101
6,1088,201101
6,136,201101
6,354,201101
6,79,201101
6,139,201101
6,1,201101
6,181,201101
6,83,201101
6,320,201101
6,21,201101
6,51,201101
6,142,201101
6,55,201101
6,99,201101
6,10,201101
6,237,201101
6,371,201101
6,153,201101
6,81,201101
6,101,201101
6,46,201101
6,544,201101
6,124,201101
6,72,201101
6,0,201101
6,131,201101
6,9,201101
6,38,201101
6,57,201101
6,45,201101
6,24,201101
6,182,201101
6,338,201101
6,155,201101
6,76,201101
6,120,201101
6,172,201101
6,134,201101
6,2,201101
6,27,201101
6,194,201101
6,31,201101
6,113,201101
6,89,201101
6,4,201101
6,48,201101
7,89,201101
7,8,201101
7,90,201101
7,243,201101
7,17,201101
7,1408,201101
7,828,201101
7,25,201101
7,59,201101
7,28,201101
7,770,201101
7,64,201101
7,113,201101
7,29,201101
7,18,201101
7,10,201101
7,136,201101
7,112,201101
7,110,201101
7,5,201101
7,21,201101
7,51,201101
7,1,201101
7,137,201101
7,4,201101
7,20,201101
8,121,201101
8,90,201101
8,7,201101
8,23,201101
8,17,201101
8,89,201101
8,28,201101
8,243,201101
8,6,201101
8,770,201101
8,5,201101
8,29,201101
8,136,201101
8,112,201101
8,51,201101
8,1,201101
8,4,201101
8,20,201101
9,143,201101
9,160,201101
9,72,201101
9,124,201101
9,81,201101
9,12,201101
9,83,201101
9,107,201101
9,115,201101
9,4,201101
9,233,201101
9,139,201101
9,40,201101
9,16,201101
9,69,201101
9,113,201101
9,1366,201101
9,19,201101
9,53,201101
9,157,201101
9,13,201101
9,52,201101
9,93,201101
9,31,201101
9,96,201101
9,183,201101
9,11,201101
9,20,201101
9,6,201101
9,18,201101
9,150,201101
9,24,201101
9,28,201101
9,23,201101
9,17,201101
9,51,201101
9,27,201101
9,80,201101
9,125,201101
9,228,201101
9,100,201101
9,35,201101
9,0,201101
9,132,201101
9,46,201101
9,92,201101
9,48,201101
9,149,201101
9,116,201101
9,133,201101
9,108,201101
9,346,201101
9,112,201101
9,21,201101
9,336,201101
9,85,201101
9,29,201101
9,123,201101
9,2,201101
9,54,201101
9,5,201101
9,206,201101
9,1169,201101
9,341,201101
9,32,201101
9,64,201101
9,97,201101
9,60,201101
9,136,201101
9,135,201101
9,25,201101
9,14,201101
9,154,201101
9,1,201101
9,10,201101
9,274,201101
9,137,201101
10,160,201101
10,487,201101
10,14,201101
10,150,201101
10,548,201101
10,1,201101
10,143,201101
10,107,201101
10,781,201101
10,189,201101
10,136,201101
10,0,201101
10,931,201101
10,1366,201101
10,444,201101
10,17,201101
10,6,201101
10,139,201101
10,133,201101
10,165,201101
10,36,201101
10,23,201101
10,26,201101
10,60,201101
10,129,201101
10,112,201101
10,536,201101
10,7,201101
10,77,201101
10,18,201101
10,93,201101
10,13,201101
10,135,201101
10,32,201101
10,99,201101
10,51,201101
10,299,201101
10,764,201101
10,100,201101
10,64,201101
10,54,201101
10,108,201101
10,28,201101
10,132,201101
10,4,201101
10,85,201101
10,157,201101
10,38,201101
10,154,201101
10,20,201101
10,119,201101
10,97,201101
10,113,201101
10,170,201101
10,148,201101
10,227,201101
10,211,201101
10,214,201101
10,70,201101
10,147,201101
10,105,201101
10,184,201101
10,86,201101
10,223,201101
10,66,201101
10,728,201101
10,261,201101
10,30,201101
10,233,201101
10,43,201101
10,234,201101
10,181,201101
10,544,201101
10,163,201101
10,123,201101
10,104,201101
10,138,201101
10,122,201101
10,819,201101
10,111,201101
10,164,201101
10,33,201101
10,84,201101
10,188,201101
10,61,201101
10,15,201101
10,265,201101
10,159,201101
10,177,201101
10,863,201101
10,213,201101
10,121,201101
10,339,201101
10,53,201101
10,116,201101
10,149,201101
10,115,201101
10,969,201101
10,34,201101
10,11,201101
10,124,201101
10,161,201101
10,155,201101
10,59,201101
10,103,201101
10,72,201101
10,102,201101
10,16,201101
10,180,201101
10,52,201101
10,80,201101
10,142,201101
10,89,201101
10,222,201101
10,29,201101
10,19,201101
10,83,201101
10,48,201101
10,274,201101
10,146,201101
10,183,201101
10,69,201101
10,137,201101
10,9,201101
10,40,201101
10,81,201101
10,12,201101
10,31,201101
10,96,201101
10,27,201101
10,2,201101
10,35,201101
10,92,201101
10,22,201101
10,46,201101
10,21,201101
10,5,201101
10,25,201101
11,146,201101
11,268,201101
11,105,201101
11,143,201101
11,23,201101
11,501,201101
11,136,201101
11,112,201101
11,183,201101
11,228,201101
11,5,201101
11,1,201101
11,160,201101
11,51,201101
11,169,201101
11,227,201101
11,916,201101
11,27,201101
11,32,201101
11,906,201101
11,19,201101
11,155,201101
11,133,201101
11,116,201101
11,124,201101
11,20,201101
11,9,201101
11,180,201101
11,81,201101
11,38,201101
11,35,201101
11,26,201101
11,22,201101
11,64,201101
11,40,201101
11,13,201101
11,139,201101
11,97,201101
11,83,201101
11,2,201101
11,10,201101
11,85,201101
11,18,201101
11,274,201101
11,99,201101
11,108,201101
11,17,201101
11,93,201101
11,6,201101
11,137,201101
11,48,201101
11,96,201101
11,92,201101
11,102,201101
11,77,201101
11,165,201101
11,154,201101
11,0,201101
11,548,201101
11,31,201101
11,21,201101
11,29,201101
11,372,201101
11,67,201101
11,8,201101
11,122,201101
11,330,201101
11,25,201101
11,60,201101
11,12,201101
11,72,201101
11,265,201101
11,238,201101
11,69,201101
11,28,201101
11,111,201101
11,107,201101
11,147,201101
11,248,201101
11,184,201101
11,214,201101
11,317,201101
11,33,201101
11,53,201101
11,70,201101
11,113,201101
11,781,201101
11,84,201101
11,88,201101
11,150,201101
11,223,201101
11,14,201101
11,59,201101
11,213,201101
11,110,201101
11,4,201101
11,164,201101
11,30,201101
11,86,201101
11,177,201101
11,135,201101
11,121,201101
11,89,201101
12,107,201101
12,728,201101
12,862,201101
12,1276,201101
12,160,201101
12,51,201101
12,27,201101
12,502,201101
12,143,201101
12,183,201101
12,782,201101
12,47,201101
12,69,201101
12,142,201101
12,123,201101
12,274,201101
12,58,201101
12,96,201101
12,113,201101
12,80,201101
12,83,201101
12,85,201101
12,21,201101
12,26,201101
12,81,201101
12,0,201101
12,133,201101
12,97,201101
12,99,201101
12,64,201101
12,13,201101
12,150,201101
12,32,201101
12,77,201101
12,52,201101
12,59,201101
12,264,201101
12,159,201101
12,28,201101
12,112,201101
12,308,201101
12,104,201101
12,131,201101
12,34,201101
12,31,201101
12,61,201101
12,339,201101
12,346,201101
12,48,201101
12,93,201101
12,92,201101
12,18,201101
12,20,201101
12,136,201101
12,29,201101
12,4,201101
12,139,201101
12,17,201101
12,375,201101
12,108,201101
12,14,201101
12,23,201101
12,60,201101
12,146,201101
12,1,201101
12,54,201101
12,6,201101
12,25,201101
12,11,201101
12,154,201101
12,10,201101
12,135,201101
12,137,201101
13,77,201101
13,12,201101
13,143,201101
13,137,201101
13,39,201101
13,11,201101
13,102,201101
13,108,201101
13,175,201101
13,38,201101
13,146,201101
13,35,201101
13,19,201101
13,160,201101
13,110,201101
13,6,201101
13,113,201101
13,281,201101
13,54,201101
13,18,201101
13,83,201101
13,16,201101
13,40,201101
13,69,201101
13,180,201101
13,85,201101
13,48,201101
13,80,201101
13,133,201101
13,21,201101
13,51,201101
13,100,201101
13,4,201101
13,81,201101
13,112,201101
13,29,201101
13,0,201101
13,157,201101
13,60,201101
13,27,201101
13,96,201101
13,1366,201101
13,5,201101
13,46,201101
13,20,201101
13,463,201101
13,99,201101
13,74,201101
13,97,201101
13,64,201101
13,10,201101
13,86,201101
13,36,201101
13,139,201101
13,131,201101
13,129,201101
13,181,201101
13,107,201101
13,313,201101
13,1,201101
13,22,201101
13,266,201101
13,17,201101
13,28,201101
13,2,201101
13,89,201101
13,1417,201101
13,59,201101
13,996,201101
13,1118,201101
13,26,201101
13,995,201101
13,896,201101
13,136,201101
13,283,201101
13,349,201101
13,766,201101
13,176,201101
13,94,201101
13,31,201101
13,32,201101
13,297,201101
13,92,201101
13,289,201101
13,815,201101
13,126,201101
13,274,201101
13,320,201101
13,120,201101
13,178,201101
13,75,201101
13,121,201101
13,117,201101
13,860,201101
13,142,201101
13,172,201101
13,154,201101
13,14,201101
13,135,201101
13,25,201101
14,76,201101
14,77,201101
14,160,201101
14,146,201101
14,29,201101
14,64,201101
14,241,201101
14,143,201101
14,6,201101
14,16,201101
14,180,201101
14,208,201101
14,83,201101
14,19,201101
14,799,201101
14,149,201101
14,31,201101
14,2,201101
14,11,201101
14,106,201101
14,36,201101
14,69,201101
14,115,201101
14,243,201101
14,4,201101
14,341,201101
14,183,201101
14,265,201101
14,206,201101
14,139,201101
14,12,201101
14,22,201101
14,102,201101
14,54,201101
14,140,201101
14,47,201101
14,20,201101
14,219,201101
14,97,201101
14,100,201101
14,133,201101
14,1249,201101
14,32,201101
14,40,201101
14,113,201101
14,5,201101
14,51,201101
14,21,201101
14,46,201101
14,39,201101
14,35,201101
14,96,201101
14,136,201101
14,85,201101
14,60,201101
14,27,201101
14,72,201101
14,17,201101
14,23,201101
14,18,201101
14,165,201101
14,28,201101
14,93,201101
14,137,201101
14,25,201101
14,1020,201101
14,369,201101
14,107,201101
14,112,201101
14,59,201101
14,157,201101
14,0,201101
14,124,201101
14,26,201101
14,94,201101
14,9,201101
14,129,201101
14,274,201101
14,1366,201101
14,58,201101
14,134,201101
14,181,201101
14,117,201101
14,24,201101
14,80,201101
14,108,201101
14,1,201101
14,13,201101
14,48,201101
14,38,201101
14,81,201101
14,92,201101
14,119,201101
14,154,201101
14,10,201101
14,142,201101
14,135,201101
14,155,201101
14,52,201101
15,160,201101
15,132,201101
15,77,201101
15,163,201101
15,183,201101
15,81,201101
15,170,201101
15,18,201101
15,205,201101
15,143,201101
15,9,201101
15,122,201101
15,31,201101
15,111,201101
15,53,201101
15,282,201101
15,304,201101
15,262,201101
15,346,201101
15,32,201101
15,29,201101
15,136,201101
15,266,201101
15,375,201101
15,10,201101
15,1227,201101
15,137,201101
16,143,201101
16,362,201101
16,270,201101
16,32,201101
16,160,201101
16,27,201101
16,281,201101
16,64,201101
16,101,201101
16,74,201101
16,19,201101
16,6,201101
16,77,201101
16,29,201101
16,45,201101
16,13,201101
16,9,201101
16,20,201101
16,105,201101
16,100,201101
16,107,201101
16,4,201101
16,85,201101
16,2,201101
16,34,201101
16,15,201101
16,72,201101
16,122,201101
16,53,201101
16,278,201101
16,156,201101
16,83,201101
16,136,201101
16,25,201101
16,38,201101
16,380,201101
16,51,201101
16,112,201101
16,124,201101
16,119,201101
16,26,201101
16,1065,201101
16,0,201101
16,139,201101
16,233,201101
16,52,201101
16,12,201101
16,135,201101
16,739,201101
16,60,201101
16,21,201101
16,11,201101
16,81,201101
16,5,201101
16,48,201101
16,79,201101
16,274,201101
16,89,201101
16,97,201101
16,80,201101
16,1022,201101
16,14,201101
16,99,201101
16,1,201101
16,134,201101
16,304,201101
16,18,201101
16,341,201101
16,17,201101
16,46,201101
16,142,201101
16,381,201101
16,1086,201101
16,117,201101
16,36,201101
16,24,201101
16,28,201101
16,178,201101
16,92,201101
16,131,201101
16,523,201101
16,96,201101
16,374,201101
16,181,201101
16,108,201101
16,146,201101
16,180,201101
16,57,201101
16,59,201101
16,66,201101
16,154,201101
16,102,201101
16,54,201101
16,55,201101
16,35,201101
16,129,201101
16,176,201101
16,40,201101
16,197,201101
16,120,201101
16,126,201101
16,155,201101
16,137,201101
16,10,201101
16,31,201101
17,247,201101
17,97,201101
17,146,201101
17,110,201101
17,11,201101
17,552,201101
17,36,201101
17,175,201101
17,380,201101
17,4,201101
17,6,201101
17,77,201101
17,89,201101
17,136,201101
17,51,201101
17,137,201101
17,29,201101
17,8,201101
17,1,201101
17,35,201101
17,20,201101
17,5,201101
17,133,201101
17,160,201101
17,143,201101
17,180,201101
17,115,201101
17,10,201101
17,139,201101
17,60,201101
17,93,201101
17,83,201101
17,47,201101
17,18,201101
17,26,201101
17,16,201101
17,69,201101
17,0,201101
17,72,201101
17,112,201101
17,274,201101
17,124,201101
17,32,201101
17,739,201101
17,70,201101
17,116,201101
17,12,201101
17,33,201101
17,142,201101
17,21,201101
17,155,201101
17,98,201101
17,34,201101
17,40,201101
17,24,201101
17,99,201101
17,214,201101
17,54,201101
17,131,201101
17,100,201101
17,13,201101
17,2,201101
17,108,201101
17,132,201101
17,48,201101
17,52,201101
17,9,201101
17,371,201101
17,183,201101
17,64,201101
17,493,201101
17,80,201101
17,149,201101
17,81,201101
17,348,201101
17,268,201101
17,950,201101
17,211,201101
17,866,201101
17,169,201101
17,30,201101
17,177,201101
17,222,201101
17,61,201101
17,544,201101
17,19,201101
17,184,201101
17,164,201101
17,265,201101
17,104,201101
17,129,201101
17,165,201101
17,7,201101
17,863,201101
17,71,201101
17,261,201101
17,37,201101
17,761,201101
17,53,201101
17,27,201101
17,1649,201101
17,819,201101
17,107,201101
17,395,201101
17,96,201101
17,906,201101
17,150,201101
17,303,201101
17,31,201101
17,14,201101
17,85,201101
17,189,201101
17,213,201101
17,243,201101
17,154,201101
17,22,201101
17,92,201101
17,28,201101
17,59,201101
17,135,201101
17,46,201101
17,25,201101
18,12,201101
18,175,201101
18,160,201101
18,54,201101
18,234,201101
18,77,201101
18,233,201101
18,138,201101
18,183,201101
18,146,201101
18,132,201101
18,27,201101
18,26,201101
18,15,201101
18,131,201101
18,29,201101
18,552,201101
18,143,201101
18,19,201101
18,426,201101
18,281,201101
18,247,201101
18,45,201101
18,4,201101
18,36,201101
18,139,201101
18,64,201101
18,6,201101
18,116,201101
18,17,201101
18,165,201101
18,157,201101
18,35,201101
18,124,201101
18,32,201101
18,113,201101
18,196,201101
18,21,201101
18,69,201101
18,16,201101
18,13,201101
18,78,201101
18,133,201101
18,93,201101
18,72,201101
18,81,201101
18,96,201101
18,28,201101
18,100,201101
18,181,201101
18,282,201101
18,52,201101
18,108,201101
18,107,201101
18,97,201101
18,304,201101
18,23,201101
18,262,201101
18,170,201101
18,135,201101
18,60,201101
18,5,201101
18,9,201101
18,46,201101
18,51,201101
18,0,201101
18,31,201101
18,92,201101
18,136,201101
18,84,201101
18,154,201101
18,74,201101
18,265,201101
18,2,201101
18,22,201101
18,11,201101
18,274,201101
18,85,201101
18,276,201101
18,544,201101
18,205,201101
18,270,201101
18,24,201101
18,142,201101
18,40,201101
18,61,201101
18,83,201101
18,14,201101
18,137,201101
18,341,201101
18,101,201101
18,10,201101
18,440,201101
18,57,201101
18,436,201101
18,20,201101
18,59,201101
18,177,201101
18,223,201101
18,123,201101
18,25,201101
18,814,201101
18,129,201101
18,111,201101
18,30,201101
18,38,201101
18,172,201101
18,99,201101
18,197,201101
18,908,201101
18,909,201101
18,163,201101
18,213,201101
18,407,201101
18,416,201101
18,410,201101
18,415,201101
18,125,201101
18,432,201101
18,413,201101
18,144,201101
18,34,201101
18,171,201101
18,423,201101
18,43,201101
18,122,201101
18,242,201101
18,145,201101
18,65,201101
18,66,201101
18,88,201101
18,298,201101
18,269,201101
18,53,201101
18,430,201101
18,80,201101
18,120,201101
18,102,201101
18,346,201101
18,159,201101
18,271,201101
18,7,201101
18,153,201101
18,117,201101
18,180,201101
18,174,201101
18,164,201101
18,86,201101
18,44,201101
18,110,201101
18,1,201101
18,112,201101
18,89,201101
18,48,201101
19,56,201101
19,35,201101
19,5,201101
19,52,201101
19,142,201101
19,23,201101
19,160,201101
19,180,201101
19,176,201101
19,143,201101
19,60,201101
19,39,201101
19,155,201101
19,146,201101
19,13,201101
19,138,201101
19,97,201101
19,120,201101
19,175,201101
19,4,201101
19,18,201101
19,46,201101
19,170,201101
19,40,201101
19,77,201101
19,6,201101
19,29,201101
19,22,201101
19,54,201101
19,182,201101
19,116,201101
19,124,201101
19,9,201101
19,0,201101
19,107,201101
19,48,201101
19,96,201101
19,32,201101
19,51,201101
19,21,201101
19,16,201101
19,133,201101
19,1088,201101
19,782,201101
19,85,201101
19,102,201101
19,11,201101
19,113,201101
19,108,201101
19,1,201101
19,354,201101
19,139,201101
19,463,201101
19,64,201101
19,20,201101
19,78,201101
19,27,201101
19,69,201101
19,181,201101
19,2,201101
19,165,201101
19,12,201101
19,14,201101
19,45,201101
19,28,201101
19,80,201101
19,135,201101
19,59,201101
19,278,201101
19,208,201101
19,112,201101
19,213,201101
19,137,201101
19,74,201101
19,320,201101
19,75,201101
19,83,201101
19,100,201101
19,99,201101
19,860,201101
19,26,201101
19,76,201101
19,79,201101
19,140,201101
19,38,201101
19,338,201101
19,192,201101
19,274,201101
19,332,201101
19,24,201101
19,126,201101
19,195,201101
19,101,201101
19,154,201101
19,117,201101
19,31,201101
19,119,201101
19,114,201101
19,57,201101
19,387,201101
19,17,201101
19,205,201101
19,206,201101
19,55,201101
19,362,201101
19,136,201101
19,799,201101
19,134,201101
19,277,201101
19,81,201101
19,92,201101
19,129,201101
19,10,201101
19,172,201101
19,25,201101
19,36,201101
20,17,201101
20,133,201101
20,51,201101
20,146,201101
20,100,201101
20,160,201101
20,150,201101
20,83,201101
20,110,201101
20,77,201101
20,143,201101
20,444,201101
20,13,201101
20,14,201101
20,183,201101
20,107,201101
20,1265,201101
20,102,201101
20,81,201101
20,157,201101
20,54,201101
20,80,201101
20,31,201101
20,515,201101
20,99,201101
20,9,201101
20,52,201101
20,72,201101
20,12,201101
20,21,201101
20,116,201101
20,60,201101
20,26,201101
20,64,201101
20,25,201101
20,35,201101
20,22,201101
20,154,201101
20,165,201101
20,10,201101
20,59,201101
20,136,201101
20,48,201101
20,97,201101
20,135,201101
20,119,201101
20,1,201101
20,155,201101
20,108,201101
20,274,201101
20,40,201101
20,2,201101
20,27,201101
20,85,201101
20,18,201101
20,11,201101
20,96,201101
20,28,201101
20,92,201101
20,0,201101
20,19,201101
20,215,201101
20,1649,201101
20,736,201101
20,86,201101
20,53,201101
20,741,201101
20,211,201101
20,315,201101
20,303,201101
20,137,201101
20,832,201101
20,177,201101
20,69,201101
20,866,201101
20,89,201101
20,906,201101
20,214,201101
20,261,201101
20,16,201101
20,761,201101
20,213,201101
20,23,201101
20,184,201101
20,189,201101
20,113,201101
20,6,201101
20,243,201101
20,33,201101
20,8,201101
20,4,201101
20,32,201101
20,121,201101
20,7,201101
20,46,201101
20,29,201101
21,107,201101
21,745,201101
21,20,201101
21,866,201101
21,832,201101
21,5,201101
21,761,201101
21,143,201101
21,160,201101
21,755,201101
21,736,201101
21,189,201101
21,27,201101
21,31,201101
21,213,201101
21,135,201101
21,10,201101
21,60,201101
21,13,201101
21,40,201101
21,108,201101
21,183,201101
21,72,201101
21,124,201101
21,119,201101
21,85,201101
21,19,201101
21,54,201101
21,38,201101
21,142,201101
21,26,201101
21,80,201101
21,77,201101
21,2,201101
21,149,201101
21,18,201101
21,11,201101
21,136,201101
21,17,201101
21,164,201101
21,211,201101
21,139,201101
21,102,201101
21,1,201101
21,9,201101
21,59,201101
21,0,201101
21,12,201101
21,131,201101
21,51,201101
21,137,201101
21,32,201101
21,83,201101
21,97,201101
21,346,201101
21,69,201101
21,81,201101
21,16,201101
21,165,201101
21,92,201101
21,14,201101
21,274,201101
21,154,201101
21,112,201101
21,48,201101
21,96,201101
21,22,201101
21,64,201101
21,7,201101
21,121,201101
21,29,201101
21,89,201101
21,4,201101
21,25,201101
21,113,201101
21,133,201101
21,23,201101
21,28,201101
22,160,201101
22,9,201101
22,303,201101
22,32,201101
22,53,201101
22,51,201101
22,4,201101
22,115,201101
22,121,201101
22,1366,201101
22,133,201101
22,211,201101
22,52,201101
22,1,201101
22,261,201101
22,2,201101
22,108,201101
22,183,201101
22,23,201101
22,154,201101
22,150,201101
22,142,201101
22,14,201101
22,161,201101
22,69,201101
22,124,201101
22,136,201101
22,13,201101
22,11,201101
22,107,201101
22,213,201101
22,80,201101
22,652,201101
22,31,201101
22,10,201101
22,27,201101
22,189,201101
22,60,201101
22,96,201101
22,19,201101
22,85,201101
22,274,201101
22,16,201101
22,54,201101
22,18,201101
22,102,201101
22,26,201101
22,20,201101
22,92,201101
22,113,201101
22,25,201101
22,21,201101
22,5,201101
22,112,201101
22,17,201101
22,135,201101
22,29,201101
22,97,201101
22,28,201101
22,137,201101
23,0,201101
23,160,201101
23,137,201101
23,21,201101
23,749,201101
23,136,201101
23,863,201101
23,189,201101
23,35,201101
23,77,201101
23,1155,201101
23,52,201101
23,1618,201101
23,110,201101
23,89,201101
23,1,201101
23,157,201101
23,36,201101
23,65,201101
23,207,201101
23,138,201101
23,20,201101
23,552,201101
23,247,201101
23,501,201101
23,211,201101
23,28,201101
23,51,201101
23,906,201101
23,19,201101
23,143,201101
23,150,201101
23,17,201101
23,348,201101
23,39,201101
23,4,201101
23,11,201101
23,5,201101
23,419,201101
23,100,201101
23,38,201101
23,149,201101
23,119,201101
23,48,201101
23,180,201101
23,32,201101
23,214,201101
23,18,201101
23,177,201101
23,81,201101
23,14,201101
23,2,201101
23,12,201101
23,299,201101
23,108,201101
23,27,201101
23,72,201101
23,9,201101
23,60,201101
23,124,201101
23,80,201101
23,25,201101
23,817,201101
23,92,201101
23,345,201101
23,85,201101
23,274,201101
23,155,201101
23,107,201101
23,183,201101
23,22,201101
23,154,201101
23,96,201101
23,69,201101
23,31,201101
23,97,201101
23,135,201101
23,112,201101
23,10,201101
24,160,201101
24,52,201101
24,16,201101
24,80,201101
24,156,201101
24,34,201101
24,234,201101
24,137,201101
24,83,201101
24,41,201101
24,94,201101
24,265,201101
24,341,201101
24,25,201101
24,120,201101
24,78,201101
24,64,201101
24,18,201101
24,346,201101
24,14,201101
24,512,201101
24,29,201101
24,26,201101
24,136,201101
24,54,201101
24,19,201101
24,6,201101
24,108,201101
24,32,201101
24,97,201101
24,60,201101
24,99,201101
24,46,201101
25,138,201101
25,60,201101
25,552,201101
25,6,201101
25,77,201101
25,136,201101
25,326,201101
25,93,201101
25,339,201101
25,143,201101
25,29,201101
25,336,201101
25,35,201101
25,160,201101
25,175,201101
25,137,201101
25,118,201101
25,146,201101
25,133,201101
25,40,201101
25,30,201101
25,10,201101
25,265,201101
25,61,201101
25,88,201101
25,16,201101
25,135,201101
25,110,201101
25,99,201101
25,71,201101
25,139,201101
25,102,201101
25,13,201101
25,46,201101
25,59,201101
25,32,201101
25,36,201101
25,167,201101
25,69,201101
25,1227,201101
25,335,201101
25,0,201101
25,83,201101
25,108,201101
25,21,201101
25,100,201101
25,28,201101
25,52,201101
25,87,201101
25,129,201101
25,340,201101
25,80,201101
25,20,201101
25,72,201101
25,96,201101
25,18,201101
25,7,201101
25,9,201101
25,1,201101
25,371,201101
25,181,201101
25,81,201101
25,495,201101
25,385,201101
25,303,201101
25,27,201101
25,237,201101
25,97,201101
25,307,201101
25,63,201101
25,54,201101
25,64,201101
25,393,201101
25,333,201101
25,22,201101
25,216,201101
25,165,201101
25,188,201101
25,11,201101
25,39,201101
25,65,201101
25,390,201101
25,78,201101
25,53,201101
25,76,201101
25,355,201101
25,153,201101
25,101,201101
25,57,201101
25,24,201101
25,45,201101
25,85,201101
25,132,201101
25,120,201101
25,2,201101
25,98,201101
25,544,201101
25,38,201101
25,161,201101
25,58,201101
25,12,201101
25,4,201101
25,154,201101
25,116,201101
25,115,201101
25,152,201101
25,156,201101
25,341,201101
25,34,201101
25,19,201101
25,157,201101
25,327,201101
25,149,201101
25,124,201101
25,89,201101
25,274,201101
25,31,201101
25,112,201101
25,23,201101
25,47,201101
25,14,201101
25,51,201101
25,113,201101
25,48,201101
25,26,201101
25,17,201101
26,176,201101
26,60,201101
26,101,201101
26,35,201101
26,38,201101
26,0,201101
26,5,201101
26,133,201101
26,93,201101
26,11,201101
26,48,201101
26,172,201101
26,23,201101
26,371,201101
26,78,201101
26,16,201101
26,158,201101
26,59,201101
26,19,201101
26,113,201101
26,20,201101
26,12,201101
26,80,201101
26,40,201101
26,18,201101
26,136,201101
26,146,201101
26,36,201101
26,81,201101
26,77,201101
26,10,201101
26,92,201101
26,64,201101
26,24,201101
26,28,201101
26,154,201101
26,114,201101
26,83,201101
26,132,201101
26,97,201101
26,17,201101
26,181,201101
26,51,201101
26,161,201101
26,139,201101
26,96,201101
26,27,201101
26,108,201101
26,1,201101
26,45,201101
26,100,201101
26,137,201101
26,85,201101
26,31,201101
26,57,201101
26,237,201101
26,165,201101
26,13,201101
26,129,201101
26,213,201101
26,63,201101
26,65,201101
26,134,201101
26,52,201101
26,4,201101
26,39,201101
26,71,201101
26,102,201101
26,142,201101
26,278,201101
26,180,201101
26,117,201101
26,140,201101
26,131,201101
26,338,201101
26,544,201101
26,192,201101
26,155,201101
26,76,201101
26,143,201101
26,46,201101
26,55,201101
26,14,201101
26,126,201101
26,32,201101
26,860,201101
26,75,201101
26,120,201101
26,99,201101
26,320,201101
26,160,201101
26,54,201101
26,29,201101
26,135,201101
26,25,201101
27,18,201101
27,339,201101
27,282,201101
27,12,201101
27,175,201101
27,160,201101
27,29,201101
27,1017,201101
27,143,201101
27,77,201101
27,154,201101
27,84,201101
27,102,201101
27,157,201101
27,906,201101
27,422,201101
27,180,201101
27,24,201101
27,120,201101
27,150,201101
27,47,201101
27,69,201101
27,176,201101
27,265,201101
27,26,201101
27,6,201101
27,57,201101
27,5,201101
27,136,201101
27,39,201101
27,22,201101
27,11,201101
27,83,201101
27,139,201101
27,116,201101
27,19,201101
27,100,201101
27,134,201101
27,40,201101
27,133,201101
27,106,201101
27,60,201101
27,115,201101
27,9,201101
27,149,201101
27,99,201101
27,80,201101
27,110,201101
27,333,201101
27,32,201101
27,107,201101
27,131,201101
27,16,201101
27,28,201101
27,1366,201101
27,885,201101
27,146,201101
27,13,201101
27,78,201101
27,113,201101
27,834,201101
27,112,201101
27,64,201101
27,96,201101
27,588,201101
27,142,201101
27,346,201101
27,14,201101
27,20,201101
27,2,201101
27,341,201101
27,52,201101
27,93,201101
27,490,201101
27,46,201101
27,0,201101
27,183,201101
27,10,201101
27,165,201101
27,388,201101
27,81,201101
27,25,201101
27,21,201101
27,1,201101
27,85,201101
27,23,201101
27,4,201101
27,92,201101
27,17,201101
27,51,201101
27,54,201101
27,48,201101
27,108,201101
27,97,201101
27,31,201101
27,274,201101
27,135,201101
27,137,201101
28,149,201101
28,143,201101
28,493,201101
28,160,201101
28,17,201101
28,23,201101
28,1,201101
28,77,201101
28,146,201101
28,32,201101
28,1265,201101
28,12,201101
28,53,201101
28,20,201101
28,9,201101
28,64,201101
28,78,201101
28,133,201101
28,81,201101
28,169,201101
28,26,201101
28,142,201101
28,157,201101
28,83,201101
28,6,201101
28,119,201101
28,121,201101
28,18,201101
28,61,201101
28,124,201101
28,60,201101
28,51,201101
28,58,201101
28,116,201101
28,2,201101
28,181,201101
28,115,201101
28,99,201101
28,69,201101
28,346,201101
28,136,201101
28,4,201101
28,14,201101
28,48,201101
28,19,201101
28,72,201101
28,13,201101
28,16,201101
28,102,201101
28,155,201101
28,29,201101
28,89,201101
28,40,201101
28,1227,201101
28,52,201101
28,54,201101
28,108,201101
28,183,201101
28,38,201101
28,0,201101
28,165,201101
28,11,201101
28,222,201101
28,31,201101
28,154,201101
28,274,201101
28,7,201101
28,59,201101
28,27,201101
28,96,201101
28,107,201101
28,46,201101
28,92,201101
28,85,201101
28,22,201101
28,135,201101
28,112,201101
28,25,201101
28,97,201101
28,21,201101
28,5,201101
28,10,201101
28,137,201101
29,1045,201101
29,60,201101
29,54,201101
29,77,201101
29,146,201101
29,6,201101
29,124,201101
29,25,201101
29,14,201101
29,17,201101
29,89,201101
29,46,201101
29,675,201101
29,143,201101
29,38,201101
29,35,201101
29,19,201101
29,12,201101
29,97,201101
29,160,201101
29,16,201101
29,241,201101
29,74,201101
29,18,201101
29,552,201101
29,59,201101
29,175,201101
29,64,201101
29,110,201101
29,83,201101
29,133,201101
29,265,201101
29,108,201101
29,10,201101
29,85,201101
29,176,201101
29,39,201101
29,182,201101
29,66,201101
29,722,201101
29,101,201101
29,181,201101
29,2,201101
29,126,201101
29,52,201101
29,81,201101
29,139,201101
29,69,201101
29,164,201101
29,117,201101
29,274,201101
29,32,201101
29,100,201101
29,111,201101
29,102,201101
29,31,201101
29,72,201101
29,371,201101
29,544,201101
29,129,201101
29,80,201101
29,180,201101
29,58,201101
29,9,201101
29,27,201101
29,78,201101
29,512,201101
29,112,201101
29,296,201101
29,55,201101
29,23,201101
29,251,201101
29,63,201101
29,24,201101
29,142,201101
29,45,201101
29,4,201101
29,75,201101
29,40,201101
29,131,201101
29,43,201101
29,155,201101
29,51,201101
29,156,201101
29,270,201101
29,134,201101
29,153,201101
29,28,201101
29,8,201101
29,48,201101
29,165,201101
29,15,201101
29,269,201101
29,163,201101
29,11,201101
29,183,201101
29,420,201101
29,159,201101
29,104,201101
29,132,201101
29,76,201101
29,61,201101
29,752,201101
29,198,201101
29,145,201101
29,141,201101
29,172,201101
29,292,201101
29,171,201101
29,276,201101
29,62,201101
29,57,201101
29,144,201101
29,0,201101
29,65,201101
29,379,201101
29,224,201101
29,443,201101
29,267,201101
29,137,201101
29,233,201101
29,7,201101
29,208,201101
29,96,201101
29,422,201101
29,44,201101
29,237,201101
29,79,201101
29,120,201101
29,140,201101
29,86,201101
29,169,201101
29,242,201101
29,125,201101
29,34,201101
29,13,201101
29,170,201101
29,99,201101
29,71,201101
29,121,201101
29,197,201101
29,107,201101
29,154,201101
29,136,201101
29,213,201101
29,303,201101
29,193,201101
29,53,201101
29,36,201101
29,22,201101
29,21,201101
29,113,201101
29,26,201101
29,1,201101
29,20,201101
30,84,201101
30,132,201101
30,136,201101
30,160,201101
30,143,201101
30,12,201101
30,104,201101
30,878,201101
30,137,201101
30,135,201101
30,96,201101
30,1090,201101
30,265,201101
30,14,201101
30,64,201101
30,26,201101
30,86,201101
30,783,201101
30,753,201101
30,754,201101
30,1169,201101
30,346,201101
30,18,201101
30,17,201101
30,10,201101
30,1227,201101
30,4,201101
30,11,201101
31,175,201101
31,35,201101
31,77,201101
31,160,201101
31,73,201101
31,146,201101
31,40,201101
31,342,201101
31,74,201101
31,159,201101
31,115,201101
31,19,201101
31,157,201101
31,52,201101
31,124,201101
31,149,201101
31,125,201101
31,99,201101
31,144,201101
31,85,201101
31,11,201101
31,59,201101
31,6,201101
31,278,201101
31,116,201101
31,93,201101
31,54,201101
31,14,201101
31,112,201101
31,180,201101
31,183,201101
31,0,201101
31,61,201101
31,888,201101
31,133,201101
31,16,201101
31,64,201101
31,510,201101
31,39,201101
31,176,201101
31,310,201101
31,18,201101
31,121,201101
31,12,201101
31,29,201101
31,96,201101
31,135,201101
31,36,201101
31,72,201101
31,142,201101
31,119,201101
31,47,201101
31,20,201101
31,97,201101
31,503,201101
31,9,201101
31,26,201101
31,51,201101
31,2,201101
31,155,201101
31,108,201101
31,48,201101
31,4,201101
31,22,201101
31,5,201101
31,102,201101
31,107,201101
31,32,201101
31,165,201101
31,13,201101
31,113,201101
31,23,201101
31,139,201101
31,46,201101
31,21,201101
31,38,201101
31,80,201101
31,1366,201101
31,274,201101
31,28,201101
31,136,201101
31,17,201101
31,154,201101
31,81,201101
31,27,201101
31,100,201101
31,25,201101
31,1,201101
31,83,201101
31,92,201101
31,10,201101
31,60,201101
31,137,201101
32,160,201101
32,77,201101
32,138,201101
32,142,201101
32,6,201101
32,143,201101
32,29,201101
32,16,201101
32,80,201101
32,27,201101
32,1366,201101
32,81,201101
32,85,201101
32,96,201101
32,38,201101
32,544,201101
32,157,201101
32,23,201101
32,9,201101
32,21,201101
32,28,201101
32,113,201101
32,63,201101
32,20,201101
32,40,201101
32,26,201101
32,126,201101
32,0,201101
32,145,201101
32,205,201101
32,159,201101
32,43,201101
32,97,201101
32,546,201101
32,120,201101
32,59,201101
32,18,201101
32,74,201101
32,14,201101
32,332,201101
32,137,201101
32,133,201101
32,48,201101
32,99,201101
32,131,201101
32,163,201101
32,12,201101
32,102,201101
32,19,201101
32,208,201101
32,206,201101
32,72,201101
32,100,201101
32,57,201101
32,64,201101
32,83,201101
32,237,201101
32,224,201101
32,15,201101
32,146,201101
32,2,201101
32,124,201101
32,46,201101
32,197,201101
32,69,201101
32,31,201101
32,132,201101
32,22,201101
32,25,201101
32,346,201101
32,45,201101
32,362,201101
32,17,201101
32,178,201101
32,79,201101
32,140,201101
32,1147,201101
32,341,201101
32,108,201101
32,112,201101
32,11,201101
32,144,201101
32,75,201101
32,5,201101
32,76,201101
32,34,201101
32,155,201101
32,134,201101
32,92,201101
32,54,201101
32,180,201101
32,154,201101
32,60,201101
32,89,201101
32,814,201101
32,129,201101
32,320,201101
32,10,201101
32,274,201101
32,171,201101
32,429,201101
32,440,201101
32,58,201101
32,545,201101
32,66,201101
32,136,201101
32,13,201101
32,117,201101
32,141,201101
32,198,201101
32,39,201101
32,170,201101
32,181,201101
32,101,201101
32,270,201101
32,78,201101
32,65,201101
32,176,201101
32,62,201101
32,114,201101
32,52,201101
32,61,201101
32,269,201101
32,55,201101
32,24,201101
32,233,201101
32,242,201101
32,44,201101
32,276,201101
32,135,201101
32,195,201101
32,182,201101
32,338,201101
32,36,201101
32,94,201101
32,1,201101
32,35,201101
32,139,201101
32,4,201101
33,51,201101
33,4,201101
33,17,201101
33,866,201101
33,346,201101
33,11,201101
33,1227,201101
33,1,201101
33,5,201101
33,10,201101
33,136,201101
33,20,201101
34,552,201101
34,104,201101
34,160,201101
34,143,201101
34,84,201101
34,588,201101
34,269,201101
34,72,201101
34,77,201101
34,197,201101
34,11,201101
34,22,201101
34,211,201101
34,1366,201101
34,136,201101
34,16,201101
34,264,201101
34,1147,201101
34,10,201101
34,12,201101
34,159,201101
34,346,201101
34,132,201101
34,98,201101
34,32,201101
34,1169,201101
34,28,201101
34,29,201101
34,18,201101
34,17,201101
34,1227,201101
34,136,201101
34,29,201101
34,10,201101
34,97,201101
34,25,201101
34,137,201101
35,60,201101
35,152,201101
35,512,201101
35,675,201101
35,58,201101
35,17,201101
35,108,201101
35,48,201101
35,375,201101
35,143,201101
35,25,201101
35,137,201101
35,146,201101
35,10,201101
35,31,201101
35,129,201101
35,100,201101
35,57,201101
35,16,201101
35,29,201101
35,14,201101
35,36,201101
35,0,201101
35,241,201101
35,59,201101
35,160,201101
35,18,201101
35,180,201101
35,41,201101
35,142,201101
35,117,201101
35,21,201101
35,393,201101
35,155,201101
35,85,201101
35,5,201101
35,176,201101
35,46,201101
35,13,201101
35,120,201101
35,9,201101
35,6,201101
35,83,201101
35,54,201101
35,97,201101
35,11,201101
35,140,201101
35,52,201101
35,93,201101
35,172,201101
35,4,201101
35,274,201101
35,153,201101
35,167,201101
35,355,201101
35,72,201101
35,78,201101
35,45,201101
35,101,201101
35,80,201101
35,73,201101
35,76,201101
35,38,201101
35,156,201101
35,40,201101
35,77,201101
35,64,201101
35,81,201101
35,71,201101
35,139,201101
35,1,201101
35,173,201101
35,136,201101
35,99,201101
35,32,201101
35,769,201101
35,19,201101
35,154,201101
35,20,201101
35,26,201101
36,60,201101
36,160,201101
36,375,201101
36,139,201101
36,143,201101
36,35,201101
36,152,201101
36,137,201101
36,10,201101
36,85,201101
36,1193,201101
36,80,201101
36,1366,201101
36,32,201101
36,17,201101
36,28,201101
36,27,201101
36,54,201101
36,126,201101
36,13,201101
36,213,201101
36,1,201101
36,274,201101
36,2,201101
36,266,201101
36,100,201101
36,136,201101
36,142,201101
36,41,201101
36,77,201101
36,434,201101
36,25,201101
36,102,201101
36,81,201101
36,0,201101
36,14,201101
36,83,201101
36,178,201101
36,52,201101
36,154,201101
36,31,201101
36,138,201101
36,171,201101
36,155,201101
36,6,201101
36,135,201101
36,99,201101
36,1250,201101
36,341,201101
36,16,201101
36,40,201101
36,180,201101
36,334,201101
36,208,201101
36,19,201101
36,29,201101
36,97,201101
36,26,201101
36,119,201101
36,108,201101
36,46,201101
36,59,201101
37,493,201101
37,17,201101
37,1,201101
38,160,201101
38,1209,201101
38,143,201101
38,77,201101
38,40,201101
38,83,201101
38,137,201101
38,120,201101
38,115,201101
38,64,201101
38,72,201101
38,113,201101
38,41,201101
38,142,201101
38,154,201101
38,23,201101
38,136,201101
38,5,201101
38,100,201101
38,9,201101
38,36,201101
38,81,201101
38,26,201101
38,4,201101
38,17,201101
38,1,201101
38,32,201101
38,97,201101
38,85,201101
38,0,201101
38,139,201101
38,99,201101
38,106,201101
38,53,201101
38,1147,201101
38,107,201101
38,16,201101
38,12,201101
38,31,201101
38,21,201101
38,178,201101
38,274,201101
38,146,201101
38,11,201101
38,29,201101
38,18,201101
38,155,201101
38,27,201101
38,59,201101
38,92,201101
38,10,201101
38,28,201101
38,6,201101
38,19,201101
38,48,201101
38,46,201101
38,35,201101
38,25,201101
38,108,201101
38,135,201101
38,60,201101
38,14,201101
39,143,201101
39,29,201101
39,137,201101
39,160,201101
39,77,201101
39,28,201101
39,320,201101
39,501,201101
39,19,201101
39,23,201101
39,100,201101
39,46,201101
39,310,201101
39,59,201101
39,32,201101
39,98,201101
39,65,201101
39,101,201101
39,530,201101
39,31,201101
39,97,201101
39,99,201101
39,341,201101
39,1147,201101
39,26,201101
39,25,201101
39,64,201101
40,180,201101
40,143,201101
40,64,201101
40,380,201101
40,1086,201101
40,160,201101
40,142,201101
40,105,201101
40,19,201101
40,281,201101
40,83,201101
40,54,201101
40,77,201101
40,362,201101
40,6,201101
40,176,201101
40,100,201101
40,205,201101
40,48,201101
40,69,201101
40,216,201101
40,544,201101
40,108,201101
40,12,201101
40,17,201101
40,183,201101
40,70,201101
40,31,201101
40,113,201101
40,234,201101
40,278,201101
40,157,201101
40,22,201101
40,61,201101
40,53,201101
40,36,201101
40,136,201101
40,52,201101
40,18,201101
40,5,201101
40,4,201101
40,274,201101
40,154,201101
40,102,201101
40,0,201101
40,165,201101
40,139,201101
40,133,201101
40,126,201101
40,163,201101
40,169,201101
40,13,201101
40,444,201101
40,2,201101
40,66,201101
40,129,201101
40,135,201101
40,146,201101
40,38,201101
40,341,201101
40,99,201101
40,739,201101
40,85,201101
40,32,201101
40,463,201101
40,155,201101
40,9,201101
40,27,201101
40,1147,201101
40,51,201101
40,11,201101
40,26,201101
40,132,201101
40,107,201101
40,14,201101
40,20,201101
40,137,201101
40,320,201101
40,35,201101
40,45,201101
40,92,201101
40,59,201101
40,178,201101
40,29,201101
40,46,201101
40,80,201101
40,25,201101
40,28,201101
40,16,201101
40,1,201101
40,97,201101
40,60,201101
40,10,201101
41,60,201101
41,219,201101
41,314,201101
41,140,201101
41,160,201101
41,24,201101
41,142,201101
41,81,201101
41,36,201101
41,77,201101
41,102,201101
41,739,201101
41,192,201101
41,35,201101
41,83,201101
41,64,201101
41,48,201101
41,108,201101
41,97,201101
41,137,201101
41,46,201101
43,181,201101
43,29,201101
43,44,201101
43,54,201101
43,160,201101
43,61,201101
43,64,201101
43,65,201101
43,32,201101
43,136,201101
43,266,201101
43,10,201101
43,18,201101
43,97,201101
44,43,201101
44,54,201101
44,443,201101
44,346,201101
44,29,201101
44,32,201101
44,18,201101
45,160,201101
45,1044,201101
45,207,201101
45,4,201101
45,182,201101
45,146,201101
45,126,201101
45,134,201101
45,124,201101
45,6,201101
45,142,201101
45,156,201101
45,97,201101
45,31,201101
45,100,201101
45,32,201101
45,26,201101
45,77,201101
45,19,201101
45,178,201101
45,341,201101
45,29,201101
45,99,201101
45,64,201101
45,46,201101
45,35,201101
45,25,201101
45,137,201101
46,101,201101
46,19,201101
46,36,201101
46,16,201101
46,138,201101
46,250,201101
46,160,201101
46,77,201101
46,143,201101
46,55,201101
46,142,201101
46,175,201101
46,80,201101
46,137,201101
46,108,201101
46,26,201101
46,198,201101
46,181,201101
46,29,201101
46,135,201101
46,10,201101
46,452,201101
46,25,201101
46,99,201101
46,78,201101
46,134,201101
46,141,201101
46,60,201101
46,56,201101
46,13,201101
46,18,201101
46,0,201101
46,354,201101
46,64,201101
46,21,201101
46,97,201101
46,35,201101
46,320,201101
46,96,201101
46,32,201101
46,131,201101
46,52,201101
46,152,201101
46,124,201101
46,14,201101
46,156,201101
46,278,201101
46,117,201101
46,82,201101
46,1147,201101
46,59,201101
46,83,201101
46,126,201101
46,176,201101
46,57,201101
46,106,201101
46,182,201101
46,76,201101
46,27,201101
46,178,201101
46,81,201101
46,140,201101
46,39,201101
46,224,201101
46,146,201101
46,158,201101
46,100,201101
46,102,201101
46,38,201101
46,355,201101
46,40,201101
46,63,201101
46,287,201101
46,31,201101
46,173,201101
46,6,201101
46,445,201101
46,155,201101
46,45,201101
46,154,201101
46,458,201101
46,208,201101
46,120,201101
46,860,201101
46,813,201101
46,58,201101
46,79,201101
46,54,201101
46,65,201101
46,94,201101
46,237,201101
46,342,201101
46,192,201101
46,799,201101
46,95,201101
46,180,201101
46,98,201101
46,2,201101
46,744,201101
46,544,201101
46,157,201101
46,341,201101
46,73,201101
46,41,201101
46,4,201101
46,769,201101
46,172,201101
46,28,201101
46,797,201101
46,85,201101
46,75,201101
46,24,201101
46,129,201101
46,20,201101
46,17,201101
46,136,201101
46,139,201101
46,48,201101
46,1,201101
47,135,201101
47,20,201101
47,72,201101
47,80,201101
47,112,201101
47,165,201101
47,96,201101
47,149,201101
47,60,201101
47,5,201101
47,1,201101
47,136,201101
47,27,201101
47,115,201101
47,1147,201101
47,0,201101
47,17,201101
47,274,201101
47,92,201101
47,137,201101
47,25,201101
48,129,201101
48,175,201101
48,77,201101
48,60,201101
48,552,201101
48,108,201101
48,160,201101
48,35,201101
48,83,201101
48,769,201101
48,768,201101
48,97,201101
48,143,201101
48,1,201101
48,38,201101
48,183,201101
48,9,201101
48,69,201101
48,20,201101
48,133,201101
48,18,201101
48,124,201101
48,70,201101
48,113,201101
48,36,201101
48,29,201101
48,26,201101
48,40,201101
48,165,201101
48,51,201101
48,6,201101
48,23,201101
48,96,201101
48,2,201101
48,13,201101
48,64,201101
48,16,201101
48,11,201101
48,107,201101
48,52,201101
48,12,201101
48,5,201101
48,4,201101
48,28,201101
48,25,201101
48,80,201101
48,434,201101
48,102,201101
48,0,201101
48,112,201101
48,136,201101
48,32,201101
48,142,201101
48,31,201101
48,140,201101
48,120,201101
48,21,201101
48,155,201101
48,41,201101
48,54,201101
48,1366,201101
48,78,201101
48,206,201101
48,17,201101
48,79,201101
48,815,201101
48,176,201101
48,81,201101
48,95,201101
48,65,201101
48,181,201101
48,57,201101
48,101,201101
48,320,201101
48,274,201101
48,85,201101
48,99,201101
48,194,201101
48,180,201101
48,195,201101
48,121,201101
48,27,201101
48,172,201101
48,154,201101
48,10,201101
48,146,201101
48,59,201101
48,92,201101
48,208,201101
48,100,201101
48,14,201101
48,119,201101
48,19,201101
48,178,201101
48,135,201101
48,137,201101
48,46,201101
49,806,201101
49,69,201101
49,51,201101
50,51,201101
50,177,201101
50,69,201101
50,1169,201101
50,4,201101
51,77,201101
51,4,201101
51,5,201101
51,96,201101
51,23,201101
51,1196,201101
51,741,201101
51,795,201101
51,132,201101
51,137,201101
51,247,201101
51,143,201101
51,20,201101
51,110,201101
51,69,201101
51,214,201101
51,215,201101
51,160,201101
51,901,201101
51,136,201101
51,175,201101
51,17,201101
51,184,201101
51,22,201101
51,213,201101
51,80,201101
51,28,201101
51,863,201101
51,142,201101
51,54,201101
51,12,201101
51,107,201101
51,395,201101
51,9,201101
51,14,201101
51,0,201101
51,113,201101
51,16,201101
51,8,201101
51,32,201101
51,1,201101
51,274,201101
51,92,201101
51,2,201101
51,40,201101
51,1319,201101
51,108,201101
51,1649,201101
51,13,201101
51,21,201101
51,97,201101
51,165,201101
51,346,201101
51,48,201101
51,72,201101
51,11,201101
51,154,201101
51,83,201101
51,26,201101
51,64,201101
51,31,201101
51,60,201101
51,85,201101
51,10,201101
51,49,201101
51,133,201101
51,819,201101
51,150,201101
51,33,201101
51,59,201101
51,29,201101
51,27,201101
51,135,201101
51,6,201101
51,112,201101
51,89,201101
51,7,201101
51,183,201101
51,121,201101
51,18,201101
51,25,201101
52,102,201101
52,160,201101
52,180,201101
52,26,201101
52,143,201101
52,293,201101
52,117,201101
52,77,201101
52,138,201101
52,146,201101
52,19,201101
52,23,201101
52,24,201101
52,155,201101
52,6,201101
52,113,201101
52,32,201101
52,115,201101
52,4,201101
52,2,201101
52,54,201101
52,36,201101
52,133,201101
52,64,201101
52,20,201101
52,274,201101
52,93,201101
52,106,201101
52,31,201101
52,21,201101
52,86,201101
52,96,201101
52,40,201101
52,156,201101
52,129,201101
52,139,201101
52,85,201101
52,107,201101
52,18,201101
52,38,201101
52,81,201101
52,1366,201101
52,66,201101
52,16,201101
52,176,201101
52,0,201101
52,29,201101
52,83,201101
52,101,201101
52,27,201101
52,74,201101
52,25,201101
52,46,201101
52,35,201101
52,17,201101
52,60,201101
52,80,201101
52,99,201101
52,1,201101
52,154,201101
52,51,201101
52,100,201101
52,108,201101
52,22,201101
52,5,201101
52,28,201101
52,92,201101
52,59,201101
52,48,201101
52,136,201101
52,10,201101
52,135,201101
52,137,201101
52,97,201101
52,14,201101
53,16,201101
53,48,201101
53,160,201101
53,234,201101
53,70,201101
53,122,201101
53,11,201101
53,40,201101
53,143,201101
53,149,201101
53,330,201101
53,104,201101
53,51,201101
53,64,201101
53,213,201101
53,24,201101
53,189,201101
53,27,201101
53,2,201101
53,346,201101
53,99,201101
53,165,201101
53,100,201101
53,1169,201101
53,10,201101
53,20,201101
53,121,201101
53,1227,201101
53,18,201101
53,136,201101
53,25,201101
53,17,201101
53,97,201101
53,29,201101
53,137,201101
54,440,201101
54,430,201101
54,43,201101
54,143,201101
54,814,201101
54,18,201101
54,44,201101
54,276,201101
54,77,201101
54,40,201101
54,422,201101
54,160,201101
54,53,201101
54,10,201101
54,208,201101
54,102,201101
54,99,201101
54,115,201101
54,133,201101
54,303,201101
54,113,201101
54,11,201101
54,0,201101
54,85,201101
54,183,201101
54,2,201101
54,80,201101
54,154,201101
54,21,201101
54,45,201101
54,165,201101
54,6,201101
54,92,201101
54,97,201101
54,534,201101
54,278,201101
54,52,201101
54,16,201101
54,19,201101
54,64,201101
54,119,201101
54,17,201101
54,35,201101
54,51,201101
54,66,201101
54,156,201101
54,126,201101
54,860,201101
54,722,201101
54,1205,201101
54,83,201101
54,4,201101
54,1,201101
54,346,201101
54,341,201101
54,12,201101
54,146,201101
54,1180,201101
54,139,201101
54,5,201101
54,32,201101
54,22,201101
54,48,201101
54,137,201101
54,28,201101
54,25,201101
54,24,201101
54,46,201101
54,274,201101
54,75,201101
54,132,201101
54,31,201101
54,74,201101
54,197,201101
54,375,201101
54,94,201101
54,136,201101
54,81,201101
54,108,201101
54,181,201101
54,131,201101
54,13,201101
54,14,201101
54,27,201101
54,20,201101
54,29,201101
54,60,201101
54,26,201101
55,134,201101
55,180,201101
55,160,201101
55,126,201101
55,6,201101
55,78,201101
55,64,201101
55,19,201101
55,99,201101
55,29,201101
55,16,201101
55,59,201101
55,32,201101
55,26,201101
55,60,201101
56,19,201101
56,143,201101
56,1086,201101
56,46,201101
56,180,201101
56,178,201101
57,77,201101
57,160,201101
57,159,201101
57,143,201101
57,79,201101
57,74,201101
57,66,201101
57,242,201101
57,99,201101
57,188,201101
57,29,201101
57,26,201101
57,64,201101
57,97,201101
57,46,201101
57,16,201101
57,6,201101
57,146,201101
57,1250,201101
57,32,201101
57,48,201101
57,375,201101
57,19,201101
57,60,201101
57,25,201101
57,137,201101
58,35,201101
58,675,201101
58,160,201101
58,241,201101
58,143,201101
58,176,201101
58,9,201101
58,117,201101
58,52,201101
58,25,201101
58,75,201101
58,29,201101
58,80,201101
58,53,201101
58,97,201101
58,32,201101
58,46,201101
58,64,201101
58,99,201101
58,60,201101
58,136,201101
58,14,201101
58,137,201101
59,0,201101
59,245,201101
59,27,201101
59,110,201101
59,97,201101
59,675,201101
59,77,201101
59,143,201101
59,19,201101
59,138,201101
59,241,201101
59,29,201101
59,25,201101
59,89,201101
59,160,201101
59,146,201101
59,14,201101
59,131,201101
59,39,201101
59,83,201101
59,40,201101
59,32,201101
59,112,201101
59,64,201101
59,133,201101
59,8,201101
59,20,201101
59,183,201101
59,120,201101
59,11,201101
59,18,201101
59,52,201101
59,180,201101
59,13,201101
59,46,201101
59,23,201101
59,38,201101
59,4,201101
59,142,201101
59,100,201101
59,126,201101
59,132,201101
59,1065,201101
59,16,201101
59,31,201101
59,113,201101
59,137,201101
59,154,201101
59,172,201101
59,117,201101
59,99,201101
59,81,201101
59,2,201101
59,55,201101
59,51,201101
59,21,201101
59,85,201101
59,108,201101
59,71,201101
59,136,201101
59,10,201101
59,1,201101
59,217,201101
59,28,201101
59,5,201101
59,134,201101
59,48,201101
59,92,201101
59,94,201101
59,121,201101
59,194,201101
59,129,201101
59,60,201101
59,17,201101
59,139,201101
59,35,201101
59,36,201101
60,181,201101
60,78,201101
60,175,201101
60,100,201101
60,48,201101
60,146,201101
60,8,201101
60,143,201101
60,77,201101
60,108,201101
60,97,201101
60,41,201101
60,129,201101
60,83,201101
60,39,201101
60,36,201101
60,1191,201101
60,35,201101
60,160,201101
60,26,201101
60,17,201101
60,64,201101
60,137,201101
60,4,201101
60,22,201101
60,133,201101
60,183,201101
60,51,201101
60,115,201101
60,7,201101
60,113,201101
60,46,201101
60,93,201101
60,14,201101
60,10,201101
60,274,201101
60,92,201101
60,20,201101
60,54,201101
60,116,201101
60,23,201101
60,154,201101
60,86,201101
60,16,201101
60,112,201101
60,0,201101
60,52,201101
60,1,201101
60,126,201101
60,69,201101
60,2,201101
60,124,201101
60,13,201101
60,28,201101
60,18,201101
60,530,201101
60,6,201101
60,139,201101
60,25,201101
60,588,201101
60,32,201101
60,21,201101
60,107,201101
60,5,201101
60,170,201101
60,72,201101
60,134,201101
60,1258,201101
60,165,201101
60,12,201101
60,156,201101
60,9,201101
60,237,201101
60,11,201101
60,132,201101
60,63,201101
60,27,201101
60,104,201101
60,141,201101
60,151,201101
60,65,201101
60,95,201101
60,269,201101
60,208,201101
60,101,201101
60,120,201101
60,163,201101
60,57,201101
60,99,201101
60,769,201101
60,58,201101
60,81,201101
60,157,201101
60,860,201101
60,85,201101
60,1366,201101
60,142,201101
60,79,201101
60,55,201101
60,176,201101
60,24,201101
60,197,201101
60,195,201101
60,117,201101
60,217,201101
60,96,201101
60,194,201101
60,75,201101
60,38,201101
60,80,201101
60,40,201101
60,135,201101
60,136,201101
60,19,201101
60,180,201101
60,178,201101
60,155,201101
60,119,201101
60,59,201101
60,31,201101
60,29,201101
60,102,201101
61,143,201101
61,234,201101
61,415,201101
61,29,201101
61,160,201101
61,407,201101
61,111,201101
61,22,201101
61,233,201101
61,65,201101
61,81,201101
61,130,201101
61,146,201101
61,135,201101
61,131,201101
61,16,201101
61,346,201101
61,1,201101
61,18,201101
61,32,201101
61,266,201101
61,17,201101
61,10,201101
61,1227,201101
61,136,201101
61,137,201101
62,66,201101
62,143,201101
62,160,201101
62,101,201101
62,133,201101
62,1147,201101
62,146,201101
62,29,201101
62,375,201101
62,266,201101
62,32,201101
62,137,201101
62,97,201101
63,224,201101
63,160,201101
63,278,201101
63,32,201101
63,97,201101
63,29,201101
63,26,201101
63,46,201101
63,25,201101
63,99,201101
63,60,201101
63,64,201101
64,6,201101
64,29,201101
64,77,201101
64,142,201101
64,143,201101
64,97,201101
64,180,201101
64,126,201101
64,81,201101
64,197,201101
64,40,201101
64,182,201101
64,135,201101
64,176,201101
64,120,201101
64,101,201101
64,46,201101
64,160,201101
64,16,201101
64,38,201101
64,183,201101
64,27,201101
64,23,201101
64,112,201101
64,69,201101
64,7,201101
64,116,201101
64,278,201101
64,93,201101
64,59,201101
64,133,201101
64,146,201101
64,5,201101
64,60,201101
64,154,201101
64,303,201101
64,20,201101
64,12,201101
64,30,201101
64,18,201101
64,534,201101
64,66,201101
64,1595,201101
64,117,201101
64,140,201101
64,19,201101
64,96,201101
64,0,201101
64,54,201101
64,544,201101
64,32,201101
64,157,201101
64,13,201101
64,2,201101
64,9,201101
64,739,201101
64,48,201101
64,78,201101
64,4,201101
64,24,201101
64,31,201101
64,354,201101
64,28,201101
64,41,201101
64,178,201101
64,124,201101
64,102,201101
64,155,201101
64,10,201101
64,85,201101
64,703,201101
64,57,201101
64,274,201101
64,51,201101
64,113,201101
64,449,201101
64,55,201101
64,45,201101
64,76,201101
64,100,201101
64,1,201101
64,17,201101
64,722,201101
64,83,201101
64,52,201101
64,549,201101
64,92,201101
64,35,201101
64,25,201101
64,373,201101
64,156,201101
64,730,201101
64,26,201101
64,58,201101
64,53,201101
64,134,201101
64,208,201101
64,137,201101
64,63,201101
64,172,201101
64,79,201101
64,332,201101
64,192,201101
64,205,201101
64,39,201101
64,11,201101
64,21,201101
64,121,201101
64,129,201101
64,136,201101
64,108,201101
65,64,201101
65,23,201101
65,54,201101
65,132,201101
65,274,201101
65,99,201101
65,98,201101
65,900,201101
65,73,201101
65,543,201101
65,83,201101
65,39,201101
65,530,201101
65,97,201101
65,26,201101
65,46,201101
65,18,201101
65,29,201101
65,160,201101
65,48,201101
65,1250,201101
65,60,201101
65,25,201101
65,375,201101
65,32,201101
65,137,201101
66,77,201101
66,362,201101
66,62,201101
66,160,201101
66,102,201101
66,14,201101
66,143,201101
66,85,201101
66,782,201101
66,444,201101
66,29,201101
66,54,201101
66,40,201101
66,141,201101
66,32,201101
66,101,201101
66,146,201101
66,16,201101
66,97,201101
66,18,201101
66,10,201101
66,375,201101
66,1227,201101
66,266,201101
67,776,201101
67,775,201101
67,372,201101
67,1169,201101
67,11,201101
67,136,201101
68,775,201101
68,358,201101
68,738,201101
68,783,201101
68,136,201101
69,806,201101
69,137,201101
69,49,201101
69,177,201101
69,51,201101
69,317,201101
69,132,201101
69,143,201101
69,160,201101
69,311,201101
69,4,201101
69,3,201101
69,247,201101
69,50,201101
69,150,201101
69,85,201101
69,0,201101
69,116,201101
69,77,201101
69,165,201101
69,32,201101
69,303,201101
69,16,201101
69,108,201101
69,213,201101
69,92,201101
69,18,201101
69,9,201101
69,133,201101
69,60,201101
69,17,201101
69,40,201101
69,2,201101
69,25,201101
69,112,201101
69,274,201101
69,107,201101
69,10,201101
69,29,201101
69,135,201101
69,183,201101
69,146,201101
69,96,201101
69,21,201101
69,28,201101
69,1169,201101
69,99,201101
69,346,201101
69,1,201101
69,27,201101
69,136,201101
69,23,201101
69,11,201101
69,20,201101
69,5,201101
70,53,201101
70,160,201101
70,9,201101
70,150,201101
70,5,201101
70,69,201101
70,1169,201101
70,10,201101
70,17,201101
70,137,201101
70,1,201101
70,11,201101
70,136,201101
71,136,201101
71,112,201101
71,1131,201101
71,480,201101
71,154,201101
71,18,201101
71,16,201101
71,26,201101
71,6,201101
71,17,201101
71,59,201101
71,25,201101
71,97,201101
71,29,201101
71,35,201101
71,137,201101
72,160,201101
72,77,201101
72,159,201101
72,552,201101
72,27,201101
72,9,201101
72,143,201101
72,339,201101
72,53,201101
72,125,201101
72,74,201101
72,19,201101
72,112,201101
72,51,201101
72,48,201101
72,122,201101
72,47,201101
72,69,201101
72,12,201101
72,132,201101
72,64,201101
72,0,201101
72,28,201101
72,23,201101
72,154,201101
72,165,201101
72,52,201101
72,34,201101
72,97,201101
72,183,201101
72,107,201101
72,71,201101
72,16,201101
72,115,201101
72,18,201101
72,113,201101
72,445,201101
72,20,201101
72,1,201101
72,81,201101
72,32,201101
72,92,201101
72,60,201101
72,21,201101
72,104,201101
72,96,201101
72,22,201101
72,11,201101
72,5,201101
72,29,201101
72,14,201101
72,133,201101
72,135,201101
72,17,201101
72,85,201101
72,25,201101
72,2,201101
72,35,201101
72,6,201101
72,136,201101
72,137,201101
72,10,201101
72,274,201101
73,39,201101
73,65,201101
73,530,201101
73,900,201101
73,310,201101
73,35,201101
73,46,201101
73,97,201101
74,16,201101
74,27,201101
74,208,201101
74,61,201101
74,276,201101
74,26,201101
74,354,201101
74,22,201101
74,652,201101
74,97,201101
74,32,201101
74,18,201101
74,29,201101
74,160,201101
74,137,201101
74,19,201101
74,346,201101
74,54,201101
75,890,201101
75,143,201101
75,83,201101
75,341,201101
75,1308,201101
75,1147,201101
75,32,201101
75,99,201101
75,178,201101
75,29,201101
75,19,201101
75,54,201101
75,13,201101
75,139,201101
75,108,201101
75,26,201101
75,60,201101
75,136,201101
75,46,201101
75,97,201101
76,129,201101
76,140,201101
76,79,201101
76,143,201101
76,146,201101
76,120,201101
76,278,201101
76,160,201101
76,77,201101
76,195,201101
76,813,201101
76,101,201101
76,83,201101
76,32,201101
76,142,201101
76,58,201101
76,99,201101
76,180,201101
76,100,201101
76,131,201101
76,80,201101
76,41,201101
76,16,201101
76,14,201101
76,237,201101
76,64,201101
76,320,201101
76,1147,201101
76,46,201101
76,19,201101
76,178,201101
76,29,201101
76,1250,201101
76,375,201101
76,266,201101
76,26,201101
76,35,201101
76,25,201101
76,97,201101
76,137,201101
76,6,201101
77,120,201101
77,138,201101
77,66,201101
77,12,201101
77,16,201101
77,13,201101
77,281,201101
77,17,201101
77,136,201101
77,23,201101
77,46,201101
77,6,201101
77,5,201101
77,14,201101
77,54,201101
77,181,201101
77,29,201101
77,110,201101
77,1,201101
77,97,201101
77,32,201101
77,60,201101
77,39,201101
77,195,201101
77,27,201101
77,155,201101
77,18,201101
77,4,201101
77,76,201101
77,52,201101
77,59,201101
77,38,201101
77,83,201101
77,142,201101
77,160,201101
77,51,201101
77,79,201101
77,19,201101
77,40,201101
77,137,201101
77,57,201101
77,25,201101
77,176,201101
77,64,201101
77,28,201101
77,401,201101
77,154,201101
77,31,201101
77,101,201101
77,72,201101
77,131,201101
77,15,201101
77,112,201101
77,20,201101
77,208,201101
77,303,201101
77,133,201101
77,180,201101
77,100,201101
77,341,201101
77,107,201101
77,26,201101
77,113,201101
77,234,201101
77,106,201101
77,134,201101
77,157,201101
77,80,201101
77,36,201101
77,115,201101
77,108,201101
77,9,201101
77,102,201101
77,1041,201101
77,55,201101
77,143,201101
77,2,201101
77,82,201101
77,96,201101
77,21,201101
77,135,201101
77,85,201101
77,0,201101
77,346,201101
77,99,201101
77,10,201101
77,48,201101
77,274,201101
77,94,201101
77,35,201101
77,11,201101
77,139,201101
78,160,201101
78,278,201101
78,19,201101
78,77,201101
78,270,201101
78,32,201101
78,27,201101
78,28,201101
78,54,201101
78,180,201101
78,38,201101
78,52,201101
78,134,201101
78,46,201101
78,24,201101
78,143,201101
78,178,201101
78,26,201101
78,136,201101
78,29,201101
78,341,201101
78,97,201101
78,99,201101
78,48,201101
78,35,201101
78,64,201101
78,6,201101
78,25,201101
78,137,201101
79,77,201101
79,182,201101
79,16,201101
79,6,201101
79,160,201101
79,100,201101
79,59,201101
79,26,201101
79,32,201101
79,19,201101
79,1250,201101
79,46,201101
79,48,201101
79,375,201101
79,29,201101
79,64,201101
79,97,201101
79,60,201101
80,158,201101
80,101,201101
80,31,201101
80,160,201101
80,29,201101
80,355,201101
80,143,201101
80,512,201101
80,32,201101
80,287,201101
80,126,201101
80,124,201101
80,77,201101
80,181,201101
80,4,201101
80,52,201101
80,51,201101
80,93,201101
80,183,201101
80,2,201101
80,106,201101
80,115,201101
80,20,201101
80,153,201101
80,18,201101
80,154,201101
80,72,201101
80,26,201101
80,16,201101
80,13,201101
80,12,201101
80,116,201101
80,24,201101
80,96,201101
80,1147,201101
80,5,201101
80,142,201101
80,28,201101
80,11,201101
80,48,201101
80,23,201101
80,21,201101
80,149,201101
80,112,201101
80,83,201101
80,36,201101
80,19,201101
80,165,201101
80,180,201101
80,27,201101
80,107,201101
80,1,201101
80,85,201101
80,25,201101
80,40,201101
80,9,201101
80,17,201101
80,136,201101
80,46,201101
80,97,201101
80,100,201101
80,35,201101
80,0,201101
80,10,201101
80,135,201101
80,92,201101
80,108,201101
80,60,201101
80,14,201101
80,274,201101
80,137,201101
81,77,201101
81,75,201101
81,15,201101
81,135,201101
81,205,201101
81,282,201101
81,66,201101
81,47,201101
81,26,201101
81,19,201101
81,342,201101
81,94,201101
81,9,201101
81,119,201101
81,51,201101
81,64,201101
81,12,201101
81,107,201101
81,11,201101
81,58,201101
81,76,201101
81,16,201101
81,143,201101
81,21,201101
81,13,201101
81,85,201101
81,0,201101
81,180,201101
81,145,201101
81,274,201101
81,99,201101
81,131,201101
81,165,201101
81,113,201101
81,54,201101
81,6,201101
81,193,201101
81,28,201101
81,2,201101
81,43,201101
81,18,201101
81,83,201101
81,17,201101
81,96,201101
81,262,201101
81,139,201101
81,124,201101
81,29,201101
81,178,201101
81,20,201101
81,154,201101
81,4,201101
81,52,201101
81,5,201101
81,133,201101
81,97,201101
81,46,201101
81,100,201101
81,25,201101
81,27,201101
81,92,201101
81,59,201101
81,32,201101
81,48,201101
81,136,201101
81,160,201101
81,60,201101
81,35,201101
81,1,201101
81,137,201101
81,31,201101
81,108,201101
81,10,201101
81,14,201101
82,54,201101
82,154,201101
82,38,201101
82,176,201101
82,83,201101
82,1194,201101
82,19,201101
82,6,201101
82,46,201101
82,97,201101
83,175,201101
83,64,201101
83,160,201101
83,180,201101
83,41,201101
83,13,201101
83,143,201101
83,77,201101
83,48,201101
83,45,201101
83,12,201101
83,265,201101
83,16,201101
83,19,201101
83,355,201101
83,35,201101
83,139,201101
83,14,201101
83,10,201101
83,165,201101
83,4,201101
83,51,201101
83,9,201101
83,79,201101
83,18,201101
83,29,201101
83,26,201101
83,81,201101
83,22,201101
83,60,201101
83,11,201101
83,5,201101
83,69,201101
83,40,201101
83,28,201101
83,154,201101
83,52,201101
83,219,201101
83,739,201101
83,119,201101
83,129,201101
83,59,201101
83,100,201101
83,142,201101
83,2,201101
83,310,201101
83,6,201101
83,54,201101
83,463,201101
83,97,201101
83,113,201101
83,108,201101
83,288,201101
83,444,201101
83,80,201101
83,102,201101
83,133,201101
83,208,201101
83,32,201101
83,27,201101
83,107,201101
83,136,201101
83,341,201101
83,46,201101
83,146,201101
83,21,201101
83,17,201101
83,92,201101
83,112,201101
83,0,201101
83,274,201101
83,124,201101
83,155,201101
83,178,201101
83,85,201101
83,20,201101
83,99,201101
83,1,201101
83,25,201101
83,135,201101
83,31,201101
83,137,201101
84,753,201101
84,223,201101
84,164,201101
84,30,201101
84,86,201101
84,160,201101
84,154,201101
84,46,201101
84,88,201101
84,346,201101
84,10,201101
84,1227,201101
84,18,201101
84,4,201101
84,136,201101
84,11,201101
85,165,201101
85,401,201101
85,483,201101
85,552,201101
85,160,201101
85,310,201101
85,143,201101
85,740,201101
85,76,201101
85,88,201101
85,99,201101
85,54,201101
85,223,201101
85,16,201101
85,102,201101
85,213,201101
85,86,201101
85,64,201101
85,1131,201101
85,237,201101
85,156,201101
85,92,201101
85,183,201101
85,22,201101
85,1366,201101
85,189,201101
85,14,201101
85,40,201101
85,12,201101
85,142,201101
85,13,201101
85,32,201101
85,47,201101
85,133,201101
85,107,201101
85,146,201101
85,72,201101
85,18,201101
85,314,201101
85,52,201101
85,38,201101
85,78,201101
85,117,201101
85,23,201101
85,731,201101
85,83,201101
85,534,201101
85,906,201101
85,155,201101
85,77,201101
85,119,201101
85,113,201101
85,108,201101
85,115,201101
85,51,201101
85,9,201101
85,28,201101
85,20,201101
85,26,201101
85,4,201101
85,48,201101
85,1147,201101
85,121,201101
85,21,201101
85,346,201101
85,80,201101
85,341,201101
85,136,201101
85,1169,201101
85,97,201101
85,6,201101
85,116,201101
85,100,201101
85,11,201101
85,46,201101
85,154,201101
85,124,201101
85,29,201101
85,149,201101
85,180,201101
85,27,201101
85,0,201101
85,19,201101
85,93,201101
85,96,201101
85,60,201101
85,59,201101
85,5,201101
85,25,201101
85,112,201101
85,135,201101
85,17,201101
85,31,201101
85,1,201101
85,10,201101
85,274,201101
85,137,201101
86,84,201101
86,53,201101
86,29,201101
86,143,201101
86,931,201101
86,26,201101
86,223,201101
86,208,201101
86,739,201101
86,32,201101
86,136,201101
86,97,201101
86,20,201101
86,10,201101
86,1227,201101
86,18,201101
86,4,201101
86,11,201101
87,89,201101
87,291,201101
87,2,201101
87,203,201101
87,25,201101
88,2,201101
88,83,201101
88,84,201101
88,6,201101
88,18,201101
88,4,201101
88,136,201101
88,11,201101
89,28,201101
89,23,201101
89,6,201101
89,770,201101
89,243,201101
89,17,201101
89,7,201101
89,245,201101
89,778,201101
89,212,201101
89,323,201101
89,90,201101
89,5,201101
89,8,201101
89,87,201101
89,92,201101
89,133,201101
89,1408,201101
89,32,201101
89,59,201101
89,16,201101
89,113,201101
89,222,201101
89,29,201101
89,20,201101
89,10,201101
89,18,201101
89,51,201101
89,110,201101
89,4,201101
89,21,201101
89,1,201101
89,112,201101
89,25,201101
89,11,201101
89,97,201101
89,136,201101
89,137,201101
90,8,201101
90,89,201101
90,7,201101
90,243,201101
90,17,201101
92,25,201101
92,133,201101
92,99,201101
92,183,201101
92,85,201101
92,20,201101
92,139,201101
92,29,201101
92,11,201101
92,54,201101
92,9,201101
92,16,201101
92,60,201101
92,36,201101
92,72,201101
92,102,201101
92,18,201101
92,46,201101
92,12,201101
92,40,201101
92,17,201101
92,180,201101
92,119,201101
92,1169,201101
92,860,201101
92,51,201101
92,142,201101
92,77,201101
92,112,201101
92,22,201101
92,155,201101
92,38,201101
92,4,201101
92,143,201101
92,32,201101
92,23,201101
92,64,201101
92,113,201101
92,26,201101
92,52,201101
92,81,201101
92,13,201101
92,97,201101
92,116,201101
92,341,201101
92,83,201101
92,107,201101
92,21,201101
92,136,201101
92,115,201101
92,27,201101
92,124,201101
92,100,201101
92,1366,201101
92,19,201101
92,80,201101
92,149,201101
92,59,201101
92,157,201101
92,48,201101
92,165,201101
92,5,201101
92,28,201101
92,96,201101
92,47,201101
92,137,201101
92,108,201101
92,154,201101
92,31,201101
92,14,201101
92,2,201101
92,1,201101
92,93,201101
92,10,201101
92,135,201101
92,0,201101
92,274,201101
93,146,201101
93,552,201101
93,124,201101
93,160,201101
93,143,201101
93,2,201101
93,51,201101
93,16,201101
93,139,201101
93,54,201101
93,116,201101
93,100,201101
93,81,201101
93,113,201101
93,77,201101
93,13,201101
93,48,201101
93,107,201101
93,19,201101
93,32,201101
93,0,201101
93,35,201101
93,149,201101
93,4,201101
93,72,201101
93,115,201101
93,1227,201101
93,165,201101
93,80,201101
93,154,201101
93,167,201101
93,96,201101
93,136,201101
93,25,201101
93,14,201101
93,346,201101
93,393,201101
93,27,201101
93,10,201101
93,135,201101
93,18,201101
93,85,201101
93,274,201101
93,92,201101
94,27,201101
94,38,201101
94,99,201101
94,24,201101
94,182,201101
94,142,201101
94,76,201101
94,154,201101
94,40,201101
94,45,201101
94,160,201101
94,1147,201101
94,13,201101
94,46,201101
94,14,201101
94,54,201101
94,77,201101
94,32,201101
94,135,201101
94,97,201101
94,59,201101
95,24,201101
95,160,201101
95,281,201101
95,77,201101
95,445,201101
95,146,201101
95,48,201101
95,375,201101
95,60,201101
95,46,201101
96,23,201101
96,5,201101
96,777,201101
96,165,201101
96,11,201101
96,115,201101
96,160,201101
96,29,201101
96,14,201101
96,92,201101
96,17,201101
96,1,201101
96,143,201101
96,299,201101
96,130,201101
96,18,201101
96,107,201101
96,213,201101
96,47,201101
96,41,201101
96,761,201101
96,34,201101
96,22,201101
96,38,201101
96,32,201101
96,177,201101
96,33,201101
96,139,201101
96,12,201101
96,69,201101
96,102,201101
96,146,201101
96,10,201101
96,119,201101
96,37,201101
96,906,201101
96,83,201101
96,1794,201101
96,161,201101
96,756,201101
96,40,201101
96,51,201101
96,77,201101
96,19,201101
96,155,201101
96,346,201101
96,80,201101
96,13,201101
96,1269,201101
96,16,201101
96,97,201101
96,60,201101
96,183,201101
96,9,201101
96,26,201101
96,0,201101
96,124,201101
96,1169,201101
96,112,201101
96,72,201101
96,801,201101
96,133,201101
96,48,201101
96,757,201101
96,31,201101
96,136,201101
96,20,201101
96,25,201101
96,113,201101
96,21,201101
96,108,201101
96,2,201101
96,85,201101
96,149,201101
96,154,201101
96,27,201101
96,64,201101
96,4,201101
96,135,201101
96,28,201101
96,274,201101
96,137,201101
97,98,201101
97,143,201101
97,83,201101
97,32,201101
97,137,201101
97,160,201101
97,282,201101
97,175,201101
97,6,201101
97,19,201101
97,552,201101
97,146,201101
97,52,201101
97,35,201101
97,110,201101
97,138,201101
97,675,201101
97,40,201101
97,310,201101
97,60,201101
97,320,201101
97,48,201101
97,77,201101
97,100,201101
97,136,201101
97,14,201101
97,18,201101
97,64,201101
97,51,201101
97,503,201101
97,120,201101
97,303,201101
97,26,201101
97,192,201101
97,54,201101
97,23,201101
97,46,201101
97,21,201101
97,274,201101
97,102,201101
97,0,201101
97,108,201101
97,17,201101
97,544,201101
97,39,201101
97,1366,201101
97,224,201101
97,27,201101
97,74,201101
97,16,201101
97,355,201101
97,79,201101
97,458,201101
97,31,201101
97,63,201101
97,124,201101
97,208,201101
97,45,201101
97,900,201101
97,398,201101
97,22,201101
97,104,201101
97,797,201101
97,81,201101
97,93,201101
97,99,201101
97,117,201101
97,195,201101
97,165,201101
97,78,201101
97,85,201101
97,82,201101
97,154,201101
97,180,201101
97,41,201101
97,13,201101
97,181,201101
97,28,201101
97,197,201101
97,371,201101
97,57,201101
97,29,201101
97,1,201101
97,132,201101
97,9,201101
97,72,201101
97,38,201101
97,156,201101
97,101,201101
97,341,201101
97,141,201101
97,12,201101
97,4,201101
97,510,201101
97,1065,201101
97,173,201101
97,935,201101
97,769,201101
97,92,201101
97,58,201101
97,169,201101
97,860,201101
97,62,201101
97,25,201101
97,65,201101
97,86,201101
97,157,201101
97,1147,201101
97,540,201101
97,80,201101
97,131,201101
97,43,201101
97,126,201101
97,1052,201101
97,66,201101
97,813,201101
97,1258,201101
97,216,201101
97,24,201101
97,455,201101
97,76,201101
97,153,201101
97,112,201101
97,118,201101
97,495,201101
97,452,201101
97,435,201101
97,155,201101
97,53,201101
97,198,201101
97,178,201101
97,34,201101
97,134,201101
97,167,201101
97,71,201101
97,106,201101
97,287,201101
97,188,201101
97,20,201101
97,393,201101
97,176,201101
97,140,201101
97,269,201101
97,94,201101
97,172,201101
97,278,201101
97,163,201101
97,250,201101
97,129,201101
97,142,201101
97,75,201101
97,96,201101
97,36,201101
97,237,201101
97,2,201101
97,73,201101
97,342,201101
97,89,201101
97,152,201101
97,158,201101
97,10,201101
97,139,201101
97,135,201101
97,113,201101
97,59,201101
97,11,201101
98,35,201101
98,310,201101
98,65,201101
98,39,201101
98,73,201101
98,53,201101
98,137,201101
98,25,201101
98,160,201101
98,46,201101
98,97,201101
99,146,201101
99,342,201101
99,17,201101
99,16,201101
99,2,201101
99,177,201101
99,29,201101
99,320,201101
99,129,201101
99,371,201101
99,22,201101
99,61,201101
99,131,201101
99,173,201101
99,12,201101
99,744,201101
99,154,201101
99,35,201101
99,139,201101
99,94,201101
99,57,201101
99,32,201101
99,156,201101
99,113,201101
99,81,201101
99,97,201101
99,31,201101
99,102,201101
99,78,201101
99,181,201101
99,18,201101
99,13,201101
99,65,201101
99,46,201101
99,107,201101
99,136,201101
99,19,201101
99,20,201101
99,80,201101
99,1,201101
99,117,201101
99,38,201101
99,10,201101
99,52,201101
99,133,201101
99,4,201101
99,40,201101
99,142,201101
99,169,201101
99,45,201101
99,126,201101
99,77,201101
99,76,201101
99,36,201101
99,114,201101
99,21,201101
99,112,201101
99,39,201101
99,100,201101
99,6,201101
99,28,201101
99,208,201101
99,157,201101
99,160,201101
99,24,201101
99,58,201101
99,180,201101
99,224,201101
99,132,201101
99,75,201101
99,143,201101
99,63,201101
99,59,201101
99,83,201101
99,60,201101
99,101,201101
99,48,201101
99,108,201101
99,55,201101
99,134,201101
99,155,201101
99,11,201101
99,54,201101
99,137,201101
99,26,201101
99,27,201101
99,0,201101
99,25,201101
100,35,201101
100,120,201101
100,160,201101
100,178,201101
100,129,201101
100,73,201101
100,46,201101
100,455,201101
100,143,201101
100,180,201101
100,0,201101
100,60,201101
100,14,201101
100,20,201101
100,124,201101
100,26,201101
100,54,201101
100,31,201101
100,115,201101
100,19,201101
100,96,201101
100,36,201101
100,117,201101
100,11,201101
100,29,201101
100,165,201101
100,17,201101
100,52,201101
100,27,201101
100,78,201101
100,1147,201101
100,59,201101
100,28,201101
100,99,201101
100,51,201101
100,154,201101
100,45,201101
100,32,201101
100,81,201101
100,176,201101
100,142,201101
100,18,201101
100,1,201101
100,9,201101
100,146,201101
100,107,201101
100,40,201101
100,274,201101
100,135,201101
100,16,201101
100,85,201101
100,6,201101
100,102,201101
100,4,201101
100,21,201101
100,510,201101
100,341,201101
100,13,201101
100,25,201101
100,83,201101
100,155,201101
100,136,201101
100,119,201101
100,64,201101
100,80,201101
100,10,201101
100,92,201101
100,38,201101
100,108,201101
100,97,201101
100,48,201101
100,137,201101
101,143,201101
101,12,201101
101,57,201101
101,16,201101
101,27,201101
101,102,201101
101,29,201101
101,77,201101
101,65,201101
101,170,201101
101,160,201101
101,75,201101
101,24,201101
101,126,201101
101,125,201101
101,183,201101
101,544,201101
101,2247,201101
101,39,201101
101,530,201101
101,208,201101
101,900,201101
101,52,201101
101,178,201101
101,341,201101
101,46,201101
101,1147,201101
101,18,201101
101,26,201101
101,146,201101
101,6,201101
101,97,201101
101,32,201101
101,19,201101
101,1250,201101
101,136,201101
101,35,201101
101,48,201101
101,375,201101
101,60,201101
101,99,201101
101,25,201101
101,137,201101
102,62,201101
102,52,201101
102,297,201101
102,349,201101
102,141,201101
102,75,201101
102,6,201101
102,13,201101
102,180,201101
102,101,201101
102,16,201101
102,183,201101
102,278,201101
102,0,201101
102,208,201101
102,25,201101
102,69,201101
102,165,201101
102,5,201101
102,51,201101
102,96,201101
102,133,201101
102,107,201101
102,45,201101
102,27,201101
102,85,201101
102,14,201101
102,108,201101
102,12,201101
102,38,201101
102,78,201101
102,22,201101
102,21,201101
102,19,201101
102,40,201101
102,154,201101
102,782,201101
102,81,201101
102,274,201101
102,92,201101
102,94,201101
102,99,201101
102,11,201101
102,143,201101
102,29,201101
102,32,201101
102,112,201101
102,64,201101
102,178,201101
102,2,201101
102,17,201101
102,20,201101
102,137,201101
102,113,201101
102,48,201101
102,136,201101
102,35,201101
102,139,201101
102,31,201101
102,28,201101
102,46,201101
102,100,201101
102,83,201101
102,26,201101
102,36,201101
102,18,201101
102,1,201101
102,10,201101
102,135,201101
102,97,201101
102,60,201101
103,133,201101
103,1265,201101
103,346,201101
103,10,201101
104,34,201101
104,143,201101
104,160,201101
104,53,201101
104,25,201101
104,271,201101
104,132,201101
104,264,201101
104,159,201101
104,269,201101
104,12,201101
104,198,201101
104,346,201101
104,341,201101
104,136,201101
104,97,201101
104,29,201101
104,375,201101
104,17,201101
104,60,201101
104,10,201101
104,1227,201101
104,137,201101
105,228,201101
105,11,201101
105,169,201101
105,10,201101
105,121,201101
105,1227,201101
105,136,201101
106,278,201101
106,85,201101
106,143,201101
106,80,201101
106,32,201101
106,46,201101
106,434,201101
106,97,201101
107,143,201101
107,23,201101
107,501,201101
107,160,201101
107,5,201101
107,14,201101
107,133,201101
107,47,201101
107,26,201101
107,53,201101
107,115,201101
107,85,201101
107,0,201101
107,77,201101
107,27,201101
107,18,201101
107,48,201101
107,9,201101
107,97,201101
107,180,201101
107,22,201101
107,19,201101
107,213,201101
107,157,201101
107,124,201101
107,750,201101
107,137,201101
107,96,201101
107,81,201101
107,38,201101
107,100,201101
107,2,201101
107,60,201101
107,80,201101
107,69,201101
107,72,201101
107,40,201101
107,165,201101
107,1227,201101
107,13,201101
107,136,201101
107,274,201101
107,99,201101
107,1,201101
107,154,201101
107,31,201101
107,20,201101
107,92,201101
107,113,201101
107,11,201101
107,4,201101
107,183,201101
107,29,201101
107,17,201101
107,135,201101
107,51,201101
107,112,201101
107,28,201101
107,10,201101
108,25,201101
108,77,201101
108,120,201101
108,274,201101
108,139,201101
108,48,201101
108,160,201101
108,81,201101
108,208,201101
108,124,201101
108,180,201101
108,115,201101
108,149,201101
108,83,201101
108,20,201101
108,32,201101
108,6,201101
108,23,201101
108,60,201101
108,69,201101
108,133,201101
108,107,201101
108,142,201101
108,22,201101
108,135,201101
108,136,201101
108,0,201101
108,1366,201101
108,19,201101
108,72,201101
108,18,201101
108,52,201101
108,30,201101
108,64,201101
108,143,201101
108,16,201101
108,14,201101
108,5,201101
108,93,201101
108,40,201101
108,4,201101
108,29,201101
108,12,201101
108,28,201101
108,11,201101
108,97,201101
108,13,201101
108,10,201101
108,112,201101
108,26,201101
108,154,201101
108,176,201101
108,31,201101
108,17,201101
108,96,201101
108,9,201101
108,165,201101
108,21,201101
108,205,201101
108,35,201101
108,51,201101
108,41,201101
108,156,201101
108,769,201101
108,341,201101
108,24,201101
108,181,201101
108,197,201101
108,59,201101
108,2,201101
108,85,201101
108,54,201101
108,38,201101
108,117,201101
108,99,201101
108,75,201101
108,178,201101
108,80,201101
108,100,201101
108,1,201101
108,129,201101
108,119,201101
108,146,201101
108,27,201101
108,102,201101
108,155,201101
108,36,201101
108,92,201101
108,137,201101
108,46,201101
109,110,201101
109,427,201101
109,4,201101
109,864,201101
109,592,201101
109,306,201101
109,913,201101
109,840,201101
109,128,201101
109,127,201101
109,723,201101
109,629,201101
109,676,201101
109,729,201101
109,724,201101
109,677,201101
109,305,201101
109,593,201101
109,628,201101
109,633,201101
110,830,201101
110,351,201101
110,818,201101
110,641,201101
110,808,201101
110,634,201101
110,128,201101
110,625,201101
110,694,201101
110,185,201101
110,527,201101
110,575,201101
110,186,201101
110,305,201101
110,143,201101
110,200,201101
110,97,201101
110,643,201101
110,627,201101
110,636,201101
110,35,201101
110,196,201101
110,17,201101
110,640,201101
110,925,201101
110,472,201101
110,229,201101
110,201,201101
110,596,201101
110,232,201101
110,6,201101
110,127,201101
110,576,201101
110,352,201101
110,1004,201101
110,1056,201101
110,841,201101
110,29,201101
110,160,201101
110,59,201101
110,786,201101
110,45,201101
110,77,201101
110,378,201101
110,225,201101
110,635,201101
110,424,201101
110,175,201101
110,109,201101
110,425,201101
110,427,201101
110,236,201101
110,525,201101
110,474,201101
110,226,201101
110,639,201101
110,552,201101
110,138,201101
110,230,201101
110,471,201101
110,5,201101
110,23,201101
110,235,201101
110,146,201101
110,58,201101
110,475,201101
110,290,201101
110,4,201101
110,633,201101
110,231,201101
110,306,201101
110,207,201101
110,594,201101
110,600,201101
110,997,201101
110,470,201101
110,559,201101
110,190,201101
110,465,201101
110,886,201101
110,54,201101
110,554,201101
110,650,201101
110,81,201101
110,478,201101
110,665,201101
110,897,201101
110,630,201101
110,631,201101
110,526,201101
110,1134,201101
110,13,201101
110,247,201101
110,191,201101
110,32,201101
110,25,201101
110,7,201101
110,1,201101
110,11,201101
110,18,201101
110,89,201101
110,51,201101
111,61,201101
111,242,201101
111,13,201101
111,40,201101
111,265,201101
111,143,201101
111,29,201101
111,67,201101
111,346,201101
111,18,201101
111,137,201101
111,10,201101
111,1227,201101
111,11,201101
111,136,201101
112,77,201101
112,108,201101
112,160,201101
112,52,201101
112,18,201101
112,51,201101
112,4,201101
112,138,201101
112,17,201101
112,175,201101
112,143,201101
112,54,201101
112,60,201101
112,13,201101
112,25,201101
112,64,201101
112,38,201101
112,115,201101
112,40,201101
112,15,201101
112,72,201101
112,133,201101
112,119,201101
112,12,201101
112,80,201101
112,149,201101
112,0,201101
112,135,201101
112,142,201101
112,380,201101
112,1,201101
112,31,201101
112,261,201101
112,102,201101
112,103,201101
112,9,201101
112,124,201101
112,274,201101
112,48,201101
112,154,201101
112,14,201101
112,81,201101
112,165,201101
112,69,201101
112,2,201101
112,19,201101
112,27,201101
112,21,201101
112,32,201101
112,183,201101
112,83,201101
112,11,201101
112,22,201101
112,1649,201101
112,96,201101
112,92,201101
112,7,201101
112,59,201101
112,8,201101
112,97,201101
112,85,201101
112,136,201101
112,107,201101
112,29,201101
112,89,201101
112,23,201101
112,137,201101
112,113,201101
112,28,201101
112,10,201101
113,160,201101
113,143,201101
113,96,201101
113,17,201101
113,165,201101
113,46,201101
113,18,201101
113,133,201101
113,1385,201101
113,12,201101
113,28,201101
113,31,201101
113,115,201101
113,19,201101
113,142,201101
113,1366,201101
113,38,201101
113,1,201101
113,22,201101
113,13,201101
113,60,201101
113,64,201101
113,154,201101
113,54,201101
113,52,201101
113,99,201101
113,59,201101
113,85,201101
113,4,201101
113,48,201101
113,119,201101
113,9,201101
113,92,201101
113,29,201101
113,14,201101
113,6,201101
113,183,201101
113,274,201101
113,2,201101
113,77,201101
113,108,201101
113,83,201101
113,97,201101
113,139,201101
113,51,201101
113,32,201101
113,102,201101
113,0,201101
113,27,201101
113,11,201101
113,7,201101
113,89,201101
113,107,201101
113,10,201101
113,136,201101
113,135,201101
113,20,201101
113,25,201101
113,21,201101
113,5,201101
113,112,201101
113,137,201101
114,289,201101
114,59,201101
114,55,201101
114,6,201101
114,97,201101
114,134,201101
114,58,201101
114,29,201101
114,146,201101
114,26,201101
114,19,201101
114,38,201101
114,99,201101
114,32,201101
114,375,201101
114,266,201101
115,552,201101
115,220,201101
115,96,201101
115,149,201101
115,333,201101
115,125,201101
115,752,201101
115,160,201101
115,204,201101
115,165,201101
115,181,201101
115,108,201101
115,183,201101
115,18,201101
115,93,201101
115,19,201101
115,27,201101
115,40,201101
115,83,201101
115,4,201101
115,72,201101
115,100,201101
115,124,201101
115,112,201101
115,51,201101
115,14,201101
115,80,201101
115,136,201101
115,20,201101
115,21,201101
115,157,201101
115,2,201101
115,31,201101
115,28,201101
115,48,201101
115,47,201101
115,135,201101
115,5,201101
115,17,201101
115,85,201101
115,23,201101
115,154,201101
115,1169,201101
115,1,201101
115,92,201101
115,10,201101
115,137,201101
115,25,201101
115,274,201101
116,20,201101
116,96,201101
116,22,201101
116,83,201101
116,165,201101
116,4,201101
116,48,201101
116,154,201101
116,183,201101
116,60,201101
116,108,201101
116,19,201101
116,23,201101
116,93,201101
116,80,201101
116,112,201101
116,85,201101
116,17,201101
116,31,201101
116,135,201101
116,2,201101
116,346,201101
116,1169,201101
116,160,201101
116,92,201101
116,137,201101
116,10,201101
116,25,201101
116,136,201101
116,274,201101
117,126,201101
117,81,201101
117,160,201101
117,46,201101
117,206,201101
117,52,201101
117,146,201101
117,175,201101
117,94,201101
117,120,201101
117,27,201101
117,137,201101
117,100,201101
117,64,201101
117,29,201101
117,99,201101
117,97,201101
117,6,201101
117,20,201101
117,16,201101
117,139,201101
117,26,201101
117,59,201101
117,19,201101
117,32,201101
117,18,201101
117,13,201101
117,108,201101
117,60,201101
117,14,201101
118,157,201101
118,143,201101
118,390,201101
118,216,201101
118,160,201101
118,25,201101
118,97,201101
118,137,201101
119,133,201101
119,80,201101
119,22,201101
119,32,201101
119,17,201101
119,21,201101
119,5,201101
119,11,201101
119,69,201101
119,85,201101
119,2,201101
119,4,201101
119,112,201101
119,77,201101
119,92,201101
119,16,201101
119,96,201101
119,0,201101
119,154,201101
119,31,201101
119,38,201101
119,54,201101
119,20,201101
119,1,201101
119,136,201101
119,81,201101
119,113,201101
119,10,201101
119,83,201101
119,100,201101
119,28,201101
119,139,201101
119,19,201101
119,108,201101
119,135,201101
119,48,201101
119,36,201101
119,14,201101
119,60,201101
120,57,201101
120,64,201101
120,19,201101
120,160,201101
120,38,201101
120,101,201101
120,16,201101
120,181,201101
120,143,201101
120,13,201101
120,79,201101
120,77,201101
120,0,201101
120,82,201101
120,278,201101
120,81,201101
120,320,201101
120,43,201101
120,45,201101
120,41,201101
120,32,201101
120,126,201101
120,27,201101
120,797,201101
120,46,201101
120,26,201101
120,35,201101
120,463,201101
120,24,201101
120,782,201101
120,97,201101
120,178,201101
120,156,201101
120,83,201101
120,9,201101
120,146,201101
120,85,201101
120,28,201101
120,59,201101
120,48,201101
120,18,201101
120,29,201101
120,29,201101
120,60,201101
120,32,201101
120,35,201101
120,48,201101
120,25,201101
120,46,201101
120,13,201101
120,6,201101
120,64,201101
120,26,201101
120,19,201101
120,97,201101
120,137,201101
121,136,201101
121,143,201101
121,160,201101
121,53,201101
121,112,201101
121,22,201101
121,85,201101
121,165,201101
121,2,201101
121,346,201101
121,542,201101
121,222,201101
121,105,201101
121,10,201101
121,13,201101
121,29,201101
121,4,201101
121,48,201101
121,64,201101
121,21,201101
121,51,201101
121,11,201101
121,59,201101
121,1,201101
121,5,201101
121,20,201101
122,123,201101
122,762,201101
122,29,201101
122,234,201101
122,131,201101
122,183,201101
122,66,201101
122,61,201101
122,27,201101
122,346,201101
122,18,201101
122,11,201101
122,10,201101
122,1227,201101
122,136,201101
123,738,201101
123,234,201101
123,122,201101
123,143,201101
123,19,201101
123,101,201101
123,170,201101
123,9,201101
123,18,201101
123,10,201101
123,136,201101
124,188,201101
124,165,201101
124,143,201101
124,160,201101
124,142,201101
124,47,201101
124,77,201101
124,27,201101
124,13,201101
124,75,201101
124,136,201101
124,278,201101
124,0,201101
124,48,201101
124,40,201101
124,28,201101
124,108,201101
124,21,201101
124,116,201101
124,78,201101
124,149,201101
124,25,201101
124,11,201101
124,2,201101
124,60,201101
124,17,201101
124,46,201101
124,64,201101
124,96,201101
124,97,201101
124,32,201101
124,83,201101
124,23,201101
124,5,201101
124,29,201101
124,85,201101
124,6,201101
124,14,201101
124,135,201101
124,10,201101
124,92,201101
124,1,201101
124,154,201101
124,274,201101
124,137,201101
125,27,201101
125,115,201101
125,164,201101
125,183,201101
125,74,201101
125,22,201101
125,314,201101
125,9,201101
125,171,201101
125,336,201101
125,18,201101
125,29,201101
125,136,201101
126,181,201101
126,160,201101
126,182,201101
126,6,201101
126,19,201101
126,176,201101
126,155,201101
126,143,201101
126,117,201101
126,141,201101
126,140,201101
126,197,201101
126,55,201101
126,206,201101
126,81,201101
126,64,201101
126,815,201101
126,142,201101
126,180,201101
126,83,201101
126,146,201101
126,18,201101
126,54,201101
126,60,201101
126,99,201101
126,82,201101
126,722,201101
126,66,201101
126,108,201101
126,782,201101
126,32,201101
126,40,201101
126,137,201101
126,31,201101
126,178,201101
126,1045,201101
126,59,201101
126,36,201101
126,29,201101
126,46,201101
126,13,201101
126,97,201101
126,16,201101
126,26,201101
127,110,201101
127,128,201101
127,4,201101
127,427,201101
127,109,201101
127,948,201101
128,306,201101
128,110,201101
128,427,201101
128,4,201101
128,109,201101
129,133,201101
129,172,201101
129,375,201101
129,173,201101
129,143,201101
129,60,201101
129,35,201101
129,146,201101
129,160,201101
129,100,201101
129,32,201101
129,64,201101
129,178,201101
129,40,201101
129,1129,201101
129,29,201101
129,16,201101
129,26,201101
129,20,201101
129,284,201101
129,217,201101
129,18,201101
129,17,201101
129,14,201101
129,19,201101
129,52,201101
129,108,201101
129,25,201101
129,13,201101
129,97,201101
129,6,201101
129,59,201101
129,48,201101
129,137,201101
129,46,201101
130,96,201101
130,371,201101
130,299,201101
130,22,201101
130,183,201101
130,189,201101
130,1,201101
130,136,201101
131,29,201101
131,160,201101
131,159,201101
131,77,201101
131,193,201101
131,422,201101
131,170,201101
131,205,201101
131,35,201101
131,362,201101
131,122,201101
131,133,201101
131,234,201101
131,180,201101
131,150,201101
131,111,201101
131,183,201101
131,206,201101
131,46,201101
131,803,201101
131,282,201101
131,18,201101
131,137,201101
131,304,201101
131,32,201101
131,48,201101
131,19,201101
131,21,201101
131,146,201101
131,346,201101
131,54,201101
131,11,201101
131,6,201101
131,16,201101
131,99,201101
131,26,201101
131,97,201101
131,136,201101
132,133,201101
132,5,201101
132,19,201101
132,160,201101
132,131,201101
132,143,201101
132,15,201101
132,112,201101
132,137,201101
132,34,201101
132,69,201101
132,77,201101
132,53,201101
132,26,201101
132,81,201101
132,113,201101
132,123,201101
132,211,201101
132,122,201101
132,150,201101
132,261,201101
132,31,201101
132,208,201101
132,83,201101
132,72,201101
132,264,201101
132,104,201101
132,1147,201101
132,146,201101
132,269,201101
132,2,201101
132,336,201101
132,9,201101
132,18,201101
132,13,201101
132,1,201101
132,40,201101
132,29,201101
132,17,201101
132,97,201101
132,136,201101
132,99,201101
132,60,201101
132,54,201101
132,375,201101
132,10,201101
132,32,201101
132,25,201101
133,20,201101
133,77,201101
133,40,201101
133,100,201101
133,261,201101
133,132,201101
133,303,201101
133,1265,201101
133,401,201101
133,268,201101
133,64,201101
133,160,201101
133,143,201101
133,113,201101
133,89,201101
133,10,201101
133,71,201101
133,31,201101
133,70,201101
133,25,201101
133,214,201101
133,22,201101
133,107,201101
133,135,201101
133,85,201101
133,2,201101
133,208,201101
133,62,201101
133,81,201101
133,38,201101
133,74,201101
133,116,201101
133,150,201101
133,59,201101
133,1278,201101
133,184,201101
133,33,201101
133,48,201101
133,1,201101
133,444,201101
133,761,201101
133,11,201101
133,189,201101
133,1314,201101
133,419,201101
133,376,201101
133,80,201101
133,102,201101
133,112,201101
133,32,201101
133,28,201101
133,96,201101
133,12,201101
133,6,201101
133,885,201101
133,72,201101
133,180,201101
133,5,201101
133,18,201101
133,124,201101
133,27,201101
133,52,201101
133,83,201101
133,54,201101
133,274,201101
133,0,201101
133,14,201101
133,99,201101
133,154,201101
133,9,201101
133,60,201101
133,346,201101
133,165,201101
133,142,201101
133,69,201101
133,108,201101
133,51,201101
133,4,201101
133,183,201101
133,92,201101
133,136,201101
133,137,201101
133,21,201101
134,160,201101
134,114,201101
134,289,201101
134,141,201101
134,83,201101
134,55,201101
134,278,201101
134,81,201101
134,142,201101
134,40,201101
134,76,201101
134,31,201101
134,101,201101
134,77,201101
134,143,201101
134,29,201101
134,46,201101
134,32,201101
134,16,201101
134,60,201101
134,26,201101
134,64,201101
134,19,201101
134,97,201101
134,14,201101
134,99,201101
134,6,201101
134,59,201101
135,51,201101
135,142,201101
135,100,201101
135,5,201101
135,86,201101
135,133,201101
135,55,201101
135,160,201101
135,117,201101
135,46,201101
135,4,201101
135,64,201101
135,149,201101
135,47,201101
135,2,201101
135,205,201101
135,108,201101
135,40,201101
135,6,201101
135,81,201101
135,1088,201101
135,1,201101
135,16,201101
135,739,201101
135,60,201101
135,304,201101
135,116,201101
135,77,201101
135,35,201101
135,18,201101
135,19,201101
135,463,201101
135,21,201101
135,282,201101
135,28,201101
135,69,201101
135,1147,201101
135,346,201101
135,72,201101
135,165,201101
135,36,201101
135,183,201101
135,93,201101
135,1366,201101
135,9,201101
135,124,201101
135,32,201101
135,157,201101
135,0,201101
135,113,201101
135,107,201101
135,23,201101
135,80,201101
135,112,201101
135,180,201101
135,38,201101
135,94,201101
135,52,201101
135,85,201101
135,139,201101
135,96,201101
135,102,201101
135,119,201101
135,155,201101
135,22,201101
135,11,201101
135,274,201101
135,20,201101
135,83,201101
135,136,201101
135,143,201101
135,13,201101
135,97,201101
135,12,201101
135,14,201101
135,48,201101
135,26,201101
135,17,201101
135,27,201101
135,31,201101
135,92,201101
135,154,201101
135,10,201101
136,20,201101
136,97,201101
136,80,201101
136,25,201101
136,21,201101
136,11,201101
136,160,201101
136,146,201101
136,17,201101
136,1,201101
136,183,201101
136,27,201101
136,77,201101
136,112,201101
136,110,201101
136,30,201101
136,133,201101
136,105,201101
136,107,201101
136,51,201101
136,5,201101
136,552,201101
136,143,201101
136,165,201101
136,154,201101
136,46,201101
136,307,201101
136,23,201101
136,149,201101
136,14,201101
136,157,201101
136,59,201101
136,102,201101
136,113,201101
136,35,201101
136,32,201101
136,751,201101
136,13,201101
136,247,201101
136,115,201101
136,16,201101
136,2,201101
136,64,201101
136,38,201101
136,878,201101
136,941,201101
136,0,201101
136,15,201101
136,9,201101
136,19,201101
136,135,201101
136,181,201101
136,40,201101
136,368,201101
136,346,201101
136,776,201101
136,28,201101
136,228,201101
136,139,201101
136,706,201101
136,981,201101
136,1090,201101
136,534,201101
136,142,201101
136,26,201101
136,60,201101
136,126,201101
136,775,201101
136,31,201101
136,4,201101
136,1169,201101
136,85,201101
136,47,201101
136,12,201101
136,891,201101
136,159,201101
136,804,201101
136,345,201101
136,968,201101
136,372,201101
136,119,201101
136,43,201101
136,783,201101
136,982,201101
136,834,201101
136,180,201101
136,415,201101
136,155,201101
136,537,201101
136,371,201101
136,69,201101
136,86,201101
136,104,201101
136,1015,201101
136,100,201101
136,361,201101
136,148,201101
136,492,201101
136,132,201101
136,96,201101
136,376,201101
136,24,201101
136,728,201101
136,502,201101
136,359,201101
136,67,201101
136,221,201101
136,480,201101
136,1258,201101
136,588,201101
136,862,201101
136,299,201101
136,163,201101
136,544,201101
136,68,201101
136,330,201101
136,166,201101
136,81,201101
136,213,201101
136,211,201101
136,358,201101
136,214,201101
136,261,201101
136,762,201101
136,101,201101
136,153,201101
136,860,201101
136,131,201101
136,223,201101
136,124,201101
136,18,201101
136,738,201101
136,184,201101
136,88,201101
136,137,201101
136,72,201101
136,92,201101
136,7,201101
136,243,201101
136,8,201101
136,84,201101
136,265,201101
136,125,201101
136,121,201101
136,58,201101
136,53,201101
136,169,201101
136,54,201101
136,123,201101
136,34,201101
136,61,201101
136,189,201101
136,71,201101
136,33,201101
136,130,201101
136,52,201101
136,147,201101
136,150,201101
136,116,201101
136,99,201101
136,177,201101
136,29,201101
136,111,201101
136,108,201101
136,83,201101
136,122,201101
136,164,201101
136,75,201101
136,6,201101
136,303,201101
136,70,201101
136,22,201101
136,48,201101
136,274,201101
136,89,201101
136,10,201101
137,77,201101
137,160,201101
137,29,201101
137,17,201101
137,10,201101
137,69,201101
137,146,201101
137,165,201101
137,154,201101
137,23,201101
137,112,201101
137,96,201101
137,6,201101
137,143,201101
137,138,201101
137,60,201101
137,175,201101
137,13,201101
137,19,201101
137,80,201101
137,30,201101
137,28,201101
137,83,201101
137,102,201101
137,180,201101
137,14,201101
137,106,201101
137,108,201101
137,113,201101
137,99,201101
137,134,201101
137,107,201101
137,4,201101
137,52,201101
137,344,201101
137,97,201101
137,18,201101
137,22,201101
137,51,201101
137,483,201101
137,131,201101
137,1147,201101
137,36,201101
137,40,201101
137,142,201101
137,32,201101
137,11,201101
137,486,201101
137,64,201101
137,307,201101
137,346,201101
137,244,201101
137,98,201101
137,183,201101
137,341,201101
137,46,201101
137,1190,201101
137,136,201101
137,216,201101
137,54,201101
137,16,201101
137,336,201101
137,59,201101
137,671,201101
137,166,201101
137,371,201101
137,333,201101
137,111,201101
137,24,201101
137,72,201101
137,41,201101
137,26,201101
137,224,201101
137,193,201101
137,269,201101
137,327,201101
137,25,201101
137,309,201101
137,20,201101
137,390,201101
137,167,201101
137,335,201101
137,169,201101
137,198,201101
137,950,201101
137,158,201101
137,342,201101
137,70,201101
137,149,201101
137,181,201101
137,116,201101
137,76,201101
137,61,201101
137,62,201101
137,544,201101
137,393,201101
137,204,201101
137,65,201101
137,159,201101
137,163,201101
137,78,201101
137,115,201101
137,250,201101
137,152,201101
137,118,201101
137,188,201101
137,39,201101
137,752,201101
137,45,201101
137,101,201101
137,81,201101
137,339,201101
137,153,201101
137,57,201101
137,495,201101
137,355,201101
137,156,201101
137,220,201101
137,15,201101
137,58,201101
137,150,201101
137,38,201101
137,7,201101
137,132,201101
137,104,201101
137,157,201101
137,47,201101
137,92,201101
137,71,201101
137,161,201101
137,120,201101
137,34,201101
137,139,201101
137,213,201101
137,133,201101
137,124,201101
137,100,201101
137,53,201101
137,129,201101
137,89,201101
137,12,201101
137,21,201101
137,1,201101
137,0,201101
137,27,201101
137,31,201101
137,9,201101
137,48,201101
137,85,201101
137,2,201101
137,35,201101
138,136,201101
138,175,201101
138,29,201101
138,247,201101
138,51,201101
138,14,201101
138,32,201101
138,137,201101
138,159,201101
138,110,201101
138,97,201101
138,1,201101
138,143,201101
138,59,201101
138,23,201101
138,25,201101
138,4,201101
138,282,201101
138,52,201101
138,2,201101
138,18,201101
138,36,201101
138,346,201101
138,60,201101
138,1250,201101
138,10,201101
138,1227,201101
138,375,201101
138,266,201101
139,143,201101
139,108,201101
139,58,201101
139,652,201101
139,35,201101
139,36,201101
139,160,201101
139,5,201101
139,26,201101
139,93,201101
139,1366,201101
139,96,201101
139,92,201101
139,32,201101
139,4,201101
139,40,201101
139,19,201101
139,10,201101
139,13,201101
139,72,201101
139,17,201101
139,11,201101
139,52,201101
139,1,201101
139,25,201101
139,77,201101
139,155,201101
139,83,201101
139,81,201101
139,180,201101
139,136,201101
139,6,201101
139,142,201101
139,341,201101
139,113,201101
139,12,201101
139,54,201101
139,27,201101
139,117,201101
139,119,201101
139,29,201101
139,31,201101
139,99,201101
139,102,201101
139,170,201101
139,769,201101
139,154,201101
139,146,201101
139,181,201101
139,16,201101
139,75,201101
139,197,201101
139,208,201101
139,18,201101
139,14,201101
139,135,201101
139,178,201101
139,97,201101
139,137,201101
139,60,201101
139,59,201101
139,46,201101
140,76,201101
140,143,201101
140,78,201101
140,0,201101
140,64,201101
140,41,201101
140,160,201101
140,156,201101
140,178,201101
140,35,201101
140,29,201101
140,32,201101
140,341,201101
140,46,201101
140,19,201101
140,26,201101
140,375,201101
140,266,201101
140,97,201101
141,29,201101
141,46,201101
141,1147,201101
141,178,201101
141,32,201101
141,97,201101
141,375,201101
141,60,201101
142,77,201101
142,381,201101
142,54,201101
142,19,201101
142,143,201101
142,14,201101
142,52,201101
142,126,201101
142,304,201101
142,135,201101
142,64,201101
142,160,201101
142,180,201101
142,1366,201101
142,66,201101
142,860,201101
142,76,201101
142,83,201101
142,119,201101
142,5,201101
142,62,201101
142,137,201101
142,81,201101
142,20,201101
142,60,201101
142,132,201101
142,38,201101
142,85,201101
142,0,201101
142,80,201101
142,21,201101
142,100,201101
142,13,201101
142,136,201101
142,739,201101
142,2,201101
142,59,201101
142,124,201101
142,46,201101
142,274,201101
142,154,201101
142,178,201101
142,27,201101
142,36,201101
142,17,201101
142,6,201101
142,463,201101
142,18,201101
142,108,201101
142,48,201101
142,99,201101
142,28,201101
142,133,201101
142,29,201101
142,16,201101
142,4,201101
142,139,201101
142,26,201101
142,32,201101
142,10,201101
142,1,201101
142,97,201101
143,35,201101
143,188,201101
143,25,201101
143,39,201101
143,121,201101
143,281,201101
143,13,201101
143,32,201101
143,62,201101
143,19,201101
143,17,201101
143,30,201101
143,159,201101
143,10,201101
143,118,201101
143,36,201101
143,48,201101
143,28,201101
143,140,201101
143,54,201101
143,23,201101
143,58,201101
143,59,201101
143,46,201101
143,6,201101
143,512,201101
143,157,201101
143,38,201101
143,69,201101
143,97,201101
143,160,201101
143,40,201101
143,104,201101
143,11,201101
143,176,201101
143,142,201101
143,14,201101
143,155,201101
143,61,201101
143,76,201101
143,170,201101
143,83,201101
143,195,201101
143,136,201101
143,1,201101
143,120,201101
143,133,201101
143,100,201101
143,29,201101
143,129,201101
143,60,201101
143,52,201101
143,9,201101
143,51,201101
143,0,201101
143,126,201101
143,165,201101
143,138,201101
143,66,201101
143,85,201101
143,247,201101
143,96,201101
143,4,201101
143,101,201101
143,124,201101
143,132,201101
143,112,201101
143,80,201101
143,64,201101
143,16,201101
143,18,201101
143,2,201101
143,180,201101
143,154,201101
143,455,201101
143,139,201101
143,57,201101
143,27,201101
143,12,201101
143,375,201101
143,34,201101
143,5,201101
143,198,201101
143,21,201101
143,137,201101
143,1276,201101
143,89,201101
143,501,201101
143,72,201101
143,110,201101
143,15,201101
143,41,201101
143,111,201101
143,303,201101
143,94,201101
143,320,201101
143,278,201101
143,182,201101
143,1366,201101
143,183,201101
143,82,201101
143,45,201101
143,463,201101
143,108,201101
143,102,201101
143,26,201101
143,1147,201101
143,107,201101
143,22,201101
143,146,201101
143,92,201101
143,99,201101
143,135,201101
144,132,201101
144,160,201101
144,40,201101
144,122,201101
144,32,201101
144,346,201101
144,18,201101
144,29,201101
145,61,201101
145,18,201101
145,32,201101
145,346,201101
145,29,201101
146,76,201101
146,18,201101
146,160,201101
146,93,201101
146,1,201101
146,137,201101
146,29,201101
146,35,201101
146,16,201101
146,27,201101
146,175,201101
146,247,201101
146,165,201101
146,129,201101
146,28,201101
146,17,201101
146,274,201101
146,110,201101
146,24,201101
146,59,201101
146,19,201101
146,32,201101
146,25,201101
146,13,201101
146,52,201101
146,14,201101
146,20,201101
146,154,201101
146,6,201101
146,40,201101
146,136,201101
146,31,201101
146,11,201101
146,60,201101
146,4,201101
146,97,201101
146,182,201101
146,309,201101
146,156,201101
146,61,201101
146,171,201101
146,342,201101
146,26,201101
146,80,201101
146,30,201101
146,9,201101
146,320,201101
146,94,201101
146,43,201101
146,108,201101
146,100,201101
146,722,201101
146,69,201101
146,64,201101
146,152,201101
146,120,201101
146,66,201101
146,0,201101
146,178,201101
146,126,201101
146,143,201101
146,96,201101
146,62,201101
146,131,201101
146,85,201101
146,54,201101
146,181,201101
146,46,201101
146,544,201101
146,101,201101
146,99,201101
146,38,201101
146,198,201101
146,83,201101
146,57,201101
146,12,201101
146,95,201101
146,139,201101
146,176,201101
146,48,201101
146,10,201101
147,221,201101
147,160,201101
147,153,201101
147,372,201101
147,330,201101
147,183,201101
147,137,201101
147,1169,201101
147,10,201101
147,11,201101
147,136,201101
148,346,201101
148,136,201101
148,10,201101
149,115,201101
149,25,201101
149,113,201101
149,157,201101
149,5,201101
149,69,201101
149,1366,201101
149,54,201101
149,77,201101
149,135,201101
149,154,201101
149,184,201101
149,108,201101
149,21,201101
149,93,201101
149,27,201101
149,72,201101
149,51,201101
149,14,201101
149,0,201101
149,60,201101
149,136,201101
149,20,201101
149,31,201101
149,19,201101
149,48,201101
149,124,201101
149,346,201101
149,80,201101
149,11,201101
149,2,201101
149,85,201101
149,17,201101
149,96,201101
149,137,201101
149,10,201101
149,92,201101
149,274,201101
150,160,201101
150,20,201101
150,23,201101
150,5,201101
150,2,201101
150,303,201101
150,69,201101
150,27,201101
150,1,201101
150,54,201101
150,53,201101
150,132,201101
150,183,201101
150,22,201101
150,346,201101
150,85,201101
150,1169,201101
150,10,201101
150,51,201101
150,4,201101
150,11,201101
150,136,201101
150,17,201101
150,137,201101
151,160,201101
151,178,201101
151,375,201101
151,60,201101
152,782,201101
152,156,201101
152,0,201101
152,1,201101
152,1227,201101
152,46,201101
152,160,201101
152,137,201101
152,25,201101
152,97,201101
153,147,201101
153,80,201101
153,29,201101
153,6,201101
153,136,201101
153,18,201101
153,25,201101
153,97,201101
153,137,201101
154,175,201101
154,77,201101
154,463,201101
154,890,201101
154,486,201101
154,17,201101
154,157,201101
154,104,201101
154,208,201101
154,160,201101
154,146,201101
154,27,201101
154,143,201101
154,106,201101
154,134,201101
154,4,201101
154,164,201101
154,115,201101
154,94,201101
154,183,201101
154,32,201101
154,69,201101
154,149,201101
154,30,201101
154,99,201101
154,52,201101
154,61,201101
154,126,201101
154,35,201101
154,20,201101
154,119,201101
154,116,201101
154,38,201101
154,320,201101
154,46,201101
154,36,201101
154,100,201101
154,444,201101
154,107,201101
154,180,201101
154,22,201101
154,1147,201101
154,29,201101
154,26,201101
154,14,201101
154,176,201101
154,108,201101
154,278,201101
154,51,201101
154,47,201101
154,76,201101
154,155,201101
154,64,201101
154,93,201101
154,54,201101
154,296,201101
154,102,201101
154,251,201101
154,142,201101
154,5,201101
154,113,201101
154,83,201101
154,85,201101
154,18,201101
154,28,201101
154,97,201101
154,165,201101
154,1580,201101
154,1,201101
154,112,201101
154,394,201101
154,23,201101
154,40,201101
154,11,201101
154,21,201101
154,1482,201101
154,522,201101
154,275,201101
154,59,201101
154,16,201101
154,139,201101
154,19,201101
154,96,201101
154,60,201101
154,136,201101
154,2,201101
154,80,201101
154,6,201101
154,25,201101
154,0,201101
154,72,201101
154,124,201101
154,9,201101
154,48,201101
154,13,201101
154,81,201101
154,31,201101
154,12,201101
154,92,201101
154,10,201101
154,274,201101
154,135,201101
154,137,201101
155,143,201101
155,19,201101
155,52,201101
155,160,201101
155,27,201101
155,18,201101
155,16,201101
155,4,201101
155,274,201101
155,94,201101
155,77,201101
155,113,201101
155,80,201101
155,165,201101
155,1366,201101
155,22,201101
155,0,201101
155,5,201101
155,21,201101
155,136,201101
155,51,201101
155,40,201101
155,139,201101
155,85,201101
155,142,201101
155,13,201101
155,137,201101
155,46,201101
155,1147,201101
155,154,201101
155,107,201101
155,112,201101
155,96,201101
155,92,201101
155,97,201101
155,38,201101
155,20,201101
155,28,201101
155,29,201101
155,81,201101
155,17,201101
155,64,201101
155,23,201101
155,32,201101
155,11,201101
155,31,201101
155,83,201101
155,48,201101
155,26,201101
155,6,201101
155,1,201101
155,10,201101
155,99,201101
155,135,201101
155,108,201101
155,60,201101
155,14,201101
156,142,201101
156,102,201101
156,208,201101
156,126,201101
156,143,201101
156,32,201101
156,860,201101
156,35,201101
156,25,201101
156,77,201101
156,135,201101
156,16,201101
156,29,201101
156,54,201101
156,38,201101
156,46,201101
156,97,201101
156,60,201101
156,64,201101
156,108,201101
156,160,201101
156,137,201101
157,21,201101
157,143,201101
157,118,201101
157,102,201101
157,180,201101
157,108,201101
157,136,201101
157,160,201101
157,107,201101
157,31,201101
157,32,201101
157,155,201101
157,18,201101
157,40,201101
157,1,201101
157,19,201101
157,72,201101
157,12,201101
157,274,201101
157,142,201101
157,64,201101
157,28,201101
157,10,201101
157,165,201101
157,154,201101
157,96,201101
157,17,201101
157,2,201101
157,99,201101
157,97,201101
157,14,201101
157,135,201101
157,60,201101
157,46,201101
157,25,201101
157,92,201101
157,137,201101
158,266,201101
158,178,201101
158,341,201101
158,46,201101
158,137,201101
158,97,201101
159,874,201101
159,131,201101
159,77,201101
159,160,201101
159,143,201101
159,107,201101
159,32,201101
159,1147,201101
159,12,201101
159,34,201101
159,104,201101
159,136,201101
159,29,201101
159,375,201101
159,1227,201101
159,18,201101
159,10,201101
159,137,201101
160,66,201101
160,10,201101
160,154,201101
160,76,201101
160,216,201101
160,137,201101
160,64,201101
160,54,201101
160,112,201101
160,84,201101
160,23,201101
160,4,201101
160,155,201101
160,233,201101
160,58,201101
160,18,201101
160,69,201101
160,95,201101
160,339,201101
160,35,201101
160,139,201101
160,108,201101
160,30,201101
160,25,201101
160,101,201101
160,38,201101
160,143,201101
160,140,201101
160,31,201101
160,176,201101
160,234,201101
160,19,201101
160,1,201101
160,77,201101
160,28,201101
160,945,201101
160,53,201101
160,78,201101
160,181,201101
160,2,201101
160,136,201101
160,32,201101
160,120,201101
160,104,201101
160,132,201101
160,224,201101
160,46,201101
160,27,201101
160,41,201101
160,43,201101
160,107,201101
160,21,201101
160,118,201101
160,93,201101
160,146,201101
160,59,201101
160,51,201101
160,85,201101
160,134,201101
160,147,201101
160,39,201101
160,194,201101
160,97,201101
160,89,201101
160,80,201101
160,197,201101
160,115,201101
160,110,201101
160,890,201101
160,20,201101
160,57,201101
160,195,201101
160,126,201101
160,170,201101
160,512,201101
160,6,201101
160,48,201101
160,12,201101
160,5,201101
160,14,201101
160,15,201101
160,36,201101
160,79,201101
160,24,201101
160,96,201101
160,29,201101
160,159,201101
160,129,201101
160,40,201101
160,180,201101
160,167,201101
160,62,201101
160,117,201101
160,34,201101
160,102,201101
160,52,201101
160,1191,201101
160,165,201101
160,133,201101
160,188,201101
160,9,201101
160,11,201101
160,22,201101
160,55,201101
160,131,201101
160,144,201101
160,183,201101
160,175,201101
160,16,201101
160,72,201101
160,0,201101
160,281,201101
160,63,201101
160,60,201101
160,142,201101
160,99,201101
160,17,201101
160,100,201101
160,45,201101
160,13,201101
160,61,201101
160,83,201101
160,113,201101
160,906,201101
160,278,201101
160,163,201101
160,92,201101
160,445,201101
160,213,201101
160,274,201101
160,1017,201101
160,250,201101
160,333,201101
160,521,201101
160,1366,201101
160,141,201101
160,544,201101
160,314,201101
160,135,201101
160,1291,201101
160,885,201101
160,510,201101
160,81,201101
160,309,201101
160,124,201101
160,161,201101
160,65,201101
160,318,201101
160,355,201101
160,543,201101
160,871,201101
160,341,201101
160,116,201101
160,98,201101
160,152,201101
160,157,201101
160,156,201101
160,26,201101
161,120,201101
161,13,201101
161,26,201101
161,108,201101
161,136,201101
161,154,201101
161,160,201101
161,266,201101
161,25,201101
161,10,201101
161,137,201101
163,339,201101
163,274,201101
163,105,201101
163,177,201101
163,160,201101
163,18,201101
163,32,201101
163,136,201101
163,29,201101
163,10,201101
163,1227,201101
163,60,201101
163,137,201101
163,97,201101
164,223,201101
164,84,201101
164,9,201101
164,22,201101
164,346,201101
164,29,201101
164,1169,201101
164,1227,201101
164,10,201101
164,17,201101
164,18,201101
164,136,201101
164,4,201101
164,11,201101
165,77,201101
165,1,201101
165,72,201101
165,180,201101
165,274,201101
165,354,201101
165,282,201101
165,146,201101
165,137,201101
165,96,201101
165,16,201101
165,160,201101
165,121,201101
165,36,201101
165,21,201101
165,149,201101
165,133,201101
165,211,201101
165,69,201101
165,189,201101
165,19,201101
165,150,201101
165,183,201101
165,26,201101
165,18,201101
165,34,201101
165,22,201101
165,0,201101
165,142,201101
165,213,201101
165,93,201101
165,107,201101
165,1366,201101
165,9,201101
165,113,201101
165,52,201101
165,80,201101
165,23,201101
165,393,201101
165,112,201101
165,32,201101
165,83,201101
165,20,201101
165,2,201101
165,115,201101
165,346,201101
165,60,201101
165,1169,201101
165,12,201101
165,27,201101
165,51,201101
165,35,201101
165,5,201101
165,4,201101
165,14,201101
165,154,201101
165,108,201101
165,136,201101
165,29,201101
165,31,201101
165,135,201101
165,1227,201101
165,25,201101
165,17,201101
165,28,201101
165,97,201101
165,85,201101
165,92,201101
165,10,201101
166,67,201101
166,372,201101
166,136,201101
166,137,201101
167,160,201101
167,25,201101
167,339,201101
167,93,201101
167,341,201101
167,137,201101
167,97,201101
168,203,201101
169,11,201101
169,31,201101
169,97,201101
169,17,201101
169,137,201101
169,136,201101
169,29,201101
170,54,201101
170,193,201101
170,304,201101
170,131,201101
170,143,201101
170,18,201101
170,262,201101
170,205,201101
170,15,201101
170,341,201101
170,139,201101
170,60,201101
170,10,201101
170,32,201101
170,29,201101
171,266,201101
171,36,201101
171,1250,201101
171,18,201101
171,29,201101
171,32,201101
172,129,201101
172,1129,201101
172,60,201101
172,357,201101
172,18,201101
172,29,201101
172,64,201101
172,59,201101
172,173,201101
172,48,201101
172,13,201101
172,6,201101
172,19,201101
172,46,201101
172,97,201101
172,35,201101
173,129,201101
173,1129,201101
173,1404,201101
173,357,201101
173,46,201101
173,97,201101
173,172,201101
173,35,201101
174,132,201101
174,18,201101
175,31,201101
175,59,201101
175,25,201101
175,97,201101
175,138,201101
175,137,201101
175,154,201101
175,247,201101
175,83,201101
175,1,201101
175,60,201101
175,35,201101
175,89,201101
175,112,201101
175,146,201101
175,13,201101
175,17,201101
175,136,201101
175,241,201101
175,18,201101
175,117,201101
175,46,201101
175,6,201101
175,19,201101
175,339,201101
175,346,201101
175,393,201101
175,29,201101
175,1250,201101
175,266,201101
175,375,201101
176,143,201101
176,126,201101
176,19,201101
176,160,201101
176,77,201101
176,17,201101
176,40,201101
176,387,201101
176,142,201101
176,26,201101
176,6,201101
176,24,201101
176,64,201101
176,342,201101
176,76,201101
176,137,201101
176,27,201101
176,100,201101
176,46,201101
176,393,201101
176,35,201101
176,29,201101
176,13,201101
176,93,201101
176,32,201101
176,48,201101
176,16,201101
176,146,201101
176,60,201101
176,97,201101
177,50,201101
177,69,201101
177,22,201101
177,133,201101
177,96,201101
177,146,201101
177,23,201101
177,101,201101
177,164,201101
177,346,201101
177,18,201101
177,17,201101
177,1227,201101
177,10,201101
177,20,201101
177,136,201101
177,11,201101
177,4,201101
178,782,201101
178,19,201101
178,80,201101
178,266,201101
178,143,201101
178,237,201101
178,208,201101
178,797,201101
178,140,201101
178,517,201101
178,288,201101
178,78,201101
178,146,201101
178,129,201101
178,120,201101
178,181,201101
178,81,201101
178,64,201101
178,102,201101
178,141,201101
178,38,201101
178,32,201101
178,142,201101
178,101,201101
178,158,201101
178,45,201101
178,342,201101
178,316,201101
178,180,201101
178,46,201101
178,75,201101
178,83,201101
178,126,201101
178,40,201101
178,16,201101
178,151,201101
178,76,201101
178,463,201101
178,13,201101
178,320,201101
178,97,201101
178,108,201101
178,36,201101
178,139,201101
178,60,201101
178,48,201101
180,1086,201101
180,134,201101
180,143,201101
180,160,201101
180,126,201101
180,29,201101
180,101,201101
180,52,201101
180,6,201101
180,766,201101
180,9,201101
180,38,201101
180,81,201101
180,157,201101
180,12,201101
180,270,201101
180,137,201101
180,18,201101
180,165,201101
180,23,201101
180,39,201101
180,26,201101
180,25,201101
180,10,201101
180,0,201101
180,113,201101
180,274,201101
180,1366,201101
180,27,201101
180,96,201101
180,77,201101
180,17,201101
180,182,201101
180,133,201101
180,136,201101
180,31,201101
180,100,201101
180,64,201101
180,28,201101
180,2,201101
180,85,201101
180,32,201101
180,56,201101
180,178,201101
180,83,201101
180,92,201101
180,80,201101
180,59,201101
180,5,201101
180,889,201101
180,97,201101
180,899,201101
180,360,201101
180,19,201101
180,1,201101
180,13,201101
180,36,201101
180,99,201101
180,16,201101
180,46,201101
180,108,201101
180,48,201101
180,135,201101
180,60,201101
180,14,201101
181,77,201101
181,160,201101
181,546,201101
181,890,201101
181,429,201101
181,64,201101
181,40,201101
181,19,201101
181,143,201101
181,270,201101
181,95,201101
181,123,201101
181,174,201101
181,156,201101
181,99,201101
181,108,201101
181,1366,201101
181,265,201101
181,51,201101
181,29,201101
181,32,201101
181,54,201101
181,60,201101
181,154,201101
181,178,201101
181,146,201101
181,18,201101
181,26,201101
181,97,201101
181,16,201101
181,1250,201101
181,25,201101
181,6,201101
181,10,201101
181,1227,201101
181,48,201101
181,139,201101
181,136,201101
181,375,201101
181,137,201101
181,14,201101
182,176,201101
182,79,201101
182,64,201101
182,338,201101
182,31,201101
182,278,201101
182,82,201101
182,46,201101
182,19,201101
182,29,201101
182,6,201101
182,32,201101
183,11,201101
183,154,201101
183,51,201101
183,247,201101
183,147,201101
183,160,201101
183,143,201101
183,72,201101
183,27,201101
183,70,201101
183,13,201101
183,111,201101
183,18,201101
183,85,201101
183,32,201101
183,133,201101
183,137,201101
183,77,201101
183,123,201101
183,274,201101
183,165,201101
183,0,201101
183,346,201101
183,61,201101
183,64,201101
183,14,201101
183,20,201101
183,108,201101
183,22,201101
183,53,201101
183,83,201101
183,113,201101
183,211,201101
183,69,201101
183,92,201101
183,21,201101
183,48,201101
183,96,201101
183,60,201101
183,112,201101
183,17,201101
183,23,201101
183,301,201101
183,135,201101
183,29,201101
183,28,201101
183,317,201101
183,1,201101
183,107,201101
183,136,201101
183,5,201101
183,4,201101
183,10,201101
184,215,201101
184,51,201101
184,33,201101
184,85,201101
184,149,201101
184,10,201101
184,214,201101
184,4,201101
184,1227,201101
184,17,201101
184,136,201101
184,11,201101
184,20,201101
185,645,201101
185,525,201101
185,190,201101
185,110,201101
185,200,201101
185,825,201101
185,1016,201101
185,997,201101
185,926,201101
185,235,201101
185,922,201101
185,474,201101
185,697,201101
185,657,201101
185,698,201101
185,656,201101
185,947,201101
185,937,201101
185,186,201101
186,620,201101
186,525,201101
186,644,201101
186,473,201101
186,185,201101
186,474,201101
186,110,201101
186,1016,201101
186,558,201101
186,922,201101
186,561,201101
186,555,201101
186,556,201101
186,239,201101
186,559,201101
186,290,201101
186,236,201101
186,560,201101
188,326,201101
188,0,201101
188,393,201101
188,160,201101
188,143,201101
188,333,201101
188,40,201101
188,1147,201101
188,346,201101
188,25,201101
188,10,201101
188,137,201101
188,97,201101
189,23,201101
189,107,201101
189,123,201101
189,10,201101
189,22,201101
189,376,201101
189,133,201101
189,529,201101
189,85,201101
189,53,201101
189,165,201101
189,4,201101
189,136,201101
189,17,201101
189,20,201101
189,1,201101
190,110,201101
190,235,201101
190,696,201101
190,937,201101
190,897,201101
190,201,201101
190,1183,201101
190,920,201101
191,110,201101
192,76,201101
192,208,201101
192,155,201101
192,97,201101
192,41,201101
192,19,201101
192,46,201101
192,26,201101
192,64,201101
193,170,201101
193,131,201101
193,205,201101
193,81,201101
193,137,201101
193,29,201101
194,160,201101
194,102,201101
194,48,201101
194,60,201101
194,6,201101
194,59,201101
195,76,201101
195,6,201101
195,160,201101
195,26,201101
195,242,201101
195,62,201101
195,66,201101
195,97,201101
195,19,201101
195,32,201101
195,60,201101
195,48,201101
196,504,201101
196,378,201101
196,489,201101
196,365,201101
196,377,201101
196,225,201101
196,471,201101
196,681,201101
196,231,201101
196,469,201101
196,110,201101
196,409,201101
196,551,201101
196,425,201101
196,402,201101
196,363,201101
196,506,201101
196,29,201101
196,366,201101
196,475,201101
196,476,201101
196,424,201101
196,470,201101
196,516,201101
196,705,201101
196,448,201101
196,472,201101
196,577,201101
196,364,201101
196,367,201101
196,528,201101
196,595,201101
196,479,201101
196,1012,201101
196,447,201101
196,547,201101
196,477,201101
196,786,201101
196,526,201101
196,578,201101
196,236,201101
196,667,201101
196,400,201101
196,1028,201101
196,636,201101
196,352,201101
196,412,201101
196,1134,201101
196,427,201101
196,127,201101
196,478,201101
196,109,201101
196,4,201101
197,40,201101
197,545,201101
197,160,201101
197,81,201101
197,0,201101
197,64,201101
197,32,201101
197,97,201101
197,18,201101
197,16,201101
197,108,201101
197,54,201101
197,139,201101
197,29,201101
197,60,201101
198,104,201101
198,12,201101
198,271,201101
198,146,201101
198,29,201101
198,32,201101
198,137,201101
198,97,201101
200,697,201101
200,698,201101
200,185,201101
200,937,201101
200,656,201101
200,657,201101
200,926,201101
201,110,201101
201,190,201101
201,897,201101
201,235,201101
203,291,201101
203,87,201101
203,168,201101
204,115,201101
204,137,201101
205,281,201101
205,40,201101
205,131,201101
205,282,201101
205,48,201101
205,81,201101
205,1361,201101
205,34,201101
205,15,201101
205,193,201101
205,304,201101
205,198,201101
205,32,201101
205,262,201101
205,170,201101
205,18,201101
205,19,201101
205,64,201101
206,6,201101
206,117,201101
206,126,201101
206,163,201101
206,32,201101
206,9,201101
206,48,201101
206,266,201101
206,19,201101
207,45,201101
207,385,201101
207,339,201101
207,1044,201101
207,843,201101
208,29,201101
208,46,201101
208,54,201101
208,2007,201101
208,102,201101
208,133,201101
208,157,201101
208,313,201101
208,192,201101
208,297,201101
208,349,201101
208,178,201101
208,274,201101
208,32,201101
208,31,201101
208,86,201101
208,97,201101
208,283,201101
208,99,201101
208,64,201101
208,60,201101
208,19,201101
208,108,201101
208,139,201101
208,36,201101
208,48,201101
209,1,201101
209,998,201101
209,210,201101
210,826,201101
210,1057,201101
210,209,201101
210,941,201101
210,1,201101
210,998,201101
210,750,201101
211,23,201101
211,31,201101
211,214,201101
211,85,201101
211,165,201101
211,183,201101
211,2,201101
211,51,201101
211,160,201101
211,346,201101
211,22,201101
211,17,201101
211,10,201101
211,136,201101
211,20,201101
211,28,201101
211,1,201101
212,89,201101
213,303,201101
213,51,201101
213,69,201101
213,163,201101
213,22,201101
213,33,201101
213,9,201101
213,165,201101
213,154,201101
213,53,201101
213,214,201101
213,139,201101
213,183,201101
213,274,201101
213,34,201101
213,18,201101
213,136,201101
213,21,201101
213,10,201101
213,222,201101
213,11,201101
213,29,201101
213,20,201101
213,17,201101
213,1,201101
213,4,201101
213,137,201101
214,33,201101
214,51,201101
214,795,201101
214,215,201101
214,261,201101
214,17,201101
214,906,201101
214,4,201101
214,1169,201101
214,136,201101
214,10,201101
214,1227,201101
214,11,201101
214,20,201101
215,51,201101
215,184,201101
215,214,201101
215,20,201101
216,385,201101
216,333,201101
216,495,201101
216,390,201101
216,97,201101
216,160,201101
216,137,201101
216,25,201101
217,129,201101
217,60,201101
217,59,201101
219,192,201101
219,14,201101
219,41,201101
219,83,201101
220,115,201101
220,137,201101
221,147,201101
221,738,201101
221,1169,201101
221,136,201101
222,4,201101
222,748,201101
222,747,201101
222,346,201101
222,17,201101
222,121,201101
222,28,201101
222,5,201101
222,213,201101
222,1227,201101
222,89,201101
222,10,201101
223,84,201101
223,86,201101
223,132,201101
223,131,201101
223,101,201101
223,164,201101
223,18,201101
223,10,201101
223,136,201101
223,4,201101
223,11,201101
224,101,201101
224,160,201101
224,58,201101
224,19,201101
224,99,201101
224,176,201101
224,32,201101
224,326,201101
224,97,201101
224,960,201101
224,46,201101
224,375,201101
224,137,201101
224,266,201101
224,29,201101
225,471,201101
225,378,201101
225,110,201101
225,596,201101
225,232,201101
225,472,201101
225,352,201101
225,196,201101
225,470,201101
225,475,201101
225,532,201101
226,586,201101
226,606,201101
226,573,201101
226,679,201101
226,110,201101
226,231,201101
226,587,201101
226,351,201101
226,465,201101
226,604,201101
226,590,201101
226,554,201101
226,660,201101
226,574,201101
226,576,201101
226,527,201101
226,471,201101
226,572,201101
226,470,201101
226,225,201101
226,622,201101
226,589,201101
226,565,201101
227,11,201101
227,10,201101
228,11,201101
229,925,201101
229,669,201101
229,110,201101
229,824,201101
229,1204,201101
229,637,201101
229,596,201101
229,636,201101
229,196,201101
229,663,201101
230,664,201101
230,639,201101
230,638,201101
230,232,201101
230,110,201101
230,231,201101
230,643,201101
230,641,201101
230,636,201101
230,634,201101
230,642,201101
230,229,201101
230,252,201101
230,596,201101
230,594,201101
230,253,201101
230,635,201101
230,640,201101
230,600,201101
230,225,201101
230,236,201101
231,196,201101
231,110,201101
231,643,201101
231,465,201101
231,575,201101
231,256,201101
231,470,201101
231,351,201101
231,604,201101
231,232,201101
231,596,201101
231,605,201101
231,226,201101
231,527,201101
231,225,201101
231,230,201101
231,576,201101
231,603,201101
231,319,201101
231,253,201101
231,639,201101
231,236,201101
231,644,201101
232,601,201101
232,635,201101
232,253,201101
232,110,201101
232,643,201101
232,661,201101
232,257,201101
232,664,201101
232,255,201101
232,636,201101
232,641,201101
232,634,201101
232,239,201101
232,596,201101
232,465,201101
232,527,201101
232,186,201101
232,231,201101
232,670,201101
232,700,201101
232,260,201101
232,624,201101
232,525,201101
232,258,201101
232,605,201101
232,256,201101
232,230,201101
232,603,201101
232,591,201101
232,658,201101
232,659,201101
232,594,201101
232,642,201101
232,644,201101
232,638,201101
232,236,201101
232,254,201101
232,602,201101
232,597,201101
232,600,201101
232,263,201101
232,259,201101
232,599,201101
232,252,201101
232,273,201101
232,639,201101
232,319,201101
232,575,201101
232,598,201101
232,225,201101
232,604,201101
232,571,201101
232,560,201101
232,576,201101
233,18,201101
233,31,201101
233,16,201101
233,346,201101
233,10,201101
233,266,201101
233,32,201101
233,29,201101
234,123,201101
234,122,201101
234,738,201101
234,762,201101
234,426,201101
234,160,201101
234,53,201101
234,61,201101
234,57,201101
234,24,201101
234,77,201101
234,146,201101
234,18,201101
234,346,201101
234,10,201101
234,1227,201101
235,1056,201101
235,110,201101
235,190,201101
235,201,201101
235,867,201101
235,1381,201101
236,110,201101
236,627,201101
236,186,201101
237,178,201101
237,38,201101
237,76,201101
237,32,201101
237,26,201101
237,6,201101
237,25,201101
237,60,201101
237,46,201101
237,29,201101
237,97,201101
238,1169,201101
238,11,201101
239,252,201101
239,639,201101
239,254,201101
239,659,201101
239,232,201101
239,273,201101
239,258,201101
239,602,201101
241,59,201101
241,495,201101
241,675,201101
242,233,201101
242,142,201101
242,80,201101
242,16,201101
242,346,201101
242,18,201101
242,32,201101
242,29,201101
243,89,201101
243,7,201101
243,90,201101
243,17,201101
243,4,201101
243,8,201101
243,29,201101
243,136,201101
243,1,201101
243,20,201101
244,1147,201101
244,346,201101
244,137,201101
245,89,201101
245,35,201101
247,69,201101
247,18,201101
247,143,201101
247,1196,201101
247,107,201101
247,138,201101
247,51,201101
247,20,201101
247,23,201101
247,112,201101
247,175,201101
247,17,201101
247,146,201101
247,110,201101
247,133,201101
247,427,201101
247,136,201101
247,748,201101
247,165,201101
247,747,201101
247,28,201101
247,843,201101
248,11,201101
250,80,201101
250,1,201101
250,160,201101
250,46,201101
250,137,201101
250,97,201101
251,154,201101
251,29,201101
252,605,201101
252,253,201101
252,254,201101
252,600,201101
252,232,201101
253,254,201101
253,232,201101
253,252,201101
253,600,201101
253,602,201101
253,601,201101
253,258,201101
254,232,201101
254,253,201101
254,252,201101
254,600,201101
254,239,201101
254,273,201101
255,260,201101
255,700,201101
255,232,201101
255,257,201101
255,273,201101
255,591,201101
256,602,201101
256,263,201101
256,259,201101
256,258,201101
256,232,201101
256,601,201101
256,260,201101
257,231,201101
257,258,201101
257,259,201101
257,700,201101
257,260,201101
257,255,201101
257,239,201101
257,110,201101
257,232,201101
257,591,201101
258,601,201101
258,232,201101
258,256,201101
258,260,201101
258,257,201101
258,602,201101
258,253,201101
258,239,201101
259,602,201101
259,591,201101
259,257,201101
259,258,201101
259,255,201101
259,659,201101
259,260,201101
259,232,201101
259,273,201101
260,602,201101
260,256,201101
260,257,201101
260,659,201101
260,259,201101
260,597,201101
260,601,201101
260,255,201101
260,263,201101
260,232,201101
261,5,201101
261,817,201101
261,112,201101
261,22,201101
261,70,201101
261,133,201101
261,136,201101
261,10,201101
261,1,201101
261,17,201101
261,20,201101
262,131,201101
262,282,201101
262,18,201101
262,15,201101
262,722,201101
262,81,201101
262,205,201101
262,170,201101
263,232,201101
263,601,201101
263,597,201101
263,602,201101
263,260,201101
263,256,201101
264,271,201101
264,132,201101
264,34,201101
264,12,201101
264,104,201101
265,99,201101
265,53,201101
265,15,201101
265,14,201101
265,154,201101
265,32,201101
265,354,201101
265,132,201101
265,54,201101
265,18,201101
265,26,201101
265,227,201101
265,346,201101
265,29,201101
265,266,201101
265,17,201101
265,1227,201101
265,136,201101
265,10,201101
265,11,201101
266,178,201101
266,36,201101
266,334,201101
266,158,201101
266,375,201101
266,171,201101
266,341,201101
266,101,201101
266,170,201101
266,161,201101
266,1250,201101
266,114,201101
266,43,201101
266,61,201101
266,233,201101
266,278,201101
266,544,201101
266,140,201101
266,888,201101
266,15,201101
266,175,201101
266,265,201101
266,206,201101
266,62,201101
266,76,201101
266,224,201101
266,66,201101
266,815,201101
266,138,201101
267,346,201101
267,1250,201101
267,29,201101
268,11,201101
268,1265,201101
268,133,201101
268,4,201101
268,17,201101
269,34,201101
269,132,201101
269,18,201101
269,29,201101
269,32,201101
269,137,201101
269,60,201101
269,97,201101
270,181,201101
270,197,201101
270,29,201101
270,276,201101
270,18,201101
270,32,201101
271,264,201101
271,198,201101
271,275,201101
271,18,201101
273,602,201101
273,659,201101
273,232,201101
273,239,201101
273,259,201101
274,339,201101
274,135,201101
274,419,201101
274,180,201101
274,155,201101
274,36,201101
274,12,201101
274,142,201101
274,107,201101
274,22,201101
274,102,201101
274,69,201101
274,26,201101
274,16,201101
274,143,201101
274,113,201101
274,157,201101
274,81,201101
274,60,201101
274,9,201101
274,97,201101
274,136,201101
274,160,201101
274,0,201101
274,154,201101
274,48,201101
274,119,201101
274,5,201101
274,52,201101
274,133,201101
274,18,201101
274,183,201101
274,38,201101
274,92,201101
274,64,201101
274,40,201101
274,11,201101
274,1169,201101
274,100,201101
274,346,201101
274,20,201101
274,21,201101
274,25,201101
274,112,201101
274,23,201101
274,83,201101
274,54,201101
274,32,201101
274,77,201101
274,51,201101
274,19,201101
274,1366,201101
274,47,201101
274,13,201101
274,4,201101
274,108,201101
274,93,201101
274,31,201101
274,28,201101
274,14,201101
274,17,201101
274,80,201101
274,1,201101
274,10,201101
274,72,201101
274,124,201101
274,116,201101
274,165,201101
274,149,201101
274,115,201101
274,96,201101
274,27,201101
274,85,201101
274,2,201101
275,271,201101
275,154,201101
276,54,201101
276,270,201101
276,74,201101
276,18,201101
276,29,201101
276,32,201101
277,19,201101
278,76,201101
278,58,201101
278,94,201101
278,444,201101
278,341,201101
278,143,201101
278,31,201101
278,124,201101
278,14,201101
278,463,201101
278,1337,201101
278,85,201101
278,146,201101
278,178,201101
278,19,201101
278,46,201101
278,26,201101
278,266,201101
278,97,201101
281,95,201101
281,29,201101
281,35,201101
281,176,201101
281,76,201101
281,143,201101
281,138,201101
281,6,201101
281,160,201101
281,374,201101
281,1013,201101
281,77,201101
281,16,201101
281,14,201101
281,0,201101
282,143,201101
282,1,201101
282,165,201101
282,97,201101
282,27,201101
282,6,201101
282,188,201101
282,32,201101
282,384,201101
282,385,201101
282,460,201101
282,401,201101
282,15,201101
282,81,201101
282,339,201101
282,18,201101
282,262,201101
282,131,201101
282,304,201101
282,205,201101
282,135,201101
282,534,201101
283,285,201101
283,208,201101
283,13,201101
284,129,201101
285,283,201101
287,19,201101
287,341,201101
287,104,201101
287,101,201101
287,54,201101
287,46,201101
287,97,201101
288,178,201101
288,78,201101
288,1147,201101
288,83,201101
289,134,201101
289,55,201101
289,13,201101
290,808,201101
290,110,201101
291,87,201101
291,203,201101
292,346,201101
292,29,201101
294,24,201101
294,108,201101
295,51,201101
296,154,201101
296,29,201101
297,313,201101
297,102,201101
297,208,201101
297,1674,201101
297,349,201101
297,13,201101
298,18,201101
299,96,201101
299,130,201101
299,941,201101
299,361,201101
299,345,201101
299,536,201101
299,23,201101
299,1,201101
299,10,201101
299,136,201101
300,177,201101
300,4,201101
301,317,201101
301,33,201101
301,5,201101
301,4,201101
301,183,201101
303,107,201101
303,33,201101
303,133,201101
303,150,201101
303,69,201101
303,143,201101
303,183,201101
303,54,201101
303,113,201101
303,64,201101
303,25,201101
303,20,201101
303,17,201101
303,29,201101
303,136,201101
304,15,201101
304,205,201101
304,163,201101
304,282,201101
304,170,201101
304,135,201101
304,131,201101
304,18,201101
304,35,201101
305,110,201101
305,830,201101
305,684,201101
305,427,201101
305,633,201101
305,886,201101
305,109,201101
305,4,201101
306,110,201101
306,128,201101
306,427,201101
306,4,201101
306,109,201101
307,137,201101
307,25,201101
307,136,201101
308,101,201101
309,160,201101
309,137,201101
310,16,201101
310,900,201101
310,85,201101
310,98,201101
310,510,201101
310,530,201101
310,65,201101
310,31,201101
311,50,201101
311,69,201101
311,3,201101
311,4,201101
313,297,201101
313,208,201101
313,349,201101
313,13,201101
314,336,201101
314,132,201101
314,41,201101
314,29,201101
314,782,201101
314,752,201101
314,85,201101
314,125,201101
314,160,201101
315,189,201101
315,20,201101
316,178,201101
317,69,201101
317,301,201101
317,121,201101
317,1169,201101
317,183,201101
317,4,201101
317,11,201101
318,160,201101
319,465,201101
319,644,201101
319,603,201101
319,232,201101
319,576,201101
319,575,201101
319,639,201101
319,231,201101
319,527,201101
320,39,201101
320,83,201101
320,81,201101
320,35,201101
320,146,201101
320,160,201101
320,75,201101
320,36,201101
320,38,201101
320,14,201101
320,64,201101
320,79,201101
320,0,201101
320,46,201101
320,99,201101
320,40,201101
320,76,201101
320,6,201101
320,815,201101
320,19,201101
320,434,201101
320,32,201101
320,13,201101
320,48,201101
320,178,201101
320,97,201101
320,26,201101
323,770,201101
323,89,201101
326,0,201101
326,390,201101
326,335,201101
326,333,201101
326,336,201101
326,25,201101
327,137,201101
327,25,201101
330,147,201101
330,53,201101
330,27,201101
330,11,201101
330,136,201101
332,32,201101
332,19,201101
332,64,201101
333,216,201101
333,340,201101
333,401,201101
333,115,201101
333,393,201101
333,495,201101
333,534,201101
333,1147,201101
333,752,201101
333,25,201101
333,137,201101
334,266,201101
334,1250,201101
334,36,201101
335,118,201101
335,495,201101
335,336,201101
335,216,201101
335,340,201101
335,390,201101
335,326,201101
335,346,201101
335,25,201101
335,137,201101
336,335,201101
336,333,201101
336,25,201101
336,495,201101
336,1,201101
336,132,201101
336,125,201101
336,752,201101
336,9,201101
336,137,201101
338,176,201101
338,64,201101
338,14,201101
338,19,201101
338,26,201101
338,6,201101
338,32,201101
339,282,201101
339,1,201101
339,23,201101
339,154,201101
339,401,201101
339,93,201101
339,165,201101
339,463,201101
339,25,201101
339,160,201101
339,27,201101
339,354,201101
339,15,201101
339,75,201101
339,163,201101
339,2,201101
339,151,201101
339,327,201101
339,35,201101
339,1227,201101
339,393,201101
339,10,201101
339,137,201101
340,336,201101
340,393,201101
340,118,201101
340,25,201101
341,335,201101
341,813,201101
341,19,201101
341,102,201101
341,31,201101
341,75,201101
341,120,201101
341,176,201101
341,39,201101
341,170,201101
341,101,201101
341,139,201101
341,45,201101
341,85,201101
341,18,201101
341,16,201101
341,104,201101
341,77,201101
341,27,201101
341,9,201101
341,78,201101
341,36,201101
341,266,201101
341,140,201101
341,158,201101
341,100,201101
341,2,201101
341,32,201101
341,339,201101
341,137,201101
341,97,201101
341,92,201101
341,160,201101
341,108,201101
341,375,201101
341,46,201101
341,25,201101
342,27,201101
342,143,201101
342,124,201101
342,2,201101
342,278,201101
342,46,201101
342,137,201101
342,97,201101
344,137,201101
344,1169,201101
345,299,201101
345,136,201101
345,23,201101
346,96,201101
346,9,201101
346,483,201101
346,34,201101
346,53,201101
346,164,201101
346,149,201101
346,93,201101
346,133,201101
346,148,201101
346,4,201101
346,242,201101
346,183,201101
346,544,201101
346,24,201101
346,165,201101
346,234,201101
346,175,201101
346,27,201101
346,244,201101
346,136,201101
346,5,201101
346,32,201101
346,12,201101
346,410,201101
346,188,201101
346,866,201101
346,51,201101
346,22,201101
346,21,201101
346,292,201101
346,335,201101
346,157,201101
346,77,201101
346,85,201101
346,116,201101
346,222,201101
346,104,201101
346,728,201101
346,54,201101
346,211,201101
346,33,201101
346,2,201101
346,233,201101
346,28,201101
346,443,201101
346,112,201101
346,50,201101
346,131,201101
346,423,201101
346,84,201101
346,177,201101
346,30,201101
346,74,201101
346,145,201101
346,144,201101
346,969,201101
346,137,201101
346,69,201101
346,44,201101
346,138,201101
346,150,201101
346,121,201101
346,122,201101
346,135,201101
346,265,201101
346,18,201101
348,23,201101
348,17,201101
349,297,201101
349,102,201101
349,208,201101
349,313,201101
349,1674,201101
349,13,201101
351,554,201101
351,587,201101
351,352,201101
351,232,201101
351,110,201101
351,660,201101
351,573,201101
351,590,201101
351,231,201101
351,606,201101
351,572,201101
351,589,201101
351,525,201101
351,226,201101
351,465,201101
351,574,201101
351,679,201101
351,607,201101
351,604,201101
351,1214,201101
351,586,201101
351,565,201101
351,760,201101
351,532,201101
352,565,201101
352,678,201101
352,694,201101
352,484,201101
352,579,201101
352,564,201101
352,621,201101
352,622,201101
352,625,201101
352,623,201101
352,532,201101
352,626,201101
352,196,201101
352,110,201101
352,805,201101
352,351,201101
352,370,201101
352,225,201101
352,424,201101
352,573,201101
352,477,201101
352,693,201101
352,425,201101
352,226,201101
354,131,201101
354,54,201101
354,19,201101
354,1088,201101
354,160,201101
354,97,201101
355,35,201101
355,160,201101
355,434,201101
355,46,201101
355,25,201101
355,137,201101
355,97,201101
357,1129,201101
357,172,201101
357,173,201101
357,1075,201101
358,878,201101
358,1090,201101
358,136,201101
359,891,201101
359,136,201101
360,180,201101
361,136,201101
362,40,201101
362,142,201101
362,81,201101
362,32,201101
362,19,201101
362,16,201101
363,196,201101
363,366,201101
364,365,201101
364,196,201101
364,402,201101
364,551,201101
364,366,201101
365,366,201101
365,196,201101
365,364,201101
365,400,201101
366,400,201101
366,409,201101
366,365,201101
366,110,201101
366,196,201101
366,645,201101
366,363,201101
366,402,201101
366,551,201101
366,225,201101
366,504,201101
366,364,201101
367,196,201101
368,834,201101
368,480,201101
368,136,201101
369,14,201101
370,85,201101
371,133,201101
371,29,201101
371,136,201101
371,17,201101
371,6,201101
371,97,201101
371,25,201101
371,137,201101
372,147,201101
372,1015,201101
372,67,201101
372,1169,201101
372,136,201101
372,11,201101
373,722,201101
373,64,201101
374,281,201101
374,16,201101
375,97,201101
375,35,201101
375,1276,201101
375,58,201101
375,143,201101
375,1147,201101
375,12,201101
375,224,201101
375,151,201101
375,114,201101
375,141,201101
375,76,201101
375,140,201101
375,132,201101
375,175,201101
375,104,201101
375,341,201101
375,95,201101
375,79,201101
375,15,201101
375,65,201101
375,181,201101
375,66,201101
375,159,201101
375,57,201101
375,101,201101
375,815,201101
375,62,201101
375,138,201101
375,54,201101
376,133,201101
376,136,201101
376,1,201101
377,225,201101
377,196,201101
377,412,201101
377,472,201101
377,378,201101
378,475,201101
378,504,201101
378,196,201101
378,377,201101
378,412,201101
378,225,201101
378,678,201101
378,626,201101
378,625,201101
378,489,201101
378,366,201101
379,29,201101
380,31,201101
380,135,201101
380,54,201101
380,480,201101
380,136,201101
380,23,201101
381,142,201101
381,1086,201101
381,16,201101
383,667,201101
385,188,201101
385,401,201101
385,282,201101
385,336,201101
385,2,201101
385,25,201101
387,176,201101
387,19,201101
388,27,201101
389,17,201101
390,495,201101
390,326,201101
390,340,201101
390,25,201101
390,137,201101
393,48,201101
393,118,201101
393,336,201101
393,326,201101
393,98,201101
393,176,201101
393,175,201101
393,18,201101
393,339,201101
393,93,201101
393,35,201101
393,25,201101
393,137,201101
393,97,201101
394,154,201101
395,17,201101
398,97,201101
400,365,201101
400,196,201101
401,282,201101
401,85,201101
401,137,201101
401,333,201101
401,160,201101
402,196,201101
402,366,201101
402,364,201101
407,61,201101
407,18,201101
409,196,201101
410,426,201101
410,436,201101
410,346,201101
410,18,201101
412,447,201101
412,378,201101
412,489,201101
412,196,201101
413,18,201101
415,407,201101
415,61,201101
415,981,201101
415,804,201101
415,136,201101
415,18,201101
416,18,201101
419,274,201101
419,23,201101
419,133,201101
420,29,201101
422,440,201101
422,54,201101
422,131,201101
422,16,201101
422,29,201101
423,346,201101
423,18,201101
424,236,201101
424,478,201101
424,425,201101
424,196,201101
424,448,201101
424,625,201101
424,622,201101
424,579,201101
424,469,201101
424,110,201101
424,477,201101
424,352,201101
424,695,201101
424,532,201101
424,476,201101
424,506,201101
425,230,201101
425,110,201101
425,196,201101
425,424,201101
425,476,201101
425,794,201101
425,970,201101
425,478,201101
425,352,201101
425,506,201101
426,234,201101
426,737,201101
426,18,201101
427,127,201101
427,4,201101
427,109,201101
427,110,201101
427,128,201101
427,306,201101
427,612,201101
427,614,201101
427,616,201101
427,247,201101
427,610,201101
429,197,201101
429,270,201101
429,181,201101
429,546,201101
429,32,201101
430,814,201101
430,54,201101
430,31,201101
430,1205,201101
430,18,201101
432,18,201101
433,59,201101
434,282,201101
434,36,201101
434,320,201101
434,1250,201101
434,334,201101
434,48,201101
434,355,201101
434,106,201101
435,160,201101
435,97,201101
436,154,201101
436,160,201101
436,234,201101
436,159,201101
436,18,201101
440,54,201101
440,814,201101
440,18,201101
440,32,201101
443,44,201101
443,346,201101
443,29,201101
444,19,201101
444,77,201101
444,133,201101
444,154,201101
444,40,201101
444,66,201101
444,83,201101
445,80,201101
445,95,201101
445,160,201101
445,46,201101
447,196,201101
447,489,201101
448,196,201101
448,447,201101
448,506,201101
448,478,201101
448,424,201101
448,476,201101
449,549,201101
449,64,201101
452,97,201101
455,0,201101
455,143,201101
455,512,201101
455,97,201101
458,97,201101
458,46,201101
460,282,201101
463,35,201101
463,64,201101
463,97,201101
463,83,201101
463,40,201101
463,142,201101
463,178,201101
465,576,201101
465,351,201101
465,110,201101
465,319,201101
465,527,201101
465,232,201101
465,586,201101
465,226,201101
465,604,201101
465,225,201101
465,644,201101
465,231,201101
465,575,201101
469,424,201101
469,477,201101
469,110,201101
469,476,201101
470,232,201101
470,196,201101
470,472,201101
470,226,201101
470,110,201101
470,594,201101
470,471,201101
470,225,201101
471,196,201101
471,472,201101
471,475,201101
471,226,201101
471,110,201101
471,225,201101
471,470,201101
472,225,201101
472,196,201101
472,470,201101
472,471,201101
472,377,201101
473,556,201101
473,559,201101
473,630,201101
473,186,201101
473,474,201101
474,650,201101
474,110,201101
474,825,201101
474,922,201101
474,651,201101
474,665,201101
474,559,201101
474,630,201101
474,185,201101
474,560,201101
474,997,201101
474,186,201101
474,473,201101
475,472,201101
475,590,201101
475,471,201101
475,196,201101
475,225,201101
476,506,201101
476,196,201101
476,477,201101
476,532,201101
476,424,201101
476,469,201101
477,469,201101
477,110,201101
477,196,201101
477,352,201101
477,476,201101
477,506,201101
477,424,201101
478,424,201101
478,425,201101
478,110,201101
478,476,201101
478,196,201101
479,489,201101
479,196,201101
480,380,201101
480,71,201101
480,136,201101
482,97,201101
483,85,201101
483,740,201101
483,137,201101
483,346,201101
484,625,201101
484,621,201101
484,626,201101
484,678,201101
484,565,201101
484,694,201101
484,352,201101
484,623,201101
485,1174,201101
486,72,201101
486,137,201101
487,10,201101
489,196,201101
489,479,201101
489,447,201101
489,378,201101
490,27,201101
492,136,201101
493,28,201101
493,37,201101
493,17,201101
495,390,201101
495,385,201101
495,188,201101
495,326,201101
495,118,201101
495,25,201101
495,97,201101
495,137,201101
501,143,201101
501,132,201101
501,23,201101
501,107,201101
502,728,201101
502,12,201101
502,221,201101
502,136,201101
503,888,201101
503,97,201101
503,31,201101
504,196,201101
504,1362,201101
504,366,201101
506,478,201101
506,622,201101
506,110,201101
506,366,201101
506,469,201101
506,196,201101
506,232,201101
506,477,201101
506,476,201101
506,882,201101
506,425,201101
506,424,201101
510,65,201101
510,31,201101
510,900,201101
510,160,201101
510,97,201101
512,143,201101
512,160,201101
512,455,201101
512,35,201101
512,80,201101
512,13,201101
512,146,201101
512,24,201101
515,268,201101
515,769,201101
516,196,201101
517,728,201101
519,23,201101
521,1291,201101
521,160,201101
522,154,201101
523,1086,201101
523,1022,201101
523,381,201101
523,16,201101
525,839,201101
525,726,201101
525,584,201101
525,847,201101
525,697,201101
525,110,201101
525,582,201101
525,1428,201101
525,961,201101
525,1089,201101
525,1030,201101
525,627,201101
525,962,201101
525,1087,201101
526,196,201101
526,110,201101
527,231,201101
527,465,201101
527,226,201101
527,576,201101
527,644,201101
527,604,201101
527,575,201101
527,319,201101
527,586,201101
527,643,201101
527,232,201101
528,196,201101
529,189,201101
530,35,201101
530,310,201101
530,73,201101
530,39,201101
530,65,201101
530,101,201101
531,384,201101
532,352,201101
532,424,201101
532,477,201101
532,621,201101
532,225,201101
532,351,201101
532,623,201101
534,64,201101
534,54,201101
534,85,201101
534,333,201101
534,115,201101
534,282,201101
534,136,201101
536,998,201101
536,299,201101
536,10,201101
537,148,201101
537,136,201101
540,97,201101
543,310,201101
543,160,201101
544,39,201101
544,6,201101
544,76,201101
544,74,201101
544,32,201101
544,160,201101
544,73,201101
544,18,201101
544,2,201101
544,29,201101
544,101,201101
544,346,201101
544,0,201101
544,146,201101
544,97,201101
544,136,201101
544,26,201101
544,1227,201101
544,266,201101
544,10,201101
544,17,201101
544,137,201101
544,25,201101
544,46,201101
545,197,201101
545,32,201101
546,197,201101
546,270,201101
546,181,201101
546,32,201101
547,377,201101
547,196,201101
547,400,201101
548,10,201101
548,781,201101
548,11,201101
549,449,201101
549,64,201101
551,196,201101
551,364,201101
551,366,201101
552,17,201101
552,85,201101
552,48,201101
552,2,201101
552,72,201101
552,93,201101
552,34,201101
552,165,201101
552,97,201101
552,5,201101
552,51,201101
552,188,201101
552,339,201101
552,25,201101
552,29,201101
552,115,201101
552,149,201101
552,18,201101
552,136,201101
552,23,201101
554,351,201101
554,587,201101
555,186,201101
556,473,201101
556,186,201101
558,186,201101
558,559,201101
559,186,201101
559,558,201101
559,474,201101
559,644,201101
560,558,201101
560,232,201101
560,474,201101
560,186,201101
561,558,201101
561,186,201101
563,562,201101
563,688,201101
563,569,201101
563,618,201101
563,568,201101
563,615,201101
563,611,201101
563,617,201101
563,614,201101
563,570,201101
563,567,201101
563,674,201101
563,680,201101
563,1150,201101
563,566,201101
563,734,201101
563,616,201101
563,610,201101
563,612,201101
563,612,201101
563,616,201101
564,351,201101
564,694,201101
564,352,201101
564,565,201101
564,621,201101
564,622,201101
565,352,201101
565,351,201101
565,564,201101
565,694,201101
565,573,201101
565,621,201101
565,226,201101
565,579,201101
566,563,201101
567,563,201101
568,563,201101
569,563,201101
570,563,201101
571,645,201101
571,598,201101
571,232,201101
572,351,201101
572,573,201101
572,470,201101
572,226,201101
572,590,201101
572,110,201101
572,574,201101
572,589,201101
573,226,201101
573,590,201101
573,572,201101
573,352,201101
573,351,201101
573,589,201101
573,565,201101
573,574,201101
574,351,201101
574,572,201101
574,590,201101
574,226,201101
574,589,201101
575,231,201101
575,643,201101
575,596,201101
575,576,201101
575,604,201101
575,110,201101
575,232,201101
575,527,201101
575,465,201101
575,319,201101
575,603,201101
575,599,201101
575,639,201101
575,644,201101
576,644,201101
576,465,201101
576,575,201101
576,643,201101
576,319,201101
576,604,201101
576,231,201101
576,232,201101
577,196,201101
578,196,201101
579,621,201101
579,484,201101
579,352,201101
579,626,201101
579,694,201101
579,622,201101
579,565,201101
584,525,201101
586,226,201101
586,231,201101
586,644,201101
586,604,201101
586,232,201101
586,351,201101
586,527,201101
587,351,201101
587,110,201101
587,554,201101
588,34,201101
588,281,201101
588,834,201101
588,27,201101
588,136,201101
589,574,201101
589,573,201101
589,590,201101
589,351,201101
589,226,201101
589,572,201101
590,226,201101
590,574,201101
590,572,201101
590,589,201101
590,573,201101
590,351,201101
591,259,201101
591,560,201101
591,232,201101
591,255,201101
591,257,201101
592,109,201101
592,864,201101
592,593,201101
593,592,201101
593,109,201101
594,232,201101
594,636,201101
594,230,201101
594,641,201101
594,596,201101
594,640,201101
596,110,201101
596,230,201101
596,640,201101
596,229,201101
596,225,201101
596,594,201101
597,232,201101
597,260,201101
597,601,201101
597,658,201101
597,670,201101
597,263,201101
597,664,201101
597,624,201101
598,645,201101
598,232,201101
599,605,201101
599,644,201101
599,232,201101
599,575,201101
599,643,201101
600,230,201101
600,232,201101
600,639,201101
600,252,201101
600,253,201101
601,256,201101
601,659,201101
601,658,201101
601,624,201101
601,597,201101
601,664,201101
601,263,201101
601,260,201101
601,602,201101
601,232,201101
601,253,201101
602,110,201101
602,670,201101
602,575,201101
602,624,201101
602,258,201101
602,658,201101
602,605,201101
602,259,201101
602,273,201101
602,664,201101
602,255,201101
602,232,201101
602,260,201101
602,263,201101
602,601,201101
602,239,201101
603,232,201101
603,626,201101
603,231,201101
603,575,201101
603,639,201101
603,643,201101
604,232,201101
604,586,201101
604,231,201101
604,527,201101
604,351,201101
604,226,201101
605,232,201101
605,599,201101
605,231,201101
605,602,201101
605,644,201101
606,660,201101
606,607,201101
606,351,201101
606,554,201101
607,351,201101
607,679,201101
607,606,201101
610,427,201101
610,563,201101
611,563,201101
612,563,201101
612,570,201101
612,427,201101
614,563,201101
614,427,201101
615,563,201101
616,563,201101
616,427,201101
617,563,201101
618,563,201101
620,186,201101
621,352,201101
621,626,201101
621,625,201101
621,678,201101
621,579,201101
621,484,201101
621,564,201101
621,565,201101
621,694,201101
621,532,201101
622,196,201101
622,352,201101
622,565,201101
622,623,201101
622,564,201101
622,579,201101
622,226,201101
622,694,201101
623,352,201101
623,622,201101
623,694,201101
623,484,201101
623,532,201101
624,232,201101
624,670,201101
624,597,201101
624,664,201101
625,621,201101
625,678,201101
625,694,201101
625,579,201101
625,626,201101
625,378,201101
625,352,201101
626,232,201101
626,352,201101
626,484,201101
626,579,201101
626,621,201101
626,625,201101
626,678,201101
626,694,201101
626,378,201101
627,236,201101
627,110,201101
627,525,201101
627,1087,201101
627,649,201101
627,1891,201101
627,646,201101
627,648,201101
628,629,201101
628,109,201101
629,109,201101
630,922,201101
630,665,201101
630,474,201101
630,186,201101
630,473,201101
630,110,201101
630,997,201101
631,110,201101
633,110,201101
633,305,201101
633,427,201101
633,4,201101
633,109,201101
634,230,201101
634,635,201101
634,232,201101
635,230,201101
635,641,201101
635,634,201101
636,640,201101
636,225,201101
636,232,201101
636,596,201101
636,594,201101
636,229,201101
636,230,201101
638,230,201101
639,600,201101
639,230,201101
639,575,201101
639,603,201101
639,319,201101
639,232,201101
639,643,201101
639,231,201101
640,110,201101
640,636,201101
640,229,201101
640,594,201101
640,230,201101
641,230,201101
641,635,201101
641,594,201101
642,230,201101
642,229,201101
642,635,201101
642,232,201101
643,576,201101
643,232,201101
643,527,201101
643,644,201101
643,639,201101
643,603,201101
643,231,201101
643,575,201101
644,232,201101
644,602,201101
644,319,201101
644,605,201101
644,659,201101
644,599,201101
644,527,201101
644,660,201101
644,465,201101
644,643,201101
644,575,201101
644,231,201101
645,185,201101
645,705,201101
645,1004,201101
645,366,201101
645,598,201101
645,669,201101
645,571,201101
645,1039,201101
646,649,201101
646,648,201101
646,627,201101
647,841,201101
647,719,201101
647,765,201101
647,1002,201101
648,649,201101
648,646,201101
648,627,201101
649,627,201101
649,648,201101
649,646,201101
650,474,201101
650,665,201101
651,474,201101
651,665,201101
652,19,201101
652,22,201101
652,74,201101
656,657,201101
656,937,201101
656,200,201101
656,697,201101
656,185,201101
657,698,201101
657,200,201101
657,697,201101
657,937,201101
657,185,201101
658,661,201101
658,232,201101
658,597,201101
658,664,201101
659,254,201101
659,260,201101
659,605,201101
659,624,201101
659,273,201101
659,232,201101
659,259,201101
660,351,201101
660,679,201101
660,607,201101
660,226,201101
660,606,201101
660,644,201101
661,664,201101
661,232,201101
661,658,201101
663,925,201101
663,229,201101
664,232,201101
664,661,201101
664,624,201101
664,670,201101
664,658,201101
664,602,201101
664,597,201101
665,186,201101
665,185,201101
665,630,201101
665,651,201101
665,474,201101
666,969,201101
667,383,201101
667,857,201101
667,196,201101
669,229,201101
669,645,201101
670,232,201101
670,624,201101
670,602,201101
671,137,201101
674,563,201101
675,59,201101
675,241,201101
675,35,201101
676,677,201101
676,109,201101
677,676,201101
677,109,201101
678,352,201101
678,626,201101
678,621,201101
678,484,201101
678,694,201101
678,625,201101
678,378,201101
678,196,201101
679,351,201101
679,352,201101
679,607,201101
679,606,201101
679,110,201101
679,660,201101
679,554,201101
680,563,201101
681,196,201101
683,525,201101
684,110,201101
688,563,201101
693,352,201101
694,110,201101
694,625,201101
694,565,201101
694,678,201101
694,352,201101
694,623,201101
694,564,201101
694,626,201101
694,622,201101
694,484,201101
694,579,201101
694,621,201101
696,190,201101
697,926,201101
697,937,201101
697,657,201101
697,656,201101
697,185,201101
698,200,201101
698,947,201101
698,926,201101
698,185,201101
700,259,201101
700,591,201101
700,232,201101
700,257,201101
703,730,201101
703,64,201101
705,645,201101
705,196,201101
706,751,201101
706,136,201101
716,525,201101
719,647,201101
722,373,201101
722,29,201101
722,6,201101
722,126,201101
722,54,201101
722,143,201101
722,262,201101
722,108,201101
722,64,201101
723,724,201101
723,109,201101
724,723,201101
724,109,201101
726,525,201101
728,502,201101
728,12,201101
728,346,201101
728,136,201101
728,10,201101
728,1227,201101
729,109,201101
730,703,201101
730,64,201101
731,29,201101
731,85,201101
731,401,201101
734,563,201101
736,832,201101
736,745,201101
736,21,201101
736,761,201101
736,20,201101
737,18,201101
738,234,201101
738,762,201101
738,123,201101
738,221,201101
738,982,201101
738,68,201101
738,136,201101
739,83,201101
739,18,201101
739,135,201101
739,64,201101
739,142,201101
739,136,201101
739,208,201101
740,85,201101
741,295,201101
741,795,201101
741,2,201101
741,4,201101
741,51,201101
741,20,201101
744,99,201101
744,46,201101
745,755,201101
745,5,201101
745,21,201101
747,748,201101
747,1422,201101
747,247,201101
747,1421,201101
747,1424,201101
747,222,201101
748,979,201101
748,222,201101
748,747,201101
748,1421,201101
748,247,201101
749,348,201101
750,107,201101
750,1345,201101
750,210,201101
751,136,201101
752,115,201101
752,314,201101
752,731,201101
752,336,201101
752,333,201101
752,29,201101
752,137,201101
753,84,201101
753,754,201101
753,30,201101
754,753,201101
754,30,201101
755,21,201101
755,5,201101
756,96,201101
757,96,201101
760,351,201101
761,189,201101
761,96,201101
761,29,201101
761,736,201101
761,866,201101
761,21,201101
761,17,201101
761,20,201101
762,234,201101
762,122,201101
762,738,201101
762,136,201101
764,10,201101
765,647,201101
766,13,201101
768,48,201101
768,769,201101
769,48,201101
769,92,201101
769,97,201101
769,139,201101
769,108,201101
769,60,201101
769,46,201101
769,35,201101
770,323,201101
770,89,201101
770,1408,201101
770,8,201101
770,7,201101
770,778,201101
775,762,201101
775,68,201101
775,67,201101
775,136,201101
776,762,201101
776,67,201101
776,136,201101
777,96,201101
777,299,201101
778,89,201101
778,8,201101
781,10,201101
781,11,201101
782,178,201101
782,143,201101
782,146,201101
782,314,201101
782,19,201101
782,66,201101
782,102,201101
782,126,201101
782,120,201101
782,1086,201101
783,68,201101
783,30,201101
783,136,201101
784,1,201101
786,898,201101
786,110,201101
786,917,201101
786,196,201101
794,425,201101
794,506,201101
794,882,201101
795,184,201101
795,33,201101
797,178,201101
797,97,201101
797,46,201101
799,14,201101
799,26,201101
799,46,201101
799,19,201101
801,96,201101
803,265,201101
804,415,201101
804,136,201101
806,49,201101
808,110,201101
808,290,201101
813,76,201101
813,99,201101
813,157,201101
813,46,201101
813,97,201101
814,54,201101
814,276,201101
814,440,201101
814,18,201101
814,32,201101
815,180,201101
815,126,201101
815,6,201101
815,320,201101
815,1250,201101
815,13,201101
815,48,201101
815,266,201101
815,375,201101
816,817,201101
817,5,201101
817,112,201101
817,23,201101
818,110,201101
819,5,201101
819,51,201101
819,10,201101
819,4,201101
819,17,201101
824,663,201101
824,229,201101
825,474,201101
825,200,201101
826,210,201101
826,998,201101
828,7,201101
832,21,201101
832,755,201101
832,5,201101
832,23,201101
832,20,201101
834,368,201101
834,27,201101
834,136,201101
836,13,201101
839,525,201101
840,109,201101
841,647,201101
841,110,201101
842,51,201101
842,295,201101
843,4,201101
843,247,201101
847,1087,201101
847,961,201101
847,525,201101
857,667,201101
860,58,201101
860,26,201101
860,106,201101
860,54,201101
860,463,201101
860,99,201101
860,19,201101
860,46,201101
860,136,201101
860,97,201101
860,13,201101
860,60,201101
862,728,201101
862,12,201101
862,136,201101
863,23,201101
863,211,201101
863,10,201101
863,17,201101
864,109,201101
866,21,201101
866,5,201101
866,346,201101
866,761,201101
866,1169,201101
866,17,201101
866,20,201101
867,110,201101
867,235,201101
871,160,201101
874,53,201101
874,16,201101
878,358,201101
878,30,201101
878,136,201101
882,794,201101
885,1017,201101
885,133,201101
885,27,201101
885,160,201101
886,627,201101
886,305,201101
886,110,201101
888,31,201101
888,266,201101
889,180,201101
890,339,201101
891,359,201101
891,136,201101
896,13,201101
897,1183,201101
897,190,201101
897,201,201101
898,786,201101
899,180,201101
900,65,201101
900,98,201101
900,101,201101
900,510,201101
900,97,201101
906,23,201101
906,211,201101
906,213,201101
906,85,201101
906,96,201101
906,2,201101
906,20,201101
906,17,201101
906,1,201101
908,18,201101
909,908,201101
909,18,201101
913,109,201101
917,786,201101
920,190,201101
922,186,201101
922,474,201101
922,997,201101
922,185,201101
925,110,201101
925,229,201101
925,663,201101
926,200,201101
926,937,201101
926,698,201101
926,185,201101
931,133,201101
931,86,201101
935,97,201101
937,656,201101
937,200,201101
937,657,201101
937,185,201101
941,299,201101
941,1057,201101
941,210,201101
941,136,201101
941,1,201101
945,160,201101
947,656,201101
947,185,201101
948,127,201101
950,17,201101
950,137,201101
960,83,201101
961,525,201101
961,847,201101
962,525,201101
968,728,201101
968,136,201101
969,339,201101
969,346,201101
969,1227,201101
969,10,201101
970,425,201101
979,1422,201101
979,1424,201101
981,136,201101
982,738,201101
982,136,201101
995,13,201101
996,13,201101
997,922,201101
997,185,201101
997,474,201101
997,630,201101
998,209,201101
998,536,201101
998,826,201101
998,1345,201101
998,210,201101
1002,647,201101
1004,645,201101
1015,136,201101
1016,185,201101
1016,186,201101
1017,27,201101
1017,160,201101
1020,14,201101
1022,523,201101
1022,16,201101
1028,196,201101
1030,1087,201101
1030,525,201101
1039,1,201101
1039,112,201101
1039,645,201101
1041,1088,201101
1044,45,201101
1044,207,201101
1045,32,201101
1045,178,201101
1052,97,201101
1056,235,201101
1056,110,201101
1057,941,201101
1065,16,201101
1065,59,201101
1065,97,201101
1070,4,201101
1070,222,201101
1072,35,201101
1075,1404,201101
1075,357,201101
1086,102,201101
1086,523,201101
1086,381,201101
1086,444,201101
1086,56,201101
1086,782,201101
1086,16,201101
1087,961,201101
1087,847,201101
1087,1030,201101
1087,627,201101
1087,525,201101
1088,19,201101
1088,77,201101
1088,64,201101
1088,54,201101
1089,525,201101
1090,30,201101
1090,358,201101
1090,136,201101
1099,159,201101
1099,165,201101
1103,7,201101
1115,5,201101
1118,13,201101
1129,172,201101
1129,173,201101
1129,129,201101
1129,357,201101
1129,1404,201101
1131,133,201101
1134,196,201101
1134,110,201101
1147,58,201101
1147,188,201101
1147,72,201101
1147,34,201101
1147,159,201101
1147,155,201101
1147,244,201101
1147,151,201101
1147,40,201101
1147,176,201101
1147,132,201101
1147,375,201101
1147,137,201101
1147,75,201101
1147,143,201101
1147,66,201101
1147,120,201101
1147,47,201101
1147,100,201101
1147,32,201101
1147,101,201101
1147,39,201101
1147,94,201101
1147,278,201101
1147,46,201101
1147,74,201101
1147,288,201101
1147,97,201101
1150,563,201101
1169,150,201101
1169,136,201101
1169,4,201101
1169,344,201101
1169,34,201101
1169,9,201101
1169,165,201101
1169,115,201101
1169,866,201101
1169,214,201101
1169,111,201101
1169,149,201101
1169,50,201101
1169,85,201101
1169,33,201101
1169,70,201101
1169,534,201101
1169,274,201101
1169,164,201101
1169,116,201101
1169,372,201101
1169,96,201101
1169,238,201101
1169,74,201101
1169,317,201101
1169,147,201101
1169,54,201101
1169,53,201101
1169,131,201101
1169,30,201101
1180,54,201101
1183,190,201101
1190,137,201101
1191,60,201101
1191,97,201101
1193,36,201101
1194,82,201101
1196,842,201101
1196,295,201101
1196,1319,201101
1196,51,201101
1205,430,201101
1205,54,201101
1209,38,201101
1214,351,201101
1227,11,201101
1227,23,201101
1227,227,201101
1227,25,201101
1227,393,201101
1227,53,201101
1227,346,201101
1227,136,201101
1227,165,201101
1227,666,201101
1227,247,201101
1227,33,201101
1227,152,201101
1227,339,201101
1227,5,201101
1227,164,201101
1227,544,201101
1227,184,201101
1227,66,201101
1227,86,201101
1227,214,201101
1227,181,201101
1227,234,201101
1227,728,201101
1227,104,201101
1227,163,201101
1227,177,201101
1227,969,201101
1227,105,201101
1227,159,201101
1227,111,201101
1227,265,201101
1227,30,201101
1227,138,201101
1227,61,201101
1227,84,201101
1227,34,201101
1227,15,201101
1227,122,201101
1227,222,201101
1236,1,201101
1243,817,201101
1250,266,201101
1250,36,201101
1250,334,201101
1250,434,201101
1250,138,201101
1250,171,201101
1250,815,201101
1250,106,201101
1250,175,201101
1250,79,201101
1250,76,201101
1250,267,201101
1250,57,201101
1250,181,201101
1250,101,201101
1250,65,201101
1258,60,201101
1258,136,201101
1258,97,201101
1259,1286,201101
1265,133,201101
1265,20,201101
1265,103,201101
1265,28,201101
1269,96,201101
1276,108,201101
1276,139,201101
1278,40,201101
1278,133,201101
1286,1259,201101
1291,521,201101
1291,160,201101
1308,75,201101
1314,133,201101
1319,1196,201101
1319,51,201101
1335,133,201101
1336,998,201101
1337,278,201101
1345,750,201101
1355,1,201101
1361,40,201101
1362,196,201101
1366,101,201101
1366,10,201101
1366,115,201101
1366,142,201101
1366,26,201101
1366,165,201101
1366,143,201101
1366,112,201101
1366,38,201101
1366,19,201101
1366,149,201101
1366,180,201101
1366,27,201101
1366,52,201101
1366,83,201101
1366,1,201101
1366,13,201101
1366,136,201101
1366,9,201101
1366,12,201101
1366,154,201101
1366,97,201101
1366,48,201101
1366,135,201101
1366,274,201101
1366,160,201101
1366,60,201101
1366,31,201101
1366,92,201101
1366,14,201101
1381,235,201101
1385,113,201101
1404,173,201101
1404,1075,201101
1404,1129,201101
1408,7,201101
1408,89,201101
1408,770,201101
1417,13,201101
1421,748,201101
1421,747,201101
1422,1439,201101
1422,979,201101
1422,747,201101
1424,1324,201101
1424,1439,201101
1424,979,201101
1424,1450,201101
1424,747,201101
1439,1422,201101
1439,1424,201101
1450,1424,201101
1482,154,201101
1580,154,201101
1595,64,201101
1649,51,201101
1649,112,201101
1649,20,201101
1649,17,201101
1674,297,201101
1674,349,201101
1699,1886,201101
1794,801,201101
1794,96,201101
1815,1904,201101
1891,627,201101
1904,1815,201101
2007,208,201101
2247,101,201101
