i,j,t
0,118,200701
0,25,200701
0,433,200701
0,35,200701
0,419,200701
0,143,200701
0,23,200701
0,160,200701
0,64,200701
0,29,200701
0,55,200701
0,154,200701
0,180,200701
0,83,200701
0,24,200701
0,320,200701
0,26,200701
0,74,200701
0,155,200701
0,142,200701
0,51,200701
0,4,200701
0,274,200701
0,99,200701
0,9,200701
0,72,200701
0,135,200701
0,117,200701
0,120,200701
0,2,200701
0,116,200701
0,102,200701
0,96,200701
0,21,200701
0,46,200701
0,11,200701
0,6,200701
0,16,200701
0,40,200701
0,19,200701
0,52,200701
0,97,200701
0,13,200701
0,27,200701
0,66,200701
0,85,200701
0,5,200701
0,60,200701
0,48,200701
0,146,200701
0,14,200701
0,18,200701
0,32,200701
0,10,200701
0,1,200701
0,17,200701
0,31,200701
0,108,200701
0,59,200701
0,136,200701
0,92,200701
0,137,200701
1,552,200701
1,136,200701
1,96,200701
1,165,200701
1,175,200701
1,914,200701
1,23,200701
1,22,200701
1,209,200701
1,433,200701
1,7,200701
1,89,200701
1,28,200701
1,77,200701
1,97,200701
1,17,200701
1,62,200701
1,37,200701
1,784,200701
1,35,200701
1,143,200701
1,497,200701
1,20,200701
1,27,200701
1,10,200701
1,160,200701
1,5,200701
1,137,200701
1,114,200701
1,29,200701
1,51,200701
1,16,200701
1,303,200701
1,12,200701
1,13,200701
1,99,200701
1,211,200701
1,177,200701
1,139,200701
1,223,200701
1,60,200701
1,108,200701
1,86,200701
1,14,200701
1,100,200701
1,155,200701
1,180,200701
1,18,200701
1,64,200701
1,11,200701
1,112,200701
1,247,200701
1,161,200701
1,121,200701
1,52,200701
1,26,200701
1,48,200701
1,40,200701
1,19,200701
1,536,200701
1,32,200701
1,434,200701
1,4,200701
1,720,200701
1,120,200701
1,54,200701
1,73,200701
1,81,200701
1,9,200701
1,21,200701
1,894,200701
1,941,200701
1,281,200701
1,345,200701
1,69,200701
1,183,200701
1,1355,200701
1,80,200701
1,299,200701
1,266,200701
1,395,200701
1,116,200701
1,157,200701
1,119,200701
1,36,200701
1,149,200701
1,376,200701
1,184,200701
1,107,200701
1,130,200701
1,115,200701
1,25,200701
1,133,200701
1,33,200701
1,85,200701
1,261,200701
1,70,200701
1,34,200701
1,2,200701
1,906,200701
1,124,200701
1,132,200701
1,110,200701
1,83,200701
1,142,200701
1,0,200701
1,243,200701
1,113,200701
1,189,200701
1,8,200701
1,150,200701
1,102,200701
1,213,200701
1,53,200701
1,274,200701
1,72,200701
1,59,200701
1,154,200701
1,146,200701
1,6,200701
1,31,200701
1,92,200701
1,135,200701
1,46,200701
2,433,200701
2,1148,200701
2,552,200701
2,385,200701
2,160,200701
2,93,200701
2,165,200701
2,198,200701
2,143,200701
2,137,200701
2,187,200701
2,92,200701
2,138,200701
2,769,200701
2,180,200701
2,906,200701
2,18,200701
2,46,200701
2,4,200701
2,303,200701
2,13,200701
2,64,200701
2,6,200701
2,177,200701
2,189,200701
2,99,200701
2,149,200701
2,35,200701
2,135,200701
2,19,200701
2,274,200701
2,51,200701
2,966,200701
2,16,200701
2,17,200701
2,150,200701
2,31,200701
2,52,200701
2,1,200701
2,23,200701
2,32,200701
2,100,200701
2,139,200701
2,142,200701
2,0,200701
2,11,200701
2,10,200701
2,83,200701
2,136,200701
2,80,200701
2,102,200701
2,115,200701
2,20,200701
2,116,200701
2,154,200701
2,26,200701
2,9,200701
2,112,200701
2,28,200701
2,124,200701
2,54,200701
2,21,200701
2,27,200701
2,5,200701
2,97,200701
2,96,200701
2,108,200701
2,29,200701
2,146,200701
2,60,200701
2,14,200701
2,25,200701
3,50,200701
3,872,200701
3,807,200701
3,69,200701
3,311,200701
4,189,200701
4,5,200701
4,1070,200701
4,17,200701
4,110,200701
4,222,200701
4,127,200701
4,843,200701
4,160,200701
4,18,200701
4,51,200701
4,109,200701
4,112,200701
4,427,200701
4,62,200701
4,154,200701
4,12,200701
4,139,200701
4,150,200701
4,153,200701
4,77,200701
4,19,200701
4,60,200701
4,113,200701
4,14,200701
4,100,200701
4,97,200701
4,303,200701
4,52,200701
4,136,200701
4,143,200701
4,80,200701
4,48,200701
4,28,200701
4,32,200701
4,0,200701
4,108,200701
4,1,200701
4,6,200701
4,137,200701
4,27,200701
4,59,200701
4,25,200701
4,13,200701
4,165,200701
4,190,200701
4,633,200701
4,133,200701
4,1169,200701
4,346,200701
4,10,200701
4,96,200701
4,305,200701
4,306,200701
4,128,200701
4,85,200701
4,54,200701
4,2,200701
4,238,200701
4,35,200701
4,23,200701
4,92,200701
4,89,200701
4,16,200701
4,88,200701
4,268,200701
4,84,200701
4,300,200701
4,223,200701
4,301,200701
4,317,200701
4,30,200701
4,69,200701
4,184,200701
4,31,200701
4,183,200701
4,86,200701
4,164,200701
4,311,200701
4,214,200701
4,46,200701
4,22,200701
4,33,200701
4,7,200701
4,107,200701
4,50,200701
4,11,200701
4,177,200701
4,99,200701
4,135,200701
4,121,200701
4,21,200701
4,29,200701
4,146,200701
4,213,200701
4,64,200701
4,196,200701
4,20,200701
5,150,200701
5,20,200701
5,817,200701
5,39,200701
5,19,200701
5,18,200701
5,89,200701
5,29,200701
5,11,200701
5,552,200701
5,77,200701
5,110,200701
5,107,200701
5,1,200701
5,138,200701
5,51,200701
5,137,200701
5,28,200701
5,433,200701
5,17,200701
5,23,200701
5,27,200701
5,70,200701
5,160,200701
5,261,200701
5,6,200701
5,10,200701
5,4,200701
5,501,200701
5,739,200701
5,136,200701
5,21,200701
5,30,200701
5,143,200701
5,183,200701
5,119,200701
5,25,200701
5,64,200701
5,47,200701
5,115,200701
5,88,200701
5,238,200701
5,124,200701
5,13,200701
5,72,200701
5,97,200701
5,81,200701
5,26,200701
5,161,200701
5,80,200701
5,9,200701
5,155,200701
5,32,200701
5,2,200701
5,544,200701
5,22,200701
5,154,200701
5,96,200701
5,12,200701
5,120,200701
5,116,200701
5,16,200701
5,14,200701
5,279,200701
5,108,200701
5,346,200701
5,0,200701
5,393,200701
5,40,200701
5,157,200701
5,102,200701
5,8,200701
5,83,200701
5,60,200701
5,48,200701
5,165,200701
5,268,200701
5,85,200701
5,274,200701
5,90,200701
5,31,200701
5,7,200701
5,69,200701
5,92,200701
5,113,200701
5,135,200701
5,121,200701
5,59,200701
5,133,200701
6,463,200701
6,64,200701
6,59,200701
6,52,200701
6,138,200701
6,552,200701
6,14,200701
6,62,200701
6,48,200701
6,17,200701
6,132,200701
6,117,200701
6,16,200701
6,19,200701
6,160,200701
6,180,200701
6,35,200701
6,40,200701
6,126,200701
6,178,200701
6,137,200701
6,13,200701
6,143,200701
6,102,200701
6,25,200701
6,110,200701
6,742,200701
6,32,200701
6,29,200701
6,434,200701
6,5,200701
6,176,200701
6,433,200701
6,31,200701
6,175,200701
6,77,200701
6,142,200701
6,75,200701
6,154,200701
6,45,200701
6,27,200701
6,53,200701
6,22,200701
6,92,200701
6,83,200701
6,813,200701
6,242,200701
6,94,200701
6,223,200701
6,98,200701
6,164,200701
6,76,200701
6,96,200701
6,172,200701
6,81,200701
6,36,200701
6,100,200701
6,136,200701
6,78,200701
6,111,200701
6,2,200701
6,107,200701
6,278,200701
6,82,200701
6,129,200701
6,722,200701
6,135,200701
6,18,200701
6,54,200701
6,9,200701
6,782,200701
6,97,200701
6,746,200701
6,380,200701
6,112,200701
6,58,200701
6,28,200701
6,113,200701
6,46,200701
6,10,200701
6,131,200701
6,20,200701
6,23,200701
6,371,200701
6,21,200701
6,146,200701
6,153,200701
6,320,200701
6,65,200701
6,114,200701
6,237,200701
6,124,200701
6,101,200701
6,544,200701
6,139,200701
6,72,200701
6,181,200701
6,80,200701
6,375,200701
6,0,200701
6,39,200701
6,12,200701
6,99,200701
6,57,200701
6,11,200701
6,24,200701
6,71,200701
6,217,200701
6,108,200701
6,134,200701
6,55,200701
6,38,200701
6,155,200701
6,194,200701
6,51,200701
6,120,200701
6,4,200701
6,85,200701
6,89,200701
6,1,200701
6,60,200701
7,778,200701
7,17,200701
7,28,200701
7,90,200701
7,770,200701
7,8,200701
7,89,200701
7,828,200701
7,323,200701
7,1103,200701
7,64,200701
7,243,200701
7,136,200701
7,97,200701
7,110,200701
7,29,200701
7,18,200701
7,10,200701
7,4,200701
7,5,200701
7,113,200701
7,21,200701
7,1,200701
7,51,200701
7,11,200701
7,137,200701
7,20,200701
8,89,200701
8,7,200701
8,28,200701
8,23,200701
8,17,200701
8,323,200701
8,828,200701
8,770,200701
8,14,200701
8,51,200701
8,107,200701
8,243,200701
8,90,200701
8,5,200701
8,136,200701
8,18,200701
8,11,200701
8,4,200701
8,113,200701
8,29,200701
8,1,200701
8,20,200701
9,143,200701
9,23,200701
9,160,200701
9,433,200701
9,72,200701
9,188,200701
9,135,200701
9,176,200701
9,112,200701
9,164,200701
9,270,200701
9,120,200701
9,117,200701
9,102,200701
9,250,200701
9,24,200701
9,118,200701
9,98,200701
9,33,200701
9,97,200701
9,148,200701
9,59,200701
9,93,200701
9,286,200701
9,5,200701
9,40,200701
9,100,200701
9,4,200701
9,69,200701
9,70,200701
9,11,200701
9,136,200701
9,333,200701
9,18,200701
9,2,200701
9,28,200701
9,157,200701
9,77,200701
9,19,200701
9,165,200701
9,96,200701
9,13,200701
9,10,200701
9,115,200701
9,336,200701
9,21,200701
9,17,200701
9,83,200701
9,85,200701
9,154,200701
9,457,200701
9,108,200701
9,914,200701
9,1,200701
9,32,200701
9,14,200701
9,29,200701
9,25,200701
9,6,200701
9,137,200701
9,146,200701
9,92,200701
9,27,200701
9,274,200701
10,70,200701
10,96,200701
10,160,200701
10,97,200701
10,1,200701
10,21,200701
10,11,200701
10,433,200701
10,548,200701
10,135,200701
10,143,200701
10,23,200701
10,5,200701
10,781,200701
10,183,200701
10,22,200701
10,32,200701
10,133,200701
10,931,200701
10,13,200701
10,19,200701
10,112,200701
10,108,200701
10,93,200701
10,17,200701
10,35,200701
10,529,200701
10,444,200701
10,0,200701
10,48,200701
10,52,200701
10,14,200701
10,223,200701
10,25,200701
10,110,200701
10,6,200701
10,4,200701
10,51,200701
10,47,200701
10,751,200701
10,100,200701
10,233,200701
10,969,200701
10,860,200701
10,78,200701
10,107,200701
10,197,200701
10,213,200701
10,102,200701
10,2,200701
10,61,200701
10,9,200701
10,46,200701
10,89,200701
10,60,200701
10,26,200701
10,54,200701
10,784,200701
10,261,200701
10,817,200701
10,31,200701
10,211,200701
10,157,200701
10,764,200701
10,384,200701
10,53,200701
10,184,200701
10,906,200701
10,33,200701
10,495,200701
10,125,200701
10,220,200701
10,339,200701
10,188,200701
10,85,200701
10,710,200701
10,534,200701
10,111,200701
10,64,200701
10,165,200701
10,105,200701
10,72,200701
10,154,200701
10,137,200701
10,170,200701
10,66,200701
10,16,200701
10,74,200701
10,265,200701
10,863,200701
10,177,200701
10,20,200701
10,83,200701
10,164,200701
10,30,200701
10,115,200701
10,103,200701
10,104,200701
10,189,200701
10,161,200701
10,122,200701
10,150,200701
10,80,200701
10,124,200701
10,138,200701
10,116,200701
10,7,200701
10,149,200701
10,38,200701
10,34,200701
10,15,200701
10,180,200701
10,159,200701
10,132,200701
10,99,200701
10,77,200701
10,155,200701
10,222,200701
10,18,200701
10,142,200701
10,40,200701
10,81,200701
10,119,200701
10,274,200701
10,136,200701
10,69,200701
10,12,200701
10,121,200701
10,59,200701
10,92,200701
10,29,200701
10,28,200701
10,146,200701
10,27,200701
10,113,200701
11,160,200701
11,132,200701
11,112,200701
11,183,200701
11,23,200701
11,143,200701
11,227,200701
11,136,200701
11,914,200701
11,268,200701
11,105,200701
11,787,200701
11,17,200701
11,248,200701
11,5,200701
11,548,200701
11,1159,200701
11,501,200701
11,372,200701
11,433,200701
11,228,200701
11,1,200701
11,60,200701
11,26,200701
11,64,200701
11,97,200701
11,52,200701
11,10,200701
11,59,200701
11,9,200701
11,46,200701
11,12,200701
11,4,200701
11,124,200701
11,137,200701
11,247,200701
11,92,200701
11,25,200701
11,121,200701
11,544,200701
11,18,200701
11,2,200701
11,6,200701
11,21,200701
11,51,200701
11,108,200701
11,16,200701
11,274,200701
11,165,200701
11,149,200701
11,29,200701
11,706,200701
11,116,200701
11,35,200701
11,20,200701
11,177,200701
11,1015,200701
11,0,200701
11,28,200701
11,119,200701
11,85,200701
11,8,200701
11,61,200701
11,330,200701
11,72,200701
11,371,200701
11,54,200701
11,265,200701
11,133,200701
11,130,200701
11,81,200701
11,211,200701
11,154,200701
11,69,200701
11,107,200701
11,147,200701
11,261,200701
11,238,200701
11,222,200701
11,317,200701
11,153,200701
11,111,200701
11,189,200701
11,184,200701
11,214,200701
11,33,200701
11,96,200701
11,31,200701
11,113,200701
11,150,200701
11,83,200701
11,70,200701
11,169,200701
11,781,200701
11,303,200701
11,213,200701
11,88,200701
11,14,200701
11,32,200701
11,84,200701
11,99,200701
11,48,200701
11,27,200701
11,53,200701
11,110,200701
11,30,200701
11,135,200701
11,7,200701
11,22,200701
11,223,200701
11,164,200701
11,19,200701
11,89,200701
11,13,200701
11,86,200701
11,146,200701
12,862,200701
12,15,200701
12,27,200701
12,132,200701
12,160,200701
12,136,200701
12,728,200701
12,107,200701
12,502,200701
12,1,200701
12,143,200701
12,433,200701
12,20,200701
12,30,200701
12,120,200701
12,157,200701
12,146,200701
12,19,200701
12,118,200701
12,105,200701
12,35,200701
12,11,200701
12,154,200701
12,261,200701
12,31,200701
12,76,200701
12,46,200701
12,153,200701
12,55,200701
12,25,200701
12,234,200701
12,183,200701
12,155,200701
12,24,200701
12,10,200701
12,40,200701
12,113,200701
12,99,200701
12,181,200701
12,362,200701
12,51,200701
12,36,200701
12,26,200701
12,69,200701
12,81,200701
12,112,200701
12,159,200701
12,100,200701
12,18,200701
12,48,200701
12,5,200701
12,80,200701
12,133,200701
12,1147,200701
12,32,200701
12,968,200701
12,92,200701
12,60,200701
12,108,200701
12,17,200701
12,29,200701
12,14,200701
12,28,200701
12,54,200701
12,6,200701
12,97,200701
12,135,200701
12,137,200701
13,160,200701
13,739,200701
13,96,200701
13,19,200701
13,6,200701
13,143,200701
13,463,200701
13,434,200701
13,281,200701
13,38,200701
13,137,200701
13,213,200701
13,35,200701
13,77,200701
13,393,200701
13,117,200701
13,62,200701
13,175,200701
13,507,200701
13,18,200701
13,433,200701
13,78,200701
13,4,200701
13,31,200701
13,154,200701
13,16,200701
13,182,200701
13,29,200701
13,21,200701
13,17,200701
13,61,200701
13,136,200701
13,83,200701
13,178,200701
13,36,200701
13,32,200701
13,60,200701
13,278,200701
13,40,200701
13,23,200701
13,188,200701
13,24,200701
13,320,200701
13,2,200701
13,108,200701
13,7,200701
13,59,200701
13,208,200701
13,20,200701
13,180,200701
13,71,200701
13,122,200701
13,64,200701
13,54,200701
13,65,200701
13,41,200701
13,10,200701
13,100,200701
13,1,200701
13,896,200701
13,5,200701
13,139,200701
13,742,200701
13,172,200701
13,313,200701
13,46,200701
13,11,200701
13,142,200701
13,28,200701
13,113,200701
13,112,200701
13,12,200701
13,48,200701
13,55,200701
13,766,200701
13,85,200701
13,89,200701
13,51,200701
13,995,200701
13,996,200701
13,1417,200701
13,1118,200701
13,126,200701
13,79,200701
13,119,200701
13,0,200701
13,349,200701
13,135,200701
13,176,200701
13,81,200701
13,860,200701
13,45,200701
13,285,200701
13,76,200701
13,289,200701
13,297,200701
13,114,200701
13,75,200701
13,146,200701
13,129,200701
13,27,200701
13,120,200701
13,99,200701
13,14,200701
13,26,200701
13,121,200701
13,97,200701
13,25,200701
14,93,200701
14,433,200701
14,35,200701
14,799,200701
14,434,200701
14,97,200701
14,13,200701
14,143,200701
14,30,200701
14,64,200701
14,160,200701
14,6,200701
14,62,200701
14,46,200701
14,497,200701
14,19,200701
14,77,200701
14,27,200701
14,285,200701
14,23,200701
14,45,200701
14,113,200701
14,76,200701
14,206,200701
14,193,200701
14,11,200701
14,48,200701
14,28,200701
14,102,200701
14,170,200701
14,157,200701
14,38,200701
14,136,200701
14,69,200701
14,52,200701
14,71,200701
14,137,200701
14,134,200701
14,154,200701
14,172,200701
14,54,200701
14,36,200701
14,29,200701
14,26,200701
14,108,200701
14,10,200701
14,31,200701
14,32,200701
14,110,200701
14,164,200701
14,83,200701
14,18,200701
14,34,200701
14,152,200701
14,140,200701
14,183,200701
14,41,200701
14,21,200701
14,181,200701
14,219,200701
14,24,200701
14,114,200701
14,17,200701
14,53,200701
14,12,200701
14,40,200701
14,20,200701
14,149,200701
14,100,200701
14,1,200701
14,133,200701
14,4,200701
14,9,200701
14,60,200701
14,16,200701
14,72,200701
14,112,200701
14,107,200701
14,51,200701
14,59,200701
14,22,200701
14,165,200701
14,124,200701
14,94,200701
14,146,200701
14,96,200701
14,139,200701
14,0,200701
14,5,200701
14,129,200701
14,85,200701
14,2,200701
14,80,200701
14,117,200701
14,92,200701
14,81,200701
14,142,200701
14,25,200701
14,119,200701
14,180,200701
14,135,200701
14,155,200701
15,143,200701
15,77,200701
15,160,200701
15,433,200701
15,159,200701
15,163,200701
15,393,200701
15,137,200701
15,117,200701
15,97,200701
15,63,200701
15,79,200701
15,304,200701
15,205,200701
15,18,200701
15,333,200701
15,81,200701
15,53,200701
15,1169,200701
15,154,200701
15,266,200701
15,29,200701
15,136,200701
15,146,200701
15,10,200701
15,32,200701
16,83,200701
16,137,200701
16,362,200701
16,482,200701
16,6,200701
16,329,200701
16,117,200701
16,393,200701
16,143,200701
16,77,200701
16,160,200701
16,138,200701
16,233,200701
16,99,200701
16,188,200701
16,12,200701
16,152,200701
16,98,200701
16,27,200701
16,40,200701
16,25,200701
16,112,200701
16,170,200701
16,0,200701
16,113,200701
16,4,200701
16,80,200701
16,144,200701
16,51,200701
16,278,200701
16,181,200701
16,58,200701
16,72,200701
16,18,200701
16,142,200701
16,124,200701
16,21,200701
16,97,200701
16,165,200701
16,35,200701
16,146,200701
16,102,200701
16,38,200701
16,108,200701
16,11,200701
16,13,200701
16,100,200701
16,107,200701
16,136,200701
16,206,200701
16,22,200701
16,19,200701
16,92,200701
16,1147,200701
16,178,200701
16,722,200701
16,60,200701
16,134,200701
16,373,200701
16,374,200701
16,2,200701
16,94,200701
16,36,200701
16,17,200701
16,32,200701
16,175,200701
16,63,200701
16,65,200701
16,14,200701
16,129,200701
16,101,200701
16,59,200701
16,197,200701
16,57,200701
16,182,200701
16,62,200701
16,28,200701
16,55,200701
16,10,200701
16,131,200701
16,208,200701
16,176,200701
16,64,200701
16,66,200701
16,29,200701
16,85,200701
16,79,200701
16,120,200701
16,46,200701
16,54,200701
16,126,200701
16,81,200701
16,31,200701
16,135,200701
16,24,200701
16,154,200701
16,155,200701
16,1,200701
16,26,200701
16,180,200701
16,20,200701
16,52,200701
16,139,200701
16,48,200701
17,28,200701
17,142,200701
17,59,200701
17,136,200701
17,247,200701
17,279,200701
17,110,200701
17,143,200701
17,433,200701
17,183,200701
17,35,200701
17,89,200701
17,20,200701
17,176,200701
17,77,200701
17,160,200701
17,60,200701
17,23,200701
17,138,200701
17,6,200701
17,29,200701
17,175,200701
17,245,200701
17,280,200701
17,552,200701
17,5,200701
17,133,200701
17,914,200701
17,62,200701
17,51,200701
17,121,200701
17,124,200701
17,11,200701
17,137,200701
17,233,200701
17,96,200701
17,99,200701
17,64,200701
17,40,200701
17,107,200701
17,100,200701
17,26,200701
17,10,200701
17,52,200701
17,14,200701
17,108,200701
17,4,200701
17,16,200701
17,12,200701
17,69,200701
17,97,200701
17,27,200701
17,154,200701
17,1,200701
17,2,200701
17,21,200701
17,18,200701
17,32,200701
17,112,200701
17,13,200701
17,83,200701
17,25,200701
17,371,200701
17,81,200701
17,19,200701
17,213,200701
17,181,200701
17,98,200701
17,54,200701
17,9,200701
17,80,200701
17,116,200701
17,7,200701
17,72,200701
17,274,200701
17,0,200701
17,119,200701
17,135,200701
17,268,200701
17,493,200701
17,781,200701
17,155,200701
17,102,200701
17,33,200701
17,348,200701
17,866,200701
17,48,200701
17,544,200701
17,315,200701
17,303,200701
17,214,200701
17,761,200701
17,353,200701
17,184,200701
17,71,200701
17,211,200701
17,113,200701
17,37,200701
17,261,200701
17,395,200701
17,906,200701
17,863,200701
17,85,200701
17,129,200701
17,31,200701
17,150,200701
17,165,200701
17,53,200701
17,189,200701
17,8,200701
17,243,200701
17,22,200701
17,92,200701
17,146,200701
17,46,200701
18,160,200701
18,159,200701
18,12,200701
18,143,200701
18,24,200701
18,426,200701
18,281,200701
18,0,200701
18,29,200701
18,62,200701
18,138,200701
18,433,200701
18,423,200701
18,27,200701
18,4,200701
18,77,200701
18,552,200701
18,5,200701
18,175,200701
18,136,200701
18,157,200701
18,19,200701
18,20,200701
18,188,200701
18,107,200701
18,139,200701
18,69,200701
18,355,200701
18,11,200701
18,836,200701
18,96,200701
18,46,200701
18,113,200701
18,35,200701
18,112,200701
18,181,200701
18,307,200701
18,180,200701
18,153,200701
18,126,200701
18,81,200701
18,75,200701
18,341,200701
18,176,200701
18,106,200701
18,170,200701
18,80,200701
18,135,200701
18,142,200701
18,100,200701
18,13,200701
18,15,200701
18,430,200701
18,26,200701
18,1,200701
18,32,200701
18,21,200701
18,193,200701
18,97,200701
18,2,200701
18,57,200701
18,17,200701
18,6,200701
18,154,200701
18,933,200701
18,354,200701
18,61,200701
18,164,200701
18,14,200701
18,270,200701
18,183,200701
18,320,200701
18,205,200701
18,117,200701
18,86,200701
18,44,200701
18,197,200701
18,83,200701
18,346,200701
18,1169,200701
18,9,200701
18,909,200701
18,51,200701
18,436,200701
18,155,200701
18,908,200701
18,28,200701
18,99,200701
18,124,200701
18,172,200701
18,208,200701
18,416,200701
18,92,200701
18,432,200701
18,234,200701
18,146,200701
18,415,200701
18,147,200701
18,410,200701
18,104,200701
18,233,200701
18,237,200701
18,276,200701
18,271,200701
18,105,200701
18,129,200701
18,171,200701
18,111,200701
18,422,200701
18,174,200701
18,88,200701
18,101,200701
18,298,200701
18,76,200701
18,413,200701
18,131,200701
18,544,200701
18,132,200701
18,25,200701
18,120,200701
18,64,200701
18,31,200701
18,66,200701
18,38,200701
18,145,200701
18,137,200701
18,443,200701
18,223,200701
18,84,200701
18,144,200701
18,242,200701
18,72,200701
18,43,200701
18,407,200701
18,74,200701
18,375,200701
18,213,200701
18,7,200701
18,34,200701
18,16,200701
18,408,200701
18,40,200701
18,59,200701
18,265,200701
18,125,200701
18,71,200701
18,93,200701
18,53,200701
18,122,200701
18,163,200701
18,10,200701
18,22,200701
18,85,200701
18,48,200701
18,54,200701
18,60,200701
18,30,200701
18,123,200701
18,110,200701
18,52,200701
18,108,200701
18,89,200701
19,433,200701
19,5,200701
19,60,200701
19,16,200701
19,13,200701
19,14,200701
19,46,200701
19,32,200701
19,143,200701
19,77,200701
19,29,200701
19,6,200701
19,110,200701
19,99,200701
19,62,200701
19,142,200701
19,23,200701
19,40,200701
19,39,200701
19,54,200701
19,58,200701
19,100,200701
19,180,200701
19,18,200701
19,170,200701
19,138,200701
19,455,200701
19,140,200701
19,175,200701
19,155,200701
19,512,200701
19,160,200701
19,434,200701
19,813,200701
19,294,200701
19,27,200701
19,85,200701
19,112,200701
19,17,200701
19,36,200701
19,97,200701
19,52,200701
19,83,200701
19,120,200701
19,10,200701
19,76,200701
19,81,200701
19,11,200701
19,86,200701
19,30,200701
19,21,200701
19,137,200701
19,28,200701
19,237,200701
19,133,200701
19,139,200701
19,124,200701
19,176,200701
19,797,200701
19,51,200701
19,136,200701
19,355,200701
19,101,200701
19,320,200701
19,188,200701
19,544,200701
19,64,200701
19,860,200701
19,169,200701
19,35,200701
19,134,200701
19,66,200701
19,722,200701
19,154,200701
19,102,200701
19,265,200701
19,1147,200701
19,2,200701
19,78,200701
19,206,200701
19,0,200701
19,182,200701
19,75,200701
19,25,200701
19,244,200701
19,26,200701
19,153,200701
19,107,200701
19,4,200701
19,131,200701
19,117,200701
19,113,200701
19,38,200701
19,22,200701
19,96,200701
19,287,200701
19,181,200701
19,126,200701
19,12,200701
19,208,200701
19,63,200701
19,55,200701
19,375,200701
19,79,200701
19,192,200701
19,59,200701
19,80,200701
19,119,200701
19,45,200701
19,195,200701
19,31,200701
19,205,200701
19,332,200701
19,24,200701
19,108,200701
19,338,200701
19,387,200701
19,48,200701
19,278,200701
19,57,200701
19,362,200701
19,114,200701
19,146,200701
19,277,200701
19,799,200701
19,92,200701
19,172,200701
19,129,200701
19,1,200701
19,20,200701
19,135,200701
20,160,200701
20,247,200701
20,59,200701
20,80,200701
20,433,200701
20,183,200701
20,914,200701
20,11,200701
20,35,200701
20,17,200701
20,51,200701
20,60,200701
20,27,200701
20,1,200701
20,110,200701
20,48,200701
20,317,200701
20,154,200701
20,26,200701
20,515,200701
20,74,200701
20,113,200701
20,130,200701
20,371,200701
20,96,200701
20,29,200701
20,137,200701
20,132,200701
20,78,200701
20,64,200701
20,9,200701
20,863,200701
20,227,200701
20,136,200701
20,81,200701
20,12,200701
20,99,200701
20,6,200701
20,52,200701
20,83,200701
20,18,200701
20,181,200701
20,2,200701
20,32,200701
20,85,200701
20,100,200701
20,131,200701
20,77,200701
20,303,200701
20,736,200701
20,54,200701
20,10,200701
20,211,200701
20,22,200701
20,53,200701
20,315,200701
20,214,200701
20,832,200701
20,89,200701
20,133,200701
20,906,200701
20,213,200701
20,40,200701
20,866,200701
20,16,200701
20,25,200701
20,97,200701
20,261,200701
20,14,200701
20,23,200701
20,150,200701
20,761,200701
20,107,200701
20,184,200701
20,28,200701
20,21,200701
20,189,200701
20,19,200701
20,13,200701
20,243,200701
20,33,200701
20,146,200701
20,8,200701
20,46,200701
20,7,200701
20,4,200701
21,745,200701
21,736,200701
21,866,200701
21,160,200701
21,17,200701
21,832,200701
21,761,200701
21,213,200701
21,755,200701
21,952,200701
21,13,200701
21,33,200701
21,32,200701
21,16,200701
21,81,200701
21,108,200701
21,99,200701
21,113,200701
21,78,200701
21,107,200701
21,19,200701
21,28,200701
21,165,200701
21,52,200701
21,70,200701
21,59,200701
21,119,200701
21,0,200701
21,51,200701
21,233,200701
21,1,200701
21,54,200701
21,18,200701
21,6,200701
21,105,200701
21,12,200701
21,26,200701
21,31,200701
21,77,200701
21,38,200701
21,11,200701
21,9,200701
21,48,200701
21,97,200701
21,346,200701
21,136,200701
21,85,200701
21,180,200701
21,2,200701
21,137,200701
21,83,200701
21,14,200701
21,183,200701
21,89,200701
21,96,200701
21,22,200701
21,69,200701
21,154,200701
21,92,200701
21,64,200701
21,27,200701
21,7,200701
21,20,200701
21,135,200701
21,121,200701
21,4,200701
21,10,200701
21,25,200701
21,29,200701
21,133,200701
21,23,200701
22,914,200701
22,160,200701
22,1,200701
22,143,200701
22,165,200701
22,69,200701
22,99,200701
22,85,200701
22,261,200701
22,96,200701
22,339,200701
22,132,200701
22,184,200701
22,28,200701
22,64,200701
22,46,200701
22,40,200701
22,4,200701
22,84,200701
22,150,200701
22,33,200701
22,83,200701
22,25,200701
22,183,200701
22,30,200701
22,27,200701
22,38,200701
22,119,200701
22,12,200701
22,107,200701
22,48,200701
22,108,200701
22,346,200701
22,20,200701
22,11,200701
22,51,200701
22,17,200701
22,21,200701
22,495,200701
22,14,200701
22,112,200701
22,5,200701
22,6,200701
22,59,200701
22,135,200701
22,10,200701
22,18,200701
22,136,200701
22,97,200701
22,29,200701
22,137,200701
23,19,200701
23,17,200701
23,110,200701
23,51,200701
23,137,200701
23,348,200701
23,21,200701
23,132,200701
23,552,200701
23,247,200701
23,863,200701
23,433,200701
23,77,200701
23,96,200701
23,143,200701
23,89,200701
23,138,200701
23,65,200701
23,501,200701
23,906,200701
23,749,200701
23,1,200701
23,11,200701
23,211,200701
23,136,200701
23,189,200701
23,5,200701
23,150,200701
23,39,200701
23,160,200701
23,102,200701
23,1081,200701
23,88,200701
23,223,200701
23,9,200701
23,183,200701
23,69,200701
23,35,200701
23,119,200701
23,22,200701
23,54,200701
23,108,200701
23,70,200701
23,85,200701
23,155,200701
23,48,200701
23,6,200701
23,60,200701
23,64,200701
23,107,200701
23,115,200701
23,92,200701
23,97,200701
23,81,200701
23,124,200701
23,12,200701
23,165,200701
23,25,200701
23,222,200701
23,40,200701
23,27,200701
23,2,200701
23,4,200701
23,154,200701
23,14,200701
23,135,200701
23,10,200701
23,31,200701
23,59,200701
23,20,200701
23,112,200701
24,57,200701
24,354,200701
24,160,200701
24,117,200701
24,138,200701
24,124,200701
24,206,200701
24,341,200701
24,64,200701
24,97,200701
24,111,200701
24,287,200701
24,102,200701
24,2,200701
24,180,200701
24,355,200701
24,18,200701
24,106,200701
24,46,200701
24,156,200701
24,224,200701
24,27,200701
24,48,200701
24,19,200701
24,26,200701
24,13,200701
24,99,200701
24,29,200701
24,54,200701
24,60,200701
24,154,200701
24,146,200701
24,32,200701
24,136,200701
24,137,200701
24,108,200701
24,6,200701
24,25,200701
24,16,200701
24,14,200701
25,137,200701
25,175,200701
25,485,200701
25,35,200701
25,77,200701
25,85,200701
25,552,200701
25,23,200701
25,87,200701
25,433,200701
25,57,200701
25,138,200701
25,31,200701
25,160,200701
25,97,200701
25,62,200701
25,143,200701
25,75,200701
25,41,200701
25,341,200701
25,121,200701
25,184,200701
25,45,200701
25,133,200701
25,38,200701
25,102,200701
25,99,200701
25,6,200701
25,74,200701
25,197,200701
25,69,200701
25,113,200701
25,60,200701
25,33,200701
25,52,200701
25,26,200701
25,223,200701
25,32,200701
25,51,200701
25,19,200701
25,14,200701
25,142,200701
25,136,200701
25,28,200701
25,83,200701
25,198,200701
25,146,200701
25,120,200701
25,117,200701
25,21,200701
25,2,200701
25,64,200701
25,227,200701
25,154,200701
25,10,200701
25,5,200701
25,278,200701
25,156,200701
25,27,200701
25,22,200701
25,17,200701
25,155,200701
25,131,200701
25,108,200701
25,53,200701
25,393,200701
25,29,200701
25,326,200701
25,11,200701
25,188,200701
25,340,200701
25,139,200701
25,9,200701
25,671,200701
25,371,200701
25,0,200701
25,216,200701
25,63,200701
25,336,200701
25,483,200701
25,237,200701
25,335,200701
25,18,200701
25,220,200701
25,1,200701
25,385,200701
25,94,200701
25,250,200701
25,224,200701
25,36,200701
25,333,200701
25,65,200701
25,132,200701
25,46,200701
25,495,200701
25,39,200701
25,78,200701
25,12,200701
25,98,200701
25,80,200701
25,213,200701
25,20,200701
25,181,200701
25,355,200701
25,544,200701
25,24,200701
25,390,200701
25,101,200701
25,110,200701
25,339,200701
25,96,200701
25,71,200701
25,153,200701
25,211,200701
25,58,200701
25,161,200701
25,81,200701
25,76,200701
25,40,200701
25,34,200701
25,116,200701
25,115,200701
25,72,200701
25,152,200701
25,54,200701
25,165,200701
25,100,200701
25,149,200701
25,93,200701
25,157,200701
25,124,200701
25,327,200701
25,129,200701
25,107,200701
25,59,200701
25,118,200701
25,112,200701
25,47,200701
25,274,200701
25,89,200701
25,13,200701
25,16,200701
25,48,200701
25,4,200701
26,18,200701
26,51,200701
26,0,200701
26,114,200701
26,25,200701
26,83,200701
26,137,200701
26,40,200701
26,320,200701
26,31,200701
26,108,200701
26,2,200701
26,124,200701
26,131,200701
26,181,200701
26,28,200701
26,36,200701
26,134,200701
26,45,200701
26,342,200701
26,66,200701
26,126,200701
26,77,200701
26,78,200701
26,20,200701
26,24,200701
26,34,200701
26,313,200701
26,1,200701
26,10,200701
26,136,200701
26,113,200701
26,69,200701
26,107,200701
26,27,200701
26,106,200701
26,82,200701
26,17,200701
26,101,200701
26,139,200701
26,129,200701
26,23,200701
26,112,200701
26,94,200701
26,170,200701
26,21,200701
26,297,200701
26,39,200701
26,96,200701
26,48,200701
26,142,200701
26,14,200701
26,117,200701
26,59,200701
26,85,200701
26,46,200701
26,4,200701
26,5,200701
26,100,200701
26,60,200701
26,35,200701
26,76,200701
26,65,200701
26,99,200701
26,71,200701
26,180,200701
26,57,200701
26,38,200701
26,19,200701
26,155,200701
26,283,200701
26,11,200701
26,132,200701
26,140,200701
26,120,200701
26,544,200701
26,192,200701
26,102,200701
26,81,200701
26,338,200701
26,97,200701
26,278,200701
26,80,200701
26,143,200701
26,146,200701
26,29,200701
26,55,200701
26,75,200701
26,16,200701
26,32,200701
26,860,200701
26,92,200701
26,64,200701
26,13,200701
26,160,200701
26,54,200701
26,154,200701
26,135,200701
27,20,200701
27,17,200701
27,175,200701
27,112,200701
27,335,200701
27,1,200701
27,143,200701
27,433,200701
27,138,200701
27,114,200701
27,136,200701
27,18,200701
27,10,200701
27,62,200701
27,160,200701
27,5,200701
27,137,200701
27,53,200701
27,77,200701
27,64,200701
27,184,200701
27,31,200701
27,130,200701
27,19,200701
27,176,200701
27,26,200701
27,94,200701
27,102,200701
27,142,200701
27,222,200701
27,47,200701
27,29,200701
27,78,200701
27,6,200701
27,11,200701
27,30,200701
27,76,200701
27,46,200701
27,156,200701
27,13,200701
27,521,200701
27,265,200701
27,157,200701
27,45,200701
27,150,200701
27,51,200701
27,58,200701
27,968,200701
27,885,200701
27,120,200701
27,368,200701
27,117,200701
27,154,200701
27,38,200701
27,126,200701
27,0,200701
27,97,200701
27,25,200701
27,41,200701
27,183,200701
27,28,200701
27,32,200701
27,100,200701
27,108,200701
27,490,200701
27,1580,200701
27,23,200701
27,107,200701
27,85,200701
27,83,200701
27,22,200701
27,834,200701
27,99,200701
27,4,200701
27,16,200701
27,588,200701
27,728,200701
27,48,200701
27,480,200701
27,12,200701
27,314,200701
27,124,200701
27,2,200701
27,80,200701
27,388,200701
27,40,200701
27,752,200701
27,274,200701
27,139,200701
27,21,200701
27,92,200701
27,96,200701
27,72,200701
27,60,200701
27,9,200701
27,146,200701
27,14,200701
27,54,200701
27,135,200701
28,552,200701
28,77,200701
28,136,200701
28,154,200701
28,160,200701
28,5,200701
28,143,200701
28,138,200701
28,10,200701
28,97,200701
28,493,200701
28,433,200701
28,32,200701
28,59,200701
28,64,200701
28,51,200701
28,107,200701
28,150,200701
28,48,200701
28,27,200701
28,132,200701
28,169,200701
28,19,200701
28,233,200701
28,26,200701
28,155,200701
28,14,200701
28,13,200701
28,146,200701
28,34,200701
28,99,200701
28,2,200701
28,40,200701
28,137,200701
28,35,200701
28,1,200701
28,60,200701
28,36,200701
28,58,200701
28,80,200701
28,222,200701
28,6,200701
28,17,200701
28,4,200701
28,139,200701
28,31,200701
28,85,200701
28,12,200701
28,69,200701
28,52,200701
28,102,200701
28,346,200701
28,100,200701
28,119,200701
28,11,200701
28,38,200701
28,83,200701
28,89,200701
28,16,200701
28,108,200701
28,183,200701
28,7,200701
28,92,200701
28,165,200701
28,18,200701
28,20,200701
28,96,200701
28,22,200701
28,112,200701
28,46,200701
28,135,200701
28,29,200701
28,25,200701
28,21,200701
29,110,200701
29,433,200701
29,54,200701
29,59,200701
29,32,200701
29,19,200701
29,77,200701
29,17,200701
29,143,200701
29,137,200701
29,160,200701
29,175,200701
29,76,200701
29,2,200701
29,35,200701
29,18,200701
29,5,200701
29,552,200701
29,6,200701
29,89,200701
29,46,200701
29,15,200701
29,36,200701
29,134,200701
29,99,200701
29,126,200701
29,10,200701
29,112,200701
29,52,200701
29,136,200701
29,55,200701
29,12,200701
29,183,200701
29,96,200701
29,64,200701
29,97,200701
29,139,200701
29,155,200701
29,111,200701
29,181,200701
29,21,200701
29,108,200701
29,154,200701
29,14,200701
29,722,200701
29,38,200701
29,20,200701
29,31,200701
29,60,200701
29,152,200701
29,45,200701
29,120,200701
29,40,200701
29,30,200701
29,27,200701
29,51,200701
29,86,200701
29,100,200701
29,65,200701
29,102,200701
29,80,200701
29,243,200701
29,146,200701
29,341,200701
29,113,200701
29,0,200701
29,83,200701
29,117,200701
29,82,200701
29,371,200701
29,85,200701
29,43,200701
29,140,200701
29,182,200701
29,163,200701
29,72,200701
29,157,200701
29,172,200701
29,98,200701
29,1,200701
29,544,200701
29,276,200701
29,79,200701
29,9,200701
29,156,200701
29,24,200701
29,101,200701
29,375,200701
29,176,200701
29,170,200701
29,75,200701
29,53,200701
29,142,200701
29,62,200701
29,44,200701
29,78,200701
29,61,200701
29,242,200701
29,224,200701
29,66,200701
29,74,200701
29,270,200701
29,208,200701
29,58,200701
29,7,200701
29,25,200701
29,104,200701
29,63,200701
29,171,200701
29,132,200701
29,8,200701
29,11,200701
29,57,200701
29,26,200701
29,131,200701
29,269,200701
29,195,200701
29,69,200701
29,71,200701
29,145,200701
29,303,200701
29,180,200701
29,48,200701
29,197,200701
29,267,200701
29,265,200701
29,292,200701
29,16,200701
29,153,200701
29,34,200701
29,125,200701
29,198,200701
29,81,200701
29,159,200701
29,169,200701
29,107,200701
29,39,200701
29,165,200701
29,193,200701
29,144,200701
29,124,200701
29,121,200701
29,129,200701
29,4,200701
29,213,200701
29,22,200701
29,28,200701
29,13,200701
30,136,200701
30,34,200701
30,69,200701
30,27,200701
30,132,200701
30,143,200701
30,160,200701
30,53,200701
30,61,200701
30,433,200701
30,147,200701
30,223,200701
30,81,200701
30,17,200701
30,12,200701
30,107,200701
30,20,200701
30,18,200701
30,86,200701
30,68,200701
30,51,200701
30,135,200701
30,878,200701
30,775,200701
30,96,200701
30,776,200701
30,753,200701
30,1090,200701
30,754,200701
30,346,200701
30,783,200701
30,88,200701
30,183,200701
30,164,200701
30,10,200701
30,4,200701
30,11,200701
31,282,200701
31,27,200701
31,77,200701
31,46,200701
31,160,200701
31,141,200701
31,25,200701
31,433,200701
31,137,200701
31,32,200701
31,175,200701
31,165,200701
31,97,200701
31,62,200701
31,1371,200701
31,13,200701
31,54,200701
31,36,200701
31,176,200701
31,78,200701
31,14,200701
31,99,200701
31,98,200701
31,83,200701
31,123,200701
31,85,200701
31,270,200701
31,9,200701
31,45,200701
31,139,200701
31,131,200701
31,55,200701
31,181,200701
31,117,200701
31,113,200701
31,35,200701
31,167,200701
31,81,200701
31,82,200701
31,73,200701
31,142,200701
31,274,200701
31,29,200701
31,380,200701
31,136,200701
31,126,200701
31,180,200701
31,51,200701
31,17,200701
31,39,200701
31,133,200701
31,115,200701
31,38,200701
31,2,200701
31,22,200701
31,135,200701
31,1,200701
31,153,200701
31,146,200701
31,10,200701
31,11,200701
31,21,200701
31,18,200701
31,155,200701
31,149,200701
31,119,200701
31,59,200701
31,19,200701
31,96,200701
31,112,200701
31,154,200701
31,40,200701
31,16,200701
31,23,200701
31,52,200701
31,4,200701
31,60,200701
31,102,200701
31,5,200701
31,80,200701
31,64,200701
31,28,200701
31,6,200701
31,26,200701
31,0,200701
31,100,200701
31,48,200701
31,92,200701
31,108,200701
32,14,200701
32,18,200701
32,16,200701
32,77,200701
32,19,200701
32,31,200701
32,160,200701
32,138,200701
32,57,200701
32,29,200701
32,6,200701
32,143,200701
32,433,200701
32,342,200701
32,106,200701
32,120,200701
32,13,200701
32,27,200701
32,2,200701
32,83,200701
32,156,200701
32,287,200701
32,61,200701
32,64,200701
32,124,200701
32,195,200701
32,274,200701
32,79,200701
32,97,200701
32,152,200701
32,26,200701
32,65,200701
32,94,200701
32,269,200701
32,112,200701
32,45,200701
32,72,200701
32,41,200701
32,53,200701
32,159,200701
32,430,200701
32,332,200701
32,206,200701
32,224,200701
32,309,200701
32,69,200701
32,136,200701
32,85,200701
32,23,200701
32,99,200701
32,17,200701
32,165,200701
32,21,200701
32,157,200701
32,183,200701
32,1,200701
32,5,200701
32,102,200701
32,134,200701
32,28,200701
32,119,200701
32,234,200701
32,11,200701
32,176,200701
32,145,200701
32,12,200701
32,146,200701
32,40,200701
32,89,200701
32,178,200701
32,46,200701
32,4,200701
32,82,200701
32,36,200701
32,51,200701
32,80,200701
32,9,200701
32,22,200701
32,108,200701
32,129,200701
32,10,200701
32,110,200701
32,96,200701
32,144,200701
32,197,200701
32,172,200701
32,545,200701
32,429,200701
32,270,200701
32,188,200701
32,316,200701
32,140,200701
32,104,200701
32,205,200701
32,544,200701
32,181,200701
32,141,200701
32,170,200701
32,92,200701
32,125,200701
32,62,200701
32,52,200701
32,546,200701
32,192,200701
32,320,200701
32,75,200701
32,44,200701
32,233,200701
32,43,200701
32,78,200701
32,338,200701
32,139,200701
32,193,200701
32,237,200701
32,208,200701
32,154,200701
32,24,200701
32,66,200701
32,58,200701
32,362,200701
32,182,200701
32,171,200701
32,420,200701
32,63,200701
32,114,200701
32,117,200701
32,74,200701
32,60,200701
32,39,200701
32,48,200701
32,59,200701
32,55,200701
32,175,200701
32,375,200701
32,276,200701
32,198,200701
32,163,200701
32,15,200701
32,76,200701
32,242,200701
32,0,200701
32,101,200701
32,81,200701
32,132,200701
32,100,200701
32,180,200701
32,155,200701
32,126,200701
32,135,200701
32,35,200701
32,38,200701
32,142,200701
32,25,200701
32,131,200701
32,137,200701
32,54,200701
32,20,200701
33,51,200701
33,53,200701
33,88,200701
33,25,200701
33,9,200701
33,121,200701
33,184,200701
33,1169,200701
33,214,200701
33,22,200701
33,10,200701
33,17,200701
33,1,200701
33,11,200701
33,136,200701
33,4,200701
33,20,200701
34,588,200701
34,433,200701
34,96,200701
34,552,200701
34,104,200701
34,368,200701
34,143,200701
34,160,200701
34,6,200701
34,142,200701
34,189,200701
34,261,200701
34,57,200701
34,181,200701
34,73,200701
34,121,200701
34,64,200701
34,213,200701
34,150,200701
34,26,200701
34,250,200701
34,5,200701
34,133,200701
34,81,200701
34,264,200701
34,112,200701
34,97,200701
34,85,200701
34,269,200701
34,11,200701
34,51,200701
34,17,200701
34,346,200701
34,18,200701
34,154,200701
34,137,200701
34,136,200701
34,1,200701
34,10,200701
34,160,200701
34,29,200701
34,25,200701
34,97,200701
35,172,200701
35,1147,200701
35,12,200701
35,156,200701
35,375,200701
35,46,200701
35,129,200701
35,60,200701
35,160,200701
35,48,200701
35,31,200701
35,100,200701
35,108,200701
35,62,200701
35,110,200701
35,40,200701
35,41,200701
35,274,200701
35,281,200701
35,355,200701
35,249,200701
35,39,200701
35,6,200701
35,141,200701
35,143,200701
35,83,200701
35,17,200701
35,433,200701
35,29,200701
35,64,200701
35,97,200701
35,266,200701
35,13,200701
35,282,200701
35,53,200701
35,77,200701
35,19,200701
35,384,200701
35,495,200701
35,139,200701
35,5,200701
35,57,200701
35,158,200701
35,1,200701
35,376,200701
35,120,200701
35,14,200701
35,1130,200701
35,136,200701
35,4,200701
35,20,200701
35,102,200701
35,10,200701
35,739,200701
35,69,200701
35,21,200701
35,169,200701
35,181,200701
35,107,200701
35,237,200701
35,142,200701
35,197,200701
35,76,200701
35,99,200701
35,113,200701
35,26,200701
35,89,200701
35,16,200701
35,73,200701
35,146,200701
35,71,200701
35,135,200701
35,769,200701
35,38,200701
35,18,200701
35,81,200701
35,173,200701
35,59,200701
35,52,200701
35,32,200701
35,154,200701
35,0,200701
35,25,200701
35,137,200701
36,266,200701
36,136,200701
36,4,200701
36,139,200701
36,94,200701
36,14,200701
36,143,200701
36,35,200701
36,29,200701
36,444,200701
36,269,200701
36,1,200701
36,26,200701
36,6,200701
36,120,200701
36,10,200701
36,24,200701
36,180,200701
36,21,200701
36,154,200701
36,83,200701
36,155,200701
36,13,200701
36,17,200701
36,142,200701
36,32,200701
36,52,200701
36,16,200701
36,108,200701
36,100,200701
36,41,200701
36,77,200701
36,102,200701
36,25,200701
36,135,200701
36,19,200701
36,195,200701
36,208,200701
36,64,200701
36,178,200701
36,40,200701
36,146,200701
36,59,200701
36,119,200701
36,137,200701
36,97,200701
36,99,200701
36,46,200701
37,1,200701
37,327,200701
37,93,200701
37,28,200701
37,22,200701
37,493,200701
37,17,200701
38,142,200701
38,76,200701
38,120,200701
38,178,200701
38,57,200701
38,54,200701
38,140,200701
38,160,200701
38,433,200701
38,40,200701
38,242,200701
38,14,200701
38,94,200701
38,131,200701
38,97,200701
38,332,200701
38,154,200701
38,119,200701
38,137,200701
38,320,200701
38,170,200701
38,81,200701
38,117,200701
38,0,200701
38,1,200701
38,29,200701
38,136,200701
38,18,200701
38,65,200701
38,99,200701
38,101,200701
38,2,200701
38,5,200701
38,96,200701
38,156,200701
38,32,200701
38,48,200701
38,100,200701
38,112,200701
38,83,200701
38,45,200701
38,19,200701
38,13,200701
38,25,200701
38,77,200701
38,31,200701
38,64,200701
38,46,200701
38,26,200701
38,60,200701
38,35,200701
38,146,200701
38,16,200701
38,59,200701
38,108,200701
38,135,200701
38,10,200701
38,6,200701
39,287,200701
39,143,200701
39,36,200701
39,137,200701
39,121,200701
39,455,200701
39,160,200701
39,19,200701
39,23,200701
39,46,200701
39,97,200701
39,35,200701
39,100,200701
39,433,200701
39,78,200701
39,112,200701
39,60,200701
39,5,200701
39,320,200701
39,92,200701
39,180,200701
39,13,200701
39,250,200701
39,18,200701
39,102,200701
39,25,200701
39,75,200701
39,163,200701
39,170,200701
39,85,200701
39,154,200701
39,43,200701
39,510,200701
39,54,200701
39,530,200701
39,101,200701
39,496,200701
39,99,200701
39,534,200701
39,65,200701
39,1147,200701
39,375,200701
39,26,200701
39,6,200701
39,32,200701
39,146,200701
39,29,200701
39,64,200701
40,482,200701
40,160,200701
40,205,200701
40,549,200701
40,914,200701
40,19,200701
40,893,200701
40,20,200701
40,143,200701
40,178,200701
40,17,200701
40,281,200701
40,449,200701
40,83,200701
40,195,200701
40,77,200701
40,433,200701
40,16,200701
40,182,200701
40,136,200701
40,242,200701
40,12,200701
40,13,200701
40,197,200701
40,76,200701
40,45,200701
40,41,200701
40,131,200701
40,99,200701
40,81,200701
40,132,200701
40,180,200701
40,55,200701
40,14,200701
40,156,200701
40,46,200701
40,29,200701
40,152,200701
40,35,200701
40,120,200701
40,135,200701
40,112,200701
40,126,200701
40,61,200701
40,94,200701
40,31,200701
40,38,200701
40,124,200701
40,463,200701
40,52,200701
40,155,200701
40,142,200701
40,274,200701
40,48,200701
40,739,200701
40,92,200701
40,100,200701
40,176,200701
40,96,200701
40,54,200701
40,1065,200701
40,181,200701
40,108,200701
40,26,200701
40,107,200701
40,889,200701
40,82,200701
40,1022,200701
40,102,200701
40,360,200701
40,117,200701
40,22,200701
40,381,200701
40,1086,200701
40,154,200701
40,899,200701
40,1020,200701
40,5,200701
40,28,200701
40,369,200701
40,523,200701
40,6,200701
40,27,200701
40,64,200701
40,63,200701
40,129,200701
40,79,200701
40,32,200701
40,97,200701
40,139,200701
40,362,200701
40,375,200701
40,146,200701
40,18,200701
40,60,200701
40,1,200701
40,59,200701
40,36,200701
40,25,200701
40,10,200701
40,137,200701
41,160,200701
41,433,200701
41,48,200701
41,769,200701
41,60,200701
41,35,200701
41,80,200701
41,58,200701
41,163,200701
41,24,200701
41,46,200701
41,38,200701
41,29,200701
41,120,200701
41,16,200701
41,124,200701
41,219,200701
41,192,200701
41,140,200701
41,768,200701
41,83,200701
41,14,200701
41,482,200701
41,64,200701
41,27,200701
41,13,200701
41,136,200701
41,36,200701
41,108,200701
41,97,200701
41,25,200701
42,126,200701
43,433,200701
43,29,200701
43,160,200701
43,62,200701
43,294,200701
43,15,200701
43,104,200701
43,181,200701
43,161,200701
43,180,200701
43,61,200701
43,75,200701
43,101,200701
43,52,200701
43,129,200701
43,146,200701
43,32,200701
43,18,200701
43,97,200701
43,54,200701
44,160,200701
44,430,200701
44,144,200701
44,195,200701
44,146,200701
44,443,200701
44,18,200701
44,1169,200701
44,54,200701
44,29,200701
44,32,200701
45,433,200701
45,720,200701
45,38,200701
45,102,200701
45,6,200701
45,77,200701
45,155,200701
45,119,200701
45,137,200701
45,157,200701
45,14,200701
45,180,200701
45,27,200701
45,18,200701
45,55,200701
45,242,200701
45,143,200701
45,104,200701
45,31,200701
45,139,200701
45,65,200701
45,181,200701
45,26,200701
45,19,200701
45,81,200701
45,54,200701
45,100,200701
45,99,200701
45,13,200701
45,52,200701
45,322,200701
45,160,200701
45,178,200701
45,46,200701
45,83,200701
45,60,200701
45,146,200701
45,32,200701
45,29,200701
45,25,200701
45,97,200701
45,64,200701
46,83,200701
46,31,200701
46,160,200701
46,19,200701
46,178,200701
46,6,200701
46,77,200701
46,175,200701
46,62,200701
46,34,200701
46,433,200701
46,126,200701
46,97,200701
46,60,200701
46,434,200701
46,143,200701
46,85,200701
46,72,200701
46,26,200701
46,25,200701
46,224,200701
46,40,200701
46,142,200701
46,78,200701
46,111,200701
46,137,200701
46,98,200701
46,27,200701
46,17,200701
46,18,200701
46,332,200701
46,161,200701
46,106,200701
46,12,200701
46,182,200701
46,99,200701
46,132,200701
46,163,200701
46,9,200701
46,94,200701
46,54,200701
46,51,200701
46,354,200701
46,113,200701
46,176,200701
46,24,200701
46,320,200701
46,0,200701
46,342,200701
46,75,200701
46,63,200701
46,136,200701
46,237,200701
46,45,200701
46,278,200701
46,22,200701
46,1065,200701
46,13,200701
46,10,200701
46,102,200701
46,155,200701
46,180,200701
46,117,200701
46,32,200701
46,81,200701
46,100,200701
46,120,200701
46,76,200701
46,140,200701
46,57,200701
46,173,200701
46,71,200701
46,900,200701
46,29,200701
46,38,200701
46,813,200701
46,860,200701
46,101,200701
46,58,200701
46,14,200701
46,52,200701
46,39,200701
46,287,200701
46,79,200701
46,146,200701
46,154,200701
46,799,200701
46,64,200701
46,445,200701
46,156,200701
46,208,200701
46,95,200701
46,134,200701
46,192,200701
46,250,200701
46,544,200701
46,458,200701
46,16,200701
46,141,200701
46,135,200701
46,157,200701
46,80,200701
46,744,200701
46,797,200701
46,152,200701
46,158,200701
46,73,200701
46,4,200701
46,35,200701
46,65,200701
46,124,200701
46,59,200701
46,172,200701
46,41,200701
46,28,200701
46,129,200701
46,20,200701
46,139,200701
46,36,200701
46,1,200701
46,108,200701
46,48,200701
47,63,200701
47,64,200701
47,165,200701
47,81,200701
47,31,200701
47,118,200701
47,1,200701
47,274,200701
47,154,200701
47,96,200701
47,116,200701
47,72,200701
47,10,200701
47,97,200701
47,92,200701
47,137,200701
47,25,200701
48,97,200701
48,769,200701
48,160,200701
48,433,200701
48,142,200701
48,108,200701
48,1,200701
48,116,200701
48,552,200701
48,35,200701
48,83,200701
48,6,200701
48,139,200701
48,31,200701
48,175,200701
48,41,200701
48,60,200701
48,143,200701
48,768,200701
48,73,200701
48,4,200701
48,27,200701
48,30,200701
48,26,200701
48,54,200701
48,28,200701
48,64,200701
48,112,200701
48,107,200701
48,14,200701
48,274,200701
48,19,200701
48,92,200701
48,40,200701
48,136,200701
48,17,200701
48,13,200701
48,29,200701
48,21,200701
48,249,200701
48,51,200701
48,102,200701
48,77,200701
48,52,200701
48,23,200701
48,482,200701
48,5,200701
48,384,200701
48,85,200701
48,59,200701
48,12,200701
48,24,200701
48,181,200701
48,10,200701
48,20,200701
48,76,200701
48,96,200701
48,2,200701
48,126,200701
48,81,200701
48,55,200701
48,155,200701
48,195,200701
48,117,200701
48,180,200701
48,80,200701
48,75,200701
48,156,200701
48,860,200701
48,341,200701
48,0,200701
48,154,200701
48,32,200701
48,208,200701
48,172,200701
48,11,200701
48,121,200701
48,18,200701
48,16,200701
48,99,200701
48,178,200701
48,119,200701
48,129,200701
48,146,200701
48,100,200701
48,135,200701
48,25,200701
48,137,200701
48,46,200701
49,69,200701
49,872,200701
49,806,200701
49,177,200701
49,51,200701
50,872,200701
50,177,200701
50,69,200701
50,346,200701
50,4,200701
51,101,200701
51,23,200701
51,160,200701
51,17,200701
51,143,200701
51,741,200701
51,4,200701
51,5,200701
51,214,200701
51,69,200701
51,795,200701
51,150,200701
51,184,200701
51,247,200701
51,175,200701
51,132,200701
51,110,200701
51,215,200701
51,914,200701
51,433,200701
51,501,200701
51,77,200701
51,1824,200701
51,189,200701
51,13,200701
51,213,200701
51,54,200701
51,1,200701
51,238,200701
51,83,200701
51,86,200701
51,22,200701
51,135,200701
51,136,200701
51,97,200701
51,88,200701
51,119,200701
51,30,200701
51,12,200701
51,2,200701
51,52,200701
51,137,200701
51,92,200701
51,739,200701
51,21,200701
51,25,200701
51,108,200701
51,27,200701
51,154,200701
51,35,200701
51,9,200701
51,346,200701
51,99,200701
51,124,200701
51,60,200701
51,48,200701
51,59,200701
51,18,200701
51,26,200701
51,164,200701
51,113,200701
51,28,200701
51,19,200701
51,10,200701
51,133,200701
51,20,200701
51,14,200701
51,49,200701
51,11,200701
51,866,200701
51,761,200701
51,32,200701
51,177,200701
51,107,200701
51,33,200701
51,96,200701
51,112,200701
51,64,200701
51,89,200701
51,6,200701
51,183,200701
51,29,200701
51,7,200701
51,146,200701
52,138,200701
52,293,200701
52,6,200701
52,19,200701
52,102,200701
52,194,200701
52,143,200701
52,175,200701
52,433,200701
52,176,200701
52,119,200701
52,160,200701
52,180,200701
52,77,200701
52,25,200701
52,40,200701
52,61,200701
52,81,200701
52,137,200701
52,45,200701
52,544,200701
52,13,200701
52,39,200701
52,69,200701
52,154,200701
52,18,200701
52,20,200701
52,1,200701
52,21,200701
52,107,200701
52,43,200701
52,36,200701
52,29,200701
52,31,200701
52,97,200701
52,722,200701
52,181,200701
52,66,200701
52,782,200701
52,117,200701
52,14,200701
52,83,200701
52,98,200701
52,64,200701
52,58,200701
52,157,200701
52,101,200701
52,126,200701
52,27,200701
52,54,200701
52,172,200701
52,0,200701
52,86,200701
52,113,200701
52,28,200701
52,35,200701
52,136,200701
52,48,200701
52,92,200701
52,133,200701
52,2,200701
52,139,200701
52,100,200701
52,17,200701
52,5,200701
52,142,200701
52,46,200701
52,32,200701
52,99,200701
52,59,200701
52,146,200701
52,10,200701
52,16,200701
52,108,200701
52,135,200701
52,60,200701
52,129,200701
53,160,200701
53,132,200701
53,314,200701
53,5,200701
53,433,200701
53,11,200701
53,544,200701
53,38,200701
53,22,200701
53,45,200701
53,317,200701
53,121,200701
53,177,200701
53,341,200701
53,143,200701
53,261,200701
53,906,200701
53,101,200701
53,99,200701
53,23,200701
53,138,200701
53,78,200701
53,189,200701
53,154,200701
53,294,200701
53,1169,200701
53,25,200701
53,10,200701
53,20,200701
53,29,200701
53,146,200701
53,18,200701
53,17,200701
53,97,200701
53,136,200701
53,1,200701
53,137,200701
54,430,200701
54,422,200701
54,433,200701
54,132,200701
54,276,200701
54,143,200701
54,440,200701
54,160,200701
54,19,200701
54,814,200701
54,18,200701
54,77,200701
54,860,200701
54,287,200701
54,78,200701
54,183,200701
54,111,200701
54,61,200701
54,20,200701
54,393,200701
54,188,200701
54,48,200701
54,13,200701
54,98,200701
54,6,200701
54,97,200701
54,242,200701
54,250,200701
54,108,200701
54,4,200701
54,64,200701
54,123,200701
54,82,200701
54,355,200701
54,5,200701
54,57,200701
54,46,200701
54,66,200701
54,39,200701
54,142,200701
54,285,200701
54,136,200701
54,40,200701
54,52,200701
54,247,200701
54,133,200701
54,782,200701
54,16,200701
54,102,200701
54,35,200701
54,137,200701
54,36,200701
54,126,200701
54,139,200701
54,213,200701
54,26,200701
54,10,200701
54,83,200701
54,1205,200701
54,156,200701
54,161,200701
54,1169,200701
54,1180,200701
54,346,200701
54,60,200701
54,17,200701
54,2,200701
54,28,200701
54,420,200701
54,154,200701
54,44,200701
54,197,200701
54,24,200701
54,146,200701
54,12,200701
54,29,200701
54,11,200701
54,74,200701
54,81,200701
54,31,200701
54,14,200701
54,131,200701
54,43,200701
54,181,200701
54,25,200701
54,99,200701
54,1,200701
54,27,200701
54,32,200701
55,142,200701
55,433,200701
55,126,200701
55,134,200701
55,180,200701
55,29,200701
55,124,200701
55,78,200701
55,176,200701
55,157,200701
55,143,200701
55,113,200701
55,83,200701
55,39,200701
55,0,200701
55,18,200701
55,85,200701
55,742,200701
55,160,200701
55,14,200701
55,13,200701
55,19,200701
55,48,200701
55,36,200701
55,99,200701
55,16,200701
55,146,200701
55,59,200701
55,32,200701
55,97,200701
55,26,200701
55,6,200701
55,64,200701
56,444,200701
57,250,200701
57,188,200701
57,143,200701
57,77,200701
57,156,200701
57,278,200701
57,433,200701
57,160,200701
57,182,200701
57,139,200701
57,117,200701
57,55,200701
57,85,200701
57,134,200701
57,326,200701
57,163,200701
57,13,200701
57,18,200701
57,74,200701
57,93,200701
57,64,200701
57,15,200701
57,40,200701
57,155,200701
57,142,200701
57,12,200701
57,54,200701
57,25,200701
57,19,200701
57,108,200701
57,46,200701
57,26,200701
57,16,200701
57,60,200701
57,97,200701
57,99,200701
57,146,200701
57,32,200701
57,6,200701
57,266,200701
57,29,200701
57,137,200701
58,224,200701
58,433,200701
58,143,200701
58,76,200701
58,160,200701
58,24,200701
58,180,200701
58,339,200701
58,206,200701
58,72,200701
58,341,200701
58,65,200701
58,40,200701
58,335,200701
58,25,200701
58,120,200701
58,9,200701
58,26,200701
58,14,200701
58,97,200701
58,59,200701
58,99,200701
58,46,200701
58,146,200701
58,29,200701
58,60,200701
58,32,200701
58,137,200701
59,29,200701
59,89,200701
59,160,200701
59,809,200701
59,444,200701
59,77,200701
59,746,200701
59,6,200701
59,433,200701
59,97,200701
59,143,200701
59,138,200701
59,64,200701
59,17,200701
59,146,200701
59,110,200701
59,76,200701
59,10,200701
59,11,200701
59,173,200701
59,132,200701
59,25,200701
59,342,200701
59,136,200701
59,111,200701
59,81,200701
59,26,200701
59,30,200701
59,52,200701
59,72,200701
59,23,200701
59,21,200701
59,98,200701
59,5,200701
59,54,200701
59,69,200701
59,113,200701
59,2,200701
59,58,200701
59,102,200701
59,13,200701
59,51,200701
59,99,200701
59,28,200701
59,20,200701
59,120,200701
59,31,200701
59,16,200701
59,154,200701
59,14,200701
59,100,200701
59,85,200701
59,19,200701
59,134,200701
59,180,200701
59,155,200701
59,126,200701
59,55,200701
59,38,200701
59,35,200701
59,117,200701
59,32,200701
59,83,200701
59,18,200701
59,22,200701
59,40,200701
59,4,200701
59,112,200701
59,217,200701
59,94,200701
59,142,200701
59,172,200701
59,46,200701
59,194,200701
59,92,200701
59,137,200701
59,36,200701
59,1,200701
59,0,200701
59,129,200701
59,108,200701
59,48,200701
59,60,200701
59,133,200701
59,121,200701
59,139,200701
60,35,200701
60,80,200701
60,83,200701
60,100,200701
60,31,200701
60,772,200701
60,19,200701
60,46,200701
60,175,200701
60,433,200701
60,154,200701
60,48,200701
60,41,200701
60,97,200701
60,77,200701
60,73,200701
60,62,200701
60,39,200701
60,160,200701
60,143,200701
60,482,200701
60,13,200701
60,181,200701
60,17,200701
60,26,200701
60,64,200701
60,86,200701
60,4,200701
60,28,200701
60,136,200701
60,92,200701
60,7,200701
60,183,200701
60,341,200701
60,51,200701
60,99,200701
60,107,200701
60,81,200701
60,8,200701
60,739,200701
60,25,200701
60,146,200701
60,860,200701
60,124,200701
60,135,200701
60,116,200701
60,69,200701
60,74,200701
60,1,200701
60,20,200701
60,54,200701
60,110,200701
60,22,200701
60,544,200701
60,27,200701
60,21,200701
60,29,200701
60,131,200701
60,16,200701
60,153,200701
60,169,200701
60,102,200701
60,769,200701
60,85,200701
60,133,200701
60,120,200701
60,237,200701
60,112,200701
60,10,200701
60,126,200701
60,65,200701
60,55,200701
60,197,200701
60,178,200701
60,98,200701
60,384,200701
60,5,200701
60,129,200701
60,141,200701
60,12,200701
60,45,200701
60,57,200701
60,75,200701
60,165,200701
60,195,200701
60,249,200701
60,76,200701
60,11,200701
60,137,200701
60,38,200701
60,24,200701
60,163,200701
60,274,200701
60,58,200701
60,269,200701
60,142,200701
60,101,200701
60,157,200701
60,0,200701
60,32,200701
60,40,200701
60,156,200701
60,117,200701
60,194,200701
60,2,200701
60,208,200701
60,18,200701
60,96,200701
60,52,200701
60,139,200701
60,180,200701
60,14,200701
60,155,200701
60,119,200701
60,6,200701
60,59,200701
61,415,200701
61,111,200701
61,407,200701
61,143,200701
61,144,200701
61,433,200701
61,132,200701
61,160,200701
61,211,200701
61,122,200701
61,48,200701
61,176,200701
61,20,200701
61,137,200701
61,135,200701
61,6,200701
61,60,200701
61,18,200701
61,14,200701
61,346,200701
61,10,200701
61,11,200701
61,97,200701
61,266,200701
61,146,200701
61,29,200701
61,136,200701
62,18,200701
62,138,200701
62,4,200701
62,165,200701
62,17,200701
62,129,200701
62,14,200701
62,97,200701
62,46,200701
62,1,200701
62,6,200701
62,31,200701
62,137,200701
62,143,200701
62,160,200701
62,35,200701
62,136,200701
62,434,200701
62,20,200701
62,25,200701
62,66,200701
62,60,200701
62,19,200701
62,482,200701
62,27,200701
62,216,200701
62,57,200701
62,32,200701
62,16,200701
62,29,200701
62,146,200701
63,146,200701
63,15,200701
63,544,200701
63,80,200701
63,12,200701
63,102,200701
63,46,200701
63,98,200701
63,26,200701
63,97,200701
63,16,200701
63,40,200701
63,19,200701
63,25,200701
63,99,200701
63,32,200701
63,29,200701
63,64,200701
64,142,200701
64,720,200701
64,6,200701
64,213,200701
64,1147,200701
64,77,200701
64,19,200701
64,143,200701
64,26,200701
64,36,200701
64,1,200701
64,433,200701
64,160,200701
64,237,200701
64,83,200701
64,27,200701
64,65,200701
64,117,200701
64,108,200701
64,278,200701
64,46,200701
64,78,200701
64,118,200701
64,32,200701
64,164,200701
64,52,200701
64,80,200701
64,107,200701
64,137,200701
64,113,200701
64,139,200701
64,23,200701
64,131,200701
64,120,200701
64,354,200701
64,51,200701
64,9,200701
64,97,200701
64,157,200701
64,60,200701
64,320,200701
64,0,200701
64,48,200701
64,54,200701
64,58,200701
64,154,200701
64,2,200701
64,858,200701
64,5,200701
64,165,200701
64,28,200701
64,703,200701
64,17,200701
64,136,200701
64,449,200701
64,38,200701
64,126,200701
64,730,200701
64,35,200701
64,140,200701
64,40,200701
64,102,200701
64,129,200701
64,76,200701
64,180,200701
64,18,200701
64,172,200701
64,208,200701
64,16,200701
64,134,200701
64,10,200701
64,146,200701
64,176,200701
64,63,200701
64,332,200701
64,79,200701
64,85,200701
64,96,200701
64,81,200701
64,25,200701
64,29,200701
64,205,200701
64,82,200701
64,21,200701
64,192,200701
64,59,200701
64,100,200701
64,112,200701
64,22,200701
64,101,200701
64,24,200701
64,31,200701
64,55,200701
64,57,200701
64,155,200701
64,39,200701
64,11,200701
64,45,200701
64,13,200701
64,121,200701
64,4,200701
64,135,200701
64,20,200701
65,0,200701
65,9,200701
65,519,200701
65,208,200701
65,152,200701
65,115,200701
65,43,200701
65,31,200701
65,57,200701
65,78,200701
65,171,200701
65,180,200701
65,452,200701
65,114,200701
65,12,200701
65,45,200701
65,14,200701
65,182,200701
65,157,200701
65,155,200701
65,530,200701
65,52,200701
65,154,200701
65,900,200701
65,167,200701
65,39,200701
65,543,200701
65,274,200701
65,32,200701
65,510,200701
65,13,200701
65,6,200701
65,99,200701
65,26,200701
65,16,200701
65,60,200701
65,146,200701
65,160,200701
65,97,200701
65,25,200701
65,29,200701
65,137,200701
65,46,200701
66,160,200701
66,433,200701
66,131,200701
66,77,200701
66,62,200701
66,98,200701
66,6,200701
66,26,200701
66,444,200701
66,126,200701
66,722,200701
66,81,200701
66,143,200701
66,19,200701
66,97,200701
66,29,200701
66,375,200701
66,16,200701
66,10,200701
66,266,200701
66,18,200701
66,32,200701
66,146,200701
67,147,200701
67,111,200701
67,1169,200701
67,136,200701
68,67,200701
68,30,200701
68,136,200701
69,30,200701
69,137,200701
69,807,200701
69,132,200701
69,51,200701
69,177,200701
69,3,200701
69,50,200701
69,433,200701
69,49,200701
69,317,200701
69,806,200701
69,247,200701
69,160,200701
69,311,200701
69,64,200701
69,29,200701
69,165,200701
69,20,200701
69,19,200701
69,96,200701
69,27,200701
69,211,200701
69,117,200701
69,113,200701
69,135,200701
69,32,200701
69,213,200701
69,85,200701
69,2,200701
69,102,200701
69,25,200701
69,133,200701
69,227,200701
69,9,200701
69,346,200701
69,1169,200701
69,99,200701
69,1,200701
69,23,200701
69,28,200701
69,17,200701
69,21,200701
69,112,200701
69,107,200701
69,11,200701
69,183,200701
69,4,200701
69,136,200701
69,5,200701
69,10,200701
69,18,200701
70,303,200701
70,160,200701
70,376,200701
70,10,200701
70,53,200701
70,133,200701
70,28,200701
70,150,200701
70,112,200701
70,4,200701
70,371,200701
70,1169,200701
70,136,200701
70,1,200701
70,11,200701
71,1775,200701
71,113,200701
71,13,200701
71,77,200701
71,137,200701
71,32,200701
71,46,200701
71,26,200701
71,146,200701
71,35,200701
71,6,200701
71,17,200701
71,18,200701
71,136,200701
71,25,200701
71,97,200701
71,29,200701
72,132,200701
72,143,200701
72,9,200701
72,160,200701
72,552,200701
72,433,200701
72,27,200701
72,120,200701
72,57,200701
72,182,200701
72,180,200701
72,161,200701
72,278,200701
72,79,200701
72,47,200701
72,74,200701
72,21,200701
72,342,200701
72,117,200701
72,115,200701
72,81,200701
72,45,200701
72,4,200701
72,32,200701
72,189,200701
72,96,200701
72,10,200701
72,307,200701
72,95,200701
72,0,200701
72,93,200701
72,19,200701
72,14,200701
72,149,200701
72,17,200701
72,99,200701
72,107,200701
72,165,200701
72,85,200701
72,5,200701
72,26,200701
72,28,200701
72,11,200701
72,136,200701
72,6,200701
72,2,200701
72,29,200701
72,135,200701
72,18,200701
72,154,200701
72,146,200701
72,25,200701
72,97,200701
72,1,200701
72,92,200701
72,137,200701
72,274,200701
73,100,200701
73,250,200701
73,43,200701
73,342,200701
73,102,200701
73,76,200701
73,237,200701
73,39,200701
73,310,200701
73,530,200701
73,31,200701
73,543,200701
73,900,200701
73,1,200701
73,108,200701
73,35,200701
73,46,200701
73,97,200701
74,117,200701
74,76,200701
74,176,200701
74,77,200701
74,180,200701
74,126,200701
74,147,200701
74,108,200701
74,320,200701
74,276,200701
74,52,200701
74,1,200701
74,1169,200701
74,346,200701
74,29,200701
74,97,200701
74,10,200701
74,54,200701
74,18,200701
74,146,200701
74,32,200701
75,1147,200701
75,320,200701
75,118,200701
75,544,200701
75,78,200701
75,73,200701
75,163,200701
75,287,200701
75,29,200701
75,19,200701
75,46,200701
75,160,200701
75,178,200701
75,60,200701
75,97,200701
75,32,200701
75,48,200701
75,146,200701
75,13,200701
75,108,200701
75,139,200701
75,26,200701
75,136,200701
76,143,200701
76,17,200701
76,278,200701
76,274,200701
76,101,200701
76,57,200701
76,813,200701
76,160,200701
76,194,200701
76,433,200701
76,482,200701
76,77,200701
76,24,200701
76,237,200701
76,29,200701
76,211,200701
76,65,200701
76,38,200701
76,393,200701
76,125,200701
76,81,200701
76,99,200701
76,34,200701
76,233,200701
76,104,200701
76,97,200701
76,25,200701
76,163,200701
76,40,200701
76,19,200701
76,137,200701
76,100,200701
76,27,200701
76,52,200701
76,0,200701
76,178,200701
76,1147,200701
76,64,200701
76,46,200701
76,26,200701
76,13,200701
76,18,200701
76,35,200701
76,146,200701
76,60,200701
76,32,200701
76,6,200701
77,59,200701
77,46,200701
77,40,200701
77,10,200701
77,160,200701
77,76,200701
77,15,200701
77,136,200701
77,110,200701
77,120,200701
77,16,200701
77,39,200701
77,194,200701
77,27,200701
77,4,200701
77,143,200701
77,154,200701
77,43,200701
77,131,200701
77,51,200701
77,97,200701
77,29,200701
77,112,200701
77,6,200701
77,181,200701
77,108,200701
77,28,200701
77,197,200701
77,5,200701
77,19,200701
77,52,200701
77,64,200701
77,18,200701
77,13,200701
77,32,200701
77,155,200701
77,35,200701
77,101,200701
77,38,200701
77,17,200701
77,281,200701
77,54,200701
77,137,200701
77,12,200701
77,79,200701
77,362,200701
77,176,200701
77,57,200701
77,14,200701
77,66,200701
77,23,200701
77,142,200701
77,1,200701
77,138,200701
77,83,200701
77,100,200701
77,89,200701
77,117,200701
77,9,200701
77,25,200701
77,193,200701
77,20,200701
77,242,200701
77,278,200701
77,102,200701
77,132,200701
77,124,200701
77,44,200701
77,24,200701
77,31,200701
77,26,200701
77,151,200701
77,739,200701
77,156,200701
77,354,200701
77,2,200701
77,62,200701
77,146,200701
77,274,200701
77,126,200701
77,80,200701
77,48,200701
77,107,200701
77,180,200701
77,60,200701
77,96,200701
77,139,200701
77,21,200701
77,36,200701
77,99,200701
77,94,200701
77,135,200701
78,39,200701
78,100,200701
78,160,200701
78,433,200701
78,58,200701
78,146,200701
78,140,200701
78,29,200701
78,197,200701
78,38,200701
78,157,200701
78,124,200701
78,23,200701
78,2,200701
78,77,200701
78,444,200701
78,134,200701
78,25,200701
78,83,200701
78,76,200701
78,155,200701
78,52,200701
78,213,200701
78,117,200701
78,142,200701
78,26,200701
78,14,200701
78,137,200701
78,97,200701
78,99,200701
78,19,200701
78,46,200701
78,32,200701
78,6,200701
78,64,200701
79,160,200701
79,433,200701
79,155,200701
79,6,200701
79,77,200701
79,182,200701
79,46,200701
79,159,200701
79,249,200701
79,72,200701
79,24,200701
79,237,200701
79,9,200701
79,80,200701
79,85,200701
79,181,200701
79,83,200701
79,136,200701
79,320,200701
79,19,200701
79,13,200701
79,29,200701
79,40,200701
79,16,200701
79,375,200701
79,64,200701
79,266,200701
79,32,200701
79,97,200701
79,146,200701
80,160,200701
80,35,200701
80,97,200701
80,41,200701
80,433,200701
80,143,200701
80,156,200701
80,140,200701
80,64,200701
80,152,200701
80,29,200701
80,182,200701
80,31,200701
80,188,200701
80,26,200701
80,108,200701
80,52,200701
80,94,200701
80,40,200701
80,181,200701
80,96,200701
80,28,200701
80,45,200701
80,155,200701
80,149,200701
80,142,200701
80,113,200701
80,11,200701
80,112,200701
80,2,200701
80,102,200701
80,99,200701
80,12,200701
80,32,200701
80,17,200701
80,48,200701
80,154,200701
80,27,200701
80,19,200701
80,100,200701
80,6,200701
80,25,200701
80,146,200701
80,60,200701
80,1,200701
80,10,200701
80,136,200701
80,46,200701
80,92,200701
80,135,200701
80,14,200701
80,137,200701
81,1003,200701
81,64,200701
81,860,200701
81,35,200701
81,94,200701
81,342,200701
81,197,200701
81,6,200701
81,178,200701
81,2,200701
81,46,200701
81,5,200701
81,134,200701
81,36,200701
81,120,200701
81,213,200701
81,161,200701
81,73,200701
81,133,200701
81,20,200701
81,78,200701
81,59,200701
81,79,200701
81,38,200701
81,112,200701
81,144,200701
81,39,200701
81,83,200701
81,9,200701
81,208,200701
81,29,200701
81,11,200701
81,193,200701
81,262,200701
81,135,200701
81,355,200701
81,18,200701
81,224,200701
81,463,200701
81,101,200701
81,170,200701
81,278,200701
81,165,200701
81,57,200701
81,22,200701
81,99,200701
81,31,200701
81,4,200701
81,126,200701
81,227,200701
81,52,200701
81,131,200701
81,21,200701
81,27,200701
81,17,200701
81,152,200701
81,51,200701
81,80,200701
81,107,200701
81,102,200701
81,116,200701
81,490,200701
81,1,200701
81,12,200701
81,97,200701
81,19,200701
81,28,200701
81,180,200701
81,139,200701
81,879,200701
81,48,200701
81,40,200701
81,26,200701
81,137,200701
81,13,200701
81,92,200701
81,160,200701
81,108,200701
81,54,200701
81,146,200701
81,32,200701
81,16,200701
81,154,200701
81,136,200701
81,60,200701
81,25,200701
81,10,200701
81,14,200701
82,16,200701
82,64,200701
82,26,200701
82,6,200701
82,99,200701
82,126,200701
82,29,200701
82,97,200701
83,51,200701
83,175,200701
83,142,200701
83,160,200701
83,77,200701
83,48,200701
83,35,200701
83,19,200701
83,482,200701
83,143,200701
83,433,200701
83,101,200701
83,75,200701
83,1,200701
83,265,200701
83,113,200701
83,40,200701
83,13,200701
83,813,200701
83,58,200701
83,0,200701
83,136,200701
83,78,200701
83,104,200701
83,52,200701
83,112,200701
83,26,200701
83,102,200701
83,165,200701
83,17,200701
83,60,200701
83,137,200701
83,126,200701
83,544,200701
83,32,200701
83,31,200701
83,64,200701
83,119,200701
83,41,200701
83,180,200701
83,14,200701
83,155,200701
83,739,200701
83,134,200701
83,22,200701
83,98,200701
83,192,200701
83,140,200701
83,97,200701
83,20,200701
83,54,200701
83,108,200701
83,28,200701
83,341,200701
83,92,200701
83,278,200701
83,463,200701
83,27,200701
83,219,200701
83,131,200701
83,11,200701
83,23,200701
83,178,200701
83,46,200701
83,29,200701
83,107,200701
83,38,200701
83,36,200701
83,21,200701
83,2,200701
83,10,200701
83,139,200701
83,45,200701
83,4,200701
83,5,200701
83,85,200701
83,99,200701
83,154,200701
83,129,200701
83,81,200701
83,146,200701
83,59,200701
83,16,200701
83,6,200701
83,18,200701
83,25,200701
83,135,200701
84,30,200701
84,223,200701
84,754,200701
84,160,200701
84,164,200701
84,753,200701
84,86,200701
84,23,200701
84,5,200701
84,111,200701
84,72,200701
84,88,200701
84,51,200701
84,183,200701
84,18,200701
84,4,200701
84,136,200701
84,11,200701
85,336,200701
85,143,200701
85,29,200701
85,137,200701
85,165,200701
85,220,200701
85,552,200701
85,433,200701
85,160,200701
85,483,200701
85,339,200701
85,51,200701
85,740,200701
85,31,200701
85,37,200701
85,155,200701
85,23,200701
85,142,200701
85,5,200701
85,86,200701
85,22,200701
85,121,200701
85,16,200701
85,150,200701
85,57,200701
85,76,200701
85,100,200701
85,83,200701
85,107,200701
85,32,200701
85,265,200701
85,314,200701
85,64,200701
85,28,200701
85,136,200701
85,13,200701
85,19,200701
85,180,200701
85,46,200701
85,125,200701
85,115,200701
85,80,200701
85,544,200701
85,26,200701
85,97,200701
85,119,200701
85,133,200701
85,48,200701
85,81,200701
85,9,200701
85,4,200701
85,21,200701
85,59,200701
85,53,200701
85,108,200701
85,27,200701
85,124,200701
85,0,200701
85,72,200701
85,99,200701
85,154,200701
85,11,200701
85,116,200701
85,10,200701
85,112,200701
85,60,200701
85,274,200701
85,1,200701
85,93,200701
85,96,200701
85,149,200701
85,135,200701
85,20,200701
85,146,200701
85,17,200701
85,18,200701
85,14,200701
85,6,200701
85,92,200701
85,25,200701
86,84,200701
86,22,200701
86,164,200701
86,51,200701
86,238,200701
86,30,200701
86,19,200701
86,83,200701
86,18,200701
86,29,200701
86,183,200701
86,97,200701
86,4,200701
86,136,200701
86,11,200701
87,25,200701
87,291,200701
87,2,200701
87,89,200701
87,203,200701
88,2,200701
88,84,200701
88,107,200701
88,51,200701
88,146,200701
88,164,200701
88,20,200701
88,30,200701
88,18,200701
88,4,200701
88,11,200701
89,5,200701
89,28,200701
89,87,200701
89,17,200701
89,7,200701
89,8,200701
89,778,200701
89,243,200701
89,245,200701
89,770,200701
89,323,200701
89,90,200701
89,212,200701
89,20,200701
89,23,200701
89,121,200701
89,54,200701
89,1103,200701
89,1408,200701
89,10,200701
89,32,200701
89,828,200701
89,1,200701
89,4,200701
89,110,200701
89,146,200701
89,113,200701
89,51,200701
89,29,200701
89,6,200701
89,112,200701
89,136,200701
89,11,200701
89,21,200701
89,18,200701
89,137,200701
89,25,200701
89,97,200701
90,7,200701
90,8,200701
90,89,200701
90,17,200701
90,323,200701
90,828,200701
90,243,200701
90,5,200701
92,137,200701
92,26,200701
92,198,200701
92,40,200701
92,46,200701
92,143,200701
92,197,200701
92,99,200701
92,119,200701
92,52,200701
92,136,200701
92,60,200701
92,9,200701
92,160,200701
92,274,200701
92,1,200701
92,17,200701
92,155,200701
92,97,200701
92,247,200701
92,1147,200701
92,6,200701
92,113,200701
92,12,200701
92,16,200701
92,107,200701
92,102,200701
92,116,200701
92,18,200701
92,51,200701
92,4,200701
92,142,200701
92,21,200701
92,112,200701
92,32,200701
92,81,200701
92,11,200701
92,23,200701
92,28,200701
92,100,200701
92,124,200701
92,19,200701
92,115,200701
92,27,200701
92,5,200701
92,149,200701
92,80,200701
92,108,200701
92,48,200701
92,165,200701
92,96,200701
92,72,200701
92,157,200701
92,59,200701
92,47,200701
92,154,200701
92,31,200701
92,14,200701
92,85,200701
92,135,200701
92,10,200701
92,2,200701
92,93,200701
92,0,200701
93,143,200701
93,269,200701
93,2,200701
93,25,200701
93,188,200701
93,175,200701
93,154,200701
93,339,200701
93,433,200701
93,137,200701
93,160,200701
93,116,200701
93,98,200701
93,77,200701
93,124,200701
93,1,200701
93,17,200701
93,149,200701
93,165,200701
93,72,200701
93,115,200701
93,85,200701
93,18,200701
93,274,200701
93,92,200701
94,375,200701
94,32,200701
94,63,200701
94,99,200701
94,120,200701
94,18,200701
94,38,200701
94,85,200701
94,14,200701
94,77,200701
94,34,200701
94,40,200701
94,137,200701
94,97,200701
94,13,200701
94,1147,200701
94,26,200701
94,16,200701
94,108,200701
94,146,200701
94,25,200701
94,46,200701
94,59,200701
94,135,200701
94,6,200701
95,1147,200701
95,703,200701
95,160,200701
95,374,200701
95,445,200701
95,72,200701
95,146,200701
95,266,200701
95,46,200701
96,299,200701
96,160,200701
96,22,200701
96,17,200701
96,433,200701
96,130,200701
96,777,200701
96,10,200701
96,23,200701
96,165,200701
96,581,200701
96,33,200701
96,143,200701
96,85,200701
96,1,200701
96,11,200701
96,97,200701
96,26,200701
96,5,200701
96,265,200701
96,86,200701
96,139,200701
96,88,200701
96,18,200701
96,120,200701
96,61,200701
96,51,200701
96,116,200701
96,133,200701
96,27,200701
96,111,200701
96,16,200701
96,132,200701
96,65,200701
96,47,200701
96,69,200701
96,29,200701
96,93,200701
96,2,200701
96,40,200701
96,52,200701
96,213,200701
96,879,200701
96,1794,200701
96,21,200701
96,0,200701
96,131,200701
96,1269,200701
96,757,200701
96,756,200701
96,108,200701
96,32,200701
96,801,200701
96,119,200701
96,20,200701
96,1169,200701
96,72,200701
96,107,200701
96,204,200701
96,48,200701
96,112,200701
96,115,200701
96,31,200701
96,149,200701
96,154,200701
96,136,200701
96,6,200701
96,4,200701
96,64,200701
96,146,200701
96,25,200701
96,14,200701
96,92,200701
96,60,200701
96,135,200701
96,28,200701
96,274,200701
96,137,200701
97,1,200701
97,19,200701
97,46,200701
97,108,200701
97,35,200701
97,25,200701
97,60,200701
97,62,200701
97,31,200701
97,433,200701
97,167,200701
97,143,200701
97,137,200701
97,77,200701
97,175,200701
97,29,200701
97,79,200701
97,6,200701
97,83,200701
97,240,200701
97,39,200701
97,45,200701
97,14,200701
97,138,200701
97,13,200701
97,160,200701
97,552,200701
97,110,200701
97,126,200701
97,123,200701
97,59,200701
97,96,200701
97,5,200701
97,76,200701
97,9,200701
97,112,200701
97,17,200701
97,28,200701
97,132,200701
97,81,200701
97,12,200701
97,18,200701
97,739,200701
97,11,200701
97,16,200701
97,27,200701
97,24,200701
97,92,200701
97,249,200701
97,265,200701
97,135,200701
97,120,200701
97,64,200701
97,181,200701
97,72,200701
97,52,200701
97,463,200701
97,197,200701
97,242,200701
97,40,200701
97,113,200701
97,140,200701
97,53,200701
97,58,200701
97,146,200701
97,342,200701
97,198,200701
97,85,200701
97,21,200701
97,1147,200701
97,78,200701
97,237,200701
97,156,200701
97,63,200701
97,0,200701
97,131,200701
97,51,200701
97,288,200701
97,38,200701
97,217,200701
97,23,200701
97,154,200701
97,136,200701
97,101,200701
97,371,200701
97,355,200701
97,57,200701
97,171,200701
97,194,200701
97,94,200701
97,860,200701
97,285,200701
97,173,200701
97,66,200701
97,169,200701
97,544,200701
97,398,200701
97,124,200701
97,486,200701
97,61,200701
97,208,200701
97,543,200701
97,86,200701
97,74,200701
97,170,200701
97,458,200701
97,98,200701
97,176,200701
97,82,200701
97,75,200701
97,65,200701
97,540,200701
97,41,200701
97,178,200701
97,15,200701
97,1052,200701
97,114,200701
97,106,200701
97,2,200701
97,332,200701
97,362,200701
97,54,200701
97,161,200701
97,7,200701
97,47,200701
97,80,200701
97,287,200701
97,495,200701
97,34,200701
97,797,200701
97,182,200701
97,452,200701
97,119,200701
97,510,200701
97,341,200701
97,26,200701
97,347,200701
97,141,200701
97,192,200701
97,104,200701
97,195,200701
97,10,200701
97,163,200701
97,393,200701
97,55,200701
97,216,200701
97,455,200701
97,118,200701
97,43,200701
97,20,200701
97,157,200701
97,213,200701
97,102,200701
97,159,200701
97,153,200701
97,48,200701
97,269,200701
97,71,200701
97,117,200701
97,152,200701
97,435,200701
97,32,200701
97,172,200701
97,99,200701
97,107,200701
97,769,200701
97,134,200701
97,188,200701
97,320,200701
97,224,200701
97,142,200701
97,165,200701
97,180,200701
97,278,200701
97,158,200701
97,155,200701
97,73,200701
97,250,200701
97,22,200701
97,36,200701
97,100,200701
97,139,200701
97,89,200701
97,129,200701
97,4,200701
98,118,200701
98,160,200701
98,197,200701
98,154,200701
98,39,200701
98,85,200701
98,9,200701
98,34,200701
98,75,200701
98,40,200701
98,126,200701
98,31,200701
98,54,200701
98,900,200701
98,137,200701
98,65,200701
98,530,200701
98,159,200701
98,52,200701
98,310,200701
98,27,200701
98,59,200701
98,371,200701
98,60,200701
98,99,200701
98,146,200701
98,29,200701
98,97,200701
98,25,200701
99,48,200701
99,106,200701
99,1,200701
99,41,200701
99,22,200701
99,97,200701
99,16,200701
99,113,200701
99,80,200701
99,51,200701
99,29,200701
99,13,200701
99,112,200701
99,117,200701
99,129,200701
99,27,200701
99,101,200701
99,18,200701
99,83,200701
99,82,200701
99,21,200701
99,24,200701
99,161,200701
99,25,200701
99,81,200701
99,46,200701
99,11,200701
99,108,200701
99,31,200701
99,12,200701
99,76,200701
99,134,200701
99,136,200701
99,114,200701
99,64,200701
99,160,200701
99,100,200701
99,40,200701
99,78,200701
99,85,200701
99,57,200701
99,320,200701
99,59,200701
99,4,200701
99,53,200701
99,28,200701
99,274,200701
99,142,200701
99,19,200701
99,0,200701
99,126,200701
99,2,200701
99,17,200701
99,20,200701
99,38,200701
99,45,200701
99,143,200701
99,196,200701
99,131,200701
99,165,200701
99,10,200701
99,173,200701
99,102,200701
99,35,200701
99,60,200701
99,110,200701
99,32,200701
99,58,200701
99,65,200701
99,98,200701
99,55,200701
99,39,200701
99,155,200701
99,96,200701
99,224,200701
99,180,200701
99,26,200701
99,181,200701
99,157,200701
99,77,200701
99,52,200701
99,132,200701
99,63,200701
99,208,200701
99,6,200701
99,94,200701
99,146,200701
99,139,200701
99,137,200701
99,54,200701
99,154,200701
99,135,200701
99,36,200701
100,10,200701
100,139,200701
100,73,200701
100,97,200701
100,433,200701
100,129,200701
100,76,200701
100,769,200701
100,39,200701
100,35,200701
100,101,200701
100,143,200701
100,160,200701
100,11,200701
100,309,200701
100,135,200701
100,137,200701
100,119,200701
100,16,200701
100,64,200701
100,14,200701
100,142,200701
100,18,200701
100,41,200701
100,115,200701
100,12,200701
100,165,200701
100,1,200701
100,6,200701
100,131,200701
100,32,200701
100,155,200701
100,77,200701
100,38,200701
100,83,200701
100,45,200701
100,85,200701
100,20,200701
100,213,200701
100,154,200701
100,52,200701
100,112,200701
100,17,200701
100,28,200701
100,27,200701
100,40,200701
100,0,200701
100,22,200701
100,24,200701
100,26,200701
100,178,200701
100,134,200701
100,29,200701
100,722,200701
100,46,200701
100,180,200701
100,156,200701
100,102,200701
100,36,200701
100,108,200701
100,59,200701
100,80,200701
100,99,200701
100,13,200701
100,92,200701
100,19,200701
100,25,200701
100,146,200701
100,31,200701
100,48,200701
101,433,200701
101,143,200701
101,1147,200701
101,77,200701
101,327,200701
101,160,200701
101,1085,200701
101,124,200701
101,54,200701
101,375,200701
101,80,200701
101,149,200701
101,157,200701
101,25,200701
101,274,200701
101,38,200701
101,355,200701
101,52,200701
101,24,200701
101,15,200701
101,153,200701
101,72,200701
101,132,200701
101,137,200701
101,530,200701
101,900,200701
101,510,200701
101,81,200701
101,180,200701
101,99,200701
101,178,200701
101,108,200701
101,97,200701
101,26,200701
101,46,200701
101,146,200701
101,16,200701
101,18,200701
101,6,200701
101,19,200701
101,29,200701
101,60,200701
101,136,200701
101,32,200701
101,64,200701
102,485,200701
102,297,200701
102,78,200701
102,77,200701
102,117,200701
102,433,200701
102,349,200701
102,52,200701
102,24,200701
102,444,200701
102,137,200701
102,136,200701
102,107,200701
102,63,200701
102,45,200701
102,135,200701
102,278,200701
102,71,200701
102,180,200701
102,157,200701
102,40,200701
102,28,200701
102,139,200701
102,100,200701
102,98,200701
102,5,200701
102,172,200701
102,160,200701
102,320,200701
102,92,200701
102,21,200701
102,83,200701
102,38,200701
102,18,200701
102,154,200701
102,19,200701
102,23,200701
102,54,200701
102,96,200701
102,35,200701
102,165,200701
102,46,200701
102,129,200701
102,32,200701
102,108,200701
102,65,200701
102,31,200701
102,0,200701
102,97,200701
102,59,200701
102,178,200701
102,146,200701
102,85,200701
102,99,200701
102,81,200701
102,48,200701
102,36,200701
102,64,200701
102,26,200701
102,17,200701
102,29,200701
102,16,200701
102,10,200701
102,6,200701
102,1,200701
102,60,200701
102,14,200701
103,10,200701
104,143,200701
104,34,200701
104,160,200701
104,433,200701
104,75,200701
104,41,200701
104,224,200701
104,157,200701
104,182,200701
104,80,200701
104,18,200701
104,54,200701
104,138,200701
104,32,200701
104,375,200701
104,266,200701
104,146,200701
104,97,200701
104,10,200701
104,29,200701
104,136,200701
104,137,200701
105,11,200701
105,211,200701
105,111,200701
105,208,200701
105,1,200701
105,72,200701
105,28,200701
105,23,200701
105,70,200701
105,18,200701
105,10,200701
105,183,200701
105,136,200701
106,40,200701
106,157,200701
106,38,200701
106,80,200701
106,99,200701
106,26,200701
106,146,200701
106,97,200701
107,501,200701
107,64,200701
107,85,200701
107,160,200701
107,53,200701
107,143,200701
107,5,200701
107,22,200701
107,23,200701
107,433,200701
107,2,200701
107,444,200701
107,86,200701
107,27,200701
107,177,200701
107,25,200701
107,0,200701
107,17,200701
107,52,200701
107,6,200701
107,165,200701
107,28,200701
107,149,200701
107,96,200701
107,139,200701
107,10,200701
107,77,200701
107,60,200701
107,83,200701
107,534,200701
107,19,200701
107,100,200701
107,48,200701
107,150,200701
107,59,200701
107,384,200701
107,267,200701
107,137,200701
107,154,200701
107,72,200701
107,4,200701
107,879,200701
107,40,200701
107,142,200701
107,7,200701
107,80,200701
107,11,200701
107,113,200701
107,31,200701
107,92,200701
107,14,200701
107,69,200701
107,133,200701
107,51,200701
107,1,200701
107,136,200701
107,135,200701
107,183,200701
107,29,200701
107,97,200701
107,20,200701
107,112,200701
108,433,200701
108,137,200701
108,35,200701
108,97,200701
108,6,200701
108,160,200701
108,77,200701
108,139,200701
108,83,200701
108,26,200701
108,4,200701
108,69,200701
108,165,200701
108,0,200701
108,181,200701
108,23,200701
108,124,200701
108,131,200701
108,20,200701
108,115,200701
108,341,200701
108,155,200701
108,113,200701
108,11,200701
108,169,200701
108,29,200701
108,54,200701
108,17,200701
108,249,200701
108,16,200701
108,48,200701
108,19,200701
108,112,200701
108,143,200701
108,142,200701
108,14,200701
108,64,200701
108,180,200701
108,5,200701
108,53,200701
108,34,200701
108,18,200701
108,136,200701
108,1,200701
108,40,200701
108,135,200701
108,31,200701
108,1147,200701
108,57,200701
108,52,200701
108,27,200701
108,2,200701
108,205,200701
108,176,200701
108,21,200701
108,101,200701
108,73,200701
108,10,200701
108,32,200701
108,117,200701
108,13,200701
108,25,200701
108,94,200701
108,28,200701
108,197,200701
108,12,200701
108,36,200701
108,51,200701
108,274,200701
108,156,200701
108,146,200701
108,355,200701
108,195,200701
108,100,200701
108,41,200701
108,208,200701
108,81,200701
108,24,200701
108,85,200701
108,769,200701
108,38,200701
108,75,200701
108,96,200701
108,80,200701
108,154,200701
108,178,200701
108,92,200701
108,119,200701
108,129,200701
108,102,200701
108,59,200701
108,99,200701
108,46,200701
109,4,200701
109,655,200701
109,128,200701
109,127,200701
109,864,200701
109,633,200701
109,592,200701
109,110,200701
109,306,200701
109,427,200701
109,676,200701
109,840,200701
109,723,200701
109,629,200701
109,724,200701
109,593,200701
109,677,200701
109,305,200701
109,628,200701
109,729,200701
110,602,200701
110,235,200701
110,631,200701
110,77,200701
110,17,200701
110,433,200701
110,473,200701
110,5,200701
110,59,200701
110,137,200701
110,684,200701
110,232,200701
110,306,200701
110,474,200701
110,231,200701
110,29,200701
110,527,200701
110,185,200701
110,841,200701
110,143,200701
110,230,200701
110,808,200701
110,160,200701
110,603,200701
110,694,200701
110,664,200701
110,229,200701
110,818,200701
110,352,200701
110,225,200701
110,236,200701
110,186,200701
110,645,200701
110,201,200701
110,1004,200701
110,23,200701
110,351,200701
110,4,200701
110,643,200701
110,196,200701
110,226,200701
110,925,200701
110,427,200701
110,281,200701
110,191,200701
110,641,200701
110,719,200701
110,138,200701
110,552,200701
110,525,200701
110,425,200701
110,20,200701
110,6,200701
110,109,200701
110,305,200701
110,465,200701
110,128,200701
110,627,200701
110,290,200701
110,1598,200701
110,127,200701
110,424,200701
110,630,200701
110,556,200701
110,633,200701
110,830,200701
110,665,200701
110,190,200701
110,27,200701
110,786,200701
110,139,200701
110,13,200701
110,604,200701
110,136,200701
110,669,200701
110,997,200701
110,32,200701
110,26,200701
110,650,200701
110,573,200701
110,247,200701
110,83,200701
110,882,200701
110,146,200701
110,99,200701
110,886,200701
110,10,200701
110,89,200701
110,7,200701
110,25,200701
110,1,200701
110,51,200701
110,11,200701
110,18,200701
111,61,200701
111,207,200701
111,147,200701
111,27,200701
111,150,200701
111,227,200701
111,139,200701
111,24,200701
111,46,200701
111,25,200701
111,21,200701
111,228,200701
111,29,200701
111,346,200701
111,32,200701
111,10,200701
111,18,200701
111,11,200701
111,136,200701
112,136,200701
112,6,200701
112,160,200701
112,51,200701
112,113,200701
112,175,200701
112,143,200701
112,1115,200701
112,27,200701
112,247,200701
112,77,200701
112,433,200701
112,138,200701
112,64,200701
112,325,200701
112,25,200701
112,17,200701
112,18,200701
112,52,200701
112,165,200701
112,99,200701
112,14,200701
112,84,200701
112,30,200701
112,36,200701
112,137,200701
112,154,200701
112,9,200701
112,213,200701
112,34,200701
112,142,200701
112,108,200701
112,72,200701
112,83,200701
112,12,200701
112,115,200701
112,13,200701
112,32,200701
112,380,200701
112,19,200701
112,81,200701
112,46,200701
112,38,200701
112,274,200701
112,92,200701
112,96,200701
112,102,200701
112,31,200701
112,2,200701
112,183,200701
112,85,200701
112,69,200701
112,11,200701
112,189,200701
112,1,200701
112,59,200701
112,135,200701
112,4,200701
112,97,200701
112,29,200701
112,89,200701
112,28,200701
112,107,200701
112,10,200701
112,23,200701
112,133,200701
113,160,200701
113,102,200701
113,143,200701
113,32,200701
113,4,200701
113,136,200701
113,112,200701
113,164,200701
113,119,200701
113,13,200701
113,100,200701
113,78,200701
113,18,200701
113,108,200701
113,142,200701
113,23,200701
113,29,200701
113,69,200701
113,19,200701
113,180,200701
113,99,200701
113,122,200701
113,77,200701
113,25,200701
113,97,200701
113,132,200701
113,156,200701
113,26,200701
113,31,200701
113,129,200701
113,183,200701
113,81,200701
113,165,200701
113,137,200701
113,27,200701
113,14,200701
113,154,200701
113,52,200701
113,22,200701
113,107,200701
113,60,200701
113,11,200701
113,35,200701
113,21,200701
113,20,200701
113,8,200701
113,7,200701
113,1,200701
113,17,200701
113,89,200701
113,135,200701
113,146,200701
113,6,200701
113,51,200701
113,5,200701
113,10,200701
114,29,200701
114,393,200701
114,134,200701
114,97,200701
114,120,200701
114,43,200701
114,152,200701
114,99,200701
114,132,200701
114,81,200701
114,26,200701
114,14,200701
114,146,200701
114,6,200701
114,32,200701
114,13,200701
114,19,200701
115,204,200701
115,339,200701
115,149,200701
115,96,200701
115,72,200701
115,220,200701
115,160,200701
115,433,200701
115,152,200701
115,135,200701
115,154,200701
115,47,200701
115,48,200701
115,314,200701
115,9,200701
115,107,200701
115,333,200701
115,336,200701
115,0,200701
115,534,200701
115,27,200701
115,85,200701
115,93,200701
115,23,200701
115,346,200701
115,60,200701
115,2,200701
115,165,200701
115,1,200701
115,10,200701
115,92,200701
115,25,200701
115,137,200701
115,274,200701
116,133,200701
116,58,200701
116,96,200701
116,112,200701
116,146,200701
116,341,200701
116,115,200701
116,100,200701
116,757,200701
116,93,200701
116,879,200701
116,154,200701
116,92,200701
116,136,200701
116,85,200701
116,10,200701
116,1,200701
116,25,200701
116,137,200701
116,274,200701
117,6,200701
117,75,200701
117,39,200701
117,160,200701
117,142,200701
117,126,200701
117,13,200701
117,433,200701
117,175,200701
117,281,200701
117,206,200701
117,112,200701
117,769,200701
117,342,200701
117,46,200701
117,15,200701
117,111,200701
117,57,200701
117,81,200701
117,26,200701
117,77,200701
117,14,200701
117,19,200701
117,12,200701
117,94,200701
117,100,200701
117,31,200701
117,83,200701
117,18,200701
117,208,200701
117,155,200701
117,85,200701
117,24,200701
117,25,200701
117,36,200701
117,137,200701
117,136,200701
117,16,200701
117,1147,200701
117,40,200701
117,29,200701
117,52,200701
117,60,200701
117,48,200701
117,64,200701
117,32,200701
117,59,200701
117,146,200701
117,97,200701
117,108,200701
117,99,200701
118,433,200701
118,160,200701
118,157,200701
118,143,200701
118,149,200701
118,12,200701
118,102,200701
118,124,200701
118,46,200701
118,47,200701
118,154,200701
118,9,200701
118,137,200701
118,97,200701
118,25,200701
119,6,200701
119,5,200701
119,12,200701
119,45,200701
119,72,200701
119,112,200701
119,51,200701
119,21,200701
119,23,200701
119,113,200701
119,133,200701
119,32,200701
119,80,200701
119,136,200701
119,28,200701
119,11,200701
119,13,200701
119,17,200701
119,83,200701
119,19,200701
119,97,200701
119,1,200701
119,139,200701
119,10,200701
119,108,200701
119,48,200701
119,135,200701
119,36,200701
119,60,200701
119,14,200701
120,39,200701
120,178,200701
120,64,200701
120,140,200701
120,433,200701
120,38,200701
120,160,200701
120,30,200701
120,52,200701
120,19,200701
120,157,200701
120,143,200701
120,77,200701
120,12,200701
120,224,200701
120,170,200701
120,94,200701
120,27,200701
120,31,200701
120,24,200701
120,860,200701
120,81,200701
120,102,200701
120,132,200701
120,20,200701
120,40,200701
120,137,200701
120,41,200701
120,21,200701
120,28,200701
120,136,200701
120,113,200701
120,97,200701
120,142,200701
120,2,200701
120,76,200701
120,126,200701
120,83,200701
120,4,200701
120,0,200701
120,29,200701
120,108,200701
120,59,200701
120,46,200701
120,26,200701
120,60,200701
120,18,200701
120,35,200701
120,154,200701
120,146,200701
120,16,200701
120,32,200701
120,59,200701
120,40,200701
120,13,200701
120,60,200701
120,25,200701
120,19,200701
120,146,200701
120,29,200701
120,46,200701
120,64,200701
120,26,200701
120,6,200701
120,137,200701
120,97,200701
121,433,200701
121,138,200701
121,17,200701
121,136,200701
121,143,200701
121,160,200701
121,107,200701
121,223,200701
121,53,200701
121,2,200701
121,164,200701
121,12,200701
121,70,200701
121,22,200701
121,346,200701
121,1,200701
121,48,200701
121,11,200701
121,21,200701
121,29,200701
121,10,200701
121,13,200701
121,4,200701
121,64,200701
121,59,200701
121,5,200701
122,234,200701
122,81,200701
122,180,200701
122,72,200701
122,6,200701
122,99,200701
122,137,200701
122,60,200701
122,346,200701
122,10,200701
122,18,200701
122,136,200701
123,122,200701
123,234,200701
123,242,200701
123,143,200701
123,40,200701
123,52,200701
123,16,200701
123,18,200701
124,433,200701
124,31,200701
124,143,200701
124,188,200701
124,165,200701
124,534,200701
124,51,200701
124,183,200701
124,16,200701
124,47,200701
124,53,200701
124,52,200701
124,181,200701
124,83,200701
124,136,200701
124,115,200701
124,99,200701
124,116,200701
124,11,200701
124,19,200701
124,97,200701
124,39,200701
124,6,200701
124,93,200701
124,149,200701
124,119,200701
124,310,200701
124,46,200701
124,107,200701
124,155,200701
124,5,200701
124,32,200701
124,2,200701
124,27,200701
124,18,200701
124,60,200701
124,14,200701
124,154,200701
124,135,200701
124,10,200701
124,92,200701
124,1,200701
124,146,200701
124,160,200701
124,29,200701
124,25,200701
124,274,200701
124,137,200701
125,544,200701
125,40,200701
125,65,200701
125,336,200701
125,314,200701
125,9,200701
125,85,200701
125,32,200701
125,10,200701
125,18,200701
125,29,200701
125,136,200701
126,354,200701
126,6,200701
126,282,200701
126,155,200701
126,142,200701
126,433,200701
126,138,200701
126,160,200701
126,32,200701
126,19,200701
126,62,200701
126,742,200701
126,143,200701
126,140,200701
126,35,200701
126,65,200701
126,99,200701
126,188,200701
126,154,200701
126,76,200701
126,249,200701
126,54,200701
126,14,200701
126,173,200701
126,40,200701
126,131,200701
126,13,200701
126,18,200701
126,25,200701
126,146,200701
126,27,200701
126,46,200701
126,722,200701
126,81,200701
126,66,200701
126,136,200701
126,52,200701
126,48,200701
126,97,200701
126,139,200701
126,0,200701
126,178,200701
126,60,200701
126,100,200701
126,108,200701
126,26,200701
126,29,200701
126,137,200701
126,64,200701
126,59,200701
126,16,200701
127,427,200701
127,110,200701
127,109,200701
127,128,200701
127,306,200701
127,4,200701
127,948,200701
128,110,200701
128,306,200701
128,4,200701
128,427,200701
128,109,200701
129,160,200701
129,194,200701
129,143,200701
129,60,200701
129,146,200701
129,35,200701
129,173,200701
129,100,200701
129,172,200701
129,375,200701
129,139,200701
129,11,200701
129,99,200701
129,26,200701
129,102,200701
129,136,200701
129,6,200701
129,178,200701
129,4,200701
129,10,200701
129,19,200701
129,46,200701
129,14,200701
129,32,200701
129,43,200701
129,71,200701
129,1129,200701
129,217,200701
129,284,200701
129,16,200701
129,18,200701
129,40,200701
129,64,200701
129,83,200701
129,13,200701
129,17,200701
129,52,200701
129,25,200701
129,108,200701
129,29,200701
129,59,200701
129,48,200701
129,137,200701
129,97,200701
130,777,200701
130,96,200701
130,299,200701
130,17,200701
130,20,200701
130,274,200701
130,11,200701
130,136,200701
130,1,200701
131,433,200701
131,66,200701
131,77,200701
131,159,200701
131,55,200701
131,26,200701
131,208,200701
131,544,200701
131,320,200701
131,11,200701
131,40,200701
131,21,200701
131,192,200701
131,19,200701
131,59,200701
131,282,200701
131,139,200701
131,276,200701
131,14,200701
131,81,200701
131,234,200701
131,304,200701
131,181,200701
131,262,200701
131,64,200701
131,666,200701
131,346,200701
131,1169,200701
131,97,200701
131,60,200701
131,13,200701
131,28,200701
131,6,200701
131,99,200701
131,136,200701
131,160,200701
131,16,200701
131,18,200701
131,154,200701
131,137,200701
131,29,200701
131,146,200701
131,54,200701
131,32,200701
132,23,200701
132,433,200701
132,160,200701
132,12,200701
132,247,200701
132,69,200701
132,138,200701
132,501,200701
132,143,200701
132,159,200701
132,6,200701
132,15,200701
132,104,200701
132,32,200701
132,126,200701
132,362,200701
132,74,200701
132,205,200701
132,47,200701
132,211,200701
132,214,200701
132,169,200701
132,152,200701
132,101,200701
132,46,200701
132,81,200701
132,24,200701
132,97,200701
132,13,200701
132,134,200701
132,16,200701
132,121,200701
132,45,200701
132,170,200701
132,52,200701
132,19,200701
132,534,200701
132,17,200701
132,346,200701
132,26,200701
132,154,200701
132,99,200701
132,11,200701
132,29,200701
132,266,200701
132,54,200701
132,18,200701
132,25,200701
132,10,200701
132,136,200701
132,146,200701
132,1,200701
132,137,200701
133,160,200701
133,77,200701
133,17,200701
133,143,200701
133,48,200701
133,2,200701
133,154,200701
133,165,200701
133,53,200701
133,1274,200701
133,96,200701
133,105,200701
133,59,200701
133,12,200701
133,19,200701
133,14,200701
133,32,200701
133,27,200701
133,25,200701
133,0,200701
133,51,200701
133,183,200701
133,29,200701
133,102,200701
133,69,200701
133,136,200701
133,81,200701
133,10,200701
133,4,200701
133,31,200701
133,85,200701
133,60,200701
133,11,200701
133,135,200701
133,107,200701
133,1,200701
133,20,200701
133,137,200701
133,112,200701
133,21,200701
133,5,200701
134,176,200701
134,433,200701
134,114,200701
134,289,200701
134,6,200701
134,160,200701
134,13,200701
134,80,200701
134,188,200701
134,156,200701
134,82,200701
134,163,200701
134,16,200701
134,12,200701
134,14,200701
134,76,200701
134,117,200701
134,94,200701
134,57,200701
134,19,200701
134,97,200701
134,83,200701
134,32,200701
134,99,200701
134,26,200701
134,46,200701
134,146,200701
134,64,200701
134,59,200701
134,29,200701
135,463,200701
135,99,200701
135,234,200701
135,38,200701
135,455,200701
135,102,200701
135,950,200701
135,116,200701
135,543,200701
135,137,200701
135,192,200701
135,120,200701
135,458,200701
135,178,200701
135,1775,200701
135,444,200701
135,287,200701
135,12,200701
135,142,200701
135,108,200701
135,14,200701
135,20,200701
135,40,200701
135,26,200701
135,722,200701
135,18,200701
135,48,200701
135,11,200701
135,35,200701
135,30,200701
135,10,200701
135,13,200701
135,160,200701
135,2,200701
135,154,200701
135,143,200701
135,0,200701
135,31,200701
135,149,200701
135,274,200701
135,267,200701
135,97,200701
135,6,200701
135,17,200701
135,183,200701
135,133,200701
135,165,200701
135,100,200701
135,23,200701
135,72,200701
135,9,200701
135,36,200701
135,46,200701
135,124,200701
135,85,200701
135,16,200701
135,113,200701
135,107,200701
135,157,200701
135,22,200701
135,112,200701
135,139,200701
135,96,200701
135,180,200701
135,80,200701
135,52,200701
135,94,200701
135,51,200701
135,21,200701
135,83,200701
135,60,200701
135,32,200701
135,155,200701
135,77,200701
135,4,200701
135,119,200701
135,28,200701
135,92,200701
135,64,200701
135,136,200701
135,19,200701
135,81,200701
135,5,200701
135,27,200701
135,1,200701
136,121,200701
136,143,200701
136,5,200701
136,138,200701
136,13,200701
136,4,200701
136,175,200701
136,160,200701
136,433,200701
136,176,200701
136,107,200701
136,81,200701
136,20,200701
136,30,200701
136,1,200701
136,11,200701
136,62,200701
136,28,200701
136,112,200701
136,27,200701
136,77,200701
136,23,200701
136,183,200701
136,137,200701
136,18,200701
136,71,200701
136,152,200701
136,135,200701
136,32,200701
136,197,200701
136,55,200701
136,941,200701
136,126,200701
136,96,200701
136,10,200701
136,29,200701
136,165,200701
136,60,200701
136,16,200701
136,19,200701
136,69,200701
136,371,200701
136,131,200701
136,26,200701
136,198,200701
136,157,200701
136,113,200701
136,99,200701
136,757,200701
136,36,200701
136,181,200701
136,9,200701
136,80,200701
136,54,200701
136,102,200701
136,2,200701
136,51,200701
136,85,200701
136,46,200701
136,92,200701
136,247,200701
136,336,200701
136,17,200701
136,228,200701
136,40,200701
136,274,200701
136,133,200701
136,120,200701
136,48,200701
136,6,200701
136,88,200701
136,64,200701
136,41,200701
136,548,200701
136,34,200701
136,35,200701
136,14,200701
136,97,200701
136,100,200701
136,108,200701
136,117,200701
136,154,200701
136,227,200701
136,803,200701
136,52,200701
136,981,200701
136,346,200701
136,1169,200701
136,982,200701
136,891,200701
136,804,200701
136,834,200701
136,537,200701
136,25,200701
136,148,200701
136,155,200701
136,132,200701
136,243,200701
136,407,200701
136,12,200701
136,762,200701
136,480,200701
136,415,200701
136,83,200701
136,492,200701
136,15,200701
136,738,200701
136,116,200701
136,8,200701
136,588,200701
136,502,200701
136,361,200701
136,330,200701
136,359,200701
136,70,200701
136,950,200701
136,221,200701
136,862,200701
136,150,200701
136,299,200701
136,163,200701
136,68,200701
136,307,200701
136,169,200701
136,130,200701
136,358,200701
136,7,200701
136,146,200701
136,166,200701
136,376,200701
136,184,200701
136,261,200701
136,101,200701
136,72,200701
136,372,200701
136,67,200701
136,303,200701
136,153,200701
136,544,200701
136,31,200701
136,24,200701
136,105,200701
136,84,200701
136,111,200701
136,189,200701
136,124,200701
136,33,200701
136,104,200701
136,110,200701
136,177,200701
136,147,200701
136,122,200701
136,139,200701
136,125,200701
136,22,200701
136,265,200701
136,75,200701
136,164,200701
136,53,200701
136,213,200701
136,86,200701
136,59,200701
136,61,200701
136,21,200701
136,89,200701
136,0,200701
137,62,200701
137,5,200701
137,77,200701
137,121,200701
137,39,200701
137,69,200701
137,110,200701
137,143,200701
137,339,200701
137,165,200701
137,29,200701
137,2,200701
137,25,200701
137,112,200701
137,160,200701
137,194,200701
137,99,200701
137,138,200701
137,136,200701
137,175,200701
137,96,200701
137,1,200701
137,433,200701
137,31,200701
137,27,200701
137,23,200701
137,60,200701
137,97,200701
137,6,200701
137,61,200701
137,70,200701
137,327,200701
137,303,200701
137,4,200701
137,188,200701
137,107,200701
137,270,200701
137,64,200701
137,146,200701
137,22,200701
137,117,200701
137,86,200701
137,18,200701
137,13,200701
137,51,200701
137,81,200701
137,129,200701
137,320,200701
137,45,200701
137,133,200701
137,35,200701
137,46,200701
137,181,200701
137,12,200701
137,32,200701
137,36,200701
137,126,200701
137,40,200701
137,213,200701
137,11,200701
137,142,200701
137,100,200701
137,26,200701
137,102,200701
137,78,200701
137,76,200701
137,265,200701
137,1147,200701
137,1291,200701
137,14,200701
137,197,200701
137,1017,200701
137,21,200701
137,521,200701
137,388,200701
137,885,200701
137,125,200701
137,20,200701
137,172,200701
137,135,200701
137,224,200701
137,371,200701
137,198,200701
137,193,200701
137,163,200701
137,9,200701
137,24,200701
137,10,200701
137,159,200701
137,216,200701
137,176,200701
137,393,200701
137,189,200701
137,671,200701
137,34,200701
137,1190,200701
137,341,200701
137,118,200701
137,131,200701
137,169,200701
137,390,200701
137,336,200701
137,244,200701
137,65,200701
137,54,200701
137,307,200701
137,344,200701
137,333,200701
137,58,200701
137,152,200701
137,19,200701
137,483,200701
137,16,200701
137,153,200701
137,57,200701
137,101,200701
137,355,200701
137,309,200701
137,150,200701
137,220,200701
137,544,200701
137,15,200701
137,156,200701
137,17,200701
137,149,200701
137,7,200701
137,59,200701
137,72,200701
137,495,200701
137,132,200701
137,47,200701
137,104,200701
137,157,200701
137,38,200701
137,120,200701
137,92,200701
137,116,200701
137,98,200701
137,71,200701
137,139,200701
137,80,200701
137,115,200701
137,161,200701
137,52,200701
137,89,200701
137,53,200701
137,124,200701
137,83,200701
137,0,200701
137,108,200701
137,154,200701
137,48,200701
137,113,200701
137,28,200701
137,85,200701
138,339,200701
138,296,200701
138,5,200701
138,269,200701
138,23,200701
138,16,200701
138,247,200701
138,51,200701
138,143,200701
138,110,200701
138,159,200701
138,6,200701
138,32,200701
138,52,200701
138,132,200701
138,501,200701
138,175,200701
138,397,200701
138,137,200701
138,97,200701
138,29,200701
138,170,200701
138,27,200701
138,250,200701
138,136,200701
138,160,200701
138,433,200701
138,25,200701
138,154,200701
138,165,200701
138,59,200701
138,18,200701
138,2,200701
138,354,200701
138,375,200701
138,266,200701
138,10,200701
139,48,200701
139,160,200701
139,375,200701
139,108,200701
139,41,200701
139,36,200701
139,433,200701
139,97,200701
139,266,200701
139,58,200701
139,110,200701
139,13,200701
139,189,200701
139,26,200701
139,83,200701
139,102,200701
139,14,200701
139,17,200701
139,107,200701
139,21,200701
139,135,200701
139,32,200701
139,860,200701
139,176,200701
139,64,200701
139,38,200701
139,181,200701
139,22,200701
139,142,200701
139,10,200701
139,18,200701
139,27,200701
139,120,200701
139,28,200701
139,5,200701
139,16,200701
139,129,200701
139,1,200701
139,146,200701
139,117,200701
139,81,200701
139,126,200701
139,1147,200701
139,25,200701
139,769,200701
139,6,200701
139,208,200701
139,40,200701
139,19,200701
139,77,200701
139,75,200701
139,154,200701
139,29,200701
139,99,200701
139,197,200701
139,119,200701
139,52,200701
139,35,200701
139,136,200701
139,178,200701
139,54,200701
139,60,200701
139,137,200701
139,46,200701
139,59,200701
140,160,200701
140,281,200701
140,143,200701
140,95,200701
140,433,200701
140,19,200701
140,60,200701
140,38,200701
140,120,200701
140,15,200701
140,132,200701
140,45,200701
140,97,200701
140,14,200701
140,178,200701
140,64,200701
140,32,200701
140,29,200701
140,46,200701
140,26,200701
140,375,200701
140,266,200701
140,146,200701
141,45,200701
141,1147,200701
141,433,200701
141,327,200701
141,250,200701
141,143,200701
141,60,200701
141,160,200701
141,32,200701
141,97,200701
141,46,200701
141,146,200701
142,5,200701
142,381,200701
142,143,200701
142,62,200701
142,160,200701
142,10,200701
142,13,200701
142,77,200701
142,117,200701
142,401,200701
142,14,200701
142,19,200701
142,433,200701
142,126,200701
142,35,200701
142,31,200701
142,99,200701
142,106,200701
142,29,200701
142,81,200701
142,157,200701
142,101,200701
142,97,200701
142,234,200701
142,197,200701
142,896,200701
142,58,200701
142,742,200701
142,74,200701
142,21,200701
142,72,200701
142,120,200701
142,24,200701
142,92,200701
142,76,200701
142,85,200701
142,108,200701
142,51,200701
142,154,200701
142,83,200701
142,165,200701
142,135,200701
142,40,200701
142,137,200701
142,0,200701
142,26,200701
142,739,200701
142,463,200701
142,80,200701
142,96,200701
142,36,200701
142,27,200701
142,133,200701
142,18,200701
142,2,200701
142,17,200701
142,11,200701
142,48,200701
142,60,200701
142,139,200701
142,52,200701
142,180,200701
142,6,200701
142,146,200701
142,1,200701
142,16,200701
142,59,200701
142,64,200701
142,32,200701
142,46,200701
143,23,200701
143,80,200701
143,83,200701
143,165,200701
143,110,200701
143,34,200701
143,10,200701
143,93,200701
143,89,200701
143,51,200701
143,102,200701
143,104,200701
143,170,200701
143,118,200701
143,247,200701
143,30,200701
143,64,200701
143,501,200701
143,96,200701
143,40,200701
143,188,200701
143,22,200701
143,2,200701
143,18,200701
143,35,200701
143,124,200701
143,39,200701
143,29,200701
143,32,200701
143,176,200701
143,160,200701
143,132,200701
143,72,200701
143,159,200701
143,282,200701
143,97,200701
143,140,200701
143,137,200701
143,59,200701
143,0,200701
143,113,200701
143,52,200701
143,9,200701
143,121,200701
143,155,200701
143,281,200701
143,339,200701
143,195,200701
143,157,200701
143,139,200701
143,76,200701
143,85,200701
143,48,200701
143,180,200701
143,15,200701
143,138,200701
143,36,200701
143,46,200701
143,375,200701
143,19,200701
143,28,200701
143,136,200701
143,296,200701
143,133,200701
143,107,200701
143,69,200701
143,455,200701
143,12,200701
143,60,200701
143,1115,200701
143,11,200701
143,13,200701
143,5,200701
143,129,200701
143,38,200701
143,154,200701
143,183,200701
143,1,200701
143,14,200701
143,101,200701
143,61,200701
143,6,200701
143,54,200701
143,142,200701
143,16,200701
143,25,200701
143,17,200701
143,27,200701
143,100,200701
143,120,200701
143,126,200701
143,112,200701
143,62,200701
143,422,200701
143,117,200701
143,58,200701
143,41,200701
143,94,200701
143,43,200701
143,98,200701
143,208,200701
143,79,200701
143,108,200701
143,66,200701
143,135,200701
143,21,200701
143,20,200701
143,1147,200701
143,146,200701
143,26,200701
143,92,200701
143,99,200701
144,160,200701
144,61,200701
144,44,200701
144,233,200701
144,433,200701
144,16,200701
144,146,200701
144,122,200701
144,97,200701
144,96,200701
144,346,200701
144,32,200701
144,18,200701
144,29,200701
145,77,200701
145,32,200701
145,29,200701
145,1169,200701
145,160,200701
145,346,200701
145,18,200701
146,160,200701
146,41,200701
146,63,200701
146,192,200701
146,126,200701
146,14,200701
146,362,200701
146,155,200701
146,44,200701
146,182,200701
146,341,200701
146,435,200701
146,145,200701
146,131,200701
146,43,200701
146,88,200701
146,242,200701
146,19,200701
146,28,200701
146,336,200701
146,60,200701
146,94,200701
146,102,200701
146,32,200701
146,154,200701
146,97,200701
146,16,200701
146,106,200701
146,59,200701
146,224,200701
146,181,200701
146,249,200701
146,139,200701
146,29,200701
146,134,200701
146,31,200701
146,114,200701
146,71,200701
146,18,200701
146,169,200701
146,6,200701
146,129,200701
146,188,200701
146,250,200701
146,143,200701
146,65,200701
146,58,200701
146,45,200701
146,108,200701
146,101,200701
146,157,200701
146,35,200701
146,12,200701
146,137,200701
146,98,200701
146,57,200701
146,205,200701
146,54,200701
146,104,200701
146,83,200701
146,95,200701
146,55,200701
146,61,200701
146,24,200701
146,180,200701
146,136,200701
146,81,200701
146,120,200701
146,64,200701
146,46,200701
146,320,200701
146,75,200701
146,74,200701
146,38,200701
146,53,200701
146,170,200701
146,208,200701
146,237,200701
146,544,200701
146,80,200701
146,13,200701
146,96,200701
146,99,200701
146,40,200701
146,26,200701
146,72,200701
146,15,200701
146,171,200701
146,89,200701
146,175,200701
146,140,200701
146,117,200701
146,9,200701
146,79,200701
146,176,200701
146,0,200701
146,62,200701
146,113,200701
146,85,200701
146,52,200701
146,198,200701
146,142,200701
146,2,200701
146,141,200701
146,39,200701
146,36,200701
146,124,200701
146,25,200701
146,78,200701
146,132,200701
146,76,200701
146,100,200701
146,27,200701
146,77,200701
146,51,200701
146,66,200701
146,1,200701
146,20,200701
146,4,200701
146,48,200701
146,10,200701
146,17,200701
146,11,200701
147,160,200701
147,221,200701
147,67,200701
147,330,200701
147,153,200701
147,169,200701
147,372,200701
147,43,200701
147,1169,200701
147,18,200701
147,11,200701
147,136,200701
148,515,200701
148,9,200701
148,136,200701
149,85,200701
149,115,200701
149,393,200701
149,27,200701
149,100,200701
149,157,200701
149,21,200701
149,47,200701
149,0,200701
149,14,200701
149,133,200701
149,2,200701
149,9,200701
149,1,200701
149,165,200701
149,96,200701
149,10,200701
149,92,200701
149,25,200701
149,137,200701
149,274,200701
150,143,200701
150,5,200701
150,130,200701
150,213,200701
150,23,200701
150,17,200701
150,30,200701
150,165,200701
150,53,200701
150,86,200701
150,11,200701
150,28,200701
150,26,200701
150,51,200701
150,34,200701
150,96,200701
150,261,200701
150,31,200701
150,103,200701
150,346,200701
150,136,200701
150,10,200701
150,4,200701
150,20,200701
150,1,200701
150,137,200701
151,178,200701
151,77,200701
151,40,200701
151,266,200701
152,132,200701
152,12,200701
152,77,200701
152,813,200701
152,117,200701
152,327,200701
152,116,200701
152,32,200701
152,40,200701
152,16,200701
152,101,200701
152,154,200701
152,54,200701
152,136,200701
152,64,200701
152,81,200701
152,97,200701
152,46,200701
152,160,200701
152,137,200701
152,25,200701
153,147,200701
153,32,200701
153,72,200701
153,228,200701
153,28,200701
153,31,200701
153,6,200701
153,136,200701
153,11,200701
153,18,200701
153,29,200701
153,97,200701
153,25,200701
153,137,200701
154,175,200701
154,77,200701
154,138,200701
154,165,200701
154,433,200701
154,143,200701
154,160,200701
154,144,200701
154,18,200701
154,76,200701
154,4,200701
154,64,200701
154,98,200701
154,195,200701
154,45,200701
154,97,200701
154,120,200701
154,99,200701
154,43,200701
154,149,200701
154,25,200701
154,101,200701
154,170,200701
154,123,200701
154,249,200701
154,40,200701
154,146,200701
154,155,200701
154,112,200701
154,38,200701
154,274,200701
154,136,200701
154,224,200701
154,29,200701
154,180,200701
154,1,200701
154,31,200701
154,0,200701
154,116,200701
154,107,200701
154,17,200701
154,10,200701
154,113,200701
154,355,200701
154,102,200701
154,1147,200701
154,27,200701
154,23,200701
154,51,200701
154,60,200701
154,93,200701
154,314,200701
154,888,200701
154,503,200701
154,85,200701
154,19,200701
154,267,200701
154,522,200701
154,394,200701
154,2,200701
154,251,200701
154,21,200701
154,5,200701
154,1482,200701
154,54,200701
154,132,200701
154,275,200701
154,375,200701
154,544,200701
154,83,200701
154,59,200701
154,296,200701
154,14,200701
154,28,200701
154,46,200701
154,32,200701
154,131,200701
154,24,200701
154,96,200701
154,13,200701
154,11,200701
154,15,200701
154,124,200701
154,81,200701
154,34,200701
154,9,200701
154,52,200701
154,72,200701
154,80,200701
154,139,200701
154,100,200701
154,16,200701
154,48,200701
154,6,200701
154,108,200701
154,20,200701
154,12,200701
154,92,200701
154,26,200701
154,35,200701
154,135,200701
154,137,200701
155,79,200701
155,32,200701
155,160,200701
155,19,200701
155,143,200701
155,6,200701
155,433,200701
155,107,200701
155,2,200701
155,126,200701
155,18,200701
155,9,200701
155,237,200701
155,122,200701
155,154,200701
155,355,200701
155,137,200701
155,65,200701
155,183,200701
155,45,200701
155,77,200701
155,157,200701
155,76,200701
155,769,200701
155,12,200701
155,10,200701
155,54,200701
155,80,200701
155,99,200701
155,4,200701
155,0,200701
155,81,200701
155,25,200701
155,165,200701
155,112,200701
155,60,200701
155,133,200701
155,46,200701
155,5,200701
155,27,200701
155,36,200701
155,17,200701
155,83,200701
155,28,200701
155,40,200701
155,139,200701
155,48,200701
155,92,200701
155,26,200701
155,1,200701
155,29,200701
155,59,200701
155,16,200701
155,146,200701
155,64,200701
155,97,200701
155,135,200701
155,108,200701
155,14,200701
156,224,200701
156,433,200701
156,101,200701
156,35,200701
156,102,200701
156,45,200701
156,320,200701
156,6,200701
156,142,200701
156,165,200701
156,40,200701
156,14,200701
156,0,200701
156,25,200701
156,1,200701
156,154,200701
156,59,200701
156,26,200701
156,135,200701
156,54,200701
156,99,200701
156,97,200701
156,100,200701
156,108,200701
156,29,200701
156,48,200701
156,46,200701
156,60,200701
156,160,200701
156,137,200701
157,143,200701
157,0,200701
157,6,200701
157,118,200701
157,433,200701
157,274,200701
157,208,200701
157,63,200701
157,47,200701
157,2,200701
157,115,200701
157,45,200701
157,16,200701
157,287,200701
157,155,200701
157,64,200701
157,19,200701
157,871,200701
157,112,200701
157,14,200701
157,176,200701
157,5,200701
157,346,200701
157,146,200701
157,99,200701
157,17,200701
157,29,200701
157,32,200701
157,60,200701
157,46,200701
157,135,200701
157,97,200701
157,160,200701
157,25,200701
157,92,200701
157,137,200701
158,249,200701
158,167,200701
158,59,200701
158,178,200701
158,46,200701
158,97,200701
159,165,200701
159,143,200701
159,339,200701
159,31,200701
159,282,200701
159,160,200701
159,29,200701
159,77,200701
159,188,200701
159,652,200701
159,12,200701
159,34,200701
159,346,200701
159,375,200701
159,137,200701
159,18,200701
159,10,200701
159,97,200701
160,142,200701
160,144,200701
160,35,200701
160,175,200701
160,84,200701
160,101,200701
160,195,200701
160,155,200701
160,38,200701
160,78,200701
160,57,200701
160,40,200701
160,146,200701
160,281,200701
160,0,200701
160,154,200701
160,139,200701
160,5,200701
160,129,200701
160,137,200701
160,60,200701
160,51,200701
160,102,200701
160,29,200701
160,11,200701
160,43,200701
160,12,200701
160,552,200701
160,14,200701
160,64,200701
160,77,200701
160,31,200701
160,76,200701
160,180,200701
160,22,200701
160,15,200701
160,216,200701
160,24,200701
160,52,200701
160,72,200701
160,197,200701
160,89,200701
160,27,200701
160,97,200701
160,98,200701
160,95,200701
160,10,200701
160,61,200701
160,2,200701
160,165,200701
160,18,200701
160,23,200701
160,107,200701
160,147,200701
160,21,200701
160,54,200701
160,59,200701
160,100,200701
160,339,200701
160,112,200701
160,30,200701
160,46,200701
160,131,200701
160,132,200701
160,110,200701
160,13,200701
160,176,200701
160,44,200701
160,48,200701
160,181,200701
160,69,200701
160,234,200701
160,138,200701
160,85,200701
160,134,200701
160,45,200701
160,136,200701
160,1,200701
160,143,200701
160,32,200701
160,183,200701
160,108,200701
160,19,200701
160,80,200701
160,133,200701
160,9,200701
160,118,200701
160,6,200701
160,79,200701
160,104,200701
160,194,200701
160,113,200701
160,16,200701
160,224,200701
160,39,200701
160,188,200701
160,41,200701
160,433,200701
160,512,200701
160,1563,200701
160,96,200701
160,70,200701
160,83,200701
160,28,200701
160,115,200701
160,117,200701
160,1115,200701
160,159,200701
160,34,200701
160,140,200701
160,53,200701
160,20,200701
160,25,200701
160,93,200701
160,126,200701
160,120,200701
160,62,200701
160,4,200701
160,17,200701
160,265,200701
160,33,200701
160,184,200701
160,327,200701
160,211,200701
160,242,200701
160,860,200701
160,445,200701
160,135,200701
160,92,200701
160,171,200701
160,250,200701
160,36,200701
160,71,200701
160,935,200701
160,318,200701
160,309,200701
160,198,200701
160,141,200701
160,871,200701
160,65,200701
160,341,200701
160,543,200701
160,379,200701
160,393,200701
160,163,200701
160,81,200701
160,249,200701
160,58,200701
160,544,200701
160,152,200701
160,157,200701
160,156,200701
160,355,200701
160,124,200701
160,26,200701
160,99,200701
161,354,200701
161,143,200701
161,138,200701
161,197,200701
161,15,200701
161,242,200701
161,175,200701
161,16,200701
161,83,200701
161,97,200701
161,165,200701
161,5,200701
161,10,200701
161,25,200701
161,137,200701
163,269,200701
163,15,200701
163,433,200701
163,188,200701
163,140,200701
163,452,200701
163,92,200701
163,234,200701
163,122,200701
163,341,200701
163,39,200701
163,76,200701
163,346,200701
163,29,200701
163,137,200701
163,60,200701
163,97,200701
163,160,200701
163,136,200701
163,32,200701
163,18,200701
164,84,200701
164,48,200701
164,169,200701
164,83,200701
164,27,200701
164,96,200701
164,86,200701
164,88,200701
164,28,200701
164,10,200701
164,223,200701
164,18,200701
164,22,200701
164,51,200701
164,183,200701
164,30,200701
164,4,200701
164,136,200701
164,11,200701
165,160,200701
165,96,200701
165,31,200701
165,62,200701
165,27,200701
165,433,200701
165,143,200701
165,282,200701
165,175,200701
165,198,200701
165,85,200701
165,138,200701
165,137,200701
165,1,200701
165,2,200701
165,1182,200701
165,154,200701
165,906,200701
165,341,200701
165,26,200701
165,22,200701
165,444,200701
165,108,200701
165,105,200701
165,146,200701
165,12,200701
165,99,200701
165,150,200701
165,261,200701
165,157,200701
165,47,200701
165,17,200701
165,80,200701
165,136,200701
165,113,200701
165,23,200701
165,10,200701
165,59,200701
165,155,200701
165,21,200701
165,346,200701
165,0,200701
165,11,200701
165,1169,200701
165,5,200701
165,135,200701
165,149,200701
165,60,200701
165,115,200701
165,14,200701
165,28,200701
165,25,200701
165,92,200701
165,29,200701
165,97,200701
165,274,200701
166,372,200701
166,136,200701
167,97,200701
167,80,200701
167,141,200701
167,31,200701
167,65,200701
168,203,200701
169,147,200701
169,2,200701
169,303,200701
169,40,200701
169,132,200701
169,137,200701
169,129,200701
169,19,200701
169,183,200701
169,146,200701
169,97,200701
169,136,200701
169,11,200701
169,29,200701
170,16,200701
170,19,200701
170,138,200701
170,296,200701
170,143,200701
170,159,200701
170,77,200701
170,97,200701
170,79,200701
170,59,200701
170,78,200701
170,54,200701
170,15,200701
170,205,200701
170,304,200701
170,6,200701
170,193,200701
170,444,200701
170,81,200701
170,53,200701
170,32,200701
170,10,200701
170,375,200701
170,266,200701
170,29,200701
170,146,200701
170,18,200701
171,206,200701
171,77,200701
171,65,200701
171,208,200701
171,80,200701
171,117,200701
171,125,200701
171,97,200701
171,18,200701
171,32,200701
171,29,200701
171,146,200701
172,129,200701
172,13,200701
172,6,200701
172,14,200701
172,32,200701
172,99,200701
172,18,200701
172,29,200701
172,64,200701
172,173,200701
172,48,200701
172,97,200701
172,19,200701
172,46,200701
172,59,200701
172,35,200701
173,194,200701
173,129,200701
173,99,200701
173,64,200701
173,1129,200701
173,46,200701
173,97,200701
173,172,200701
173,35,200701
174,24,200701
174,18,200701
175,247,200701
175,27,200701
175,31,200701
175,51,200701
175,100,200701
175,112,200701
175,18,200701
175,48,200701
175,89,200701
175,97,200701
175,138,200701
175,207,200701
175,339,200701
175,137,200701
175,6,200701
175,60,200701
175,154,200701
175,35,200701
175,17,200701
175,52,200701
175,165,200701
175,136,200701
175,117,200701
175,83,200701
175,19,200701
175,23,200701
175,160,200701
175,111,200701
175,93,200701
175,45,200701
175,16,200701
175,375,200701
175,266,200701
175,32,200701
175,146,200701
175,29,200701
176,387,200701
176,143,200701
176,160,200701
176,77,200701
176,6,200701
176,433,200701
176,14,200701
176,120,200701
176,188,200701
176,27,200701
176,72,200701
176,18,200701
176,544,200701
176,80,200701
176,12,200701
176,144,200701
176,341,200701
176,2,200701
176,9,200701
176,13,200701
176,39,200701
176,0,200701
176,81,200701
176,19,200701
176,11,200701
176,46,200701
176,40,200701
176,32,200701
176,146,200701
176,29,200701
176,64,200701
176,16,200701
176,137,200701
176,97,200701
177,49,200701
177,69,200701
177,872,200701
177,113,200701
177,121,200701
177,9,200701
177,1169,200701
177,11,200701
177,346,200701
177,10,200701
177,51,200701
177,136,200701
177,4,200701
178,35,200701
178,102,200701
178,813,200701
178,482,200701
178,39,200701
178,769,200701
178,151,200701
178,140,200701
178,75,200701
178,126,200701
178,288,200701
178,76,200701
178,120,200701
178,81,200701
178,16,200701
178,342,200701
178,101,200701
178,83,200701
178,180,200701
178,45,200701
178,32,200701
178,40,200701
178,46,200701
178,100,200701
178,60,200701
178,97,200701
178,320,200701
178,36,200701
178,139,200701
178,108,200701
178,48,200701
180,112,200701
180,6,200701
180,95,200701
180,766,200701
180,433,200701
180,281,200701
180,126,200701
180,62,200701
180,55,200701
180,52,200701
180,160,200701
180,32,200701
180,188,200701
180,174,200701
180,140,200701
180,137,200701
180,46,200701
180,78,200701
180,80,200701
180,24,200701
180,41,200701
180,72,200701
180,14,200701
180,157,200701
180,35,200701
180,181,200701
180,742,200701
180,143,200701
180,5,200701
180,38,200701
180,154,200701
180,136,200701
180,12,200701
180,92,200701
180,165,200701
180,81,200701
180,274,200701
180,29,200701
180,208,200701
180,25,200701
180,36,200701
180,0,200701
180,100,200701
180,31,200701
180,178,200701
180,40,200701
180,896,200701
180,19,200701
180,85,200701
180,96,200701
180,83,200701
180,13,200701
180,28,200701
180,60,200701
180,108,200701
180,26,200701
180,99,200701
180,142,200701
180,64,200701
180,18,200701
180,146,200701
180,59,200701
180,16,200701
180,10,200701
180,135,200701
180,97,200701
181,270,200701
181,433,200701
181,160,200701
181,80,200701
181,429,200701
181,54,200701
181,197,200701
181,27,200701
181,77,200701
181,34,200701
181,72,200701
181,142,200701
181,152,200701
181,216,200701
181,155,200701
181,26,200701
181,112,200701
181,14,200701
181,1,200701
181,15,200701
181,180,200701
181,24,200701
181,192,200701
181,16,200701
181,85,200701
181,102,200701
181,46,200701
181,156,200701
181,113,200701
181,29,200701
181,35,200701
181,19,200701
181,17,200701
181,97,200701
181,21,200701
181,346,200701
181,108,200701
181,146,200701
181,94,200701
181,136,200701
181,99,200701
181,18,200701
181,6,200701
181,60,200701
181,137,200701
181,25,200701
181,32,200701
182,79,200701
182,176,200701
182,198,200701
182,40,200701
182,163,200701
182,32,200701
182,65,200701
182,13,200701
182,19,200701
182,29,200701
182,16,200701
182,46,200701
182,97,200701
182,146,200701
183,143,200701
183,30,200701
183,501,200701
183,17,200701
183,914,200701
183,160,200701
183,787,200701
183,69,200701
183,11,200701
183,4,200701
183,147,200701
183,81,200701
183,132,200701
183,88,200701
183,107,200701
183,133,200701
183,97,200701
183,19,200701
183,24,200701
183,28,200701
183,72,200701
183,181,200701
183,32,200701
183,10,200701
183,23,200701
183,154,200701
183,6,200701
183,1169,200701
183,31,200701
183,113,200701
183,99,200701
183,300,200701
183,5,200701
183,1,200701
183,169,200701
183,136,200701
183,164,200701
183,112,200701
183,86,200701
183,228,200701
183,317,200701
183,105,200701
183,21,200701
183,29,200701
183,51,200701
183,18,200701
183,20,200701
184,215,200701
184,28,200701
184,51,200701
184,27,200701
184,165,200701
184,795,200701
184,133,200701
184,9,200701
184,17,200701
184,33,200701
184,10,200701
184,1,200701
184,136,200701
184,4,200701
184,11,200701
184,20,200701
185,186,200701
185,110,200701
185,1016,200701
185,525,200701
185,947,200701
185,651,200701
185,630,200701
185,556,200701
185,650,200701
185,665,200701
185,559,200701
185,699,200701
185,997,200701
185,474,200701
185,560,200701
185,571,200701
185,922,200701
185,926,200701
185,656,200701
185,697,200701
185,191,200701
185,937,200701
185,698,200701
185,657,200701
185,200,200701
186,185,200701
186,556,200701
186,560,200701
186,110,200701
186,559,200701
186,558,200701
186,474,200701
186,620,200701
186,997,200701
186,232,200701
186,1011,200701
186,555,200701
186,571,200701
186,1019,200701
186,473,200701
186,561,200701
186,897,200701
186,201,200701
186,922,200701
186,630,200701
186,190,200701
186,352,200701
187,138,200701
187,453,200701
188,160,200701
188,93,200701
188,124,200701
188,433,200701
188,143,200701
188,63,200701
188,362,200701
188,54,200701
188,197,200701
188,180,200701
188,73,200701
188,544,200701
188,931,200701
188,39,200701
188,19,200701
188,97,200701
188,146,200701
188,266,200701
188,32,200701
188,25,200701
188,10,200701
188,137,200701
189,23,200701
189,165,200701
189,22,200701
189,34,200701
189,274,200701
189,5,200701
189,183,200701
189,53,200701
189,112,200701
189,51,200701
189,4,200701
189,137,200701
189,11,200701
189,10,200701
189,136,200701
189,17,200701
189,1,200701
189,20,200701
190,696,200701
190,110,200701
190,1183,200701
190,235,200701
190,201,200701
190,186,200701
190,920,200701
190,897,200701
191,110,200701
191,185,200701
192,83,200701
192,160,200701
192,540,200701
192,65,200701
192,104,200701
192,181,200701
192,41,200701
192,32,200701
192,26,200701
192,19,200701
192,146,200701
192,46,200701
192,97,200701
192,64,200701
193,18,200701
193,282,200701
193,137,200701
193,32,200701
193,29,200701
194,52,200701
194,76,200701
194,77,200701
194,160,200701
194,129,200701
194,137,200701
194,97,200701
194,60,200701
194,6,200701
194,59,200701
195,6,200701
195,160,200701
195,433,200701
195,40,200701
195,176,200701
195,120,200701
195,66,200701
195,139,200701
195,375,200701
195,48,200701
195,60,200701
195,108,200701
195,266,200701
195,32,200701
195,19,200701
195,97,200701
195,29,200701
195,36,200701
196,448,200701
196,551,200701
196,367,200701
196,352,200701
196,226,200701
196,504,200701
196,365,200701
196,471,200701
196,489,200701
196,110,200701
196,1060,200701
196,705,200701
196,225,200701
196,378,200701
196,506,200701
196,470,200701
196,475,200701
196,547,200701
196,447,200701
196,366,200701
196,528,200701
196,377,200701
196,412,200701
196,402,200701
196,363,200701
196,424,200701
196,364,200701
196,425,200701
196,554,200701
196,472,200701
196,478,200701
196,351,200701
196,516,200701
196,418,200701
196,479,200701
196,625,200701
196,681,200701
196,578,200701
196,694,200701
196,595,200701
196,667,200701
196,400,200701
196,535,200701
196,882,200701
196,925,200701
196,236,200701
196,409,200701
196,526,200701
196,427,200701
196,127,200701
196,1134,200701
196,109,200701
196,4,200701
197,433,200701
197,545,200701
197,62,200701
197,77,200701
197,181,200701
197,160,200701
197,455,200701
197,342,200701
197,22,200701
197,52,200701
197,72,200701
197,100,200701
197,36,200701
197,440,200701
197,99,200701
197,19,200701
197,27,200701
197,346,200701
197,10,200701
197,18,200701
197,48,200701
197,108,200701
197,60,200701
197,32,200701
197,16,200701
197,54,200701
197,139,200701
197,29,200701
197,97,200701
198,165,200701
198,2,200701
198,31,200701
198,544,200701
198,76,200701
198,41,200701
198,332,200701
198,181,200701
198,136,200701
198,346,200701
198,160,200701
198,97,200701
198,137,200701
198,32,200701
198,146,200701
198,29,200701
200,697,200701
200,656,200701
200,937,200701
200,630,200701
200,698,200701
200,657,200701
200,185,200701
201,110,200701
201,235,200701
201,190,200701
201,897,200701
201,474,200701
203,87,200701
203,291,200701
203,168,200701
204,115,200701
204,96,200701
204,165,200701
204,756,200701
205,108,200701
205,40,200701
205,486,200701
205,181,200701
205,15,200701
205,282,200701
205,81,200701
205,170,200701
205,18,200701
205,32,200701
205,146,200701
205,19,200701
205,64,200701
206,180,200701
206,142,200701
206,117,200701
206,6,200701
206,237,200701
206,32,200701
206,15,200701
206,14,200701
206,27,200701
206,171,200701
206,198,200701
206,285,200701
206,266,200701
206,16,200701
206,19,200701
206,739,200701
207,401,200701
208,38,200701
208,143,200701
208,146,200701
208,347,200701
208,98,200701
208,105,200701
208,81,200701
208,131,200701
208,458,200701
208,142,200701
208,58,200701
208,36,200701
208,132,200701
208,83,200701
208,65,200701
208,117,200701
208,13,200701
208,19,200701
208,18,200701
208,97,200701
208,64,200701
208,108,200701
208,16,200701
208,139,200701
208,32,200701
208,99,200701
208,46,200701
208,29,200701
208,48,200701
208,60,200701
209,1,200701
210,826,200701
210,998,200701
211,2,200701
211,23,200701
211,53,200701
211,38,200701
211,1,200701
211,164,200701
211,70,200701
211,85,200701
211,10,200701
211,11,200701
211,20,200701
211,17,200701
211,25,200701
212,89,200701
213,17,200701
213,111,200701
213,77,200701
213,78,200701
213,45,200701
213,544,200701
213,64,200701
213,20,200701
213,165,200701
213,9,200701
213,26,200701
213,96,200701
213,247,200701
213,10,200701
213,154,200701
213,51,200701
213,222,200701
213,21,200701
213,18,200701
213,25,200701
213,11,200701
213,97,200701
213,136,200701
213,1,200701
213,29,200701
213,137,200701
213,4,200701
214,51,200701
214,22,200701
214,33,200701
214,346,200701
214,17,200701
214,20,200701
214,11,200701
214,4,200701
215,51,200701
215,184,200701
215,346,200701
216,140,200701
216,47,200701
216,116,200701
216,72,200701
216,97,200701
216,25,200701
216,137,200701
216,160,200701
217,97,200701
217,129,200701
217,6,200701
217,59,200701
219,41,200701
219,192,200701
219,83,200701
219,14,200701
220,85,200701
220,115,200701
220,346,200701
220,10,200701
220,25,200701
220,137,200701
221,147,200701
221,136,200701
222,748,200701
222,4,200701
222,747,200701
222,265,200701
222,70,200701
222,28,200701
222,346,200701
222,23,200701
222,879,200701
222,1169,200701
222,213,200701
222,11,200701
222,10,200701
223,164,200701
223,84,200701
223,131,200701
223,23,200701
223,53,200701
223,9,200701
223,227,200701
223,18,200701
223,4,200701
223,11,200701
224,433,200701
224,58,200701
224,160,200701
224,101,200701
224,92,200701
224,132,200701
224,102,200701
224,71,200701
224,154,200701
224,97,200701
224,146,200701
224,99,200701
224,137,200701
224,375,200701
224,46,200701
224,29,200701
224,25,200701
224,266,200701
225,196,200701
225,110,200701
225,475,200701
225,471,200701
225,470,200701
225,377,200701
225,378,200701
225,472,200701
225,351,200701
225,532,200701
225,352,200701
226,586,200701
226,465,200701
226,604,200701
226,110,200701
226,229,200701
226,573,200701
226,590,200701
226,574,200701
226,572,200701
226,589,200701
226,607,200701
226,231,200701
226,527,200701
226,352,200701
226,621,200701
226,351,200701
227,11,200701
227,268,200701
228,11,200701
228,183,200701
229,110,200701
229,824,200701
229,669,200701
229,196,200701
229,637,200701
229,594,200701
229,230,200701
229,636,200701
229,640,200701
229,663,200701
229,925,200701
230,594,200701
230,640,200701
230,600,200701
230,110,200701
230,231,200701
230,634,200701
230,636,200701
230,641,200701
230,638,200701
230,596,200701
230,635,200701
230,642,200701
230,232,200701
230,639,200701
230,603,200701
230,663,200701
230,229,200701
230,818,200701
230,253,200701
230,225,200701
230,254,200701
230,252,200701
231,643,200701
231,575,200701
231,110,200701
231,599,200701
231,232,200701
231,465,200701
231,576,200701
231,600,200701
231,351,200701
231,226,200701
231,639,200701
231,603,200701
231,658,200701
231,527,200701
231,230,200701
232,658,200701
232,253,200701
232,700,200701
232,603,200701
232,110,200701
232,597,200701
232,186,200701
232,258,200701
232,255,200701
232,601,200701
232,605,200701
232,591,200701
232,661,200701
232,273,200701
232,659,200701
232,642,200701
232,670,200701
232,644,200701
232,645,200701
232,818,200701
232,602,200701
232,254,200701
232,239,200701
232,558,200701
232,231,200701
232,598,200701
232,639,200701
232,257,200701
232,560,200701
232,643,200701
232,259,200701
232,624,200701
232,664,200701
232,256,200701
232,230,200701
232,252,200701
232,260,200701
232,465,200701
232,263,200701
232,599,200701
232,575,200701
232,226,200701
232,571,200701
232,638,200701
232,527,200701
232,594,200701
232,600,200701
232,236,200701
232,576,200701
232,351,200701
232,319,200701
233,144,200701
233,77,200701
233,99,200701
233,52,200701
233,135,200701
233,101,200701
233,9,200701
233,17,200701
233,10,200701
233,346,200701
233,1169,200701
233,32,200701
233,18,200701
234,908,200701
234,738,200701
234,762,200701
234,61,200701
234,160,200701
234,123,200701
234,802,200701
234,122,200701
234,38,200701
234,132,200701
234,154,200701
234,29,200701
234,143,200701
234,12,200701
234,131,200701
234,18,200701
235,110,200701
235,201,200701
235,190,200701
235,1588,200701
235,1081,200701
235,1056,200701
235,1381,200701
235,867,200701
236,110,200701
236,232,200701
236,627,200701
236,196,200701
236,525,200701
237,54,200701
237,157,200701
237,152,200701
237,117,200701
237,62,200701
237,233,200701
237,19,200701
237,81,200701
237,16,200701
237,46,200701
237,97,200701
237,60,200701
237,18,200701
237,6,200701
237,25,200701
237,32,200701
237,146,200701
238,133,200701
238,86,200701
238,4,200701
238,11,200701
239,232,200701
239,273,200701
240,457,200701
240,9,200701
241,143,200701
242,120,200701
242,29,200701
242,65,200701
242,146,200701
242,14,200701
242,198,200701
242,19,200701
242,154,200701
242,57,200701
242,1587,200701
242,18,200701
242,32,200701
243,89,200701
243,770,200701
243,8,200701
243,64,200701
243,7,200701
243,1,200701
243,17,200701
243,20,200701
244,137,200701
245,279,200701
245,110,200701
245,645,200701
247,138,200701
247,136,200701
247,110,200701
247,914,200701
247,433,200701
247,501,200701
247,17,200701
247,282,200701
247,51,200701
247,457,200701
247,69,200701
247,107,200701
247,23,200701
247,339,200701
247,213,200701
247,143,200701
247,175,200701
247,183,200701
247,5,200701
247,11,200701
247,274,200701
247,748,200701
247,137,200701
247,747,200701
247,810,200701
247,843,200701
248,11,200701
249,156,200701
249,43,200701
249,224,200701
249,237,200701
249,320,200701
249,81,200701
249,98,200701
249,132,200701
249,146,200701
249,60,200701
249,160,200701
249,97,200701
250,375,200701
250,137,200701
250,32,200701
250,34,200701
250,83,200701
250,13,200701
250,54,200701
250,278,200701
250,160,200701
250,146,200701
250,25,200701
250,46,200701
250,97,200701
251,154,200701
252,254,200701
252,232,200701
252,600,200701
252,230,200701
253,230,200701
253,232,200701
254,232,200701
254,252,200701
254,253,200701
254,230,200701
255,232,200701
255,257,200701
255,258,200701
255,260,200701
256,232,200701
256,263,200701
256,258,200701
256,260,200701
256,601,200701
257,259,200701
257,260,200701
257,258,200701
257,591,200701
257,232,200701
257,255,200701
257,601,200701
258,232,200701
259,232,200701
259,257,200701
259,591,200701
259,597,200701
260,259,200701
260,597,200701
260,257,200701
260,601,200701
260,255,200701
260,263,200701
260,256,200701
260,232,200701
261,5,200701
261,30,200701
261,96,200701
261,53,200701
261,22,200701
261,10,200701
261,11,200701
261,136,200701
261,1,200701
261,17,200701
261,20,200701
262,81,200701
262,18,200701
262,282,200701
263,232,200701
263,256,200701
263,601,200701
263,258,200701
263,597,200701
263,260,200701
265,433,200701
265,117,200701
265,54,200701
265,170,200701
265,150,200701
265,31,200701
265,28,200701
265,76,200701
265,38,200701
265,171,200701
265,154,200701
265,135,200701
265,132,200701
265,77,200701
265,11,200701
265,6,200701
265,25,200701
265,10,200701
265,18,200701
265,29,200701
265,136,200701
266,100,200701
266,158,200701
266,206,200701
266,54,200701
266,101,200701
266,178,200701
266,132,200701
266,1147,200701
266,124,200701
266,310,200701
266,1,200701
266,188,200701
266,342,200701
266,195,200701
266,104,200701
266,288,200701
266,151,200701
266,95,200701
266,710,200701
266,294,200701
266,61,200701
266,15,200701
266,66,200701
266,175,200701
266,170,200701
266,140,200701
266,224,200701
266,57,200701
266,79,200701
266,138,200701
267,107,200701
267,135,200701
267,154,200701
267,29,200701
268,11,200701
268,17,200701
268,5,200701
268,4,200701
269,138,200701
269,433,200701
269,60,200701
269,32,200701
269,29,200701
269,97,200701
270,181,200701
270,892,200701
270,137,200701
270,544,200701
270,176,200701
270,135,200701
270,18,200701
270,32,200701
270,29,200701
271,18,200701
273,232,200701
273,659,200701
273,239,200701
274,18,200701
274,282,200701
274,12,200701
274,17,200701
274,23,200701
274,0,200701
274,65,200701
274,433,200701
274,393,200701
274,58,200701
274,118,200701
274,98,200701
274,341,200701
274,14,200701
274,81,200701
274,97,200701
274,26,200701
274,160,200701
274,35,200701
274,92,200701
274,77,200701
274,19,200701
274,2,200701
274,1,200701
274,133,200701
274,31,200701
274,9,200701
274,119,200701
274,112,200701
274,107,200701
274,51,200701
274,346,200701
274,21,200701
274,136,200701
274,11,200701
274,130,200701
274,250,200701
274,60,200701
274,154,200701
274,5,200701
274,108,200701
274,28,200701
274,85,200701
274,27,200701
274,135,200701
274,47,200701
274,10,200701
274,93,200701
274,149,200701
274,165,200701
274,116,200701
274,124,200701
274,72,200701
274,25,200701
274,115,200701
274,96,200701
275,154,200701
276,391,200701
276,54,200701
276,74,200701
276,131,200701
276,814,200701
276,18,200701
276,29,200701
276,32,200701
277,19,200701
278,1147,200701
278,76,200701
278,46,200701
278,178,200701
278,134,200701
278,65,200701
278,100,200701
278,94,200701
278,495,200701
278,154,200701
278,36,200701
278,444,200701
278,40,200701
278,6,200701
278,81,200701
278,942,200701
278,362,200701
278,72,200701
278,77,200701
278,142,200701
278,18,200701
278,27,200701
278,26,200701
278,342,200701
278,137,200701
278,19,200701
278,13,200701
278,97,200701
279,245,200701
279,1,200701
279,914,200701
279,23,200701
279,5,200701
280,279,200701
281,914,200701
281,143,200701
281,6,200701
281,160,200701
281,135,200701
281,247,200701
281,59,200701
281,77,200701
281,18,200701
281,63,200701
281,346,200701
281,96,200701
281,1,200701
281,512,200701
282,159,200701
282,154,200701
282,453,200701
282,143,200701
282,175,200701
282,142,200701
282,1146,200701
282,274,200701
282,198,200701
282,27,200701
282,165,200701
282,31,200701
282,5,200701
282,138,200701
282,250,200701
282,46,200701
282,18,200701
282,205,200701
282,262,200701
282,15,200701
282,131,200701
283,26,200701
284,129,200701
285,14,200701
285,206,200701
285,135,200701
285,54,200701
285,739,200701
285,97,200701
285,13,200701
286,157,200701
287,237,200701
287,25,200701
287,157,200701
287,19,200701
287,46,200701
287,97,200701
288,83,200701
288,178,200701
288,1147,200701
288,97,200701
288,266,200701
289,134,200701
289,52,200701
289,13,200701
290,235,200701
290,808,200701
290,110,200701
291,203,200701
291,87,200701
292,29,200701
293,52,200701
293,746,200701
294,463,200701
294,178,200701
294,355,200701
294,101,200701
294,35,200701
294,285,200701
294,739,200701
294,322,200701
294,14,200701
294,266,200701
295,51,200701
296,143,200701
296,138,200701
296,154,200701
297,313,200701
297,102,200701
297,1193,200701
297,444,200701
297,26,200701
297,1130,200701
297,349,200701
297,1674,200701
297,13,200701
298,432,200701
298,18,200701
299,130,200701
299,96,200701
299,941,200701
299,1,200701
299,136,200701
300,30,200701
300,183,200701
300,4,200701
301,69,200701
301,317,200701
301,33,200701
301,4,200701
303,213,200701
303,10,200701
303,208,200701
303,444,200701
303,1363,200701
303,4,200701
303,0,200701
303,25,200701
303,20,200701
303,1,200701
303,17,200701
303,136,200701
303,29,200701
303,11,200701
304,14,200701
304,170,200701
304,15,200701
305,830,200701
305,684,200701
305,110,200701
305,225,200701
305,109,200701
305,633,200701
305,4,200701
306,110,200701
306,128,200701
306,427,200701
306,4,200701
306,109,200701
307,113,200701
307,136,200701
307,137,200701
309,156,200701
309,100,200701
309,160,200701
309,137,200701
310,170,200701
310,97,200701
310,73,200701
310,39,200701
310,98,200701
310,530,200701
311,50,200701
311,3,200701
311,872,200701
311,69,200701
311,4,200701
313,297,200701
313,26,200701
313,13,200701
313,349,200701
314,282,200701
314,433,200701
314,53,200701
314,752,200701
314,85,200701
314,115,200701
314,27,200701
314,154,200701
315,17,200701
315,20,200701
316,32,200701
317,872,200701
317,69,200701
317,301,200701
317,53,200701
317,112,200701
317,183,200701
317,11,200701
317,4,200701
318,160,200701
319,603,200701
319,643,200701
319,351,200701
319,575,200701
319,465,200701
319,527,200701
319,576,200701
319,110,200701
319,232,200701
320,39,200701
320,0,200701
320,249,200701
320,126,200701
320,135,200701
320,38,200701
320,83,200701
320,94,200701
320,435,200701
320,26,200701
320,63,200701
320,12,200701
320,102,200701
320,25,200701
320,208,200701
320,19,200701
320,52,200701
320,99,200701
320,46,200701
320,18,200701
320,77,200701
320,6,200701
320,97,200701
320,32,200701
320,146,200701
320,64,200701
320,178,200701
320,13,200701
322,35,200701
322,785,200701
323,7,200701
323,770,200701
323,89,200701
323,90,200701
326,152,200701
326,25,200701
327,27,200701
327,282,200701
327,72,200701
327,54,200701
327,341,200701
327,31,200701
327,25,200701
330,358,200701
330,136,200701
330,11,200701
332,13,200701
332,38,200701
332,63,200701
332,40,200701
332,144,200701
332,74,200701
332,32,200701
332,97,200701
332,64,200701
332,19,200701
333,1385,200701
333,314,200701
333,752,200701
333,652,200701
333,9,200701
333,115,200701
333,534,200701
333,731,200701
333,25,200701
333,137,200701
335,224,200701
335,124,200701
335,274,200701
335,25,200701
336,85,200701
336,80,200701
336,125,200701
336,136,200701
336,115,200701
336,9,200701
336,731,200701
336,752,200701
336,25,200701
336,137,200701
338,79,200701
338,32,200701
338,26,200701
338,19,200701
339,138,200701
339,27,200701
339,282,200701
339,143,200701
339,92,200701
339,115,200701
339,165,200701
339,31,200701
339,198,200701
339,57,200701
339,782,200701
339,151,200701
339,160,200701
339,137,200701
339,175,200701
339,433,200701
339,888,200701
339,72,200701
339,124,200701
339,25,200701
339,10,200701
340,25,200701
341,35,200701
341,81,200701
341,149,200701
341,83,200701
341,274,200701
341,134,200701
341,27,200701
341,1153,200701
341,29,200701
341,160,200701
341,48,200701
341,97,200701
341,137,200701
341,108,200701
341,25,200701
342,58,200701
342,45,200701
342,34,200701
342,544,200701
342,72,200701
342,19,200701
342,495,200701
342,278,200701
342,178,200701
342,46,200701
342,266,200701
342,97,200701
344,131,200701
344,137,200701
345,536,200701
345,1,200701
346,784,200701
346,215,200701
346,198,200701
346,51,200701
346,21,200701
346,163,200701
346,69,200701
346,197,200701
346,136,200701
346,274,200701
346,18,200701
346,29,200701
346,866,200701
346,115,200701
346,4,200701
346,159,200701
346,863,200701
346,34,200701
346,5,200701
346,74,200701
346,61,200701
346,132,200701
346,879,200701
346,131,200701
346,588,200701
346,30,200701
346,111,200701
346,165,200701
346,144,200701
346,54,200701
346,281,200701
346,150,200701
346,728,200701
346,22,200701
346,408,200701
346,181,200701
346,145,200701
346,122,200701
346,28,200701
346,121,200701
346,233,200701
346,222,200701
346,177,200701
347,797,200701
347,192,200701
347,97,200701
348,23,200701
348,17,200701
349,102,200701
349,313,200701
349,1674,200701
349,297,200701
349,13,200701
351,607,200701
351,660,200701
351,554,200701
351,110,200701
351,679,200701
351,425,200701
351,352,200701
351,587,200701
351,574,200701
351,606,200701
351,232,200701
351,572,200701
351,589,200701
351,226,200701
351,573,200701
351,760,200701
351,586,200701
351,604,200701
351,527,200701
351,678,200701
351,590,200701
351,576,200701
351,498,200701
351,471,200701
351,564,200701
351,565,200701
351,532,200701
351,196,200701
352,532,200701
352,625,200701
352,564,200701
352,425,200701
352,805,200701
352,477,200701
352,110,200701
352,226,200701
352,626,200701
352,694,200701
352,424,200701
352,622,200701
352,579,200701
352,621,200701
352,196,200701
352,484,200701
352,565,200701
352,679,200701
352,678,200701
352,623,200701
352,351,200701
352,693,200701
352,470,200701
352,225,200701
352,573,200701
352,186,200701
353,17,200701
354,126,200701
354,453,200701
354,904,200701
354,546,200701
354,97,200701
354,77,200701
354,6,200701
354,13,200701
354,18,200701
354,21,200701
354,507,200701
354,138,200701
355,35,200701
355,156,200701
355,114,200701
355,104,200701
355,54,200701
355,117,200701
355,140,200701
355,197,200701
355,38,200701
355,720,200701
355,97,200701
355,154,200701
355,29,200701
355,32,200701
355,108,200701
355,25,200701
355,137,200701
355,160,200701
357,1259,200701
357,1286,200701
357,1129,200701
358,147,200701
358,136,200701
359,891,200701
359,136,200701
360,899,200701
360,889,200701
360,40,200701
361,136,200701
362,187,200701
362,178,200701
362,180,200701
362,146,200701
362,160,200701
362,12,200701
362,58,200701
362,16,200701
362,97,200701
362,40,200701
362,32,200701
362,19,200701
363,196,200701
363,409,200701
363,366,200701
364,196,200701
364,400,200701
364,366,200701
364,551,200701
365,400,200701
365,364,200701
365,366,200701
365,196,200701
366,196,200701
366,400,200701
366,365,200701
366,418,200701
366,402,200701
366,551,200701
366,364,200701
366,363,200701
367,196,200701
368,27,200701
369,40,200701
371,17,200701
371,98,200701
371,6,200701
371,29,200701
371,97,200701
371,136,200701
371,25,200701
371,137,200701
371,11,200701
372,147,200701
372,1169,200701
372,166,200701
372,136,200701
373,16,200701
374,95,200701
374,16,200701
375,35,200701
375,139,200701
375,39,200701
375,100,200701
375,60,200701
375,143,200701
375,19,200701
375,433,200701
375,97,200701
375,266,200701
375,1147,200701
375,384,200701
375,205,200701
375,195,200701
375,159,200701
375,175,200701
375,104,200701
375,140,200701
375,154,200701
375,170,200701
375,66,200701
375,224,200701
375,16,200701
375,40,200701
375,6,200701
375,138,200701
375,79,200701
375,29,200701
375,101,200701
375,18,200701
375,32,200701
376,354,200701
376,444,200701
376,85,200701
376,1,200701
376,136,200701
377,472,200701
377,196,200701
377,378,200701
377,489,200701
378,475,200701
378,472,200701
378,604,200701
378,196,200701
378,377,200701
378,412,200701
378,2230,200701
378,489,200701
378,471,200701
378,225,200701
379,138,200701
379,160,200701
380,31,200701
380,81,200701
381,142,200701
381,16,200701
381,1086,200701
381,1699,200701
381,40,200701
383,668,200701
383,667,200701
384,282,200701
384,27,200701
384,35,200701
384,48,200701
384,879,200701
384,60,200701
384,107,200701
384,375,200701
384,10,200701
385,2,200701
385,25,200701
387,176,200701
387,19,200701
388,137,200701
388,27,200701
389,653,200701
389,1161,200701
389,249,200701
390,25,200701
390,137,200701
393,176,200701
393,58,200701
393,797,200701
393,180,200701
393,666,200701
393,4,200701
393,431,200701
393,5,200701
393,25,200701
393,137,200701
393,160,200701
393,97,200701
394,154,200701
395,1,200701
395,17,200701
397,175,200701
398,92,200701
398,97,200701
400,196,200701
401,339,200701
401,274,200701
401,336,200701
402,196,200701
402,366,200701
407,61,200701
407,234,200701
407,804,200701
407,136,200701
407,18,200701
408,18,200701
409,196,200701
410,18,200701
412,196,200701
412,378,200701
413,410,200701
413,18,200701
415,61,200701
415,234,200701
415,416,200701
415,803,200701
415,136,200701
415,18,200701
416,415,200701
416,18,200701
418,196,200701
418,363,200701
419,0,200701
420,458,200701
420,1180,200701
420,54,200701
420,32,200701
422,440,200701
422,430,200701
422,233,200701
422,18,200701
423,426,200701
423,909,200701
423,18,200701
424,425,200701
424,110,200701
424,477,200701
424,352,200701
424,794,200701
424,532,200701
424,196,200701
424,469,200701
424,448,200701
424,478,200701
424,476,200701
424,506,200701
425,196,200701
425,424,200701
425,506,200701
425,110,200701
425,478,200701
425,794,200701
425,352,200701
426,737,200701
426,18,200701
426,436,200701
427,306,200701
427,109,200701
427,4,200701
427,110,200701
427,128,200701
427,127,200701
427,566,200701
427,734,200701
427,563,200701
427,612,200701
427,616,200701
427,614,200701
427,610,200701
429,181,200701
429,32,200701
430,54,200701
430,443,200701
430,18,200701
430,1205,200701
432,298,200701
432,18,200701
433,13,200701
433,85,200701
433,80,200701
433,115,200701
433,9,200701
433,40,200701
433,55,200701
433,132,200701
433,83,200701
433,274,200701
433,157,200701
433,28,200701
433,104,200701
433,18,200701
433,117,200701
433,1,200701
433,131,200701
433,375,200701
433,204,200701
433,126,200701
433,118,200701
433,69,200701
433,27,200701
433,4,200701
433,60,200701
433,339,200701
433,76,200701
433,501,200701
433,156,200701
433,110,200701
433,14,200701
433,100,200701
433,61,200701
433,141,200701
433,39,200701
433,144,200701
433,11,200701
433,34,200701
433,51,200701
433,41,200701
433,10,200701
433,0,200701
433,112,200701
433,137,200701
433,53,200701
433,29,200701
433,57,200701
433,165,200701
433,15,200701
433,140,200701
433,23,200701
433,139,200701
433,101,200701
433,79,200701
433,2,200701
433,265,200701
433,195,200701
433,54,200701
433,52,200701
433,93,200701
433,32,200701
433,160,200701
433,38,200701
433,269,200701
433,142,200701
433,6,200701
433,188,200701
433,19,200701
433,134,200701
433,45,200701
433,20,200701
433,314,200701
433,108,200701
433,197,200701
433,31,200701
433,124,200701
433,35,200701
433,59,200701
433,163,200701
433,107,200701
433,247,200701
433,43,200701
433,64,200701
433,224,200701
433,5,200701
433,66,200701
433,180,200701
433,12,200701
433,138,200701
433,46,200701
433,121,200701
433,96,200701
433,136,200701
433,25,200701
433,97,200701
433,181,200701
433,48,200701
433,102,200701
433,154,200701
433,78,200701
433,72,200701
433,58,200701
433,120,200701
433,17,200701
433,176,200701
434,19,200701
434,62,200701
434,13,200701
434,154,200701
435,160,200701
435,224,200701
435,208,200701
435,97,200701
436,234,200701
436,426,200701
436,18,200701
440,814,200701
440,54,200701
443,430,200701
443,18,200701
444,1674,200701
444,102,200701
444,17,200701
444,13,200701
444,1921,200701
444,166,200701
444,52,200701
444,10,200701
444,297,200701
444,349,200701
444,135,200701
444,303,200701
444,376,200701
444,165,200701
444,170,200701
445,138,200701
445,37,200701
445,146,200701
445,95,200701
445,160,200701
445,46,200701
447,196,200701
447,448,200701
447,489,200701
448,196,200701
448,489,200701
448,424,200701
448,469,200701
449,549,200701
449,40,200701
449,64,200701
452,97,200701
455,143,200701
455,375,200701
455,138,200701
455,512,200701
455,131,200701
455,320,200701
455,97,200701
456,138,200701
457,497,200701
457,72,200701
457,110,200701
458,143,200701
458,277,200701
458,77,200701
458,97,200701
458,46,200701
460,197,200701
463,19,200701
463,14,200701
463,60,200701
463,22,200701
463,722,200701
463,142,200701
463,40,200701
463,108,200701
463,739,200701
463,83,200701
463,97,200701
465,644,200701
465,319,200701
465,576,200701
465,231,200701
465,527,200701
465,229,200701
465,110,200701
465,232,200701
465,643,200701
465,575,200701
465,603,200701
465,639,200701
465,599,200701
469,477,200701
469,476,200701
469,448,200701
469,424,200701
470,663,200701
470,472,200701
470,640,200701
470,471,200701
470,225,200701
470,196,200701
471,475,200701
471,196,200701
471,472,200701
471,225,200701
471,470,200701
471,352,200701
471,489,200701
471,378,200701
471,604,200701
472,471,200701
472,470,200701
472,475,200701
472,196,200701
472,225,200701
472,378,200701
472,377,200701
473,559,200701
473,474,200701
473,186,200701
474,630,200701
474,110,200701
474,186,200701
474,825,200701
474,651,200701
474,997,200701
474,185,200701
474,665,200701
474,473,200701
474,650,200701
474,201,200701
474,897,200701
474,922,200701
475,196,200701
475,470,200701
475,225,200701
475,471,200701
476,477,200701
476,469,200701
476,448,200701
476,506,200701
476,478,200701
476,424,200701
477,469,200701
477,476,200701
477,424,200701
477,532,200701
478,424,200701
478,506,200701
478,476,200701
478,196,200701
478,425,200701
479,196,200701
480,27,200701
480,136,200701
482,62,200701
482,151,200701
482,83,200701
482,32,200701
482,100,200701
482,120,200701
482,16,200701
482,362,200701
482,81,200701
482,6,200701
482,60,200701
482,41,200701
483,740,200701
483,385,200701
483,115,200701
483,85,200701
483,25,200701
483,137,200701
484,621,200701
484,565,200701
484,625,200701
484,678,200701
484,626,200701
484,694,200701
484,622,200701
484,579,200701
484,352,200701
485,453,200701
485,385,200701
485,339,200701
485,859,200701
485,37,200701
485,282,200701
486,19,200701
486,97,200701
489,196,200701
489,448,200701
489,447,200701
489,378,200701
489,471,200701
489,377,200701
490,752,200701
490,27,200701
492,136,200701
493,28,200701
493,37,200701
493,17,200701
495,333,200701
495,58,200701
495,342,200701
495,294,200701
495,10,200701
495,97,200701
495,25,200701
495,137,200701
496,294,200701
496,9,200701
496,393,200701
497,457,200701
497,294,200701
498,351,200701
501,138,200701
501,17,200701
501,132,200701
501,23,200701
501,143,200701
501,107,200701
501,433,200701
501,914,200701
502,728,200701
502,12,200701
502,136,200701
503,154,200701
504,196,200701
505,1350,200701
505,57,200701
506,478,200701
506,476,200701
506,196,200701
506,425,200701
506,424,200701
507,354,200701
508,57,200701
508,37,200701
509,22,200701
510,208,200701
510,39,200701
510,900,200701
510,101,200701
510,73,200701
510,65,200701
510,97,200701
512,844,200701
512,160,200701
512,58,200701
512,80,200701
512,455,200701
512,143,200701
512,281,200701
515,444,200701
515,17,200701
516,196,200701
517,37,200701
517,142,200701
517,18,200701
517,282,200701
517,339,200701
519,274,200701
521,27,200701
521,885,200701
521,137,200701
522,154,200701
523,40,200701
525,851,200701
525,961,200701
525,583,200701
525,725,200701
525,582,200701
525,847,200701
525,110,200701
525,683,200701
525,716,200701
525,839,200701
525,1030,200701
525,585,200701
525,932,200701
525,726,200701
525,584,200701
525,627,200701
525,1239,200701
525,1087,200701
525,1089,200701
525,962,200701
525,236,200701
526,196,200701
527,232,200701
527,576,200701
527,231,200701
527,351,200701
527,586,200701
527,465,200701
527,599,200701
527,319,200701
527,226,200701
527,605,200701
527,643,200701
527,644,200701
527,639,200701
527,575,200701
527,110,200701
528,196,200701
530,65,200701
530,98,200701
530,73,200701
530,900,200701
530,310,200701
530,101,200701
530,9,200701
530,39,200701
532,110,200701
532,623,200701
532,565,200701
532,579,200701
532,424,200701
532,477,200701
532,225,200701
532,621,200701
532,622,200701
532,352,200701
532,351,200701
534,1147,200701
534,731,200701
534,132,200701
534,115,200701
534,333,200701
534,39,200701
534,160,200701
534,107,200701
534,1169,200701
534,10,200701
535,196,200701
536,345,200701
536,1,200701
537,136,200701
540,73,200701
540,97,200701
543,935,200701
543,135,200701
543,175,200701
543,39,200701
543,73,200701
543,65,200701
543,97,200701
543,160,200701
544,53,200701
544,66,200701
544,79,200701
544,114,200701
544,249,200701
544,278,200701
544,117,200701
544,57,200701
544,26,200701
544,11,200701
544,144,200701
544,5,200701
544,12,200701
544,17,200701
544,13,200701
544,80,200701
544,6,200701
544,101,200701
544,97,200701
544,32,200701
544,29,200701
544,154,200701
544,18,200701
544,136,200701
544,46,200701
544,146,200701
544,160,200701
544,25,200701
544,137,200701
545,197,200701
545,546,200701
545,32,200701
546,354,200701
546,32,200701
547,681,200701
547,196,200701
548,10,200701
548,751,200701
548,11,200701
549,449,200701
549,64,200701
549,40,200701
551,196,200701
551,366,200701
551,364,200701
552,18,200701
552,483,200701
552,59,200701
552,97,200701
552,48,200701
552,23,200701
552,28,200701
552,96,200701
552,29,200701
552,34,200701
552,5,200701
552,85,200701
552,188,200701
552,160,200701
552,25,200701
552,17,200701
552,72,200701
552,35,200701
552,110,200701
552,2,200701
554,351,200701
554,604,200701
554,226,200701
554,587,200701
555,186,200701
556,186,200701
556,185,200701
556,473,200701
556,474,200701
558,186,200701
558,560,200701
558,561,200701
559,185,200701
559,473,200701
559,186,200701
560,561,200701
560,110,200701
560,474,200701
560,185,200701
560,186,200701
560,897,200701
561,186,200701
563,618,200701
563,733,200701
563,611,200701
563,612,200701
563,614,200701
563,689,200701
563,1641,200701
563,615,200701
563,617,200701
563,688,200701
563,734,200701
563,610,200701
563,568,200701
563,616,200701
563,570,200701
563,686,200701
563,569,200701
563,674,200701
563,566,200701
563,1150,200701
563,567,200701
563,680,200701
563,610,200701
563,616,200701
564,352,200701
564,694,200701
564,565,200701
564,351,200701
565,352,200701
565,564,200701
565,694,200701
565,573,200701
565,579,200701
565,622,200701
565,626,200701
565,484,200701
565,351,200701
566,563,200701
567,563,200701
567,427,200701
568,563,200701
569,563,200701
569,570,200701
570,614,200701
570,427,200701
570,563,200701
571,185,200701
571,186,200701
572,589,200701
572,226,200701
572,574,200701
572,573,200701
572,607,200701
572,351,200701
572,590,200701
573,351,200701
573,589,200701
573,574,200701
573,586,200701
573,572,200701
573,590,200701
573,565,200701
573,352,200701
573,226,200701
574,226,200701
574,590,200701
574,572,200701
574,589,200701
574,565,200701
574,351,200701
575,465,200701
575,232,200701
575,643,200701
575,527,200701
575,319,200701
575,231,200701
575,644,200701
575,599,200701
575,576,200701
575,603,200701
575,639,200701
576,231,200701
576,527,200701
576,603,200701
576,465,200701
576,110,200701
576,319,200701
576,644,200701
576,643,200701
576,599,200701
576,575,200701
576,639,200701
576,232,200701
578,196,200701
579,352,200701
579,678,200701
579,626,200701
579,694,200701
579,621,200701
579,484,200701
579,625,200701
579,565,200701
579,532,200701
581,299,200701
582,525,200701
585,525,200701
586,527,200701
586,573,200701
586,465,200701
586,658,200701
586,226,200701
586,351,200701
587,196,200701
587,351,200701
587,554,200701
588,34,200701
588,346,200701
588,27,200701
588,136,200701
589,351,200701
589,573,200701
589,574,200701
589,590,200701
589,226,200701
589,572,200701
589,554,200701
589,587,200701
590,351,200701
590,589,200701
590,574,200701
590,225,200701
590,573,200701
590,604,200701
590,226,200701
590,572,200701
591,232,200701
591,257,200701
592,593,200701
592,109,200701
593,592,200701
593,109,200701
594,636,200701
594,600,200701
594,596,200701
594,230,200701
594,640,200701
594,110,200701
594,229,200701
594,232,200701
595,196,200701
595,667,200701
596,230,200701
596,636,200701
596,640,200701
596,594,200701
597,232,200701
597,601,200701
597,263,200701
597,259,200701
598,232,200701
599,232,200701
599,644,200701
599,603,200701
599,527,200701
599,575,200701
599,231,200701
599,576,200701
599,643,200701
599,465,200701
600,254,200701
600,232,200701
600,231,200701
600,818,200701
600,252,200701
600,639,200701
600,230,200701
601,232,200701
601,602,200701
601,258,200701
601,256,200701
601,263,200701
602,624,200701
602,255,200701
602,664,200701
602,232,200701
602,601,200701
603,232,200701
603,599,200701
603,231,200701
603,664,200701
603,818,200701
603,230,200701
603,643,200701
603,639,200701
603,576,200701
603,601,200701
603,575,200701
604,226,200701
604,599,200701
604,225,200701
604,110,200701
604,607,200701
604,587,200701
604,471,200701
604,351,200701
605,232,200701
605,599,200701
605,527,200701
605,643,200701
606,351,200701
606,607,200701
606,660,200701
607,351,200701
607,660,200701
607,679,200701
607,606,200701
607,572,200701
607,574,200701
610,563,200701
610,427,200701
611,563,200701
612,563,200701
614,427,200701
614,563,200701
614,570,200701
615,563,200701
616,427,200701
616,563,200701
617,427,200701
617,563,200701
618,427,200701
618,563,200701
620,186,200701
621,352,200701
621,625,200701
621,484,200701
621,565,200701
621,579,200701
621,694,200701
621,532,200701
622,623,200701
622,694,200701
622,532,200701
622,352,200701
622,484,200701
623,352,200701
623,694,200701
623,622,200701
623,532,200701
624,602,200701
624,232,200701
624,670,200701
624,664,200701
625,579,200701
625,678,200701
625,352,200701
625,484,200701
625,626,200701
625,694,200701
626,352,200701
626,621,200701
626,484,200701
626,625,200701
626,678,200701
626,579,200701
626,694,200701
626,565,200701
627,525,200701
627,236,200701
627,110,200701
627,646,200701
627,648,200701
627,649,200701
628,109,200701
629,109,200701
630,474,200701
630,185,200701
630,997,200701
630,186,200701
630,110,200701
631,110,200701
633,110,200701
633,305,200701
633,4,200701
633,109,200701
634,230,200701
634,635,200701
634,642,200701
635,230,200701
635,232,200701
635,634,200701
635,641,200701
635,638,200701
635,642,200701
636,230,200701
636,232,200701
636,640,200701
636,229,200701
636,596,200701
636,594,200701
637,229,200701
637,642,200701
637,230,200701
638,230,200701
638,635,200701
638,642,200701
638,641,200701
639,230,200701
639,231,200701
639,600,200701
639,594,200701
639,474,200701
639,603,200701
639,818,200701
639,465,200701
639,232,200701
639,576,200701
639,575,200701
639,644,200701
639,527,200701
640,230,200701
640,596,200701
640,636,200701
640,229,200701
640,470,200701
640,594,200701
641,638,200701
641,230,200701
641,229,200701
641,635,200701
641,642,200701
642,230,200701
642,638,200701
642,232,200701
642,634,200701
642,635,200701
642,641,200701
643,231,200701
643,232,200701
643,603,200701
643,639,200701
643,575,200701
643,818,200701
643,465,200701
643,599,200701
643,605,200701
643,576,200701
643,527,200701
643,644,200701
644,232,200701
644,575,200701
644,599,200701
644,576,200701
644,465,200701
644,527,200701
644,664,200701
644,643,200701
644,639,200701
646,649,200701
646,648,200701
646,627,200701
647,719,200701
647,841,200701
647,1002,200701
647,765,200701
648,646,200701
648,649,200701
648,627,200701
649,646,200701
649,648,200701
649,627,200701
650,185,200701
650,630,200701
650,186,200701
650,474,200701
650,110,200701
650,997,200701
651,665,200701
651,474,200701
652,159,200701
653,389,200701
654,322,200701
656,651,200701
656,937,200701
656,200,200701
656,657,200701
656,997,200701
656,185,200701
657,926,200701
657,697,200701
657,656,200701
657,200,200701
657,937,200701
657,185,200701
658,232,200701
658,664,200701
659,273,200701
659,232,200701
659,260,200701
660,351,200701
660,606,200701
660,679,200701
660,573,200701
660,607,200701
661,232,200701
661,664,200701
663,925,200701
663,230,200701
663,229,200701
664,273,200701
664,232,200701
664,110,200701
664,602,200701
664,644,200701
665,185,200701
665,110,200701
665,922,200701
665,650,200701
665,474,200701
667,595,200701
667,857,200701
667,668,200701
667,383,200701
667,196,200701
668,667,200701
669,229,200701
669,110,200701
670,232,200701
670,624,200701
671,282,200701
671,25,200701
671,137,200701
674,563,200701
674,427,200701
676,677,200701
676,109,200701
677,676,200701
677,109,200701
678,621,200701
678,625,200701
678,579,200701
678,626,200701
678,484,200701
678,351,200701
678,694,200701
678,352,200701
679,351,200701
679,352,200701
679,660,200701
679,606,200701
679,565,200701
680,563,200701
681,196,200701
684,110,200701
686,563,200701
688,563,200701
693,532,200701
693,352,200701
693,579,200701
694,110,200701
694,352,200701
694,579,200701
694,622,200701
694,623,200701
694,625,200701
694,678,200701
694,626,200701
694,565,200701
694,484,200701
694,621,200701
696,190,200701
697,656,200701
697,200,200701
697,698,200701
697,657,200701
697,937,200701
697,185,200701
698,657,200701
698,656,200701
698,200,200701
698,185,200701
700,232,200701
703,858,200701
703,95,200701
703,64,200701
705,196,200701
706,11,200701
710,933,200701
710,720,200701
710,10,200701
710,266,200701
719,647,200701
720,294,200701
722,52,200701
722,135,200701
722,126,200701
722,29,200701
722,66,200701
722,19,200701
722,16,200701
723,109,200701
724,109,200701
726,525,200701
728,12,200701
728,968,200701
728,346,200701
728,27,200701
729,109,200701
730,192,200701
730,64,200701
731,534,200701
731,336,200701
731,333,200701
732,654,200701
733,563,200701
734,563,200701
736,832,200701
736,21,200701
736,761,200701
736,745,200701
736,20,200701
737,18,200701
738,123,200701
738,234,200701
738,762,200701
738,136,200701
739,35,200701
739,48,200701
739,12,200701
739,294,200701
739,77,200701
739,160,200701
739,142,200701
739,40,200701
739,463,200701
739,354,200701
739,206,200701
739,285,200701
740,115,200701
740,85,200701
741,33,200701
741,295,200701
741,795,200701
741,51,200701
742,180,200701
742,6,200701
742,126,200701
742,896,200701
742,142,200701
742,55,200701
742,13,200701
744,46,200701
745,755,200701
745,21,200701
746,444,200701
746,875,200701
746,293,200701
746,6,200701
746,59,200701
747,748,200701
747,222,200701
747,1424,200701
747,1421,200701
747,247,200701
748,747,200701
748,222,200701
748,1421,200701
748,247,200701
749,348,200701
750,1623,200701
751,548,200701
751,10,200701
752,490,200701
752,333,200701
752,132,200701
752,336,200701
752,314,200701
752,782,200701
752,27,200701
753,84,200701
753,30,200701
754,753,200701
754,30,200701
755,21,200701
756,204,200701
756,96,200701
757,136,200701
757,116,200701
757,96,200701
760,351,200701
761,21,200701
761,755,200701
761,736,200701
761,866,200701
761,51,200701
761,17,200701
761,20,200701
762,234,200701
762,738,200701
762,136,200701
764,817,200701
764,10,200701
765,647,200701
766,180,200701
766,13,200701
768,48,200701
768,41,200701
769,100,200701
769,73,200701
769,48,200701
769,18,200701
769,9,200701
769,860,200701
769,12,200701
769,60,200701
769,139,200701
769,35,200701
769,108,200701
769,97,200701
770,7,200701
770,89,200701
770,323,200701
770,778,200701
770,8,200701
771,138,200701
772,60,200701
775,776,200701
775,30,200701
776,86,200701
776,30,200701
777,299,200701
777,96,200701
778,770,200701
778,89,200701
778,7,200701
781,10,200701
781,17,200701
781,11,200701
782,40,200701
782,52,200701
782,6,200701
782,54,200701
783,183,200701
783,88,200701
783,30,200701
784,1,200701
784,10,200701
785,322,200701
786,898,200701
786,917,200701
786,110,200701
787,183,200701
787,11,200701
794,425,200701
795,33,200701
797,97,200701
797,46,200701
799,14,200701
799,46,200701
799,19,200701
801,96,200701
802,234,200701
803,415,200701
803,136,200701
804,407,200701
804,136,200701
805,352,200701
806,49,200701
807,3,200701
808,110,200701
810,247,200701
813,83,200701
813,77,200701
813,76,200701
813,157,200701
813,146,200701
813,54,200701
813,75,200701
813,19,200701
813,288,200701
813,160,200701
813,46,200701
814,54,200701
814,276,200701
817,5,200701
817,764,200701
817,10,200701
818,110,200701
818,600,200701
819,5,200701
824,229,200701
825,474,200701
826,210,200701
826,998,200701
828,7,200701
828,90,200701
828,89,200701
830,110,200701
832,21,200701
832,20,200701
833,110,200701
834,588,200701
834,27,200701
834,136,200701
836,2,200701
836,444,200701
839,525,200701
840,109,200701
841,1598,200701
841,647,200701
841,110,200701
842,51,200701
843,4,200701
843,247,200701
847,962,200701
847,525,200701
851,525,200701
857,667,200701
858,703,200701
858,64,200701
860,320,200701
860,38,200701
860,52,200701
860,0,200701
860,40,200701
860,283,200701
860,355,200701
860,160,200701
860,27,200701
860,19,200701
860,46,200701
860,13,200701
860,97,200701
860,48,200701
860,60,200701
860,26,200701
862,12,200701
862,136,200701
863,23,200701
863,346,200701
863,10,200701
863,17,200701
864,109,200701
866,21,200701
866,761,200701
866,346,200701
866,51,200701
866,17,200701
866,20,200701
867,235,200701
871,160,200701
875,59,200701
878,1090,200701
878,30,200701
879,96,200701
879,22,200701
879,4,200701
879,384,200701
879,107,200701
879,222,200701
879,81,200701
879,9,200701
879,281,200701
882,196,200701
882,110,200701
885,27,200701
885,521,200701
885,137,200701
886,110,200701
888,154,200701
889,899,200701
889,360,200701
889,40,200701
891,359,200701
891,136,200701
893,40,200701
894,1,200701
896,142,200701
896,742,200701
896,13,200701
896,180,200701
897,190,200701
898,786,200701
899,360,200701
899,889,200701
899,40,200701
900,31,200701
900,510,200701
900,73,200701
900,310,200701
900,530,200701
900,98,200701
900,65,200701
900,46,200701
904,453,200701
906,12,200701
906,23,200701
906,132,200701
906,11,200701
906,2,200701
906,10,200701
906,17,200701
906,20,200701
906,1,200701
908,234,200701
908,18,200701
909,18,200701
914,20,200701
914,501,200701
914,13,200701
914,183,200701
914,17,200701
914,1,200701
914,51,200701
914,11,200701
914,247,200701
914,22,200701
914,114,200701
914,279,200701
917,786,200701
920,190,200701
921,389,200701
922,665,200701
922,186,200701
922,185,200701
922,997,200701
922,474,200701
925,110,200701
925,663,200701
925,229,200701
925,196,200701
926,656,200701
926,200,200701
926,185,200701
931,62,200701
932,525,200701
933,322,200701
935,543,200701
935,160,200701
937,200,200701
937,697,200701
937,657,200701
937,185,200701
941,136,200701
941,1,200701
947,185,200701
947,698,200701
948,127,200701
950,135,200701
950,136,200701
960,30,200701
960,144,200701
961,525,200701
962,525,200701
968,728,200701
968,27,200701
968,12,200701
969,10,200701
978,24,200701
981,136,200701
982,136,200701
995,1118,200701
995,996,200701
995,486,200701
995,1130,200701
995,13,200701
996,995,200701
996,1118,200701
996,13,200701
997,200,200701
997,474,200701
997,185,200701
997,922,200701
997,650,200701
997,630,200701
998,210,200701
998,826,200701
1002,647,200701
1003,1233,200701
1003,509,200701
1011,186,200701
1015,11,200701
1016,185,200701
1017,1291,200701
1017,137,200701
1019,186,200701
1020,40,200701
1022,523,200701
1022,40,200701
1030,962,200701
1030,474,200701
1030,1087,200701
1030,525,200701
1031,165,200701
1044,341,200701
1052,135,200701
1052,208,200701
1052,97,200701
1056,235,200701
1065,40,200701
1065,46,200701
1070,4,200701
1081,782,200701
1086,381,200701
1086,782,200701
1086,40,200701
1087,1030,200701
1087,525,200701
1089,525,200701
1090,164,200701
1090,878,200701
1090,30,200701
1099,1085,200701
1099,339,200701
1103,8,200701
1103,89,200701
1103,7,200701
1115,112,200701
1118,995,200701
1118,13,200701
1129,173,200701
1129,129,200701
1129,357,200701
1130,1363,200701
1134,196,200701
1147,64,200701
1147,160,200701
1147,101,200701
1147,40,200701
1147,178,200701
1147,12,200701
1147,35,200701
1147,154,200701
1147,19,200701
1147,124,200701
1147,97,200701
1147,92,200701
1147,74,200701
1147,94,200701
1147,534,200701
1147,31,200701
1147,39,200701
1147,100,200701
1147,83,200701
1147,288,200701
1147,2,200701
1147,57,200701
1147,266,200701
1147,77,200701
1147,139,200701
1147,16,200701
1147,375,200701
1150,563,200701
1153,322,200701
1161,10,200701
1169,214,200701
1169,372,200701
1169,150,200701
1169,53,200701
1169,165,200701
1169,136,200701
1169,54,200701
1169,111,200701
1169,74,200701
1169,96,200701
1169,44,200701
1169,233,200701
1169,69,200701
1169,18,200701
1169,70,200701
1169,145,200701
1169,131,200701
1169,15,200701
1169,177,200701
1169,147,200701
1169,222,200701
1172,11,200701
1174,282,200701
1180,420,200701
1180,54,200701
1182,250,200701
1183,190,200701
1190,137,200701
1205,430,200701
1205,54,200701
1211,175,200701
1215,463,200701
1231,1232,200701
1233,45,200701
1239,525,200701
1259,357,200701
1259,1286,200701
1261,1262,200701
1269,96,200701
1274,148,200701
1278,208,200701
1286,357,200701
1286,1259,200701
1291,1017,200701
1291,137,200701
1306,654,200701
1355,1,200701
1371,1130,200701
1381,235,200701
1408,89,200701
1413,1895,200701
1417,13,200701
1421,748,200701
1421,747,200701
1424,1439,200701
1424,1450,200701
1424,747,200701
1424,1438,200701
1438,1424,200701
1439,1424,200701
1450,1424,200701
1471,52,200701
1475,1867,200701
1482,154,200701
1580,27,200701
1587,242,200701
1588,235,200701
1598,841,200701
1623,750,200701
1641,563,200701
1674,278,200701
1674,349,200701
1674,297,200701
1699,381,200701
1717,235,200701
1775,71,200701
1794,96,200701
1815,1904,200701
1867,1475,200701
1895,1413,200701
1904,1815,200701
