i,j,t
0,143,201001
0,101,201001
0,188,201001
0,278,201001
0,116,201001
0,512,201001
0,60,201001
0,124,201001
0,160,201001
0,85,201001
0,419,201001
0,152,201001
0,180,201001
0,157,201001
0,23,201001
0,32,201001
0,69,201001
0,208,201001
0,13,201001
0,122,201001
0,40,201001
0,132,201001
0,119,201001
0,100,201001
0,108,201001
0,80,201001
0,78,201001
0,135,201001
0,1,201001
0,183,201001
0,28,201001
0,77,201001
0,112,201001
0,120,201001
0,198,201001
0,99,201001
0,14,201001
0,51,201001
0,81,201001
0,102,201001
0,136,201001
0,113,201001
0,445,201001
0,155,201001
0,64,201001
0,45,201001
0,17,201001
0,29,201001
0,11,201001
0,354,201001
0,19,201001
0,129,201001
0,93,201001
0,137,201001
0,146,201001
0,18,201001
0,46,201001
0,52,201001
0,154,201001
0,133,201001
0,2,201001
0,83,201001
0,9,201001
0,5,201001
0,107,201001
0,27,201001
0,341,201001
0,142,201001
0,38,201001
0,21,201001
0,73,201001
0,165,201001
0,72,201001
0,97,201001
0,96,201001
0,4,201001
0,6,201001
0,36,201001
0,20,201001
0,25,201001
0,16,201001
0,26,201001
0,48,201001
0,10,201001
0,35,201001
0,31,201001
0,59,201001
0,274,201001
0,92,201001
1,209,201001
1,23,201001
1,10,201001
1,1236,201001
1,143,201001
1,160,201001
1,96,201001
1,1115,201001
1,28,201001
1,175,201001
1,784,201001
1,77,201001
1,5,201001
1,146,201001
1,121,201001
1,136,201001
1,17,201001
1,47,201001
1,1867,201001
1,931,201001
1,22,201001
1,114,201001
1,0,201001
1,180,201001
1,60,201001
1,157,201001
1,52,201001
1,27,201001
1,19,201001
1,139,201001
1,12,201001
1,274,201001
1,51,201001
1,11,201001
1,21,201001
1,92,201001
1,26,201001
1,99,201001
1,463,201001
1,4,201001
1,115,201001
1,18,201001
1,149,201001
1,97,201001
1,20,201001
1,25,201001
1,100,201001
1,137,201001
1,46,201001
1,154,201001
1,299,201001
1,83,201001
1,116,201001
1,132,201001
1,31,201001
1,1355,201001
1,54,201001
1,941,201001
1,69,201001
1,14,201001
1,40,201001
1,48,201001
1,13,201001
1,119,201001
1,183,201001
1,74,201001
1,16,201001
1,53,201001
1,64,201001
1,155,201001
1,376,201001
1,130,201001
1,150,201001
1,70,201001
1,113,201001
1,261,201001
1,2,201001
1,124,201001
1,81,201001
1,80,201001
1,243,201001
1,142,201001
1,59,201001
1,110,201001
1,102,201001
1,108,201001
1,32,201001
1,211,201001
1,133,201001
1,35,201001
1,906,201001
1,72,201001
1,8,201001
1,37,201001
1,189,201001
1,7,201001
1,9,201001
1,107,201001
1,89,201001
1,165,201001
1,213,201001
1,6,201001
1,85,201001
1,112,201001
1,29,201001
1,135,201001
2,143,201001
2,25,201001
2,93,201001
2,552,201001
2,1420,201001
2,138,201001
2,385,201001
2,27,201001
2,339,201001
2,165,201001
2,87,201001
2,160,201001
2,123,201001
2,92,201001
2,146,201001
2,139,201001
2,36,201001
2,99,201001
2,213,201001
2,155,201001
2,38,201001
2,5,201001
2,14,201001
2,59,201001
2,180,201001
2,26,201001
2,10,201001
2,16,201001
2,119,201001
2,24,201001
2,23,201001
2,154,201001
2,136,201001
2,64,201001
2,6,201001
2,32,201001
2,11,201001
2,13,201001
2,97,201001
2,35,201001
2,102,201001
2,9,201001
2,12,201001
2,19,201001
2,22,201001
2,46,201001
2,274,201001
2,85,201001
2,20,201001
2,116,201001
2,265,201001
2,54,201001
2,108,201001
2,80,201001
2,48,201001
2,51,201001
2,40,201001
2,1147,201001
2,133,201001
2,81,201001
2,112,201001
2,0,201001
2,100,201001
2,72,201001
2,341,201001
2,21,201001
2,346,201001
2,4,201001
2,77,201001
2,157,201001
2,1169,201001
2,28,201001
2,107,201001
2,29,201001
2,113,201001
2,124,201001
2,170,201001
2,96,201001
2,60,201001
2,1,201001
2,18,201001
2,17,201001
2,31,201001
2,135,201001
2,137,201001
3,69,201001
3,311,201001
3,50,201001
3,51,201001
3,4,201001
4,69,201001
4,427,201001
4,51,201001
4,17,201001
4,160,201001
4,222,201001
4,109,201001
4,1324,201001
4,843,201001
4,1070,201001
4,127,201001
4,137,201001
4,5,201001
4,110,201001
4,25,201001
4,6,201001
4,20,201001
4,10,201001
4,64,201001
4,143,201001
4,32,201001
4,72,201001
4,52,201001
4,16,201001
4,83,201001
4,60,201001
4,113,201001
4,136,201001
4,54,201001
4,301,201001
4,85,201001
4,108,201001
4,22,201001
4,31,201001
4,741,201001
4,77,201001
4,29,201001
4,9,201001
4,139,201001
4,1,201001
4,169,201001
4,27,201001
4,161,201001
4,23,201001
4,40,201001
4,19,201001
4,119,201001
4,1649,201001
4,346,201001
4,633,201001
4,305,201001
4,99,201001
4,128,201001
4,7,201001
4,18,201001
4,2,201001
4,36,201001
4,35,201001
4,306,201001
4,100,201001
4,13,201001
4,28,201001
4,1169,201001
4,14,201001
4,92,201001
4,3,201001
4,0,201001
4,105,201001
4,274,201001
4,866,201001
4,761,201001
4,97,201001
4,268,201001
4,133,201001
4,88,201001
4,84,201001
4,819,201001
4,189,201001
4,317,201001
4,150,201001
4,107,201001
4,300,201001
4,86,201001
4,184,201001
4,223,201001
4,30,201001
4,154,201001
4,214,201001
4,59,201001
4,96,201001
4,121,201001
4,311,201001
4,33,201001
4,183,201001
4,164,201001
4,146,201001
4,112,201001
4,243,201001
4,8,201001
4,50,201001
4,46,201001
4,11,201001
4,135,201001
4,21,201001
4,177,201001
4,89,201001
4,196,201001
4,213,201001
5,51,201001
5,6,201001
5,817,201001
5,89,201001
5,261,201001
5,137,201001
5,16,201001
5,4,201001
5,20,201001
5,64,201001
5,552,201001
5,150,201001
5,10,201001
5,119,201001
5,11,201001
5,143,201001
5,17,201001
5,100,201001
5,39,201001
5,110,201001
5,1,201001
5,112,201001
5,160,201001
5,23,201001
5,819,201001
5,19,201001
5,77,201001
5,444,201001
5,1456,201001
5,1335,201001
5,157,201001
5,115,201001
5,1265,201001
5,146,201001
5,164,201001
5,169,201001
5,133,201001
5,154,201001
5,85,201001
5,22,201001
5,9,201001
5,155,201001
5,60,201001
5,93,201001
5,213,201001
5,102,201001
5,0,201001
5,136,201001
5,72,201001
5,96,201001
5,28,201001
5,21,201001
5,92,201001
5,83,201001
5,13,201001
5,12,201001
5,108,201001
5,69,201001
5,142,201001
5,54,201001
5,40,201001
5,32,201001
5,113,201001
5,80,201001
5,149,201001
5,8,201001
5,14,201001
5,124,201001
5,18,201001
5,48,201001
5,29,201001
5,52,201001
5,165,201001
5,2,201001
5,31,201001
5,33,201001
5,222,201001
5,274,201001
5,27,201001
5,7,201001
5,183,201001
5,107,201001
5,59,201001
5,135,201001
5,121,201001
6,117,201001
6,17,201001
6,40,201001
6,176,201001
6,110,201001
6,132,201001
6,29,201001
6,13,201001
6,35,201001
6,146,201001
6,175,201001
6,815,201001
6,64,201001
6,102,201001
6,52,201001
6,31,201001
6,180,201001
6,16,201001
6,77,201001
6,160,201001
6,143,201001
6,398,201001
6,126,201001
6,138,201001
6,134,201001
6,100,201001
6,97,201001
6,1403,201001
6,137,201001
6,5,201001
6,48,201001
6,59,201001
6,14,201001
6,139,201001
6,123,201001
6,108,201001
6,69,201001
6,54,201001
6,61,201001
6,25,201001
6,84,201001
6,124,201001
6,22,201001
6,223,201001
6,183,201001
6,153,201001
6,45,201001
6,265,201001
6,85,201001
6,86,201001
6,78,201001
6,722,201001
6,26,201001
6,80,201001
6,19,201001
6,55,201001
6,739,201001
6,46,201001
6,1,201001
6,18,201001
6,354,201001
6,320,201001
6,60,201001
6,2,201001
6,156,201001
6,0,201001
6,83,201001
6,4,201001
6,1147,201001
6,82,201001
6,136,201001
6,172,201001
6,51,201001
6,28,201001
6,371,201001
6,99,201001
6,101,201001
6,237,201001
6,155,201001
6,544,201001
6,131,201001
6,72,201001
6,57,201001
6,9,201001
6,81,201001
6,181,201001
6,38,201001
6,24,201001
6,12,201001
6,142,201001
6,182,201001
6,338,201001
6,76,201001
6,154,201001
6,71,201001
6,120,201001
6,27,201001
6,194,201001
6,32,201001
6,20,201001
6,89,201001
6,113,201001
6,36,201001
6,11,201001
6,129,201001
6,10,201001
7,8,201001
7,90,201001
7,243,201001
7,89,201001
7,1103,201001
7,14,201001
7,828,201001
7,323,201001
7,1408,201001
7,770,201001
7,28,201001
7,59,201001
7,64,201001
7,4,201001
7,97,201001
7,110,201001
7,136,201001
7,5,201001
7,29,201001
7,17,201001
7,51,201001
7,11,201001
7,1,201001
7,137,201001
7,20,201001
8,243,201001
8,17,201001
8,28,201001
8,7,201001
8,121,201001
8,89,201001
8,23,201001
8,90,201001
8,14,201001
8,5,201001
8,6,201001
8,136,201001
8,29,201001
8,4,201001
8,1,201001
8,20,201001
9,101,201001
9,25,201001
9,160,201001
9,124,201001
9,34,201001
9,72,201001
9,165,201001
9,116,201001
9,16,201001
9,154,201001
9,40,201001
9,510,201001
9,143,201001
9,213,201001
9,54,201001
9,111,201001
9,19,201001
9,51,201001
9,77,201001
9,5,201001
9,17,201001
9,139,201001
9,107,201001
9,320,201001
9,48,201001
9,83,201001
9,147,201001
9,163,201001
9,250,201001
9,860,201001
9,234,201001
9,26,201001
9,4,201001
9,93,201001
9,47,201001
9,23,201001
9,11,201001
9,21,201001
9,132,201001
9,81,201001
9,115,201001
9,534,201001
9,112,201001
9,46,201001
9,125,201001
9,97,201001
9,274,201001
9,0,201001
9,333,201001
9,92,201001
9,18,201001
9,35,201001
9,53,201001
9,2,201001
9,96,201001
9,12,201001
9,31,201001
9,32,201001
9,136,201001
9,314,201001
9,80,201001
9,85,201001
9,117,201001
9,113,201001
9,346,201001
9,206,201001
9,241,201001
9,108,201001
9,149,201001
9,155,201001
9,341,201001
9,20,201001
9,914,201001
9,29,201001
9,28,201001
9,135,201001
9,60,201001
9,64,201001
9,6,201001
9,146,201001
9,14,201001
9,27,201001
9,10,201001
9,1,201001
9,137,201001
10,548,201001
10,5,201001
10,25,201001
10,165,201001
10,346,201001
10,115,201001
10,143,201001
10,17,201001
10,107,201001
10,487,201001
10,34,201001
10,1,201001
10,781,201001
10,160,201001
10,4,201001
10,54,201001
10,139,201001
10,108,201001
10,14,201001
10,83,201001
10,35,201001
10,2246,201001
10,133,201001
10,7,201001
10,48,201001
10,136,201001
10,388,201001
10,18,201001
10,135,201001
10,113,201001
10,243,201001
10,2,201001
10,110,201001
10,13,201001
10,137,201001
10,6,201001
10,96,201001
10,38,201001
10,36,201001
10,77,201001
10,99,201001
10,60,201001
10,81,201001
10,132,201001
10,85,201001
10,26,201001
10,154,201001
10,51,201001
10,20,201001
10,28,201001
10,214,201001
10,819,201001
10,223,201001
10,184,201001
10,544,201001
10,86,201001
10,147,201001
10,144,201001
10,138,201001
10,233,201001
10,181,201001
10,728,201001
10,105,201001
10,164,201001
10,261,201001
10,234,201001
10,213,201001
10,70,201001
10,339,201001
10,43,201001
10,66,201001
10,265,201001
10,111,201001
10,33,201001
10,188,201001
10,30,201001
10,222,201001
10,104,201001
10,177,201001
10,84,201001
10,150,201001
10,863,201001
10,103,201001
10,969,201001
10,61,201001
10,122,201001
10,53,201001
10,15,201001
10,116,201001
10,159,201001
10,161,201001
10,149,201001
10,52,201001
10,102,201001
10,119,201001
10,155,201001
10,59,201001
10,16,201001
10,124,201001
10,80,201001
10,40,201001
10,180,201001
10,72,201001
10,64,201001
10,100,201001
10,142,201001
10,32,201001
10,9,201001
10,11,201001
10,89,201001
10,274,201001
10,0,201001
10,69,201001
10,183,201001
10,19,201001
10,12,201001
10,146,201001
10,29,201001
10,31,201001
10,121,201001
10,97,201001
10,27,201001
10,92,201001
10,22,201001
10,23,201001
10,46,201001
10,21,201001
10,112,201001
11,183,201001
11,268,201001
11,227,201001
11,10,201001
11,180,201001
11,228,201001
11,112,201001
11,5,201001
11,160,201001
11,23,201001
11,105,201001
11,501,201001
11,143,201001
11,17,201001
11,136,201001
11,51,201001
11,169,201001
11,52,201001
11,261,201001
11,116,201001
11,26,201001
11,154,201001
11,54,201001
11,58,201001
11,40,201001
11,0,201001
11,99,201001
11,2,201001
11,55,201001
11,100,201001
11,38,201001
11,83,201001
11,80,201001
11,234,201001
11,85,201001
11,77,201001
11,165,201001
11,6,201001
11,9,201001
11,21,201001
11,1,201001
11,92,201001
11,153,201001
11,20,201001
11,53,201001
11,72,201001
11,48,201001
11,37,201001
11,102,201001
11,22,201001
11,149,201001
11,28,201001
11,113,201001
11,27,201001
11,137,201001
11,60,201001
11,97,201001
11,59,201001
11,307,201001
11,274,201001
11,29,201001
11,548,201001
11,372,201001
11,67,201001
11,133,201001
11,243,201001
11,371,201001
11,108,201001
11,330,201001
11,303,201001
11,25,201001
11,265,201001
11,107,201001
11,111,201001
11,238,201001
11,147,201001
11,31,201001
11,248,201001
11,214,201001
11,69,201001
11,317,201001
11,184,201001
11,189,201001
11,33,201001
11,96,201001
11,12,201001
11,150,201001
11,70,201001
11,32,201001
11,84,201001
11,213,201001
11,781,201001
11,88,201001
11,18,201001
11,64,201001
11,223,201001
11,14,201001
11,110,201001
11,30,201001
11,164,201001
11,86,201001
11,7,201001
11,4,201001
11,177,201001
11,135,201001
11,89,201001
11,19,201001
11,13,201001
11,121,201001
11,146,201001
12,502,201001
12,107,201001
12,243,201001
12,16,201001
12,143,201001
12,104,201001
12,234,201001
12,15,201001
12,862,201001
12,27,201001
12,183,201001
12,767,201001
12,160,201001
12,728,201001
12,310,201001
12,180,201001
12,149,201001
12,83,201001
12,9,201001
12,116,201001
12,20,201001
12,165,201001
12,0,201001
12,1,201001
12,133,201001
12,88,201001
12,769,201001
12,120,201001
12,24,201001
12,122,201001
12,121,201001
12,32,201001
12,100,201001
12,249,201001
12,111,201001
12,64,201001
12,131,201001
12,77,201001
12,176,201001
12,31,201001
12,269,201001
12,159,201001
12,18,201001
12,11,201001
12,22,201001
12,5,201001
12,34,201001
12,80,201001
12,62,201001
12,44,201001
12,51,201001
12,1147,201001
12,19,201001
12,96,201001
12,17,201001
12,48,201001
12,53,201001
12,112,201001
12,346,201001
12,108,201001
12,29,201001
12,21,201001
12,28,201001
12,113,201001
12,146,201001
12,92,201001
12,274,201001
12,2,201001
12,60,201001
12,26,201001
12,54,201001
12,97,201001
12,6,201001
12,136,201001
12,99,201001
12,25,201001
12,154,201001
12,10,201001
12,135,201001
12,137,201001
13,160,201001
13,6,201001
13,338,201001
13,19,201001
13,137,201001
13,143,201001
13,133,201001
13,146,201001
13,77,201001
13,4,201001
13,23,201001
13,120,201001
13,22,201001
13,100,201001
13,113,201001
13,0,201001
13,5,201001
13,124,201001
13,81,201001
13,20,201001
13,28,201001
13,85,201001
13,112,201001
13,274,201001
13,83,201001
13,21,201001
13,46,201001
13,154,201001
13,31,201001
13,157,201001
13,27,201001
13,34,201001
13,72,201001
13,131,201001
13,97,201001
13,18,201001
13,96,201001
13,60,201001
13,208,201001
13,107,201001
13,117,201001
13,69,201001
13,16,201001
13,139,201001
13,29,201001
13,45,201001
13,129,201001
13,266,201001
13,40,201001
13,2,201001
13,17,201001
13,51,201001
13,313,201001
13,136,201001
13,10,201001
13,48,201001
13,181,201001
13,24,201001
13,996,201001
13,64,201001
13,1118,201001
13,1417,201001
13,995,201001
13,94,201001
13,896,201001
13,108,201001
13,59,201001
13,766,201001
13,180,201001
13,815,201001
13,283,201001
13,176,201001
13,92,201001
13,349,201001
13,172,201001
13,1,201001
13,99,201001
13,126,201001
13,297,201001
13,289,201001
13,26,201001
13,320,201001
13,178,201001
13,860,201001
13,75,201001
13,36,201001
13,142,201001
13,54,201001
13,121,201001
13,14,201001
13,11,201001
13,135,201001
13,25,201001
13,32,201001
13,35,201001
14,137,201001
14,12,201001
14,126,201001
14,19,201001
14,16,201001
14,83,201001
14,99,201001
14,799,201001
14,143,201001
14,0,201001
14,97,201001
14,176,201001
14,4,201001
14,76,201001
14,6,201001
14,160,201001
14,77,201001
14,26,201001
14,233,201001
14,27,201001
14,40,201001
14,47,201001
14,80,201001
14,102,201001
14,112,201001
14,60,201001
14,155,201001
14,72,201001
14,136,201001
14,36,201001
14,29,201001
14,243,201001
14,51,201001
14,96,201001
14,21,201001
14,183,201001
14,149,201001
14,139,201001
14,482,201001
14,75,201001
14,113,201001
14,25,201001
14,57,201001
14,1,201001
14,739,201001
14,41,201001
14,544,201001
14,108,201001
14,13,201001
14,94,201001
14,154,201001
14,20,201001
14,32,201001
14,17,201001
14,52,201001
14,178,201001
14,35,201001
14,1147,201001
14,18,201001
14,1020,201001
14,165,201001
14,10,201001
14,85,201001
14,133,201001
14,46,201001
14,146,201001
14,369,201001
14,22,201001
14,23,201001
14,28,201001
14,107,201001
14,59,201001
14,5,201001
14,124,201001
14,129,201001
14,157,201001
14,9,201001
14,274,201001
14,11,201001
14,54,201001
14,134,201001
14,117,201001
14,24,201001
14,2,201001
14,92,201001
14,38,201001
14,100,201001
14,81,201001
14,119,201001
14,180,201001
14,48,201001
14,142,201001
14,135,201001
14,31,201001
15,104,201001
15,143,201001
15,131,201001
15,132,201001
15,159,201001
15,77,201001
15,160,201001
15,10,201001
15,183,201001
15,55,201001
15,195,201001
15,122,201001
15,31,201001
15,18,201001
15,282,201001
15,81,201001
15,205,201001
15,136,201001
15,64,201001
15,166,201001
15,53,201001
15,170,201001
15,48,201001
15,35,201001
15,154,201001
15,29,201001
15,266,201001
15,375,201001
15,1227,201001
15,32,201001
15,137,201001
16,81,201001
16,262,201001
16,131,201001
16,71,201001
16,24,201001
16,40,201001
16,143,201001
16,205,201001
16,752,201001
16,146,201001
16,170,201001
16,77,201001
16,242,201001
16,39,201001
16,52,201001
16,102,201001
16,97,201001
16,14,201001
16,126,201001
16,65,201001
16,15,201001
16,160,201001
16,135,201001
16,362,201001
16,304,201001
16,12,201001
16,6,201001
16,161,201001
16,72,201001
16,20,201001
16,61,201001
16,76,201001
16,36,201001
16,132,201001
16,193,201001
16,38,201001
16,115,201001
16,48,201001
16,78,201001
16,9,201001
16,113,201001
16,96,201001
16,234,201001
16,27,201001
16,82,201001
16,31,201001
16,83,201001
16,155,201001
16,154,201001
16,233,201001
16,0,201001
16,46,201001
16,124,201001
16,144,201001
16,58,201001
16,21,201001
16,342,201001
16,25,201001
16,114,201001
16,80,201001
16,94,201001
16,59,201001
16,156,201001
16,92,201001
16,274,201001
16,652,201001
16,157,201001
16,198,201001
16,64,201001
16,142,201001
16,18,201001
16,108,201001
16,136,201001
16,35,201001
16,60,201001
16,133,201001
16,117,201001
16,28,201001
16,1022,201001
16,181,201001
16,13,201001
16,100,201001
16,134,201001
16,34,201001
16,341,201001
16,1086,201001
16,2,201001
16,381,201001
16,1065,201001
16,139,201001
16,29,201001
16,79,201001
16,101,201001
16,178,201001
16,523,201001
16,4,201001
16,57,201001
16,1,201001
16,26,201001
16,19,201001
16,54,201001
16,32,201001
16,137,201001
16,66,201001
16,129,201001
16,55,201001
16,99,201001
16,197,201001
16,120,201001
16,176,201001
16,180,201001
16,10,201001
16,17,201001
17,113,201001
17,23,201001
17,20,201001
17,89,201001
17,77,201001
17,45,201001
17,51,201001
17,40,201001
17,108,201001
17,137,201001
17,28,201001
17,146,201001
17,552,201001
17,5,201001
17,29,201001
17,110,201001
17,72,201001
17,35,201001
17,175,201001
17,6,201001
17,457,201001
17,160,201001
17,143,201001
17,136,201001
17,645,201001
17,24,201001
17,25,201001
17,27,201001
17,31,201001
17,11,201001
17,13,201001
17,515,201001
17,154,201001
17,21,201001
17,139,201001
17,157,201001
17,119,201001
17,69,201001
17,112,201001
17,142,201001
17,317,201001
17,132,201001
17,1,201001
17,64,201001
17,116,201001
17,32,201001
17,26,201001
17,2,201001
17,54,201001
17,380,201001
17,80,201001
17,169,201001
17,12,201001
17,739,201001
17,183,201001
17,102,201001
17,16,201001
17,18,201001
17,99,201001
17,30,201001
17,100,201001
17,180,201001
17,81,201001
17,281,201001
17,92,201001
17,135,201001
17,274,201001
17,250,201001
17,155,201001
17,0,201001
17,33,201001
17,85,201001
17,152,201001
17,34,201001
17,48,201001
17,371,201001
17,4,201001
17,36,201001
17,345,201001
17,83,201001
17,115,201001
17,38,201001
17,124,201001
17,493,201001
17,60,201001
17,204,201001
17,950,201001
17,268,201001
17,209,201001
17,353,201001
17,348,201001
17,14,201001
17,19,201001
17,866,201001
17,214,201001
17,544,201001
17,265,201001
17,70,201001
17,164,201001
17,104,201001
17,211,201001
17,184,201001
17,61,201001
17,222,201001
17,165,201001
17,9,201001
17,395,201001
17,107,201001
17,906,201001
17,863,201001
17,243,201001
17,71,201001
17,261,201001
17,761,201001
17,1649,201001
17,37,201001
17,8,201001
17,819,201001
17,96,201001
17,53,201001
17,7,201001
17,303,201001
17,10,201001
17,189,201001
17,129,201001
17,150,201001
17,213,201001
17,22,201001
17,59,201001
17,97,201001
17,46,201001
18,54,201001
18,17,201001
18,16,201001
18,426,201001
18,136,201001
18,281,201001
18,175,201001
18,247,201001
18,265,201001
18,233,201001
18,143,201001
18,160,201001
18,77,201001
18,135,201001
18,29,201001
18,146,201001
18,138,201001
18,72,201001
18,275,201001
18,19,201001
18,155,201001
18,172,201001
18,85,201001
18,21,201001
18,23,201001
18,27,201001
18,40,201001
18,45,201001
18,48,201001
18,78,201001
18,9,201001
18,139,201001
18,20,201001
18,83,201001
18,165,201001
18,80,201001
18,309,201001
18,52,201001
18,32,201001
18,124,201001
18,122,201001
18,92,201001
18,102,201001
18,108,201001
18,96,201001
18,157,201001
18,5,201001
18,6,201001
18,81,201001
18,193,201001
18,24,201001
18,208,201001
18,154,201001
18,46,201001
18,119,201001
18,123,201001
18,26,201001
18,262,201001
18,64,201001
18,43,201001
18,271,201001
18,117,201001
18,25,201001
18,274,201001
18,100,201001
18,99,201001
18,36,201001
18,2,201001
18,181,201001
18,1147,201001
18,129,201001
18,213,201001
18,170,201001
18,174,201001
18,1169,201001
18,10,201001
18,107,201001
18,69,201001
18,28,201001
18,440,201001
18,60,201001
18,137,201001
18,4,201001
18,0,201001
18,436,201001
18,908,201001
18,13,201001
18,131,201001
18,1,201001
18,145,201001
18,169,201001
18,14,201001
18,111,201001
18,31,201001
18,22,201001
18,59,201001
18,814,201001
18,86,201001
18,432,201001
18,909,201001
18,153,201001
18,61,201001
18,74,201001
18,415,201001
18,144,201001
18,416,201001
18,15,201001
18,410,201001
18,171,201001
18,443,201001
18,66,201001
18,298,201001
18,413,201001
18,101,201001
18,423,201001
18,242,201001
18,125,201001
18,544,201001
18,84,201001
18,132,201001
18,270,201001
18,12,201001
18,88,201001
18,159,201001
18,197,201001
18,407,201001
18,35,201001
18,430,201001
18,422,201001
18,223,201001
18,180,201001
18,30,201001
18,34,201001
18,234,201001
18,346,201001
18,164,201001
18,53,201001
18,163,201001
18,71,201001
18,11,201001
18,93,201001
18,44,201001
18,183,201001
18,110,201001
18,112,201001
18,113,201001
18,97,201001
18,89,201001
18,51,201001
19,23,201001
19,120,201001
19,112,201001
19,6,201001
19,40,201001
19,108,201001
19,101,201001
19,155,201001
19,5,201001
19,180,201001
19,13,201001
19,146,201001
19,64,201001
19,52,201001
19,11,201001
19,160,201001
19,142,201001
19,137,201001
19,138,201001
19,175,201001
19,39,201001
19,97,201001
19,143,201001
19,14,201001
19,29,201001
19,178,201001
19,77,201001
19,18,201001
19,59,201001
19,93,201001
19,55,201001
19,51,201001
19,124,201001
19,133,201001
19,12,201001
19,94,201001
19,82,201001
19,2,201001
19,24,201001
19,149,201001
19,102,201001
19,96,201001
19,48,201001
19,22,201001
19,156,201001
19,10,201001
19,27,201001
19,242,201001
19,74,201001
19,72,201001
19,4,201001
19,265,201001
19,21,201001
19,85,201001
19,113,201001
19,320,201001
19,57,201001
19,157,201001
19,66,201001
19,354,201001
19,54,201001
19,31,201001
19,1284,201001
19,9,201001
19,16,201001
19,80,201001
19,0,201001
19,782,201001
19,38,201001
19,83,201001
19,45,201001
19,100,201001
19,46,201001
19,181,201001
19,26,201001
19,32,201001
19,34,201001
19,278,201001
19,534,201001
19,154,201001
19,35,201001
19,1147,201001
19,107,201001
19,117,201001
19,99,201001
19,81,201001
19,20,201001
19,139,201001
19,114,201001
19,165,201001
19,195,201001
19,78,201001
19,28,201001
19,140,201001
19,274,201001
19,208,201001
19,182,201001
19,79,201001
19,134,201001
19,860,201001
19,76,201001
19,17,201001
19,192,201001
19,332,201001
19,75,201001
19,126,201001
19,387,201001
19,206,201001
19,119,201001
19,338,201001
19,205,201001
19,362,201001
19,277,201001
19,799,201001
19,136,201001
19,129,201001
19,1,201001
19,176,201001
19,92,201001
19,172,201001
19,25,201001
19,36,201001
19,60,201001
19,135,201001
20,17,201001
20,21,201001
20,69,201001
20,247,201001
20,4,201001
20,146,201001
20,160,201001
20,27,201001
20,100,201001
20,25,201001
20,223,201001
20,395,201001
20,23,201001
20,40,201001
20,72,201001
20,133,201001
20,85,201001
20,48,201001
20,16,201001
20,11,201001
20,29,201001
20,180,201001
20,139,201001
20,143,201001
20,26,201001
20,32,201001
20,60,201001
20,81,201001
20,112,201001
20,274,201001
20,169,201001
20,14,201001
20,165,201001
20,18,201001
20,59,201001
20,35,201001
20,0,201001
20,107,201001
20,96,201001
20,155,201001
20,36,201001
20,154,201001
20,346,201001
20,99,201001
20,2,201001
20,58,201001
20,77,201001
20,9,201001
20,108,201001
20,110,201001
20,28,201001
20,92,201001
20,19,201001
20,102,201001
20,10,201001
20,31,201001
20,22,201001
20,736,201001
20,86,201001
20,215,201001
20,53,201001
20,211,201001
20,303,201001
20,741,201001
20,1,201001
20,315,201001
20,177,201001
20,832,201001
20,866,201001
20,214,201001
20,89,201001
20,906,201001
20,150,201001
20,261,201001
20,137,201001
20,54,201001
20,189,201001
20,761,201001
20,213,201001
20,97,201001
20,183,201001
20,184,201001
20,243,201001
20,13,201001
20,135,201001
20,51,201001
20,113,201001
20,136,201001
20,33,201001
20,121,201001
20,6,201001
20,64,201001
20,8,201001
20,46,201001
20,7,201001
21,20,201001
21,929,201001
21,755,201001
21,916,201001
21,736,201001
21,107,201001
21,160,201001
21,866,201001
21,832,201001
21,4,201001
21,143,201001
21,136,201001
21,10,201001
21,761,201001
21,745,201001
21,213,201001
21,81,201001
21,115,201001
21,164,201001
21,13,201001
21,19,201001
21,59,201001
21,96,201001
21,26,201001
21,32,201001
21,14,201001
21,72,201001
21,54,201001
21,100,201001
21,2,201001
21,147,201001
21,6,201001
21,120,201001
21,116,201001
21,16,201001
21,18,201001
21,135,201001
21,53,201001
21,9,201001
21,83,201001
21,108,201001
21,132,201001
21,27,201001
21,64,201001
21,119,201001
21,0,201001
21,77,201001
21,85,201001
21,51,201001
21,11,201001
21,52,201001
21,1,201001
21,124,201001
21,23,201001
21,165,201001
21,38,201001
21,60,201001
21,346,201001
21,46,201001
21,40,201001
21,31,201001
21,102,201001
21,137,201001
21,112,201001
21,180,201001
21,12,201001
21,48,201001
21,274,201001
21,69,201001
21,154,201001
21,22,201001
21,92,201001
21,183,201001
21,189,201001
21,121,201001
21,29,201001
21,17,201001
21,89,201001
21,97,201001
21,25,201001
21,113,201001
21,133,201001
21,28,201001
22,96,201001
22,165,201001
22,160,201001
22,12,201001
22,48,201001
22,133,201001
22,84,201001
22,51,201001
22,53,201001
22,31,201001
22,30,201001
22,69,201001
22,14,201001
22,27,201001
22,60,201001
22,6,201001
22,88,201001
22,121,201001
22,102,201001
22,5,201001
22,97,201001
22,143,201001
22,9,201001
22,137,201001
22,33,201001
22,11,201001
22,18,201001
22,213,201001
22,13,201001
22,906,201001
22,25,201001
22,108,201001
22,2,201001
22,85,201001
22,40,201001
22,150,201001
22,83,201001
22,92,201001
22,346,201001
22,4,201001
22,154,201001
22,23,201001
22,19,201001
22,26,201001
22,20,201001
22,21,201001
22,274,201001
22,112,201001
22,136,201001
22,135,201001
22,17,201001
22,29,201001
22,28,201001
22,10,201001
22,1,201001
23,189,201001
23,28,201001
23,863,201001
23,165,201001
23,137,201001
23,48,201001
23,906,201001
23,1155,201001
23,64,201001
23,136,201001
23,211,201001
23,247,201001
23,65,201001
23,39,201001
23,5,201001
23,21,201001
23,348,201001
23,77,201001
23,110,201001
23,501,201001
23,160,201001
23,143,201001
23,1,201001
23,0,201001
23,150,201001
23,51,201001
23,36,201001
23,138,201001
23,11,201001
23,419,201001
23,89,201001
23,19,201001
23,749,201001
23,86,201001
23,100,201001
23,30,201001
23,54,201001
23,155,201001
23,25,201001
23,124,201001
23,214,201001
23,40,201001
23,112,201001
23,22,201001
23,536,201001
23,142,201001
23,764,201001
23,299,201001
23,346,201001
23,2,201001
23,177,201001
23,60,201001
23,108,201001
23,817,201001
23,72,201001
23,154,201001
23,345,201001
23,32,201001
23,92,201001
23,12,201001
23,80,201001
23,9,201001
23,274,201001
23,135,201001
23,46,201001
23,14,201001
23,69,201001
23,4,201001
23,96,201001
23,85,201001
23,183,201001
23,83,201001
23,27,201001
23,107,201001
23,31,201001
23,20,201001
23,97,201001
23,10,201001
24,339,201001
24,66,201001
24,401,201001
24,101,201001
24,188,201001
24,160,201001
24,124,201001
24,83,201001
24,0,201001
24,58,201001
24,195,201001
24,132,201001
24,78,201001
24,355,201001
24,41,201001
24,94,201001
24,26,201001
24,72,201001
24,74,201001
24,114,201001
24,133,201001
24,80,201001
24,76,201001
24,79,201001
24,156,201001
24,18,201001
24,99,201001
24,19,201001
24,1147,201001
24,444,201001
24,32,201001
24,14,201001
24,53,201001
24,48,201001
24,27,201001
24,34,201001
24,136,201001
24,35,201001
24,16,201001
24,54,201001
24,64,201001
24,29,201001
24,137,201001
24,6,201001
24,108,201001
24,25,201001
24,60,201001
24,97,201001
24,46,201001
25,552,201001
25,115,201001
25,2,201001
25,9,201001
25,137,201001
25,59,201001
25,93,201001
25,80,201001
25,6,201001
25,175,201001
25,120,201001
25,41,201001
25,339,201001
25,160,201001
25,143,201001
25,534,201001
25,35,201001
25,336,201001
25,146,201001
25,98,201001
25,138,201001
25,10,201001
25,34,201001
25,77,201001
25,87,201001
25,309,201001
25,233,201001
25,26,201001
25,112,201001
25,99,201001
25,81,201001
25,0,201001
25,40,201001
25,48,201001
25,102,201001
25,52,201001
25,104,201001
25,142,201001
25,17,201001
25,181,201001
25,14,201001
25,78,201001
25,117,201001
25,136,201001
25,20,201001
25,153,201001
25,4,201001
25,183,201001
25,31,201001
25,69,201001
25,46,201001
25,16,201001
25,18,201001
25,131,201001
25,97,201001
25,346,201001
25,21,201001
25,116,201001
25,150,201001
25,23,201001
25,60,201001
25,108,201001
25,64,201001
25,29,201001
25,139,201001
25,28,201001
25,340,201001
25,216,201001
25,118,201001
25,237,201001
25,32,201001
25,371,201001
25,385,201001
25,165,201001
25,63,201001
25,393,201001
25,333,201001
25,11,201001
25,335,201001
25,326,201001
25,188,201001
25,72,201001
25,65,201001
25,1,201001
25,39,201001
25,390,201001
25,355,201001
25,57,201001
25,47,201001
25,45,201001
25,24,201001
25,110,201001
25,132,201001
25,85,201001
25,76,201001
25,154,201001
25,544,201001
25,27,201001
25,58,201001
25,38,201001
25,101,201001
25,12,201001
25,71,201001
25,36,201001
25,161,201001
25,495,201001
25,96,201001
25,22,201001
25,83,201001
25,152,201001
25,341,201001
25,327,201001
25,19,201001
25,156,201001
25,157,201001
25,149,201001
25,54,201001
25,53,201001
25,124,201001
25,274,201001
25,100,201001
25,129,201001
25,51,201001
25,113,201001
25,89,201001
25,13,201001
26,105,201001
26,0,201001
26,48,201001
26,309,201001
26,265,201001
26,12,201001
26,112,201001
26,113,201001
26,1,201001
26,136,201001
26,320,201001
26,143,201001
26,31,201001
26,274,201001
26,28,201001
26,104,201001
26,4,201001
26,54,201001
26,22,201001
26,154,201001
26,16,201001
26,117,201001
26,27,201001
26,25,201001
26,83,201001
26,60,201001
26,129,201001
26,94,201001
26,181,201001
26,134,201001
26,206,201001
26,72,201001
26,153,201001
26,34,201001
26,137,201001
26,29,201001
26,338,201001
26,2,201001
26,24,201001
26,20,201001
26,80,201001
26,19,201001
26,192,201001
26,78,201001
26,92,201001
26,10,201001
26,120,201001
26,38,201001
26,18,201001
26,40,201001
26,65,201001
26,142,201001
26,155,201001
26,139,201001
26,6,201001
26,156,201001
26,51,201001
26,11,201001
26,278,201001
26,146,201001
26,59,201001
26,169,201001
26,77,201001
26,17,201001
26,85,201001
26,96,201001
26,64,201001
26,36,201001
26,126,201001
26,237,201001
26,46,201001
26,101,201001
26,57,201001
26,63,201001
26,45,201001
26,140,201001
26,132,201001
26,14,201001
26,39,201001
26,71,201001
26,131,201001
26,544,201001
26,114,201001
26,81,201001
26,102,201001
26,180,201001
26,13,201001
26,76,201001
26,860,201001
26,32,201001
26,55,201001
26,100,201001
26,75,201001
26,160,201001
26,135,201001
26,99,201001
26,108,201001
26,97,201001
26,35,201001
27,12,201001
27,146,201001
27,77,201001
27,534,201001
27,160,201001
27,9,201001
27,137,201001
27,40,201001
27,175,201001
27,136,201001
27,731,201001
27,143,201001
27,900,201001
27,13,201001
27,154,201001
27,339,201001
27,81,201001
27,176,201001
27,4,201001
27,211,201001
27,278,201001
27,180,201001
27,142,201001
27,21,201001
27,83,201001
27,26,201001
27,133,201001
27,6,201001
27,36,201001
27,149,201001
27,108,201001
27,155,201001
27,52,201001
27,102,201001
27,30,201001
27,134,201001
27,119,201001
27,100,201001
27,206,201001
27,99,201001
27,14,201001
27,96,201001
27,116,201001
27,46,201001
27,11,201001
27,80,201001
27,85,201001
27,113,201001
27,368,201001
27,60,201001
27,16,201001
27,112,201001
27,115,201001
27,19,201001
27,181,201001
27,1,201001
27,834,201001
27,32,201001
27,94,201001
27,20,201001
27,107,201001
27,139,201001
27,28,201001
27,64,201001
27,17,201001
27,120,201001
27,47,201001
27,588,201001
27,165,201001
27,5,201001
27,251,201001
27,93,201001
27,490,201001
27,213,201001
27,346,201001
27,341,201001
27,78,201001
27,38,201001
27,10,201001
27,29,201001
27,752,201001
27,388,201001
27,1482,201001
27,2,201001
27,0,201001
27,59,201001
27,97,201001
27,18,201001
27,51,201001
27,25,201001
27,92,201001
27,54,201001
27,48,201001
27,31,201001
27,274,201001
27,135,201001
28,96,201001
28,160,201001
28,23,201001
28,175,201001
28,17,201001
28,493,201001
28,1,201001
28,143,201001
28,165,201001
28,77,201001
28,146,201001
28,180,201001
28,115,201001
28,155,201001
28,26,201001
28,83,201001
28,139,201001
28,19,201001
28,13,201001
28,53,201001
28,97,201001
28,116,201001
28,38,201001
28,72,201001
28,196,201001
28,69,201001
28,124,201001
28,60,201001
28,100,201001
28,99,201001
28,183,201001
28,64,201001
28,18,201001
28,4,201001
28,9,201001
28,119,201001
28,35,201001
28,59,201001
28,5,201001
28,346,201001
28,40,201001
28,16,201001
28,34,201001
28,48,201001
28,142,201001
28,15,201001
28,6,201001
28,102,201001
28,154,201001
28,32,201001
28,2,201001
28,12,201001
28,10,201001
28,14,201001
28,89,201001
28,80,201001
28,54,201001
28,0,201001
28,81,201001
28,108,201001
28,261,201001
28,222,201001
28,136,201001
28,11,201001
28,274,201001
28,31,201001
28,51,201001
28,27,201001
28,107,201001
28,92,201001
28,85,201001
28,46,201001
28,22,201001
28,135,201001
28,20,201001
28,29,201001
28,112,201001
28,25,201001
28,21,201001
28,137,201001
29,27,201001
29,143,201001
29,32,201001
29,19,201001
29,14,201001
29,552,201001
29,6,201001
29,89,201001
29,110,201001
29,18,201001
29,165,201001
29,16,201001
29,35,201001
29,175,201001
29,45,201001
29,146,201001
29,675,201001
29,64,201001
29,59,201001
29,11,201001
29,188,201001
29,40,201001
29,105,201001
29,160,201001
29,77,201001
29,51,201001
29,342,201001
29,83,201001
29,26,201001
29,30,201001
29,251,201001
29,2,201001
29,46,201001
29,132,201001
29,25,201001
29,296,201001
29,36,201001
29,265,201001
29,28,201001
29,85,201001
29,102,201001
29,121,201001
29,106,201001
29,304,201001
29,80,201001
29,274,201001
29,81,201001
29,122,201001
29,31,201001
29,99,201001
29,205,201001
29,126,201001
29,722,201001
29,154,201001
29,58,201001
29,137,201001
29,54,201001
29,739,201001
29,97,201001
29,0,201001
29,79,201001
29,139,201001
29,57,201001
29,100,201001
29,134,201001
29,12,201001
29,176,201001
29,96,201001
29,23,201001
29,129,201001
29,55,201001
29,20,201001
29,155,201001
29,111,201001
29,375,201001
29,117,201001
29,371,201001
29,112,201001
29,69,201001
29,17,201001
29,140,201001
29,9,201001
29,180,201001
29,181,201001
29,48,201001
29,131,201001
29,38,201001
29,101,201001
29,163,201001
29,8,201001
29,270,201001
29,61,201001
29,66,201001
29,183,201001
29,24,201001
29,276,201001
29,15,201001
29,170,201001
29,172,201001
29,208,201001
29,104,201001
29,78,201001
29,224,201001
29,74,201001
29,142,201001
29,267,201001
29,63,201001
29,75,201001
29,233,201001
29,13,201001
29,53,201001
29,72,201001
29,237,201001
29,76,201001
29,544,201001
29,153,201001
29,44,201001
29,120,201001
29,86,201001
29,242,201001
29,292,201001
29,182,201001
29,62,201001
29,43,201001
29,169,201001
29,269,201001
29,39,201001
29,71,201001
29,198,201001
29,65,201001
29,197,201001
29,171,201001
29,124,201001
29,7,201001
29,159,201001
29,34,201001
29,52,201001
29,145,201001
29,107,201001
29,125,201001
29,213,201001
29,193,201001
29,144,201001
29,303,201001
29,10,201001
29,108,201001
29,22,201001
29,21,201001
29,4,201001
29,113,201001
29,136,201001
29,60,201001
29,1,201001
30,12,201001
30,61,201001
30,160,201001
30,136,201001
30,147,201001
30,104,201001
30,84,201001
30,143,201001
30,878,201001
30,100,201001
30,96,201001
30,9,201001
30,67,201001
30,99,201001
30,21,201001
30,14,201001
30,46,201001
30,776,201001
30,26,201001
30,29,201001
30,1090,201001
30,183,201001
30,754,201001
30,753,201001
30,783,201001
30,346,201001
30,88,201001
30,17,201001
30,10,201001
30,1227,201001
30,18,201001
30,4,201001
30,11,201001
31,142,201001
31,175,201001
31,40,201001
31,160,201001
31,83,201001
31,282,201001
31,146,201001
31,354,201001
31,237,201001
31,47,201001
31,19,201001
31,17,201001
31,344,201001
31,64,201001
31,16,201001
31,77,201001
31,78,201001
31,97,201001
31,181,201001
31,12,201001
31,119,201001
31,13,201001
31,99,201001
31,188,201001
31,45,201001
31,72,201001
31,165,201001
31,320,201001
31,123,201001
31,242,201001
31,94,201001
31,75,201001
31,30,201001
31,26,201001
31,82,201001
31,93,201001
31,52,201001
31,74,201001
31,54,201001
31,2,201001
31,183,201001
31,342,201001
31,126,201001
31,9,201001
31,115,201001
31,76,201001
31,29,201001
31,113,201001
31,39,201001
31,170,201001
31,544,201001
31,510,201001
31,69,201001
31,120,201001
31,530,201001
31,888,201001
31,38,201001
31,18,201001
31,1147,201001
31,81,201001
31,32,201001
31,65,201001
31,161,201001
31,1,201001
31,112,201001
31,46,201001
31,136,201001
31,4,201001
31,135,201001
31,341,201001
31,59,201001
31,503,201001
31,51,201001
31,22,201001
31,21,201001
31,20,201001
31,96,201001
31,107,201001
31,180,201001
31,36,201001
31,155,201001
31,5,201001
31,154,201001
31,139,201001
31,11,201001
31,35,201001
31,102,201001
31,23,201001
31,80,201001
31,274,201001
31,28,201001
31,85,201001
31,6,201001
31,100,201001
31,48,201001
31,27,201001
31,0,201001
31,10,201001
31,25,201001
31,92,201001
31,108,201001
31,60,201001
31,14,201001
31,137,201001
32,108,201001
32,322,201001
32,77,201001
32,126,201001
32,40,201001
32,142,201001
32,138,201001
32,675,201001
32,160,201001
32,143,201001
32,35,201001
32,135,201001
32,113,201001
32,124,201001
32,20,201001
32,278,201001
32,157,201001
32,94,201001
32,100,201001
32,146,201001
32,133,201001
32,48,201001
32,165,201001
32,129,201001
32,0,201001
32,51,201001
32,139,201001
32,17,201001
32,137,201001
32,9,201001
32,13,201001
32,85,201001
32,155,201001
32,112,201001
32,122,201001
32,180,201001
32,320,201001
32,18,201001
32,24,201001
32,5,201001
32,274,201001
32,21,201001
32,96,201001
32,2,201001
32,23,201001
32,81,201001
32,38,201001
32,104,201001
32,12,201001
32,74,201001
32,44,201001
32,26,201001
32,83,201001
32,31,201001
32,4,201001
32,97,201001
32,154,201001
32,86,201001
32,429,201001
32,11,201001
32,28,201001
32,71,201001
32,178,201001
32,814,201001
32,29,201001
32,1147,201001
32,346,201001
32,76,201001
32,172,201001
32,341,201001
32,46,201001
32,170,201001
32,102,201001
32,136,201001
32,64,201001
32,54,201001
32,110,201001
32,131,201001
32,10,201001
32,440,201001
32,362,201001
32,242,201001
32,62,201001
32,65,201001
32,545,201001
32,43,201001
32,16,201001
32,159,201001
32,144,201001
32,52,201001
32,27,201001
32,181,201001
32,237,201001
32,63,201001
32,544,201001
32,92,201001
32,58,201001
32,61,201001
32,192,201001
32,78,201001
32,145,201001
32,59,201001
32,198,201001
32,546,201001
32,420,201001
32,80,201001
32,193,201001
32,60,201001
32,269,201001
32,132,201001
32,25,201001
32,171,201001
32,163,201001
32,114,201001
32,120,201001
32,19,201001
32,233,201001
32,39,201001
32,175,201001
32,55,201001
32,66,201001
32,117,201001
32,140,201001
32,72,201001
32,276,201001
32,45,201001
32,79,201001
32,338,201001
32,332,201001
32,101,201001
32,99,201001
32,195,201001
32,75,201001
32,57,201001
32,205,201001
32,182,201001
32,270,201001
32,208,201001
32,176,201001
32,15,201001
32,134,201001
32,206,201001
32,6,201001
32,1,201001
32,197,201001
32,36,201001
32,14,201001
33,51,201001
33,111,201001
33,214,201001
33,17,201001
33,5,201001
33,10,201001
33,1227,201001
33,11,201001
33,136,201001
33,4,201001
33,20,201001
34,480,201001
34,136,201001
34,160,201001
34,10,201001
34,552,201001
34,265,201001
34,752,201001
34,183,201001
34,143,201001
34,12,201001
34,54,201001
34,588,201001
34,27,201001
34,84,201001
34,104,201001
34,834,201001
34,860,201001
34,150,201001
34,264,201001
34,132,201001
34,78,201001
34,40,201001
34,36,201001
34,275,201001
34,28,201001
34,48,201001
34,346,201001
34,154,201001
34,17,201001
34,1227,201001
34,18,201001
34,160,201001
34,136,201001
34,10,201001
34,29,201001
34,97,201001
34,25,201001
34,137,201001
35,194,201001
35,1191,201001
35,40,201001
35,45,201001
35,419,201001
35,48,201001
35,97,201001
35,739,201001
35,160,201001
35,146,201001
35,785,201001
35,136,201001
35,17,201001
35,710,201001
35,39,201001
35,5,201001
35,57,201001
35,380,201001
35,46,201001
35,25,201001
35,64,201001
35,1250,201001
35,675,201001
35,80,201001
35,81,201001
35,60,201001
35,322,201001
35,241,201001
35,654,201001
35,245,201001
35,59,201001
35,463,201001
35,143,201001
35,38,201001
35,129,201001
35,16,201001
35,444,201001
35,41,201001
35,102,201001
35,10,201001
35,1313,201001
35,83,201001
35,6,201001
35,26,201001
35,1,201001
35,142,201001
35,21,201001
35,51,201001
35,155,201001
35,20,201001
35,19,201001
35,52,201001
35,4,201001
35,28,201001
35,769,201001
35,15,201001
35,132,201001
35,113,201001
35,13,201001
35,78,201001
35,101,201001
35,76,201001
35,120,201001
35,77,201001
35,108,201001
35,18,201001
35,31,201001
35,100,201001
35,29,201001
35,14,201001
35,71,201001
35,139,201001
35,173,201001
35,32,201001
35,172,201001
35,0,201001
35,154,201001
35,99,201001
35,137,201001
36,160,201001
36,97,201001
36,18,201001
36,375,201001
36,143,201001
36,139,201001
36,9,201001
36,38,201001
36,100,201001
36,5,201001
36,444,201001
36,40,201001
36,120,201001
36,1,201001
36,142,201001
36,11,201001
36,64,201001
36,136,201001
36,25,201001
36,83,201001
36,154,201001
36,107,201001
36,29,201001
36,133,201001
36,45,201001
36,13,201001
36,28,201001
36,46,201001
36,1147,201001
36,269,201001
36,81,201001
36,79,201001
36,77,201001
36,14,201001
36,20,201001
36,155,201001
36,52,201001
36,341,201001
36,180,201001
36,10,201001
36,6,201001
36,17,201001
36,0,201001
36,16,201001
36,31,201001
36,102,201001
36,135,201001
36,146,201001
36,178,201001
36,208,201001
36,19,201001
36,32,201001
36,26,201001
36,108,201001
36,99,201001
36,119,201001
36,137,201001
36,59,201001
37,493,201001
37,17,201001
37,1,201001
38,31,201001
38,197,201001
38,193,201001
38,1209,201001
38,120,201001
38,18,201001
38,160,201001
38,77,201001
38,341,201001
38,154,201001
38,47,201001
38,124,201001
38,94,201001
38,75,201001
38,97,201001
38,36,201001
38,27,201001
38,143,201001
38,9,201001
38,15,201001
38,21,201001
38,81,201001
38,274,201001
38,131,201001
38,2,201001
38,52,201001
38,107,201001
38,102,201001
38,198,201001
38,126,201001
38,11,201001
38,96,201001
38,157,201001
38,19,201001
38,117,201001
38,16,201001
38,17,201001
38,134,201001
38,59,201001
38,12,201001
38,32,201001
38,0,201001
38,99,201001
38,139,201001
38,24,201001
38,92,201001
38,26,201001
38,178,201001
38,142,201001
38,146,201001
38,1,201001
38,136,201001
38,85,201001
38,180,201001
38,29,201001
38,64,201001
38,10,201001
38,48,201001
38,46,201001
38,6,201001
38,35,201001
38,137,201001
38,108,201001
38,25,201001
38,100,201001
38,135,201001
38,60,201001
38,14,201001
39,35,201001
39,320,201001
39,23,201001
39,97,201001
39,57,201001
39,143,201001
39,336,201001
39,120,201001
39,112,201001
39,137,201001
39,160,201001
39,219,201001
39,125,201001
39,19,201001
39,45,201001
39,5,201001
39,188,201001
39,38,201001
39,104,201001
39,341,201001
39,62,201001
39,124,201001
39,157,201001
39,79,201001
39,31,201001
39,98,201001
39,65,201001
39,73,201001
39,146,201001
39,178,201001
39,1147,201001
39,99,201001
39,26,201001
39,46,201001
39,32,201001
39,25,201001
39,29,201001
39,64,201001
40,77,201001
40,16,201001
40,380,201001
40,281,201001
40,544,201001
40,160,201001
40,27,201001
40,19,201001
40,142,201001
40,205,201001
40,652,201001
40,136,201001
40,143,201001
40,65,201001
40,35,201001
40,6,201001
40,12,201001
40,249,201001
40,120,201001
40,51,201001
40,0,201001
40,85,201001
40,52,201001
40,233,201001
40,38,201001
40,274,201001
40,133,201001
40,96,201001
40,107,201001
40,18,201001
40,25,201001
40,13,201001
40,112,201001
40,154,201001
40,145,201001
40,72,201001
40,74,201001
40,180,201001
40,54,201001
40,61,201001
40,86,201001
40,76,201001
40,26,201001
40,113,201001
40,9,201001
40,21,201001
40,152,201001
40,344,201001
40,29,201001
40,126,201001
40,83,201001
40,23,201001
40,97,201001
40,108,201001
40,100,201001
40,2,201001
40,64,201001
40,46,201001
40,80,201001
40,31,201001
40,463,201001
40,342,201001
40,1147,201001
40,320,201001
40,94,201001
40,17,201001
40,155,201001
40,48,201001
40,32,201001
40,92,201001
40,36,201001
40,4,201001
40,102,201001
40,28,201001
40,178,201001
40,59,201001
40,146,201001
40,99,201001
40,20,201001
40,137,201001
40,1,201001
40,10,201001
40,139,201001
40,14,201001
40,60,201001
40,135,201001
41,60,201001
41,35,201001
41,101,201001
41,160,201001
41,344,201001
41,31,201001
41,347,201001
41,124,201001
41,65,201001
41,80,201001
41,24,201001
41,287,201001
41,64,201001
41,274,201001
41,14,201001
41,219,201001
41,192,201001
41,19,201001
41,1147,201001
41,97,201001
41,83,201001
41,48,201001
41,108,201001
41,137,201001
41,46,201001
43,44,201001
43,54,201001
43,160,201001
43,163,201001
43,64,201001
43,111,201001
43,117,201001
43,39,201001
43,75,201001
43,31,201001
43,1147,201001
43,18,201001
43,141,201001
43,32,201001
43,136,201001
43,97,201001
43,266,201001
43,10,201001
43,29,201001
44,43,201001
44,54,201001
44,12,201001
44,122,201001
44,1169,201001
44,32,201001
44,29,201001
44,18,201001
45,207,201001
45,29,201001
45,137,201001
45,59,201001
45,247,201001
45,675,201001
45,188,201001
45,82,201001
45,143,201001
45,24,201001
45,181,201001
45,176,201001
45,40,201001
45,171,201001
45,52,201001
45,6,201001
45,120,201001
45,124,201001
45,75,201001
45,180,201001
45,31,201001
45,14,201001
45,2,201001
45,83,201001
45,19,201001
45,160,201001
45,97,201001
45,39,201001
45,0,201001
45,341,201001
45,146,201001
45,46,201001
45,26,201001
45,64,201001
45,35,201001
45,99,201001
45,25,201001
45,32,201001
46,143,201001
46,77,201001
46,54,201001
46,0,201001
46,160,201001
46,72,201001
46,117,201001
46,129,201001
46,6,201001
46,97,201001
46,530,201001
46,29,201001
46,62,201001
46,2,201001
46,13,201001
46,61,201001
46,32,201001
46,123,201001
46,78,201001
46,101,201001
46,135,201001
46,65,201001
46,140,201001
46,14,201001
46,320,201001
46,35,201001
46,58,201001
46,136,201001
46,278,201001
46,64,201001
46,18,201001
46,860,201001
46,132,201001
46,52,201001
46,31,201001
46,16,201001
46,40,201001
46,99,201001
46,102,201001
46,146,201001
46,120,201001
46,82,201001
46,250,201001
46,85,201001
46,100,201001
46,126,201001
46,23,201001
46,137,201001
46,63,201001
46,131,201001
46,19,201001
46,45,201001
46,1147,201001
46,341,201001
46,83,201001
46,180,201001
46,25,201001
46,287,201001
46,142,201001
46,108,201001
46,178,201001
46,76,201001
46,79,201001
46,38,201001
46,237,201001
46,81,201001
46,39,201001
46,27,201001
46,173,201001
46,342,201001
46,60,201001
46,176,201001
46,57,201001
46,445,201001
46,154,201001
46,208,201001
46,26,201001
46,80,201001
46,224,201001
46,156,201001
46,94,201001
46,158,201001
46,799,201001
46,95,201001
46,48,201001
46,141,201001
46,182,201001
46,544,201001
46,155,201001
46,355,201001
46,744,201001
46,192,201001
46,152,201001
46,134,201001
46,157,201001
46,59,201001
46,813,201001
46,458,201001
46,73,201001
46,89,201001
46,124,201001
46,797,201001
46,41,201001
46,75,201001
46,4,201001
46,769,201001
46,28,201001
46,172,201001
46,24,201001
46,20,201001
46,36,201001
46,17,201001
46,10,201001
46,139,201001
46,1,201001
47,25,201001
47,327,201001
47,113,201001
47,80,201001
47,72,201001
47,51,201001
47,116,201001
47,9,201001
47,165,201001
47,149,201001
47,154,201001
47,27,201001
47,115,201001
47,1169,201001
47,274,201001
47,92,201001
47,137,201001
48,0,201001
48,83,201001
48,249,201001
48,100,201001
48,172,201001
48,142,201001
48,19,201001
48,143,201001
48,92,201001
48,35,201001
48,768,201001
48,160,201001
48,97,201001
48,60,201001
48,17,201001
48,769,201001
48,77,201001
48,136,201001
48,36,201001
48,14,201001
48,13,201001
48,25,201001
48,52,201001
48,96,201001
48,11,201001
48,157,201001
48,28,201001
48,6,201001
48,108,201001
48,26,201001
48,64,201001
48,165,201001
48,115,201001
48,9,201001
48,40,201001
48,20,201001
48,112,201001
48,4,201001
48,341,201001
48,71,201001
48,99,201001
48,137,201001
48,10,201001
48,16,201001
48,85,201001
48,38,201001
48,15,201001
48,132,201001
48,1,201001
48,495,201001
48,107,201001
48,12,201001
48,5,201001
48,2,201001
48,41,201001
48,21,201001
48,54,201001
48,117,201001
48,18,201001
48,81,201001
48,155,201001
48,176,201001
48,274,201001
48,79,201001
48,197,201001
48,95,201001
48,181,201001
48,75,201001
48,101,201001
48,57,201001
48,146,201001
48,320,201001
48,46,201001
48,194,201001
48,120,201001
48,815,201001
48,180,201001
48,195,201001
48,121,201001
48,154,201001
48,27,201001
48,31,201001
48,102,201001
48,208,201001
48,129,201001
48,59,201001
48,119,201001
48,32,201001
48,29,201001
48,178,201001
48,135,201001
49,69,201001
49,806,201001
49,51,201001
50,69,201001
50,177,201001
50,346,201001
50,1169,201001
50,4,201001
51,184,201001
51,5,201001
51,215,201001
51,795,201001
51,77,201001
51,247,201001
51,1309,201001
51,741,201001
51,69,201001
51,1196,201001
51,901,201001
51,132,201001
51,160,201001
51,23,201001
51,143,201001
51,17,201001
51,214,201001
51,48,201001
51,10,201001
51,213,201001
51,81,201001
51,119,201001
51,0,201001
51,54,201001
51,25,201001
51,115,201001
51,108,201001
51,93,201001
51,1,201001
51,8,201001
51,164,201001
51,32,201001
51,124,201001
51,19,201001
51,85,201001
51,3,201001
51,4,201001
51,58,201001
51,14,201001
51,113,201001
51,154,201001
51,13,201001
51,142,201001
51,1649,201001
51,11,201001
51,22,201001
51,60,201001
51,97,201001
51,12,201001
51,31,201001
51,2,201001
51,35,201001
51,1319,201001
51,1169,201001
51,346,201001
51,165,201001
51,137,201001
51,133,201001
51,189,201001
51,92,201001
51,49,201001
51,819,201001
51,274,201001
51,96,201001
51,150,201001
51,33,201001
51,112,201001
51,28,201001
51,27,201001
51,59,201001
51,136,201001
51,29,201001
51,89,201001
51,121,201001
51,135,201001
51,107,201001
51,64,201001
51,110,201001
51,7,201001
51,183,201001
51,6,201001
51,20,201001
51,21,201001
51,18,201001
52,6,201001
52,31,201001
52,336,201001
52,138,201001
52,160,201001
52,101,201001
52,146,201001
52,180,201001
52,102,201001
52,143,201001
52,4,201001
52,114,201001
52,19,201001
52,16,201001
52,293,201001
52,77,201001
52,175,201001
52,136,201001
52,117,201001
52,14,201001
52,40,201001
52,112,201001
52,931,201001
52,274,201001
52,23,201001
52,38,201001
52,39,201001
52,51,201001
52,60,201001
52,137,201001
52,27,201001
52,97,201001
52,154,201001
52,0,201001
52,197,201001
52,2,201001
52,85,201001
52,53,201001
52,96,201001
52,131,201001
52,45,201001
52,278,201001
52,54,201001
52,124,201001
52,66,201001
52,17,201001
52,64,201001
52,94,201001
52,282,201001
52,99,201001
52,25,201001
52,75,201001
52,142,201001
52,46,201001
52,13,201001
52,139,201001
52,20,201001
52,83,201001
52,28,201001
52,266,201001
52,21,201001
52,80,201001
52,92,201001
52,5,201001
52,29,201001
52,113,201001
52,35,201001
52,48,201001
52,32,201001
52,59,201001
52,1,201001
52,18,201001
52,108,201001
52,10,201001
52,36,201001
52,129,201001
52,135,201001
53,9,201001
53,70,201001
53,46,201001
53,81,201001
53,160,201001
53,136,201001
53,132,201001
53,113,201001
53,99,201001
53,544,201001
53,96,201001
53,77,201001
53,23,201001
53,11,201001
53,97,201001
53,83,201001
53,960,201001
53,60,201001
53,1,201001
53,29,201001
53,20,201001
53,18,201001
53,10,201001
53,17,201001
53,25,201001
53,137,201001
54,276,201001
54,422,201001
54,43,201001
54,160,201001
54,143,201001
54,17,201001
54,24,201001
54,20,201001
54,814,201001
54,77,201001
54,44,201001
54,430,201001
54,440,201001
54,18,201001
54,46,201001
54,15,201001
54,344,201001
54,132,201001
54,60,201001
54,83,201001
54,183,201001
54,45,201001
54,155,201001
54,274,201001
54,112,201001
54,341,201001
54,96,201001
54,36,201001
54,58,201001
54,115,201001
54,102,201001
54,32,201001
54,113,201001
54,161,201001
54,62,201001
54,92,201001
54,6,201001
54,78,201001
54,152,201001
54,51,201001
54,65,201001
54,107,201001
54,52,201001
54,99,201001
54,57,201001
54,265,201001
54,198,201001
54,285,201001
54,444,201001
54,136,201001
54,13,201001
54,19,201001
54,35,201001
54,11,201001
54,156,201001
54,131,201001
54,21,201001
54,146,201001
54,126,201001
54,64,201001
54,1205,201001
54,34,201001
54,72,201001
54,139,201001
54,133,201001
54,28,201001
54,40,201001
54,346,201001
54,166,201001
54,969,201001
54,69,201001
54,137,201001
54,5,201001
54,59,201001
54,1180,201001
54,1169,201001
54,48,201001
54,16,201001
54,12,201001
54,1,201001
54,75,201001
54,81,201001
54,154,201001
54,31,201001
54,97,201001
54,197,201001
54,108,201001
54,74,201001
54,4,201001
54,181,201001
54,14,201001
54,29,201001
54,27,201001
54,10,201001
54,25,201001
54,26,201001
55,126,201001
55,134,201001
55,143,201001
55,170,201001
55,74,201001
55,140,201001
55,16,201001
55,80,201001
55,995,201001
55,19,201001
55,64,201001
55,14,201001
55,79,201001
55,29,201001
55,77,201001
55,99,201001
55,32,201001
55,6,201001
55,60,201001
55,26,201001
55,59,201001
56,178,201001
57,77,201001
57,55,201001
57,143,201001
57,178,201001
57,160,201001
57,197,201001
57,188,201001
57,163,201001
57,171,201001
57,544,201001
57,242,201001
57,41,201001
57,14,201001
57,54,201001
57,108,201001
57,29,201001
57,76,201001
57,19,201001
57,146,201001
57,1147,201001
57,960,201001
57,64,201001
57,26,201001
57,99,201001
57,16,201001
57,6,201001
57,1250,201001
57,48,201001
57,46,201001
57,375,201001
57,25,201001
57,266,201001
57,32,201001
57,137,201001
57,97,201001
58,31,201001
58,160,201001
58,143,201001
58,38,201001
58,338,201001
58,81,201001
58,2,201001
58,16,201001
58,9,201001
58,132,201001
58,97,201001
58,146,201001
58,46,201001
58,341,201001
58,10,201001
58,29,201001
58,64,201001
58,99,201001
58,32,201001
58,25,201001
58,136,201001
58,137,201001
59,13,201001
59,143,201001
59,6,201001
59,45,201001
59,322,201001
59,675,201001
59,245,201001
59,31,201001
59,29,201001
59,52,201001
59,40,201001
59,129,201001
59,160,201001
59,138,201001
59,89,201001
59,110,201001
59,76,201001
59,35,201001
59,19,201001
59,146,201001
59,77,201001
59,241,201001
59,227,201001
59,242,201001
59,107,201001
59,8,201001
59,16,201001
59,156,201001
59,181,201001
59,28,201001
59,99,201001
59,154,201001
59,54,201001
59,17,201001
59,51,201001
59,136,201001
59,25,201001
59,64,201001
59,18,201001
59,2,201001
59,137,201001
59,180,201001
59,81,201001
59,172,201001
59,14,201001
59,27,201001
59,32,201001
59,21,201001
59,83,201001
59,114,201001
59,134,201001
59,108,201001
59,46,201001
59,71,201001
59,55,201001
59,38,201001
59,10,201001
59,126,201001
59,120,201001
59,117,201001
59,11,201001
59,1,201001
59,142,201001
59,4,201001
59,60,201001
59,217,201001
59,112,201001
59,92,201001
59,5,201001
59,85,201001
59,100,201001
59,20,201001
59,94,201001
59,0,201001
59,194,201001
59,48,201001
59,133,201001
59,121,201001
59,139,201001
59,36,201001
59,97,201001
60,52,201001
60,31,201001
60,6,201001
60,97,201001
60,11,201001
60,108,201001
60,35,201001
60,129,201001
60,100,201001
60,77,201001
60,39,201001
60,41,201001
60,146,201001
60,83,201001
60,772,201001
60,48,201001
60,160,201001
60,143,201001
60,20,201001
60,93,201001
60,116,201001
60,142,201001
60,107,201001
60,26,201001
60,40,201001
60,136,201001
60,71,201001
60,115,201001
60,13,201001
60,21,201001
60,19,201001
60,98,201001
60,46,201001
60,17,201001
60,7,201001
60,64,201001
60,16,201001
60,14,201001
60,72,201001
60,69,201001
60,183,201001
60,85,201001
60,10,201001
60,54,201001
60,354,201001
60,4,201001
60,495,201001
60,5,201001
60,22,201001
60,112,201001
60,34,201001
60,23,201001
60,176,201001
60,81,201001
60,51,201001
60,28,201001
60,124,201001
60,133,201001
60,205,201001
60,1,201001
60,18,201001
60,165,201001
60,25,201001
60,113,201001
60,1258,201001
60,9,201001
60,134,201001
60,121,201001
60,194,201001
60,12,201001
60,181,201001
60,32,201001
60,156,201001
60,237,201001
60,63,201001
60,178,201001
60,769,201001
60,154,201001
60,27,201001
60,120,201001
60,163,201001
60,101,201001
60,269,201001
60,137,201001
60,860,201001
60,157,201001
60,99,201001
60,208,201001
60,79,201001
60,2,201001
60,55,201001
60,117,201001
60,274,201001
60,197,201001
60,96,201001
60,24,201001
60,75,201001
60,217,201001
60,126,201001
60,195,201001
60,59,201001
60,38,201001
60,80,201001
60,135,201001
60,180,201001
60,0,201001
60,155,201001
60,139,201001
60,92,201001
60,119,201001
60,102,201001
60,29,201001
61,143,201001
61,77,201001
61,111,201001
61,804,201001
61,234,201001
61,160,201001
61,407,201001
61,415,201001
61,154,201001
61,52,201001
61,180,201001
61,108,201001
61,131,201001
61,137,201001
61,242,201001
61,181,201001
61,28,201001
61,32,201001
61,1,201001
61,346,201001
61,18,201001
61,17,201001
61,29,201001
61,266,201001
61,1227,201001
61,136,201001
61,10,201001
62,16,201001
62,143,201001
62,66,201001
62,160,201001
62,176,201001
62,40,201001
62,54,201001
62,134,201001
62,39,201001
62,341,201001
62,146,201001
62,97,201001
62,32,201001
62,375,201001
62,266,201001
62,137,201001
62,29,201001
63,160,201001
63,374,201001
63,82,201001
63,126,201001
63,208,201001
63,46,201001
63,1147,201001
63,26,201001
63,32,201001
63,25,201001
63,60,201001
63,99,201001
63,29,201001
63,64,201001
63,146,201001
63,97,201001
64,31,201001
64,544,201001
64,120,201001
64,6,201001
64,652,201001
64,16,201001
64,152,201001
64,108,201001
64,54,201001
64,739,201001
64,19,201001
64,126,201001
64,588,201001
64,143,201001
64,97,201001
64,205,201001
64,14,201001
64,160,201001
64,274,201001
64,83,201001
64,84,201001
64,39,201001
64,233,201001
64,444,201001
64,80,201001
64,62,201001
64,78,201001
64,278,201001
64,157,201001
64,112,201001
64,2,201001
64,0,201001
64,1313,201001
64,5,201001
64,490,201001
64,77,201001
64,287,201001
64,12,201001
64,85,201001
64,41,201001
64,170,201001
64,27,201001
64,35,201001
64,154,201001
64,61,201001
64,20,201001
64,107,201001
64,135,201001
64,4,201001
64,96,201001
64,29,201001
64,86,201001
64,7,201001
64,17,201001
64,52,201001
64,51,201001
64,1,201001
64,11,201001
64,18,201001
64,13,201001
64,134,201001
64,463,201001
64,40,201001
64,46,201001
64,60,201001
64,164,201001
64,266,201001
64,132,201001
64,142,201001
64,48,201001
64,38,201001
64,163,201001
64,104,201001
64,36,201001
64,28,201001
64,113,201001
64,101,201001
64,22,201001
64,140,201001
64,172,201001
64,146,201001
64,76,201001
64,703,201001
64,136,201001
64,23,201001
64,26,201001
64,59,201001
64,92,201001
64,25,201001
64,32,201001
64,117,201001
64,89,201001
64,549,201001
64,449,201001
64,374,201001
64,722,201001
64,139,201001
64,129,201001
64,24,201001
64,57,201001
64,81,201001
64,730,201001
64,45,201001
64,58,201001
64,373,201001
64,180,201001
64,55,201001
64,9,201001
64,102,201001
64,155,201001
64,208,201001
64,63,201001
64,79,201001
64,332,201001
64,192,201001
64,21,201001
64,137,201001
64,10,201001
64,176,201001
64,100,201001
64,121,201001
65,219,201001
65,132,201001
65,101,201001
65,310,201001
65,161,201001
65,135,201001
65,23,201001
65,242,201001
65,355,201001
65,156,201001
65,931,201001
65,270,201001
65,341,201001
65,170,201001
65,81,201001
65,46,201001
65,530,201001
65,510,201001
65,39,201001
65,59,201001
65,73,201001
65,1457,201001
65,900,201001
65,26,201001
65,146,201001
65,160,201001
65,99,201001
65,32,201001
65,266,201001
65,25,201001
65,375,201001
65,29,201001
65,137,201001
65,97,201001
66,16,201001
66,160,201001
66,62,201001
66,77,201001
66,782,201001
66,276,201001
66,206,201001
66,101,201001
66,19,201001
66,142,201001
66,224,201001
66,64,201001
66,143,201001
66,108,201001
66,52,201001
66,126,201001
66,1147,201001
66,722,201001
66,141,201001
66,146,201001
66,29,201001
66,18,201001
66,10,201001
66,32,201001
66,375,201001
66,266,201001
66,97,201001
67,68,201001
67,111,201001
67,147,201001
67,30,201001
67,359,201001
67,166,201001
67,372,201001
67,11,201001
67,136,201001
68,775,201001
68,67,201001
68,136,201001
69,806,201001
69,807,201001
69,311,201001
69,160,201001
69,49,201001
69,51,201001
69,973,201001
69,23,201001
69,50,201001
69,137,201001
69,3,201001
69,177,201001
69,317,201001
69,247,201001
69,132,201001
69,72,201001
69,99,201001
69,165,201001
69,108,201001
69,169,201001
69,113,201001
69,13,201001
69,60,201001
69,25,201001
69,107,201001
69,274,201001
69,17,201001
69,96,201001
69,9,201001
69,105,201001
69,29,201001
69,85,201001
69,136,201001
69,5,201001
69,112,201001
69,135,201001
69,14,201001
69,92,201001
69,64,201001
69,26,201001
69,20,201001
69,21,201001
69,183,201001
69,1169,201001
69,346,201001
69,28,201001
69,18,201001
69,133,201001
69,1,201001
69,4,201001
69,11,201001
69,10,201001
70,53,201001
70,160,201001
70,189,201001
70,69,201001
70,21,201001
70,346,201001
70,17,201001
70,10,201001
70,136,201001
70,1,201001
70,137,201001
70,11,201001
71,739,201001
71,113,201001
71,133,201001
71,26,201001
71,17,201001
71,6,201001
71,146,201001
71,32,201001
71,136,201001
71,18,201001
71,35,201001
71,59,201001
71,25,201001
71,97,201001
71,29,201001
71,137,201001
72,27,201001
72,85,201001
72,10,201001
72,34,201001
72,97,201001
72,9,201001
72,552,201001
72,6,201001
72,143,201001
72,339,201001
72,160,201001
72,153,201001
72,136,201001
72,169,201001
72,64,201001
72,163,201001
72,19,201001
72,107,201001
72,100,201001
72,270,201001
72,31,201001
72,45,201001
72,197,201001
72,40,201001
72,75,201001
72,71,201001
72,115,201001
72,116,201001
72,112,201001
72,80,201001
72,21,201001
72,181,201001
72,149,201001
72,132,201001
72,32,201001
72,20,201001
72,113,201001
72,2,201001
72,16,201001
72,48,201001
72,130,201001
72,161,201001
72,274,201001
72,92,201001
72,266,201001
72,81,201001
72,47,201001
72,93,201001
72,17,201001
72,11,201001
72,60,201001
72,5,201001
72,14,201001
72,51,201001
72,346,201001
72,133,201001
72,26,201001
72,28,201001
72,146,201001
72,96,201001
72,108,201001
72,18,201001
72,135,201001
72,0,201001
72,29,201001
72,137,201001
72,25,201001
72,154,201001
72,1,201001
73,314,201001
73,101,201001
73,41,201001
73,900,201001
73,39,201001
73,65,201001
73,46,201001
73,97,201001
74,31,201001
74,144,201001
74,170,201001
74,137,201001
74,100,201001
74,46,201001
74,39,201001
74,19,201001
74,75,201001
74,45,201001
74,40,201001
74,276,201001
74,154,201001
74,27,201001
74,32,201001
74,346,201001
74,1169,201001
74,1,201001
74,18,201001
74,29,201001
74,54,201001
75,156,201001
75,860,201001
75,9,201001
75,342,201001
75,287,201001
75,124,201001
75,45,201001
75,38,201001
75,178,201001
75,27,201001
75,14,201001
75,97,201001
75,1147,201001
75,341,201001
75,99,201001
75,54,201001
75,29,201001
75,48,201001
75,19,201001
75,13,201001
75,108,201001
75,139,201001
75,32,201001
75,60,201001
75,136,201001
75,26,201001
75,46,201001
76,143,201001
76,146,201001
76,813,201001
76,140,201001
76,97,201001
76,77,201001
76,160,201001
76,0,201001
76,35,201001
76,278,201001
76,129,201001
76,83,201001
76,38,201001
76,142,201001
76,181,201001
76,393,201001
76,41,201001
76,16,201001
76,24,201001
76,102,201001
76,80,201001
76,154,201001
76,124,201001
76,14,201001
76,208,201001
76,544,201001
76,57,201001
76,32,201001
76,46,201001
76,64,201001
76,178,201001
76,99,201001
76,375,201001
76,19,201001
76,26,201001
76,266,201001
76,29,201001
76,6,201001
76,25,201001
76,137,201001
77,54,201001
77,52,201001
77,59,201001
77,27,201001
77,31,201001
77,170,201001
77,176,201001
77,188,201001
77,16,201001
77,101,201001
77,110,201001
77,51,201001
77,23,201001
77,79,201001
77,6,201001
77,14,201001
77,95,201001
77,281,201001
77,12,201001
77,32,201001
77,160,201001
77,1,201001
77,15,201001
77,13,201001
77,66,201001
77,131,201001
77,28,201001
77,181,201001
77,18,201001
77,38,201001
77,46,201001
77,40,201001
77,76,201001
77,19,201001
77,4,201001
77,136,201001
77,137,201001
77,155,201001
77,57,201001
77,5,201001
77,92,201001
77,120,201001
77,112,201001
77,739,201001
77,154,201001
77,29,201001
77,17,201001
77,198,201001
77,165,201001
77,97,201001
77,83,201001
77,85,201001
77,75,201001
77,9,201001
77,20,201001
77,72,201001
77,102,201001
77,124,201001
77,180,201001
77,142,201001
77,69,201001
77,99,201001
77,2,201001
77,267,201001
77,213,201001
77,35,201001
77,21,201001
77,34,201001
77,26,201001
77,0,201001
77,156,201001
77,139,201001
77,22,201001
77,60,201001
77,113,201001
77,64,201001
77,166,201001
77,53,201001
77,96,201001
77,100,201001
77,1147,201001
77,346,201001
77,146,201001
77,11,201001
77,45,201001
77,274,201001
77,25,201001
77,48,201001
77,10,201001
77,94,201001
77,108,201001
77,135,201001
78,160,201001
78,143,201001
78,156,201001
78,32,201001
78,52,201001
78,2,201001
78,38,201001
78,79,201001
78,16,201001
78,24,201001
78,34,201001
78,142,201001
78,157,201001
78,13,201001
78,85,201001
78,14,201001
78,158,201001
78,81,201001
78,154,201001
78,99,201001
78,26,201001
78,341,201001
78,97,201001
78,19,201001
78,146,201001
78,46,201001
78,35,201001
78,29,201001
78,64,201001
78,6,201001
78,25,201001
78,137,201001
79,6,201001
79,182,201001
79,77,201001
79,160,201001
79,163,201001
79,94,201001
79,57,201001
79,24,201001
79,58,201001
79,43,201001
79,26,201001
79,19,201001
79,1250,201001
79,1147,201001
79,29,201001
79,139,201001
79,46,201001
79,16,201001
79,375,201001
79,48,201001
79,64,201001
79,32,201001
79,60,201001
79,97,201001
79,266,201001
80,143,201001
80,530,201001
80,512,201001
80,118,201001
80,101,201001
80,160,201001
80,97,201001
80,21,201001
80,75,201001
80,32,201001
80,197,201001
80,24,201001
80,216,201001
80,77,201001
80,25,201001
80,55,201001
80,47,201001
80,183,201001
80,342,201001
80,19,201001
80,116,201001
80,180,201001
80,142,201001
80,76,201001
80,181,201001
80,73,201001
80,182,201001
80,132,201001
80,57,201001
80,93,201001
80,119,201001
80,9,201001
80,176,201001
80,65,201001
80,4,201001
80,813,201001
80,96,201001
80,38,201001
80,156,201001
80,124,201001
80,18,201001
80,115,201001
80,23,201001
80,63,201001
80,16,201001
80,11,201001
80,165,201001
80,72,201001
80,310,201001
80,29,201001
80,112,201001
80,20,201001
80,17,201001
80,136,201001
80,40,201001
80,155,201001
80,133,201001
80,85,201001
80,58,201001
80,13,201001
80,64,201001
80,81,201001
80,99,201001
80,39,201001
80,52,201001
80,83,201001
80,28,201001
80,2,201001
80,113,201001
80,48,201001
80,46,201001
80,100,201001
80,26,201001
80,154,201001
80,31,201001
80,1,201001
80,0,201001
80,92,201001
80,10,201001
80,108,201001
80,135,201001
80,60,201001
80,274,201001
80,14,201001
80,137,201001
81,5,201001
81,96,201001
81,27,201001
81,19,201001
81,463,201001
81,154,201001
81,41,201001
81,6,201001
81,97,201001
81,24,201001
81,16,201001
81,205,201001
81,193,201001
81,26,201001
81,51,201001
81,54,201001
81,180,201001
81,76,201001
81,287,201001
81,47,201001
81,69,201001
81,85,201001
81,188,201001
81,74,201001
81,181,201001
81,38,201001
81,124,201001
81,143,201001
81,61,201001
81,22,201001
81,137,201001
81,20,201001
81,102,201001
81,46,201001
81,2,201001
81,183,201001
81,36,201001
81,274,201001
81,80,201001
81,21,201001
81,113,201001
81,157,201001
81,58,201001
81,119,201001
81,309,201001
81,17,201001
81,0,201001
81,107,201001
81,112,201001
81,29,201001
81,52,201001
81,170,201001
81,15,201001
81,136,201001
81,155,201001
81,304,201001
81,32,201001
81,165,201001
81,139,201001
81,94,201001
81,117,201001
81,739,201001
81,18,201001
81,100,201001
81,12,201001
81,129,201001
81,262,201001
81,131,201001
81,31,201001
81,133,201001
81,92,201001
81,9,201001
81,178,201001
81,341,201001
81,4,201001
81,48,201001
81,11,201001
81,28,201001
81,64,201001
81,83,201001
81,59,201001
81,13,201001
81,99,201001
81,160,201001
81,35,201001
81,25,201001
81,60,201001
81,1,201001
81,146,201001
81,10,201001
81,108,201001
81,14,201001
81,135,201001
82,13,201001
82,78,201001
82,64,201001
82,9,201001
82,24,201001
82,75,201001
82,6,201001
82,99,201001
82,1194,201001
82,1147,201001
82,46,201001
82,97,201001
83,31,201001
83,46,201001
83,720,201001
83,101,201001
83,77,201001
83,97,201001
83,120,201001
83,48,201001
83,900,201001
83,165,201001
83,160,201001
83,176,201001
83,35,201001
83,60,201001
83,143,201001
83,445,201001
83,175,201001
83,281,201001
83,157,201001
83,81,201001
83,40,201001
83,26,201001
83,2,201001
83,18,201001
83,112,201001
83,124,201001
83,180,201001
83,544,201001
83,154,201001
83,115,201001
83,118,201001
83,10,201001
83,80,201001
83,74,201001
83,20,201001
83,139,201001
83,36,201001
83,111,201001
83,110,201001
83,16,201001
83,92,201001
83,126,201001
83,133,201001
83,100,201001
83,13,201001
83,78,201001
83,155,201001
83,142,201001
83,9,201001
83,14,201001
83,29,201001
83,739,201001
83,41,201001
83,76,201001
83,156,201001
83,5,201001
83,64,201001
83,27,201001
83,6,201001
83,55,201001
83,135,201001
83,45,201001
83,19,201001
83,134,201001
83,1147,201001
83,4,201001
83,21,201001
83,52,201001
83,208,201001
83,96,201001
83,102,201001
83,136,201001
83,219,201001
83,32,201001
83,146,201001
83,28,201001
83,0,201001
83,85,201001
83,1,201001
83,54,201001
83,288,201001
83,11,201001
83,23,201001
83,178,201001
83,274,201001
83,17,201001
83,119,201001
83,99,201001
83,59,201001
83,25,201001
83,108,201001
83,137,201001
84,160,201001
84,30,201001
84,783,201001
84,86,201001
84,754,201001
84,234,201001
84,164,201001
84,223,201001
84,61,201001
84,34,201001
84,753,201001
84,112,201001
84,135,201001
84,22,201001
84,88,201001
84,346,201001
84,96,201001
84,10,201001
84,18,201001
84,1227,201001
84,4,201001
84,136,201001
84,11,201001
85,101,201001
85,483,201001
85,143,201001
85,1115,201001
85,401,201001
85,160,201001
85,274,201001
85,552,201001
85,165,201001
85,740,201001
85,17,201001
85,155,201001
85,180,201001
85,54,201001
85,99,201001
85,113,201001
85,23,201001
85,77,201001
85,150,201001
85,142,201001
85,81,201001
85,149,201001
85,119,201001
85,40,201001
85,27,201001
85,82,201001
85,139,201001
85,64,201001
85,183,201001
85,22,201001
85,125,201001
85,19,201001
85,83,201001
85,115,201001
85,51,201001
85,731,201001
85,5,201001
85,18,201001
85,544,201001
85,52,201001
85,132,201001
85,752,201001
85,133,201001
85,9,201001
85,1147,201001
85,346,201001
85,16,201001
85,107,201001
85,108,201001
85,53,201001
85,157,201001
85,100,201001
85,124,201001
85,97,201001
85,6,201001
85,32,201001
85,341,201001
85,136,201001
85,13,201001
85,4,201001
85,121,201001
85,154,201001
85,29,201001
85,80,201001
85,60,201001
85,112,201001
85,26,201001
85,72,201001
85,20,201001
85,96,201001
85,10,201001
85,21,201001
85,116,201001
85,0,201001
85,93,201001
85,48,201001
85,11,201001
85,25,201001
85,31,201001
85,135,201001
85,46,201001
85,28,201001
85,59,201001
85,14,201001
85,1,201001
85,92,201001
85,137,201001
86,84,201001
86,30,201001
86,31,201001
86,28,201001
86,1,201001
86,52,201001
86,121,201001
86,64,201001
86,6,201001
86,32,201001
86,18,201001
86,97,201001
86,20,201001
86,10,201001
86,29,201001
86,136,201001
86,4,201001
86,11,201001
87,291,201001
87,89,201001
87,25,201001
87,203,201001
87,2,201001
88,1139,201001
88,9,201001
88,102,201001
88,112,201001
88,30,201001
88,4,201001
88,136,201001
88,18,201001
88,11,201001
89,323,201001
89,17,201001
89,90,201001
89,23,201001
89,212,201001
89,5,201001
89,8,201001
89,243,201001
89,770,201001
89,7,201001
89,778,201001
89,87,201001
89,160,201001
89,1408,201001
89,59,201001
89,32,201001
89,20,201001
89,51,201001
89,46,201001
89,10,201001
89,110,201001
89,112,201001
89,6,201001
89,1,201001
89,21,201001
89,28,201001
89,11,201001
89,136,201001
89,97,201001
89,18,201001
89,4,201001
89,29,201001
89,137,201001
89,25,201001
90,17,201001
90,243,201001
90,89,201001
90,8,201001
90,7,201001
92,242,201001
92,97,201001
92,23,201001
92,208,201001
92,133,201001
92,12,201001
92,180,201001
92,40,201001
92,54,201001
92,139,201001
92,183,201001
92,21,201001
92,64,201001
92,26,201001
92,72,201001
92,160,201001
92,2,201001
92,9,201001
92,0,201001
92,38,201001
92,113,201001
92,119,201001
92,142,201001
92,16,201001
92,81,201001
92,17,201001
92,13,201001
92,155,201001
92,1169,201001
92,77,201001
92,51,201001
92,341,201001
92,52,201001
92,20,201001
92,4,201001
92,22,201001
92,107,201001
92,102,201001
92,83,201001
92,112,201001
92,143,201001
92,116,201001
92,11,201001
92,32,201001
92,124,201001
92,115,201001
92,100,201001
92,27,201001
92,80,201001
92,149,201001
92,19,201001
92,59,201001
92,28,201001
92,165,201001
92,5,201001
92,157,201001
92,47,201001
92,48,201001
92,96,201001
92,108,201001
92,31,201001
92,154,201001
92,14,201001
92,136,201001
92,137,201001
92,85,201001
92,60,201001
92,1,201001
92,93,201001
92,10,201001
92,135,201001
92,274,201001
93,339,201001
93,2,201001
93,160,201001
93,124,201001
93,25,201001
93,24,201001
93,32,201001
93,143,201001
93,139,201001
93,100,201001
93,9,201001
93,21,201001
93,149,201001
93,116,201001
93,108,201001
93,115,201001
93,165,201001
93,72,201001
93,96,201001
93,60,201001
93,0,201001
93,1147,201001
93,31,201001
93,1169,201001
93,27,201001
93,10,201001
93,135,201001
93,85,201001
93,18,201001
93,274,201001
93,92,201001
94,75,201001
94,78,201001
94,6,201001
94,13,201001
94,143,201001
94,142,201001
94,64,201001
94,16,201001
94,38,201001
94,278,201001
94,83,201001
94,160,201001
94,40,201001
94,18,201001
94,24,201001
94,154,201001
94,1147,201001
94,97,201001
94,46,201001
94,146,201001
94,99,201001
94,77,201001
94,14,201001
94,32,201001
94,135,201001
94,59,201001
95,160,201001
95,281,201001
95,62,201001
95,445,201001
95,39,201001
95,375,201001
95,48,201001
95,146,201001
95,46,201001
95,266,201001
96,130,201001
96,115,201001
96,299,201001
96,160,201001
96,1025,201001
96,1,201001
96,29,201001
96,143,201001
96,165,201001
96,777,201001
96,23,201001
96,175,201001
96,18,201001
96,83,201001
96,189,201001
96,16,201001
96,70,201001
96,113,201001
96,27,201001
96,30,201001
96,93,201001
96,133,201001
96,5,201001
96,107,201001
96,32,201001
96,80,201001
96,54,201001
96,34,201001
96,112,201001
96,64,201001
96,99,201001
96,31,201001
96,139,201001
96,52,201001
96,359,201001
96,102,201001
96,9,201001
96,906,201001
96,12,201001
96,105,201001
96,14,201001
96,120,201001
96,53,201001
96,24,201001
96,1794,201001
96,124,201001
96,756,201001
96,26,201001
96,40,201001
96,142,201001
96,72,201001
96,21,201001
96,19,201001
96,155,201001
96,116,201001
96,46,201001
96,38,201001
96,183,201001
96,346,201001
96,1269,201001
96,69,201001
96,1169,201001
96,801,201001
96,757,201001
96,48,201001
96,20,201001
96,0,201001
96,136,201001
96,108,201001
96,85,201001
96,2,201001
96,51,201001
96,11,201001
96,154,201001
96,149,201001
96,60,201001
96,17,201001
96,4,201001
96,25,201001
96,28,201001
96,22,201001
96,135,201001
96,92,201001
96,97,201001
96,10,201001
96,274,201001
96,137,201001
97,101,201001
97,60,201001
97,10,201001
97,23,201001
97,14,201001
97,175,201001
97,46,201001
97,170,201001
97,167,201001
97,110,201001
97,143,201001
97,35,201001
97,19,201001
97,146,201001
97,160,201001
97,31,201001
97,48,201001
97,6,201001
97,250,201001
97,552,201001
97,510,201001
97,77,201001
97,13,201001
97,1292,201001
97,138,201001
97,29,201001
97,92,201001
97,27,201001
97,38,201001
97,98,201001
97,64,201001
97,26,201001
97,18,201001
97,117,201001
97,1147,201001
97,320,201001
97,124,201001
97,120,201001
97,65,201001
97,888,201001
97,135,201001
97,0,201001
97,45,201001
97,83,201001
97,140,201001
97,108,201001
97,40,201001
97,463,201001
97,16,201001
97,482,201001
97,739,201001
97,398,201001
97,32,201001
97,208,201001
97,148,201001
97,104,201001
97,503,201001
97,72,201001
97,9,201001
97,126,201001
97,113,201001
97,4,201001
97,99,201001
97,341,201001
97,129,201001
97,75,201001
97,78,201001
97,2,201001
97,41,201001
97,159,201001
97,142,201001
97,544,201001
97,17,201001
97,371,201001
97,180,201001
97,94,201001
97,181,201001
97,25,201001
97,900,201001
97,107,201001
97,152,201001
97,769,201001
97,134,201001
97,307,201001
97,80,201001
97,136,201001
97,935,201001
97,543,201001
97,173,201001
97,7,201001
97,28,201001
97,224,201001
97,165,201001
97,85,201001
97,86,201001
97,458,201001
97,43,201001
97,154,201001
97,58,201001
97,540,201001
97,169,201001
97,195,201001
97,1052,201001
97,102,201001
97,132,201001
97,303,201001
97,156,201001
97,54,201001
97,12,201001
97,155,201001
97,495,201001
97,1258,201001
97,813,201001
97,81,201001
97,66,201001
97,157,201001
97,455,201001
97,62,201001
97,216,201001
97,76,201001
97,106,201001
97,153,201001
97,797,201001
97,178,201001
97,118,201001
97,79,201001
97,198,201001
97,112,201001
97,452,201001
97,192,201001
97,393,201001
97,435,201001
97,287,201001
97,53,201001
97,82,201001
97,71,201001
97,34,201001
97,20,201001
97,188,201001
97,63,201001
97,1,201001
97,176,201001
97,269,201001
97,141,201001
97,163,201001
97,24,201001
97,197,201001
97,73,201001
97,21,201001
97,249,201001
97,237,201001
97,278,201001
97,36,201001
97,860,201001
97,22,201001
97,172,201001
97,89,201001
97,96,201001
97,100,201001
97,342,201001
97,158,201001
97,57,201001
97,355,201001
97,51,201001
97,39,201001
97,139,201001
97,137,201001
97,52,201001
97,59,201001
97,11,201001
98,752,201001
98,15,201001
98,140,201001
98,269,201001
98,163,201001
98,25,201001
98,29,201001
98,310,201001
98,39,201001
98,530,201001
98,99,201001
98,160,201001
98,137,201001
98,97,201001
99,38,201001
99,47,201001
99,79,201001
99,195,201001
99,175,201001
99,813,201001
99,45,201001
99,78,201001
99,83,201001
99,183,201001
99,82,201001
99,744,201001
99,52,201001
99,53,201001
99,35,201001
99,12,201001
99,9,201001
99,25,201001
99,320,201001
99,85,201001
99,137,201001
99,20,201001
99,72,201001
99,142,201001
99,156,201001
99,129,201001
99,51,201001
99,43,201001
99,181,201001
99,36,201001
99,2,201001
99,0,201001
99,154,201001
99,165,201001
99,143,201001
99,39,201001
99,77,201001
99,31,201001
99,155,201001
99,96,201001
99,108,201001
99,19,201001
99,27,201001
99,124,201001
99,46,201001
99,34,201001
99,153,201001
99,1,201001
99,48,201001
99,18,201001
99,22,201001
99,160,201001
99,23,201001
99,157,201001
99,113,201001
99,10,201001
99,146,201001
99,97,201001
99,4,201001
99,59,201001
99,98,201001
99,17,201001
99,107,201001
99,139,201001
99,136,201001
99,6,201001
99,24,201001
99,65,201001
99,180,201001
99,224,201001
99,58,201001
99,102,201001
99,131,201001
99,132,201001
99,75,201001
99,81,201001
99,208,201001
99,117,201001
99,13,201001
99,76,201001
99,63,201001
99,134,201001
99,55,201001
99,57,201001
99,16,201001
99,101,201001
99,32,201001
99,60,201001
99,94,201001
99,40,201001
99,126,201001
99,100,201001
99,54,201001
99,11,201001
99,29,201001
99,26,201001
100,73,201001
100,143,201001
100,455,201001
100,129,201001
100,41,201001
100,160,201001
100,165,201001
100,31,201001
100,20,201001
100,135,201001
100,136,201001
100,176,201001
100,27,201001
100,52,201001
100,116,201001
100,14,201001
100,133,201001
100,32,201001
100,154,201001
100,6,201001
100,155,201001
100,137,201001
100,21,201001
100,59,201001
100,544,201001
100,28,201001
100,17,201001
100,180,201001
100,40,201001
100,117,201001
100,96,201001
100,341,201001
100,142,201001
100,4,201001
100,1147,201001
100,146,201001
100,19,201001
100,29,201001
100,12,201001
100,83,201001
100,113,201001
100,16,201001
100,13,201001
100,120,201001
100,102,201001
100,77,201001
100,54,201001
100,722,201001
100,81,201001
100,274,201001
100,85,201001
100,26,201001
100,0,201001
100,46,201001
100,25,201001
100,1,201001
100,35,201001
100,80,201001
100,64,201001
100,18,201001
100,92,201001
100,99,201001
100,38,201001
100,10,201001
100,108,201001
100,48,201001
100,97,201001
101,160,201001
101,900,201001
101,782,201001
101,143,201001
101,52,201001
101,25,201001
101,66,201001
101,510,201001
101,375,201001
101,126,201001
101,193,201001
101,65,201001
101,41,201001
101,77,201001
101,192,201001
101,282,201001
101,83,201001
101,139,201001
101,1284,201001
101,6,201001
101,19,201001
101,29,201001
101,64,201001
101,97,201001
101,124,201001
101,54,201001
101,152,201001
101,131,201001
101,195,201001
101,43,201001
101,265,201001
101,181,201001
101,182,201001
101,79,201001
101,98,201001
101,2,201001
101,530,201001
101,31,201001
101,154,201001
101,389,201001
101,534,201001
101,146,201001
101,46,201001
101,178,201001
101,1147,201001
101,16,201001
101,26,201001
101,18,201001
101,35,201001
101,1250,201001
101,48,201001
101,99,201001
101,136,201001
101,60,201001
101,32,201001
101,266,201001
101,137,201001
102,349,201001
102,62,201001
102,16,201001
102,160,201001
102,75,201001
102,26,201001
102,134,201001
102,297,201001
102,52,201001
102,72,201001
102,77,201001
102,96,201001
102,23,201001
102,135,201001
102,54,201001
102,136,201001
102,38,201001
102,4,201001
102,11,201001
102,97,201001
102,66,201001
102,48,201001
102,133,201001
102,27,201001
102,14,201001
102,12,201001
102,85,201001
102,157,201001
102,9,201001
102,126,201001
102,29,201001
102,5,201001
102,131,201001
102,143,201001
102,46,201001
102,274,201001
102,120,201001
102,137,201001
102,100,201001
102,178,201001
102,21,201001
102,28,201001
102,19,201001
102,154,201001
102,59,201001
102,2,201001
102,25,201001
102,32,201001
102,0,201001
102,20,201001
102,17,201001
102,36,201001
102,108,201001
102,40,201001
102,92,201001
102,83,201001
102,99,201001
102,139,201001
102,6,201001
102,18,201001
102,146,201001
102,64,201001
102,31,201001
102,10,201001
102,1,201001
102,60,201001
103,346,201001
103,10,201001
104,160,201001
104,143,201001
104,34,201001
104,41,201001
104,58,201001
104,65,201001
104,1147,201001
104,269,201001
104,136,201001
104,29,201001
104,17,201001
104,375,201001
104,10,201001
104,266,201001
104,1227,201001
104,97,201001
104,137,201001
105,183,201001
105,11,201001
105,136,201001
105,96,201001
105,177,201001
105,4,201001
105,10,201001
106,65,201001
106,176,201001
106,14,201001
106,1147,201001
106,97,201001
107,327,201001
107,143,201001
107,501,201001
107,5,201001
107,1,201001
107,23,201001
107,137,201001
107,160,201001
107,136,201001
107,26,201001
107,48,201001
107,77,201001
107,115,201001
107,72,201001
107,180,201001
107,142,201001
107,750,201001
107,81,201001
107,1172,201001
107,108,201001
107,85,201001
107,17,201001
107,27,201001
107,274,201001
107,60,201001
107,0,201001
107,119,201001
107,9,201001
107,96,201001
107,19,201001
107,165,201001
107,38,201001
107,31,201001
107,133,201001
107,1649,201001
107,22,201001
107,59,201001
107,13,201001
107,92,201001
107,69,201001
107,97,201001
107,14,201001
107,113,201001
107,11,201001
107,4,201001
107,183,201001
107,135,201001
107,29,201001
107,20,201001
107,51,201001
107,112,201001
107,28,201001
107,10,201001
108,35,201001
108,160,201001
108,0,201001
108,46,201001
108,77,201001
108,48,201001
108,136,201001
108,45,201001
108,40,201001
108,51,201001
108,22,201001
108,137,201001
108,116,201001
108,17,201001
108,180,201001
108,27,201001
108,52,201001
108,72,201001
108,4,201001
108,69,201001
108,18,201001
108,99,201001
108,60,201001
108,85,201001
108,341,201001
108,115,201001
108,66,201001
108,20,201001
108,126,201001
108,6,201001
108,28,201001
108,1,201001
108,97,201001
108,112,201001
108,142,201001
108,135,201001
108,29,201001
108,57,201001
108,16,201001
108,64,201001
108,165,201001
108,107,201001
108,5,201001
108,26,201001
108,11,201001
108,74,201001
108,124,201001
108,19,201001
108,14,201001
108,25,201001
108,21,201001
108,102,201001
108,71,201001
108,13,201001
108,94,201001
108,12,201001
108,146,201001
108,134,201001
108,53,201001
108,9,201001
108,154,201001
108,133,201001
108,32,201001
108,96,201001
108,41,201001
108,156,201001
108,769,201001
108,274,201001
108,24,201001
108,54,201001
108,38,201001
108,2,201001
108,197,201001
108,75,201001
108,117,201001
108,208,201001
108,59,201001
108,178,201001
108,143,201001
108,100,201001
108,129,201001
108,80,201001
108,81,201001
108,119,201001
108,83,201001
108,155,201001
108,10,201001
108,92,201001
108,31,201001
108,36,201001
109,427,201001
109,592,201001
109,840,201001
109,127,201001
109,913,201001
109,306,201001
109,110,201001
109,4,201001
109,128,201001
109,864,201001
109,655,201001
109,677,201001
109,676,201001
109,723,201001
109,729,201001
109,629,201001
109,593,201001
109,724,201001
109,305,201001
109,628,201001
109,633,201001
110,160,201001
110,638,201001
110,641,201001
110,201,201001
110,587,201001
110,306,201001
110,627,201001
110,97,201001
110,109,201001
110,600,201001
110,6,201001
110,640,201001
110,596,201001
110,185,201001
110,230,201001
110,525,201001
110,634,201001
110,576,201001
110,818,201001
110,231,201001
110,196,201001
110,186,201001
110,200,201001
110,226,201001
110,290,201001
110,235,201001
110,632,201001
110,17,201001
110,427,201001
110,841,201001
110,636,201001
110,633,201001
110,465,201001
110,143,201001
110,897,201001
110,684,201001
110,425,201001
110,830,201001
110,527,201001
110,229,201001
110,23,201001
110,808,201001
110,474,201001
110,232,201001
110,128,201001
110,642,201001
110,651,201001
110,236,201001
110,305,201001
110,146,201001
110,190,201001
110,719,201001
110,352,201001
110,29,201001
110,127,201001
110,643,201001
110,694,201001
110,424,201001
110,575,201001
110,594,201001
110,207,201001
110,552,201001
110,319,201001
110,138,201001
110,635,201001
110,351,201001
110,786,201001
110,4,201001
110,59,201001
110,5,201001
110,639,201001
110,225,201001
110,77,201001
110,925,201001
110,10,201001
110,650,201001
110,997,201001
110,247,201001
110,257,201001
110,191,201001
110,96,201001
110,631,201001
110,1056,201001
110,526,201001
110,630,201001
110,139,201001
110,1134,201001
110,27,201001
110,886,201001
110,7,201001
110,25,201001
110,1,201001
110,11,201001
110,51,201001
110,89,201001
110,18,201001
111,147,201001
111,61,201001
111,1361,201001
111,233,201001
111,154,201001
111,25,201001
111,43,201001
111,69,201001
111,29,201001
111,346,201001
111,99,201001
111,18,201001
111,136,201001
111,10,201001
111,11,201001
111,1227,201001
112,160,201001
112,143,201001
112,77,201001
112,175,201001
112,138,201001
112,136,201001
112,4,201001
112,139,201001
112,137,201001
112,157,201001
112,13,201001
112,16,201001
112,100,201001
112,142,201001
112,14,201001
112,164,201001
112,84,201001
112,96,201001
112,99,201001
112,9,201001
112,31,201001
112,32,201001
112,113,201001
112,72,201001
112,116,201001
112,64,201001
112,108,201001
112,274,201001
112,69,201001
112,0,201001
112,189,201001
112,17,201001
112,83,201001
112,28,201001
112,23,201001
112,154,201001
112,12,201001
112,54,201001
112,80,201001
112,81,201001
112,60,201001
112,21,201001
112,155,201001
112,85,201001
112,20,201001
112,19,201001
112,2,201001
112,25,201001
112,183,201001
112,27,201001
112,11,201001
112,165,201001
112,92,201001
112,22,201001
112,1649,201001
112,121,201001
112,51,201001
112,97,201001
112,135,201001
112,59,201001
112,107,201001
112,89,201001
112,18,201001
112,29,201001
112,1,201001
112,133,201001
112,10,201001
113,143,201001
113,133,201001
113,136,201001
113,17,201001
113,160,201001
113,301,201001
113,69,201001
113,36,201001
113,139,201001
113,157,201001
113,54,201001
113,25,201001
113,142,201001
113,317,201001
113,115,201001
113,48,201001
113,0,201001
113,155,201001
113,137,201001
113,60,201001
113,83,201001
113,14,201001
113,31,201001
113,59,201001
113,88,201001
113,81,201001
113,124,201001
113,99,201001
113,45,201001
113,165,201001
113,116,201001
113,18,201001
113,6,201001
113,78,201001
113,108,201001
113,183,201001
113,22,201001
113,11,201001
113,19,201001
113,100,201001
113,32,201001
113,97,201001
113,12,201001
113,10,201001
113,13,201001
113,92,201001
113,4,201001
113,51,201001
113,85,201001
113,154,201001
113,274,201001
113,64,201001
113,35,201001
113,27,201001
113,96,201001
113,2,201001
113,107,201001
113,135,201001
113,1,201001
113,20,201001
113,29,201001
113,21,201001
113,112,201001
113,5,201001
114,289,201001
114,79,201001
114,134,201001
114,282,201001
114,143,201001
114,197,201001
114,81,201001
114,40,201001
114,119,201001
114,434,201001
114,19,201001
114,26,201001
114,32,201001
114,375,201001
114,266,201001
114,59,201001
115,204,201001
115,220,201001
115,96,201001
115,160,201001
115,149,201001
115,552,201001
115,72,201001
115,10,201001
115,336,201001
115,23,201001
115,27,201001
115,12,201001
115,108,201001
115,136,201001
115,19,201001
115,183,201001
115,135,201001
115,47,201001
115,124,201001
115,165,201001
115,14,201001
115,85,201001
115,125,201001
115,534,201001
115,60,201001
115,11,201001
115,5,201001
115,9,201001
115,31,201001
115,93,201001
115,154,201001
115,213,201001
115,2,201001
115,1,201001
115,17,201001
115,25,201001
115,92,201001
115,137,201001
115,274,201001
116,107,201001
116,53,201001
116,12,201001
116,60,201001
116,165,201001
116,69,201001
116,48,201001
116,5,201001
116,135,201001
116,93,201001
116,14,201001
116,31,201001
116,11,201001
116,17,201001
116,1,201001
116,124,201001
116,25,201001
116,346,201001
116,28,201001
116,2,201001
116,85,201001
116,92,201001
116,10,201001
116,137,201001
116,136,201001
116,274,201001
117,160,201001
117,175,201001
117,146,201001
117,206,201001
117,154,201001
117,52,201001
117,32,201001
117,19,201001
117,38,201001
117,163,201001
117,66,201001
117,74,201001
117,14,201001
117,142,201001
117,156,201001
117,81,201001
117,27,201001
117,31,201001
117,13,201001
117,16,201001
117,99,201001
117,64,201001
117,83,201001
117,46,201001
117,178,201001
117,137,201001
117,35,201001
117,29,201001
117,20,201001
117,6,201001
117,26,201001
117,59,201001
117,97,201001
117,108,201001
117,60,201001
118,47,201001
118,92,201001
118,157,201001
118,160,201001
118,143,201001
118,98,201001
118,72,201001
118,123,201001
118,25,201001
118,97,201001
118,137,201001
119,23,201001
119,32,201001
119,165,201001
119,100,201001
119,85,201001
119,112,201001
119,27,201001
119,51,201001
119,21,201001
119,136,201001
119,5,201001
119,154,201001
119,80,201001
119,274,201001
119,40,201001
119,31,201001
119,2,201001
119,133,201001
119,28,201001
119,4,201001
119,92,201001
119,83,201001
119,1,201001
119,139,201001
119,19,201001
119,10,201001
119,135,201001
119,108,201001
119,14,201001
119,48,201001
119,36,201001
119,60,201001
120,83,201001
120,77,201001
120,143,201001
120,14,201001
120,38,201001
120,160,201001
120,192,201001
120,100,201001
120,19,201001
120,1194,201001
120,64,201001
120,0,201001
120,170,201001
120,80,201001
120,270,201001
120,85,201001
120,78,201001
120,40,201001
120,233,201001
120,139,201001
120,29,201001
120,163,201001
120,2,201001
120,26,201001
120,12,201001
120,55,201001
120,102,201001
120,463,201001
120,46,201001
120,31,201001
120,136,201001
120,108,201001
120,97,201001
120,146,201001
120,35,201001
120,32,201001
120,154,201001
120,13,201001
120,60,201001
120,16,201001
120,32,201001
120,48,201001
120,25,201001
120,60,201001
120,19,201001
120,13,201001
120,59,201001
120,29,201001
120,26,201001
120,64,201001
120,46,201001
120,6,201001
120,137,201001
120,97,201001
121,143,201001
121,160,201001
121,136,201001
121,165,201001
121,223,201001
121,29,201001
121,85,201001
121,2,201001
121,22,201001
121,530,201001
121,281,201001
121,81,201001
121,60,201001
121,80,201001
121,112,201001
121,51,201001
121,4,201001
121,48,201001
121,21,201001
121,64,201001
121,13,201001
121,1,201001
121,11,201001
121,10,201001
121,20,201001
121,5,201001
121,59,201001
122,762,201001
122,234,201001
122,131,201001
122,15,201001
122,16,201001
122,125,201001
122,143,201001
122,14,201001
122,27,201001
122,1169,201001
122,346,201001
122,29,201001
122,18,201001
122,1227,201001
122,10,201001
122,136,201001
123,738,201001
123,122,201001
123,234,201001
123,6,201001
123,61,201001
123,46,201001
123,64,201001
123,118,201001
123,18,201001
124,165,201001
124,79,201001
124,339,201001
124,890,201001
124,188,201001
124,24,201001
124,9,201001
124,62,201001
124,143,201001
124,155,201001
124,342,201001
124,287,201001
124,860,201001
124,108,201001
124,6,201001
124,197,201001
124,46,201001
124,0,201001
124,65,201001
124,18,201001
124,32,201001
124,64,201001
124,93,201001
124,146,201001
124,76,201001
124,114,201001
124,309,201001
124,23,201001
124,99,201001
124,101,201001
124,544,201001
124,39,201001
124,113,201001
124,51,201001
124,31,201001
124,27,201001
124,97,201001
124,40,201001
124,19,201001
124,137,201001
124,77,201001
124,149,201001
124,4,201001
124,16,201001
124,81,201001
124,85,201001
124,28,201001
124,96,201001
124,5,201001
124,160,201001
124,2,201001
124,14,201001
124,135,201001
124,92,201001
124,136,201001
124,1,201001
124,29,201001
124,10,201001
124,154,201001
124,25,201001
124,274,201001
125,27,201001
125,73,201001
125,16,201001
125,101,201001
125,122,201001
125,85,201001
125,314,201001
125,115,201001
125,9,201001
125,178,201001
125,389,201001
125,1169,201001
125,18,201001
125,136,201001
125,29,201001
126,31,201001
126,140,201001
126,155,201001
126,192,201001
126,170,201001
126,81,201001
126,160,201001
126,120,201001
126,101,201001
126,55,201001
126,143,201001
126,142,201001
126,19,201001
126,6,201001
126,815,201001
126,83,201001
126,66,201001
126,29,201001
126,82,201001
126,25,201001
126,320,201001
126,181,201001
126,99,201001
126,102,201001
126,64,201001
126,108,201001
126,722,201001
126,782,201001
126,0,201001
126,54,201001
126,46,201001
126,178,201001
126,97,201001
126,16,201001
126,26,201001
126,13,201001
126,146,201001
126,32,201001
126,59,201001
126,60,201001
127,109,201001
127,110,201001
127,4,201001
127,427,201001
127,948,201001
127,247,201001
128,306,201001
128,110,201001
128,427,201001
128,109,201001
128,4,201001
129,160,201001
129,172,201001
129,173,201001
129,46,201001
129,76,201001
129,194,201001
129,35,201001
129,100,201001
129,19,201001
129,143,201001
129,60,201001
129,146,201001
129,444,201001
129,17,201001
129,758,201001
129,178,201001
129,18,201001
129,48,201001
129,26,201001
129,81,201001
129,208,201001
129,99,201001
129,40,201001
129,64,201001
129,29,201001
129,284,201001
129,217,201001
129,1129,201001
129,32,201001
129,16,201001
129,14,201001
129,13,201001
129,52,201001
129,108,201001
129,97,201001
129,59,201001
129,25,201001
129,137,201001
129,6,201001
130,777,201001
130,299,201001
130,96,201001
130,72,201001
130,136,201001
130,1,201001
131,269,201001
131,77,201001
131,160,201001
131,132,201001
131,34,201001
131,159,201001
131,62,201001
131,197,201001
131,125,201001
131,19,201001
131,25,201001
131,142,201001
131,40,201001
131,157,201001
131,31,201001
131,14,201001
131,46,201001
131,208,201001
131,126,201001
131,193,201001
131,304,201001
131,27,201001
131,262,201001
131,38,201001
131,81,201001
131,136,201001
131,170,201001
131,282,201001
131,205,201001
131,83,201001
131,346,201001
131,18,201001
131,146,201001
131,29,201001
131,32,201001
131,6,201001
131,16,201001
131,99,201001
131,154,201001
131,26,201001
131,137,201001
131,54,201001
132,12,201001
132,35,201001
132,15,201001
132,16,201001
132,23,201001
132,170,201001
132,27,201001
132,160,201001
132,133,201001
132,143,201001
132,60,201001
132,69,201001
132,104,201001
132,125,201001
132,131,201001
132,161,201001
132,501,201001
132,19,201001
132,17,201001
132,182,201001
132,183,201001
132,31,201001
132,860,201001
132,205,201001
132,30,201001
132,120,201001
132,28,201001
132,43,201001
132,261,201001
132,137,201001
132,83,201001
132,25,201001
132,9,201001
132,198,201001
132,275,201001
132,135,201001
132,85,201001
132,34,201001
132,46,201001
132,22,201001
132,146,201001
132,1147,201001
132,346,201001
132,48,201001
132,1,201001
132,136,201001
132,26,201001
132,18,201001
132,99,201001
132,32,201001
132,29,201001
132,375,201001
132,97,201001
132,266,201001
132,154,201001
132,54,201001
132,10,201001
133,77,201001
133,113,201001
133,160,201001
133,132,201001
133,189,201001
133,143,201001
133,121,201001
133,60,201001
133,27,201001
133,17,201001
133,1265,201001
133,71,201001
133,142,201001
133,19,201001
133,20,201001
133,165,201001
133,22,201001
133,1274,201001
133,35,201001
133,1766,201001
133,5,201001
133,419,201001
133,1477,201001
133,2,201001
133,265,201001
133,52,201001
133,1278,201001
133,1363,201001
133,1335,201001
133,950,201001
133,11,201001
133,28,201001
133,25,201001
133,223,201001
133,83,201001
133,64,201001
133,268,201001
133,149,201001
133,136,201001
133,444,201001
133,102,201001
133,54,201001
133,119,201001
133,155,201001
133,154,201001
133,10,201001
133,18,201001
133,6,201001
133,23,201001
133,12,201001
133,80,201001
133,85,201001
133,31,201001
133,274,201001
133,92,201001
133,180,201001
133,108,201001
133,115,201001
133,346,201001
133,4,201001
133,81,201001
133,183,201001
133,48,201001
133,9,201001
133,72,201001
133,0,201001
133,16,201001
133,14,201001
133,135,201001
133,69,201001
133,96,201001
133,51,201001
133,107,201001
133,1,201001
133,59,201001
133,137,201001
133,112,201001
133,21,201001
134,195,201001
134,160,201001
134,289,201001
134,55,201001
134,114,201001
134,6,201001
134,18,201001
134,170,201001
134,44,201001
134,48,201001
134,40,201001
134,197,201001
134,132,201001
134,14,201001
134,66,201001
134,46,201001
134,120,201001
134,26,201001
134,100,201001
134,64,201001
134,155,201001
134,31,201001
134,81,201001
134,29,201001
134,16,201001
134,60,201001
134,97,201001
134,99,201001
134,19,201001
134,59,201001
134,32,201001
135,333,201001
135,47,201001
135,445,201001
135,93,201001
135,69,201001
135,900,201001
135,10,201001
135,304,201001
135,444,201001
135,180,201001
135,133,201001
135,136,201001
135,5,201001
135,0,201001
135,52,201001
135,223,201001
135,126,201001
135,213,201001
135,2,201001
135,123,201001
135,83,201001
135,1,201001
135,149,201001
135,46,201001
135,463,201001
135,64,201001
135,233,201001
135,115,201001
135,111,201001
135,18,201001
135,9,201001
135,32,201001
135,72,201001
135,346,201001
135,1147,201001
135,17,201001
135,108,201001
135,36,201001
135,544,201001
135,341,201001
135,183,201001
135,113,201001
135,165,201001
135,23,201001
135,97,201001
135,100,201001
135,124,201001
135,157,201001
135,21,201001
135,112,201001
135,107,201001
135,51,201001
135,80,201001
135,38,201001
135,85,201001
135,22,201001
135,102,201001
135,94,201001
135,96,201001
135,155,201001
135,119,201001
135,4,201001
135,77,201001
135,11,201001
135,26,201001
135,274,201001
135,60,201001
135,20,201001
135,139,201001
135,142,201001
135,143,201001
135,12,201001
135,40,201001
135,13,201001
135,28,201001
135,19,201001
135,16,201001
135,81,201001
135,92,201001
135,14,201001
135,31,201001
135,48,201001
135,27,201001
135,154,201001
136,18,201001
136,110,201001
136,183,201001
136,143,201001
136,70,201001
136,138,201001
136,71,201001
136,12,201001
136,30,201001
136,107,201001
136,154,201001
136,393,201001
136,146,201001
136,17,201001
136,165,201001
136,1,201001
136,23,201001
136,77,201001
136,160,201001
136,11,201001
136,137,201001
136,133,201001
136,512,201001
136,112,201001
136,47,201001
136,85,201001
136,99,201001
136,81,201001
136,157,201001
136,10,201001
136,27,201001
136,931,201001
136,536,201001
136,13,201001
136,124,201001
136,80,201001
136,189,201001
136,105,201001
136,751,201001
136,34,201001
136,108,201001
136,19,201001
136,149,201001
136,1090,201001
136,753,201001
136,21,201001
136,754,201001
136,35,201001
136,14,201001
136,2,201001
136,192,201001
136,20,201001
136,139,201001
136,92,201001
136,64,201001
136,266,201001
136,6,201001
136,67,201001
136,180,201001
136,250,201001
136,83,201001
136,9,201001
136,126,201001
136,31,201001
136,274,201001
136,102,201001
136,25,201001
136,104,201001
136,121,201001
136,345,201001
136,113,201001
136,163,201001
136,227,201001
136,181,201001
136,29,201001
136,941,201001
136,878,201001
136,775,201001
136,706,201001
136,26,201001
136,346,201001
136,5,201001
136,981,201001
136,16,201001
136,1139,201001
136,51,201001
136,968,201001
136,69,201001
136,32,201001
136,804,201001
136,115,201001
136,982,201001
136,60,201001
136,372,201001
136,131,201001
136,783,201001
136,834,201001
136,891,201001
136,371,201001
136,752,201001
136,38,201001
136,53,201001
136,0,201001
136,132,201001
136,1015,201001
136,24,201001
136,537,201001
136,415,201001
136,148,201001
136,111,201001
136,307,201001
136,15,201001
136,52,201001
136,153,201001
136,492,201001
136,330,201001
136,728,201001
136,361,201001
136,100,201001
136,376,201001
136,588,201001
136,130,201001
136,762,201001
136,359,201001
136,862,201001
136,480,201001
136,502,201001
136,221,201001
136,299,201001
136,96,201001
136,243,201001
136,166,201001
136,43,201001
136,159,201001
136,68,201001
136,211,201001
136,738,201001
136,358,201001
136,214,201001
136,223,201001
136,261,201001
136,88,201001
136,40,201001
136,101,201001
136,8,201001
136,544,201001
136,184,201001
136,97,201001
136,7,201001
136,28,201001
136,61,201001
136,4,201001
136,265,201001
136,86,201001
136,72,201001
136,84,201001
136,116,201001
136,58,201001
136,33,201001
136,54,201001
136,147,201001
136,125,201001
136,59,201001
136,22,201001
136,213,201001
136,122,201001
136,150,201001
136,177,201001
136,75,201001
136,164,201001
136,48,201001
136,303,201001
136,169,201001
136,89,201001
136,135,201001
136,46,201001
137,143,201001
137,115,201001
137,146,201001
137,69,201001
137,96,201001
137,165,201001
137,6,201001
137,77,201001
137,160,201001
137,9,201001
137,25,201001
137,29,201001
137,60,201001
137,175,201001
137,112,201001
137,28,201001
137,19,201001
137,51,201001
137,138,201001
137,23,201001
137,1292,201001
137,52,201001
137,21,201001
137,86,201001
137,84,201001
137,155,201001
137,45,201001
137,94,201001
137,79,201001
137,99,201001
137,41,201001
137,102,201001
137,249,201001
137,183,201001
137,14,201001
137,36,201001
137,344,201001
137,120,201001
137,2,201001
137,124,201001
137,20,201001
137,13,201001
137,74,201001
137,12,201001
137,180,201001
137,26,201001
137,108,201001
137,1147,201001
137,0,201001
137,1,201001
137,46,201001
137,333,201001
137,346,201001
137,142,201001
137,371,201001
137,18,201001
137,341,201001
137,11,201001
137,5,201001
137,136,201001
137,32,201001
137,59,201001
137,244,201001
137,16,201001
137,193,201001
137,224,201001
137,72,201001
137,198,201001
137,24,201001
137,269,201001
137,335,201001
137,309,201001
137,390,201001
137,38,201001
137,81,201001
137,950,201001
137,1190,201001
137,216,201001
137,483,201001
137,149,201001
137,671,201001
137,327,201001
137,250,201001
137,495,201001
137,393,201001
137,62,201001
137,159,201001
137,70,201001
137,78,201001
137,204,201001
137,163,201001
137,169,201001
137,307,201001
137,752,201001
137,181,201001
137,188,201001
137,65,201001
137,116,201001
137,336,201001
137,131,201001
137,118,201001
137,152,201001
137,40,201001
137,76,201001
137,17,201001
137,64,201001
137,39,201001
137,57,201001
137,54,201001
137,153,201001
137,101,201001
137,339,201001
137,355,201001
137,544,201001
137,156,201001
137,220,201001
137,15,201001
137,150,201001
137,58,201001
137,98,201001
137,10,201001
137,7,201001
137,47,201001
137,107,201001
137,4,201001
137,132,201001
137,157,201001
137,80,201001
137,161,201001
137,104,201001
137,34,201001
137,71,201001
137,92,201001
137,139,201001
137,213,201001
137,129,201001
137,100,201001
137,133,201001
137,89,201001
137,53,201001
137,97,201001
137,83,201001
137,48,201001
137,27,201001
137,31,201001
137,22,201001
137,154,201001
137,113,201001
137,35,201001
137,85,201001
138,59,201001
138,97,201001
138,247,201001
138,159,201001
138,25,201001
138,137,201001
138,175,201001
138,52,201001
138,80,201001
138,110,201001
138,136,201001
138,32,201001
138,1,201001
138,143,201001
138,51,201001
138,14,201001
138,23,201001
138,6,201001
138,2,201001
138,18,201001
138,1147,201001
138,346,201001
138,1250,201001
138,10,201001
138,375,201001
138,266,201001
138,1227,201001
139,19,201001
139,58,201001
139,652,201001
139,172,201001
139,36,201001
139,143,201001
139,31,201001
139,35,201001
139,208,201001
139,101,201001
139,160,201001
139,11,201001
139,28,201001
139,142,201001
139,107,201001
139,81,201001
139,32,201001
139,136,201001
139,17,201001
139,40,201001
139,102,201001
139,6,201001
139,29,201001
139,18,201001
139,16,201001
139,10,201001
139,83,201001
139,12,201001
139,1147,201001
139,13,201001
139,77,201001
139,54,201001
139,120,201001
139,14,201001
139,52,201001
139,4,201001
139,134,201001
139,1,201001
139,146,201001
139,341,201001
139,99,201001
139,27,201001
139,154,201001
139,25,201001
139,155,201001
139,64,201001
139,769,201001
139,119,201001
139,75,201001
139,197,201001
139,26,201001
139,178,201001
139,135,201001
139,137,201001
139,60,201001
139,97,201001
139,59,201001
139,46,201001
140,160,201001
140,62,201001
140,76,201001
140,782,201001
140,143,201001
140,342,201001
140,16,201001
140,739,201001
140,46,201001
140,320,201001
140,63,201001
140,178,201001
140,64,201001
140,19,201001
140,26,201001
140,29,201001
140,375,201001
140,266,201001
140,32,201001
140,97,201001
141,16,201001
141,224,201001
141,178,201001
141,1147,201001
141,341,201001
141,375,201001
141,146,201001
141,266,201001
141,46,201001
141,97,201001
142,143,201001
142,48,201001
142,126,201001
142,453,201001
142,19,201001
142,233,201001
142,12,201001
142,29,201001
142,62,201001
142,74,201001
142,114,201001
142,224,201001
142,136,201001
142,197,201001
142,38,201001
142,100,201001
142,124,201001
142,159,201001
142,287,201001
142,119,201001
142,35,201001
142,165,201001
142,24,201001
142,117,201001
142,107,201001
142,54,201001
142,139,201001
142,27,201001
142,2,201001
142,72,201001
142,36,201001
142,5,201001
142,133,201001
142,94,201001
142,6,201001
142,274,201001
142,60,201001
142,40,201001
142,26,201001
142,463,201001
142,97,201001
142,739,201001
142,120,201001
142,16,201001
142,64,201001
142,77,201001
142,112,201001
142,137,201001
142,160,201001
142,17,201001
142,180,201001
142,51,201001
142,92,201001
142,25,201001
142,178,201001
142,154,201001
142,0,201001
142,52,201001
142,23,201001
142,46,201001
142,83,201001
142,28,201001
142,31,201001
142,146,201001
142,99,201001
142,32,201001
142,13,201001
142,59,201001
142,10,201001
142,1,201001
142,108,201001
142,135,201001
142,14,201001
143,40,201001
143,64,201001
143,77,201001
143,110,201001
143,139,201001
143,104,201001
143,100,201001
143,121,201001
143,9,201001
143,160,201001
143,155,201001
143,72,201001
143,534,201001
143,30,201001
143,15,201001
143,282,201001
143,32,201001
143,23,201001
143,76,201001
143,180,201001
143,5,201001
143,512,201001
143,113,201001
143,107,201001
143,61,201001
143,126,201001
143,6,201001
143,195,201001
143,60,201001
143,0,201001
143,51,201001
143,34,201001
143,722,201001
143,176,201001
143,101,201001
143,2,201001
143,97,201001
143,281,201001
143,19,201001
143,142,201001
143,93,201001
143,12,201001
143,25,201001
143,159,201001
143,154,201001
143,16,201001
143,39,201001
143,10,201001
143,120,201001
143,188,201001
143,118,201001
143,38,201001
143,137,201001
143,129,201001
143,69,201001
143,165,201001
143,136,201001
143,27,201001
143,17,201001
143,133,201001
143,54,201001
143,18,201001
143,1,201001
143,83,201001
143,52,201001
143,157,201001
143,455,201001
143,85,201001
143,14,201001
143,28,201001
143,247,201001
143,36,201001
143,48,201001
143,29,201001
143,62,201001
143,138,201001
143,21,201001
143,13,201001
143,89,201001
143,59,201001
143,46,201001
143,375,201001
143,35,201001
143,132,201001
143,124,201001
143,11,201001
143,96,201001
143,170,201001
143,501,201001
143,80,201001
143,342,201001
143,81,201001
143,419,201001
143,355,201001
143,156,201001
143,117,201001
143,94,201001
143,544,201001
143,78,201001
143,66,201001
143,198,201001
143,333,201001
143,1284,201001
143,102,201001
143,444,201001
143,20,201001
143,274,201001
143,1147,201001
143,99,201001
143,26,201001
143,146,201001
143,92,201001
143,108,201001
143,135,201001
144,160,201001
144,159,201001
144,132,201001
144,16,201001
144,265,201001
144,29,201001
144,346,201001
144,32,201001
144,18,201001
144,10,201001
145,24,201001
145,197,201001
145,346,201001
145,1169,201001
145,18,201001
145,32,201001
145,29,201001
146,17,201001
146,13,201001
146,31,201001
146,20,201001
146,160,201001
146,175,201001
146,52,201001
146,4,201001
146,154,201001
146,27,201001
146,136,201001
146,25,201001
146,247,201001
146,59,201001
146,45,201001
146,110,201001
146,76,201001
146,40,201001
146,117,201001
146,97,201001
146,18,201001
146,19,201001
146,35,201001
146,14,201001
146,137,201001
146,1,201001
146,6,201001
146,29,201001
146,124,201001
146,287,201001
146,278,201001
146,41,201001
146,77,201001
146,355,201001
146,64,201001
146,342,201001
146,113,201001
146,544,201001
146,32,201001
146,100,201001
146,156,201001
146,54,201001
146,1147,201001
146,57,201001
146,46,201001
146,71,201001
146,163,201001
146,178,201001
146,101,201001
146,66,201001
146,198,201001
146,34,201001
146,132,201001
146,55,201001
146,69,201001
146,72,201001
146,38,201001
146,58,201001
146,26,201001
146,39,201001
146,0,201001
146,62,201001
146,21,201001
146,83,201001
146,12,201001
146,99,201001
146,131,201001
146,78,201001
146,139,201001
146,108,201001
146,65,201001
146,143,201001
146,16,201001
146,181,201001
146,180,201001
146,142,201001
146,102,201001
146,9,201001
146,120,201001
146,141,201001
146,63,201001
146,95,201001
146,126,201001
146,36,201001
146,94,201001
146,48,201001
146,28,201001
146,176,201001
146,81,201001
146,10,201001
146,60,201001
146,11,201001
147,111,201001
147,160,201001
147,330,201001
147,67,201001
147,136,201001
147,30,201001
147,372,201001
147,183,201001
147,153,201001
147,221,201001
147,23,201001
147,113,201001
147,344,201001
147,53,201001
147,346,201001
147,1169,201001
147,10,201001
147,11,201001
148,5,201001
148,112,201001
148,346,201001
148,136,201001
149,115,201001
149,19,201001
149,48,201001
149,31,201001
149,4,201001
149,22,201001
149,112,201001
149,11,201001
149,93,201001
149,23,201001
149,124,201001
149,21,201001
149,133,201001
149,17,201001
149,154,201001
149,27,201001
149,60,201001
149,14,201001
149,47,201001
149,0,201001
149,28,201001
149,136,201001
149,85,201001
149,1,201001
149,1169,201001
149,5,201001
149,9,201001
149,96,201001
149,137,201001
149,10,201001
149,92,201001
149,25,201001
149,274,201001
150,5,201001
150,346,201001
150,23,201001
150,136,201001
150,108,201001
150,177,201001
150,29,201001
150,132,201001
150,86,201001
150,30,201001
150,189,201001
150,10,201001
150,12,201001
150,58,201001
150,22,201001
150,2,201001
150,1,201001
150,51,201001
150,4,201001
150,11,201001
150,20,201001
150,17,201001
150,137,201001
151,170,201001
151,178,201001
151,266,201001
152,341,201001
152,19,201001
152,43,201001
152,124,201001
152,16,201001
152,12,201001
152,170,201001
152,17,201001
152,97,201001
152,46,201001
152,160,201001
152,137,201001
152,25,201001
153,147,201001
153,69,201001
153,31,201001
153,6,201001
153,83,201001
153,26,201001
153,18,201001
153,11,201001
153,136,201001
153,29,201001
153,97,201001
153,25,201001
153,137,201001
154,183,201001
154,339,201001
154,27,201001
154,160,201001
154,104,201001
154,380,201001
154,175,201001
154,62,201001
154,281,201001
154,146,201001
154,143,201001
154,77,201001
154,55,201001
154,181,201001
154,188,201001
154,11,201001
154,47,201001
154,100,201001
154,31,201001
154,85,201001
154,5,201001
154,270,201001
154,164,201001
154,6,201001
154,4,201001
154,26,201001
154,59,201001
154,165,201001
154,142,201001
154,64,201001
154,61,201001
154,180,201001
154,29,201001
154,23,201001
154,251,201001
154,52,201001
154,1482,201001
154,99,201001
154,16,201001
154,93,201001
154,25,201001
154,119,201001
154,21,201001
154,150,201001
154,17,201001
154,20,201001
154,97,201001
154,131,201001
154,1,201001
154,19,201001
154,122,201001
154,155,201001
154,265,201001
154,296,201001
154,112,201001
154,149,201001
154,58,201001
154,1580,201001
154,355,201001
154,136,201001
154,45,201001
154,51,201001
154,1147,201001
154,96,201001
154,40,201001
154,115,201001
154,666,201001
154,346,201001
154,32,201001
154,113,201001
154,10,201001
154,2,201001
154,18,201001
154,107,201001
154,22,201001
154,48,201001
154,394,201001
154,0,201001
154,36,201001
154,213,201001
154,28,201001
154,522,201001
154,102,201001
154,275,201001
154,139,201001
154,83,201001
154,60,201001
154,38,201001
154,46,201001
154,9,201001
154,54,201001
154,34,201001
154,120,201001
154,80,201001
154,132,201001
154,13,201001
154,72,201001
154,124,201001
154,81,201001
154,108,201001
154,12,201001
154,92,201001
154,14,201001
154,35,201001
154,274,201001
154,135,201001
154,137,201001
155,176,201001
155,160,201001
155,52,201001
155,40,201001
155,19,201001
155,143,201001
155,92,201001
155,139,201001
155,274,201001
155,48,201001
155,11,201001
155,16,201001
155,60,201001
155,341,201001
155,28,201001
155,35,201001
155,18,201001
155,9,201001
155,0,201001
155,31,201001
155,72,201001
155,137,201001
155,100,201001
155,5,201001
155,77,201001
155,181,201001
155,83,201001
155,99,201001
155,1147,201001
155,36,201001
155,80,201001
155,54,201001
155,20,201001
155,26,201001
155,154,201001
155,81,201001
155,17,201001
155,85,201001
155,112,201001
155,2,201001
155,136,201001
155,29,201001
155,38,201001
155,32,201001
155,6,201001
155,1,201001
155,64,201001
155,97,201001
155,46,201001
155,10,201001
155,135,201001
155,108,201001
155,14,201001
156,118,201001
156,64,201001
156,16,201001
156,769,201001
156,176,201001
156,83,201001
156,13,201001
156,163,201001
156,154,201001
156,99,201001
156,6,201001
156,142,201001
156,19,201001
156,75,201001
156,35,201001
156,45,201001
156,34,201001
156,120,201001
156,32,201001
156,38,201001
156,29,201001
156,60,201001
156,108,201001
156,46,201001
156,97,201001
156,160,201001
156,25,201001
156,137,201001
157,143,201001
157,0,201001
157,93,201001
157,118,201001
157,176,201001
157,154,201001
157,9,201001
157,180,201001
157,16,201001
157,57,201001
157,101,201001
157,165,201001
157,142,201001
157,112,201001
157,20,201001
157,102,201001
157,85,201001
157,26,201001
157,72,201001
157,40,201001
157,28,201001
157,149,201001
157,13,201001
157,19,201001
157,59,201001
157,99,201001
157,136,201001
157,1,201001
157,274,201001
157,2,201001
157,32,201001
157,160,201001
157,97,201001
157,135,201001
157,60,201001
157,14,201001
157,46,201001
157,25,201001
157,92,201001
157,137,201001
158,495,201001
158,43,201001
158,1147,201001
158,266,201001
158,178,201001
158,341,201001
158,46,201001
158,97,201001
159,54,201001
159,138,201001
159,143,201001
159,160,201001
159,131,201001
159,39,201001
159,275,201001
159,12,201001
159,346,201001
159,1147,201001
159,32,201001
159,136,201001
159,18,201001
159,375,201001
159,1227,201001
159,137,201001
159,10,201001
159,29,201001
160,83,201001
160,120,201001
160,93,201001
160,126,201001
160,64,201001
160,78,201001
160,58,201001
160,139,201001
160,52,201001
160,17,201001
160,129,201001
160,80,201001
160,63,201001
160,89,201001
160,25,201001
160,21,201001
160,108,201001
160,131,201001
160,43,201001
160,53,201001
160,18,201001
160,133,201001
160,59,201001
160,194,201001
160,79,201001
160,76,201001
160,12,201001
160,197,201001
160,28,201001
160,35,201001
160,96,201001
160,6,201001
160,101,201001
160,62,201001
160,2,201001
160,146,201001
160,15,201001
160,11,201001
160,512,201001
160,176,201001
160,9,201001
160,13,201001
160,136,201001
160,57,201001
160,48,201001
160,61,201001
160,30,201001
160,40,201001
160,117,201001
160,51,201001
160,24,201001
160,195,201001
160,339,201001
160,113,201001
160,159,201001
160,140,201001
160,142,201001
160,16,201001
160,77,201001
160,54,201001
160,104,201001
160,99,201001
160,39,201001
160,60,201001
160,147,201001
160,154,201001
160,115,201001
160,27,201001
160,110,201001
160,1,201001
160,143,201001
160,95,201001
160,100,201001
160,165,201001
160,34,201001
160,137,201001
160,0,201001
160,38,201001
160,155,201001
160,41,201001
160,31,201001
160,32,201001
160,22,201001
160,19,201001
160,85,201001
160,183,201001
160,224,201001
160,234,201001
160,188,201001
160,72,201001
160,69,201001
160,10,201001
160,23,201001
160,112,201001
160,118,201001
160,14,201001
160,29,201001
160,20,201001
160,5,201001
160,216,201001
160,97,201001
160,45,201001
160,70,201001
160,36,201001
160,180,201001
160,132,201001
160,107,201001
160,281,201001
160,134,201001
160,233,201001
160,181,201001
160,144,201001
160,4,201001
160,46,201001
160,84,201001
160,102,201001
160,320,201001
160,213,201001
160,94,201001
160,1017,201001
160,105,201001
160,393,201001
160,274,201001
160,521,201001
160,92,201001
160,354,201001
160,1291,201001
160,885,201001
160,288,201001
160,124,201001
160,543,201001
160,65,201001
160,318,201001
160,309,201001
160,871,201001
160,379,201001
160,510,201001
160,163,201001
160,157,201001
160,314,201001
160,161,201001
160,249,201001
160,250,201001
160,544,201001
160,355,201001
160,152,201001
160,98,201001
160,341,201001
160,81,201001
160,156,201001
160,26,201001
161,152,201001
161,93,201001
161,327,201001
161,108,201001
161,80,201001
161,99,201001
161,112,201001
161,97,201001
161,266,201001
161,160,201001
161,10,201001
161,25,201001
161,137,201001
163,206,201001
163,393,201001
163,125,201001
163,355,201001
163,208,201001
163,12,201001
163,18,201001
163,136,201001
163,346,201001
163,29,201001
163,160,201001
163,32,201001
163,60,201001
163,137,201001
163,97,201001
164,223,201001
164,84,201001
164,69,201001
164,22,201001
164,74,201001
164,64,201001
164,28,201001
164,51,201001
164,21,201001
164,1169,201001
164,17,201001
164,10,201001
164,1227,201001
164,18,201001
164,136,201001
164,4,201001
164,11,201001
165,137,201001
165,27,201001
165,25,201001
165,149,201001
165,160,201001
165,13,201001
165,1,201001
165,54,201001
165,385,201001
165,339,201001
165,282,201001
165,96,201001
165,384,201001
165,6,201001
165,16,201001
165,189,201001
165,155,201001
165,107,201001
165,154,201001
165,112,201001
165,11,201001
165,93,201001
165,32,201001
165,40,201001
165,64,201001
165,2,201001
165,116,201001
165,51,201001
165,0,201001
165,213,201001
165,34,201001
165,113,201001
165,18,201001
165,22,201001
165,38,201001
165,157,201001
165,133,201001
165,177,201001
165,801,201001
165,124,201001
165,80,201001
165,20,201001
165,26,201001
165,48,201001
165,19,201001
165,346,201001
165,108,201001
165,60,201001
165,136,201001
165,1169,201001
165,4,201001
165,21,201001
165,14,201001
165,5,201001
165,135,201001
165,31,201001
165,23,201001
165,97,201001
165,17,201001
165,28,201001
165,29,201001
165,92,201001
165,85,201001
165,10,201001
165,274,201001
166,136,201001
167,97,201001
167,342,201001
167,65,201001
168,203,201001
169,147,201001
169,11,201001
169,136,201001
169,107,201001
169,17,201001
169,9,201001
169,64,201001
169,28,201001
169,1,201001
169,18,201001
169,97,201001
169,137,201001
169,29,201001
170,13,201001
170,288,201001
170,101,201001
170,143,201001
170,64,201001
170,16,201001
170,530,201001
170,269,201001
170,40,201001
170,77,201001
170,233,201001
170,208,201001
170,134,201001
170,265,201001
170,180,201001
170,52,201001
170,19,201001
170,262,201001
170,205,201001
170,81,201001
170,193,201001
170,18,201001
170,131,201001
170,15,201001
170,512,201001
170,341,201001
170,152,201001
170,32,201001
170,29,201001
171,142,201001
171,233,201001
171,362,201001
171,144,201001
171,101,201001
171,140,201001
171,1250,201001
171,266,201001
171,18,201001
171,32,201001
171,29,201001
172,173,201001
172,29,201001
172,129,201001
172,18,201001
172,26,201001
172,60,201001
172,137,201001
172,13,201001
172,64,201001
172,357,201001
172,59,201001
172,48,201001
172,6,201001
172,19,201001
172,46,201001
172,35,201001
172,97,201001
173,129,201001
173,45,201001
173,278,201001
173,83,201001
173,1129,201001
173,97,201001
173,46,201001
173,357,201001
173,172,201001
173,35,201001
174,132,201001
174,18,201001
175,83,201001
175,46,201001
175,25,201001
175,154,201001
175,17,201001
175,1,201001
175,117,201001
175,137,201001
175,6,201001
175,146,201001
175,136,201001
175,32,201001
175,19,201001
175,97,201001
175,18,201001
175,48,201001
175,112,201001
175,99,201001
175,89,201001
175,31,201001
175,530,201001
175,1147,201001
175,34,201001
175,341,201001
175,1250,201001
175,266,201001
175,375,201001
175,29,201001
176,160,201001
176,387,201001
176,77,201001
176,6,201001
176,143,201001
176,39,201001
176,57,201001
176,1,201001
176,99,201001
176,198,201001
176,97,201001
176,341,201001
176,173,201001
176,278,201001
176,18,201001
176,62,201001
176,80,201001
176,29,201001
176,13,201001
176,46,201001
176,48,201001
176,16,201001
176,146,201001
176,60,201001
176,32,201001
176,19,201001
176,64,201001
177,69,201001
177,300,201001
177,303,201001
177,86,201001
177,23,201001
177,105,201001
177,183,201001
177,346,201001
177,1227,201001
177,10,201001
177,20,201001
177,136,201001
177,11,201001
177,4,201001
178,434,201001
178,266,201001
178,320,201001
178,224,201001
178,2,201001
178,57,201001
178,56,201001
178,129,201001
178,125,201001
178,75,201001
178,32,201001
178,19,201001
178,194,201001
178,102,201001
178,117,201001
178,180,201001
178,120,201001
178,101,201001
178,288,201001
178,141,201001
178,140,201001
178,342,201001
178,142,201001
178,81,201001
178,39,201001
178,316,201001
178,158,201001
178,46,201001
178,126,201001
178,76,201001
178,83,201001
178,151,201001
178,16,201001
178,40,201001
178,60,201001
178,13,201001
178,97,201001
178,108,201001
178,36,201001
178,139,201001
178,48,201001
180,13,201001
180,143,201001
180,31,201001
180,126,201001
180,766,201001
180,16,201001
180,6,201001
180,160,201001
180,52,201001
180,102,201001
180,80,201001
180,17,201001
180,75,201001
180,171,201001
180,170,201001
180,40,201001
180,107,201001
180,20,201001
180,156,201001
180,0,201001
180,274,201001
180,154,201001
180,81,201001
180,18,201001
180,77,201001
180,9,201001
180,12,201001
180,57,201001
180,1,201001
180,14,201001
180,28,201001
180,136,201001
180,100,201001
180,83,201001
180,137,201001
180,46,201001
180,32,201001
180,142,201001
180,38,201001
180,112,201001
180,19,201001
180,889,201001
180,97,201001
180,36,201001
180,5,201001
180,29,201001
180,139,201001
180,360,201001
180,899,201001
180,146,201001
180,64,201001
180,59,201001
180,26,201001
180,99,201001
180,10,201001
180,108,201001
180,135,201001
180,48,201001
180,60,201001
181,77,201001
181,270,201001
181,429,201001
181,29,201001
181,132,201001
181,160,201001
181,27,201001
181,546,201001
181,198,201001
181,111,201001
181,57,201001
181,145,201001
181,140,201001
181,117,201001
181,58,201001
181,76,201001
181,41,201001
181,104,201001
181,180,201001
181,102,201001
181,80,201001
181,18,201001
181,83,201001
181,100,201001
181,320,201001
181,12,201001
181,19,201001
181,13,201001
181,86,201001
181,2,201001
181,6,201001
181,1147,201001
181,46,201001
181,35,201001
181,136,201001
181,16,201001
181,14,201001
181,26,201001
181,97,201001
181,146,201001
181,99,201001
181,60,201001
181,10,201001
181,48,201001
181,1227,201001
181,375,201001
181,266,201001
181,32,201001
181,25,201001
181,137,201001
181,54,201001
182,176,201001
182,76,201001
182,269,201001
182,120,201001
182,72,201001
182,154,201001
182,101,201001
182,19,201001
182,46,201001
182,6,201001
182,29,201001
182,32,201001
183,160,201001
183,11,201001
183,154,201001
183,84,201001
183,107,201001
183,147,201001
183,27,201001
183,0,201001
183,99,201001
183,29,201001
183,31,201001
183,133,201001
183,21,201001
183,111,201001
183,92,201001
183,85,201001
183,6,201001
183,96,201001
183,13,201001
183,346,201001
183,137,201001
183,17,201001
183,165,201001
183,28,201001
183,274,201001
183,60,201001
183,136,201001
183,2,201001
183,112,201001
183,22,201001
183,268,201001
183,113,201001
183,1,201001
183,23,201001
183,135,201001
183,301,201001
183,69,201001
183,1227,201001
183,317,201001
183,105,201001
183,5,201001
183,4,201001
183,51,201001
183,20,201001
183,18,201001
183,10,201001
184,33,201001
184,215,201001
184,51,201001
184,1227,201001
184,10,201001
184,17,201001
184,11,201001
184,136,201001
184,4,201001
184,20,201001
185,186,201001
185,236,201001
185,698,201001
185,525,201001
185,110,201001
185,651,201001
185,922,201001
185,650,201001
185,997,201001
185,665,201001
185,926,201001
185,558,201001
185,1016,201001
185,947,201001
185,630,201001
185,937,201001
185,697,201001
185,474,201001
185,656,201001
185,190,201001
185,200,201001
185,657,201001
186,232,201001
186,556,201001
186,473,201001
186,560,201001
186,110,201001
186,185,201001
186,525,201001
186,620,201001
186,561,201001
186,926,201001
186,698,201001
186,559,201001
186,555,201001
186,922,201001
186,558,201001
188,160,201001
188,216,201001
188,41,201001
188,339,201001
188,143,201001
188,1292,201001
188,344,201001
188,124,201001
188,0,201001
188,320,201001
188,141,201001
188,54,201001
188,346,201001
188,116,201001
188,10,201001
188,25,201001
188,137,201001
188,97,201001
189,133,201001
189,23,201001
189,86,201001
189,529,201001
189,53,201001
189,223,201001
189,211,201001
189,22,201001
189,51,201001
189,112,201001
189,21,201001
189,4,201001
189,11,201001
189,136,201001
189,20,201001
189,17,201001
189,1,201001
190,110,201001
190,235,201001
190,191,201001
190,696,201001
190,897,201001
190,201,201001
190,1183,201001
190,920,201001
191,190,201001
191,110,201001
192,1215,201001
192,41,201001
192,739,201001
192,83,201001
192,26,201001
192,32,201001
192,19,201001
192,64,201001
192,46,201001
192,97,201001
193,27,201001
193,101,201001
193,16,201001
193,546,201001
193,282,201001
193,131,201001
193,18,201001
193,170,201001
193,205,201001
193,32,201001
193,137,201001
193,29,201001
194,160,201001
194,178,201001
194,99,201001
194,60,201001
194,48,201001
194,6,201001
194,59,201001
195,6,201001
195,208,201001
195,45,201001
195,160,201001
195,171,201001
195,270,201001
195,65,201001
195,769,201001
195,14,201001
195,19,201001
195,97,201001
195,32,201001
195,48,201001
195,60,201001
196,551,201001
196,366,201001
196,475,201001
196,506,201001
196,367,201001
196,424,201001
196,476,201001
196,705,201001
196,225,201001
196,365,201001
196,110,201001
196,528,201001
196,400,201001
196,917,201001
196,472,201001
196,363,201001
196,364,201001
196,471,201001
196,489,201001
196,412,201001
196,409,201001
196,478,201001
196,351,201001
196,794,201001
196,377,201001
196,448,201001
196,470,201001
196,378,201001
196,477,201001
196,504,201001
196,681,201001
196,547,201001
196,447,201001
196,647,201001
196,595,201001
196,516,201001
196,578,201001
196,1241,201001
196,596,201001
196,479,201001
196,1028,201001
196,667,201001
196,465,201001
196,231,201001
196,526,201001
196,532,201001
196,402,201001
196,427,201001
196,1134,201001
196,127,201001
196,425,201001
196,352,201001
196,109,201001
196,4,201001
197,545,201001
197,242,201001
197,77,201001
197,160,201001
197,102,201001
197,145,201001
197,45,201001
197,15,201001
197,120,201001
197,39,201001
197,98,201001
197,9,201001
197,140,201001
197,156,201001
197,31,201001
197,83,201001
197,48,201001
197,18,201001
197,16,201001
197,54,201001
197,29,201001
197,108,201001
197,60,201001
197,139,201001
197,97,201001
197,32,201001
198,135,201001
198,181,201001
198,12,201001
198,362,201001
198,195,201001
198,16,201001
198,394,201001
198,146,201001
198,139,201001
198,32,201001
198,137,201001
198,29,201001
198,97,201001
200,937,201001
200,656,201001
200,698,201001
200,657,201001
200,185,201001
201,110,201001
201,897,201001
201,185,201001
201,190,201001
201,235,201001
203,291,201001
203,87,201001
203,168,201001
204,115,201001
204,17,201001
204,137,201001
205,60,201001
205,52,201001
205,81,201001
205,14,201001
205,27,201001
205,176,201001
205,40,201001
205,17,201001
205,16,201001
205,282,201001
205,15,201001
205,262,201001
205,304,201001
205,193,201001
205,131,201001
205,19,201001
205,64,201001
205,32,201001
206,117,201001
206,6,201001
206,144,201001
206,15,201001
206,159,201001
206,120,201001
206,722,201001
206,266,201001
206,19,201001
206,32,201001
207,39,201001
207,45,201001
207,110,201001
207,1044,201001
208,139,201001
208,85,201001
208,1399,201001
208,1736,201001
208,1567,201001
208,157,201001
208,63,201001
208,163,201001
208,297,201001
208,1363,201001
208,132,201001
208,131,201001
208,349,201001
208,92,201001
208,64,201001
208,97,201001
208,172,201001
208,46,201001
208,19,201001
208,29,201001
208,60,201001
208,99,201001
208,108,201001
208,32,201001
208,36,201001
208,48,201001
209,1,201001
209,345,201001
209,17,201001
210,826,201001
210,796,201001
210,941,201001
210,1057,201001
210,750,201001
210,998,201001
211,23,201001
211,2,201001
211,85,201001
211,346,201001
211,165,201001
211,17,201001
211,20,201001
211,136,201001
211,1,201001
212,89,201001
213,52,201001
213,164,201001
213,2,201001
213,22,201001
213,165,201001
213,12,201001
213,85,201001
213,160,201001
213,25,201001
213,247,201001
213,97,201001
213,18,201001
213,51,201001
213,21,201001
213,10,201001
213,222,201001
213,11,201001
213,136,201001
213,29,201001
213,20,201001
213,17,201001
213,1,201001
213,137,201001
213,4,201001
214,33,201001
214,51,201001
214,1169,201001
214,107,201001
214,10,201001
214,1227,201001
214,136,201001
214,17,201001
214,11,201001
214,20,201001
214,4,201001
215,51,201001
215,214,201001
215,20,201001
216,65,201001
216,101,201001
216,224,201001
216,83,201001
216,160,201001
216,25,201001
216,137,201001
216,97,201001
217,129,201001
217,60,201001
217,59,201001
219,57,201001
219,38,201001
219,482,201001
219,739,201001
219,83,201001
220,85,201001
220,115,201001
220,11,201001
220,137,201001
221,147,201001
221,981,201001
221,11,201001
221,136,201001
222,748,201001
222,4,201001
222,747,201001
222,33,201001
222,346,201001
222,1169,201001
222,28,201001
222,17,201001
222,10,201001
222,5,201001
222,1227,201001
222,213,201001
223,69,201001
223,84,201001
223,121,201001
223,61,201001
223,5,201001
223,1265,201001
223,143,201001
223,133,201001
223,112,201001
223,22,201001
223,164,201001
223,10,201001
223,136,201001
223,18,201001
223,4,201001
223,11,201001
224,160,201001
224,178,201001
224,341,201001
224,309,201001
224,141,201001
224,1147,201001
224,97,201001
224,99,201001
224,137,201001
224,29,201001
224,375,201001
224,266,201001
224,46,201001
225,110,201001
225,472,201001
225,196,201001
225,366,201001
225,229,201001
225,471,201001
225,378,201001
225,470,201001
225,351,201001
225,475,201001
225,377,201001
226,573,201001
226,351,201001
226,231,201001
226,604,201001
226,1140,201001
226,590,201001
226,110,201001
226,586,201001
226,465,201001
226,606,201001
226,232,201001
226,589,201001
226,660,201001
226,574,201001
226,587,201001
226,607,201001
226,572,201001
226,225,201001
226,679,201001
226,319,201001
226,527,201001
226,575,201001
226,554,201001
227,183,201001
227,11,201001
228,11,201001
228,183,201001
228,227,201001
228,234,201001
229,925,201001
229,824,201001
229,669,201001
229,110,201001
229,196,201001
229,663,201001
229,636,201001
229,594,201001
230,638,201001
230,635,201001
230,231,201001
230,594,201001
230,110,201001
230,600,201001
230,640,201001
230,642,201001
230,636,201001
230,634,201001
230,229,201001
230,596,201001
230,639,201001
230,641,201001
230,232,201001
230,471,201001
230,252,201001
230,254,201001
230,225,201001
230,226,201001
231,319,201001
231,603,201001
231,232,201001
231,230,201001
231,257,201001
231,575,201001
231,196,201001
231,110,201001
231,465,201001
231,643,201001
231,639,201001
231,527,201001
231,586,201001
231,576,201001
231,226,201001
231,605,201001
231,599,201001
231,644,201001
231,253,201001
232,594,201001
232,597,201001
232,263,201001
232,256,201001
232,598,201001
232,603,201001
232,635,201001
232,591,201001
232,273,201001
232,661,201001
232,259,201001
232,601,201001
232,636,201001
232,254,201001
232,639,201001
232,659,201001
232,640,201001
232,239,201001
232,527,201001
232,700,201001
232,110,201001
232,658,201001
232,599,201001
232,624,201001
232,634,201001
232,590,201001
232,252,201001
232,230,201001
232,605,201001
232,231,201001
232,602,201001
232,535,201001
232,644,201001
232,257,201001
232,641,201001
232,253,201001
232,186,201001
232,470,201001
232,258,201001
232,465,201001
232,525,201001
232,664,201001
232,571,201001
232,642,201001
232,260,201001
232,255,201001
232,319,201001
232,670,201001
232,596,201001
232,600,201001
232,556,201001
232,226,201001
232,576,201001
232,351,201001
232,560,201001
232,225,201001
232,643,201001
232,575,201001
233,18,201001
233,206,201001
233,171,201001
233,170,201001
233,100,201001
233,77,201001
233,9,201001
233,45,201001
233,31,201001
233,1169,201001
233,10,201001
233,266,201001
233,32,201001
233,29,201001
234,738,201001
234,61,201001
234,123,201001
234,426,201001
234,27,201001
234,122,201001
234,762,201001
234,160,201001
234,544,201001
234,31,201001
234,52,201001
234,81,201001
234,12,201001
234,77,201001
234,16,201001
234,338,201001
234,228,201001
234,1169,201001
234,10,201001
234,1227,201001
234,18,201001
235,201,201001
235,110,201001
235,1056,201001
235,867,201001
235,1381,201001
236,110,201001
236,841,201001
236,627,201001
236,186,201001
236,525,201001
236,305,201001
237,197,201001
237,46,201001
237,1147,201001
237,26,201001
237,25,201001
237,6,201001
237,32,201001
237,60,201001
237,29,201001
237,97,201001
238,11,201001
239,254,201001
239,232,201001
239,644,201001
239,602,201001
239,273,201001
239,258,201001
241,45,201001
241,59,201001
241,675,201001
241,35,201001
242,54,201001
242,545,201001
242,92,201001
242,731,201001
242,126,201001
242,81,201001
242,180,201001
242,101,201001
242,198,201001
242,72,201001
242,19,201001
242,32,201001
242,18,201001
242,29,201001
243,7,201001
243,89,201001
243,4,201001
243,8,201001
243,29,201001
243,136,201001
243,17,201001
243,1,201001
243,20,201001
244,346,201001
244,137,201001
245,20,201001
245,1079,201001
245,45,201001
245,675,201001
247,175,201001
247,143,201001
247,207,201001
247,23,201001
247,51,201001
247,110,201001
247,17,201001
247,69,201001
247,138,201001
247,107,201001
247,20,201001
247,146,201001
247,18,201001
247,748,201001
247,127,201001
247,427,201001
247,213,201001
247,747,201001
247,843,201001
248,11,201001
249,41,201001
249,39,201001
249,65,201001
249,101,201001
249,62,201001
249,160,201001
249,97,201001
250,339,201001
250,167,201001
250,156,201001
250,118,201001
250,137,201001
250,136,201001
250,17,201001
250,46,201001
250,160,201001
250,97,201001
251,154,201001
251,29,201001
251,27,201001
252,232,201001
252,239,201001
252,254,201001
252,643,201001
252,576,201001
252,230,201001
253,252,201001
253,254,201001
253,232,201001
253,319,201001
253,231,201001
254,232,201001
254,253,201001
254,252,201001
255,260,201001
255,232,201001
255,258,201001
255,257,201001
255,591,201001
255,263,201001
256,232,201001
256,622,201001
256,255,201001
256,258,201001
256,601,201001
256,664,201001
256,263,201001
256,257,201001
256,260,201001
256,597,201001
257,232,201001
257,561,201001
257,260,201001
257,186,201001
257,263,201001
257,670,201001
257,558,201001
257,624,201001
257,560,201001
257,661,201001
257,258,201001
257,256,201001
257,601,201001
257,658,201001
257,664,201001
257,259,201001
257,605,201001
257,700,201001
257,597,201001
257,602,201001
257,255,201001
257,591,201001
258,259,201001
258,255,201001
258,257,201001
258,232,201001
258,664,201001
258,239,201001
258,602,201001
259,258,201001
259,601,201001
259,255,201001
259,232,201001
259,257,201001
259,260,201001
259,602,201001
260,232,201001
260,263,201001
260,256,201001
260,259,201001
260,601,201001
260,257,201001
260,659,201001
260,597,201001
260,255,201001
261,112,201001
261,5,201001
261,21,201001
261,213,201001
261,22,201001
261,346,201001
261,10,201001
261,28,201001
261,136,201001
261,1,201001
261,17,201001
261,20,201001
262,24,201001
262,120,201001
262,302,201001
262,170,201001
262,205,201001
262,282,201001
262,131,201001
262,18,201001
262,81,201001
263,186,201001
263,232,201001
263,256,201001
263,622,201001
263,260,201001
263,257,201001
263,273,201001
263,601,201001
263,597,201001
263,255,201001
264,29,201001
264,34,201001
265,131,201001
265,6,201001
265,43,201001
265,27,201001
265,181,201001
265,32,201001
265,137,201001
265,54,201001
265,154,201001
265,77,201001
265,18,201001
265,122,201001
265,10,201001
265,346,201001
265,17,201001
265,11,201001
265,266,201001
265,1227,201001
265,136,201001
265,29,201001
266,0,201001
266,1250,201001
266,40,201001
266,72,201001
266,35,201001
266,158,201001
266,341,201001
266,1147,201001
266,146,201001
266,13,201001
266,292,201001
266,171,201001
266,161,201001
266,334,201001
266,1020,201001
266,175,201001
266,43,201001
266,544,201001
266,278,201001
266,206,201001
266,233,201001
266,140,201001
266,151,201001
266,65,201001
266,114,201001
266,265,201001
266,141,201001
266,104,201001
266,15,201001
266,138,201001
266,76,201001
266,815,201001
266,62,201001
266,224,201001
266,132,201001
266,61,201001
266,888,201001
266,66,201001
266,95,201001
266,101,201001
266,181,201001
266,57,201001
266,79,201001
267,138,201001
267,1250,201001
267,29,201001
268,227,201001
268,183,201001
268,11,201001
268,133,201001
268,4,201001
268,17,201001
269,131,201001
269,75,201001
269,79,201001
269,320,201001
269,41,201001
269,45,201001
269,12,201001
269,132,201001
269,32,201001
269,137,201001
269,60,201001
269,29,201001
269,97,201001
270,181,201001
270,65,201001
270,55,201001
270,157,201001
270,144,201001
270,29,201001
270,18,201001
270,32,201001
271,18,201001
273,602,201001
273,254,201001
273,258,201001
273,232,201001
273,239,201001
274,93,201001
274,35,201001
274,13,201001
274,401,201001
274,157,201001
274,124,201001
274,32,201001
274,139,201001
274,16,201001
274,64,201001
274,11,201001
274,26,201001
274,38,201001
274,81,201001
274,52,201001
274,54,201001
274,9,201001
274,18,201001
274,72,201001
274,160,201001
274,69,201001
274,136,201001
274,1,201001
274,17,201001
274,100,201001
274,107,201001
274,133,201001
274,20,201001
274,102,201001
274,143,201001
274,155,201001
274,346,201001
274,40,201001
274,113,201001
274,23,201001
274,83,201001
274,112,201001
274,21,201001
274,12,201001
274,77,201001
274,19,201001
274,51,201001
274,4,201001
274,48,201001
274,31,201001
274,108,201001
274,5,201001
274,47,201001
274,60,201001
274,28,201001
274,14,201001
274,80,201001
274,135,201001
274,10,201001
274,25,201001
274,116,201001
274,149,201001
274,165,201001
274,115,201001
274,0,201001
274,96,201001
274,154,201001
274,27,201001
274,85,201001
274,2,201001
274,92,201001
275,159,201001
275,132,201001
275,34,201001
275,154,201001
276,814,201001
276,54,201001
276,65,201001
276,74,201001
276,29,201001
276,32,201001
277,490,201001
277,19,201001
278,76,201001
278,530,201001
278,12,201001
278,180,201001
278,182,201001
278,94,201001
278,142,201001
278,124,201001
278,160,201001
278,1699,201001
278,444,201001
278,80,201001
278,342,201001
278,85,201001
278,46,201001
278,32,201001
278,19,201001
278,26,201001
278,178,201001
278,266,201001
278,97,201001
281,29,201001
281,77,201001
281,132,201001
281,16,201001
281,374,201001
281,1227,201001
281,59,201001
281,143,201001
281,138,201001
281,160,201001
281,121,201001
281,17,201001
281,35,201001
281,19,201001
282,18,201001
282,124,201001
282,77,201001
282,160,201001
282,188,201001
282,490,201001
282,151,201001
282,64,201001
282,0,201001
282,46,201001
282,143,201001
282,304,201001
282,262,201001
282,193,201001
282,15,201001
282,205,201001
282,52,201001
282,131,201001
283,13,201001
284,129,201001
285,722,201001
285,54,201001
287,156,201001
287,38,201001
287,176,201001
287,143,201001
287,16,201001
287,46,201001
287,97,201001
288,160,201001
288,66,201001
288,178,201001
288,1147,201001
288,83,201001
289,134,201001
289,13,201001
290,110,201001
290,808,201001
291,203,201001
291,87,201001
292,31,201001
292,29,201001
294,5,201001
294,120,201001
294,14,201001
294,496,201001
294,497,201001
295,51,201001
296,29,201001
296,154,201001
297,102,201001
297,313,201001
297,208,201001
297,1130,201001
297,349,201001
297,1674,201001
297,13,201001
298,432,201001
298,18,201001
299,96,201001
299,130,201001
299,777,201001
299,941,201001
299,345,201001
299,536,201001
299,23,201001
299,1,201001
299,136,201001
300,177,201001
300,4,201001
301,317,201001
301,4,201001
301,17,201001
301,183,201001
302,505,201001
303,169,201001
303,27,201001
303,133,201001
303,20,201001
303,11,201001
303,97,201001
303,17,201001
303,29,201001
303,136,201001
304,101,201001
304,81,201001
304,16,201001
304,282,201001
304,29,201001
304,131,201001
304,205,201001
305,684,201001
305,830,201001
305,110,201001
305,633,201001
305,109,201001
305,236,201001
305,4,201001
306,109,201001
306,110,201001
306,128,201001
306,427,201001
306,4,201001
307,11,201001
307,97,201001
307,136,201001
307,137,201001
309,81,201001
309,16,201001
309,160,201001
309,137,201001
310,900,201001
310,98,201001
310,530,201001
310,65,201001
310,80,201001
311,50,201001
311,3,201001
311,69,201001
311,4,201001
313,297,201001
313,349,201001
313,13,201001
314,18,201001
314,39,201001
314,752,201001
314,9,201001
314,125,201001
314,333,201001
314,731,201001
314,160,201001
315,20,201001
316,180,201001
316,344,201001
316,178,201001
317,69,201001
317,10,201001
317,301,201001
317,22,201001
317,346,201001
317,183,201001
317,11,201001
317,4,201001
318,160,201001
319,232,201001
319,465,201001
319,527,201001
319,643,201001
319,231,201001
319,576,201001
319,575,201001
319,644,201001
319,253,201001
320,101,201001
320,39,201001
320,46,201001
320,176,201001
320,544,201001
320,64,201001
320,25,201001
320,40,201001
320,269,201001
320,97,201001
320,26,201001
320,142,201001
320,146,201001
320,99,201001
320,140,201001
320,13,201001
320,19,201001
320,237,201001
320,6,201001
320,815,201001
320,434,201001
320,32,201001
320,48,201001
320,178,201001
322,35,201001
322,294,201001
323,770,201001
323,89,201001
326,346,201001
326,25,201001
327,384,201001
327,65,201001
327,24,201001
327,137,201001
327,25,201001
330,147,201001
330,136,201001
330,11,201001
332,160,201001
332,72,201001
332,81,201001
332,19,201001
332,32,201001
332,64,201001
333,544,201001
333,143,201001
333,314,201001
333,9,201001
333,752,201001
333,27,201001
333,731,201001
333,137,201001
333,25,201001
334,1250,201001
334,266,201001
335,137,201001
335,25,201001
336,486,201001
336,85,201001
336,25,201001
336,115,201001
336,731,201001
336,752,201001
336,137,201001
338,739,201001
338,142,201001
338,12,201001
338,234,201001
338,26,201001
338,19,201001
338,6,201001
338,32,201001
339,250,201001
339,93,201001
339,188,201001
339,1099,201001
339,401,201001
339,143,201001
339,124,201001
339,16,201001
339,282,201001
339,327,201001
339,160,201001
339,25,201001
339,434,201001
339,530,201001
339,137,201001
339,27,201001
339,2,201001
339,10,201001
340,25,201001
341,294,201001
341,176,201001
341,163,201001
341,134,201001
341,39,201001
341,544,201001
341,54,201001
341,100,201001
341,75,201001
341,108,201001
341,48,201001
341,170,201001
341,80,201001
341,83,201001
341,175,201001
341,36,201001
341,266,201001
341,16,201001
341,81,201001
341,27,201001
341,62,201001
341,141,201001
341,85,201001
341,375,201001
341,224,201001
341,46,201001
341,45,201001
341,158,201001
341,9,201001
341,97,201001
341,135,201001
341,32,201001
341,139,201001
341,137,201001
341,92,201001
341,160,201001
341,25,201001
342,80,201001
342,64,201001
342,182,201001
342,38,201001
342,124,201001
342,12,201001
342,146,201001
342,97,201001
342,495,201001
342,167,201001
342,1147,201001
342,393,201001
342,278,201001
342,46,201001
344,188,201001
344,159,201001
344,101,201001
344,137,201001
344,316,201001
344,40,201001
344,372,201001
345,299,201001
345,136,201001
345,23,201001
345,17,201001
346,784,201001
346,261,201001
346,150,201001
346,274,201001
346,188,201001
346,23,201001
346,111,201001
346,483,201001
346,103,201001
346,148,201001
346,85,201001
346,25,201001
346,74,201001
346,159,201001
346,9,201001
346,189,201001
346,136,201001
346,15,201001
346,233,201001
346,54,201001
346,77,201001
346,326,201001
346,183,201001
346,969,201001
346,4,201001
346,28,201001
346,12,201001
346,27,201001
346,147,201001
346,588,201001
346,443,201001
346,138,201001
346,96,201001
346,144,201001
346,222,201001
346,133,201001
346,1227,201001
346,72,201001
346,32,201001
346,131,201001
346,154,201001
346,16,201001
346,21,201001
346,51,201001
346,121,201001
346,22,201001
346,24,201001
346,115,201001
346,2,201001
346,84,201001
346,175,201001
346,122,201001
346,317,201001
346,135,201001
346,116,201001
346,137,201001
346,163,201001
346,145,201001
346,30,201001
346,408,201001
346,413,201001
346,69,201001
346,50,201001
346,93,201001
346,244,201001
346,265,201001
346,177,201001
346,132,201001
346,18,201001
347,151,201001
348,23,201001
348,17,201001
349,102,201001
349,208,201001
349,313,201001
349,297,201001
349,1674,201001
349,13,201001
351,606,201001
351,626,201001
351,586,201001
351,604,201001
351,589,201001
351,352,201001
351,607,201001
351,760,201001
351,679,201001
351,110,201001
351,471,201001
351,598,201001
351,573,201001
351,574,201001
351,226,201001
351,572,201001
351,587,201001
351,660,201001
351,554,201001
351,231,201001
351,564,201001
351,196,201001
351,225,201001
351,498,201001
351,236,201001
351,532,201001
351,590,201001
351,599,201001
351,232,201001
352,678,201001
352,565,201001
352,579,201001
352,484,201001
352,110,201001
352,625,201001
352,694,201001
352,564,201001
352,623,201001
352,626,201001
352,693,201001
352,196,201001
352,351,201001
352,532,201001
352,621,201001
352,622,201001
352,424,201001
352,805,201001
352,477,201001
352,425,201001
352,599,201001
352,225,201001
353,17,201001
354,739,201001
354,19,201001
354,54,201001
354,2,201001
354,60,201001
354,208,201001
354,77,201001
355,59,201001
355,76,201001
355,132,201001
355,9,201001
355,269,201001
355,64,201001
355,544,201001
355,137,201001
355,154,201001
355,342,201001
355,63,201001
355,197,201001
355,24,201001
355,860,201001
355,25,201001
355,46,201001
355,160,201001
355,97,201001
357,1129,201001
357,173,201001
357,172,201001
358,136,201001
359,166,201001
359,891,201001
359,96,201001
359,542,201001
359,136,201001
360,180,201001
361,136,201001
362,15,201001
362,171,201001
362,242,201001
362,40,201001
362,74,201001
362,32,201001
362,16,201001
362,19,201001
363,196,201001
363,366,201001
364,196,201001
364,402,201001
364,366,201001
364,365,201001
364,551,201001
365,196,201001
365,366,201001
365,400,201001
365,364,201001
366,196,201001
366,363,201001
366,365,201001
366,402,201001
366,551,201001
366,504,201001
366,364,201001
367,196,201001
368,27,201001
369,14,201001
371,64,201001
371,137,201001
371,97,201001
371,17,201001
371,29,201001
371,136,201001
371,6,201001
371,11,201001
371,25,201001
372,147,201001
372,344,201001
372,67,201001
372,136,201001
372,11,201001
373,722,201001
373,64,201001
374,281,201001
374,160,201001
374,64,201001
375,60,201001
375,143,201001
375,58,201001
375,1147,201001
375,341,201001
375,18,201001
375,34,201001
375,146,201001
375,0,201001
375,266,201001
375,29,201001
375,141,201001
375,76,201001
375,224,201001
375,175,201001
375,114,201001
375,159,201001
375,132,201001
375,140,201001
375,79,201001
375,15,201001
375,815,201001
375,95,201001
375,104,201001
375,138,201001
375,62,201001
375,66,201001
375,181,201001
375,57,201001
375,101,201001
375,65,201001
376,133,201001
376,136,201001
376,1,201001
377,196,201001
377,225,201001
377,472,201001
377,412,201001
377,378,201001
378,110,201001
378,196,201001
378,678,201001
378,475,201001
378,225,201001
378,412,201001
378,489,201001
378,377,201001
378,471,201001
378,448,201001
379,160,201001
380,15,201001
380,18,201001
380,32,201001
380,81,201001
380,112,201001
381,1022,201001
381,523,201001
381,142,201001
381,1086,201001
381,16,201001
383,667,201001
384,339,201001
384,346,201001
384,1147,201001
385,143,201001
385,124,201001
385,2,201001
385,25,201001
386,197,201001
387,176,201001
387,19,201001
388,16,201001
388,10,201001
388,27,201001
389,1079,201001
390,137,201001
390,25,201001
393,101,201001
393,160,201001
393,342,201001
393,129,201001
393,25,201001
393,137,201001
393,97,201001
394,154,201001
395,20,201001
395,17,201001
398,40,201001
398,503,201001
398,31,201001
398,97,201001
400,645,201001
400,196,201001
400,365,201001
401,85,201001
401,336,201001
402,364,201001
402,196,201001
402,366,201001
407,61,201001
407,415,201001
407,18,201001
408,346,201001
409,196,201001
409,366,201001
409,363,201001
410,436,201001
410,18,201001
412,196,201001
412,489,201001
412,378,201001
413,346,201001
413,18,201001
415,111,201001
415,61,201001
415,804,201001
415,416,201001
415,136,201001
415,18,201001
416,415,201001
416,18,201001
419,23,201001
419,143,201001
420,159,201001
420,32,201001
422,440,201001
422,54,201001
422,276,201001
422,18,201001
423,18,201001
424,476,201001
424,626,201001
424,478,201001
424,352,201001
424,425,201001
424,625,201001
424,622,201001
424,110,201001
424,573,201001
424,623,201001
424,196,201001
424,506,201001
424,469,201001
424,532,201001
424,448,201001
424,477,201001
425,794,201001
425,424,201001
425,477,201001
425,476,201001
425,469,201001
425,448,201001
425,110,201001
425,196,201001
425,478,201001
425,506,201001
425,352,201001
426,737,201001
426,18,201001
426,234,201001
427,127,201001
427,110,201001
427,306,201001
427,128,201001
427,109,201001
427,4,201001
427,612,201001
427,616,201001
427,614,201001
427,610,201001
429,181,201001
429,193,201001
429,32,201001
430,54,201001
430,44,201001
430,1205,201001
430,443,201001
430,18,201001
432,298,201001
432,18,201001
434,339,201001
434,552,201001
434,79,201001
434,1250,201001
434,320,201001
435,160,201001
435,97,201001
436,234,201001
436,410,201001
436,18,201001
440,54,201001
440,362,201001
440,814,201001
440,18,201001
440,32,201001
443,430,201001
443,346,201001
443,18,201001
444,83,201001
444,189,201001
444,135,201001
444,1935,201001
444,64,201001
444,133,201001
444,71,201001
444,782,201001
444,54,201001
444,143,201001
444,24,201001
445,135,201001
445,40,201001
445,871,201001
445,160,201001
445,76,201001
445,154,201001
445,46,201001
447,489,201001
447,196,201001
448,196,201001
448,424,201001
448,489,201001
448,447,201001
448,621,201001
448,378,201001
448,476,201001
449,549,201001
449,64,201001
452,97,201001
455,143,201001
455,512,201001
455,0,201001
455,97,201001
457,17,201001
457,720,201001
458,31,201001
458,97,201001
458,46,201001
460,282,201001
460,510,201001
463,35,201001
463,142,201001
463,31,201001
463,1284,201001
463,189,201001
463,135,201001
463,83,201001
463,1,201001
463,97,201001
463,48,201001
463,64,201001
463,136,201001
463,120,201001
463,40,201001
465,319,201001
465,110,201001
465,527,201001
465,576,201001
465,232,201001
465,605,201001
465,226,201001
465,263,201001
465,575,201001
465,604,201001
465,231,201001
465,599,201001
465,644,201001
465,196,201001
469,110,201001
469,477,201001
469,476,201001
469,424,201001
469,506,201001
470,472,201001
470,573,201001
470,475,201001
470,225,201001
470,471,201001
470,196,201001
471,196,201001
471,110,201001
471,378,201001
471,475,201001
471,472,201001
471,470,201001
471,225,201001
471,489,201001
472,196,201001
472,225,201001
472,470,201001
472,471,201001
472,377,201001
473,186,201001
473,559,201001
473,556,201001
473,474,201001
474,825,201001
474,651,201001
474,110,201001
474,650,201001
474,922,201001
474,1019,201001
474,665,201001
474,558,201001
474,559,201001
474,630,201001
474,997,201001
474,185,201001
474,473,201001
475,225,201001
475,471,201001
475,472,201001
475,470,201001
475,196,201001
476,477,201001
476,352,201001
476,196,201001
476,110,201001
476,532,201001
476,506,201001
476,469,201001
476,448,201001
476,424,201001
477,196,201001
477,110,201001
477,476,201001
477,352,201001
477,532,201001
477,424,201001
478,506,201001
478,448,201001
478,425,201001
478,424,201001
478,196,201001
479,196,201001
480,136,201001
482,83,201001
482,14,201001
482,97,201001
482,782,201001
483,85,201001
483,740,201001
483,346,201001
483,1169,201001
483,137,201001
484,579,201001
484,626,201001
484,678,201001
484,694,201001
484,621,201001
484,623,201001
484,352,201001
485,148,201001
486,278,201001
487,10,201001
489,412,201001
489,196,201001
489,447,201001
489,471,201001
489,378,201001
490,72,201001
490,148,201001
490,133,201001
490,27,201001
492,136,201001
493,28,201001
493,37,201001
493,17,201001
495,39,201001
495,342,201001
495,390,201001
495,97,201001
495,137,201001
495,25,201001
496,23,201001
496,914,201001
496,9,201001
497,35,201001
497,97,201001
498,351,201001
501,143,201001
501,132,201001
501,107,201001
501,20,201001
501,23,201001
502,728,201001
502,12,201001
502,221,201001
502,136,201001
503,97,201001
503,31,201001
504,681,201001
504,196,201001
504,366,201001
505,262,201001
506,478,201001
506,424,201001
506,476,201001
506,469,201001
506,196,201001
506,425,201001
509,717,201001
509,495,201001
510,137,201001
510,108,201001
510,97,201001
510,31,201001
510,65,201001
510,460,201001
510,544,201001
510,900,201001
510,160,201001
511,35,201001
512,160,201001
512,101,201001
512,152,201001
512,80,201001
512,143,201001
512,455,201001
515,1313,201001
515,17,201001
516,196,201001
517,27,201001
519,23,201001
521,160,201001
522,154,201001
523,381,201001
523,1022,201001
523,1086,201001
523,16,201001
525,726,201001
525,716,201001
525,110,201001
525,585,201001
525,584,201001
525,683,201001
525,582,201001
525,1239,201001
525,932,201001
525,1089,201001
525,847,201001
525,839,201001
525,961,201001
525,1030,201001
525,962,201001
525,1087,201001
525,627,201001
526,196,201001
526,110,201001
527,351,201001
527,231,201001
527,599,201001
527,604,201001
527,465,201001
527,576,201001
527,575,201001
527,232,201001
527,226,201001
527,586,201001
527,601,201001
527,319,201001
527,644,201001
528,196,201001
529,189,201001
530,178,201001
530,1,201001
530,45,201001
530,31,201001
530,65,201001
530,900,201001
530,175,201001
530,310,201001
530,98,201001
530,39,201001
530,121,201001
532,110,201001
532,225,201001
532,678,201001
532,625,201001
532,626,201001
532,477,201001
532,352,201001
532,565,201001
532,424,201001
532,196,201001
532,476,201001
532,622,201001
532,351,201001
532,621,201001
532,623,201001
534,54,201001
534,125,201001
534,115,201001
534,9,201001
534,1170,201001
534,333,201001
534,101,201001
534,19,201001
536,299,201001
536,23,201001
537,588,201001
537,136,201001
540,453,201001
540,97,201001
542,152,201001
542,359,201001
543,160,201001
543,97,201001
544,118,201001
544,333,201001
544,900,201001
544,40,201001
544,310,201001
544,72,201001
544,782,201001
544,73,201001
544,16,201001
544,287,201001
544,31,201001
544,192,201001
544,126,201001
544,101,201001
544,99,201001
544,64,201001
544,341,201001
544,181,201001
544,165,201001
544,85,201001
544,510,201001
544,28,201001
544,146,201001
544,23,201001
544,135,201001
544,97,201001
544,32,201001
544,6,201001
544,26,201001
544,18,201001
544,10,201001
544,266,201001
544,17,201001
544,136,201001
544,29,201001
544,46,201001
544,160,201001
544,25,201001
544,137,201001
545,197,201001
545,491,201001
545,546,201001
545,32,201001
546,181,201001
546,270,201001
546,545,201001
546,32,201001
547,196,201001
547,448,201001
548,10,201001
548,11,201001
549,449,201001
549,64,201001
551,196,201001
551,364,201001
551,366,201001
552,115,201001
552,2,201001
552,160,201001
552,29,201001
552,85,201001
552,97,201001
552,25,201001
552,490,201001
552,72,201001
552,17,201001
552,34,201001
552,5,201001
554,351,201001
554,110,201001
554,587,201001
554,226,201001
555,186,201001
556,186,201001
556,473,201001
558,186,201001
558,560,201001
558,474,201001
558,630,201001
558,185,201001
559,474,201001
559,473,201001
559,186,201001
560,561,201001
560,558,201001
560,257,201001
560,232,201001
560,186,201001
561,257,201001
561,560,201001
561,186,201001
562,563,201001
563,674,201001
563,569,201001
563,570,201001
563,567,201001
563,618,201001
563,615,201001
563,688,201001
563,568,201001
563,610,201001
563,734,201001
563,562,201001
563,614,201001
563,612,201001
563,680,201001
563,616,201001
563,617,201001
563,611,201001
563,1150,201001
563,566,201001
563,610,201001
563,616,201001
563,612,201001
564,694,201001
564,565,201001
564,352,201001
565,694,201001
565,352,201001
565,564,201001
565,532,201001
565,573,201001
565,579,201001
565,622,201001
566,569,201001
566,563,201001
567,563,201001
568,563,201001
569,563,201001
569,566,201001
570,563,201001
571,232,201001
572,589,201001
572,351,201001
572,226,201001
572,590,201001
572,574,201001
572,573,201001
572,606,201001
573,586,201001
573,589,201001
573,572,201001
573,351,201001
573,226,201001
573,574,201001
573,590,201001
574,572,201001
574,589,201001
574,590,201001
574,226,201001
574,660,201001
574,573,201001
574,351,201001
575,603,201001
575,576,201001
575,639,201001
575,232,201001
575,527,201001
575,319,201001
575,465,201001
575,226,201001
575,643,201001
575,601,201001
575,231,201001
575,599,201001
575,644,201001
576,231,201001
576,599,201001
576,319,201001
576,575,201001
576,527,201001
576,232,201001
576,252,201001
576,465,201001
578,196,201001
579,196,201001
579,352,201001
579,351,201001
579,678,201001
579,484,201001
579,626,201001
579,565,201001
579,621,201001
579,532,201001
579,694,201001
582,525,201001
584,525,201001
585,525,201001
586,465,201001
586,604,201001
586,225,201001
586,351,201001
586,573,201001
586,232,201001
586,572,201001
586,527,201001
586,226,201001
586,679,201001
587,554,201001
587,351,201001
587,110,201001
588,834,201001
588,133,201001
588,34,201001
588,537,201001
588,27,201001
588,346,201001
588,136,201001
589,226,201001
589,574,201001
589,573,201001
589,590,201001
589,604,201001
589,110,201001
589,660,201001
589,572,201001
589,351,201001
590,226,201001
590,573,201001
590,589,201001
590,572,201001
590,574,201001
590,351,201001
591,232,201001
591,259,201001
591,255,201001
591,700,201001
591,257,201001
592,593,201001
592,109,201001
593,109,201001
593,592,201001
594,230,201001
594,639,201001
594,232,201001
594,596,201001
594,636,201001
594,640,201001
594,229,201001
596,230,201001
596,636,201001
596,225,201001
596,594,201001
597,232,201001
597,624,201001
597,263,201001
597,670,201001
597,601,201001
597,664,201001
597,231,201001
597,260,201001
597,257,201001
598,351,201001
598,232,201001
599,644,201001
599,603,201001
599,231,201001
599,257,201001
599,319,201001
599,838,201001
599,465,201001
599,643,201001
599,605,201001
599,232,201001
599,575,201001
599,352,201001
599,351,201001
600,232,201001
600,601,201001
600,639,201001
600,642,201001
600,602,201001
600,230,201001
600,253,201001
601,232,201001
601,597,201001
601,260,201001
601,664,201001
601,258,201001
601,257,201001
601,263,201001
601,256,201001
601,575,201001
601,527,201001
601,602,201001
601,643,201001
602,658,201001
602,670,201001
602,664,201001
602,258,201001
602,624,201001
602,659,201001
602,263,201001
602,232,201001
602,257,201001
602,273,201001
602,239,201001
602,259,201001
602,601,201001
603,232,201001
603,319,201001
603,599,201001
603,230,201001
603,639,201001
603,575,201001
603,643,201001
603,231,201001
604,465,201001
604,231,201001
604,643,201001
604,225,201001
604,226,201001
604,573,201001
604,527,201001
604,572,201001
604,351,201001
605,644,201001
605,599,201001
605,465,201001
605,232,201001
605,231,201001
605,257,201001
606,607,201001
606,660,201001
606,679,201001
606,351,201001
607,606,201001
607,226,201001
607,351,201001
610,563,201001
610,427,201001
611,563,201001
612,427,201001
612,563,201001
614,570,201001
614,563,201001
614,948,201001
614,427,201001
616,563,201001
616,427,201001
617,563,201001
618,563,201001
620,186,201001
621,196,201001
621,678,201001
621,579,201001
621,626,201001
621,625,201001
621,484,201001
621,352,201001
621,694,201001
621,448,201001
621,679,201001
621,532,201001
622,352,201001
622,694,201001
622,623,201001
622,532,201001
622,565,201001
623,352,201001
623,694,201001
623,579,201001
623,622,201001
623,484,201001
623,532,201001
624,602,201001
624,232,201001
624,670,201001
624,597,201001
624,658,201001
624,257,201001
624,231,201001
624,664,201001
624,601,201001
625,579,201001
625,621,201001
625,678,201001
625,484,201001
625,694,201001
625,626,201001
625,352,201001
626,625,201001
626,352,201001
626,621,201001
626,678,201001
626,579,201001
626,694,201001
626,484,201001
627,236,201001
627,110,201001
627,1263,201001
627,649,201001
627,648,201001
627,1891,201001
627,196,201001
627,646,201001
628,109,201001
629,109,201001
630,922,201001
630,110,201001
630,558,201001
630,997,201001
630,474,201001
630,185,201001
631,110,201001
632,110,201001
633,110,201001
633,127,201001
633,305,201001
633,4,201001
633,109,201001
634,230,201001
634,635,201001
634,642,201001
634,232,201001
635,638,201001
635,232,201001
635,634,201001
635,230,201001
636,596,201001
636,594,201001
636,640,201001
636,229,201001
636,230,201001
638,230,201001
639,230,201001
639,232,201001
639,640,201001
639,594,201001
639,527,201001
639,575,201001
639,603,201001
639,643,201001
639,600,201001
640,196,201001
640,636,201001
640,594,201001
640,229,201001
640,824,201001
640,230,201001
641,230,201001
642,230,201001
642,635,201001
643,232,201001
643,319,201001
643,604,201001
643,599,201001
643,231,201001
643,575,201001
643,252,201001
643,639,201001
643,603,201001
643,601,201001
643,644,201001
644,232,201001
644,605,201001
644,599,201001
644,576,201001
644,239,201001
644,465,201001
644,643,201001
644,319,201001
644,527,201001
644,231,201001
644,575,201001
645,457,201001
646,649,201001
646,648,201001
646,627,201001
647,841,201001
647,1002,201001
647,765,201001
647,196,201001
647,719,201001
648,649,201001
648,627,201001
648,646,201001
649,646,201001
649,648,201001
649,627,201001
650,630,201001
650,474,201001
650,651,201001
650,110,201001
651,110,201001
651,474,201001
652,294,201001
652,29,201001
652,64,201001
652,35,201001
652,16,201001
652,1210,201001
656,698,201001
656,200,201001
656,937,201001
656,185,201001
657,697,201001
657,937,201001
657,200,201001
657,185,201001
658,670,201001
658,602,201001
658,664,201001
658,597,201001
658,231,201001
658,232,201001
658,258,201001
658,257,201001
659,273,201001
659,597,201001
659,232,201001
659,260,201001
660,679,201001
660,351,201001
660,607,201001
660,606,201001
660,590,201001
660,572,201001
660,589,201001
660,604,201001
660,586,201001
660,554,201001
660,574,201001
660,587,201001
660,226,201001
660,573,201001
661,605,201001
661,232,201001
661,664,201001
661,257,201001
663,229,201001
663,824,201001
664,232,201001
664,597,201001
664,658,201001
664,661,201001
664,231,201001
664,257,201001
664,624,201001
664,258,201001
664,670,201001
665,651,201001
665,185,201001
665,922,201001
665,630,201001
665,474,201001
666,294,201001
666,88,201001
667,383,201001
667,857,201001
667,196,201001
669,229,201001
670,232,201001
670,257,201001
670,658,201001
670,231,201001
670,624,201001
670,602,201001
670,597,201001
670,664,201001
671,137,201001
674,563,201001
675,35,201001
675,59,201001
676,677,201001
676,109,201001
677,676,201001
677,109,201001
678,352,201001
678,579,201001
678,484,201001
678,621,201001
678,694,201001
678,196,201001
678,626,201001
679,351,201001
679,352,201001
679,607,201001
679,226,201001
679,606,201001
679,660,201001
679,621,201001
679,586,201001
681,196,201001
683,525,201001
684,110,201001
684,830,201001
693,351,201001
693,352,201001
694,110,201001
694,678,201001
694,352,201001
694,564,201001
694,484,201001
694,625,201001
694,565,201001
694,623,201001
694,626,201001
694,621,201001
694,579,201001
694,622,201001
696,190,201001
697,657,201001
697,185,201001
697,656,201001
697,937,201001
698,656,201001
698,926,201001
698,200,201001
698,185,201001
700,255,201001
700,591,201001
700,257,201001
700,232,201001
703,730,201001
703,64,201001
705,196,201001
706,136,201001
710,35,201001
717,509,201001
719,647,201001
722,373,201001
722,102,201001
722,6,201001
722,66,201001
722,29,201001
722,143,201001
722,9,201001
722,64,201001
723,109,201001
724,109,201001
726,525,201001
728,12,201001
728,502,201001
728,136,201001
728,10,201001
728,1227,201001
729,109,201001
730,703,201001
730,64,201001
731,9,201001
731,27,201001
731,85,201001
731,336,201001
731,333,201001
734,563,201001
736,745,201001
736,832,201001
736,21,201001
736,761,201001
736,20,201001
737,18,201001
738,123,201001
738,234,201001
738,436,201001
738,122,201001
738,762,201001
738,982,201001
738,136,201001
739,1303,201001
739,140,201001
739,64,201001
739,338,201001
739,178,201001
739,120,201001
739,219,201001
739,41,201001
739,14,201001
739,35,201001
739,354,201001
739,6,201001
739,60,201001
739,142,201001
739,83,201001
739,18,201001
739,17,201001
739,77,201001
740,85,201001
740,483,201001
741,295,201001
741,795,201001
741,4,201001
741,51,201001
741,20,201001
744,19,201001
744,99,201001
744,46,201001
745,21,201001
745,755,201001
747,748,201001
747,1422,201001
747,1424,201001
747,1421,201001
747,222,201001
747,247,201001
748,747,201001
748,222,201001
748,1421,201001
748,247,201001
749,348,201001
750,107,201001
750,210,201001
750,1345,201001
751,136,201001
752,242,201001
752,18,201001
752,968,201001
752,336,201001
752,333,201001
752,85,201001
752,314,201001
752,136,201001
752,27,201001
752,137,201001
753,84,201001
753,754,201001
753,136,201001
753,30,201001
754,753,201001
754,136,201001
754,30,201001
755,21,201001
756,96,201001
757,96,201001
758,444,201001
760,351,201001
761,21,201001
761,736,201001
761,866,201001
761,4,201001
761,17,201001
761,20,201001
762,234,201001
762,738,201001
762,166,201001
762,783,201001
762,136,201001
764,23,201001
765,647,201001
766,13,201001
767,502,201001
768,769,201001
768,48,201001
769,48,201001
769,113,201001
769,180,201001
769,12,201001
769,97,201001
769,139,201001
769,60,201001
769,108,201001
769,46,201001
769,35,201001
770,89,201001
770,323,201001
770,1408,201001
770,7,201001
772,60,201001
775,166,201001
775,30,201001
775,67,201001
775,136,201001
776,30,201001
777,96,201001
777,299,201001
778,89,201001
781,10,201001
781,11,201001
782,510,201001
782,101,201001
782,65,201001
782,135,201001
782,544,201001
782,444,201001
782,19,201001
782,482,201001
783,84,201001
783,754,201001
783,762,201001
783,166,201001
783,30,201001
783,136,201001
784,1,201001
785,6,201001
786,917,201001
786,898,201001
786,110,201001
791,2232,201001
794,110,201001
794,425,201001
795,184,201001
795,33,201001
796,998,201001
797,97,201001
797,46,201001
799,14,201001
799,46,201001
799,19,201001
801,1794,201001
801,756,201001
801,165,201001
801,96,201001
804,407,201001
804,166,201001
804,415,201001
804,136,201001
805,352,201001
806,69,201001
806,49,201001
807,69,201001
808,110,201001
813,76,201001
813,13,201001
813,143,201001
813,97,201001
813,46,201001
814,422,201001
814,54,201001
814,175,201001
814,440,201001
814,18,201001
814,32,201001
815,6,201001
815,126,201001
815,180,201001
815,1250,201001
815,320,201001
815,13,201001
815,375,201001
815,266,201001
815,48,201001
817,5,201001
817,23,201001
818,110,201001
819,5,201001
819,51,201001
819,10,201001
819,4,201001
819,17,201001
824,663,201001
824,229,201001
825,474,201001
825,630,201001
826,998,201001
826,210,201001
828,7,201001
830,110,201001
832,866,201001
832,21,201001
832,20,201001
834,27,201001
834,136,201001
836,154,201001
839,525,201001
840,109,201001
841,110,201001
841,647,201001
842,295,201001
842,51,201001
843,4,201001
843,247,201001
847,525,201001
847,961,201001
851,525,201001
857,667,201001
860,72,201001
860,341,201001
860,45,201001
860,355,201001
860,269,201001
860,9,201001
860,34,201001
860,46,201001
860,137,201001
860,19,201001
860,97,201001
860,13,201001
860,60,201001
860,26,201001
862,12,201001
862,728,201001
862,502,201001
862,136,201001
863,906,201001
863,23,201001
863,10,201001
863,17,201001
864,109,201001
866,21,201001
866,761,201001
866,4,201001
866,17,201001
866,20,201001
867,235,201001
871,136,201001
871,65,201001
871,160,201001
874,133,201001
878,891,201001
878,68,201001
878,30,201001
878,136,201001
885,160,201001
886,110,201001
888,97,201001
888,31,201001
888,266,201001
889,180,201001
891,878,201001
891,359,201001
891,136,201001
896,13,201001
897,190,201001
897,201,201001
898,786,201001
899,180,201001
900,101,201001
900,143,201001
900,16,201001
900,31,201001
900,73,201001
900,65,201001
900,510,201001
900,530,201001
900,97,201001
906,23,201001
906,160,201001
906,85,201001
906,165,201001
906,96,201001
906,17,201001
906,20,201001
906,1,201001
908,909,201001
908,265,201001
908,18,201001
909,265,201001
909,908,201001
909,18,201001
913,109,201001
914,8,201001
914,1107,201001
914,496,201001
917,786,201001
917,196,201001
920,190,201001
922,185,201001
922,997,201001
922,630,201001
922,186,201001
925,229,201001
926,185,201001
931,419,201001
931,1,201001
931,444,201001
935,97,201001
937,656,201001
937,200,201001
937,697,201001
937,657,201001
937,185,201001
941,998,201001
941,299,201001
941,210,201001
941,136,201001
941,1,201001
947,698,201001
947,185,201001
948,614,201001
948,127,201001
950,22,201001
950,17,201001
950,137,201001
961,525,201001
961,847,201001
962,525,201001
968,752,201001
968,136,201001
969,136,201001
969,346,201001
969,10,201001
973,806,201001
979,1422,201001
979,1424,201001
981,221,201001
981,136,201001
982,738,201001
982,136,201001
995,13,201001
996,1118,201001
996,13,201001
997,665,201001
997,185,201001
997,922,201001
997,110,201001
997,630,201001
997,474,201001
998,941,201001
998,2216,201001
998,826,201001
998,210,201001
1002,647,201001
1015,136,201001
1016,186,201001
1016,185,201001
1017,160,201001
1018,188,201001
1019,474,201001
1020,14,201001
1020,266,201001
1022,523,201001
1022,16,201001
1028,196,201001
1030,1087,201001
1030,525,201001
1044,45,201001
1044,207,201001
1052,97,201001
1056,110,201001
1056,235,201001
1057,941,201001
1065,16,201001
1070,4,201001
1079,245,201001
1086,381,201001
1086,16,201001
1087,1030,201001
1087,1239,201001
1087,525,201001
1088,54,201001
1089,525,201001
1090,878,201001
1090,136,201001
1090,30,201001
1099,165,201001
1103,7,201001
1115,931,201001
1115,85,201001
1118,996,201001
1118,13,201001
1129,173,201001
1129,357,201001
1129,129,201001
1130,1193,201001
1130,41,201001
1130,297,201001
1134,110,201001
1134,196,201001
1139,136,201001
1147,72,201001
1147,31,201001
1147,139,201001
1147,146,201001
1147,24,201001
1147,181,201001
1147,288,201001
1147,41,201001
1147,278,201001
1147,97,201001
1147,85,201001
1147,36,201001
1147,83,201001
1147,19,201001
1147,163,201001
1147,384,201001
1147,40,201001
1147,137,201001
1147,100,201001
1147,6,201001
1147,154,201001
1147,135,201001
1147,224,201001
1147,82,201001
1147,2,201001
1147,43,201001
1147,25,201001
1147,175,201001
1147,158,201001
1147,106,201001
1147,138,201001
1147,134,201001
1147,32,201001
1147,62,201001
1147,143,201001
1147,140,201001
1147,79,201001
1147,77,201001
1147,104,201001
1147,265,201001
1147,46,201001
1147,375,201001
1147,141,201001
1147,266,201001
1147,57,201001
1147,101,201001
1147,174,201001
1147,76,201001
1147,39,201001
1147,237,201001
1147,94,201001
1150,563,201001
1169,47,201001
1169,44,201001
1169,18,201001
1169,111,201001
1169,220,201001
1169,221,201001
1169,125,201001
1169,234,201001
1169,93,201001
1169,69,201001
1169,74,201001
1169,92,201001
1169,85,201001
1169,165,201001
1169,50,201001
1169,149,201001
1169,147,201001
1169,483,201001
1169,238,201001
1169,233,201001
1169,265,201001
1169,145,201001
1169,51,201001
1169,4,201001
1169,2,201001
1169,222,201001
1170,534,201001
1172,107,201001
1180,54,201001
1183,190,201001
1190,137,201001
1191,35,201001
1191,97,201001
1191,160,201001
1193,1130,201001
1194,66,201001
1194,82,201001
1196,842,201001
1196,51,201001
1205,430,201001
1205,54,201001
1209,38,201001
1210,652,201001
1227,542,201001
1227,1295,201001
1227,132,201001
1227,183,201001
1227,184,201001
1227,214,201001
1227,34,201001
1227,234,201001
1227,181,201001
1227,177,201001
1227,30,201001
1227,104,201001
1227,728,201001
1227,164,201001
1227,111,201001
1227,159,201001
1227,138,201001
1227,33,201001
1227,84,201001
1227,122,201001
1227,265,201001
1227,15,201001
1227,222,201001
1227,61,201001
1236,446,201001
1236,1,201001
1236,1615,201001
1239,525,201001
1250,35,201001
1250,178,201001
1250,170,201001
1250,815,201001
1250,334,201001
1250,266,201001
1250,52,201001
1250,138,201001
1250,79,201001
1250,434,201001
1250,175,201001
1250,171,201001
1250,267,201001
1250,57,201001
1250,101,201001
1258,60,201001
1258,97,201001
1259,1286,201001
1261,1262,201001
1263,627,201001
1265,133,201001
1265,223,201001
1265,5,201001
1268,232,201001
1269,96,201001
1274,10,201001
1278,10,201001
1284,101,201001
1284,52,201001
1284,143,201001
1284,120,201001
1286,1259,201001
1291,160,201001
1292,97,201001
1292,188,201001
1292,137,201001
1295,1227,201001
1299,175,201001
1303,341,201001
1313,515,201001
1313,35,201001
1313,64,201001
1319,51,201001
1324,1424,201001
1335,133,201001
1345,750,201001
1355,1,201001
1363,64,201001
1381,235,201001
1399,208,201001
1403,294,201001
1408,7,201001
1408,770,201001
1408,89,201001
1417,13,201001
1421,748,201001
1421,747,201001
1422,1439,201001
1422,1450,201001
1422,747,201001
1424,1450,201001
1424,747,201001
1424,1422,201001
1424,1324,201001
1424,979,201001
1424,1439,201001
1428,525,201001
1439,1424,201001
1439,1422,201001
1450,1422,201001
1450,1424,201001
1456,1611,201001
1477,133,201001
1482,154,201001
1482,27,201001
1567,208,201001
1580,154,201001
1611,5,201001
1649,931,201001
1649,4,201001
1649,107,201001
1649,51,201001
1649,112,201001
1649,17,201001
1674,297,201001
1674,349,201001
1736,208,201001
1766,490,201001
1794,756,201001
1794,801,201001
1794,96,201001
1815,1904,201001
1891,649,201001
1891,627,201001
1904,1815,201001
1915,208,201001
1935,444,201001
2216,998,201001
2232,125,201001
2246,10,201001
