i,j,t
0,419,200403
0,143,200403
0,433,200403
0,85,200403
0,137,200403
0,160,200403
0,521,200403
0,339,200403
0,159,200403
0,65,200403
0,77,200403
0,157,200403
0,31,200403
0,83,200403
0,72,200403
0,23,200403
0,97,200403
0,188,200403
0,118,200403
0,142,200403
0,100,200403
0,180,200403
0,29,200403
0,28,200403
0,4,200403
0,1,200403
0,6,200403
0,78,200403
0,107,200403
0,21,200403
0,102,200403
0,110,200403
0,9,200403
0,16,200403
0,2,200403
0,17,200403
0,10,200403
0,154,200403
0,247,200403
0,5,200403
0,52,200403
0,120,200403
0,60,200403
0,35,200403
0,115,200403
0,74,200403
0,59,200403
0,136,200403
0,14,200403
0,40,200403
0,51,200403
0,27,200403
0,13,200403
0,38,200403
0,32,200403
0,176,200403
0,18,200403
0,54,200403
0,116,200403
0,113,200403
0,99,200403
0,53,200403
0,393,200403
0,132,200403
0,122,200403
0,119,200403
0,20,200403
0,15,200403
0,165,200403
0,112,200403
0,124,200403
0,131,200403
0,26,200403
0,19,200403
0,25,200403
0,197,200403
0,36,200403
0,96,200403
0,146,200403
0,64,200403
0,135,200403
0,48,200403
0,80,200403
0,108,200403
0,46,200403
0,274,200403
0,92,200403
1,209,200403
1,60,200403
1,23,200403
1,27,200403
1,99,200403
1,10,200403
1,37,200403
1,6,200403
1,11,200403
1,24,200403
1,175,200403
1,5,200403
1,534,200403
1,132,200403
1,77,200403
1,96,200403
1,51,200403
1,146,200403
1,143,200403
1,13,200403
1,35,200403
1,40,200403
1,150,200403
1,154,200403
1,375,200403
1,137,200403
1,433,200403
1,28,200403
1,22,200403
1,165,200403
1,62,200403
1,112,200403
1,160,200403
1,17,200403
1,784,200403
1,4,200403
1,20,200403
1,18,200403
1,129,200403
1,250,200403
1,268,200403
1,97,200403
1,345,200403
1,0,200403
1,139,200403
1,108,200403
1,750,200403
1,184,200403
1,36,200403
1,136,200403
1,26,200403
1,135,200403
1,64,200403
1,1088,200403
1,2,200403
1,133,200403
1,52,200403
1,274,200403
1,333,200403
1,299,200403
1,92,200403
1,14,200403
1,48,200403
1,85,200403
1,9,200403
1,31,200403
1,155,200403
1,213,200403
1,1355,200403
1,530,200403
1,248,200403
1,211,200403
1,126,200403
1,34,200403
1,69,200403
1,189,200403
1,941,200403
1,536,200403
1,183,200403
1,102,200403
1,16,200403
1,376,200403
1,12,200403
1,395,200403
1,303,200403
1,116,200403
1,19,200403
1,157,200403
1,89,200403
1,115,200403
1,7,200403
1,100,200403
1,33,200403
1,113,200403
1,53,200403
1,25,200403
1,121,200403
1,130,200403
1,80,200403
1,261,200403
1,906,200403
1,30,200403
1,70,200403
1,119,200403
1,124,200403
1,81,200403
1,54,200403
1,142,200403
1,59,200403
1,83,200403
1,32,200403
1,107,200403
1,72,200403
1,46,200403
1,21,200403
1,29,200403
2,339,200403
2,143,200403
2,282,200403
2,160,200403
2,165,200403
2,137,200403
2,154,200403
2,433,200403
2,25,200403
2,39,200403
2,136,200403
2,108,200403
2,97,200403
2,552,200403
2,9,200403
2,66,200403
2,85,200403
2,93,200403
2,483,200403
2,59,200403
2,36,200403
2,23,200403
2,211,200403
2,13,200403
2,139,200403
2,341,200403
2,72,200403
2,18,200403
2,153,200403
2,46,200403
2,0,200403
2,181,200403
2,120,200403
2,906,200403
2,1,200403
2,21,200403
2,17,200403
2,51,200403
2,81,200403
2,20,200403
2,183,200403
2,157,200403
2,22,200403
2,96,200403
2,274,200403
2,6,200403
2,4,200403
2,26,200403
2,60,200403
2,102,200403
2,107,200403
2,53,200403
2,266,200403
2,12,200403
2,52,200403
2,32,200403
2,27,200403
2,35,200403
2,113,200403
2,99,200403
2,149,200403
2,28,200403
2,346,200403
2,142,200403
2,116,200403
2,5,200403
2,48,200403
2,54,200403
2,135,200403
2,124,200403
2,10,200403
2,146,200403
2,16,200403
2,31,200403
2,14,200403
2,29,200403
2,92,200403
3,311,200403
3,807,200403
3,69,200403
3,223,200403
3,4,200403
4,427,200403
4,160,200403
4,127,200403
4,40,200403
4,51,200403
4,29,200403
4,35,200403
4,6,200403
4,136,200403
4,137,200403
4,97,200403
4,112,200403
4,19,200403
4,60,200403
4,843,200403
4,175,200403
4,17,200403
4,12,200403
4,46,200403
4,13,200403
4,18,200403
4,154,200403
4,109,200403
4,110,200403
4,159,200403
4,26,200403
4,810,200403
4,48,200403
4,10,200403
4,5,200403
4,20,200403
4,1,200403
4,139,200403
4,99,200403
4,577,200403
4,62,200403
4,222,200403
4,146,200403
4,36,200403
4,84,200403
4,85,200403
4,0,200403
4,108,200403
4,124,200403
4,32,200403
4,69,200403
4,107,200403
4,149,200403
4,25,200403
4,98,200403
4,83,200403
4,81,200403
4,2,200403
4,80,200403
4,77,200403
4,305,200403
4,275,200403
4,129,200403
4,248,200403
4,28,200403
4,633,200403
4,119,200403
4,59,200403
4,128,200403
4,31,200403
4,22,200403
4,14,200403
4,866,200403
4,306,200403
4,3,200403
4,165,200403
4,761,200403
4,49,200403
4,238,200403
4,228,200403
4,346,200403
4,92,200403
4,88,200403
4,177,200403
4,105,200403
4,268,200403
4,11,200403
4,301,200403
4,23,200403
4,317,200403
4,184,200403
4,189,200403
4,300,200403
4,150,200403
4,223,200403
4,27,200403
4,16,200403
4,89,200403
4,86,200403
4,30,200403
4,164,200403
4,96,200403
4,311,200403
4,214,200403
4,33,200403
4,50,200403
4,64,200403
4,121,200403
4,183,200403
4,135,200403
4,7,200403
4,21,200403
4,196,200403
4,133,200403
4,213,200403
4,113,200403
5,28,200403
5,138,200403
5,18,200403
5,17,200403
5,4,200403
5,19,200403
5,110,200403
5,89,200403
5,1,200403
5,23,200403
5,93,200403
5,6,200403
5,150,200403
5,69,200403
5,433,200403
5,129,200403
5,143,200403
5,77,200403
5,112,200403
5,1121,200403
5,51,200403
5,261,200403
5,817,200403
5,39,200403
5,764,200403
5,84,200403
5,11,200403
5,107,200403
5,53,200403
5,552,200403
5,137,200403
5,20,200403
5,136,200403
5,29,200403
5,10,200403
5,160,200403
5,25,200403
5,46,200403
5,180,200403
5,21,200403
5,248,200403
5,32,200403
5,14,200403
5,354,200403
5,2,200403
5,135,200403
5,132,200403
5,213,200403
5,85,200403
5,52,200403
5,102,200403
5,35,200403
5,26,200403
5,72,200403
5,227,200403
5,155,200403
5,165,200403
5,12,200403
5,90,200403
5,13,200403
5,64,200403
5,83,200403
5,9,200403
5,108,200403
5,81,200403
5,48,200403
5,149,200403
5,124,200403
5,16,200403
5,80,200403
5,154,200403
5,268,200403
5,22,200403
5,92,200403
5,7,200403
5,8,200403
5,183,200403
5,0,200403
5,31,200403
5,27,200403
5,96,200403
5,113,200403
5,97,200403
5,121,200403
5,59,200403
5,133,200403
6,17,200403
6,32,200403
6,29,200403
6,38,200403
6,155,200403
6,146,200403
6,89,200403
6,120,200403
6,10,200403
6,64,200403
6,434,200403
6,59,200403
6,126,200403
6,13,200403
6,142,200403
6,35,200403
6,14,200403
6,40,200403
6,176,200403
6,160,200403
6,180,200403
6,387,200403
6,18,200403
6,102,200403
6,742,200403
6,0,200403
6,182,200403
6,433,200403
6,79,200403
6,137,200403
6,48,200403
6,132,200403
6,5,200403
6,175,200403
6,52,200403
6,60,200403
6,1,200403
6,138,200403
6,7,200403
6,322,200403
6,25,200403
6,62,200403
6,110,200403
6,129,200403
6,136,200403
6,19,200403
6,77,200403
6,4,200403
6,143,200403
6,16,200403
6,124,200403
6,213,200403
6,145,200403
6,242,200403
6,76,200403
6,144,200403
6,21,200403
6,125,200403
6,20,200403
6,28,200403
6,139,200403
6,135,200403
6,97,200403
6,54,200403
6,165,200403
6,341,200403
6,140,200403
6,739,200403
6,31,200403
6,27,200403
6,544,200403
6,80,200403
6,303,200403
6,181,200403
6,192,200403
6,11,200403
6,51,200403
6,45,200403
6,112,200403
6,82,200403
6,208,200403
6,113,200403
6,107,200403
6,320,200403
6,131,200403
6,12,200403
6,482,200403
6,78,200403
6,81,200403
6,731,200403
6,69,200403
6,307,200403
6,22,200403
6,371,200403
6,72,200403
6,153,200403
6,65,200403
6,58,200403
6,9,200403
6,237,200403
6,71,200403
6,39,200403
6,158,200403
6,100,200403
6,154,200403
6,101,200403
6,375,200403
6,57,200403
6,2,200403
6,24,200403
6,83,200403
6,172,200403
6,194,200403
6,134,200403
6,85,200403
6,99,200403
6,55,200403
6,117,200403
6,46,200403
6,94,200403
6,108,200403
6,36,200403
7,77,200403
7,90,200403
7,89,200403
7,8,200403
7,23,200403
7,28,200403
7,778,200403
7,828,200403
7,1103,200403
7,6,200403
7,196,200403
7,183,200403
7,69,200403
7,135,200403
7,10,200403
7,770,200403
7,1,200403
7,5,200403
7,21,200403
7,133,200403
7,110,200403
7,97,200403
7,113,200403
7,243,200403
7,112,200403
7,17,200403
7,25,200403
7,51,200403
7,20,200403
7,29,200403
7,4,200403
7,137,200403
8,23,200403
8,90,200403
8,89,200403
8,7,200403
8,17,200403
8,136,200403
8,243,200403
8,113,200403
8,5,200403
8,20,200403
9,72,200403
9,143,200403
9,314,200403
9,34,200403
9,433,200403
9,160,200403
9,113,200403
9,77,200403
9,165,200403
9,10,200403
9,181,200403
9,22,200403
9,40,200403
9,129,200403
9,29,200403
9,336,200403
9,159,200403
9,24,200403
9,32,200403
9,0,200403
9,2,200403
9,1,200403
9,26,200403
9,11,200403
9,99,200403
9,20,200403
9,31,200403
9,19,200403
9,248,200403
9,419,200403
9,101,200403
9,81,200403
9,176,200403
9,4,200403
9,108,200403
9,97,200403
9,1065,200403
9,21,200403
9,25,200403
9,96,200403
9,17,200403
9,23,200403
9,60,200403
9,37,200403
9,457,200403
9,85,200403
9,135,200403
9,6,200403
9,266,200403
9,136,200403
9,137,200403
9,154,200403
9,18,200403
9,146,200403
9,92,200403
9,27,200403
9,274,200403
10,5,200403
10,17,200403
10,35,200403
10,20,200403
10,781,200403
10,72,200403
10,46,200403
10,34,200403
10,314,200403
10,160,200403
10,433,200403
10,19,200403
10,23,200403
10,11,200403
10,53,200403
10,18,200403
10,48,200403
10,121,200403
10,143,200403
10,26,200403
10,548,200403
10,40,200403
10,96,200403
10,99,200403
10,4,200403
10,1,200403
10,60,200403
10,148,200403
10,154,200403
10,9,200403
10,1131,200403
10,103,200403
10,159,200403
10,77,200403
10,731,200403
10,189,200403
10,85,200403
10,0,200403
10,61,200403
10,36,200403
10,139,200403
10,188,200403
10,6,200403
10,14,200403
10,169,200403
10,54,200403
10,107,200403
10,102,200403
10,137,200403
10,22,200403
10,144,200403
10,51,200403
10,13,200403
10,193,200403
10,52,200403
10,161,200403
10,108,200403
10,178,200403
10,804,200403
10,196,200403
10,150,200403
10,25,200403
10,124,200403
10,457,200403
10,44,200403
10,97,200403
10,265,200403
10,122,200403
10,74,200403
10,145,200403
10,33,200403
10,27,200403
10,100,200403
10,233,200403
10,110,200403
10,29,200403
10,113,200403
10,30,200403
10,142,200403
10,2,200403
10,7,200403
10,195,200403
10,133,200403
10,93,200403
10,126,200403
10,69,200403
10,119,200403
10,16,200403
10,165,200403
10,175,200403
10,15,200403
10,197,200403
10,89,200403
10,213,200403
10,132,200403
10,138,200403
10,32,200403
10,170,200403
10,281,200403
10,136,200403
10,64,200403
10,116,200403
10,115,200403
10,83,200403
10,59,200403
10,149,200403
10,969,200403
10,38,200403
10,375,200403
10,155,200403
10,80,200403
10,112,200403
10,180,200403
10,183,200403
10,81,200403
10,21,200403
10,31,200403
10,28,200403
10,12,200403
10,92,200403
10,146,200403
10,135,200403
11,501,200403
11,132,200403
11,227,200403
11,136,200403
11,108,200403
11,228,200403
11,23,200403
11,5,200403
11,268,200403
11,27,200403
11,17,200403
11,2,200403
11,433,200403
11,154,200403
11,160,200403
11,105,200403
11,183,200403
11,24,200403
11,146,200403
11,143,200403
11,61,200403
11,12,200403
11,21,200403
11,85,200403
11,189,200403
11,9,200403
11,906,200403
11,181,200403
11,133,200403
11,19,200403
11,51,200403
11,247,200403
11,96,200403
11,1,200403
11,233,200403
11,97,200403
11,13,200403
11,155,200403
11,81,200403
11,14,200403
11,60,200403
11,35,200403
11,10,200403
11,22,200403
11,52,200403
11,165,200403
11,46,200403
11,77,200403
11,16,200403
11,83,200403
11,28,200403
11,548,200403
11,72,200403
11,330,200403
11,18,200403
11,112,200403
11,113,200403
11,137,200403
11,4,200403
11,248,200403
11,88,200403
11,147,200403
11,92,200403
11,238,200403
11,135,200403
11,153,200403
11,69,200403
11,25,200403
11,70,200403
11,213,200403
11,107,200403
11,32,200403
11,169,200403
11,6,200403
11,20,200403
11,781,200403
11,150,200403
11,111,200403
11,121,200403
11,99,200403
11,59,200403
11,86,200403
11,84,200403
11,64,200403
11,53,200403
11,164,200403
11,223,200403
11,30,200403
11,110,200403
11,177,200403
11,89,200403
11,29,200403
12,433,200403
12,160,200403
12,269,200403
12,728,200403
12,64,200403
12,27,200403
12,314,200403
12,15,200403
12,4,200403
12,107,200403
12,502,200403
12,99,200403
12,132,200403
12,143,200403
12,176,200403
12,85,200403
12,88,200403
12,121,200403
12,208,200403
12,197,200403
12,134,200403
12,11,200403
12,122,200403
12,120,200403
12,43,200403
12,181,200403
12,5,200403
12,30,200403
12,153,200403
12,45,200403
12,142,200403
12,28,200403
12,156,200403
12,52,200403
12,6,200403
12,40,200403
12,119,200403
12,97,200403
12,21,200403
12,60,200403
12,113,200403
12,108,200403
12,83,200403
12,2,200403
12,16,200403
12,14,200403
12,19,200403
12,320,200403
12,77,200403
12,100,200403
12,17,200403
12,26,200403
12,48,200403
12,23,200403
12,92,200403
12,1,200403
12,54,200403
12,18,200403
12,32,200403
12,29,200403
12,25,200403
12,146,200403
12,154,200403
12,136,200403
12,10,200403
12,137,200403
12,135,200403
13,77,200403
13,39,200403
13,176,200403
13,143,200403
13,433,200403
13,434,200403
13,146,200403
13,26,200403
13,62,200403
13,24,200403
13,117,200403
13,294,200403
13,375,200403
13,89,200403
13,112,200403
13,19,200403
13,175,200403
13,6,200403
13,35,200403
13,59,200403
13,137,200403
13,10,200403
13,99,200403
13,40,200403
13,1,200403
13,60,200403
13,195,200403
13,136,200403
13,18,200403
13,160,200403
13,29,200403
13,100,200403
13,85,200403
13,14,200403
13,25,200403
13,17,200403
13,51,200403
13,742,200403
13,182,200403
13,81,200403
13,0,200403
13,36,200403
13,178,200403
13,896,200403
13,64,200403
13,16,200403
13,133,200403
13,139,200403
13,2250,200403
13,242,200403
13,5,200403
13,124,200403
13,96,200403
13,4,200403
13,341,200403
13,113,200403
13,38,200403
13,129,200403
13,20,200403
13,27,200403
13,31,200403
13,12,200403
13,83,200403
13,28,200403
13,94,200403
13,2,200403
13,243,200403
13,132,200403
13,142,200403
13,23,200403
13,313,200403
13,320,200403
13,78,200403
13,76,200403
13,108,200403
13,766,200403
13,996,200403
13,126,200403
13,995,200403
13,1118,200403
13,266,200403
13,208,200403
13,1417,200403
13,134,200403
13,349,200403
13,48,200403
13,180,200403
13,297,200403
13,54,200403
13,120,200403
13,289,200403
13,119,200403
13,55,200403
13,154,200403
13,172,200403
13,114,200403
13,11,200403
13,121,200403
13,135,200403
13,97,200403
13,32,200403
13,46,200403
14,19,200403
14,54,200403
14,176,200403
14,6,200403
14,24,200403
14,175,200403
14,799,200403
14,52,200403
14,434,200403
14,274,200403
14,433,200403
14,64,200403
14,135,200403
14,139,200403
14,739,200403
14,77,200403
14,160,200403
14,143,200403
14,62,200403
14,32,200403
14,89,200403
14,26,200403
14,282,200403
14,349,200403
14,96,200403
14,79,200403
14,55,200403
14,180,200403
14,60,200403
14,17,200403
14,35,200403
14,136,200403
14,294,200403
14,36,200403
14,155,200403
14,137,200403
14,25,200403
14,117,200403
14,855,200403
14,83,200403
14,71,200403
14,76,200403
14,444,200403
14,40,200403
14,463,200403
14,142,200403
14,13,200403
14,111,200403
14,110,200403
14,94,200403
14,133,200403
14,21,200403
14,12,200403
14,45,200403
14,113,200403
14,20,200403
14,97,200403
14,82,200403
14,1,200403
14,81,200403
14,98,200403
14,4,200403
14,46,200403
14,178,200403
14,27,200403
14,112,200403
14,29,200403
14,10,200403
14,85,200403
14,23,200403
14,11,200403
14,0,200403
14,278,200403
14,129,200403
14,51,200403
14,208,200403
14,28,200403
14,120,200403
14,16,200403
14,172,200403
14,107,200403
14,9,200403
14,59,200403
14,320,200403
14,146,200403
14,126,200403
14,124,200403
14,157,200403
14,5,200403
14,48,200403
14,108,200403
14,2,200403
14,154,200403
14,80,200403
14,100,200403
14,18,200403
14,92,200403
14,38,200403
14,119,200403
14,31,200403
14,102,200403
15,160,200403
15,314,200403
15,433,200403
15,132,200403
15,143,200403
15,72,200403
15,76,200403
15,54,200403
15,170,200403
15,135,200403
15,40,200403
15,262,200403
15,140,200403
15,181,200403
15,248,200403
15,346,200403
15,29,200403
15,266,200403
15,146,200403
15,136,200403
15,10,200403
15,18,200403
15,154,200403
15,32,200403
15,137,200403
16,433,200403
16,187,200403
16,381,200403
16,14,200403
16,274,200403
16,362,200403
16,160,200403
16,1053,200403
16,143,200403
16,32,200403
16,138,200403
16,77,200403
16,25,200403
16,194,200403
16,170,200403
16,80,200403
16,46,200403
16,250,200403
16,155,200403
16,265,200403
16,99,200403
16,122,200403
16,12,200403
16,6,200403
16,74,200403
16,39,200403
16,132,200403
16,40,200403
16,154,200403
16,21,200403
16,113,200403
16,0,200403
16,161,200403
16,4,200403
16,19,200403
16,29,200403
16,2,200403
16,112,200403
16,133,200403
16,17,200403
16,22,200403
16,85,200403
16,30,200403
16,97,200403
16,27,200403
16,9,200403
16,69,200403
16,11,200403
16,13,200403
16,28,200403
16,100,200403
16,23,200403
16,206,200403
16,146,200403
16,5,200403
16,178,200403
16,60,200403
16,182,200403
16,101,200403
16,197,200403
16,59,200403
16,175,200403
16,63,200403
16,62,200403
16,57,200403
16,65,200403
16,92,200403
16,55,200403
16,66,200403
16,10,200403
16,208,200403
16,64,200403
16,48,200403
16,119,200403
16,35,200403
16,82,200403
16,131,200403
16,54,200403
16,139,200403
16,26,200403
16,38,200403
16,94,200403
16,1,200403
16,120,200403
16,176,200403
16,375,200403
16,117,200403
16,136,200403
16,129,200403
16,18,200403
16,79,200403
16,126,200403
16,137,200403
16,20,200403
16,31,200403
16,181,200403
16,36,200403
16,180,200403
16,24,200403
16,142,200403
16,83,200403
16,102,200403
16,52,200403
16,81,200403
16,135,200403
16,108,200403
17,137,200403
17,175,200403
17,31,200403
17,143,200403
17,13,200403
17,23,200403
17,433,200403
17,121,200403
17,160,200403
17,35,200403
17,110,200403
17,89,200403
17,40,200403
17,146,200403
17,139,200403
17,884,200403
17,19,200403
17,28,200403
17,6,200403
17,24,200403
17,14,200403
17,59,200403
17,27,200403
17,77,200403
17,5,200403
17,165,200403
17,552,200403
17,99,200403
17,112,200403
17,46,200403
17,62,200403
17,136,200403
17,85,200403
17,10,200403
17,18,200403
17,129,200403
17,60,200403
17,48,200403
17,4,200403
17,1,200403
17,97,200403
17,20,200403
17,124,200403
17,25,200403
17,11,200403
17,243,200403
17,107,200403
17,108,200403
17,29,200403
17,102,200403
17,21,200403
17,247,200403
17,274,200403
17,26,200403
17,739,200403
17,92,200403
17,817,200403
17,211,200403
17,12,200403
17,100,200403
17,55,200403
17,52,200403
17,196,200403
17,36,200403
17,86,200403
17,51,200403
17,8,200403
17,178,200403
17,32,200403
17,142,200403
17,157,200403
17,81,200403
17,135,200403
17,16,200403
17,149,200403
17,80,200403
17,183,200403
17,155,200403
17,38,200403
17,493,200403
17,268,200403
17,69,200403
17,119,200403
17,93,200403
17,544,200403
17,348,200403
17,781,200403
17,189,200403
17,303,200403
17,71,200403
17,184,200403
17,353,200403
17,33,200403
17,154,200403
17,54,200403
17,37,200403
17,906,200403
17,375,200403
17,395,200403
17,261,200403
17,863,200403
17,113,200403
17,0,200403
17,2,200403
17,22,200403
17,53,200403
17,213,200403
17,150,200403
17,7,200403
17,64,200403
17,96,200403
18,426,200403
18,26,200403
18,142,200403
18,113,200403
18,176,200403
18,136,200403
18,29,200403
18,13,200403
18,17,200403
18,1,200403
18,4,200403
18,77,200403
18,89,200403
18,433,200403
18,143,200403
18,24,200403
18,103,200403
18,423,200403
18,175,200403
18,97,200403
18,19,200403
18,110,200403
18,32,200403
18,27,200403
18,112,200403
18,62,200403
18,182,200403
18,138,200403
18,35,200403
18,5,200403
18,99,200403
18,247,200403
18,14,200403
18,146,200403
18,11,200403
18,281,200403
18,48,200403
18,40,200403
18,20,200403
18,10,200403
18,129,200403
18,160,200403
18,16,200403
18,51,200403
18,157,200403
18,22,200403
18,117,200403
18,411,200403
18,98,200403
18,83,200403
18,155,200403
18,208,200403
18,544,200403
18,137,200403
18,81,200403
18,205,200403
18,102,200403
18,276,200403
18,30,200403
18,739,200403
18,75,200403
18,6,200403
18,2,200403
18,92,200403
18,23,200403
18,121,200403
18,135,200403
18,908,200403
18,139,200403
18,803,200403
18,154,200403
18,104,200403
18,752,200403
18,38,200403
18,804,200403
18,181,200403
18,25,200403
18,76,200403
18,248,200403
18,346,200403
18,124,200403
18,45,200403
18,327,200403
18,79,200403
18,320,200403
18,70,200403
18,96,200403
18,78,200403
18,46,200403
18,125,200403
18,28,200403
18,436,200403
18,172,200403
18,909,200403
18,88,200403
18,61,200403
18,43,200403
18,111,200403
18,415,200403
18,416,200403
18,60,200403
18,132,200403
18,432,200403
18,410,200403
18,85,200403
18,12,200403
18,101,200403
18,66,200403
18,122,200403
18,170,200403
18,413,200403
18,271,200403
18,159,200403
18,144,200403
18,341,200403
18,15,200403
18,298,200403
18,174,200403
18,270,200403
18,145,200403
18,213,200403
18,163,200403
18,233,200403
18,171,200403
18,430,200403
18,197,200403
18,408,200403
18,422,200403
18,443,200403
18,234,200403
18,54,200403
18,59,200403
18,407,200403
18,84,200403
18,120,200403
18,223,200403
18,156,200403
18,169,200403
18,72,200403
18,153,200403
18,34,200403
18,44,200403
18,265,200403
18,9,200403
18,74,200403
18,94,200403
18,180,200403
18,242,200403
18,108,200403
18,100,200403
18,131,200403
18,71,200403
18,164,200403
18,93,200403
18,303,200403
18,53,200403
18,64,200403
18,123,200403
18,52,200403
18,69,200403
18,21,200403
18,0,200403
18,31,200403
18,107,200403
18,86,200403
18,183,200403
19,77,200403
19,155,200403
19,5,200403
19,40,200403
19,36,200403
19,13,200403
19,117,200403
19,24,200403
19,10,200403
19,60,200403
19,52,200403
19,32,200403
19,18,200403
19,112,200403
19,59,200403
19,14,200403
19,29,200403
19,180,200403
19,35,200403
19,175,200403
19,62,200403
19,120,200403
19,54,200403
19,23,200403
19,97,200403
19,136,200403
19,433,200403
19,7,200403
19,17,200403
19,143,200403
19,146,200403
19,170,200403
19,140,200403
19,138,200403
19,39,200403
19,265,200403
19,83,200403
19,6,200403
19,20,200403
19,26,200403
19,46,200403
19,160,200403
19,129,200403
19,375,200403
19,142,200403
19,89,200403
19,455,200403
19,161,200403
19,135,200403
19,113,200403
19,11,200403
19,157,200403
19,122,200403
19,4,200403
19,25,200403
19,2,200403
19,133,200403
19,0,200403
19,178,200403
19,9,200403
19,16,200403
19,134,200403
19,354,200403
19,544,200403
19,27,200403
19,197,200403
19,75,200403
19,132,200403
19,172,200403
19,86,200403
19,165,200403
19,76,200403
19,205,200403
19,107,200403
19,156,200403
19,28,200403
19,55,200403
19,38,200403
19,320,200403
19,99,200403
19,12,200403
19,126,200403
19,92,200403
19,45,200403
19,96,200403
19,208,200403
19,192,200403
19,332,200403
19,387,200403
19,137,200403
19,57,200403
19,63,200403
19,78,200403
19,1,200403
19,206,200403
19,182,200403
19,119,200403
19,80,200403
19,71,200403
19,64,200403
19,79,200403
19,81,200403
19,277,200403
19,48,200403
19,195,200403
19,154,200403
19,338,200403
19,31,200403
19,139,200403
19,114,200403
19,799,200403
19,860,200403
19,108,200403
19,176,200403
19,100,200403
19,102,200403
20,175,200403
20,23,200403
20,146,200403
20,18,200403
20,375,200403
20,112,200403
20,51,200403
20,4,200403
20,552,200403
20,48,200403
20,46,200403
20,60,200403
20,19,200403
20,136,200403
20,129,200403
20,137,200403
20,160,200403
20,110,200403
20,132,200403
20,17,200403
20,62,200403
20,35,200403
20,1,200403
20,10,200403
20,40,200403
20,77,200403
20,13,200403
20,161,200403
20,102,200403
20,108,200403
20,139,200403
20,113,200403
20,181,200403
20,97,200403
20,135,200403
20,863,200403
20,64,200403
20,28,200403
20,85,200403
20,80,200403
20,29,200403
20,14,200403
20,25,200403
20,81,200403
20,99,200403
20,169,200403
20,32,200403
20,26,200403
20,154,200403
20,52,200403
20,54,200403
20,36,200403
20,213,200403
20,131,200403
20,736,200403
20,6,200403
20,315,200403
20,211,200403
20,22,200403
20,214,200403
20,832,200403
20,16,200403
20,906,200403
20,11,200403
20,0,200403
20,866,200403
20,59,200403
20,150,200403
20,89,200403
20,133,200403
20,261,200403
20,7,200403
20,761,200403
20,189,200403
20,107,200403
20,184,200403
20,183,200403
20,33,200403
20,21,200403
20,243,200403
20,8,200403
21,81,200403
21,745,200403
21,761,200403
21,736,200403
21,160,200403
21,1063,200403
21,755,200403
21,832,200403
21,866,200403
21,97,200403
21,12,200403
21,165,200403
21,119,200403
21,102,200403
21,23,200403
21,48,200403
21,14,200403
21,137,200403
21,11,200403
21,26,200403
21,1,200403
21,6,200403
21,19,200403
21,17,200403
21,51,200403
21,2,200403
21,5,200403
21,142,200403
21,9,200403
21,52,200403
21,346,200403
21,60,200403
21,61,200403
21,180,200403
21,77,200403
21,27,200403
21,69,200403
21,96,200403
21,99,200403
21,13,200403
21,0,200403
21,32,200403
21,29,200403
21,135,200403
21,143,200403
21,110,200403
21,124,200403
21,92,200403
21,154,200403
21,31,200403
21,83,200403
21,133,200403
21,85,200403
21,22,200403
21,213,200403
21,183,200403
21,7,200403
21,59,200403
21,136,200403
21,89,200403
21,4,200403
21,10,200403
21,25,200403
21,18,200403
21,20,200403
21,113,200403
21,28,200403
22,160,200403
22,121,200403
22,339,200403
22,1,200403
22,28,200403
22,64,200403
22,500,200403
22,2,200403
22,150,200403
22,17,200403
22,5,200403
22,24,200403
22,132,200403
22,189,200403
22,32,200403
22,10,200403
22,48,200403
22,12,200403
22,83,200403
22,136,200403
22,154,200403
22,9,200403
22,165,200403
22,213,200403
22,85,200403
22,27,200403
22,101,200403
22,117,200403
22,113,200403
22,19,200403
22,51,200403
22,140,200403
22,183,200403
22,53,200403
22,6,200403
22,11,200403
22,52,200403
22,23,200403
22,112,200403
22,4,200403
22,107,200403
22,20,200403
22,135,200403
22,137,200403
22,25,200403
22,96,200403
22,29,200403
22,97,200403
22,18,200403
23,863,200403
23,433,200403
23,146,200403
23,165,200403
23,552,200403
23,1,200403
23,102,200403
23,0,200403
23,138,200403
23,493,200403
23,160,200403
23,764,200403
23,136,200403
23,121,200403
23,354,200403
23,150,200403
23,137,200403
23,211,200403
23,247,200403
23,189,200403
23,110,200403
23,183,200403
23,28,200403
23,132,200403
23,143,200403
23,89,200403
23,501,200403
23,5,200403
23,113,200403
23,51,200403
23,19,200403
23,521,200403
23,11,200403
23,17,200403
23,65,200403
23,906,200403
23,60,200403
23,348,200403
23,39,200403
23,749,200403
23,127,200403
23,2,200403
23,59,200403
23,61,200403
23,112,200403
23,427,200403
23,109,200403
23,25,200403
23,48,200403
23,108,200403
23,80,200403
23,142,200403
23,154,200403
23,9,200403
23,119,200403
23,26,200403
23,116,200403
23,81,200403
23,83,200403
23,107,200403
23,18,200403
23,96,200403
23,92,200403
23,85,200403
23,69,200403
23,135,200403
23,27,200403
23,32,200403
23,97,200403
23,72,200403
23,14,200403
23,4,200403
23,31,200403
23,10,200403
23,21,200403
24,154,200403
24,137,200403
24,19,200403
24,29,200403
24,83,200403
24,27,200403
24,51,200403
24,136,200403
24,54,200403
24,17,200403
24,60,200403
24,274,200403
24,195,200403
24,159,200403
24,22,200403
24,11,200403
24,46,200403
24,160,200403
24,93,200403
24,339,200403
24,34,200403
24,14,200403
24,175,200403
24,197,200403
24,62,200403
24,48,200403
24,52,200403
24,1,200403
24,165,200403
24,97,200403
24,103,200403
24,110,200403
24,13,200403
24,18,200403
24,85,200403
24,116,200403
24,31,200403
24,117,200403
24,146,200403
24,176,200403
24,208,200403
24,43,200403
24,338,200403
24,80,200403
24,38,200403
24,61,200403
24,79,200403
24,114,200403
24,440,200403
24,119,200403
24,124,200403
24,174,200403
24,55,200403
24,53,200403
24,1088,200403
24,126,200403
24,142,200403
24,156,200403
24,36,200403
24,100,200403
24,64,200403
24,25,200403
24,6,200403
24,26,200403
24,16,200403
24,32,200403
24,99,200403
24,40,200403
24,135,200403
25,35,200403
25,114,200403
25,98,200403
25,77,200403
25,433,200403
25,138,200403
25,24,200403
25,175,200403
25,552,200403
25,143,200403
25,160,200403
25,137,200403
25,333,200403
25,118,200403
25,96,200403
25,60,200403
25,27,200403
25,113,200403
25,136,200403
25,154,200403
25,85,200403
25,159,200403
25,23,200403
25,97,200403
25,70,200403
25,31,200403
25,146,200403
25,47,200403
25,155,200403
25,112,200403
25,16,200403
25,6,200403
25,157,200403
25,79,200403
25,208,200403
25,320,200403
25,99,200403
25,40,200403
25,10,200403
25,102,200403
25,180,200403
25,126,200403
25,2,200403
25,134,200403
25,183,200403
25,52,200403
25,29,200403
25,120,200403
25,20,200403
25,142,200403
25,135,200403
25,274,200403
25,81,200403
25,233,200403
25,21,200403
25,26,200403
25,169,200403
25,13,200403
25,124,200403
25,69,200403
25,346,200403
25,107,200403
25,5,200403
25,9,200403
25,14,200403
25,133,200403
25,139,200403
25,149,200403
25,11,200403
25,115,200403
25,266,200403
25,483,200403
25,220,200403
25,63,200403
25,0,200403
25,36,200403
25,671,200403
25,158,200403
25,340,200403
25,237,200403
25,110,200403
25,1,200403
25,165,200403
25,94,200403
25,355,200403
25,390,200403
25,59,200403
25,216,200403
25,156,200403
25,64,200403
25,80,200403
25,57,200403
25,78,200403
25,39,200403
25,101,200403
25,65,200403
25,58,200403
25,181,200403
25,307,200403
25,45,200403
25,132,200403
25,341,200403
25,76,200403
25,34,200403
25,336,200403
25,339,200403
25,213,200403
25,38,200403
25,371,200403
25,152,200403
25,12,200403
25,337,200403
25,544,200403
25,188,200403
25,286,200403
25,335,200403
25,116,200403
25,326,200403
25,71,200403
25,54,200403
25,100,200403
25,153,200403
25,22,200403
25,83,200403
25,72,200403
25,129,200403
25,393,200403
25,19,200403
25,46,200403
25,7,200403
25,93,200403
25,53,200403
25,327,200403
25,51,200403
25,32,200403
25,18,200403
25,89,200403
25,161,200403
25,4,200403
25,28,200403
25,108,200403
25,48,200403
25,17,200403
26,243,200403
26,60,200403
26,19,200403
26,112,200403
26,10,200403
26,4,200403
26,46,200403
26,139,200403
26,129,200403
26,156,200403
26,113,200403
26,108,200403
26,154,200403
26,175,200403
26,35,200403
26,1,200403
26,341,200403
26,59,200403
26,22,200403
26,48,200403
26,2,200403
26,143,200403
26,157,200403
26,51,200403
26,135,200403
26,739,200403
26,66,200403
26,136,200403
26,21,200403
26,31,200403
26,27,200403
26,172,200403
26,137,200403
26,64,200403
26,28,200403
26,12,200403
26,25,200403
26,20,200403
26,100,200403
26,17,200403
26,14,200403
26,86,200403
26,132,200403
26,313,200403
26,181,200403
26,89,200403
26,160,200403
26,297,200403
26,78,200403
26,237,200403
26,320,200403
26,55,200403
26,58,200403
26,101,200403
26,85,200403
26,283,200403
26,39,200403
26,224,200403
26,71,200403
26,126,200403
26,83,200403
26,65,200403
26,180,200403
26,114,200403
26,140,200403
26,54,200403
26,544,200403
26,192,200403
26,18,200403
26,38,200403
26,45,200403
26,102,200403
26,120,200403
26,16,200403
26,146,200403
26,142,200403
26,134,200403
26,278,200403
26,338,200403
26,155,200403
26,57,200403
26,0,200403
26,92,200403
26,80,200403
26,81,200403
26,24,200403
26,77,200403
26,32,200403
26,76,200403
26,860,200403
26,117,200403
26,99,200403
26,13,200403
26,75,200403
26,36,200403
26,40,200403
26,97,200403
26,29,200403
27,77,200403
27,2,200403
27,93,200403
27,175,200403
27,154,200403
27,146,200403
27,136,200403
27,160,200403
27,433,200403
27,104,200403
27,142,200403
27,138,200403
27,24,200403
27,31,200403
27,69,200403
27,1,200403
27,96,200403
27,62,200403
27,4,200403
27,17,200403
27,143,200403
27,38,200403
27,224,200403
27,47,200403
27,10,200403
27,5,200403
27,161,200403
27,102,200403
27,126,200403
27,55,200403
27,188,200403
27,181,200403
27,46,200403
27,120,200403
27,19,200403
27,51,200403
27,21,200403
27,64,200403
27,32,200403
27,368,200403
27,97,200403
27,6,200403
27,14,200403
27,11,200403
27,26,200403
27,180,200403
27,183,200403
27,29,200403
27,41,200403
27,265,200403
27,28,200403
27,113,200403
27,76,200403
27,133,200403
27,0,200403
27,78,200403
27,103,200403
27,193,200403
27,9,200403
27,834,200403
27,132,200403
27,588,200403
27,12,200403
27,490,200403
27,35,200403
27,480,200403
27,20,200403
27,83,200403
27,124,200403
27,81,200403
27,13,200403
27,112,200403
27,752,200403
27,16,200403
27,48,200403
27,23,200403
27,22,200403
27,40,200403
27,137,200403
27,155,200403
27,99,200403
27,108,200403
27,25,200403
27,72,200403
27,54,200403
27,92,200403
27,60,200403
27,18,200403
27,135,200403
28,160,200403
28,552,200403
28,165,200403
28,136,200403
28,31,200403
28,159,200403
28,112,200403
28,23,200403
28,433,200403
28,175,200403
28,146,200403
28,143,200403
28,59,200403
28,1,200403
28,93,200403
28,5,200403
28,85,200403
28,24,200403
28,139,200403
28,1615,200403
28,77,200403
28,137,200403
28,36,200403
28,261,200403
28,83,200403
28,0,200403
28,81,200403
28,60,200403
28,14,200403
28,16,200403
28,6,200403
28,17,200403
28,120,200403
28,19,200403
28,866,200403
28,26,200403
28,25,200403
28,99,200403
28,102,200403
28,493,200403
28,32,200403
28,13,200403
28,72,200403
28,107,200403
28,154,200403
28,46,200403
28,131,200403
28,108,200403
28,18,200403
28,97,200403
28,69,200403
28,183,200403
28,38,200403
28,110,200403
28,2,200403
28,155,200403
28,4,200403
28,51,200403
28,11,200403
28,92,200403
28,40,200403
28,27,200403
28,96,200403
28,89,200403
28,64,200403
28,22,200403
28,10,200403
28,135,200403
28,29,200403
28,20,200403
28,21,200403
29,35,200403
29,4,200403
29,339,200403
29,103,200403
29,160,200403
29,59,200403
29,675,200403
29,87,200403
29,45,200403
29,24,200403
29,25,200403
29,58,200403
29,146,200403
29,433,200403
29,143,200403
29,31,200403
29,137,200403
29,136,200403
29,6,200403
29,110,200403
29,77,200403
29,154,200403
29,5,200403
29,18,200403
29,89,200403
29,19,200403
29,61,200403
29,213,200403
29,79,200403
29,64,200403
29,13,200403
29,0,200403
29,85,200403
29,81,200403
29,122,200403
29,97,200403
29,102,200403
29,38,200403
29,195,200403
29,76,200403
29,55,200403
29,16,200403
29,28,200403
29,83,200403
29,36,200403
29,1088,200403
29,94,200403
29,354,200403
29,144,200403
29,112,200403
29,265,200403
29,26,200403
29,2,200403
29,106,200403
29,80,200403
29,40,200403
29,15,200403
29,180,200403
29,46,200403
29,60,200403
29,17,200403
29,23,200403
29,14,200403
29,9,200403
29,125,200403
29,20,200403
29,32,200403
29,126,200403
29,248,200403
29,65,200403
29,54,200403
29,375,200403
29,22,200403
29,100,200403
29,197,200403
29,48,200403
29,129,200403
29,371,200403
29,544,200403
29,320,200403
29,172,200403
29,276,200403
29,120,200403
29,242,200403
29,62,200403
29,270,200403
29,170,200403
29,78,200403
29,155,200403
29,52,200403
29,12,200403
29,132,200403
29,134,200403
29,233,200403
29,224,200403
29,181,200403
29,159,200403
29,182,200403
29,63,200403
29,139,200403
29,183,200403
29,57,200403
29,171,200403
29,145,200403
29,69,200403
29,153,200403
29,10,200403
29,66,200403
29,163,200403
29,176,200403
29,34,200403
29,140,200403
29,117,200403
29,75,200403
29,269,200403
29,44,200403
29,292,200403
29,101,200403
29,39,200403
29,175,200403
29,108,200403
29,104,200403
29,169,200403
29,71,200403
29,208,200403
29,267,200403
29,198,200403
29,74,200403
29,72,200403
29,142,200403
29,165,200403
29,51,200403
29,193,200403
29,53,200403
29,96,200403
29,7,200403
29,124,200403
29,131,200403
29,11,200403
29,43,200403
29,107,200403
29,113,200403
29,21,200403
29,27,200403
29,1,200403
29,99,200403
30,160,200403
30,433,200403
30,69,200403
30,136,200403
30,143,200403
30,5,200403
30,84,200403
30,738,200403
30,189,200403
30,18,200403
30,170,200403
30,154,200403
30,2,200403
30,122,200403
30,81,200403
30,776,200403
30,6,200403
30,878,200403
30,775,200403
30,88,200403
30,1090,200403
30,753,200403
30,783,200403
30,754,200403
30,29,200403
30,223,200403
30,183,200403
30,164,200403
30,10,200403
30,51,200403
30,1,200403
30,4,200403
30,11,200403
31,25,200403
31,14,200403
31,77,200403
31,46,200403
31,29,200403
31,354,200403
31,175,200403
31,433,200403
31,157,200403
31,62,200403
31,160,200403
31,24,200403
31,97,200403
31,247,200403
31,142,200403
31,120,200403
31,64,200403
31,16,200403
31,155,200403
31,52,200403
31,102,200403
31,39,200403
31,76,200403
31,9,200403
31,154,200403
31,60,200403
31,19,200403
31,32,200403
31,900,200403
31,73,200403
31,1,200403
31,135,200403
31,26,200403
31,6,200403
31,20,200403
31,81,200403
31,85,200403
31,181,200403
31,22,200403
31,2,200403
31,0,200403
31,12,200403
31,38,200403
31,40,200403
31,112,200403
31,146,200403
31,115,200403
31,133,200403
31,129,200403
31,72,200403
31,165,200403
31,141,200403
31,21,200403
31,59,200403
31,48,200403
31,137,200403
31,54,200403
31,23,200403
31,99,200403
31,4,200403
31,36,200403
31,17,200403
31,5,200403
31,80,200403
31,119,200403
31,28,200403
31,35,200403
31,100,200403
31,136,200403
31,18,200403
31,27,200403
31,10,200403
31,108,200403
31,83,200403
31,92,200403
32,534,200403
32,35,200403
32,434,200403
32,433,200403
32,77,200403
32,31,200403
32,29,200403
32,146,200403
32,143,200403
32,160,200403
32,6,200403
32,170,200403
32,18,200403
32,62,200403
32,380,200403
32,11,200403
32,354,200403
32,96,200403
32,40,200403
32,142,200403
32,138,200403
32,19,200403
32,161,200403
32,176,200403
32,71,200403
32,4,200403
32,208,200403
32,2,200403
32,133,200403
32,136,200403
32,422,200403
32,155,200403
32,107,200403
32,16,200403
32,193,200403
32,157,200403
32,165,200403
32,45,200403
32,74,200403
32,126,200403
32,1,200403
32,274,200403
32,81,200403
32,83,200403
32,12,200403
32,1144,200403
32,22,200403
32,159,200403
32,78,200403
32,172,200403
32,9,200403
32,51,200403
32,53,200403
32,5,200403
32,355,200403
32,46,200403
32,178,200403
32,85,200403
32,28,200403
32,132,200403
32,156,200403
32,17,200403
32,72,200403
32,124,200403
32,14,200403
32,339,200403
32,0,200403
32,80,200403
32,92,200403
32,54,200403
32,79,200403
32,86,200403
32,129,200403
32,97,200403
32,137,200403
32,242,200403
32,108,200403
32,197,200403
32,545,200403
32,198,200403
32,57,200403
32,27,200403
32,104,200403
32,429,200403
32,332,200403
32,362,200403
32,141,200403
32,205,200403
32,76,200403
32,117,200403
32,59,200403
32,181,200403
32,546,200403
32,140,200403
32,60,200403
32,206,200403
32,171,200403
32,44,200403
32,163,200403
32,48,200403
32,233,200403
32,58,200403
32,270,200403
32,63,200403
32,10,200403
32,66,200403
32,120,200403
32,39,200403
32,420,200403
32,65,200403
32,114,200403
32,26,200403
32,15,200403
32,101,200403
32,269,200403
32,320,200403
32,375,200403
32,276,200403
32,113,200403
32,175,200403
32,24,200403
32,43,200403
32,36,200403
32,55,200403
32,75,200403
32,134,200403
32,64,200403
32,154,200403
32,94,200403
32,89,200403
32,38,200403
32,180,200403
32,100,200403
32,135,200403
32,102,200403
32,20,200403
32,52,200403
32,25,200403
32,139,200403
32,131,200403
32,13,200403
32,99,200403
33,51,200403
33,22,200403
33,113,200403
33,184,200403
33,10,200403
33,1,200403
33,136,200403
33,17,200403
33,4,200403
33,20,200403
34,115,200403
34,160,200403
34,24,200403
34,9,200403
34,17,200403
34,27,200403
34,588,200403
34,433,200403
34,25,200403
34,10,200403
34,104,200403
34,124,200403
34,64,200403
34,165,200403
34,11,200403
34,57,200403
34,180,200403
34,189,200403
34,139,200403
34,76,200403
34,146,200403
34,46,200403
34,18,200403
34,154,200403
34,248,200403
34,1,200403
34,136,200403
34,146,200403
34,1,200403
34,25,200403
34,154,200403
34,136,200403
34,160,200403
34,97,200403
34,137,200403
34,29,200403
34,10,200403
34,18,200403
35,136,200403
35,72,200403
35,4,200403
35,62,200403
35,77,200403
35,160,200403
35,25,200403
35,154,200403
35,40,200403
35,97,200403
35,146,200403
35,39,200403
35,129,200403
35,19,200403
35,10,200403
35,64,200403
35,58,200403
35,29,200403
35,14,200403
35,433,200403
35,140,200403
35,48,200403
35,46,200403
35,60,200403
35,375,200403
35,17,200403
35,7,200403
35,99,200403
35,89,200403
35,143,200403
35,20,200403
35,31,200403
35,18,200403
35,175,200403
35,59,200403
35,85,200403
35,36,200403
35,393,200403
35,107,200403
35,26,200403
35,28,200403
35,722,200403
35,183,200403
35,16,200403
35,1402,200403
35,113,200403
35,6,200403
35,0,200403
35,180,200403
35,61,200403
35,2,200403
35,51,200403
35,98,200403
35,142,200403
35,41,200403
35,13,200403
35,81,200403
35,137,200403
35,156,200403
35,27,200403
35,54,200403
35,110,200403
35,347,200403
35,71,200403
35,108,200403
35,120,200403
35,769,200403
35,173,200403
35,1,200403
35,100,200403
35,139,200403
35,172,200403
35,52,200403
35,32,200403
35,83,200403
35,135,200403
36,17,200403
36,139,200403
36,143,200403
36,35,200403
36,77,200403
36,10,200403
36,1,200403
36,32,200403
36,51,200403
36,176,200403
36,25,200403
36,112,200403
36,29,200403
36,165,200403
36,76,200403
36,6,200403
36,52,200403
36,142,200403
36,23,200403
36,108,200403
36,13,200403
36,11,200403
36,92,200403
36,59,200403
36,99,200403
36,18,200403
36,4,200403
36,14,200403
36,160,200403
36,81,200403
36,136,200403
36,28,200403
36,135,200403
36,80,200403
36,102,200403
36,134,200403
36,0,200403
36,341,200403
36,155,200403
36,60,200403
36,41,200403
36,146,200403
36,31,200403
36,19,200403
36,16,200403
36,178,200403
36,137,200403
36,40,200403
36,119,200403
36,26,200403
36,97,200403
36,46,200403
37,490,200403
37,24,200403
37,146,200403
37,1,200403
37,150,200403
37,17,200403
38,433,200403
38,182,200403
38,62,200403
38,282,200403
38,6,200403
38,35,200403
38,160,200403
38,79,200403
38,143,200403
38,120,200403
38,77,200403
38,125,200403
38,63,200403
38,117,200403
38,145,200403
38,55,200403
38,24,200403
38,29,200403
38,860,200403
38,76,200403
38,141,200403
38,118,200403
38,94,200403
38,32,200403
38,60,200403
38,9,200403
38,242,200403
38,102,200403
38,13,200403
38,140,200403
38,80,200403
38,27,200403
38,40,200403
38,54,200403
38,100,200403
38,18,200403
38,5,200403
38,36,200403
38,188,200403
38,178,200403
38,19,200403
38,52,200403
38,180,200403
38,46,200403
38,31,200403
38,45,200403
38,83,200403
38,28,200403
38,17,200403
38,99,200403
38,59,200403
38,146,200403
38,26,200403
38,16,200403
38,97,200403
38,154,200403
38,25,200403
38,10,200403
38,64,200403
38,137,200403
38,14,200403
39,80,200403
39,160,200403
39,35,200403
39,1000,200403
39,101,200403
39,143,200403
39,100,200403
39,36,200403
39,13,200403
39,137,200403
39,433,200403
39,455,200403
39,97,200403
39,23,200403
39,83,200403
39,60,200403
39,19,200403
39,320,200403
39,112,200403
39,141,200403
39,78,200403
39,544,200403
39,59,200403
39,62,200403
39,31,200403
39,120,200403
39,72,200403
39,76,200403
39,1144,200403
39,154,200403
39,65,200403
39,52,200403
39,540,200403
39,46,200403
39,102,200403
39,178,200403
39,34,200403
39,40,200403
39,26,200403
39,6,200403
39,25,200403
39,32,200403
39,99,200403
39,146,200403
39,29,200403
39,64,200403
40,160,200403
40,136,200403
40,19,200403
40,75,200403
40,433,200403
40,26,200403
40,89,200403
40,35,200403
40,7,200403
40,893,200403
40,176,200403
40,20,200403
40,10,200403
40,449,200403
40,4,200403
40,77,200403
40,60,200403
40,205,200403
40,32,200403
40,739,200403
40,18,200403
40,143,200403
40,549,200403
40,17,200403
40,142,200403
40,123,200403
40,52,200403
40,135,200403
40,38,200403
40,165,200403
40,16,200403
40,82,200403
40,132,200403
40,9,200403
40,146,200403
40,6,200403
40,100,200403
40,154,200403
40,23,200403
40,54,200403
40,76,200403
40,332,200403
40,112,200403
40,137,200403
40,14,200403
40,126,200403
40,355,200403
40,703,200403
40,444,200403
40,1065,200403
40,39,200403
40,83,200403
40,55,200403
40,63,200403
40,206,200403
40,858,200403
40,192,200403
40,117,200403
40,889,200403
40,45,200403
40,278,200403
40,79,200403
40,101,200403
40,78,200403
40,66,200403
40,31,200403
40,1022,200403
40,360,200403
40,285,200403
40,320,200403
40,48,200403
40,46,200403
40,899,200403
40,182,200403
40,208,200403
40,97,200403
40,120,200403
40,57,200403
40,362,200403
40,140,200403
40,338,200403
40,81,200403
40,95,200403
40,1086,200403
40,722,200403
40,370,200403
40,523,200403
40,730,200403
40,99,200403
40,13,200403
40,373,200403
40,381,200403
40,316,200403
40,25,200403
40,129,200403
40,180,200403
40,797,200403
40,178,200403
40,1020,200403
40,198,200403
40,27,200403
40,59,200403
40,155,200403
40,141,200403
40,374,200403
40,139,200403
40,64,200403
40,387,200403
40,62,200403
40,375,200403
40,134,200403
40,65,200403
40,175,200403
40,28,200403
40,1,200403
40,0,200403
40,181,200403
40,24,200403
40,102,200403
40,29,200403
40,36,200403
40,108,200403
41,160,200403
41,6,200403
41,81,200403
41,72,200403
41,97,200403
41,83,200403
41,29,200403
41,266,200403
41,76,200403
41,48,200403
41,64,200403
41,101,200403
41,10,200403
41,54,200403
41,135,200403
41,46,200403
41,36,200403
41,137,200403
41,146,200403
41,60,200403
41,35,200403
41,108,200403
43,433,200403
43,54,200403
43,77,200403
43,66,200403
43,125,200403
43,132,200403
43,44,200403
43,2250,200403
43,18,200403
43,97,200403
43,146,200403
43,32,200403
43,29,200403
44,54,200403
44,144,200403
44,163,200403
44,101,200403
44,120,200403
44,140,200403
44,34,200403
44,74,200403
44,248,200403
44,346,200403
44,10,200403
44,32,200403
44,29,200403
44,18,200403
45,73,200403
45,46,200403
45,72,200403
45,36,200403
45,25,200403
45,43,200403
45,99,200403
45,15,200403
45,83,200403
45,126,200403
45,182,200403
45,32,200403
45,40,200403
45,178,200403
45,13,200403
45,134,200403
45,320,200403
45,39,200403
45,38,200403
45,160,200403
45,18,200403
45,6,200403
45,75,200403
45,19,200403
45,97,200403
45,26,200403
45,137,200403
45,29,200403
45,146,200403
45,64,200403
46,136,200403
46,146,200403
46,143,200403
46,137,200403
46,24,200403
46,35,200403
46,10,200403
46,59,200403
46,31,200403
46,6,200403
46,433,200403
46,434,200403
46,9,200403
46,112,200403
46,26,200403
46,77,200403
46,60,200403
46,141,200403
46,97,200403
46,4,200403
46,62,200403
46,89,200403
46,48,200403
46,160,200403
46,20,200403
46,1,200403
46,27,200403
46,129,200403
46,19,200403
46,175,200403
46,120,200403
46,25,200403
46,327,200403
46,181,200403
46,85,200403
46,149,200403
46,799,200403
46,29,200403
46,374,200403
46,180,200403
46,164,200403
46,39,200403
46,102,200403
46,12,200403
46,64,200403
46,45,200403
46,51,200403
46,40,200403
46,78,200403
46,2,200403
46,54,200403
46,552,200403
46,63,200403
46,28,200403
46,65,200403
46,83,200403
46,32,200403
46,80,200403
46,341,200403
46,101,200403
46,178,200403
46,34,200403
46,38,200403
46,79,200403
46,320,200403
46,58,200403
46,57,200403
46,81,200403
46,100,200403
46,1065,200403
46,18,200403
46,76,200403
46,41,200403
46,17,200403
46,73,200403
46,173,200403
46,71,200403
46,900,200403
46,75,200403
46,95,200403
46,154,200403
46,797,200403
46,16,200403
46,135,200403
46,458,200403
46,278,200403
46,544,200403
46,158,200403
46,152,200403
46,157,200403
46,250,200403
46,117,200403
46,445,200403
46,860,200403
46,124,200403
46,126,200403
46,224,200403
46,192,200403
46,172,200403
46,237,200403
46,744,200403
46,287,200403
46,813,200403
46,342,200403
46,140,200403
46,176,200403
46,155,200403
46,156,200403
46,142,200403
46,94,200403
46,0,200403
46,52,200403
46,36,200403
46,139,200403
46,99,200403
46,13,200403
46,14,200403
46,108,200403
47,25,200403
47,40,200403
47,335,200403
47,124,200403
47,59,200403
47,0,200403
47,83,200403
47,165,200403
47,116,200403
47,115,200403
47,72,200403
47,10,200403
47,97,200403
47,137,200403
47,274,200403
47,92,200403
48,38,200403
48,89,200403
48,769,200403
48,143,200403
48,160,200403
48,6,200403
48,31,200403
48,433,200403
48,20,200403
48,175,200403
48,51,200403
48,142,200403
48,758,200403
48,35,200403
48,136,200403
48,81,200403
48,137,200403
48,19,200403
48,10,200403
48,768,200403
48,17,200403
48,14,200403
48,83,200403
48,18,200403
48,60,200403
48,552,200403
48,26,200403
48,780,200403
48,4,200403
48,80,200403
48,2,200403
48,32,200403
48,85,200403
48,132,200403
48,112,200403
48,28,200403
48,82,200403
48,165,200403
48,463,200403
48,12,200403
48,172,200403
48,108,200403
48,13,200403
48,155,200403
48,21,200403
48,113,200403
48,97,200403
48,266,200403
48,41,200403
48,29,200403
48,101,200403
48,76,200403
48,197,200403
48,860,200403
48,27,200403
48,180,200403
48,307,200403
48,5,200403
48,52,200403
48,117,200403
48,1,200403
48,92,200403
48,77,200403
48,126,200403
48,16,200403
48,99,200403
48,375,200403
48,146,200403
48,40,200403
48,320,200403
48,102,200403
48,341,200403
48,129,200403
48,154,200403
48,54,200403
48,121,200403
48,79,200403
48,195,200403
48,0,200403
48,119,200403
48,135,200403
48,178,200403
48,64,200403
48,100,200403
48,25,200403
48,59,200403
48,46,200403
49,69,200403
49,806,200403
49,177,200403
49,51,200403
49,4,200403
50,69,200403
50,177,200403
50,4,200403
51,5,200403
51,69,200403
51,215,200403
51,110,200403
51,160,200403
51,433,200403
51,136,200403
51,154,200403
51,132,200403
51,77,200403
51,23,200403
51,247,200403
51,741,200403
51,4,200403
51,142,200403
51,184,200403
51,62,200403
51,214,200403
51,175,200403
51,20,200403
51,795,200403
51,143,200403
51,18,200403
51,24,200403
51,164,200403
51,54,200403
51,85,200403
51,11,200403
51,21,200403
51,92,200403
51,27,200403
51,52,200403
51,99,200403
51,16,200403
51,165,200403
51,108,200403
51,129,200403
51,83,200403
51,223,200403
51,119,200403
51,13,200403
51,17,200403
51,25,200403
51,14,200403
51,32,200403
51,22,200403
51,30,200403
51,35,200403
51,2,200403
51,49,200403
51,6,200403
51,189,200403
51,31,200403
51,866,200403
51,133,200403
51,346,200403
51,177,200403
51,60,200403
51,761,200403
51,213,200403
51,150,200403
51,112,200403
51,33,200403
51,28,200403
51,96,200403
51,64,200403
51,7,200403
51,10,200403
51,183,200403
51,137,200403
51,29,200403
51,89,200403
51,1,200403
51,107,200403
51,146,200403
51,97,200403
51,113,200403
52,175,200403
52,6,200403
52,13,200403
52,31,200403
52,1,200403
52,138,200403
52,160,200403
52,24,200403
52,293,200403
52,76,200403
52,19,200403
52,433,200403
52,77,200403
52,16,200403
52,117,200403
52,102,200403
52,180,200403
52,194,200403
52,143,200403
52,20,200403
52,96,200403
52,154,200403
52,21,200403
52,126,200403
52,100,200403
52,25,200403
52,83,200403
52,28,200403
52,51,200403
52,35,200403
52,134,200403
52,142,200403
52,129,200403
52,183,200403
52,2,200403
52,22,200403
52,137,200403
52,136,200403
52,11,200403
52,4,200403
52,80,200403
52,139,200403
52,66,200403
52,85,200403
52,112,200403
52,36,200403
52,5,200403
52,27,200403
52,92,200403
52,38,200403
52,60,200403
52,10,200403
52,99,200403
52,108,200403
52,48,200403
52,54,200403
52,29,200403
52,64,200403
52,135,200403
52,18,200403
52,40,200403
52,32,200403
52,146,200403
52,46,200403
52,14,200403
52,97,200403
53,433,200403
53,5,200403
53,160,200403
53,11,200403
53,104,200403
53,267,200403
53,19,200403
53,211,200403
53,213,200403
53,99,200403
53,142,200403
53,29,200403
53,16,200403
53,189,200403
53,32,200403
53,161,200403
53,24,200403
53,344,200403
53,97,200403
53,33,200403
53,27,200403
53,18,200403
53,121,200403
53,61,200403
53,22,200403
53,136,200403
53,96,200403
53,154,200403
53,1,200403
53,146,200403
53,10,200403
53,137,200403
53,17,200403
53,25,200403
54,77,200403
54,44,200403
54,430,200403
54,440,200403
54,29,200403
54,422,200403
54,18,200403
54,15,200403
54,764,200403
54,24,200403
54,143,200403
54,136,200403
54,12,200403
54,19,200403
54,433,200403
54,154,200403
54,814,200403
54,401,200403
54,11,200403
54,16,200403
54,160,200403
54,134,200403
54,4,200403
54,97,200403
54,76,200403
54,21,200403
54,142,200403
54,85,200403
54,80,200403
54,126,200403
54,31,200403
54,152,200403
54,92,200403
54,265,200403
54,1,200403
54,60,200403
54,146,200403
54,112,200403
54,120,200403
54,124,200403
54,181,200403
54,48,200403
54,132,200403
54,189,200403
54,83,200403
54,14,200403
54,1180,200403
54,40,200403
54,94,200403
54,1205,200403
54,248,200403
54,131,200403
54,375,200403
54,32,200403
54,20,200403
54,170,200403
54,139,200403
54,145,200403
54,35,200403
54,276,200403
54,420,200403
54,10,200403
54,2,200403
54,26,200403
54,197,200403
54,13,200403
54,99,200403
54,52,200403
54,74,200403
54,81,200403
54,17,200403
54,43,200403
54,6,200403
54,108,200403
54,25,200403
54,46,200403
54,137,200403
54,135,200403
54,27,200403
55,134,200403
55,126,200403
55,486,200403
55,433,200403
55,27,200403
55,16,200403
55,81,200403
55,54,200403
55,171,200403
55,31,200403
55,180,200403
55,80,200403
55,124,200403
55,208,200403
55,490,200403
55,742,200403
55,19,200403
55,26,200403
55,36,200403
55,40,200403
55,29,200403
55,13,200403
55,146,200403
55,99,200403
55,32,200403
55,6,200403
55,64,200403
55,59,200403
57,433,200403
57,143,200403
57,486,200403
57,77,200403
57,160,200403
57,146,200403
57,120,200403
57,237,200403
57,24,200403
57,29,200403
57,0,200403
57,14,200403
57,93,200403
57,34,200403
57,188,200403
57,106,200403
57,540,200403
57,46,200403
57,83,200403
57,99,200403
57,40,200403
57,32,200403
57,19,200403
57,16,200403
57,97,200403
57,25,200403
57,26,200403
57,60,200403
57,6,200403
57,137,200403
57,64,200403
58,160,200403
58,4,200403
58,577,200403
58,433,200403
58,132,200403
58,65,200403
58,77,200403
58,55,200403
58,85,200403
58,6,200403
58,16,200403
58,46,200403
58,26,200403
58,99,200403
58,60,200403
58,29,200403
58,32,200403
58,25,200403
58,137,200403
58,97,200403
58,146,200403
59,6,200403
59,97,200403
59,746,200403
59,155,200403
59,175,200403
59,146,200403
59,20,200403
59,4,200403
59,29,200403
59,508,200403
59,107,200403
59,434,200403
59,25,200403
59,444,200403
59,77,200403
59,46,200403
59,160,200403
59,138,200403
59,241,200403
59,79,200403
59,195,200403
59,110,200403
59,245,200403
59,433,200403
59,675,200403
59,19,200403
59,62,200403
59,13,200403
59,143,200403
59,710,200403
59,39,200403
59,22,200403
59,223,200403
59,101,200403
59,84,200403
59,134,200403
59,0,200403
59,78,200403
59,137,200403
59,132,200403
59,96,200403
59,136,200403
59,16,200403
59,99,200403
59,31,200403
59,83,200403
59,154,200403
59,32,200403
59,38,200403
59,81,200403
59,40,200403
59,14,200403
59,194,200403
59,100,200403
59,18,200403
59,10,200403
59,21,200403
59,23,200403
59,1,200403
59,11,200403
59,17,200403
59,172,200403
59,64,200403
59,112,200403
59,113,200403
59,28,200403
59,36,200403
59,121,200403
59,55,200403
59,108,200403
59,126,200403
59,129,200403
59,117,200403
59,142,200403
59,5,200403
59,48,200403
59,60,200403
59,139,200403
59,35,200403
60,160,200403
60,13,200403
60,24,200403
60,19,200403
60,110,200403
60,89,200403
60,175,200403
60,108,200403
60,97,200403
60,39,200403
60,0,200403
60,83,200403
60,154,200403
60,99,200403
60,35,200403
60,772,200403
60,46,200403
60,433,200403
60,48,200403
60,62,200403
60,136,200403
60,31,200403
60,146,200403
60,28,200403
60,25,200403
60,64,200403
60,112,200403
60,143,200403
60,10,200403
60,266,200403
60,137,200403
60,20,200403
60,6,200403
60,77,200403
60,17,200403
60,129,200403
60,81,200403
60,1,200403
60,14,200403
60,4,200403
60,51,200403
60,71,200403
60,29,200403
60,172,200403
60,21,200403
60,274,200403
60,52,200403
60,126,200403
60,16,200403
60,739,200403
60,113,200403
60,155,200403
60,871,200403
60,40,200403
60,510,200403
60,118,200403
60,59,200403
60,74,200403
60,140,200403
60,5,200403
60,176,200403
60,370,200403
60,102,200403
60,131,200403
60,79,200403
60,107,200403
60,134,200403
60,23,200403
60,182,200403
60,9,200403
60,178,200403
60,18,200403
60,249,200403
60,142,200403
60,163,200403
60,180,200403
60,26,200403
60,355,200403
60,12,200403
60,36,200403
60,769,200403
60,139,200403
60,152,200403
60,58,200403
60,76,200403
60,41,200403
60,55,200403
60,32,200403
60,269,200403
60,57,200403
60,80,200403
60,860,200403
60,157,200403
60,181,200403
60,85,200403
60,2,200403
60,197,200403
60,54,200403
60,75,200403
60,117,200403
60,120,200403
60,156,200403
60,96,200403
60,38,200403
60,92,200403
60,135,200403
60,27,200403
60,119,200403
60,11,200403
61,433,200403
61,12,200403
61,111,200403
61,160,200403
61,183,200403
61,143,200403
61,159,200403
61,415,200403
61,15,200403
61,144,200403
61,265,200403
61,407,200403
61,34,200403
61,74,200403
61,38,200403
61,132,200403
61,32,200403
61,19,200403
61,108,200403
61,18,200403
61,10,200403
61,136,200403
61,29,200403
62,6,200403
62,138,200403
62,32,200403
62,140,200403
62,35,200403
62,60,200403
62,51,200403
62,66,200403
62,137,200403
62,19,200403
62,97,200403
62,397,200403
62,46,200403
62,160,200403
62,27,200403
62,4,200403
62,23,200403
62,59,200403
62,18,200403
62,165,200403
62,154,200403
62,1,200403
62,20,200403
62,31,200403
62,136,200403
62,434,200403
62,143,200403
62,17,200403
62,387,200403
62,14,200403
62,314,200403
62,43,200403
62,176,200403
62,175,200403
62,29,200403
62,16,200403
62,146,200403
62,40,200403
63,384,200403
63,46,200403
63,40,200403
63,146,200403
63,25,200403
63,19,200403
63,16,200403
63,97,200403
63,99,200403
63,64,200403
63,32,200403
63,29,200403
64,146,200403
64,29,200403
64,289,200403
64,6,200403
64,160,200403
64,281,200403
64,77,200403
64,79,200403
64,46,200403
64,142,200403
64,97,200403
64,433,200403
64,143,200403
64,19,200403
64,120,200403
64,318,200403
64,24,200403
64,96,200403
64,213,200403
64,32,200403
64,55,200403
64,137,200403
64,1,200403
64,126,200403
64,60,200403
64,133,200403
64,113,200403
64,13,200403
64,66,200403
64,21,200403
64,11,200403
64,111,200403
64,26,200403
64,76,200403
64,35,200403
64,0,200403
64,101,200403
64,86,200403
64,41,200403
64,157,200403
64,739,200403
64,23,200403
64,170,200403
64,100,200403
64,156,200403
64,78,200403
64,85,200403
64,110,200403
64,136,200403
64,129,200403
64,22,200403
64,172,200403
64,444,200403
64,155,200403
64,16,200403
64,180,200403
64,83,200403
64,63,200403
64,40,200403
64,208,200403
64,332,200403
64,25,200403
64,112,200403
64,10,200403
64,205,200403
64,31,200403
64,140,200403
64,57,200403
64,192,200403
64,52,200403
64,51,200403
64,176,200403
64,154,200403
64,27,200403
64,134,200403
64,39,200403
64,117,200403
64,4,200403
64,81,200403
64,102,200403
64,45,200403
64,38,200403
64,59,200403
64,18,200403
64,28,200403
64,5,200403
64,17,200403
64,121,200403
64,48,200403
64,108,200403
64,20,200403
65,126,200403
65,519,200403
65,463,200403
65,0,200403
65,521,200403
65,73,200403
65,419,200403
65,54,200403
65,79,200403
65,55,200403
65,170,200403
65,160,200403
65,6,200403
65,81,200403
65,97,200403
65,39,200403
65,46,200403
65,27,200403
65,108,200403
65,26,200403
65,16,200403
65,146,200403
65,40,200403
65,25,200403
65,32,200403
65,135,200403
65,29,200403
65,137,200403
66,160,200403
66,32,200403
66,62,200403
66,77,200403
66,433,200403
66,27,200403
66,43,200403
66,39,200403
66,143,200403
66,55,200403
66,78,200403
66,175,200403
66,171,200403
66,12,200403
66,444,200403
66,64,200403
66,26,200403
66,126,200403
66,31,200403
66,83,200403
66,52,200403
66,104,200403
66,40,200403
66,16,200403
66,97,200403
66,18,200403
66,29,200403
66,146,200403
66,135,200403
67,147,200403
67,136,200403
68,67,200403
68,136,200403
69,3,200403
69,807,200403
69,433,200403
69,84,200403
69,49,200403
69,61,200403
69,4,200403
69,160,200403
69,806,200403
69,177,200403
69,51,200403
69,311,200403
69,132,200403
69,30,200403
69,137,200403
69,317,200403
69,125,200403
69,247,200403
69,50,200403
69,181,200403
69,165,200403
69,64,200403
69,27,200403
69,117,200403
69,46,200403
69,85,200403
69,154,200403
69,88,200403
69,1,200403
69,12,200403
69,121,200403
69,22,200403
69,2,200403
69,23,200403
69,223,200403
69,20,200403
69,14,200403
69,976,200403
69,21,200403
69,7,200403
69,17,200403
69,112,200403
69,113,200403
69,10,200403
69,183,200403
69,107,200403
69,11,200403
69,29,200403
69,5,200403
69,18,200403
69,136,200403
70,53,200403
70,11,200403
70,160,200403
70,213,200403
70,136,200403
70,1,200403
71,2,200403
71,26,200403
71,108,200403
71,35,200403
71,46,200403
71,146,200403
71,19,200403
71,6,200403
71,136,200403
71,17,200403
71,25,200403
71,18,200403
71,97,200403
71,29,200403
71,137,200403
72,104,200403
72,9,200403
72,35,200403
72,143,200403
72,433,200403
72,160,200403
72,544,200403
72,124,200403
72,77,200403
72,314,200403
72,282,200403
72,180,200403
72,113,200403
72,163,200403
72,57,200403
72,146,200403
72,74,200403
72,53,200403
72,118,200403
72,101,200403
72,131,200403
72,48,200403
72,34,200403
72,112,200403
72,29,200403
72,336,200403
72,5,200403
72,47,200403
72,16,200403
72,216,200403
72,248,200403
72,83,200403
72,165,200403
72,133,200403
72,93,200403
72,23,200403
72,85,200403
72,6,200403
72,14,200403
72,137,200403
72,2,200403
72,135,200403
72,11,200403
72,10,200403
72,32,200403
72,18,200403
72,136,200403
72,154,200403
72,25,200403
72,27,200403
72,97,200403
72,92,200403
72,1,200403
72,274,200403
73,0,200403
73,100,200403
73,97,200403
73,900,200403
73,31,200403
73,65,200403
73,83,200403
73,46,200403
74,174,200403
74,10,200403
74,270,200403
74,81,200403
74,44,200403
74,40,200403
74,76,200403
74,143,200403
74,43,200403
74,97,200403
74,248,200403
74,160,200403
74,54,200403
74,18,200403
74,32,200403
74,146,200403
74,29,200403
75,39,200403
75,40,200403
75,139,200403
75,18,200403
75,64,200403
75,97,200403
75,316,200403
75,178,200403
75,14,200403
75,160,200403
75,46,200403
75,108,200403
75,29,200403
75,60,200403
75,32,200403
75,146,200403
75,26,200403
76,137,200403
76,160,200403
76,83,200403
76,278,200403
76,813,200403
76,140,200403
76,194,200403
76,433,200403
76,52,200403
76,143,200403
76,77,200403
76,544,200403
76,146,200403
76,18,200403
76,11,200403
76,12,200403
76,117,200403
76,45,200403
76,32,200403
76,132,200403
76,64,200403
76,126,200403
76,24,200403
76,182,200403
76,74,200403
76,6,200403
76,26,200403
76,29,200403
76,14,200403
76,40,200403
76,120,200403
76,55,200403
76,178,200403
76,5,200403
76,237,200403
76,41,200403
76,19,200403
76,142,200403
76,48,200403
76,46,200403
76,35,200403
76,136,200403
76,97,200403
76,99,200403
76,60,200403
76,13,200403
76,25,200403
77,137,200403
77,136,200403
77,97,200403
77,57,200403
77,160,200403
77,135,200403
77,76,200403
77,29,200403
77,46,200403
77,59,200403
77,18,200403
77,38,200403
77,339,200403
77,110,200403
77,12,200403
77,54,200403
77,32,200403
77,101,200403
77,40,200403
77,15,200403
77,143,200403
77,72,200403
77,243,200403
77,51,200403
77,112,200403
77,194,200403
77,120,200403
77,154,200403
77,83,200403
77,7,200403
77,19,200403
77,14,200403
77,99,200403
77,197,200403
77,281,200403
77,155,200403
77,13,200403
77,6,200403
77,79,200403
77,52,200403
77,66,200403
77,64,200403
77,181,200403
77,1,200403
77,25,200403
77,100,200403
77,132,200403
77,5,200403
77,16,200403
77,129,200403
77,282,200403
77,17,200403
77,27,200403
77,4,200403
77,28,200403
77,23,200403
77,102,200403
77,80,200403
77,242,200403
77,47,200403
77,208,200403
77,69,200403
77,180,200403
77,178,200403
77,234,200403
77,117,200403
77,35,200403
77,107,200403
77,39,200403
77,21,200403
77,60,200403
77,206,200403
77,2,200403
77,53,200403
77,85,200403
77,22,200403
77,355,200403
77,205,200403
77,10,200403
77,1213,200403
77,31,200403
77,153,200403
77,0,200403
77,11,200403
77,139,200403
77,48,200403
77,89,200403
77,146,200403
77,92,200403
77,108,200403
77,20,200403
77,26,200403
77,94,200403
77,375,200403
78,39,200403
78,433,200403
78,58,200403
78,146,200403
78,52,200403
78,44,200403
78,31,200403
78,59,200403
78,46,200403
78,77,200403
78,81,200403
78,11,200403
78,160,200403
78,64,200403
78,13,200403
78,18,200403
78,27,200403
78,26,200403
78,40,200403
78,19,200403
78,29,200403
78,99,200403
78,97,200403
78,25,200403
78,32,200403
78,6,200403
78,137,200403
79,134,200403
79,182,200403
79,13,200403
79,837,200403
79,433,200403
79,176,200403
79,160,200403
79,77,200403
79,192,200403
79,58,200403
79,74,200403
79,135,200403
79,12,200403
79,32,200403
79,24,200403
79,97,200403
79,60,200403
79,46,200403
79,40,200403
79,180,200403
79,19,200403
79,29,200403
79,281,200403
79,16,200403
79,64,200403
79,146,200403
79,266,200403
79,375,200403
79,48,200403
80,126,200403
80,156,200403
80,433,200403
80,143,200403
80,160,200403
80,355,200403
80,132,200403
80,93,200403
80,54,200403
80,16,200403
80,77,200403
80,171,200403
80,64,200403
80,32,200403
80,83,200403
80,53,200403
80,108,200403
80,155,200403
80,99,200403
80,81,200403
80,27,200403
80,6,200403
80,4,200403
80,46,200403
80,154,200403
80,102,200403
80,0,200403
80,85,200403
80,5,200403
80,19,200403
80,48,200403
80,137,200403
80,100,200403
80,25,200403
80,1,200403
80,136,200403
80,60,200403
80,26,200403
80,146,200403
80,29,200403
80,10,200403
80,31,200403
80,135,200403
80,92,200403
80,14,200403
80,97,200403
81,182,200403
81,354,200403
81,0,200403
81,16,200403
81,83,200403
81,129,200403
81,342,200403
81,64,200403
81,137,200403
81,170,200403
81,113,200403
81,161,200403
81,178,200403
81,58,200403
81,132,200403
81,152,200403
81,26,200403
81,23,200403
81,15,200403
81,205,200403
81,57,200403
81,69,200403
81,176,200403
81,5,200403
81,65,200403
81,14,200403
81,86,200403
81,135,200403
81,117,200403
81,165,200403
81,18,200403
81,146,200403
81,180,200403
81,265,200403
81,13,200403
81,133,200403
81,355,200403
81,141,200403
81,97,200403
81,379,200403
81,22,200403
81,4,200403
81,193,200403
81,10,200403
81,100,200403
81,1,200403
81,108,200403
81,102,200403
81,38,200403
81,107,200403
81,96,200403
81,21,200403
81,32,200403
81,46,200403
81,17,200403
81,27,200403
81,35,200403
81,92,200403
81,99,200403
81,40,200403
81,59,200403
81,29,200403
81,54,200403
81,19,200403
81,160,200403
81,154,200403
81,48,200403
81,139,200403
81,25,200403
81,60,200403
81,31,200403
81,6,200403
81,136,200403
82,29,200403
82,143,200403
82,64,200403
82,108,200403
82,16,200403
82,97,200403
82,146,200403
82,6,200403
83,433,200403
83,101,200403
83,143,200403
83,281,200403
83,77,200403
83,24,200403
83,39,200403
83,78,200403
83,0,200403
83,552,200403
83,114,200403
83,160,200403
83,64,200403
83,48,200403
83,175,200403
83,19,200403
83,57,200403
83,104,200403
83,14,200403
83,135,200403
83,58,200403
83,13,200403
83,85,200403
83,52,200403
83,120,200403
83,81,200403
83,213,200403
83,96,200403
83,22,200403
83,142,200403
83,16,200403
83,117,200403
83,178,200403
83,54,200403
83,444,200403
83,182,200403
83,97,200403
83,463,200403
83,739,200403
83,6,200403
83,278,200403
83,29,200403
83,288,200403
83,126,200403
83,250,200403
83,80,200403
83,183,200403
83,131,200403
83,108,200403
83,20,200403
83,136,200403
83,155,200403
83,46,200403
83,31,200403
83,73,200403
83,60,200403
83,9,200403
83,116,200403
83,17,200403
83,40,200403
83,237,200403
83,112,200403
83,180,200403
83,38,200403
83,2,200403
83,21,200403
83,28,200403
83,23,200403
83,146,200403
83,102,200403
83,45,200403
83,99,200403
83,26,200403
83,59,200403
83,92,200403
83,27,200403
83,154,200403
83,10,200403
83,137,200403
83,25,200403
83,1,200403
83,18,200403
83,35,200403
83,32,200403
84,86,200403
84,69,200403
84,30,200403
84,31,200403
84,164,200403
84,223,200403
84,160,200403
84,11,200403
84,753,200403
84,27,200403
84,46,200403
84,12,200403
84,248,200403
84,88,200403
84,4,200403
84,18,200403
85,146,200403
85,153,200403
85,14,200403
85,25,200403
85,69,200403
85,143,200403
85,433,200403
85,552,200403
85,483,200403
85,181,200403
85,24,200403
85,28,200403
85,160,200403
85,740,200403
85,327,200403
85,40,200403
85,32,200403
85,213,200403
85,183,200403
85,112,200403
85,51,200403
85,125,200403
85,1,200403
85,18,200403
85,249,200403
85,54,200403
85,59,200403
85,83,200403
85,4,200403
85,61,200403
85,33,200403
85,23,200403
85,155,200403
85,31,200403
85,17,200403
85,19,200403
85,188,200403
85,97,200403
85,752,200403
85,29,200403
85,80,200403
85,107,200403
85,22,200403
85,77,200403
85,133,200403
85,136,200403
85,21,200403
85,170,200403
85,248,200403
85,137,200403
85,5,200403
85,266,200403
85,102,200403
85,48,200403
85,36,200403
85,13,200403
85,99,200403
85,92,200403
85,26,200403
85,154,200403
85,116,200403
85,10,200403
85,72,200403
85,0,200403
85,20,200403
85,96,200403
85,16,200403
85,93,200403
85,60,200403
85,108,200403
85,64,200403
85,149,200403
85,6,200403
85,115,200403
85,165,200403
85,274,200403
86,84,200403
86,164,200403
86,238,200403
86,35,200403
86,181,200403
86,146,200403
86,108,200403
86,20,200403
86,17,200403
86,32,200403
86,136,200403
86,4,200403
86,11,200403
86,18,200403
87,291,200403
87,203,200403
87,89,200403
88,164,200403
88,69,200403
88,84,200403
88,86,200403
88,81,200403
88,30,200403
88,223,200403
88,18,200403
88,4,200403
88,11,200403
89,121,200403
89,17,200403
89,99,200403
89,25,200403
89,18,200403
89,60,200403
89,90,200403
89,20,200403
89,14,200403
89,7,200403
89,23,200403
89,8,200403
89,46,200403
89,770,200403
89,243,200403
89,2,200403
89,137,200403
89,778,200403
89,5,200403
89,6,200403
89,323,200403
89,828,200403
89,87,200403
89,19,200403
89,212,200403
89,396,200403
89,1408,200403
89,26,200403
89,1,200403
89,1103,200403
89,77,200403
89,107,200403
89,110,200403
89,10,200403
89,133,200403
89,135,200403
89,113,200403
89,4,200403
89,112,200403
89,146,200403
89,32,200403
89,21,200403
89,51,200403
89,28,200403
89,11,200403
89,136,200403
89,29,200403
89,97,200403
90,89,200403
90,17,200403
90,8,200403
90,7,200403
90,243,200403
92,51,200403
92,180,200403
92,83,200403
92,135,200403
92,160,200403
92,274,200403
92,18,200403
92,20,200403
92,17,200403
92,59,200403
92,2,200403
92,1,200403
92,155,200403
92,666,200403
92,13,200403
92,69,200403
92,188,200403
92,112,200403
92,102,200403
92,85,200403
92,12,200403
92,52,200403
92,16,200403
92,21,200403
92,48,200403
92,28,200403
92,116,200403
92,32,200403
92,77,200403
92,100,200403
92,143,200403
92,4,200403
92,81,200403
92,107,200403
92,119,200403
92,26,200403
92,5,200403
92,97,200403
92,115,200403
92,146,200403
92,124,200403
92,137,200403
92,108,200403
92,149,200403
92,96,200403
92,80,200403
92,27,200403
92,60,200403
92,165,200403
92,72,200403
92,9,200403
92,157,200403
92,47,200403
92,154,200403
92,10,200403
92,14,200403
92,31,200403
92,93,200403
92,0,200403
93,24,200403
93,188,200403
93,137,200403
93,2,200403
93,175,200403
93,25,200403
93,339,200403
93,433,200403
93,160,200403
93,552,200403
93,118,200403
93,39,200403
93,149,200403
93,96,200403
93,27,200403
93,17,200403
93,115,200403
93,72,200403
93,10,200403
93,32,200403
93,346,200403
93,135,200403
93,154,200403
93,85,200403
93,18,200403
93,274,200403
93,92,200403
94,13,200403
94,52,200403
94,78,200403
94,38,200403
94,14,200403
94,160,200403
94,180,200403
94,143,200403
94,24,200403
94,146,200403
94,108,200403
94,25,200403
94,97,200403
94,16,200403
94,18,200403
94,77,200403
94,135,200403
94,32,200403
94,6,200403
94,46,200403
95,281,200403
95,77,200403
95,374,200403
95,62,200403
95,160,200403
95,703,200403
95,40,200403
95,46,200403
95,97,200403
96,48,200403
96,433,200403
96,23,200403
96,299,200403
96,10,200403
96,25,200403
96,130,200403
96,143,200403
96,160,200403
96,85,200403
96,104,200403
96,17,200403
96,361,200403
96,777,200403
96,1,200403
96,19,200403
96,165,200403
96,36,200403
96,60,200403
96,16,200403
96,906,200403
96,137,200403
96,35,200403
96,99,200403
96,11,200403
96,183,200403
96,34,200403
96,113,200403
96,83,200403
96,100,200403
96,0,200403
96,6,200403
96,28,200403
96,13,200403
96,53,200403
96,38,200403
96,20,200403
96,756,200403
96,73,200403
96,81,200403
96,69,200403
96,51,200403
96,333,200403
96,1269,200403
96,1794,200403
96,93,200403
96,757,200403
96,124,200403
96,801,200403
96,9,200403
96,1176,200403
96,31,200403
96,107,200403
96,59,200403
96,21,200403
96,204,200403
96,112,200403
96,133,200403
96,136,200403
96,154,200403
96,2,200403
96,108,200403
96,149,200403
96,14,200403
96,4,200403
96,115,200403
96,116,200403
96,22,200403
96,92,200403
96,27,200403
96,135,200403
96,5,200403
96,29,200403
96,18,200403
96,146,200403
96,97,200403
96,274,200403
97,14,200403
97,739,200403
97,77,200403
97,31,200403
97,40,200403
97,48,200403
97,25,200403
97,552,200403
97,1,200403
97,175,200403
97,93,200403
97,19,200403
97,58,200403
97,163,200403
97,129,200403
97,2,200403
97,24,200403
97,433,200403
97,154,200403
97,29,200403
97,39,200403
97,16,200403
97,126,200403
97,60,200403
97,143,200403
97,110,200403
97,137,200403
97,160,200403
97,46,200403
97,62,200403
97,17,200403
97,0,200403
97,167,200403
97,138,200403
97,35,200403
97,83,200403
97,146,200403
97,61,200403
97,10,200403
97,144,200403
97,28,200403
97,99,200403
97,55,200403
97,76,200403
97,180,200403
97,278,200403
97,11,200403
97,54,200403
97,161,200403
97,1088,200403
97,102,200403
97,96,200403
97,41,200403
97,23,200403
97,274,200403
97,51,200403
97,195,200403
97,135,200403
97,444,200403
97,27,200403
97,92,200403
97,1052,200403
97,543,200403
97,123,200403
97,64,200403
97,176,200403
97,73,200403
97,178,200403
97,544,200403
97,131,200403
97,65,200403
97,13,200403
97,26,200403
97,20,200403
97,133,200403
97,112,200403
97,4,200403
97,108,200403
97,6,200403
97,193,200403
97,155,200403
97,38,200403
97,117,200403
97,9,200403
97,12,200403
97,85,200403
97,384,200403
97,266,200403
97,21,200403
97,355,200403
97,170,200403
97,113,200403
97,63,200403
97,169,200403
97,153,200403
97,188,200403
97,101,200403
97,45,200403
97,192,200403
97,455,200403
97,320,200403
97,158,200403
97,124,200403
97,140,200403
97,181,200403
97,78,200403
97,198,200403
97,281,200403
97,66,200403
97,458,200403
97,57,200403
97,94,200403
97,82,200403
97,95,200403
97,47,200403
97,157,200403
97,208,200403
97,393,200403
97,118,200403
97,7,200403
97,269,200403
97,797,200403
97,43,200403
97,156,200403
97,510,200403
97,540,200403
97,165,200403
97,100,200403
97,59,200403
97,106,200403
97,398,200403
97,34,200403
97,213,200403
97,136,200403
97,182,200403
97,119,200403
97,769,200403
97,216,200403
97,159,200403
97,132,200403
97,152,200403
97,452,200403
97,71,200403
97,197,200403
97,98,200403
97,79,200403
97,341,200403
97,342,200403
97,435,200403
97,141,200403
97,53,200403
97,72,200403
97,237,200403
97,22,200403
97,224,200403
97,134,200403
97,172,200403
97,75,200403
97,860,200403
97,5,200403
97,142,200403
97,250,200403
97,89,200403
97,36,200403
97,18,200403
97,139,200403
97,249,200403
97,32,200403
97,120,200403
97,80,200403
97,81,200403
97,52,200403
98,25,200403
98,286,200403
98,146,200403
98,29,200403
98,101,200403
98,81,200403
98,35,200403
98,4,200403
98,14,200403
98,116,200403
98,160,200403
98,97,200403
98,137,200403
99,137,200403
99,10,200403
99,48,200403
99,89,200403
99,114,200403
99,7,200403
99,19,200403
99,146,200403
99,6,200403
99,54,200403
99,26,200403
99,112,200403
99,18,200403
99,4,200403
99,35,200403
99,13,200403
99,173,200403
99,51,200403
99,1,200403
99,55,200403
99,24,200403
99,156,200403
99,143,200403
99,176,200403
99,16,200403
99,96,200403
99,307,200403
99,60,200403
99,22,200403
99,131,200403
99,83,200403
99,14,200403
99,45,200403
99,11,200403
99,178,200403
99,32,200403
99,320,200403
99,0,200403
99,64,200403
99,113,200403
99,94,200403
99,544,200403
99,154,200403
99,101,200403
99,139,200403
99,17,200403
99,744,200403
99,40,200403
99,208,200403
99,278,200403
99,196,200403
99,2,200403
99,134,200403
99,36,200403
99,65,200403
99,341,200403
99,46,200403
99,860,200403
99,355,200403
99,155,200403
99,38,200403
99,85,200403
99,136,200403
99,180,200403
99,799,200403
99,20,200403
99,110,200403
99,142,200403
99,76,200403
99,57,200403
99,129,200403
99,59,200403
99,80,200403
99,117,200403
99,81,200403
99,63,200403
99,58,200403
99,132,200403
99,126,200403
99,78,200403
99,52,200403
99,77,200403
99,97,200403
99,100,200403
99,39,200403
99,27,200403
99,31,200403
99,12,200403
99,160,200403
99,102,200403
99,108,200403
99,135,200403
99,25,200403
99,29,200403
100,224,200403
100,14,200403
100,57,200403
100,97,200403
100,19,200403
100,39,200403
100,433,200403
100,143,200403
100,73,200403
100,160,200403
100,124,200403
100,38,200403
100,85,200403
100,137,200403
100,77,200403
100,83,200403
100,142,200403
100,47,200403
100,11,200403
100,178,200403
100,13,200403
100,23,200403
100,28,200403
100,117,200403
100,102,200403
100,266,200403
100,81,200403
100,52,200403
100,64,200403
100,341,200403
100,6,200403
100,165,200403
100,16,200403
100,155,200403
100,10,200403
100,134,200403
100,99,200403
100,29,200403
100,1,200403
100,80,200403
100,92,200403
100,135,200403
100,108,200403
100,59,200403
100,0,200403
100,154,200403
100,18,200403
100,25,200403
100,146,200403
100,35,200403
100,26,200403
100,31,200403
100,32,200403
100,48,200403
100,46,200403
101,433,200403
101,160,200403
101,274,200403
101,58,200403
101,339,200403
101,143,200403
101,39,200403
101,224,200403
101,281,200403
101,141,200403
101,375,200403
101,77,200403
101,44,200403
101,24,200403
101,43,200403
101,132,200403
101,40,200403
101,72,200403
101,117,200403
101,114,200403
101,38,200403
101,64,200403
101,46,200403
101,41,200403
101,9,200403
101,178,200403
101,346,200403
101,129,200403
101,16,200403
101,26,200403
101,18,200403
101,146,200403
101,6,200403
101,97,200403
101,99,200403
101,137,200403
101,25,200403
101,32,200403
101,29,200403
102,297,200403
102,24,200403
102,160,200403
102,52,200403
102,46,200403
102,138,200403
102,79,200403
102,349,200403
102,433,200403
102,64,200403
102,143,200403
102,206,200403
102,29,200403
102,21,200403
102,27,200403
102,0,200403
102,114,200403
102,242,200403
102,28,200403
102,129,200403
102,126,200403
102,5,200403
102,82,200403
102,154,200403
102,320,200403
102,18,200403
102,172,200403
102,124,200403
102,334,200403
102,137,200403
102,51,200403
102,81,200403
102,12,200403
102,117,200403
102,10,200403
102,39,200403
102,48,200403
102,17,200403
102,1,200403
102,36,200403
102,180,200403
102,100,200403
102,178,200403
102,92,200403
102,83,200403
102,38,200403
102,60,200403
102,146,200403
102,26,200403
102,6,200403
102,16,200403
102,31,200403
102,135,200403
102,40,200403
102,99,200403
102,32,200403
102,108,200403
102,19,200403
102,97,200403
102,14,200403
103,24,200403
103,10,200403
103,125,200403
103,27,200403
103,346,200403
104,485,200403
104,143,200403
104,72,200403
104,160,200403
104,433,200403
104,34,200403
104,332,200403
104,98,200403
104,224,200403
104,66,200403
104,136,200403
104,346,200403
104,32,200403
104,29,200403
104,154,200403
104,137,200403
105,11,200403
105,228,200403
105,183,200403
105,4,200403
106,76,200403
106,26,200403
106,137,200403
106,341,200403
106,146,200403
106,97,200403
107,23,200403
107,143,200403
107,5,200403
107,150,200403
107,501,200403
107,160,200403
107,112,200403
107,6,200403
107,1131,200403
107,108,200403
107,180,200403
107,26,200403
107,139,200403
107,99,200403
107,80,200403
107,10,200403
107,32,200403
107,35,200403
107,18,200403
107,0,200403
107,119,200403
107,97,200403
107,77,200403
107,121,200403
107,17,200403
107,60,200403
107,133,200403
107,483,200403
107,154,200403
107,148,200403
107,19,200403
107,211,200403
107,40,200403
107,879,200403
107,31,200403
107,25,200403
107,261,200403
107,2,200403
107,28,200403
107,53,200403
107,157,200403
107,47,200403
107,51,200403
107,165,200403
107,115,200403
107,146,200403
107,98,200403
107,135,200403
107,155,200403
107,132,200403
107,27,200403
107,248,200403
107,22,200403
107,92,200403
107,89,200403
107,14,200403
107,69,200403
107,113,200403
107,11,200403
107,183,200403
107,4,200403
107,20,200403
107,136,200403
107,1,200403
107,29,200403
107,137,200403
108,433,200403
108,129,200403
108,160,200403
108,97,200403
108,139,200403
108,60,200403
108,35,200403
108,14,200403
108,11,200403
108,17,200403
108,1,200403
108,9,200403
108,165,200403
108,180,200403
108,4,200403
108,2,200403
108,153,200403
108,77,200403
108,10,200403
108,13,200403
108,26,200403
108,83,200403
108,25,200403
108,739,200403
108,48,200403
108,107,200403
108,21,200403
108,28,200403
108,29,200403
108,22,200403
108,38,200403
108,52,200403
108,116,200403
108,59,200403
108,12,200403
108,131,200403
108,112,200403
108,20,200403
108,5,200403
108,142,200403
108,18,200403
108,113,200403
108,82,200403
108,54,200403
108,355,200403
108,36,200403
108,32,200403
108,51,200403
108,249,200403
108,94,200403
108,117,200403
108,146,200403
108,85,200403
108,156,200403
108,100,200403
108,769,200403
108,197,200403
108,181,200403
108,143,200403
108,75,200403
108,27,200403
108,341,200403
108,81,200403
108,96,200403
108,154,200403
108,178,200403
108,80,200403
108,41,200403
108,92,200403
108,19,200403
108,136,200403
108,155,200403
108,119,200403
108,16,200403
108,0,200403
108,135,200403
108,102,200403
108,31,200403
108,137,200403
108,99,200403
108,64,200403
108,40,200403
108,6,200403
108,46,200403
109,306,200403
109,592,200403
109,840,200403
109,629,200403
109,127,200403
109,938,200403
109,4,200403
109,110,200403
109,128,200403
109,427,200403
109,864,200403
109,628,200403
109,723,200403
109,655,200403
109,913,200403
109,724,200403
109,676,200403
109,729,200403
109,763,200403
109,593,200403
109,759,200403
109,305,200403
109,20,200403
109,677,200403
109,633,200403
110,651,200403
110,190,200403
110,465,200403
110,352,200403
110,532,200403
110,236,200403
110,24,200403
110,97,200403
110,29,200403
110,196,200403
110,143,200403
110,841,200403
110,69,200403
110,306,200403
110,427,200403
110,633,200403
110,59,200403
110,637,200403
110,641,200403
110,247,200403
110,232,200403
110,351,200403
110,604,200403
110,235,200403
110,186,200403
110,230,200403
110,31,200403
110,281,200403
110,679,200403
110,185,200403
110,5,200403
110,87,200403
110,51,200403
110,146,200403
110,201,200403
110,109,200403
110,231,200403
110,23,200403
110,226,200403
110,127,200403
110,470,200403
110,160,200403
110,200,200403
110,229,200403
110,560,200403
110,525,200403
110,19,200403
110,818,200403
110,424,200403
110,128,200403
110,474,200403
110,225,200403
110,20,200403
110,425,200403
110,77,200403
110,245,200403
110,290,200403
110,830,200403
110,704,200403
110,137,200403
110,808,200403
110,694,200403
110,6,200403
110,366,200403
110,471,200403
110,475,200403
110,472,200403
110,4,200403
110,645,200403
110,627,200403
110,305,200403
110,17,200403
110,589,200403
110,1004,200403
110,108,200403
110,684,200403
110,665,200403
110,650,200403
110,603,200403
110,786,200403
110,997,200403
110,572,200403
110,0,200403
110,980,200403
110,139,200403
110,576,200403
110,630,200403
110,573,200403
110,26,200403
110,527,200403
110,319,200403
110,13,200403
110,35,200403
110,191,200403
110,113,200403
110,10,200403
110,89,200403
110,99,200403
110,136,200403
110,25,200403
110,886,200403
110,7,200403
110,11,200403
110,18,200403
111,61,200403
111,136,200403
111,233,200403
111,85,200403
111,97,200403
111,29,200403
111,346,200403
111,18,200403
111,11,200403
112,99,200403
112,20,200403
112,433,200403
112,160,200403
112,6,200403
112,46,200403
112,19,200403
112,137,200403
112,40,200403
112,138,200403
112,77,200403
112,93,200403
112,11,200403
112,17,200403
112,4,200403
112,143,200403
112,175,200403
112,12,200403
112,85,200403
112,113,200403
112,18,200403
112,108,200403
112,97,200403
112,155,200403
112,52,200403
112,96,200403
112,247,200403
112,64,200403
112,116,200403
112,2,200403
112,29,200403
112,274,200403
112,1,200403
112,380,200403
112,23,200403
112,59,200403
112,136,200403
112,36,200403
112,81,200403
112,54,200403
112,25,200403
112,142,200403
112,32,200403
112,9,200403
112,92,200403
112,154,200403
112,135,200403
112,26,200403
112,906,200403
112,31,200403
112,27,200403
112,22,200403
112,189,200403
112,51,200403
112,183,200403
112,213,200403
112,14,200403
112,7,200403
112,89,200403
112,13,200403
112,10,200403
112,28,200403
112,107,200403
112,133,200403
113,160,200403
113,143,200403
113,99,200403
113,26,200403
113,19,200403
113,61,200403
113,77,200403
113,18,200403
113,69,200403
113,59,200403
113,169,200403
113,184,200403
113,13,200403
113,196,200403
113,20,200403
113,81,200403
113,1,200403
113,107,200403
113,108,200403
113,31,200403
113,110,200403
113,29,200403
113,23,200403
113,136,200403
113,6,200403
113,52,200403
113,102,200403
113,14,200403
113,135,200403
113,12,200403
113,83,200403
113,48,200403
113,183,200403
113,146,200403
113,25,200403
113,10,200403
113,11,200403
113,154,200403
113,7,200403
113,89,200403
113,137,200403
113,8,200403
113,27,200403
113,32,200403
113,17,200403
113,112,200403
113,5,200403
113,51,200403
113,97,200403
113,21,200403
113,4,200403
114,35,200403
114,134,200403
114,13,200403
114,26,200403
114,126,200403
114,1139,200403
114,265,200403
114,497,200403
114,53,200403
114,80,200403
114,495,200403
114,180,200403
114,32,200403
114,19,200403
114,146,200403
115,137,200403
115,1552,200403
115,72,200403
115,220,200403
115,801,200403
115,188,200403
115,433,200403
115,149,200403
115,165,200403
115,160,200403
115,552,200403
115,9,200403
115,25,200403
115,204,200403
115,27,200403
115,756,200403
115,34,200403
115,393,200403
115,143,200403
115,154,200403
115,31,200403
115,112,200403
115,248,200403
115,164,200403
115,142,200403
115,124,200403
115,107,200403
115,17,200403
115,2,200403
115,1,200403
115,10,200403
115,92,200403
115,96,200403
115,85,200403
115,274,200403
116,24,200403
116,46,200403
116,11,200403
116,72,200403
116,2,200403
116,93,200403
116,248,200403
116,107,200403
116,0,200403
116,17,200403
116,85,200403
116,1,200403
116,136,200403
116,137,200403
116,92,200403
116,96,200403
116,10,200403
116,25,200403
116,274,200403
117,155,200403
117,29,200403
117,19,200403
117,433,200403
117,52,200403
117,143,200403
117,175,200403
117,24,200403
117,146,200403
117,281,200403
117,206,200403
117,13,200403
117,160,200403
117,101,200403
117,233,200403
117,197,200403
117,82,200403
117,120,200403
117,0,200403
117,85,200403
117,74,200403
117,83,200403
117,53,200403
117,27,200403
117,14,200403
117,182,200403
117,119,200403
117,142,200403
117,195,200403
117,178,200403
117,18,200403
117,40,200403
117,36,200403
117,139,200403
117,208,200403
117,99,200403
117,60,200403
117,180,200403
117,32,200403
117,16,200403
117,46,200403
117,64,200403
117,26,200403
117,6,200403
117,97,200403
117,59,200403
118,0,200403
118,143,200403
118,160,200403
118,25,200403
118,157,200403
118,93,200403
118,124,200403
118,60,200403
118,137,200403
118,97,200403
119,160,200403
119,113,200403
119,112,200403
119,5,200403
119,142,200403
119,117,200403
119,107,200403
119,21,200403
119,76,200403
119,143,200403
119,4,200403
119,0,200403
119,180,200403
119,19,200403
119,17,200403
119,10,200403
119,16,200403
119,13,200403
119,92,200403
119,1,200403
119,146,200403
119,97,200403
119,31,200403
119,135,200403
119,108,200403
119,48,200403
119,36,200403
119,60,200403
119,14,200403
120,76,200403
120,19,200403
120,38,200403
120,433,200403
120,16,200403
120,140,200403
120,77,200403
120,6,200403
120,160,200403
120,52,200403
120,64,200403
120,143,200403
120,40,200403
120,46,200403
120,43,200403
120,124,200403
120,65,200403
120,94,200403
120,117,200403
120,136,200403
120,15,200403
120,192,200403
120,183,200403
120,25,200403
120,137,200403
120,171,200403
120,860,200403
120,41,200403
120,152,200403
120,85,200403
120,54,200403
120,0,200403
120,154,200403
120,100,200403
120,31,200403
120,14,200403
120,29,200403
120,35,200403
120,13,200403
120,146,200403
120,26,200403
120,32,200403
120,64,200403
120,13,200403
120,18,200403
120,29,200403
120,32,200403
120,40,200403
120,26,200403
120,60,200403
120,19,200403
120,146,200403
120,6,200403
120,137,200403
120,46,200403
120,97,200403
121,160,200403
121,143,200403
121,112,200403
121,433,200403
121,17,200403
121,138,200403
121,213,200403
121,5,200403
121,12,200403
121,69,200403
121,132,200403
121,22,200403
121,274,200403
121,107,200403
121,1,200403
121,11,200403
121,48,200403
121,4,200403
121,13,200403
121,10,200403
121,59,200403
121,64,200403
121,137,200403
122,234,200403
122,171,200403
122,32,200403
122,783,200403
122,31,200403
122,16,200403
122,0,200403
122,144,200403
122,30,200403
122,738,200403
122,10,200403
122,346,200403
122,18,200403
122,136,200403
123,234,200403
123,122,200403
123,19,200403
123,64,200403
123,137,200403
123,248,200403
123,18,200403
124,22,200403
124,143,200403
124,433,200403
124,75,200403
124,165,200403
124,188,200403
124,72,200403
124,83,200403
124,29,200403
124,25,200403
124,39,200403
124,93,200403
124,52,200403
124,112,200403
124,19,200403
124,77,200403
124,115,200403
124,18,200403
124,99,200403
124,137,200403
124,346,200403
124,0,200403
124,96,200403
124,16,200403
124,2,200403
124,28,200403
124,27,200403
124,160,200403
124,17,200403
124,97,200403
124,14,200403
124,32,200403
124,10,200403
124,135,200403
124,1,200403
124,92,200403
124,46,200403
124,146,200403
124,154,200403
124,274,200403
125,29,200403
125,181,200403
125,12,200403
125,145,200403
125,176,200403
125,120,200403
125,10,200403
125,171,200403
125,274,200403
125,64,200403
125,18,200403
125,136,200403
126,55,200403
126,195,200403
126,433,200403
126,143,200403
126,142,200403
126,160,200403
126,117,200403
126,206,200403
126,52,200403
126,6,200403
126,19,200403
126,31,200403
126,135,200403
126,40,200403
126,76,200403
126,38,200403
126,77,200403
126,544,200403
126,83,200403
126,114,200403
126,9,200403
126,54,200403
126,26,200403
126,134,200403
126,41,200403
126,0,200403
126,97,200403
126,192,200403
126,154,200403
126,48,200403
126,108,200403
126,64,200403
126,136,200403
126,129,200403
126,178,200403
126,1,200403
126,34,200403
126,99,200403
126,29,200403
126,13,200403
126,180,200403
126,18,200403
126,60,200403
126,10,200403
126,375,200403
126,14,200403
126,16,200403
126,46,200403
126,266,200403
126,146,200403
126,32,200403
126,59,200403
127,109,200403
127,306,200403
127,110,200403
127,427,200403
127,4,200403
127,247,200403
128,4,200403
128,306,200403
128,109,200403
128,110,200403
128,427,200403
129,519,200403
129,10,200403
129,35,200403
129,136,200403
129,46,200403
129,433,200403
129,60,200403
129,18,200403
129,77,200403
129,48,200403
129,4,200403
129,173,200403
129,146,200403
129,172,200403
129,40,200403
129,160,200403
129,17,200403
129,143,200403
129,112,200403
129,26,200403
129,28,200403
129,85,200403
129,38,200403
129,89,200403
129,32,200403
129,194,200403
129,13,200403
129,64,200403
129,126,200403
129,175,200403
129,419,200403
129,101,200403
129,294,200403
129,52,200403
129,31,200403
129,178,200403
129,217,200403
129,29,200403
129,1129,200403
129,99,200403
129,266,200403
129,154,200403
129,284,200403
129,16,200403
129,25,200403
129,135,200403
129,14,200403
129,108,200403
129,19,200403
129,6,200403
129,59,200403
129,137,200403
129,97,200403
130,96,200403
130,299,200403
130,136,200403
130,1,200403
131,66,200403
131,159,200403
131,433,200403
131,160,200403
131,144,200403
131,176,200403
131,125,200403
131,155,200403
131,52,200403
131,544,200403
131,27,200403
131,30,200403
131,14,200403
131,156,200403
131,180,200403
131,77,200403
131,276,200403
131,26,200403
131,81,200403
131,97,200403
131,54,200403
131,248,200403
131,108,200403
131,13,200403
131,346,200403
131,6,200403
131,154,200403
131,146,200403
131,16,200403
131,135,200403
131,18,200403
131,136,200403
131,29,200403
131,32,200403
132,160,200403
132,138,200403
132,77,200403
132,159,200403
132,19,200403
132,51,200403
132,143,200403
132,23,200403
132,433,200403
132,69,200403
132,501,200403
132,15,200403
132,29,200403
132,36,200403
132,314,200403
132,133,200403
132,12,200403
132,362,200403
132,144,200403
132,146,200403
132,58,200403
132,101,200403
132,111,200403
132,39,200403
132,24,200403
132,249,200403
132,16,200403
132,121,200403
132,181,200403
132,22,200403
132,65,200403
132,11,200403
132,1,200403
132,40,200403
132,163,200403
132,54,200403
132,274,200403
132,26,200403
132,346,200403
132,27,200403
132,154,200403
132,18,200403
132,99,200403
132,136,200403
132,10,200403
132,25,200403
132,32,200403
132,135,200403
132,97,200403
132,137,200403
133,143,200403
133,160,200403
133,2,200403
133,85,200403
133,6,200403
133,53,200403
133,1,200403
133,32,200403
133,51,200403
133,119,200403
133,136,200403
133,107,200403
133,16,200403
133,4,200403
133,135,200403
133,81,200403
133,69,200403
133,31,200403
133,22,200403
133,154,200403
133,165,200403
133,11,200403
133,14,200403
133,21,200403
133,96,200403
133,10,200403
133,7,200403
133,89,200403
133,20,200403
133,137,200403
133,112,200403
133,5,200403
134,13,200403
134,114,200403
134,55,200403
134,195,200403
134,180,200403
134,181,200403
134,289,200403
134,160,200403
134,52,200403
134,6,200403
134,79,200403
134,62,200403
134,433,200403
134,176,200403
134,155,200403
134,146,200403
134,282,200403
134,81,200403
134,76,200403
134,143,200403
134,270,200403
134,59,200403
134,64,200403
134,25,200403
134,126,200403
134,78,200403
134,57,200403
134,136,200403
134,178,200403
134,99,200403
134,139,200403
134,19,200403
134,26,200403
134,40,200403
134,29,200403
134,32,200403
134,97,200403
135,40,200403
135,764,200403
135,138,200403
135,1,200403
135,0,200403
135,54,200403
135,83,200403
135,157,200403
135,110,200403
135,113,200403
135,107,200403
135,208,200403
135,10,200403
135,38,200403
135,80,200403
135,19,200403
135,6,200403
135,16,200403
135,92,200403
135,59,200403
135,18,200403
135,17,200403
135,108,200403
135,380,200403
135,133,200403
135,64,200403
135,1534,200403
135,78,200403
135,21,200403
135,112,200403
135,160,200403
135,77,200403
135,41,200403
135,2,200403
135,156,200403
135,23,200403
135,85,200403
135,180,200403
135,36,200403
135,72,200403
135,7,200403
135,146,200403
135,22,200403
135,11,200403
135,9,200403
135,26,200403
135,89,200403
135,46,200403
135,100,200403
135,65,200403
135,267,200403
135,163,200403
135,124,200403
135,15,200403
135,131,200403
135,66,200403
135,132,200403
135,96,200403
135,155,200403
135,175,200403
135,129,200403
135,94,200403
135,52,200403
135,24,200403
135,181,200403
135,197,200403
135,4,200403
135,119,200403
135,102,200403
135,32,200403
135,48,200403
135,5,200403
135,136,200403
135,13,200403
135,143,200403
135,35,200403
135,60,200403
135,137,200403
135,81,200403
135,139,200403
135,31,200403
135,12,200403
135,28,200403
135,99,200403
135,97,200403
135,20,200403
135,14,200403
135,375,200403
135,154,200403
135,27,200403
136,23,200403
136,27,200403
136,1,200403
136,138,200403
136,175,200403
136,159,200403
136,11,200403
136,125,200403
136,24,200403
136,18,200403
136,183,200403
136,19,200403
136,764,200403
136,143,200403
136,4,200403
136,552,200403
136,137,200403
136,31,200403
136,146,200403
136,35,200403
136,29,200403
136,77,200403
136,433,200403
136,62,200403
136,160,200403
136,5,200403
136,117,200403
136,884,200403
136,17,200403
136,28,200403
136,107,200403
136,40,200403
136,30,200403
136,76,200403
136,72,200403
136,10,200403
136,52,200403
136,165,200403
136,13,200403
136,36,200403
136,126,200403
136,81,200403
136,139,200403
136,213,200403
136,64,200403
136,51,200403
136,154,200403
136,161,200403
136,102,200403
136,26,200403
136,135,200403
136,247,200403
136,274,200403
136,6,200403
136,989,200403
136,181,200403
136,113,200403
136,2,200403
136,32,200403
136,60,200403
136,155,200403
136,982,200403
136,21,200403
136,83,200403
136,0,200403
136,108,200403
136,112,200403
136,14,200403
136,981,200403
136,85,200403
136,22,200403
136,834,200403
136,496,200403
136,48,200403
136,873,200403
136,99,200403
136,988,200403
136,142,200403
136,248,200403
136,148,200403
136,891,200403
136,968,200403
136,53,200403
136,59,200403
136,537,200403
136,20,200403
136,178,200403
136,728,200403
136,110,200403
136,762,200403
136,492,200403
136,100,200403
136,480,200403
136,46,200403
136,147,200403
136,738,200403
136,588,200403
136,415,200403
136,307,200403
136,502,200403
136,361,200403
136,129,200403
136,862,200403
136,359,200403
136,371,200403
136,303,200403
136,221,200403
136,70,200403
136,111,200403
136,169,200403
136,68,200403
136,372,200403
136,358,200403
136,346,200403
136,8,200403
136,299,200403
136,67,200403
136,116,200403
136,104,200403
136,164,200403
136,71,200403
136,166,200403
136,376,200403
136,96,200403
136,950,200403
136,163,200403
136,33,200403
136,15,200403
136,9,200403
136,132,200403
136,153,200403
136,34,200403
136,130,200403
136,61,200403
136,184,200403
136,189,200403
136,12,200403
136,80,200403
136,16,200403
136,133,200403
136,86,200403
136,177,200403
136,122,200403
136,97,200403
136,265,200403
136,131,200403
136,54,200403
136,150,200403
136,25,200403
136,89,200403
136,69,200403
137,77,200403
137,121,200403
137,143,200403
137,97,200403
137,62,200403
137,25,200403
137,99,200403
137,20,200403
137,10,200403
137,160,200403
137,17,200403
137,136,200403
137,433,200403
137,112,200403
137,110,200403
137,46,200403
137,2,200403
137,339,200403
137,29,200403
137,165,200403
137,69,200403
137,48,200403
137,4,200403
137,194,200403
137,26,200403
137,138,200403
137,96,200403
137,1,200403
137,13,200403
137,5,200403
137,6,200403
137,89,200403
137,175,200403
137,23,200403
137,39,200403
137,24,200403
137,93,200403
137,40,200403
137,76,200403
137,35,200403
137,11,200403
137,495,200403
137,64,200403
137,19,200403
137,108,200403
137,14,200403
137,52,200403
137,45,200403
137,113,200403
137,341,200403
137,47,200403
137,54,200403
137,65,200403
137,155,200403
137,15,200403
137,59,200403
137,102,200403
137,180,200403
137,740,200403
137,61,200403
137,142,200403
137,988,200403
137,989,200403
137,457,200403
137,389,200403
137,248,200403
137,346,200403
137,126,200403
137,107,200403
137,1291,200403
137,885,200403
137,249,200403
137,1017,200403
137,320,200403
137,521,200403
137,118,200403
137,510,200403
137,169,200403
137,18,200403
137,496,200403
137,32,200403
137,31,200403
137,371,200403
137,146,200403
137,72,200403
137,85,200403
137,307,200403
137,27,200403
137,41,200403
137,80,200403
137,124,200403
137,0,200403
137,671,200403
137,101,200403
137,1190,200403
137,393,200403
137,188,200403
137,544,200403
137,58,200403
137,156,200403
137,116,200403
137,9,200403
137,216,200403
137,181,200403
137,16,200403
137,152,200403
137,57,200403
137,60,200403
137,83,200403
137,244,200403
137,81,200403
137,115,200403
137,250,200403
137,34,200403
137,483,200403
137,344,200403
137,92,200403
137,78,200403
137,355,200403
137,157,200403
137,336,200403
137,333,200403
137,390,200403
137,100,200403
137,22,200403
137,220,200403
137,149,200403
137,53,200403
137,153,200403
137,309,200403
137,98,200403
137,150,200403
137,7,200403
137,337,200403
137,36,200403
137,104,200403
137,120,200403
137,132,200403
137,38,200403
137,51,200403
137,161,200403
137,139,200403
137,28,200403
137,135,200403
137,71,200403
137,213,200403
137,133,200403
137,12,200403
137,129,200403
137,21,200403
137,154,200403
138,5,200403
138,143,200403
138,339,200403
138,296,200403
138,16,200403
138,501,200403
138,175,200403
138,18,200403
138,2,200403
138,59,200403
138,23,200403
138,25,200403
138,52,200403
138,29,200403
138,31,200403
138,137,200403
138,6,200403
138,27,200403
138,282,200403
138,154,200403
138,433,200403
138,136,200403
138,32,200403
138,51,200403
138,247,200403
138,132,200403
138,170,200403
138,346,200403
138,248,200403
138,11,200403
138,490,200403
138,10,200403
138,266,200403
139,36,200403
139,108,200403
139,13,200403
139,160,200403
139,60,200403
139,433,200403
139,375,200403
139,26,200403
139,4,200403
139,39,200403
139,81,200403
139,5,200403
139,17,200403
139,10,200403
139,51,200403
139,23,200403
139,20,200403
139,14,200403
139,137,200403
139,28,200403
139,75,200403
139,83,200403
139,142,200403
139,354,200403
139,99,200403
139,107,200403
139,6,200403
139,180,200403
139,265,200403
139,76,200403
139,154,200403
139,136,200403
139,341,200403
139,176,200403
139,143,200403
139,102,200403
139,25,200403
139,117,200403
139,54,200403
139,320,200403
139,52,200403
139,769,200403
139,40,200403
139,16,200403
139,29,200403
139,18,200403
139,19,200403
139,35,200403
139,178,200403
139,77,200403
139,32,200403
139,135,200403
139,146,200403
139,97,200403
139,46,200403
139,59,200403
140,433,200403
140,181,200403
140,143,200403
140,76,200403
140,60,200403
140,77,200403
140,95,200403
140,160,200403
140,25,200403
140,65,200403
140,62,200403
140,38,200403
140,6,200403
140,205,200403
140,120,200403
140,15,200403
140,34,200403
140,31,200403
140,97,200403
140,40,200403
140,26,200403
140,146,200403
140,32,200403
140,19,200403
140,64,200403
140,29,200403
140,46,200403
141,433,200403
141,57,200403
141,142,200403
141,46,200403
141,81,200403
141,160,200403
141,31,200403
141,32,200403
141,146,200403
141,40,200403
141,97,200403
142,500,200403
142,126,200403
142,433,200403
142,32,200403
142,143,200403
142,19,200403
142,281,200403
142,6,200403
142,135,200403
142,493,200403
142,160,200403
142,54,200403
142,242,200403
142,27,200403
142,13,200403
142,0,200403
142,36,200403
142,52,200403
142,18,200403
142,131,200403
142,155,200403
142,29,200403
142,157,200403
142,97,200403
142,102,200403
142,81,200403
142,140,200403
142,119,200403
142,180,200403
142,14,200403
142,380,200403
142,444,200403
142,5,200403
142,40,200403
142,739,200403
142,38,200403
142,24,200403
142,115,200403
142,55,200403
142,266,200403
142,178,200403
142,83,200403
142,17,200403
142,25,200403
142,99,200403
142,94,200403
142,28,200403
142,108,200403
142,60,200403
142,48,200403
142,92,200403
142,10,200403
142,26,200403
142,1,200403
142,16,200403
142,64,200403
142,146,200403
142,46,200403
142,59,200403
143,160,200403
143,247,200403
143,121,200403
143,28,200403
143,101,200403
143,136,200403
143,155,200403
143,72,200403
143,51,200403
143,157,200403
143,0,200403
143,52,200403
143,16,200403
143,501,200403
143,64,200403
143,29,200403
143,139,200403
143,140,200403
143,76,200403
143,19,200403
143,60,200403
143,129,200403
143,126,200403
143,2,200403
143,30,200403
143,176,200403
143,5,200403
143,23,200403
143,375,200403
143,11,200403
143,1,200403
143,96,200403
143,120,200403
143,142,200403
143,14,200403
143,77,200403
143,455,200403
143,40,200403
143,100,200403
143,104,200403
143,9,200403
143,54,200403
143,27,200403
143,32,200403
143,124,200403
143,15,200403
143,25,200403
143,6,200403
143,138,200403
143,85,200403
143,97,200403
143,165,200403
143,17,200403
143,61,200403
143,62,200403
143,419,200403
143,34,200403
143,112,200403
143,242,200403
143,35,200403
143,188,200403
143,13,200403
143,12,200403
143,195,200403
143,118,200403
143,132,200403
143,59,200403
143,46,200403
143,282,200403
143,296,200403
143,137,200403
143,110,200403
143,170,200403
143,281,200403
143,154,200403
143,83,200403
143,36,200403
143,113,200403
143,10,200403
143,18,200403
143,80,200403
143,39,200403
143,180,200403
143,327,200403
143,44,200403
143,119,200403
143,341,200403
143,156,200403
143,38,200403
143,482,200403
143,146,200403
143,92,200403
143,26,200403
143,99,200403
143,108,200403
143,135,200403
144,132,200403
144,433,200403
144,160,200403
144,61,200403
144,44,200403
144,15,200403
144,74,200403
144,11,200403
144,29,200403
144,18,200403
145,61,200403
145,265,200403
145,29,200403
145,248,200403
145,10,200403
145,54,200403
145,18,200403
146,13,200403
146,433,200403
146,85,200403
146,500,200403
146,137,200403
146,27,200403
146,35,200403
146,17,200403
146,20,200403
146,4,200403
146,28,200403
146,6,200403
146,25,200403
146,46,200403
146,16,200403
146,154,200403
146,117,200403
146,274,200403
146,24,200403
146,64,200403
146,136,200403
146,160,200403
146,29,200403
146,11,200403
146,32,200403
146,1,200403
146,23,200403
146,97,200403
146,87,200403
146,18,200403
146,59,200403
146,129,200403
146,60,200403
146,110,200403
146,19,200403
146,96,200403
146,175,200403
146,197,200403
146,132,200403
146,171,200403
146,544,200403
146,120,200403
146,30,200403
146,40,200403
146,143,200403
146,180,200403
146,145,200403
146,181,200403
146,131,200403
146,54,200403
146,82,200403
146,113,200403
146,34,200403
146,183,200403
146,94,200403
146,38,200403
146,249,200403
146,77,200403
146,106,200403
146,192,200403
146,102,200403
146,63,200403
146,355,200403
146,76,200403
146,15,200403
146,237,200403
146,71,200403
146,135,200403
146,83,200403
146,362,200403
146,140,200403
146,170,200403
146,81,200403
146,2,200403
146,178,200403
146,31,200403
146,41,200403
146,224,200403
146,0,200403
146,62,200403
146,65,200403
146,108,200403
146,188,200403
146,48,200403
146,141,200403
146,101,200403
146,208,200403
146,36,200403
146,205,200403
146,198,200403
146,332,200403
146,26,200403
146,157,200403
146,92,200403
146,155,200403
146,39,200403
146,66,200403
146,195,200403
146,14,200403
146,182,200403
146,55,200403
146,72,200403
146,53,200403
146,57,200403
146,43,200403
146,79,200403
146,163,200403
146,78,200403
146,74,200403
146,119,200403
146,80,200403
146,100,200403
146,9,200403
146,126,200403
146,99,200403
146,124,200403
146,320,200403
146,134,200403
146,12,200403
146,45,200403
146,58,200403
146,114,200403
146,176,200403
146,142,200403
146,89,200403
146,75,200403
146,51,200403
146,52,200403
146,139,200403
146,10,200403
147,160,200403
147,169,200403
147,153,200403
147,330,200403
147,1068,200403
147,67,200403
147,981,200403
147,136,200403
147,372,200403
147,221,200403
147,358,200403
147,1709,200403
147,228,200403
147,11,200403
148,107,200403
148,136,200403
149,115,200403
149,124,200403
149,102,200403
149,188,200403
149,24,200403
149,157,200403
149,28,200403
149,248,200403
149,346,200403
149,17,200403
149,14,200403
149,31,200403
149,2,200403
149,165,200403
149,1,200403
149,85,200403
149,10,200403
149,96,200403
149,92,200403
149,137,200403
149,25,200403
149,274,200403
150,10,200403
150,107,200403
150,433,200403
150,51,200403
150,5,200403
150,23,200403
150,1,200403
150,136,200403
150,247,200403
150,501,200403
150,27,200403
150,113,200403
150,906,200403
150,53,200403
150,213,200403
150,83,200403
150,817,200403
150,22,200403
150,346,200403
150,4,200403
150,11,200403
150,20,200403
150,17,200403
150,137,200403
151,316,200403
151,160,200403
151,178,200403
152,501,200403
152,116,200403
152,309,200403
152,57,200403
152,81,200403
152,29,200403
152,6,200403
152,60,200403
152,137,200403
152,46,200403
152,160,200403
152,25,200403
152,97,200403
153,147,200403
153,36,200403
153,137,200403
153,6,200403
153,77,200403
153,97,200403
153,136,200403
153,11,200403
153,29,200403
153,18,200403
153,25,200403
154,29,200403
154,138,200403
154,433,200403
154,23,200403
154,165,200403
154,163,200403
154,354,200403
154,11,200403
154,146,200403
154,25,200403
154,136,200403
154,62,200403
154,27,200403
154,24,200403
154,77,200403
154,175,200403
154,53,200403
154,143,200403
154,160,200403
154,189,200403
154,1,200403
154,5,200403
154,54,200403
154,40,200403
154,6,200403
154,96,200403
154,97,200403
154,327,200403
154,19,200403
154,142,200403
154,31,200403
154,13,200403
154,34,200403
154,270,200403
154,155,200403
154,233,200403
154,16,200403
154,137,200403
154,182,200403
154,265,200403
154,120,200403
154,21,200403
154,81,200403
154,112,200403
154,274,200403
154,121,200403
154,51,200403
154,18,200403
154,32,200403
154,181,200403
154,39,200403
154,80,200403
154,107,200403
154,139,200403
154,133,200403
154,161,200403
154,60,200403
154,28,200403
154,1580,200403
154,888,200403
154,503,200403
154,52,200403
154,394,200403
154,379,200403
154,251,200403
154,193,200403
154,2,200403
154,522,200403
154,1482,200403
154,85,200403
154,59,200403
154,275,200403
154,388,200403
154,93,200403
154,132,200403
154,131,200403
154,544,200403
154,129,200403
154,0,200403
154,296,200403
154,314,200403
154,269,200403
154,46,200403
154,104,200403
154,159,200403
154,15,200403
154,17,200403
154,9,200403
154,10,200403
154,83,200403
154,38,200403
154,26,200403
154,267,200403
154,113,200403
154,100,200403
154,64,200403
154,72,200403
154,99,200403
154,48,200403
154,108,200403
154,124,200403
154,20,200403
154,12,200403
154,14,200403
154,4,200403
154,35,200403
154,92,200403
154,135,200403
155,182,200403
155,143,200403
155,6,200403
155,13,200403
155,19,200403
155,433,200403
155,117,200403
155,160,200403
155,60,200403
155,58,200403
155,0,200403
155,136,200403
155,54,200403
155,79,200403
155,294,200403
155,25,200403
155,21,200403
155,76,200403
155,20,200403
155,39,200403
155,137,200403
155,134,200403
155,282,200403
155,36,200403
155,18,200403
155,142,200403
155,107,200403
155,11,200403
155,178,200403
155,83,200403
155,195,200403
155,85,200403
155,112,200403
155,1,200403
155,80,200403
155,92,200403
155,99,200403
155,100,200403
155,16,200403
155,2,200403
155,48,200403
155,154,200403
155,180,200403
155,17,200403
155,320,200403
155,28,200403
155,266,200403
155,40,200403
155,64,200403
155,29,200403
155,97,200403
155,26,200403
155,27,200403
155,146,200403
155,31,200403
155,135,200403
155,10,200403
155,108,200403
155,46,200403
155,32,200403
155,14,200403
156,433,200403
156,80,200403
156,96,200403
156,154,200403
156,149,200403
156,181,200403
156,233,200403
156,36,200403
156,769,200403
156,25,200403
156,38,200403
156,14,200403
156,19,200403
156,35,200403
156,108,200403
156,137,200403
156,18,200403
156,97,200403
156,60,200403
156,160,200403
156,46,200403
157,0,200403
157,354,200403
157,433,200403
157,31,200403
157,118,200403
157,143,200403
157,156,200403
157,116,200403
157,135,200403
157,57,200403
157,163,200403
157,48,200403
157,154,200403
157,107,200403
157,17,200403
157,64,200403
157,10,200403
157,1,200403
157,160,200403
157,32,200403
157,60,200403
157,146,200403
157,14,200403
157,46,200403
157,97,200403
157,25,200403
157,137,200403
157,92,200403
158,339,200403
158,342,200403
158,126,200403
158,266,200403
158,178,200403
158,25,200403
158,6,200403
158,97,200403
158,46,200403
159,136,200403
159,26,200403
159,160,200403
159,29,200403
159,77,200403
159,163,200403
159,24,200403
159,54,200403
159,346,200403
159,53,200403
159,18,200403
159,154,200403
159,10,200403
159,97,200403
160,39,200403
160,13,200403
160,28,200403
160,27,200403
160,139,200403
160,20,200403
160,104,200403
160,9,200403
160,40,200403
160,85,200403
160,17,200403
160,77,200403
160,22,200403
160,512,200403
160,30,200403
160,194,200403
160,120,200403
160,140,200403
160,62,200403
160,69,200403
160,89,200403
160,154,200403
160,143,200403
160,19,200403
160,80,200403
160,112,200403
160,35,200403
160,34,200403
160,41,200403
160,24,200403
160,32,200403
160,4,200403
160,64,200403
160,18,200403
160,72,200403
160,131,200403
160,5,200403
160,188,200403
160,460,200403
160,129,200403
160,97,200403
160,79,200403
160,14,200403
160,55,200403
160,95,200403
160,43,200403
160,115,200403
160,142,200403
160,101,200403
160,157,200403
160,224,200403
160,137,200403
160,54,200403
160,96,200403
160,48,200403
160,78,200403
160,159,200403
160,134,200403
160,0,200403
160,93,200403
160,176,200403
160,45,200403
160,183,200403
160,165,200403
160,31,200403
160,29,200403
160,144,200403
160,118,200403
160,281,200403
160,175,200403
160,234,200403
160,126,200403
160,108,200403
160,76,200403
160,53,200403
160,133,200403
160,46,200403
160,84,200403
160,2,200403
160,61,200403
160,181,200403
160,180,200403
160,147,200403
160,216,200403
160,38,200403
160,100,200403
160,51,200403
160,117,200403
160,132,200403
160,327,200403
160,107,200403
160,57,200403
160,320,200403
160,155,200403
160,52,200403
160,110,200403
160,197,200403
160,60,200403
160,102,200403
160,12,200403
160,195,200403
160,23,200403
160,21,200403
160,70,200403
160,15,200403
160,6,200403
160,433,200403
160,146,200403
160,136,200403
160,59,200403
160,10,200403
160,11,200403
160,116,200403
160,16,200403
160,1,200403
160,83,200403
160,339,200403
160,25,200403
160,119,200403
160,149,200403
160,124,200403
160,33,200403
160,65,200403
160,286,200403
160,92,200403
160,1144,200403
160,342,200403
160,75,200403
160,94,200403
160,151,200403
160,141,200403
160,710,200403
160,250,200403
160,58,200403
160,544,200403
160,161,200403
160,935,200403
160,309,200403
160,318,200403
160,871,200403
160,341,200403
160,303,200403
160,543,200403
160,198,200403
160,379,200403
160,81,200403
160,393,200403
160,152,200403
160,249,200403
160,98,200403
160,156,200403
160,355,200403
160,26,200403
160,99,200403
161,453,200403
161,1231,200403
161,143,200403
161,100,200403
161,432,200403
161,309,200403
161,36,200403
161,71,200403
161,81,200403
161,137,200403
161,160,200403
161,20,200403
161,136,200403
161,14,200403
161,108,200403
161,53,200403
161,18,200403
161,60,200403
161,59,200403
161,25,200403
163,159,200403
163,29,200403
163,269,200403
163,433,200403
163,34,200403
163,233,200403
163,134,200403
163,46,200403
163,57,200403
163,72,200403
163,60,200403
163,97,200403
163,136,200403
163,18,200403
163,32,200403
163,135,200403
163,146,200403
164,88,200403
164,84,200403
164,223,200403
164,143,200403
164,40,200403
164,188,200403
164,115,200403
164,183,200403
164,30,200403
164,136,200403
164,4,200403
164,18,200403
164,11,200403
165,154,200403
165,85,200403
165,433,200403
165,65,200403
165,115,200403
165,500,200403
165,96,200403
165,23,200403
165,1,200403
165,34,200403
165,31,200403
165,160,200403
165,282,200403
165,137,200403
165,175,200403
165,62,200403
165,124,200403
165,274,200403
165,136,200403
165,24,200403
165,521,200403
165,2,200403
165,339,200403
165,133,200403
165,97,200403
165,28,200403
165,183,200403
165,26,200403
165,107,200403
165,38,200403
165,80,200403
165,6,200403
165,51,200403
165,36,200403
165,64,200403
165,19,200403
165,346,200403
165,99,200403
165,113,200403
165,25,200403
165,9,200403
165,112,200403
165,60,200403
165,14,200403
165,4,200403
165,5,200403
165,149,200403
165,10,200403
165,17,200403
165,29,200403
165,92,200403
166,136,200403
167,97,200403
168,87,200403
168,203,200403
169,147,200403
169,83,200403
169,10,200403
169,32,200403
169,18,200403
169,19,200403
169,20,200403
169,97,200403
169,137,200403
169,136,200403
169,11,200403
169,29,200403
170,138,200403
170,19,200403
170,64,200403
170,143,200403
170,61,200403
170,10,200403
170,24,200403
170,45,200403
170,126,200403
170,120,200403
170,276,200403
170,27,200403
170,85,200403
170,99,200403
170,125,200403
170,53,200403
170,146,200403
170,54,200403
170,18,200403
170,29,200403
170,32,200403
171,15,200403
171,80,200403
171,176,200403
171,125,200403
171,266,200403
171,146,200403
171,32,200403
171,18,200403
171,29,200403
172,129,200403
172,40,200403
172,10,200403
172,1082,200403
172,14,200403
172,29,200403
172,18,200403
172,64,200403
172,173,200403
172,13,200403
172,6,200403
172,19,200403
172,46,200403
172,59,200403
172,35,200403
172,97,200403
173,129,200403
173,6,200403
173,1129,200403
173,46,200403
173,172,200403
173,35,200403
174,131,200403
174,38,200403
174,97,200403
174,18,200403
175,93,200403
175,136,200403
175,27,200403
175,19,200403
175,97,200403
175,39,200403
175,51,200403
175,60,200403
175,112,200403
175,17,200403
175,13,200403
175,83,200403
175,38,200403
175,247,200403
175,24,200403
175,339,200403
175,6,200403
175,154,200403
175,1,200403
175,138,200403
175,48,200403
175,160,200403
175,52,200403
175,31,200403
175,117,200403
175,137,200403
175,62,200403
175,18,200403
175,143,200403
175,16,200403
175,129,200403
175,146,200403
175,10,200403
175,40,200403
175,266,200403
175,29,200403
175,135,200403
175,32,200403
176,24,200403
176,433,200403
176,77,200403
176,160,200403
176,387,200403
176,14,200403
176,6,200403
176,27,200403
176,285,200403
176,26,200403
176,165,200403
176,143,200403
176,54,200403
176,81,200403
176,13,200403
176,16,200403
176,137,200403
176,12,200403
176,46,200403
176,9,200403
176,320,200403
176,97,200403
176,60,200403
176,139,200403
176,180,200403
176,40,200403
176,32,200403
176,266,200403
176,18,200403
176,29,200403
176,64,200403
176,146,200403
176,19,200403
177,69,200403
177,49,200403
177,248,200403
177,51,200403
177,4,200403
177,136,200403
177,11,200403
178,39,200403
178,13,200403
178,180,200403
178,38,200403
178,45,200403
178,120,200403
178,83,200403
178,134,200403
178,155,200403
178,320,200403
178,17,200403
178,334,200403
178,362,200403
178,101,200403
178,10,200403
178,158,200403
178,288,200403
178,142,200403
178,126,200403
178,46,200403
178,100,200403
178,151,200403
178,342,200403
178,16,200403
178,246,200403
178,102,200403
178,40,200403
178,129,200403
178,76,200403
178,75,200403
178,136,200403
178,60,200403
178,316,200403
178,146,200403
178,32,200403
178,36,200403
178,108,200403
178,139,200403
178,48,200403
180,126,200403
180,433,200403
180,102,200403
180,742,200403
180,55,200403
180,6,200403
180,52,200403
180,5,200403
180,143,200403
180,160,200403
180,117,200403
180,766,200403
180,18,200403
180,135,200403
180,78,200403
180,156,200403
180,133,200403
180,206,200403
180,271,200403
180,46,200403
180,83,200403
180,181,200403
180,112,200403
180,35,200403
180,54,200403
180,278,200403
180,4,200403
180,176,200403
180,182,200403
180,97,200403
180,31,200403
180,80,200403
180,131,200403
180,77,200403
180,48,200403
180,81,200403
180,896,200403
180,137,200403
180,14,200403
180,155,200403
180,94,200403
180,178,200403
180,136,200403
180,21,200403
180,1,200403
180,106,200403
180,2,200403
180,154,200403
180,108,200403
180,208,200403
180,107,200403
180,79,200403
180,119,200403
180,38,200403
180,85,200403
180,36,200403
180,114,200403
180,19,200403
180,60,200403
180,134,200403
180,26,200403
180,13,200403
180,142,200403
180,64,200403
180,40,200403
180,99,200403
180,16,200403
180,10,200403
180,29,200403
180,146,200403
180,32,200403
181,131,200403
181,160,200403
181,165,200403
181,433,200403
181,1561,200403
181,429,200403
181,77,200403
181,146,200403
181,270,200403
181,1303,200403
181,101,200403
181,14,200403
181,83,200403
181,52,200403
181,11,200403
181,15,200403
181,64,200403
181,12,200403
181,176,200403
181,132,200403
181,19,200403
181,65,200403
181,341,200403
181,233,200403
181,18,200403
181,27,200403
181,80,200403
181,136,200403
181,57,200403
181,53,200403
181,97,200403
181,6,200403
181,32,200403
181,29,200403
181,25,200403
181,137,200403
181,60,200403
181,54,200403
181,108,200403
181,16,200403
181,40,200403
181,135,200403
182,13,200403
182,176,200403
182,136,200403
182,83,200403
182,81,200403
182,26,200403
182,242,200403
182,180,200403
182,29,200403
182,40,200403
182,60,200403
182,320,200403
182,16,200403
182,19,200403
182,266,200403
182,146,200403
182,97,200403
183,40,200403
183,147,200403
183,5,200403
183,160,200403
183,11,200403
183,433,200403
183,132,200403
183,165,200403
183,12,200403
183,25,200403
183,176,200403
183,135,200403
183,154,200403
183,31,200403
183,72,200403
183,6,200403
183,96,200403
183,22,200403
183,17,200403
183,64,200403
183,136,200403
183,26,200403
183,213,200403
183,30,200403
183,69,200403
183,7,200403
183,164,200403
183,228,200403
183,23,200403
183,28,200403
183,1,200403
183,317,200403
183,105,200403
183,21,200403
183,112,200403
183,29,200403
183,107,200403
183,4,200403
183,51,200403
183,10,200403
183,20,200403
183,18,200403
184,215,200403
184,795,200403
184,51,200403
184,34,200403
184,261,200403
184,33,200403
184,1,200403
184,4,200403
184,17,200403
184,136,200403
184,20,200403
185,110,200403
185,525,200403
185,922,200403
185,186,200403
185,200,200403
185,560,200403
185,235,200403
185,665,200403
185,630,200403
185,947,200403
185,997,200403
185,650,200403
185,698,200403
185,1042,200403
185,474,200403
185,555,200403
185,559,200403
185,926,200403
185,191,200403
185,656,200403
185,1016,200403
185,937,200403
185,697,200403
185,657,200403
186,473,200403
186,525,200403
186,559,200403
186,556,200403
186,560,200403
186,645,200403
186,558,200403
186,230,200403
186,561,200403
186,620,200403
186,110,200403
186,185,200403
186,474,200403
186,555,200403
186,232,200403
186,922,200403
186,997,200403
186,647,200403
186,700,200403
186,650,200403
186,937,200403
186,1011,200403
186,657,200403
186,591,200403
186,257,200403
186,200,200403
186,698,200403
186,630,200403
186,527,200403
186,571,200403
186,190,200403
186,665,200403
186,1016,200403
187,354,200403
188,354,200403
188,335,200403
188,143,200403
188,433,200403
188,124,200403
188,160,200403
188,552,200403
188,0,200403
188,54,200403
188,27,200403
188,224,200403
188,57,200403
188,137,200403
188,164,200403
188,92,200403
188,38,200403
188,97,200403
188,146,200403
188,25,200403
189,17,200403
189,23,200403
189,154,200403
189,1131,200403
189,30,200403
189,22,200403
189,53,200403
189,85,200403
189,261,200403
189,74,200403
189,1,200403
189,51,200403
189,11,200403
189,112,200403
189,10,200403
189,136,200403
189,4,200403
189,20,200403
190,110,200403
190,696,200403
190,201,200403
190,473,200403
190,1183,200403
190,185,200403
190,558,200403
190,920,200403
190,897,200403
190,235,200403
191,185,200403
191,110,200403
192,76,200403
192,40,200403
192,126,200403
192,146,200403
192,19,200403
192,97,200403
192,26,200403
192,64,200403
192,46,200403
193,32,200403
193,10,200403
193,81,200403
193,97,200403
193,16,200403
193,154,200403
193,29,200403
194,52,200403
194,77,200403
194,160,200403
194,173,200403
194,76,200403
194,137,200403
194,129,200403
194,16,200403
194,294,200403
194,266,200403
194,59,200403
194,6,200403
195,14,200403
195,6,200403
195,52,200403
195,13,200403
195,24,200403
195,433,200403
195,160,200403
195,26,200403
195,180,200403
195,444,200403
195,76,200403
195,666,200403
195,40,200403
195,9,200403
195,79,200403
195,10,200403
195,19,200403
195,375,200403
195,146,200403
195,29,200403
195,266,200403
195,48,200403
196,622,200403
196,400,200403
196,378,200403
196,351,200403
196,448,200403
196,364,200403
196,377,200403
196,412,200403
196,402,200403
196,506,200403
196,818,200403
196,352,200403
196,232,200403
196,532,200403
196,470,200403
196,365,200403
196,424,200403
196,447,200403
196,469,200403
196,363,200403
196,551,200403
196,366,200403
196,528,200403
196,225,200403
196,678,200403
196,472,200403
196,110,200403
196,471,200403
196,425,200403
196,367,200403
196,980,200403
196,489,200403
196,535,200403
196,626,200403
196,475,200403
196,1035,200403
196,477,200403
196,478,200403
196,547,200403
196,663,200403
196,226,200403
196,229,200403
196,526,200403
196,1134,200403
196,681,200403
196,451,200403
196,550,200403
196,595,200403
196,504,200403
196,476,200403
196,852,200403
196,409,200403
196,705,200403
196,579,200403
196,578,200403
196,575,200403
196,925,200403
196,479,200403
196,667,200403
196,127,200403
196,1028,200403
196,113,200403
196,625,200403
196,5,200403
196,427,200403
196,10,200403
196,20,200403
196,109,200403
196,7,200403
196,4,200403
197,188,200403
197,354,200403
197,545,200403
197,433,200403
197,160,200403
197,77,200403
197,181,200403
197,62,200403
197,132,200403
197,208,200403
197,440,200403
197,79,200403
197,146,200403
197,101,200403
197,24,200403
197,31,200403
197,29,200403
197,48,200403
197,36,200403
197,16,200403
197,54,200403
197,32,200403
197,18,200403
197,10,200403
197,108,200403
197,60,200403
197,97,200403
197,135,200403
198,163,200403
198,97,200403
198,32,200403
198,40,200403
198,146,200403
198,160,200403
198,29,200403
199,750,200403
200,190,200403
200,656,200403
200,186,200403
200,474,200403
200,110,200403
200,657,200403
200,937,200403
200,697,200403
200,698,200403
200,185,200403
201,235,200403
201,110,200403
201,190,200403
201,897,200403
201,920,200403
203,291,200403
203,87,200403
203,89,200403
203,168,200403
204,115,200403
204,96,200403
205,40,200403
205,171,200403
205,81,200403
205,18,200403
205,140,200403
205,19,200403
205,77,200403
205,32,200403
205,146,200403
205,64,200403
206,126,200403
206,117,200403
206,65,200403
206,19,200403
206,393,200403
206,16,200403
206,40,200403
206,32,200403
208,742,200403
208,131,200403
208,25,200403
208,0,200403
208,9,200403
208,15,200403
208,349,200403
208,55,200403
208,18,200403
208,167,200403
208,6,200403
208,81,200403
208,99,200403
208,83,200403
208,303,200403
208,180,200403
208,14,200403
208,19,200403
208,13,200403
208,32,200403
208,117,200403
208,40,200403
208,16,200403
208,146,200403
208,64,200403
208,97,200403
208,29,200403
209,1,200403
209,37,200403
210,796,200403
210,826,200403
210,1057,200403
210,750,200403
211,23,200403
211,70,200403
211,96,200403
211,112,200403
211,11,200403
211,994,200403
211,107,200403
211,346,200403
211,1,200403
211,20,200403
211,17,200403
212,87,200403
212,89,200403
213,120,200403
213,22,200403
213,181,200403
213,97,200403
213,150,200403
213,2,200403
213,30,200403
213,32,200403
213,1,200403
213,274,200403
213,136,200403
213,6,200403
213,83,200403
213,154,200403
213,54,200403
213,20,200403
213,21,200403
213,51,200403
213,18,200403
213,112,200403
213,10,200403
213,25,200403
213,11,200403
213,17,200403
213,29,200403
213,137,200403
213,4,200403
214,51,200403
214,261,200403
214,20,200403
214,4,200403
215,51,200403
215,184,200403
216,72,200403
216,314,200403
216,25,200403
216,160,200403
216,137,200403
216,97,200403
217,129,200403
220,115,200403
220,333,200403
220,346,200403
220,248,200403
220,25,200403
220,137,200403
221,147,200403
221,136,200403
222,4,200403
222,810,200403
222,748,200403
222,747,200403
223,164,200403
223,84,200403
223,3,200403
223,12,200403
223,46,200403
223,51,200403
223,88,200403
223,248,200403
223,69,200403
223,30,200403
223,4,200403
223,18,200403
223,11,200403
224,160,200403
224,433,200403
224,58,200403
224,309,200403
224,188,200403
224,26,200403
224,146,200403
224,29,200403
224,46,200403
224,97,200403
225,470,200403
225,196,200403
225,110,200403
225,475,200403
225,471,200403
225,378,200403
225,472,200403
225,366,200403
225,489,200403
225,377,200403
225,351,200403
225,640,200403
225,226,200403
225,579,200403
225,352,200403
226,351,200403
226,231,200403
226,229,200403
226,573,200403
226,225,200403
226,527,200403
226,590,200403
226,110,200403
226,586,200403
226,576,200403
226,604,200403
226,465,200403
226,352,200403
226,589,200403
226,572,200403
226,574,200403
226,470,200403
226,575,200403
227,11,200403
227,17,200403
228,11,200403
228,105,200403
228,183,200403
228,4,200403
229,824,200403
229,925,200403
229,226,200403
229,110,200403
229,230,200403
229,474,200403
229,637,200403
229,528,200403
229,709,200403
229,669,200403
229,232,200403
229,196,200403
229,472,200403
229,663,200403
230,232,200403
230,235,200403
230,641,200403
230,525,200403
230,642,200403
230,635,200403
230,634,200403
230,110,200403
230,639,200403
230,636,200403
230,640,200403
230,474,200403
230,594,200403
230,596,200403
230,638,200403
230,185,200403
230,600,200403
230,637,200403
230,229,200403
230,603,200403
230,586,200403
230,231,200403
230,254,200403
230,575,200403
230,643,200403
230,887,200403
230,351,200403
231,603,200403
231,576,200403
231,575,200403
231,110,200403
231,232,200403
231,643,200403
231,639,200403
231,465,200403
231,319,200403
231,351,200403
231,600,200403
231,644,200403
231,658,200403
231,594,200403
231,230,200403
231,670,200403
231,624,200403
231,605,200403
231,527,200403
231,226,200403
231,599,200403
231,621,200403
231,352,200403
232,253,200403
232,525,200403
232,700,200403
232,664,200403
232,196,200403
232,602,200403
232,231,200403
232,598,200403
232,110,200403
232,591,200403
232,639,200403
232,661,200403
232,644,200403
232,560,200403
232,260,200403
232,290,200403
232,601,200403
232,256,200403
232,186,200403
232,808,200403
232,597,200403
232,465,200403
232,235,200403
232,670,200403
232,658,200403
232,190,200403
232,259,200403
232,603,200403
232,252,200403
232,273,200403
232,230,200403
232,319,200403
232,605,200403
232,645,200403
232,624,200403
232,599,200403
232,255,200403
232,239,200403
232,254,200403
232,257,200403
232,263,200403
232,634,200403
232,185,200403
232,258,200403
232,659,200403
232,635,200403
232,600,200403
232,575,200403
232,643,200403
232,527,200403
232,638,200403
232,229,200403
232,558,200403
232,594,200403
232,576,200403
232,351,200403
233,144,200403
233,29,200403
233,160,200403
233,61,200403
233,117,200403
233,303,200403
233,208,200403
233,142,200403
233,65,200403
233,85,200403
233,24,200403
233,346,200403
233,10,200403
233,18,200403
233,32,200403
234,413,200403
234,160,200403
234,123,200403
234,29,200403
234,18,200403
234,72,200403
234,15,200403
234,122,200403
234,802,200403
234,159,200403
234,762,200403
234,136,200403
234,738,200403
234,31,200403
234,27,200403
235,190,200403
235,110,200403
235,191,200403
235,1588,200403
235,1056,200403
235,867,200403
235,1381,200403
236,627,200403
236,110,200403
237,339,200403
237,38,200403
237,57,200403
237,19,200403
237,146,200403
237,76,200403
237,83,200403
237,26,200403
237,25,200403
237,6,200403
237,46,200403
237,97,200403
238,86,200403
238,4,200403
238,11,200403
239,232,200403
239,254,200403
239,659,200403
239,259,200403
241,110,200403
241,675,200403
241,45,200403
241,59,200403
242,131,200403
242,40,200403
242,154,200403
242,6,200403
242,97,200403
242,1587,200403
242,32,200403
242,29,200403
242,18,200403
243,89,200403
243,51,200403
243,90,200403
243,8,200403
243,7,200403
243,17,200403
243,20,200403
244,220,200403
244,248,200403
244,346,200403
244,137,200403
245,645,200403
245,110,200403
245,279,200403
246,178,200403
247,23,200403
247,110,200403
247,150,200403
247,138,200403
247,143,200403
247,433,200403
247,69,200403
247,112,200403
247,51,200403
247,175,200403
247,1439,200403
247,380,200403
247,11,200403
247,35,200403
247,136,200403
247,317,200403
247,748,200403
247,843,200403
247,747,200403
248,22,200403
248,588,200403
248,537,200403
248,1,200403
248,148,200403
248,115,200403
248,309,200403
248,9,200403
248,443,200403
248,244,200403
248,137,200403
248,145,200403
248,267,200403
248,34,200403
248,220,200403
248,269,200403
248,72,200403
248,326,200403
248,149,200403
248,54,200403
248,84,200403
248,292,200403
248,116,200403
248,18,200403
248,131,200403
248,534,200403
248,29,200403
248,15,200403
248,728,200403
248,265,200403
248,74,200403
248,44,200403
248,138,200403
248,123,200403
248,177,200403
248,863,200403
248,136,200403
248,4,200403
248,107,200403
248,11,200403
249,34,200403
249,188,200403
249,104,200403
249,355,200403
249,137,200403
249,146,200403
249,60,200403
249,108,200403
249,160,200403
249,97,200403
250,282,200403
250,16,200403
250,143,200403
250,2,200403
250,83,200403
250,160,200403
250,46,200403
250,137,200403
250,97,200403
251,154,200403
252,253,200403
252,232,200403
252,254,200403
252,600,200403
253,232,200403
253,659,200403
253,239,200403
253,600,200403
253,254,200403
254,232,200403
254,252,200403
254,239,200403
254,253,200403
254,600,200403
255,232,200403
255,260,200403
255,591,200403
255,257,200403
255,601,200403
255,259,200403
256,263,200403
256,232,200403
256,260,200403
256,601,200403
257,591,200403
257,232,200403
257,255,200403
257,263,200403
257,700,200403
257,260,200403
257,601,200403
257,186,200403
257,256,200403
258,259,200403
258,232,200403
258,601,200403
259,232,200403
259,239,200403
259,602,200403
260,232,200403
260,256,200403
260,597,200403
260,263,200403
260,591,200403
261,5,200403
261,28,200403
261,112,200403
261,346,200403
261,107,200403
261,1,200403
261,17,200403
261,20,200403
262,15,200403
263,232,200403
263,659,200403
263,259,200403
263,256,200403
263,601,200403
263,253,200403
263,597,200403
263,260,200403
265,30,200403
265,433,200403
265,61,200403
265,69,200403
265,18,200403
265,208,200403
265,181,200403
265,9,200403
265,27,200403
265,77,200403
265,164,200403
265,248,200403
265,346,200403
265,10,200403
265,29,200403
265,136,200403
266,142,200403
266,41,200403
266,178,200403
266,158,200403
266,54,200403
266,48,200403
266,9,200403
266,15,200403
266,434,200403
266,2,200403
266,136,200403
266,85,200403
266,320,200403
266,174,200403
266,25,200403
266,13,200403
266,194,200403
266,129,200403
266,182,200403
266,341,200403
266,155,200403
266,176,200403
266,281,200403
266,138,200403
266,175,200403
266,195,200403
266,294,200403
266,126,200403
266,79,200403
267,135,200403
267,154,200403
267,29,200403
268,11,200403
268,1,200403
268,5,200403
268,17,200403
268,4,200403
269,433,200403
269,132,200403
269,15,200403
269,163,200403
269,138,200403
269,248,200403
269,154,200403
269,60,200403
269,32,200403
269,97,200403
269,29,200403
270,181,200403
270,276,200403
270,154,200403
270,29,200403
270,18,200403
270,32,200403
271,859,200403
271,34,200403
271,18,200403
273,232,200403
273,256,200403
273,239,200403
273,601,200403
274,121,200403
274,40,200403
274,433,200403
274,146,200403
274,19,200403
274,1,200403
274,48,200403
274,118,200403
274,149,200403
274,64,200403
274,16,200403
274,380,200403
274,136,200403
274,125,200403
274,132,200403
274,17,200403
274,6,200403
274,29,200403
274,21,200403
274,112,200403
274,18,200403
274,286,200403
274,2,200403
274,314,200403
274,534,200403
274,80,200403
274,47,200403
274,93,200403
274,25,200403
274,9,200403
274,165,200403
274,116,200403
274,124,200403
274,72,200403
274,115,200403
274,0,200403
274,96,200403
274,85,200403
274,92,200403
275,18,200403
275,154,200403
276,18,200403
276,270,200403
276,814,200403
276,170,200403
276,131,200403
276,29,200403
276,54,200403
276,32,200403
277,19,200403
278,76,200403
278,19,200403
278,160,200403
278,101,200403
278,143,200403
278,99,200403
278,64,200403
278,288,200403
278,97,200403
278,40,200403
278,83,200403
278,29,200403
278,342,200403
278,14,200403
278,46,200403
278,26,200403
279,280,200403
281,59,200403
281,143,200403
281,160,200403
281,63,200403
281,77,200403
281,13,200403
281,18,200403
281,247,200403
281,35,200403
281,14,200403
281,97,200403
281,79,200403
281,10,200403
281,266,200403
281,375,200403
282,165,200403
282,486,200403
282,143,200403
282,157,200403
282,38,200403
282,9,200403
282,500,200403
282,354,200403
282,14,200403
282,27,200403
282,154,200403
282,77,200403
282,314,200403
282,155,200403
282,48,200403
283,26,200403
284,129,200403
285,354,200403
285,739,200403
285,40,200403
286,6,200403
286,652,200403
286,25,200403
287,46,200403
288,83,200403
288,278,200403
288,178,200403
289,134,200403
289,13,200403
290,808,200403
290,235,200403
290,190,200403
290,110,200403
291,87,200403
291,203,200403
292,248,200403
292,346,200403
292,29,200403
294,434,200403
294,197,200403
294,13,200403
294,208,200403
294,194,200403
294,14,200403
294,155,200403
294,129,200403
294,320,200403
294,266,200403
295,51,200403
296,138,200403
296,143,200403
296,154,200403
297,102,200403
297,313,200403
297,294,200403
297,349,200403
297,26,200403
297,1674,200403
297,13,200403
298,18,200403
299,130,200403
299,96,200403
299,1,200403
299,136,200403
300,49,200403
300,4,200403
301,5,200403
301,317,200403
301,4,200403
303,131,200403
303,117,200403
303,154,200403
303,146,200403
303,70,200403
303,61,200403
303,1,200403
303,136,200403
303,17,200403
303,160,200403
303,18,200403
305,684,200403
305,830,200403
305,110,200403
305,633,200403
305,109,200403
305,4,200403
306,109,200403
306,110,200403
306,127,200403
306,128,200403
306,427,200403
306,4,200403
307,13,200403
307,136,200403
307,6,200403
307,137,200403
307,25,200403
309,98,200403
309,248,200403
309,160,200403
309,137,200403
311,69,200403
311,3,200403
311,50,200403
311,4,200403
313,297,200403
313,13,200403
313,26,200403
313,349,200403
314,96,200403
314,27,200403
314,433,200403
314,336,200403
314,282,200403
314,274,200403
314,1,200403
314,216,200403
314,154,200403
315,20,200403
316,151,200403
316,75,200403
316,178,200403
316,40,200403
317,69,200403
317,301,200403
317,247,200403
317,183,200403
317,4,200403
318,160,200403
319,465,200403
319,576,200403
319,231,200403
319,586,200403
319,599,200403
319,575,200403
319,232,200403
319,600,200403
319,527,200403
319,110,200403
320,39,200403
320,154,200403
320,45,200403
320,46,200403
320,74,200403
320,6,200403
320,160,200403
320,99,200403
320,178,200403
320,19,200403
320,13,200403
320,18,200403
320,26,200403
320,266,200403
320,137,200403
320,294,200403
320,12,200403
320,40,200403
320,182,200403
320,29,200403
320,139,200403
320,155,200403
320,97,200403
320,14,200403
320,48,200403
320,32,200403
320,146,200403
322,785,200403
322,6,200403
323,770,200403
323,89,200403
323,7,200403
326,237,200403
326,100,200403
326,47,200403
326,346,200403
326,25,200403
327,339,200403
327,175,200403
327,24,200403
327,34,200403
327,160,200403
327,93,200403
327,100,200403
327,335,200403
327,124,200403
327,46,200403
327,25,200403
330,358,200403
330,11,200403
332,104,200403
332,40,200403
332,19,200403
332,32,200403
332,64,200403
332,146,200403
333,25,200403
333,2250,200403
333,274,200403
333,96,200403
333,346,200403
333,137,200403
334,102,200403
334,178,200403
335,433,200403
335,188,200403
335,124,200403
335,6,200403
335,27,200403
335,31,200403
335,274,200403
335,25,200403
336,314,200403
336,9,200403
336,72,200403
336,25,200403
336,137,200403
337,333,200403
337,25,200403
337,137,200403
338,143,200403
338,40,200403
338,26,200403
338,19,200403
339,97,200403
339,157,200403
339,137,200403
339,165,200403
339,274,200403
339,146,200403
339,101,200403
339,859,200403
339,384,200403
339,143,200403
339,314,200403
339,453,200403
339,81,200403
339,2,200403
339,27,200403
339,31,200403
339,138,200403
339,1,200403
339,160,200403
339,175,200403
339,39,200403
339,282,200403
339,460,200403
339,327,200403
339,93,200403
339,24,200403
339,136,200403
339,25,200403
340,25,200403
341,176,200403
341,309,200403
341,27,200403
341,165,200403
341,6,200403
341,100,200403
341,99,200403
341,46,200403
341,139,200403
341,106,200403
341,36,200403
341,137,200403
341,266,200403
341,18,200403
341,160,200403
341,25,200403
341,375,200403
341,48,200403
341,108,200403
341,97,200403
342,278,200403
342,160,200403
342,178,200403
342,97,200403
342,46,200403
344,137,200403
345,536,200403
345,1,200403
346,784,200403
346,140,200403
346,537,200403
346,879,200403
346,165,200403
346,21,200403
346,213,200403
346,326,200403
346,384,200403
346,710,200403
346,137,200403
346,46,200403
346,138,200403
346,866,200403
346,159,200403
346,261,200403
346,188,200403
346,39,200403
346,100,200403
346,97,200403
346,292,200403
346,211,200403
346,220,200403
346,103,200403
346,370,200403
346,244,200403
346,149,200403
346,150,200403
346,112,200403
346,96,200403
346,72,200403
346,333,200403
346,15,200403
346,132,200403
346,124,200403
346,25,200403
346,111,200403
346,443,200403
346,233,200403
346,104,200403
346,265,200403
346,54,200403
346,44,200403
346,18,200403
346,116,200403
346,131,200403
346,93,200403
346,2,200403
346,4,200403
346,51,200403
346,136,200403
347,769,200403
347,35,200403
348,23,200403
348,17,200403
349,102,200403
349,294,200403
349,14,200403
349,208,200403
349,297,200403
349,313,200403
349,1674,200403
349,13,200403
351,606,200403
351,229,200403
351,589,200403
351,231,200403
351,196,200403
351,660,200403
351,572,200403
351,574,200403
351,352,200403
351,607,200403
351,679,200403
351,110,200403
351,587,200403
351,604,200403
351,554,200403
351,1083,200403
351,226,200403
351,590,200403
351,465,200403
351,579,200403
351,498,200403
351,760,200403
351,319,200403
351,573,200403
351,586,200403
351,678,200403
351,575,200403
351,605,200403
351,225,200403
351,532,200403
351,232,200403
352,351,200403
352,805,200403
352,565,200403
352,621,200403
352,693,200403
352,623,200403
352,564,200403
352,196,200403
352,626,200403
352,694,200403
352,678,200403
352,484,200403
352,579,200403
352,229,200403
352,625,200403
352,622,200403
352,110,200403
352,532,200403
352,225,200403
352,477,200403
352,424,200403
352,232,200403
352,226,200403
352,231,200403
353,17,200403
354,456,200403
354,341,200403
354,978,200403
354,77,200403
354,175,200403
354,282,200403
354,143,200403
354,499,200403
354,491,200403
354,141,200403
354,62,200403
354,197,200403
354,6,200403
354,160,200403
354,135,200403
354,18,200403
355,249,200403
355,143,200403
355,32,200403
355,54,200403
355,97,200403
355,40,200403
355,108,200403
355,154,200403
355,146,200403
355,60,200403
355,25,200403
355,137,200403
355,160,200403
357,1259,200403
357,1129,200403
357,1286,200403
358,147,200403
358,136,200403
359,136,200403
360,899,200403
360,889,200403
360,40,200403
361,136,200403
362,62,200403
362,43,200403
362,12,200403
362,178,200403
362,146,200403
362,32,200403
362,40,200403
362,16,200403
363,196,200403
363,365,200403
363,366,200403
364,196,200403
364,366,200403
364,551,200403
365,364,200403
365,196,200403
365,409,200403
365,400,200403
365,363,200403
365,366,200403
366,365,200403
366,196,200403
366,400,200403
366,478,200403
366,409,200403
366,363,200403
366,402,200403
366,551,200403
366,364,200403
366,377,200403
367,196,200403
368,27,200403
370,60,200403
370,40,200403
371,83,200403
371,29,200403
371,6,200403
371,136,200403
371,137,200403
371,25,200403
372,147,200403
372,136,200403
373,722,200403
373,40,200403
374,95,200403
374,40,200403
375,455,200403
375,19,200403
375,143,200403
375,35,200403
375,39,200403
375,139,200403
375,433,200403
375,1,200403
375,266,200403
375,54,200403
375,16,200403
375,97,200403
375,60,200403
375,6,200403
375,17,200403
375,40,200403
375,341,200403
375,29,200403
375,195,200403
375,32,200403
375,281,200403
375,126,200403
375,384,200403
375,10,200403
375,79,200403
375,77,200403
375,135,200403
376,1,200403
376,136,200403
377,196,200403
377,378,200403
377,225,200403
377,472,200403
377,471,200403
377,547,200403
378,225,200403
378,471,200403
378,470,200403
378,475,200403
378,196,200403
378,412,200403
378,472,200403
378,377,200403
378,489,200403
379,81,200403
379,154,200403
379,160,200403
380,14,200403
380,274,200403
380,739,200403
380,35,200403
380,135,200403
380,195,200403
381,16,200403
381,523,200403
381,40,200403
383,667,200403
384,346,200403
384,375,200403
386,282,200403
387,176,200403
387,19,200403
387,40,200403
388,77,200403
388,485,200403
388,154,200403
389,19,200403
389,77,200403
389,1233,200403
389,355,200403
390,25,200403
390,137,200403
393,9,200403
393,115,200403
393,318,200403
393,666,200403
393,160,200403
393,97,200403
393,137,200403
393,25,200403
394,140,200403
394,154,200403
395,1,200403
395,17,200403
396,89,200403
397,453,200403
397,31,200403
397,9,200403
397,24,200403
398,97,200403
400,366,200403
400,365,200403
400,196,200403
402,196,200403
402,366,200403
407,909,200403
407,61,200403
407,415,200403
407,18,200403
408,423,200403
408,18,200403
409,365,200403
409,196,200403
409,366,200403
410,18,200403
411,18,200403
412,475,200403
412,471,200403
412,378,200403
412,489,200403
412,196,200403
413,410,200403
413,234,200403
413,802,200403
413,18,200403
415,61,200403
415,407,200403
415,136,200403
415,18,200403
416,407,200403
416,18,200403
419,521,200403
419,65,200403
419,463,200403
419,143,200403
419,0,200403
419,97,200403
419,108,200403
419,100,200403
420,143,200403
420,75,200403
420,1180,200403
420,54,200403
420,32,200403
422,440,200403
422,430,200403
422,32,200403
422,18,200403
423,426,200403
423,18,200403
424,478,200403
424,425,200403
424,476,200403
424,980,200403
424,110,200403
424,477,200403
424,469,200403
424,196,200403
424,705,200403
424,532,200403
424,882,200403
424,448,200403
424,352,200403
424,506,200403
425,110,200403
425,424,200403
425,196,200403
425,352,200403
425,980,200403
425,535,200403
425,448,200403
425,478,200403
425,506,200403
426,18,200403
426,737,200403
427,127,200403
427,4,200403
427,306,200403
427,109,200403
427,110,200403
427,128,200403
427,612,200403
427,616,200403
427,563,200403
427,734,200403
427,610,200403
427,613,200403
427,614,200403
427,20,200403
428,282,200403
429,181,200403
429,32,200403
430,54,200403
430,443,200403
430,1205,200403
430,18,200403
431,136,200403
432,298,200403
432,18,200403
433,43,200403
433,115,200403
433,35,200403
433,137,200403
433,181,200403
433,83,200403
433,269,200403
433,104,200403
433,144,200403
433,61,200403
433,165,200403
433,40,200403
433,16,200403
433,1,200403
433,183,200403
433,57,200403
433,131,200403
433,108,200403
433,19,200403
433,34,200403
433,100,200403
433,51,200403
433,22,200403
433,779,200403
433,156,200403
433,140,200403
433,58,200403
433,124,200403
433,139,200403
433,180,200403
433,314,200403
433,129,200403
433,247,200403
433,96,200403
433,121,200403
433,2,200403
433,141,200403
433,134,200403
433,93,200403
433,76,200403
433,39,200403
433,138,200403
433,72,200403
433,64,200403
433,31,200403
433,52,200403
433,54,200403
433,32,200403
433,274,200403
433,5,200403
433,23,200403
433,55,200403
433,159,200403
433,157,200403
433,155,200403
433,60,200403
433,112,200403
433,101,200403
433,135,200403
433,48,200403
433,27,200403
433,224,200403
433,163,200403
433,6,200403
433,501,200403
433,132,200403
433,102,200403
433,195,200403
433,30,200403
433,80,200403
433,136,200403
433,29,200403
433,0,200403
433,15,200403
433,9,200403
433,38,200403
433,66,200403
433,46,200403
433,85,200403
433,78,200403
433,126,200403
433,154,200403
433,17,200403
433,12,200403
433,97,200403
433,117,200403
433,160,200403
433,335,200403
433,188,200403
433,18,200403
433,11,200403
433,59,200403
433,10,200403
433,375,200403
433,176,200403
433,25,200403
433,28,200403
433,79,200403
433,150,200403
433,265,200403
433,197,200403
433,69,200403
433,120,200403
433,142,200403
433,53,200403
433,14,200403
433,13,200403
434,32,200403
434,62,200403
434,13,200403
434,14,200403
434,6,200403
434,19,200403
434,266,200403
435,97,200403
436,234,200403
436,18,200403
440,54,200403
440,814,200403
443,1031,200403
443,430,200403
443,248,200403
443,346,200403
443,18,200403
444,32,200403
444,83,200403
444,97,200403
444,59,200403
444,66,200403
444,14,200403
444,40,200403
444,64,200403
445,813,200403
445,46,200403
447,196,200403
447,489,200403
448,506,200403
448,196,200403
448,425,200403
448,447,200403
448,424,200403
449,40,200403
451,196,200403
452,97,200403
455,375,200403
455,143,200403
455,512,200403
455,97,200403
456,32,200403
457,1367,200403
457,136,200403
457,496,200403
457,137,200403
458,27,200403
458,97,200403
458,46,200403
460,503,200403
460,160,200403
460,485,200403
461,29,200403
463,746,200403
463,143,200403
463,419,200403
463,65,200403
463,18,200403
463,48,200403
463,97,200403
463,40,200403
463,142,200403
465,319,200403
465,604,200403
465,527,200403
465,231,200403
465,576,200403
465,110,200403
465,575,200403
465,644,200403
465,603,200403
465,586,200403
465,351,200403
465,599,200403
465,232,200403
469,196,200403
469,476,200403
469,424,200403
469,477,200403
470,110,200403
470,196,200403
470,472,200403
470,471,200403
470,412,200403
470,475,200403
470,378,200403
470,225,200403
471,475,200403
471,472,200403
471,470,200403
471,196,200403
471,225,200403
471,640,200403
471,377,200403
471,378,200403
472,196,200403
472,489,200403
472,663,200403
472,351,200403
472,475,200403
472,471,200403
472,226,200403
472,377,200403
472,225,200403
473,186,200403
473,556,200403
473,559,200403
473,190,200403
473,630,200403
474,110,200403
474,230,200403
474,235,200403
474,185,200403
474,186,200403
474,525,200403
474,825,200403
474,651,200403
474,997,200403
474,922,200403
474,1168,200403
474,657,200403
474,947,200403
474,656,200403
474,665,200403
474,559,200403
474,650,200403
474,473,200403
474,630,200403
474,200,200403
474,558,200403
475,196,200403
475,470,200403
475,412,200403
475,377,200403
475,378,200403
475,225,200403
475,472,200403
476,532,200403
476,469,200403
476,424,200403
476,477,200403
477,469,200403
477,196,200403
477,352,200403
477,532,200403
477,476,200403
477,424,200403
477,506,200403
478,506,200403
478,424,200403
478,425,200403
478,196,200403
479,196,200403
480,27,200403
480,136,200403
482,143,200403
483,85,200403
483,107,200403
483,25,200403
483,137,200403
484,352,200403
484,678,200403
484,579,200403
484,694,200403
484,626,200403
484,625,200403
484,621,200403
484,565,200403
485,144,200403
486,24,200403
488,2250,200403
489,705,200403
489,196,200403
489,471,200403
489,412,200403
489,447,200403
490,752,200403
490,431,200403
490,10,200403
490,27,200403
491,81,200403
491,354,200403
491,154,200403
492,136,200403
493,485,200403
493,58,200403
493,23,200403
493,213,200403
493,28,200403
493,17,200403
495,114,200403
496,35,200403
496,9,200403
497,457,200403
497,137,200403
497,9,200403
498,351,200403
499,32,200403
499,274,200403
501,132,200403
501,107,200403
501,182,200403
501,143,200403
501,150,200403
501,11,200403
501,23,200403
501,138,200403
501,433,200403
501,51,200403
502,1501,200403
502,728,200403
502,12,200403
502,136,200403
503,154,200403
504,196,200403
504,579,200403
506,478,200403
506,196,200403
506,110,200403
506,424,200403
506,425,200403
506,476,200403
506,477,200403
506,980,200403
507,93,200403
508,188,200403
508,110,200403
510,60,200403
510,137,200403
510,97,200403
512,101,200403
512,455,200403
512,160,200403
512,0,200403
512,80,200403
517,837,200403
517,27,200403
519,0,200403
519,129,200403
521,165,200403
521,65,200403
521,0,200403
521,23,200403
521,885,200403
521,137,200403
522,79,200403
522,154,200403
523,381,200403
523,40,200403
525,110,200403
525,201,200403
525,1030,200403
525,962,200403
525,627,200403
526,196,200403
527,465,200403
527,232,200403
527,586,200403
527,226,200403
527,319,200403
527,576,200403
527,600,200403
527,575,200403
527,231,200403
527,639,200403
527,186,200403
527,643,200403
527,603,200403
527,110,200403
528,196,200403
528,681,200403
530,73,200403
530,544,200403
530,1,200403
532,196,200403
532,352,200403
532,351,200403
532,623,200403
532,424,200403
532,622,200403
532,605,200403
532,476,200403
532,477,200403
532,225,200403
534,31,200403
534,142,200403
534,274,200403
534,248,200403
535,196,200403
535,425,200403
536,345,200403
536,1,200403
537,588,200403
537,834,200403
537,248,200403
537,346,200403
537,107,200403
537,136,200403
539,175,200403
539,282,200403
540,39,200403
540,97,200403
543,132,200403
543,97,200403
543,160,200403
544,180,200403
544,339,200403
544,137,200403
544,213,200403
544,122,200403
544,27,200403
544,208,200403
544,6,200403
544,530,200403
544,19,200403
544,97,200403
544,112,200403
544,160,200403
544,146,200403
544,29,200403
544,17,200403
544,26,200403
544,154,200403
544,18,200403
544,46,200403
544,25,200403
545,546,200403
545,197,200403
545,32,200403
546,545,200403
546,32,200403
547,196,200403
547,377,200403
548,781,200403
548,10,200403
548,11,200403
549,449,200403
549,40,200403
550,196,200403
551,196,200403
551,366,200403
551,364,200403
552,1,200403
552,188,200403
552,25,200403
552,160,200403
552,97,200403
552,2,200403
552,96,200403
552,112,200403
552,5,200403
552,17,200403
552,85,200403
552,48,200403
552,115,200403
554,351,200403
554,587,200403
554,352,200403
554,679,200403
555,185,200403
555,186,200403
556,186,200403
556,559,200403
558,186,200403
558,232,200403
558,1030,200403
558,474,200403
558,560,200403
559,186,200403
559,922,200403
559,473,200403
559,474,200403
559,630,200403
559,190,200403
559,185,200403
560,558,200403
560,110,200403
560,186,200403
560,555,200403
560,561,200403
560,257,200403
560,232,200403
561,558,200403
561,560,200403
561,186,200403
563,680,200403
563,618,200403
563,688,200403
563,569,200403
563,673,200403
563,611,200403
563,674,200403
563,733,200403
563,609,200403
563,615,200403
563,734,200403
563,614,200403
563,610,200403
563,612,200403
563,1150,200403
563,619,200403
563,616,200403
563,686,200403
563,570,200403
563,566,200403
563,567,200403
563,568,200403
563,617,200403
563,614,200403
563,612,200403
563,610,200403
563,616,200403
564,351,200403
564,565,200403
564,352,200403
564,622,200403
564,621,200403
565,352,200403
565,590,200403
565,579,200403
565,694,200403
565,622,200403
565,484,200403
565,564,200403
565,621,200403
566,563,200403
567,563,200403
568,563,200403
569,563,200403
570,563,200403
571,186,200403
572,351,200403
572,590,200403
572,574,200403
572,226,200403
572,589,200403
572,573,200403
573,226,200403
573,590,200403
573,589,200403
573,604,200403
573,586,200403
573,196,200403
573,572,200403
573,679,200403
573,110,200403
573,351,200403
574,589,200403
574,351,200403
574,660,200403
574,607,200403
574,572,200403
574,573,200403
574,590,200403
574,226,200403
574,1083,200403
574,679,200403
575,232,200403
575,465,200403
575,576,200403
575,527,200403
575,319,200403
575,231,200403
575,643,200403
575,603,200403
575,599,200403
575,226,200403
575,196,200403
575,639,200403
575,604,200403
575,644,200403
575,351,200403
575,605,200403
576,465,200403
576,575,200403
576,226,200403
576,231,200403
576,232,200403
576,527,200403
576,110,200403
576,319,200403
577,110,200403
578,196,200403
579,352,200403
579,621,200403
579,678,200403
579,484,200403
579,565,200403
579,625,200403
579,805,200403
579,622,200403
579,694,200403
579,626,200403
579,590,200403
579,504,200403
579,225,200403
582,850,200403
584,850,200403
585,850,200403
586,319,200403
586,575,200403
586,604,200403
586,573,200403
586,589,200403
586,231,200403
586,465,200403
586,351,200403
586,527,200403
586,226,200403
587,351,200403
587,554,200403
587,679,200403
588,34,200403
588,537,200403
588,248,200403
588,27,200403
588,136,200403
589,110,200403
589,351,200403
589,226,200403
589,574,200403
589,572,200403
589,573,200403
589,679,200403
589,590,200403
590,351,200403
590,660,200403
590,226,200403
590,589,200403
590,573,200403
590,604,200403
590,574,200403
590,679,200403
590,572,200403
590,579,200403
591,232,200403
591,255,200403
591,560,200403
591,257,200403
591,186,200403
591,260,200403
591,601,200403
592,676,200403
592,109,200403
593,109,200403
593,592,200403
594,596,200403
594,636,200403
594,640,200403
594,639,200403
594,231,200403
594,232,200403
594,230,200403
595,196,200403
596,230,200403
596,636,200403
596,640,200403
596,594,200403
596,639,200403
597,255,200403
597,232,200403
597,256,200403
597,263,200403
597,231,200403
597,664,200403
598,232,200403
599,232,200403
599,644,200403
599,605,200403
599,319,200403
599,575,200403
599,231,200403
600,639,200403
600,231,200403
600,232,200403
600,575,200403
600,635,200403
600,634,200403
600,230,200403
600,527,200403
600,319,200403
600,229,200403
600,254,200403
601,232,200403
601,263,200403
601,597,200403
601,260,200403
601,258,200403
601,255,200403
601,273,200403
601,591,200403
601,605,200403
602,273,200403
602,659,200403
602,232,200403
602,259,200403
603,232,200403
603,230,200403
603,231,200403
603,639,200403
603,110,200403
603,575,200403
603,465,200403
603,634,200403
603,527,200403
603,643,200403
604,351,200403
604,226,200403
604,465,200403
604,527,200403
604,231,200403
604,575,200403
604,679,200403
604,660,200403
604,574,200403
605,232,200403
605,351,200403
605,644,200403
605,599,200403
605,231,200403
605,575,200403
605,532,200403
605,643,200403
606,352,200403
606,351,200403
606,660,200403
606,607,200403
606,679,200403
606,1083,200403
607,574,200403
607,351,200403
607,606,200403
607,660,200403
607,572,200403
609,563,200403
610,563,200403
610,427,200403
611,563,200403
612,427,200403
612,563,200403
613,427,200403
614,563,200403
614,427,200403
615,563,200403
616,563,200403
616,427,200403
617,563,200403
618,563,200403
619,563,200403
620,186,200403
621,352,200403
621,694,200403
621,484,200403
621,678,200403
621,625,200403
621,623,200403
621,564,200403
621,622,200403
621,579,200403
621,565,200403
621,231,200403
622,352,200403
622,196,200403
622,623,200403
622,532,200403
622,579,200403
622,694,200403
622,565,200403
622,564,200403
622,621,200403
622,110,200403
623,622,200403
623,351,200403
623,352,200403
623,694,200403
623,621,200403
623,532,200403
624,232,200403
624,664,200403
624,231,200403
624,658,200403
624,670,200403
625,352,200403
625,621,200403
625,484,200403
625,626,200403
625,678,200403
625,694,200403
625,579,200403
625,196,200403
626,196,200403
626,625,200403
626,678,200403
626,484,200403
626,694,200403
626,579,200403
626,352,200403
627,646,200403
627,110,200403
627,648,200403
627,649,200403
627,525,200403
628,109,200403
629,628,200403
629,109,200403
630,947,200403
630,922,200403
630,185,200403
630,186,200403
630,665,200403
630,559,200403
630,997,200403
630,473,200403
630,474,200403
630,110,200403
632,647,200403
633,110,200403
633,427,200403
633,305,200403
633,4,200403
633,109,200403
634,232,200403
634,635,200403
634,600,200403
634,641,200403
634,230,200403
634,638,200403
634,603,200403
635,230,200403
635,642,200403
635,232,200403
635,634,200403
635,887,200403
635,641,200403
635,229,200403
635,638,200403
636,230,200403
636,594,200403
636,640,200403
636,596,200403
636,639,200403
637,229,200403
637,638,200403
638,230,200403
638,634,200403
638,232,200403
638,635,200403
638,642,200403
639,231,200403
639,253,200403
639,575,200403
639,600,200403
639,603,200403
639,230,200403
639,232,200403
639,527,200403
639,643,200403
640,230,200403
640,232,200403
640,636,200403
640,596,200403
640,600,200403
640,225,200403
640,594,200403
641,230,200403
641,642,200403
641,638,200403
641,635,200403
641,634,200403
642,230,200403
642,635,200403
642,638,200403
642,641,200403
643,232,200403
643,636,200403
643,575,200403
643,599,200403
643,231,200403
643,527,200403
643,605,200403
643,639,200403
643,603,200403
644,232,200403
644,605,200403
644,576,200403
644,599,200403
644,575,200403
644,231,200403
645,789,200403
646,627,200403
646,649,200403
646,648,200403
647,719,200403
647,632,200403
647,765,200403
647,1002,200403
647,841,200403
648,627,200403
648,646,200403
648,649,200403
649,627,200403
649,648,200403
649,646,200403
650,185,200403
650,665,200403
650,186,200403
650,474,200403
650,630,200403
650,697,200403
651,110,200403
651,474,200403
651,665,200403
656,937,200403
656,200,200403
656,697,200403
656,657,200403
656,997,200403
656,185,200403
657,698,200403
657,186,200403
657,937,200403
657,656,200403
657,474,200403
657,697,200403
657,200,200403
657,185,200403
658,232,200403
658,231,200403
658,664,200403
658,597,200403
659,232,200403
659,258,200403
659,260,200403
659,231,200403
659,252,200403
660,351,200403
660,574,200403
660,606,200403
660,590,200403
660,679,200403
661,232,200403
661,263,200403
661,670,200403
661,664,200403
663,229,200403
663,925,200403
663,504,200403
663,196,200403
664,232,200403
664,624,200403
664,670,200403
664,231,200403
664,601,200403
664,661,200403
664,258,200403
664,597,200403
665,698,200403
665,651,200403
665,185,200403
665,650,200403
665,474,200403
665,110,200403
665,186,200403
666,490,200403
666,98,200403
666,393,200403
667,383,200403
667,668,200403
667,861,200403
667,857,200403
667,196,200403
668,667,200403
669,229,200403
670,232,200403
670,231,200403
670,664,200403
671,25,200403
671,137,200403
673,563,200403
674,563,200403
675,59,200403
676,677,200403
676,592,200403
676,109,200403
677,676,200403
677,109,200403
677,593,200403
678,352,200403
678,484,200403
678,625,200403
678,579,200403
678,351,200403
678,626,200403
678,621,200403
678,196,200403
679,351,200403
679,607,200403
679,590,200403
679,606,200403
679,604,200403
679,573,200403
679,660,200403
679,589,200403
679,587,200403
679,110,200403
679,554,200403
679,574,200403
680,563,200403
681,528,200403
681,196,200403
683,850,200403
684,110,200403
686,563,200403
688,563,200403
693,352,200403
694,110,200403
694,579,200403
694,352,200403
694,622,200403
694,565,200403
694,564,200403
694,623,200403
694,626,200403
694,484,200403
694,625,200403
694,621,200403
696,190,200403
697,657,200403
697,186,200403
697,698,200403
697,474,200403
697,947,200403
697,937,200403
697,656,200403
697,200,200403
697,650,200403
697,185,200403
698,185,200403
698,657,200403
698,697,200403
698,186,200403
698,947,200403
698,200,200403
700,591,200403
700,232,200403
700,257,200403
703,95,200403
703,858,200403
703,40,200403
705,196,200403
709,229,200403
710,728,200403
710,346,200403
710,9,200403
716,850,200403
718,961,200403
718,1089,200403
718,847,200403
718,962,200403
718,1087,200403
718,1030,200403
719,647,200403
720,960,200403
720,37,200403
720,27,200403
720,1236,200403
722,373,200403
722,126,200403
722,40,200403
723,109,200403
724,592,200403
724,109,200403
726,850,200403
728,12,200403
728,968,200403
728,248,200403
728,346,200403
728,136,200403
729,306,200403
729,628,200403
729,109,200403
730,40,200403
731,9,200403
731,6,200403
733,563,200403
734,563,200403
736,745,200403
736,832,200403
736,21,200403
736,761,200403
736,20,200403
737,18,200403
738,783,200403
738,123,200403
738,776,200403
738,234,200403
738,762,200403
738,30,200403
738,122,200403
738,136,200403
739,14,200403
739,172,200403
739,54,200403
739,92,200403
739,285,200403
739,18,200403
739,6,200403
739,463,200403
739,354,200403
739,83,200403
739,31,200403
739,64,200403
739,522,200403
739,142,200403
739,97,200403
739,1402,200403
740,85,200403
740,137,200403
741,795,200403
741,295,200403
741,51,200403
741,33,200403
742,6,200403
742,180,200403
742,896,200403
742,208,200403
742,13,200403
742,55,200403
744,99,200403
744,46,200403
745,21,200403
745,755,200403
746,59,200403
746,444,200403
747,748,200403
747,222,200403
747,1421,200403
747,247,200403
748,747,200403
748,222,200403
748,1421,200403
748,247,200403
749,348,200403
750,998,200403
750,199,200403
750,1006,200403
750,751,200403
750,941,200403
750,1010,200403
750,764,200403
750,826,200403
750,210,200403
751,750,200403
752,490,200403
752,274,200403
752,85,200403
752,18,200403
752,27,200403
753,84,200403
753,738,200403
753,754,200403
753,878,200403
753,783,200403
753,1090,200403
753,30,200403
754,1090,200403
754,753,200403
754,30,200403
755,21,200403
756,115,200403
756,96,200403
757,96,200403
758,48,200403
759,593,200403
759,840,200403
759,109,200403
760,351,200403
761,21,200403
761,261,200403
761,866,200403
761,736,200403
761,4,200403
761,51,200403
761,20,200403
762,738,200403
762,234,200403
762,136,200403
763,109,200403
764,501,200403
764,136,200403
764,54,200403
764,10,200403
764,112,200403
764,750,200403
766,180,200403
766,13,200403
768,48,200403
768,769,200403
769,48,200403
769,768,200403
769,156,200403
769,347,200403
769,60,200403
769,139,200403
769,35,200403
769,108,200403
769,97,200403
770,89,200403
770,828,200403
770,323,200403
770,7,200403
772,60,200403
775,776,200403
775,783,200403
775,30,200403
776,783,200403
776,775,200403
776,30,200403
777,96,200403
777,299,200403
778,89,200403
778,323,200403
779,85,200403
780,48,200403
781,10,200403
781,17,200403
781,11,200403
782,25,200403
783,776,200403
783,738,200403
783,775,200403
783,753,200403
783,122,200403
783,30,200403
784,1,200403
784,37,200403
785,322,200403
785,38,200403
786,898,200403
786,110,200403
786,917,200403
789,110,200403
792,563,200403
795,33,200403
795,51,200403
796,210,200403
797,46,200403
797,40,200403
797,97,200403
799,14,200403
799,278,200403
799,83,200403
799,99,200403
799,19,200403
801,756,200403
801,96,200403
802,234,200403
803,18,200403
804,18,200403
804,10,200403
805,352,200403
806,49,200403
807,3,200403
808,110,200403
808,235,200403
808,290,200403
810,4,200403
813,76,200403
813,46,200403
814,54,200403
814,440,200403
814,276,200403
817,5,200403
817,150,200403
817,17,200403
818,110,200403
819,5,200403
824,229,200403
824,196,200403
825,474,200403
826,998,200403
826,210,200403
826,750,200403
828,770,200403
828,89,200403
828,7,200403
830,110,200403
832,21,200403
832,20,200403
834,136,200403
834,27,200403
837,112,200403
839,850,200403
840,913,200403
840,109,200403
840,759,200403
841,110,200403
841,647,200403
842,51,200403
843,4,200403
843,247,200403
847,1030,200403
847,718,200403
850,683,200403
850,716,200403
850,585,200403
850,932,200403
850,725,200403
850,584,200403
850,726,200403
850,582,200403
850,583,200403
850,851,200403
850,839,200403
851,850,200403
852,484,200403
855,349,200403
855,14,200403
857,667,200403
858,703,200403
858,40,200403
860,799,200403
860,60,200403
860,46,200403
860,19,200403
860,26,200403
860,97,200403
861,667,200403
862,136,200403
863,5,200403
863,17,200403
863,23,200403
863,189,200403
863,248,200403
864,109,200403
866,21,200403
866,261,200403
866,761,200403
866,183,200403
866,346,200403
866,4,200403
866,51,200403
866,20,200403
867,191,200403
867,235,200403
869,844,200403
871,60,200403
871,160,200403
873,136,200403
874,188,200403
878,753,200403
878,1090,200403
878,30,200403
879,107,200403
882,424,200403
884,431,200403
885,521,200403
885,137,200403
886,110,200403
887,230,200403
888,154,200403
889,899,200403
889,40,200403
891,136,200403
893,40,200403
896,13,200403
896,180,200403
896,289,200403
897,201,200403
897,190,200403
898,786,200403
899,360,200403
899,40,200403
900,31,200403
900,46,200403
906,23,200403
906,34,200403
906,53,200403
906,112,200403
906,1,200403
906,20,200403
906,17,200403
908,234,200403
908,18,200403
909,908,200403
909,18,200403
913,109,200403
914,496,200403
917,786,200403
920,897,200403
920,190,200403
921,1233,200403
922,630,200403
922,186,200403
922,559,200403
922,997,200403
922,474,200403
922,185,200403
925,229,200403
925,824,200403
925,196,200403
926,185,200403
932,850,200403
934,854,200403
935,160,200403
937,474,200403
937,697,200403
937,186,200403
937,657,200403
937,200,200403
937,185,200403
938,109,200403
941,750,200403
941,210,200403
941,1,200403
947,656,200403
947,474,200403
947,1027,200403
947,922,200403
947,698,200403
947,185,200403
950,22,200403
950,136,200403
955,906,200403
960,114,200403
960,393,200403
961,847,200403
961,718,200403
962,1089,200403
962,1030,200403
962,525,200403
962,718,200403
968,136,200403
969,10,200403
976,69,200403
978,187,200403
978,354,200403
978,138,200403
980,425,200403
980,196,200403
980,110,200403
980,506,200403
980,424,200403
981,136,200403
982,981,200403
982,136,200403
985,593,200403
988,137,200403
988,136,200403
989,136,200403
989,137,200403
994,333,200403
995,13,200403
996,13,200403
997,474,200403
997,186,200403
997,922,200403
997,656,200403
997,185,200403
997,630,200403
998,750,200403
998,826,200403
1002,647,200403
1004,110,200403
1006,750,200403
1006,1333,200403
1010,210,200403
1011,473,200403
1011,186,200403
1014,485,200403
1015,136,200403
1016,926,200403
1016,186,200403
1016,185,200403
1017,1291,200403
1017,137,200403
1020,40,200403
1022,40,200403
1028,196,200403
1030,525,200403
1030,1087,200403
1030,558,200403
1030,718,200403
1042,186,200403
1042,185,200403
1052,97,200403
1056,235,200403
1057,750,200403
1057,941,200403
1057,210,200403
1065,40,200403
1065,65,200403
1065,46,200403
1072,14,200403
1082,172,200403
1083,351,200403
1083,606,200403
1083,574,200403
1086,19,200403
1086,40,200403
1087,1030,200403
1087,718,200403
1088,19,200403
1088,60,200403
1088,398,200403
1089,962,200403
1089,718,200403
1090,878,200403
1090,30,200403
1093,197,200403
1103,7,200403
1103,89,200403
1118,13,200403
1129,173,200403
1129,129,200403
1129,357,200403
1131,10,200403
1131,112,200403
1131,107,200403
1134,196,200403
1144,160,200403
1144,154,200403
1144,39,200403
1150,563,200403
1168,110,200403
1176,96,200403
1180,54,200403
1180,420,200403
1183,235,200403
1183,190,200403
1188,339,200403
1190,137,200403
1205,430,200403
1205,54,200403
1213,488,200403
1213,137,200403
1233,921,200403
1233,389,200403
1259,357,200403
1259,1286,200403
1261,1262,200403
1269,96,200403
1286,357,200403
1286,1259,200403
1291,1017,200403
1291,137,200403
1333,1334,200403
1334,1,200403
1334,1006,200403
1355,1,200403
1381,235,200403
1402,35,200403
1402,92,200403
1408,89,200403
1417,13,200403
1421,748,200403
1421,747,200403
1439,247,200403
1482,154,200403
1558,394,200403
1563,24,200403
1580,154,200403
1587,242,200403
1588,235,200403
1604,857,200403
1615,28,200403
1674,349,200403
1674,297,200403
1717,235,200403
1794,96,200403
1815,1904,200403
1904,1815,200403
2250,43,200403
2250,488,200403
2250,13,200403
2250,96,200403
2250,17,200403
