i,j,t
0,70,201811
0,40,201811
0,27,201811
0,160,201811
0,25,201811
0,146,201811
0,48,201811
0,129,201811
0,132,201811
0,65,201811
0,23,201811
0,119,201811
0,11,201811
0,80,201811
0,157,201811
0,156,201811
0,143,201811
0,113,201811
0,51,201811
0,180,201811
0,1366,201811
0,38,201811
0,117,201811
0,183,201811
0,115,201811
0,139,201811
0,121,201811
0,102,201811
0,14,201811
0,57,201811
0,22,201811
0,52,201811
0,133,201811
0,45,201811
0,107,201811
0,4,201811
0,54,201811
0,124,201811
0,266,201811
0,69,201811
0,13,201811
0,16,201811
0,2,201811
0,100,201811
0,46,201811
0,72,201811
0,41,201811
0,9,201811
0,29,201811
0,60,201811
0,35,201811
0,93,201811
0,739,201811
0,165,201811
0,346,201811
0,18,201811
0,96,201811
0,19,201811
0,64,201811
0,149,201811
0,1,201811
0,97,201811
0,108,201811
0,92,201811
0,137,201811
0,17,201811
0,445,201811
0,112,201811
0,120,201811
0,32,201811
0,6,201811
0,26,201811
0,178,201811
0,81,201811
0,28,201811
0,5,201811
0,59,201811
0,77,201811
0,83,201811
0,31,201811
0,1430,201811
0,85,201811
0,21,201811
0,20,201811
0,10,201811
0,136,201811
0,154,201811
0,99,201811
0,135,201811
0,274,201811
1,209,201811
1,784,201811
1,1236,201811
1,552,201811
1,77,201811
1,17,201811
1,160,201811
1,5,201811
1,92,201811
1,28,201811
1,13,201811
1,83,201811
1,189,201811
1,107,201811
1,79,201811
1,146,201811
1,138,201811
1,96,201811
1,137,201811
1,23,201811
1,51,201811
1,19,201811
1,143,201811
1,222,201811
1,72,201811
1,46,201811
1,133,201811
1,116,201811
1,142,201811
1,102,201811
1,121,201811
1,106,201811
1,45,201811
1,139,201811
1,64,201811
1,134,201811
1,47,201811
1,155,201811
1,180,201811
1,129,201811
1,93,201811
1,0,201811
1,60,201811
1,136,201811
1,32,201811
1,21,201811
1,20,201811
1,31,201811
1,213,201811
1,11,201811
1,57,201811
1,115,201811
1,108,201811
1,10,201811
1,149,201811
1,52,201811
1,327,201811
1,361,201811
1,33,201811
1,27,201811
1,1269,201811
1,26,201811
1,1355,201811
1,161,201811
1,941,201811
1,181,201811
1,99,201811
1,48,201811
1,54,201811
1,4,201811
1,132,201811
1,130,201811
1,950,201811
1,61,201811
1,204,201811
1,9,201811
1,214,201811
1,184,201811
1,22,201811
1,211,201811
1,29,201811
1,819,201811
1,110,201811
1,18,201811
1,8,201811
1,70,201811
1,150,201811
1,16,201811
1,124,201811
1,34,201811
1,243,201811
1,781,201811
1,59,201811
1,69,201811
1,81,201811
1,6,201811
1,53,201811
1,40,201811
1,183,201811
1,261,201811
1,7,201811
1,12,201811
1,37,201811
1,89,201811
1,97,201811
1,14,201811
1,906,201811
1,25,201811
1,154,201811
1,165,201811
1,2,201811
1,85,201811
1,35,201811
1,112,201811
1,113,201811
1,274,201811
1,135,201811
2,552,201811
2,137,201811
2,385,201811
2,93,201811
2,339,201811
2,160,201811
2,194,201811
2,83,201811
2,136,201811
2,146,201811
2,138,201811
2,143,201811
2,393,201811
2,97,201811
2,327,201811
2,165,201811
2,25,201811
2,35,201811
2,18,201811
2,20,201811
2,401,201811
2,274,201811
2,81,201811
2,40,201811
2,22,201811
2,931,201811
2,17,201811
2,46,201811
2,183,201811
2,51,201811
2,134,201811
2,117,201811
2,181,201811
2,155,201811
2,16,201811
2,72,201811
2,149,201811
2,54,201811
2,52,201811
2,69,201811
2,142,201811
2,0,201811
2,9,201811
2,156,201811
2,124,201811
2,77,201811
2,21,201811
2,12,201811
2,4,201811
2,32,201811
2,129,201811
2,60,201811
2,11,201811
2,5,201811
2,80,201811
2,112,201811
2,23,201811
2,13,201811
2,107,201811
2,100,201811
2,86,201811
2,113,201811
2,95,201811
2,48,201811
2,133,201811
2,115,201811
2,19,201811
2,341,201811
2,29,201811
2,346,201811
2,96,201811
2,99,201811
2,26,201811
2,64,201811
2,266,201811
2,10,201811
2,6,201811
2,28,201811
2,27,201811
2,59,201811
2,108,201811
2,31,201811
2,154,201811
2,135,201811
2,14,201811
2,1,201811
2,92,201811
3,311,201811
3,69,201811
4,222,201811
4,843,201811
4,748,201811
4,1070,201811
4,552,201811
4,110,201811
4,77,201811
4,160,201811
4,5,201811
4,29,201811
4,247,201811
4,137,201811
4,146,201811
4,17,201811
4,51,201811
4,109,201811
4,427,201811
4,306,201811
4,127,201811
4,128,201811
4,35,201811
4,23,201811
4,16,201811
4,33,201811
4,131,201811
4,40,201811
4,138,201811
4,28,201811
4,79,201811
4,52,201811
4,1,201811
4,21,201811
4,108,201811
4,34,201811
4,143,201811
4,183,201811
4,107,201811
4,116,201811
4,155,201811
4,96,201811
4,19,201811
4,26,201811
4,12,201811
4,83,201811
4,124,201811
4,18,201811
4,134,201811
4,9,201811
4,20,201811
4,7,201811
4,142,201811
4,13,201811
4,97,201811
4,180,201811
4,92,201811
4,85,201811
4,54,201811
4,11,201811
4,22,201811
4,633,201811
4,184,201811
4,165,201811
4,305,201811
4,121,201811
4,60,201811
4,81,201811
4,2,201811
4,0,201811
4,46,201811
4,346,201811
4,74,201811
4,906,201811
4,48,201811
4,27,201811
4,196,201811
4,113,201811
4,214,201811
4,133,201811
4,136,201811
4,213,201811
4,268,201811
4,10,201811
4,25,201811
4,819,201811
4,88,201811
4,69,201811
4,112,201811
4,84,201811
4,45,201811
4,64,201811
4,150,201811
4,243,201811
4,8,201811
4,31,201811
4,30,201811
4,300,201811
4,59,201811
4,189,201811
4,14,201811
4,274,201811
4,177,201811
4,154,201811
4,32,201811
4,223,201811
4,311,201811
4,86,201811
4,50,201811
4,89,201811
4,301,201811
4,164,201811
4,99,201811
4,135,201811
4,6,201811
5,817,201811
5,143,201811
5,552,201811
5,110,201811
5,136,201811
5,137,201811
5,6,201811
5,150,201811
5,69,201811
5,89,201811
5,77,201811
5,10,201811
5,17,201811
5,121,201811
5,160,201811
5,261,201811
5,23,201811
5,29,201811
5,51,201811
5,1,201811
5,107,201811
5,28,201811
5,835,201811
5,4,201811
5,11,201811
5,21,201811
5,1121,201811
5,20,201811
5,39,201811
5,501,201811
5,19,201811
5,138,201811
5,181,201811
5,444,201811
5,303,201811
5,46,201811
5,149,201811
5,13,201811
5,16,201811
5,80,201811
5,142,201811
5,100,201811
5,133,201811
5,34,201811
5,26,201811
5,102,201811
5,115,201811
5,165,201811
5,83,201811
5,40,201811
5,72,201811
5,184,201811
5,92,201811
5,9,201811
5,274,201811
5,12,201811
5,14,201811
5,0,201811
5,32,201811
5,48,201811
5,764,201811
5,113,201811
5,132,201811
5,54,201811
5,317,201811
5,108,201811
5,8,201811
5,99,201811
5,189,201811
5,736,201811
5,25,201811
5,22,201811
5,33,201811
5,1227,201811
5,243,201811
5,222,201811
5,59,201811
5,18,201811
5,27,201811
5,81,201811
5,2,201811
5,85,201811
5,7,201811
5,154,201811
5,31,201811
5,97,201811
5,60,201811
5,183,201811
5,96,201811
5,135,201811
6,262,201811
6,35,201811
6,180,201811
6,97,201811
6,52,201811
6,13,201811
6,55,201811
6,14,201811
6,16,201811
6,46,201811
6,136,201811
6,137,201811
6,32,201811
6,48,201811
6,76,201811
6,64,201811
6,77,201811
6,17,201811
6,281,201811
6,60,201811
6,176,201811
6,160,201811
6,5,201811
6,29,201811
6,815,201811
6,51,201811
6,40,201811
6,102,201811
6,134,201811
6,117,201811
6,4,201811
6,126,201811
6,146,201811
6,444,201811
6,208,201811
6,98,201811
6,31,201811
6,23,201811
6,138,201811
6,143,201811
6,129,201811
6,26,201811
6,7,201811
6,19,201811
6,384,201811
6,142,201811
6,165,201811
6,83,201811
6,1,201811
6,135,201811
6,809,201811
6,112,201811
6,189,201811
6,18,201811
6,139,201811
6,57,201811
6,183,201811
6,327,201811
6,542,201811
6,339,201811
6,12,201811
6,80,201811
6,21,201811
6,114,201811
6,10,201811
6,155,201811
6,54,201811
6,0,201811
6,125,201811
6,81,201811
6,27,201811
6,267,201811
6,101,201811
6,544,201811
6,15,201811
6,108,201811
6,154,201811
6,65,201811
6,2,201811
6,94,201811
6,224,201811
6,78,201811
6,120,201811
6,45,201811
6,11,201811
6,99,201811
6,170,201811
6,131,201811
6,92,201811
6,66,201811
6,237,201811
6,38,201811
6,100,201811
6,36,201811
6,274,201811
6,85,201811
6,772,201811
6,289,201811
6,172,201811
6,355,201811
6,181,201811
6,75,201811
6,206,201811
6,9,201811
6,24,201811
6,769,201811
6,28,201811
6,320,201811
6,194,201811
6,89,201811
6,25,201811
6,113,201811
6,20,201811
7,137,201811
7,89,201811
7,8,201811
7,90,201811
7,243,201811
7,23,201811
7,835,201811
7,1408,201811
7,323,201811
7,77,201811
7,51,201811
7,828,201811
7,18,201811
7,1103,201811
7,97,201811
7,110,201811
7,29,201811
7,222,201811
7,770,201811
7,20,201811
7,17,201811
7,5,201811
7,112,201811
7,28,201811
7,21,201811
7,136,201811
7,4,201811
7,1,201811
8,17,201811
8,89,201811
8,90,201811
8,7,201811
8,23,201811
8,112,201811
8,828,201811
8,18,201811
8,51,201811
8,778,201811
8,5,201811
8,222,201811
8,110,201811
8,28,201811
8,20,201811
8,4,201811
8,1,201811
8,243,201811
8,136,201811
9,160,201811
9,72,201811
9,137,201811
9,51,201811
9,143,201811
9,133,201811
9,27,201811
9,18,201811
9,5,201811
9,46,201811
9,129,201811
9,93,201811
9,22,201811
9,96,201811
9,142,201811
9,1366,201811
9,52,201811
9,115,201811
9,45,201811
9,16,201811
9,2,201811
9,112,201811
9,21,201811
9,19,201811
9,11,201811
9,83,201811
9,77,201811
9,81,201811
9,155,201811
9,0,201811
9,149,201811
9,1,201811
9,274,201811
9,32,201811
9,13,201811
9,136,201811
9,97,201811
9,165,201811
9,107,201811
9,346,201811
9,54,201811
9,85,201811
9,23,201811
9,29,201811
9,17,201811
9,1169,201811
9,113,201811
9,48,201811
9,341,201811
9,722,201811
9,534,201811
9,108,201811
9,25,201811
9,28,201811
9,60,201811
9,355,201811
9,266,201811
9,31,201811
9,10,201811
9,20,201811
9,6,201811
9,4,201811
9,64,201811
9,99,201811
9,14,201811
9,135,201811
9,154,201811
9,92,201811
10,548,201811
10,17,201811
10,160,201811
10,23,201811
10,107,201811
10,781,201811
10,85,201811
10,25,201811
10,247,201811
10,31,201811
10,86,201811
10,336,201811
10,1144,201811
10,189,201811
10,143,201811
10,13,201811
10,40,201811
10,28,201811
10,515,201811
10,444,201811
10,47,201811
10,35,201811
10,931,201811
10,36,201811
10,156,201811
10,354,201811
10,119,201811
10,133,201811
10,453,201811
10,117,201811
10,81,201811
10,20,201811
10,100,201811
10,136,201811
10,6,201811
10,64,201811
10,18,201811
10,57,201811
10,165,201811
10,139,201811
10,93,201811
10,14,201811
10,181,201811
10,60,201811
10,892,201811
10,135,201811
10,112,201811
10,142,201811
10,1,201811
10,941,201811
10,102,201811
10,83,201811
10,26,201811
10,45,201811
10,113,201811
10,44,201811
10,19,201811
10,170,201811
10,274,201811
10,395,201811
10,89,201811
10,150,201811
10,99,201811
10,77,201811
10,155,201811
10,180,201811
10,819,201811
10,52,201811
10,66,201811
10,12,201811
10,4,201811
10,72,201811
10,164,201811
10,96,201811
10,84,201811
10,188,201811
10,728,201811
10,15,201811
10,104,201811
10,339,201811
10,223,201811
10,70,201811
10,43,201811
10,30,201811
10,710,201811
10,111,201811
10,105,201811
10,159,201811
10,123,201811
10,265,201811
10,544,201811
10,2,201811
10,9,201811
10,101,201811
10,234,201811
10,38,201811
10,163,201811
10,261,201811
10,138,201811
10,69,201811
10,54,201811
10,183,201811
10,33,201811
10,184,201811
10,34,201811
10,122,201811
10,177,201811
10,1227,201811
10,21,201811
10,11,201811
10,51,201811
10,131,201811
10,863,201811
10,61,201811
10,132,201811
10,146,201811
10,137,201811
10,116,201811
10,161,201811
10,115,201811
10,59,201811
10,80,201811
10,5,201811
10,0,201811
10,124,201811
10,149,201811
10,48,201811
10,27,201811
10,16,201811
10,108,201811
10,32,201811
10,97,201811
10,53,201811
10,103,201811
10,154,201811
10,29,201811
10,222,201811
10,121,201811
10,22,201811
10,92,201811
10,46,201811
11,105,201811
11,51,201811
11,143,201811
11,183,201811
11,77,201811
11,169,201811
11,17,201811
11,160,201811
11,5,201811
11,1,201811
11,228,201811
11,268,201811
11,227,201811
11,14,201811
11,10,201811
11,1227,201811
11,1169,201811
11,234,201811
11,102,201811
11,107,201811
11,146,201811
11,501,201811
11,154,201811
11,136,201811
11,23,201811
11,20,201811
11,52,201811
11,45,201811
11,26,201811
11,133,201811
11,204,201811
11,13,201811
11,181,201811
11,19,201811
11,12,201811
11,819,201811
11,6,201811
11,149,201811
11,99,201811
11,155,201811
11,121,201811
11,0,201811
11,53,201811
11,83,201811
11,100,201811
11,9,201811
11,81,201811
11,97,201811
11,115,201811
11,16,201811
11,25,201811
11,1144,201811
11,31,201811
11,54,201811
11,40,201811
11,33,201811
11,60,201811
11,108,201811
11,4,201811
11,18,201811
11,48,201811
11,165,201811
11,27,201811
11,72,201811
11,21,201811
11,112,201811
11,85,201811
11,113,201811
11,1313,201811
11,2,201811
11,29,201811
11,137,201811
11,177,201811
11,184,201811
11,96,201811
11,139,201811
11,69,201811
11,214,201811
11,111,201811
11,132,201811
11,548,201811
11,223,201811
11,248,201811
11,131,201811
11,28,201811
11,238,201811
11,147,201811
11,303,201811
11,164,201811
11,64,201811
11,30,201811
11,317,201811
11,92,201811
11,274,201811
11,86,201811
11,84,201811
11,70,201811
11,59,201811
11,88,201811
11,46,201811
11,150,201811
11,213,201811
11,781,201811
11,22,201811
11,89,201811
11,135,201811
11,32,201811
12,131,201811
12,862,201811
12,61,201811
12,728,201811
12,34,201811
12,77,201811
12,502,201811
12,160,201811
12,354,201811
12,146,201811
12,154,201811
12,15,201811
12,121,201811
12,107,201811
12,143,201811
12,515,201811
12,116,201811
12,13,201811
12,47,201811
12,38,201811
12,69,201811
12,40,201811
12,23,201811
12,72,201811
12,20,201811
12,113,201811
12,22,201811
12,52,201811
12,142,201811
12,11,201811
12,19,201811
12,4,201811
12,112,201811
12,139,201811
12,46,201811
12,51,201811
12,97,201811
12,81,201811
12,85,201811
12,133,201811
12,2,201811
12,21,201811
12,48,201811
12,10,201811
12,27,201811
12,28,201811
12,136,201811
12,346,201811
12,0,201811
12,29,201811
12,183,201811
12,14,201811
12,5,201811
12,96,201811
12,59,201811
12,108,201811
12,79,201811
12,18,201811
12,32,201811
12,25,201811
12,31,201811
12,1250,201811
12,60,201811
12,375,201811
12,1227,201811
12,266,201811
12,99,201811
12,137,201811
12,26,201811
12,6,201811
12,17,201811
12,92,201811
12,274,201811
12,1,201811
12,135,201811
13,6,201811
13,77,201811
13,160,201811
13,19,201811
13,97,201811
13,81,201811
13,154,201811
13,52,201811
13,137,201811
13,138,201811
13,143,201811
13,26,201811
13,146,201811
13,7,201811
13,165,201811
13,515,201811
13,85,201811
13,40,201811
13,83,201811
13,183,201811
13,297,201811
13,46,201811
13,444,201811
13,36,201811
13,45,201811
13,99,201811
13,112,201811
13,1366,201811
13,23,201811
13,156,201811
13,208,201811
13,96,201811
13,139,201811
13,20,201811
13,9,201811
13,48,201811
13,124,201811
13,100,201811
13,72,201811
13,181,201811
13,2,201811
13,463,201811
13,18,201811
13,16,201811
13,57,201811
13,12,201811
13,5,201811
13,135,201811
13,17,201811
13,51,201811
13,178,201811
13,32,201811
13,28,201811
13,4,201811
13,54,201811
13,0,201811
13,10,201811
13,89,201811
13,108,201811
13,313,201811
13,38,201811
13,1,201811
13,64,201811
13,21,201811
13,120,201811
13,996,201811
13,31,201811
13,766,201811
13,1417,201811
13,896,201811
13,1118,201811
13,360,201811
13,995,201811
13,180,201811
13,283,201811
13,60,201811
13,59,201811
13,176,201811
13,349,201811
13,126,201811
13,27,201811
13,29,201811
13,117,201811
13,11,201811
13,142,201811
13,133,201811
13,320,201811
13,94,201811
13,92,201811
13,78,201811
13,274,201811
13,121,201811
13,136,201811
13,14,201811
13,129,201811
13,25,201811
13,35,201811
14,234,201811
14,83,201811
14,6,201811
14,77,201811
14,176,201811
14,160,201811
14,799,201811
14,165,201811
14,146,201811
14,322,201811
14,23,201811
14,21,201811
14,178,201811
14,19,201811
14,143,201811
14,131,201811
14,52,201811
14,142,201811
14,46,201811
14,25,201811
14,35,201811
14,18,201811
14,914,201811
14,108,201811
14,739,201811
14,192,201811
14,116,201811
14,115,201811
14,22,201811
14,129,201811
14,444,201811
14,40,201811
14,149,201811
14,121,201811
14,51,201811
14,107,201811
14,161,201811
14,26,201811
14,183,201811
14,24,201811
14,57,201811
14,96,201811
14,72,201811
14,102,201811
14,113,201811
14,5,201811
14,41,201811
14,1366,201811
14,540,201811
14,114,201811
14,12,201811
14,449,201811
14,341,201811
14,1020,201811
14,156,201811
14,266,201811
14,4,201811
14,0,201811
14,281,201811
14,81,201811
14,133,201811
14,523,201811
14,549,201811
14,369,201811
14,170,201811
14,97,201811
14,304,201811
14,20,201811
14,132,201811
14,373,201811
14,54,201811
14,355,201811
14,59,201811
14,398,201811
14,78,201811
14,237,201811
14,320,201811
14,139,201811
14,136,201811
14,181,201811
14,60,201811
14,28,201811
14,11,201811
14,29,201811
14,17,201811
14,32,201811
14,9,201811
14,112,201811
14,80,201811
14,48,201811
14,137,201811
14,10,201811
14,1,201811
14,13,201811
14,27,201811
14,2,201811
14,85,201811
14,117,201811
14,134,201811
14,16,201811
14,100,201811
14,45,201811
14,36,201811
14,38,201811
14,119,201811
14,154,201811
14,180,201811
14,274,201811
14,92,201811
14,155,201811
14,31,201811
14,135,201811
15,40,201811
15,132,201811
15,77,201811
15,160,201811
15,131,201811
15,27,201811
15,46,201811
15,146,201811
15,183,201811
15,12,201811
15,143,201811
15,1,201811
15,304,201811
15,205,201811
15,460,201811
15,29,201811
15,66,201811
15,6,201811
15,97,201811
15,32,201811
15,346,201811
15,262,201811
15,125,201811
15,10,201811
15,266,201811
15,1250,201811
15,375,201811
15,1227,201811
15,136,201811
15,18,201811
15,137,201811
16,131,201811
16,143,201811
16,188,201811
16,362,201811
16,6,201811
16,64,201811
16,77,201811
16,281,201811
16,27,201811
16,160,201811
16,18,201811
16,40,201811
16,19,201811
16,138,201811
16,142,201811
16,11,201811
16,135,201811
16,22,201811
16,181,201811
16,180,201811
16,52,201811
16,107,201811
16,156,201811
16,20,201811
16,5,201811
16,38,201811
16,72,201811
16,96,201811
16,99,201811
16,13,201811
16,9,201811
16,139,201811
16,28,201811
16,83,201811
16,100,201811
16,132,201811
16,124,201811
16,133,201811
16,113,201811
16,51,201811
16,26,201811
16,46,201811
16,85,201811
16,29,201811
16,0,201811
16,136,201811
16,32,201811
16,17,201811
16,4,201811
16,48,201811
16,2,201811
16,108,201811
16,137,201811
16,23,201811
16,92,201811
16,25,201811
16,146,201811
16,97,201811
16,346,201811
16,178,201811
16,59,201811
16,274,201811
16,320,201811
16,60,201811
16,36,201811
16,78,201811
16,266,201811
16,375,201811
16,1250,201811
16,35,201811
16,1,201811
16,54,201811
16,10,201811
16,154,201811
16,31,201811
16,14,201811
17,110,201811
17,552,201811
17,97,201811
17,46,201811
17,32,201811
17,6,201811
17,69,201811
17,89,201811
17,77,201811
17,27,201811
17,60,201811
17,160,201811
17,35,201811
17,54,201811
17,18,201811
17,5,201811
17,23,201811
17,29,201811
17,19,201811
17,1,201811
17,108,201811
17,133,201811
17,113,201811
17,146,201811
17,51,201811
17,4,201811
17,59,201811
17,20,201811
17,1144,201811
17,112,201811
17,107,201811
17,119,201811
17,28,201811
17,137,201811
17,143,201811
17,81,201811
17,131,201811
17,40,201811
17,203,201811
17,45,201811
17,274,201811
17,662,201811
17,11,201811
17,22,201811
17,48,201811
17,120,201811
17,0,201811
17,10,201811
17,92,201811
17,36,201811
17,52,201811
17,115,201811
17,155,201811
17,213,201811
17,83,201811
17,142,201811
17,26,201811
17,2,201811
17,129,201811
17,208,201811
17,53,201811
17,135,201811
17,149,201811
17,33,201811
17,9,201811
17,72,201811
17,139,201811
17,70,201811
17,183,201811
17,13,201811
17,136,201811
17,1172,201811
17,66,201811
17,80,201811
17,99,201811
17,21,201811
17,764,201811
17,493,201811
17,1649,201811
17,345,201811
17,86,201811
17,966,201811
17,96,201811
17,781,201811
17,104,201811
17,761,201811
17,544,201811
17,222,201811
17,303,201811
17,165,201811
17,184,201811
17,25,201811
17,150,201811
17,90,201811
17,8,201811
17,214,201811
17,12,201811
17,243,201811
17,7,201811
17,14,201811
17,85,201811
17,906,201811
17,189,201811
17,261,201811
17,16,201811
17,31,201811
17,819,201811
17,64,201811
17,154,201811
18,426,201811
18,40,201811
18,552,201811
18,233,201811
18,76,201811
18,77,201811
18,17,201811
18,160,201811
18,27,201811
18,443,201811
18,137,201811
18,132,201811
18,19,201811
18,138,201811
18,143,201811
18,165,201811
18,146,201811
18,2,201811
18,112,201811
18,51,201811
18,4,201811
18,20,201811
18,6,201811
18,38,201811
18,180,201811
18,142,201811
18,0,201811
18,85,201811
18,121,201811
18,11,201811
18,46,201811
18,9,201811
18,57,201811
18,120,201811
18,99,201811
18,13,201811
18,69,201811
18,108,201811
18,16,201811
18,183,201811
18,12,201811
18,26,201811
18,107,201811
18,22,201811
18,93,201811
18,139,201811
18,14,201811
18,181,201811
18,45,201811
18,81,201811
18,113,201811
18,126,201811
18,48,201811
18,29,201811
18,23,201811
18,739,201811
18,10,201811
18,59,201811
18,136,201811
18,274,201811
18,892,201811
18,64,201811
18,170,201811
18,133,201811
18,52,201811
18,32,201811
18,432,201811
18,148,201811
18,92,201811
18,43,201811
18,234,201811
18,21,201811
18,96,201811
18,223,201811
18,28,201811
18,25,201811
18,65,201811
18,1205,201811
18,1169,201811
18,31,201811
18,79,201811
18,54,201811
18,74,201811
18,262,201811
18,83,201811
18,193,201811
18,320,201811
18,60,201811
18,117,201811
18,122,201811
18,131,201811
18,298,201811
18,135,201811
18,8,201811
18,265,201811
18,436,201811
18,30,201811
18,819,201811
18,35,201811
18,78,201811
18,341,201811
18,413,201811
18,189,201811
18,269,201811
18,285,201811
18,546,201811
18,62,201811
18,814,201811
18,242,201811
18,346,201811
18,163,201811
18,159,201811
18,410,201811
18,100,201811
18,544,201811
18,276,201811
18,423,201811
18,144,201811
18,164,201811
18,171,201811
18,430,201811
18,101,201811
18,88,201811
18,61,201811
18,84,201811
18,66,201811
18,197,201811
18,89,201811
18,177,201811
18,72,201811
18,213,201811
18,738,201811
18,407,201811
18,5,201811
18,111,201811
18,1,201811
18,44,201811
18,24,201811
18,125,201811
18,145,201811
18,15,201811
18,34,201811
18,97,201811
18,110,201811
18,154,201811
18,123,201811
18,86,201811
19,285,201811
19,40,201811
19,141,201811
19,23,201811
19,29,201811
19,835,201811
19,143,201811
19,142,201811
19,77,201811
19,17,201811
19,160,201811
19,6,201811
19,178,201811
19,266,201811
19,146,201811
19,455,201811
19,180,201811
19,97,201811
19,52,201811
19,13,201811
19,39,201811
19,16,201811
19,46,201811
19,137,201811
19,32,201811
19,100,201811
19,59,201811
19,281,201811
19,121,201811
19,501,201811
19,155,201811
19,35,201811
19,18,201811
19,5,201811
19,36,201811
19,51,201811
19,159,201811
19,83,201811
19,138,201811
19,120,201811
19,112,201811
19,108,201811
19,9,201811
19,20,201811
19,1445,201811
19,80,201811
19,129,201811
19,931,201811
19,401,201811
19,139,201811
19,69,201811
19,101,201811
19,132,201811
19,4,201811
19,21,201811
19,22,201811
19,57,201811
19,124,201811
19,45,201811
19,81,201811
19,320,201811
19,2,201811
19,14,201811
19,28,201811
19,282,201811
19,85,201811
19,12,201811
19,314,201811
19,102,201811
19,176,201811
19,96,201811
19,64,201811
19,60,201811
19,135,201811
19,55,201811
19,354,201811
19,11,201811
19,72,201811
19,54,201811
19,208,201811
19,31,201811
19,278,201811
19,341,201811
19,860,201811
19,375,201811
19,92,201811
19,0,201811
19,78,201811
19,27,201811
19,26,201811
19,63,201811
19,79,201811
19,181,201811
19,38,201811
19,334,201811
19,140,201811
19,387,201811
19,154,201811
19,156,201811
19,899,201811
19,75,201811
19,114,201811
19,62,201811
19,76,201811
19,25,201811
19,99,201811
19,362,201811
19,65,201811
19,192,201811
19,799,201811
19,131,201811
19,338,201811
19,182,201811
19,119,201811
19,277,201811
19,10,201811
19,195,201811
19,274,201811
19,205,201811
19,1,201811
19,134,201811
19,24,201811
19,117,201811
19,136,201811
19,126,201811
19,48,201811
20,160,201811
20,81,201811
20,100,201811
20,120,201811
20,78,201811
20,154,201811
20,22,201811
20,4,201811
20,146,201811
20,17,201811
20,5,201811
20,183,201811
20,99,201811
20,32,201811
20,40,201811
20,133,201811
20,931,201811
20,7,201811
20,64,201811
20,444,201811
20,18,201811
20,23,201811
20,83,201811
20,144,201811
20,97,201811
20,107,201811
20,165,201811
20,69,201811
20,139,201811
20,89,201811
20,80,201811
20,108,201811
20,72,201811
20,10,201811
20,102,201811
20,11,201811
20,52,201811
20,19,201811
20,13,201811
20,27,201811
20,31,201811
20,60,201811
20,28,201811
20,2,201811
20,12,201811
20,136,201811
20,0,201811
20,77,201811
20,35,201811
20,96,201811
20,54,201811
20,33,201811
20,131,201811
20,26,201811
20,14,201811
20,247,201811
20,213,201811
20,274,201811
20,92,201811
20,113,201811
20,51,201811
20,741,201811
20,132,201811
20,819,201811
20,86,201811
20,177,201811
20,48,201811
20,544,201811
20,211,201811
20,9,201811
20,85,201811
20,1,201811
20,261,201811
20,184,201811
20,137,201811
20,8,201811
20,21,201811
20,866,201811
20,906,201811
20,150,201811
20,761,201811
20,214,201811
20,29,201811
20,243,201811
20,16,201811
20,121,201811
20,189,201811
20,135,201811
20,59,201811
20,6,201811
20,46,201811
20,25,201811
21,761,201811
21,1063,201811
21,736,201811
21,77,201811
21,160,201811
21,866,201811
21,107,201811
21,755,201811
21,929,201811
21,14,201811
21,10,201811
21,154,201811
21,79,201811
21,23,201811
21,138,201811
21,108,201811
21,180,201811
21,116,201811
21,124,201811
21,142,201811
21,57,201811
21,83,201811
21,6,201811
21,72,201811
21,117,201811
21,38,201811
21,26,201811
21,18,201811
21,12,201811
21,81,201811
21,132,201811
21,32,201811
21,99,201811
21,9,201811
21,80,201811
21,139,201811
21,165,201811
21,64,201811
21,1,201811
21,20,201811
21,274,201811
21,13,201811
21,19,201811
21,17,201811
21,346,201811
21,48,201811
21,54,201811
21,11,201811
21,69,201811
21,22,201811
21,97,201811
21,31,201811
21,4,201811
21,96,201811
21,209,201811
21,2,201811
21,27,201811
21,92,201811
21,136,201811
21,51,201811
21,183,201811
21,0,201811
21,29,201811
21,85,201811
21,7,201811
21,60,201811
21,46,201811
21,59,201811
21,135,201811
21,28,201811
21,121,201811
21,89,201811
21,25,201811
21,113,201811
21,137,201811
21,133,201811
22,552,201811
22,160,201811
22,27,201811
22,282,201811
22,384,201811
22,143,201811
22,1227,201811
22,157,201811
22,180,201811
22,13,201811
22,40,201811
22,48,201811
22,20,201811
22,96,201811
22,72,201811
22,93,201811
22,116,201811
22,81,201811
22,26,201811
22,97,201811
22,77,201811
22,23,201811
22,31,201811
22,12,201811
22,54,201811
22,113,201811
22,18,201811
22,85,201811
22,154,201811
22,183,201811
22,107,201811
22,2,201811
22,346,201811
22,4,201811
22,11,201811
22,133,201811
22,14,201811
22,274,201811
22,136,201811
22,317,201811
22,21,201811
22,51,201811
22,92,201811
22,222,201811
22,966,201811
22,5,201811
22,1,201811
22,17,201811
22,112,201811
22,29,201811
22,25,201811
22,46,201811
22,135,201811
22,28,201811
22,10,201811
22,137,201811
23,189,201811
23,97,201811
23,5,201811
23,835,201811
23,143,201811
23,552,201811
23,211,201811
23,749,201811
23,6,201811
23,64,201811
23,77,201811
23,348,201811
23,160,201811
23,35,201811
23,906,201811
23,863,201811
23,146,201811
23,165,201811
23,48,201811
23,0,201811
23,36,201811
23,79,201811
23,137,201811
23,138,201811
23,21,201811
23,96,201811
23,110,201811
23,52,201811
23,247,201811
23,30,201811
23,39,201811
23,136,201811
23,150,201811
23,69,201811
23,89,201811
23,25,201811
23,8,201811
23,170,201811
23,17,201811
23,60,201811
23,501,201811
23,7,201811
23,51,201811
23,19,201811
23,1,201811
23,11,201811
23,14,201811
23,46,201811
23,103,201811
23,654,201811
23,444,201811
23,108,201811
23,100,201811
23,1366,201811
23,142,201811
23,102,201811
23,180,201811
23,27,201811
23,32,201811
23,116,201811
23,20,201811
23,18,201811
23,107,201811
23,12,201811
23,9,201811
23,28,201811
23,83,201811
23,154,201811
23,16,201811
23,54,201811
23,274,201811
23,85,201811
23,4,201811
23,92,201811
23,2,201811
23,183,201811
23,59,201811
23,135,201811
23,10,201811
23,112,201811
24,48,201811
24,160,201811
24,314,201811
24,154,201811
24,14,201811
24,234,201811
24,178,201811
24,6,201811
24,77,201811
24,29,201811
24,32,201811
24,25,201811
24,266,201811
24,1250,201811
24,375,201811
24,64,201811
24,26,201811
24,18,201811
24,136,201811
24,99,201811
24,19,201811
24,137,201811
24,46,201811
24,97,201811
25,137,201811
25,552,201811
25,336,201811
25,77,201811
25,160,201811
25,146,201811
25,93,201811
25,0,201811
25,10,201811
25,60,201811
25,731,201811
25,64,201811
25,29,201811
25,165,201811
25,2,201811
25,143,201811
25,188,201811
25,220,201811
25,14,201811
25,100,201811
25,59,201811
25,121,201811
25,23,201811
25,914,201811
25,654,201811
25,17,201811
25,124,201811
25,393,201811
25,40,201811
25,1227,201811
25,11,201811
25,45,201811
25,18,201811
25,213,201811
25,118,201811
25,154,201811
25,183,201811
25,371,201811
25,115,201811
25,31,201811
25,36,201811
25,340,201811
25,96,201811
25,46,201811
25,47,201811
25,327,201811
25,78,201811
25,132,201811
25,34,201811
25,149,201811
25,136,201811
25,85,201811
25,72,201811
25,27,201811
25,53,201811
25,57,201811
25,303,201811
25,108,201811
25,58,201811
25,35,201811
25,16,201811
25,9,201811
25,98,201811
25,12,201811
25,110,201811
25,97,201811
25,157,201811
25,24,201811
25,107,201811
25,5,201811
25,63,201811
25,181,201811
25,75,201811
25,39,201811
25,65,201811
25,26,201811
25,544,201811
25,99,201811
25,80,201811
25,4,201811
25,32,201811
25,83,201811
25,81,201811
25,756,201811
25,22,201811
25,19,201811
25,52,201811
25,161,201811
25,104,201811
25,1366,201811
25,216,201811
25,335,201811
25,355,201811
25,156,201811
25,495,201811
25,116,201811
25,339,201811
25,28,201811
25,38,201811
25,341,201811
25,120,201811
25,101,201811
25,54,201811
25,112,201811
25,152,201811
25,6,201811
25,48,201811
25,1,201811
25,129,201811
25,139,201811
25,21,201811
25,89,201811
25,51,201811
25,13,201811
25,113,201811
25,20,201811
26,160,201811
26,81,201811
26,133,201811
26,46,201811
26,69,201811
26,115,201811
26,14,201811
26,149,201811
26,11,201811
26,59,201811
26,1363,201811
26,1366,201811
26,165,201811
26,139,201811
26,83,201811
26,21,201811
26,107,201811
26,181,201811
26,116,201811
26,96,201811
26,297,201811
26,113,201811
26,9,201811
26,20,201811
26,100,201811
26,10,201811
26,1,201811
26,51,201811
26,77,201811
26,6,201811
26,126,201811
26,85,201811
26,27,201811
26,17,201811
26,114,201811
26,16,201811
26,32,201811
26,18,201811
26,143,201811
26,66,201811
26,28,201811
26,99,201811
26,29,201811
26,38,201811
26,31,201811
26,36,201811
26,146,201811
26,57,201811
26,0,201811
26,19,201811
26,94,201811
26,2,201811
26,45,201811
26,78,201811
26,80,201811
26,60,201811
26,136,201811
26,131,201811
26,75,201811
26,76,201811
26,140,201811
26,48,201811
26,544,201811
26,155,201811
26,65,201811
26,192,201811
26,25,201811
26,224,201811
26,35,201811
26,117,201811
26,39,201811
26,134,201811
26,120,201811
26,54,201811
26,40,201811
26,132,201811
26,12,201811
26,278,201811
26,137,201811
26,24,201811
26,55,201811
26,13,201811
26,142,201811
26,101,201811
26,97,201811
26,154,201811
26,108,201811
26,64,201811
26,320,201811
26,92,201811
26,274,201811
26,135,201811
27,552,201811
27,77,201811
27,17,201811
27,160,201811
27,104,201811
27,146,201811
27,89,201811
27,203,201811
27,143,201811
27,282,201811
27,86,201811
27,76,201811
27,320,201811
27,15,201811
27,161,201811
27,23,201811
27,138,201811
27,222,201811
27,1,201811
27,119,201811
27,45,201811
27,155,201811
27,93,201811
27,116,201811
27,6,201811
27,22,201811
27,69,201811
27,165,201811
27,38,201811
27,20,201811
27,107,201811
27,183,201811
27,117,201811
27,142,201811
27,100,201811
27,46,201811
27,9,201811
27,4,201811
27,115,201811
27,80,201811
27,180,201811
27,26,201811
27,149,201811
27,327,201811
27,40,201811
27,181,201811
27,133,201811
27,113,201811
27,120,201811
27,32,201811
27,346,201811
27,139,201811
27,16,201811
27,11,201811
27,51,201811
27,81,201811
27,129,201811
27,19,201811
27,112,201811
27,57,201811
27,21,201811
27,136,201811
27,355,201811
27,1227,201811
27,18,201811
27,13,201811
27,375,201811
27,25,201811
27,266,201811
27,1250,201811
27,29,201811
27,83,201811
27,35,201811
27,28,201811
27,48,201811
27,5,201811
27,64,201811
27,96,201811
27,2,201811
27,54,201811
27,60,201811
27,85,201811
27,0,201811
27,99,201811
27,108,201811
27,10,201811
27,14,201811
27,31,201811
27,92,201811
27,97,201811
27,154,201811
27,274,201811
27,137,201811
27,135,201811
28,77,201811
28,493,201811
28,160,201811
28,5,201811
28,120,201811
28,393,201811
28,143,201811
28,146,201811
28,1,201811
28,47,201811
28,17,201811
28,444,201811
28,780,201811
28,133,201811
28,1366,201811
28,181,201811
28,124,201811
28,93,201811
28,139,201811
28,149,201811
28,542,201811
28,32,201811
28,45,201811
28,165,201811
28,64,201811
28,115,201811
28,80,201811
28,155,201811
28,13,201811
28,10,201811
28,26,201811
28,34,201811
28,177,201811
28,52,201811
28,119,201811
28,1227,201811
28,12,201811
28,107,201811
28,99,201811
28,102,201811
28,16,201811
28,20,201811
28,142,201811
28,81,201811
28,19,201811
28,72,201811
28,18,201811
28,96,201811
28,4,201811
28,150,201811
28,0,201811
28,9,201811
28,40,201811
28,48,201811
28,51,201811
28,54,201811
28,83,201811
28,100,201811
28,69,201811
28,38,201811
28,261,201811
28,819,201811
28,103,201811
28,222,201811
28,60,201811
28,27,201811
28,274,201811
28,85,201811
28,11,201811
28,154,201811
28,2,201811
28,183,201811
28,8,201811
28,243,201811
28,6,201811
28,14,201811
28,29,201811
28,25,201811
28,7,201811
28,97,201811
28,89,201811
28,35,201811
28,108,201811
28,21,201811
28,22,201811
28,59,201811
28,31,201811
28,112,201811
28,92,201811
28,136,201811
28,135,201811
28,46,201811
28,137,201811
29,110,201811
29,645,201811
29,23,201811
29,138,201811
29,143,201811
29,552,201811
29,6,201811
29,77,201811
29,17,201811
29,281,201811
29,160,201811
29,5,201811
29,4,201811
29,97,201811
29,146,201811
29,59,201811
29,15,201811
29,53,201811
29,9,201811
29,1227,201811
29,10,201811
29,282,201811
29,137,201811
29,19,201811
29,89,201811
29,58,201811
29,25,201811
29,35,201811
29,662,201811
29,76,201811
29,122,201811
29,444,201811
29,33,201811
29,126,201811
29,114,201811
29,101,201811
29,205,201811
29,75,201811
29,134,201811
29,171,201811
29,40,201811
29,70,201811
29,83,201811
29,18,201811
29,362,201811
29,13,201811
29,132,201811
29,39,201811
29,120,201811
29,57,201811
29,142,201811
29,216,201811
29,64,201811
29,52,201811
29,2,201811
29,163,201811
29,154,201811
29,72,201811
29,170,201811
29,136,201811
29,85,201811
29,265,201811
29,24,201811
29,16,201811
29,125,201811
29,104,201811
29,208,201811
29,79,201811
29,544,201811
29,54,201811
29,81,201811
29,12,201811
29,140,201811
29,102,201811
29,480,201811
29,165,201811
29,131,201811
29,176,201811
29,26,201811
29,180,201811
29,303,201811
29,38,201811
29,11,201811
29,32,201811
29,327,201811
29,266,201811
29,129,201811
29,156,201811
29,61,201811
29,34,201811
29,213,201811
29,80,201811
29,871,201811
29,45,201811
29,69,201811
29,63,201811
29,96,201811
29,251,201811
29,1205,201811
29,99,201811
29,46,201811
29,31,201811
29,66,201811
29,298,201811
29,86,201811
29,0,201811
29,181,201811
29,270,201811
29,36,201811
29,172,201811
29,296,201811
29,1065,201811
29,490,201811
29,769,201811
29,320,201811
29,540,201811
29,224,201811
29,111,201811
29,157,201811
29,522,201811
29,65,201811
29,394,201811
29,730,201811
29,43,201811
29,722,201811
29,145,201811
29,55,201811
29,78,201811
29,420,201811
29,124,201811
29,7,201811
29,159,201811
29,117,201811
29,100,201811
29,27,201811
29,276,201811
29,443,201811
29,379,201811
29,22,201811
29,74,201811
29,422,201811
29,271,201811
29,197,201811
29,192,201811
29,233,201811
29,62,201811
29,1,201811
29,182,201811
29,278,201811
29,139,201811
29,314,201811
29,285,201811
29,198,201811
29,144,201811
29,44,201811
29,267,201811
29,269,201811
29,752,201811
29,175,201811
29,242,201811
29,174,201811
29,292,201811
29,21,201811
29,237,201811
29,14,201811
29,28,201811
29,48,201811
29,183,201811
29,94,201811
29,60,201811
29,108,201811
29,193,201811
29,20,201811
29,112,201811
29,51,201811
29,113,201811
30,61,201811
30,84,201811
30,160,201811
30,11,201811
30,247,201811
30,183,201811
30,136,201811
30,23,201811
30,143,201811
30,86,201811
30,776,201811
30,18,201811
30,753,201811
30,1090,201811
30,754,201811
30,783,201811
30,10,201811
30,137,201811
30,51,201811
30,1227,201811
30,4,201811
31,35,201811
31,146,201811
31,97,201811
31,100,201811
31,148,201811
31,6,201811
31,76,201811
31,77,201811
31,160,201811
31,274,201811
31,208,201811
31,60,201811
31,40,201811
31,83,201811
31,101,201811
31,11,201811
31,1681,201811
31,1483,201811
31,12,201811
31,38,201811
31,157,201811
31,152,201811
31,444,201811
31,115,201811
31,124,201811
31,149,201811
31,57,201811
31,1672,201811
31,453,201811
31,64,201811
31,116,201811
31,51,201811
31,183,201811
31,133,201811
31,36,201811
31,34,201811
31,119,201811
31,131,201811
31,48,201811
31,113,201811
31,892,201811
31,739,201811
31,4,201811
31,107,201811
31,24,201811
31,154,201811
31,2,201811
31,155,201811
31,108,201811
31,134,201811
31,132,201811
31,52,201811
31,25,201811
31,117,201811
31,23,201811
31,22,201811
31,341,201811
31,99,201811
31,935,201811
31,20,201811
31,180,201811
31,165,201811
31,142,201811
31,102,201811
31,136,201811
31,18,201811
31,137,201811
31,314,201811
31,710,201811
31,112,201811
31,96,201811
31,26,201811
31,120,201811
31,129,201811
31,21,201811
31,318,201811
31,13,201811
31,139,201811
31,32,201811
31,355,201811
31,78,201811
31,0,201811
31,29,201811
31,9,201811
31,59,201811
31,543,201811
31,375,201811
31,1250,201811
31,285,201811
31,19,201811
31,46,201811
31,10,201811
31,5,201811
31,45,201811
31,17,201811
31,1366,201811
31,156,201811
31,81,201811
31,54,201811
31,28,201811
31,16,201811
31,85,201811
31,27,201811
31,1,201811
31,92,201811
31,14,201811
31,135,201811
32,131,201811
32,137,201811
32,143,201811
32,146,201811
32,6,201811
32,77,201811
32,281,201811
32,160,201811
32,54,201811
32,29,201811
32,302,201811
32,142,201811
32,139,201811
32,19,201811
32,138,201811
32,192,201811
32,165,201811
32,132,201811
32,102,201811
32,112,201811
32,149,201811
32,135,201811
32,40,201811
32,12,201811
32,1366,201811
32,4,201811
32,26,201811
32,2,201811
32,129,201811
32,107,201811
32,28,201811
32,72,201811
32,46,201811
32,13,201811
32,5,201811
32,113,201811
32,85,201811
32,38,201811
32,119,201811
32,156,201811
32,159,201811
32,100,201811
32,96,201811
32,99,201811
32,74,201811
32,92,201811
32,136,201811
32,36,201811
32,35,201811
32,64,201811
32,83,201811
32,81,201811
32,17,201811
32,739,201811
32,1,201811
32,22,201811
32,320,201811
32,80,201811
32,43,201811
32,52,201811
32,9,201811
32,154,201811
32,31,201811
32,48,201811
32,45,201811
32,27,201811
32,66,201811
32,176,201811
32,16,201811
32,65,201811
32,55,201811
32,117,201811
32,178,201811
32,18,201811
32,346,201811
32,60,201811
32,24,201811
32,0,201811
32,108,201811
32,155,201811
32,182,201811
32,180,201811
32,76,201811
32,89,201811
32,341,201811
32,120,201811
32,270,201811
32,181,201811
32,57,201811
32,134,201811
32,242,201811
32,546,201811
32,814,201811
32,545,201811
32,171,201811
32,126,201811
32,124,201811
32,198,201811
32,276,201811
32,58,201811
32,285,201811
32,429,201811
32,440,201811
32,78,201811
32,25,201811
32,224,201811
32,163,201811
32,44,201811
32,195,201811
32,62,201811
32,75,201811
32,20,201811
32,205,201811
32,59,201811
32,338,201811
32,79,201811
32,332,201811
32,362,201811
32,14,201811
32,15,201811
32,274,201811
32,10,201811
32,170,201811
32,101,201811
32,208,201811
32,51,201811
32,206,201811
32,97,201811
32,11,201811
33,51,201811
33,795,201811
33,969,201811
33,10,201811
33,126,201811
33,11,201811
33,17,201811
33,112,201811
33,346,201811
33,247,201811
33,1,201811
33,136,201811
33,1227,201811
33,5,201811
33,20,201811
33,4,201811
34,552,201811
34,165,201811
34,588,201811
34,160,201811
34,534,201811
34,9,201811
34,27,201811
34,143,201811
34,104,201811
34,52,201811
34,5,201811
34,107,201811
34,83,201811
34,26,201811
34,0,201811
34,14,201811
34,51,201811
34,19,201811
34,17,201811
34,22,201811
34,97,201811
34,136,201811
34,133,201811
34,32,201811
34,16,201811
34,48,201811
34,346,201811
34,31,201811
34,135,201811
34,113,201811
34,21,201811
34,137,201811
34,25,201811
34,1169,201811
34,29,201811
34,4,201811
34,10,201811
34,1227,201811
34,136,201811
34,25,201811
34,1,201811
34,10,201811
34,18,201811
34,29,201811
34,154,201811
34,137,201811
34,97,201811
35,48,201811
35,419,201811
35,139,201811
35,129,201811
35,31,201811
35,137,201811
35,262,201811
35,170,201811
35,131,201811
35,40,201811
35,83,201811
35,108,201811
35,138,201811
35,143,201811
35,173,201811
35,97,201811
35,77,201811
35,17,201811
35,160,201811
35,23,201811
35,146,201811
35,60,201811
35,110,201811
35,25,201811
35,29,201811
35,6,201811
35,64,201811
35,281,201811
35,1,201811
35,175,201811
35,178,201811
35,46,201811
35,81,201811
35,82,201811
35,435,201811
35,76,201811
35,59,201811
35,275,201811
35,172,201811
35,327,201811
35,2,201811
35,14,201811
35,58,201811
35,121,201811
35,662,201811
35,1444,201811
35,485,201811
35,28,201811
35,135,201811
35,1335,201811
35,486,201811
35,41,201811
35,457,201811
35,10,201811
35,19,201811
35,444,201811
35,155,201811
35,132,201811
35,54,201811
35,92,201811
35,274,201811
35,16,201811
35,20,201811
35,154,201811
35,362,201811
35,95,201811
35,140,201811
35,165,201811
35,18,201811
35,78,201811
35,38,201811
35,100,201811
35,26,201811
35,85,201811
35,27,201811
35,45,201811
35,0,201811
35,73,201811
35,80,201811
35,120,201811
35,156,201811
35,4,201811
35,52,201811
35,136,201811
35,32,201811
35,769,201811
35,13,201811
35,99,201811
36,48,201811
36,77,201811
36,60,201811
36,160,201811
36,97,201811
36,266,201811
36,65,201811
36,143,201811
36,139,201811
36,16,201811
36,19,201811
36,27,201811
36,112,201811
36,55,201811
36,38,201811
36,444,201811
36,26,201811
36,10,201811
36,120,201811
36,134,201811
36,31,201811
36,71,201811
36,21,201811
36,274,201811
36,154,201811
36,108,201811
36,102,201811
36,81,201811
36,28,201811
36,180,201811
36,769,201811
36,54,201811
36,135,201811
36,25,201811
36,13,201811
36,341,201811
36,178,201811
36,552,201811
36,460,201811
36,99,201811
36,6,201811
36,29,201811
36,83,201811
36,40,201811
36,119,201811
36,285,201811
36,52,201811
36,32,201811
36,137,201811
36,208,201811
36,14,201811
36,46,201811
36,59,201811
37,262,201811
37,1,201811
38,176,201811
38,160,201811
38,1209,201811
38,140,201811
38,120,201811
38,97,201811
38,181,201811
38,100,201811
38,1,201811
38,172,201811
38,16,201811
38,77,201811
38,83,201811
38,2,201811
38,180,201811
38,143,201811
38,46,201811
38,92,201811
38,13,201811
38,0,201811
38,32,201811
38,36,201811
38,142,201811
38,146,201811
38,10,201811
38,26,201811
38,31,201811
38,129,201811
38,102,201811
38,52,201811
38,274,201811
38,136,201811
38,51,201811
38,48,201811
38,28,201811
38,81,201811
38,64,201811
38,108,201811
38,552,201811
38,18,201811
38,29,201811
38,6,201811
38,19,201811
38,59,201811
38,266,201811
38,35,201811
38,375,201811
38,60,201811
38,99,201811
38,25,201811
38,135,201811
38,137,201811
38,14,201811
39,40,201811
39,51,201811
39,76,201811
39,57,201811
39,77,201811
39,160,201811
39,320,201811
39,143,201811
39,137,201811
39,501,201811
39,35,201811
39,23,201811
39,19,201811
39,835,201811
39,29,201811
39,519,201811
39,25,201811
39,26,201811
39,46,201811
39,99,201811
39,64,201811
39,97,201811
40,45,201811
40,15,201811
40,24,201811
40,77,201811
40,170,201811
40,10,201811
40,65,201811
40,35,201811
40,83,201811
40,108,201811
40,142,201811
40,176,201811
40,160,201811
40,205,201811
40,99,201811
40,26,201811
40,131,201811
40,19,201811
40,14,201811
40,482,201811
40,175,201811
40,32,201811
40,6,201811
40,143,201811
40,274,201811
40,54,201811
40,117,201811
40,165,201811
40,9,201811
40,81,201811
40,38,201811
40,11,201811
40,208,201811
40,80,201811
40,12,201811
40,183,201811
40,13,201811
40,156,201811
40,129,201811
40,85,201811
40,102,201811
40,112,201811
40,21,201811
40,444,201811
40,20,201811
40,100,201811
40,18,201811
40,4,201811
40,155,201811
40,119,201811
40,64,201811
40,52,201811
40,51,201811
40,29,201811
40,133,201811
40,28,201811
40,66,201811
40,0,201811
40,113,201811
40,182,201811
40,1020,201811
40,46,201811
40,5,201811
40,140,201811
40,27,201811
40,136,201811
40,61,201811
40,341,201811
40,178,201811
40,59,201811
40,48,201811
40,1022,201811
40,192,201811
40,76,201811
40,31,201811
40,2,201811
40,549,201811
40,373,201811
40,523,201811
40,449,201811
40,369,201811
40,1086,201811
40,320,201811
40,36,201811
40,355,201811
40,78,201811
40,94,201811
40,266,201811
40,375,201811
40,25,201811
40,60,201811
40,1250,201811
40,139,201811
40,17,201811
40,1,201811
40,92,201811
40,154,201811
40,97,201811
40,137,201811
40,135,201811
41,100,201811
41,60,201811
41,160,201811
41,139,201811
41,453,201811
41,35,201811
41,83,201811
41,262,201811
41,0,201811
41,64,201811
41,739,201811
41,66,201811
41,108,201811
41,46,201811
41,48,201811
41,99,201811
41,97,201811
41,137,201811
43,74,201811
43,77,201811
43,54,201811
43,131,201811
43,32,201811
43,18,201811
43,1250,201811
43,29,201811
43,375,201811
43,97,201811
43,1227,201811
43,10,201811
43,136,201811
43,266,201811
44,54,201811
44,131,201811
44,346,201811
44,32,201811
44,29,201811
44,18,201811
45,100,201811
45,160,201811
45,354,201811
45,143,201811
45,287,201811
45,110,201811
45,1044,201811
45,35,201811
45,29,201811
45,207,201811
45,48,201811
45,181,201811
45,117,201811
45,20,201811
45,83,201811
45,46,201811
45,23,201811
45,266,201811
45,4,201811
45,9,201811
45,156,201811
45,107,201811
45,1399,201811
45,11,201811
45,108,201811
45,5,201811
45,133,201811
45,142,201811
45,180,201811
45,13,201811
45,32,201811
45,17,201811
45,10,201811
45,99,201811
45,262,201811
45,320,201811
45,16,201811
45,96,201811
45,27,201811
45,1,201811
45,0,201811
45,102,201811
45,25,201811
45,77,201811
45,6,201811
45,19,201811
45,26,201811
45,18,201811
45,85,201811
45,64,201811
45,59,201811
45,40,201811
45,146,201811
45,285,201811
45,136,201811
45,274,201811
45,92,201811
45,31,201811
45,137,201811
45,135,201811
45,14,201811
45,97,201811
46,57,201811
46,77,201811
46,160,201811
46,101,201811
46,23,201811
46,97,201811
46,435,201811
46,154,201811
46,19,201811
46,143,201811
46,14,201811
46,146,201811
46,47,201811
46,48,201811
46,26,201811
46,5,201811
46,931,201811
46,703,201811
46,83,201811
46,99,201811
46,156,201811
46,28,201811
46,117,201811
46,135,201811
46,129,201811
46,374,201811
46,72,201811
46,60,201811
46,45,201811
46,1254,201811
46,54,201811
46,4,201811
46,119,201811
46,0,201811
46,12,201811
46,51,201811
46,149,201811
46,113,201811
46,13,201811
46,9,201811
46,112,201811
46,27,201811
46,2,201811
46,278,201811
46,111,201811
46,40,201811
46,182,201811
46,80,201811
46,78,201811
46,35,201811
46,739,201811
46,15,201811
46,85,201811
46,64,201811
46,10,201811
46,1,201811
46,180,201811
46,126,201811
46,136,201811
46,32,201811
46,224,201811
46,106,201811
46,25,201811
46,341,201811
46,16,201811
46,17,201811
46,108,201811
46,114,201811
46,178,201811
46,38,201811
46,98,201811
46,76,201811
46,29,201811
46,782,201811
46,445,201811
46,52,201811
46,342,201811
46,95,201811
46,65,201811
46,813,201811
46,860,201811
46,102,201811
46,41,201811
46,31,201811
46,142,201811
46,192,201811
46,285,201811
46,39,201811
46,100,201811
46,158,201811
46,287,201811
46,198,201811
46,188,201811
46,176,201811
46,159,201811
46,66,201811
46,175,201811
46,81,201811
46,22,201811
46,62,201811
46,59,201811
46,250,201811
46,797,201811
46,1366,201811
46,799,201811
46,104,201811
46,131,201811
46,458,201811
46,769,201811
46,134,201811
46,11,201811
46,55,201811
46,92,201811
46,274,201811
46,744,201811
46,172,201811
46,152,201811
46,181,201811
46,21,201811
46,132,201811
46,157,201811
46,544,201811
46,120,201811
46,141,201811
46,63,201811
46,208,201811
46,155,201811
46,79,201811
46,124,201811
46,58,201811
46,6,201811
46,73,201811
46,355,201811
46,82,201811
46,75,201811
46,94,201811
46,18,201811
46,24,201811
46,320,201811
46,140,201811
46,237,201811
46,139,201811
46,36,201811
46,20,201811
46,137,201811
47,93,201811
47,80,201811
47,14,201811
47,96,201811
47,115,201811
47,124,201811
47,108,201811
47,12,201811
47,31,201811
47,25,201811
47,137,201811
47,341,201811
47,1169,201811
47,346,201811
47,274,201811
47,92,201811
48,347,201811
48,1137,201811
48,419,201811
48,155,201811
48,35,201811
48,108,201811
48,285,201811
48,552,201811
48,97,201811
48,6,201811
48,769,201811
48,76,201811
48,77,201811
48,60,201811
48,160,201811
48,768,201811
48,120,201811
48,314,201811
48,165,201811
48,65,201811
48,149,201811
48,38,201811
48,143,201811
48,13,201811
48,17,201811
48,83,201811
48,444,201811
48,375,201811
48,772,201811
48,113,201811
48,36,201811
48,134,201811
48,1499,201811
48,208,201811
48,47,201811
48,18,201811
48,1452,201811
48,22,201811
48,167,201811
48,69,201811
48,115,201811
48,133,201811
48,146,201811
48,12,201811
48,45,201811
48,46,201811
48,72,201811
48,4,201811
48,96,201811
48,32,201811
48,463,201811
48,107,201811
48,19,201811
48,117,201811
48,31,201811
48,172,201811
48,112,201811
48,29,201811
48,9,201811
48,11,201811
48,16,201811
48,139,201811
48,20,201811
48,28,201811
48,341,201811
48,1,201811
48,2,201811
48,51,201811
48,80,201811
48,1430,201811
48,43,201811
48,40,201811
48,5,201811
48,21,201811
48,181,201811
48,79,201811
48,26,201811
48,197,201811
48,41,201811
48,57,201811
48,126,201811
48,281,201811
48,237,201811
48,815,201811
48,119,201811
48,27,201811
48,180,201811
48,173,201811
48,334,201811
48,195,201811
48,0,201811
48,434,201811
48,64,201811
48,54,201811
48,316,201811
48,85,201811
48,102,201811
48,101,201811
48,52,201811
48,142,201811
48,121,201811
48,194,201811
48,10,201811
48,81,201811
48,320,201811
48,14,201811
48,129,201811
48,136,201811
48,25,201811
48,100,201811
48,99,201811
48,154,201811
48,137,201811
48,274,201811
48,59,201811
48,178,201811
48,92,201811
48,135,201811
49,69,201811
49,806,201811
49,951,201811
49,51,201811
50,69,201811
50,177,201811
50,51,201811
50,346,201811
50,4,201811
51,33,201811
51,215,201811
51,184,201811
51,1196,201811
51,741,201811
51,795,201811
51,214,201811
51,23,201811
51,835,201811
51,143,201811
51,552,201811
51,137,201811
51,77,201811
51,17,201811
51,160,201811
51,5,201811
51,107,201811
51,4,201811
51,146,201811
51,274,201811
51,495,201811
51,10,201811
51,48,201811
51,110,201811
51,247,201811
51,69,201811
51,18,201811
51,29,201811
51,19,201811
51,1,201811
51,138,201811
51,102,201811
51,54,201811
51,12,201811
51,83,201811
51,183,201811
51,16,201811
51,81,201811
51,181,201811
51,165,201811
51,115,201811
51,180,201811
51,72,201811
51,14,201811
51,60,201811
51,52,201811
51,26,201811
51,142,201811
51,6,201811
51,155,201811
51,96,201811
51,739,201811
51,22,201811
51,2,201811
51,121,201811
51,20,201811
51,85,201811
51,0,201811
51,108,201811
51,13,201811
51,34,201811
51,11,201811
51,97,201811
51,234,201811
51,99,201811
51,228,201811
51,31,201811
51,1144,201811
51,346,201811
51,27,201811
51,819,201811
51,117,201811
51,136,201811
51,28,201811
51,113,201811
51,92,201811
51,150,201811
51,49,201811
51,213,201811
51,89,201811
51,86,201811
51,189,201811
51,133,201811
51,30,201811
51,112,201811
51,164,201811
51,59,201811
51,243,201811
51,8,201811
51,64,201811
51,154,201811
51,7,201811
51,32,201811
51,46,201811
51,21,201811
51,135,201811
51,25,201811
52,14,201811
52,146,201811
52,293,201811
52,77,201811
52,160,201811
52,19,201811
52,120,201811
52,117,201811
52,23,201811
52,180,201811
52,13,201811
52,142,201811
52,6,201811
52,59,201811
52,155,201811
52,102,201811
52,138,201811
52,143,201811
52,126,201811
52,4,201811
52,51,201811
52,108,201811
52,132,201811
52,9,201811
52,165,201811
52,28,201811
52,32,201811
52,107,201811
52,17,201811
52,12,201811
52,274,201811
52,54,201811
52,38,201811
52,26,201811
52,16,201811
52,5,201811
52,282,201811
52,20,201811
52,112,201811
52,92,201811
52,2,201811
52,129,201811
52,36,201811
52,1,201811
52,99,201811
52,97,201811
52,205,201811
52,342,201811
52,85,201811
52,29,201811
52,64,201811
52,100,201811
52,83,201811
52,0,201811
52,21,201811
52,81,201811
52,27,201811
52,445,201811
52,72,201811
52,31,201811
52,10,201811
52,18,201811
52,46,201811
52,320,201811
52,25,201811
52,139,201811
52,48,201811
52,154,201811
52,136,201811
52,35,201811
52,137,201811
52,60,201811
52,135,201811
53,203,201811
53,70,201811
53,160,201811
53,17,201811
53,135,201811
53,165,201811
53,136,201811
53,96,201811
53,25,201811
53,29,201811
53,11,201811
53,60,201811
53,97,201811
53,1,201811
53,10,201811
53,137,201811
54,40,201811
54,282,201811
54,43,201811
54,422,201811
54,44,201811
54,440,201811
54,814,201811
54,77,201811
54,17,201811
54,160,201811
54,276,201811
54,430,201811
54,458,201811
54,206,201811
54,38,201811
54,146,201811
54,143,201811
54,46,201811
54,100,201811
54,25,201811
54,29,201811
54,93,201811
54,129,201811
54,23,201811
54,11,201811
54,156,201811
54,4,201811
54,133,201811
54,72,201811
54,51,201811
54,113,201811
54,20,201811
54,19,201811
54,36,201811
54,6,201811
54,22,201811
54,266,201811
54,96,201811
54,9,201811
54,354,201811
54,180,201811
54,0,201811
54,21,201811
54,32,201811
54,18,201811
54,304,201811
54,52,201811
54,83,201811
54,59,201811
54,102,201811
54,28,201811
54,341,201811
54,346,201811
54,85,201811
54,13,201811
54,14,201811
54,274,201811
54,5,201811
54,1227,201811
54,1250,201811
54,1,201811
54,375,201811
54,137,201811
54,10,201811
54,26,201811
54,108,201811
54,136,201811
54,139,201811
54,92,201811
54,16,201811
54,48,201811
54,27,201811
54,60,201811
54,99,201811
54,31,201811
54,154,201811
54,97,201811
55,160,201811
55,134,201811
55,126,201811
55,54,201811
55,154,201811
55,71,201811
55,36,201811
55,180,201811
55,19,201811
55,64,201811
55,97,201811
55,143,201811
55,29,201811
55,99,201811
55,6,201811
55,59,201811
55,26,201811
55,46,201811
55,32,201811
56,180,201811
56,178,201811
57,46,201811
57,97,201811
57,76,201811
57,77,201811
57,160,201811
57,45,201811
57,143,201811
57,1099,201811
57,274,201811
57,21,201811
57,18,201811
57,1,201811
57,54,201811
57,10,201811
57,16,201811
57,453,201811
57,99,201811
57,83,201811
57,31,201811
57,193,201811
57,125,201811
57,64,201811
57,108,201811
57,29,201811
57,38,201811
57,28,201811
57,92,201811
57,178,201811
57,341,201811
57,27,201811
57,85,201811
57,739,201811
57,25,201811
57,60,201811
57,6,201811
57,26,201811
57,32,201811
57,136,201811
57,48,201811
57,375,201811
57,266,201811
57,19,201811
57,137,201811
58,160,201811
58,143,201811
58,188,201811
58,110,201811
58,35,201811
58,29,201811
58,64,201811
58,137,201811
58,25,201811
58,60,201811
58,99,201811
58,32,201811
58,136,201811
58,46,201811
58,97,201811
59,77,201811
59,17,201811
59,160,201811
59,146,201811
59,110,201811
59,1337,201811
59,79,201811
59,66,201811
59,282,201811
59,6,201811
59,138,201811
59,143,201811
59,45,201811
59,35,201811
59,29,201811
59,192,201811
59,208,201811
59,51,201811
59,18,201811
59,99,201811
59,101,201811
59,34,201811
59,19,201811
59,120,201811
59,54,201811
59,142,201811
59,78,201811
59,26,201811
59,297,201811
59,40,201811
59,83,201811
59,136,201811
59,16,201811
59,13,201811
59,100,201811
59,0,201811
59,213,201811
59,81,201811
59,14,201811
59,137,201811
59,31,201811
59,114,201811
59,38,201811
59,334,201811
59,107,201811
59,5,201811
59,96,201811
59,172,201811
59,113,201811
59,55,201811
59,46,201811
59,134,201811
59,4,201811
59,32,201811
59,10,201811
59,11,201811
59,112,201811
59,92,201811
59,217,201811
59,82,201811
59,2,201811
59,64,201811
59,94,201811
59,1,201811
59,23,201811
59,126,201811
59,21,201811
59,117,201811
59,194,201811
59,89,201811
59,28,201811
59,133,201811
59,121,201811
59,97,201811
59,85,201811
59,60,201811
59,108,201811
59,139,201811
59,20,201811
59,48,201811
59,129,201811
59,36,201811
60,48,201811
60,14,201811
60,552,201811
60,97,201811
60,76,201811
60,77,201811
60,17,201811
60,160,201811
60,139,201811
60,41,201811
60,146,201811
60,35,201811
60,25,201811
60,731,201811
60,129,201811
60,99,201811
60,38,201811
60,36,201811
60,19,201811
60,108,201811
60,6,201811
60,393,201811
60,113,201811
60,13,201811
60,39,201811
60,137,201811
60,100,201811
60,27,201811
60,23,201811
60,143,201811
60,124,201811
60,22,201811
60,12,201811
60,46,201811
60,120,201811
60,20,201811
60,96,201811
60,1,201811
60,149,201811
60,34,201811
60,134,201811
60,69,201811
60,72,201811
60,11,201811
60,59,201811
60,115,201811
60,136,201811
60,16,201811
60,208,201811
60,116,201811
60,57,201811
60,2,201811
60,28,201811
60,133,201811
60,51,201811
60,107,201811
60,176,201811
60,4,201811
60,98,201811
60,370,201811
60,83,201811
60,341,201811
60,32,201811
60,18,201811
60,182,201811
60,165,201811
60,320,201811
60,26,201811
60,181,201811
60,9,201811
60,58,201811
60,31,201811
60,118,201811
60,769,201811
60,80,201811
60,156,201811
60,172,201811
60,269,201811
60,132,201811
60,85,201811
60,157,201811
60,126,201811
60,131,201811
60,40,201811
60,81,201811
60,237,201811
60,180,201811
60,334,201811
60,53,201811
60,195,201811
60,64,201811
60,75,201811
60,0,201811
60,142,201811
60,112,201811
60,5,201811
60,217,201811
60,102,201811
60,194,201811
60,10,201811
60,117,201811
60,21,201811
60,54,201811
60,316,201811
60,29,201811
60,154,201811
60,285,201811
60,119,201811
60,52,201811
60,155,201811
60,178,201811
60,274,201811
60,92,201811
60,135,201811
61,111,201811
61,407,201811
61,132,201811
61,160,201811
61,415,201811
61,18,201811
61,143,201811
61,495,201811
61,29,201811
61,104,201811
61,77,201811
61,346,201811
61,308,201811
61,375,201811
61,266,201811
61,1,201811
61,136,201811
61,10,201811
61,97,201811
61,1227,201811
61,137,201811
62,160,201811
62,66,201811
62,143,201811
62,10,201811
62,341,201811
62,1227,201811
62,18,201811
62,266,201811
62,19,201811
62,375,201811
62,29,201811
62,1250,201811
62,32,201811
62,137,201811
62,46,201811
62,97,201811
63,29,201811
63,97,201811
63,19,201811
63,25,201811
63,99,201811
63,64,201811
63,46,201811
64,108,201811
64,552,201811
64,142,201811
64,6,201811
64,77,201811
64,17,201811
64,160,201811
64,76,201811
64,35,201811
64,143,201811
64,99,201811
64,26,201811
64,139,201811
64,739,201811
64,133,201811
64,8,201811
64,20,201811
64,28,201811
64,4,201811
64,205,201811
64,444,201811
64,860,201811
64,1130,201811
64,274,201811
64,1,201811
64,289,201811
64,208,201811
64,183,201811
64,92,201811
64,78,201811
64,193,201811
64,134,201811
64,180,201811
64,57,201811
64,18,201811
64,140,201811
64,9,201811
64,40,201811
64,58,201811
64,16,201811
64,60,201811
64,10,201811
64,112,201811
64,124,201811
64,0,201811
64,21,201811
64,2,201811
64,81,201811
64,29,201811
64,176,201811
64,46,201811
64,285,201811
64,55,201811
64,38,201811
64,102,201811
64,74,201811
64,126,201811
64,52,201811
64,41,201811
64,137,201811
64,5,201811
64,181,201811
64,120,201811
64,32,201811
64,101,201811
64,13,201811
64,1065,201811
64,117,201811
64,19,201811
64,172,201811
64,72,201811
64,83,201811
64,730,201811
64,45,201811
64,129,201811
64,722,201811
64,89,201811
64,182,201811
64,192,201811
64,100,201811
64,154,201811
64,63,201811
64,31,201811
64,815,201811
64,224,201811
64,136,201811
64,278,201811
64,24,201811
64,338,201811
64,85,201811
64,11,201811
64,342,201811
64,27,201811
64,48,201811
64,39,201811
64,59,201811
64,97,201811
64,51,201811
64,146,201811
64,25,201811
65,206,201811
65,289,201811
65,119,201811
65,195,201811
65,208,201811
65,77,201811
65,6,201811
65,32,201811
65,18,201811
65,900,201811
65,46,201811
65,99,201811
65,25,201811
65,26,201811
65,29,201811
65,48,201811
65,375,201811
65,1250,201811
65,19,201811
65,266,201811
65,137,201811
65,97,201811
66,77,201811
66,160,201811
66,142,201811
66,534,201811
66,62,201811
66,143,201811
66,282,201811
66,134,201811
66,155,201811
66,208,201811
66,15,201811
66,193,201811
66,26,201811
66,40,201811
66,32,201811
66,6,201811
66,17,201811
66,41,201811
66,97,201811
66,29,201811
66,10,201811
66,375,201811
66,1227,201811
66,266,201811
66,18,201811
66,1250,201811
66,137,201811
66,46,201811
67,111,201811
67,136,201811
68,358,201811
68,136,201811
69,311,201811
69,806,201811
69,317,201811
69,3,201811
69,49,201811
69,177,201811
69,50,201811
69,951,201811
69,77,201811
69,160,201811
69,5,201811
69,222,201811
69,51,201811
69,247,201811
69,137,201811
69,23,201811
69,138,201811
69,107,201811
69,143,201811
69,20,201811
69,108,201811
69,149,201811
69,139,201811
69,31,201811
69,52,201811
69,92,201811
69,0,201811
69,18,201811
69,870,201811
69,135,201811
69,11,201811
69,19,201811
69,274,201811
69,64,201811
69,132,201811
69,22,201811
69,2,201811
69,9,201811
69,14,201811
69,154,201811
69,12,201811
69,133,201811
69,60,201811
69,83,201811
69,408,201811
69,21,201811
69,969,201811
69,29,201811
69,1169,201811
69,346,201811
69,17,201811
69,113,201811
69,28,201811
69,10,201811
69,136,201811
69,4,201811
69,112,201811
69,183,201811
69,1,201811
70,10,201811
70,53,201811
70,160,201811
70,155,201811
70,1169,201811
70,136,201811
70,1,201811
70,11,201811
70,137,201811
71,133,201811
71,20,201811
71,55,201811
71,195,201811
71,36,201811
71,137,201811
71,136,201811
72,552,201811
72,160,201811
72,344,201811
72,146,201811
72,85,201811
72,9,201811
72,143,201811
72,80,201811
72,47,201811
72,124,201811
72,20,201811
72,45,201811
72,99,201811
72,23,201811
72,183,201811
72,21,201811
72,113,201811
72,18,201811
72,133,201811
72,115,201811
72,96,201811
72,165,201811
72,93,201811
72,14,201811
72,81,201811
72,17,201811
72,107,201811
72,135,201811
72,5,201811
72,97,201811
72,29,201811
72,60,201811
72,112,201811
72,388,201811
72,2,201811
72,69,201811
72,346,201811
72,149,201811
72,28,201811
72,0,201811
72,25,201811
72,52,201811
72,1169,201811
72,31,201811
72,13,201811
72,64,201811
72,136,201811
72,137,201811
72,10,201811
72,266,201811
72,46,201811
72,11,201811
72,1,201811
72,154,201811
72,92,201811
72,274,201811
73,317,201811
73,314,201811
73,39,201811
73,35,201811
73,97,201811
73,46,201811
74,32,201811
74,341,201811
74,64,201811
74,18,201811
74,4,201811
74,346,201811
74,48,201811
74,739,201811
74,97,201811
74,29,201811
75,29,201811
75,341,201811
75,138,201811
75,39,201811
75,108,201811
75,26,201811
75,99,201811
75,139,201811
75,25,201811
75,6,201811
75,19,201811
75,97,201811
75,32,201811
75,60,201811
75,46,201811
76,97,201811
76,39,201811
76,45,201811
76,6,201811
76,48,201811
76,57,201811
76,77,201811
76,281,201811
76,60,201811
76,160,201811
76,18,201811
76,29,201811
76,108,201811
76,146,201811
76,1227,201811
76,722,201811
76,274,201811
76,157,201811
76,35,201811
76,408,201811
76,154,201811
76,14,201811
76,140,201811
76,143,201811
76,120,201811
76,54,201811
76,180,201811
76,114,201811
76,341,201811
76,178,201811
76,46,201811
76,40,201811
76,126,201811
76,32,201811
76,26,201811
76,266,201811
76,375,201811
76,19,201811
76,99,201811
76,64,201811
76,137,201811
77,59,201811
77,135,201811
77,19,201811
77,140,201811
77,203,201811
77,79,201811
77,110,201811
77,97,201811
77,43,201811
77,52,201811
77,31,201811
77,13,201811
77,142,201811
77,133,201811
77,14,201811
77,39,201811
77,15,201811
77,16,201811
77,46,201811
77,136,201811
77,137,201811
77,32,201811
77,6,201811
77,48,201811
77,61,201811
77,69,201811
77,181,201811
77,76,201811
77,57,201811
77,64,201811
77,25,201811
77,17,201811
77,281,201811
77,121,201811
77,27,201811
77,60,201811
77,176,201811
77,160,201811
77,155,201811
77,35,201811
77,54,201811
77,131,201811
77,18,201811
77,5,201811
77,12,201811
77,23,201811
77,29,201811
77,38,201811
77,36,201811
77,51,201811
77,1,201811
77,40,201811
77,374,201811
77,83,201811
77,120,201811
77,107,201811
77,144,201811
77,28,201811
77,66,201811
77,4,201811
77,112,201811
77,11,201811
77,154,201811
77,195,201811
77,126,201811
77,108,201811
77,101,201811
77,180,201811
77,393,201811
77,34,201811
77,1373,201811
77,20,201811
77,782,201811
77,672,201811
77,96,201811
77,444,201811
77,175,201811
77,99,201811
77,22,201811
77,113,201811
77,119,201811
77,165,201811
77,183,201811
77,93,201811
77,117,201811
77,80,201811
77,9,201811
77,102,201811
77,170,201811
77,65,201811
77,1144,201811
77,143,201811
77,24,201811
77,124,201811
77,100,201811
77,82,201811
77,490,201811
77,21,201811
77,2,201811
77,346,201811
77,7,201811
77,0,201811
77,85,201811
77,139,201811
77,45,201811
77,94,201811
77,26,201811
77,10,201811
77,266,201811
77,1250,201811
77,375,201811
77,274,201811
77,92,201811
78,160,201811
78,17,201811
78,60,201811
78,354,201811
78,29,201811
78,25,201811
78,341,201811
78,64,201811
78,216,201811
78,6,201811
78,59,201811
78,19,201811
78,99,201811
78,26,201811
78,18,201811
78,31,201811
78,143,201811
78,40,201811
78,281,201811
78,35,201811
78,16,201811
78,136,201811
78,14,201811
78,146,201811
78,32,201811
78,13,201811
78,46,201811
78,137,201811
78,97,201811
79,137,201811
79,182,201811
79,77,201811
79,160,201811
79,195,201811
79,101,201811
79,146,201811
79,23,201811
79,138,201811
79,4,201811
79,21,201811
79,29,201811
79,234,201811
79,346,201811
79,12,201811
79,18,201811
79,132,201811
79,48,201811
79,19,201811
79,375,201811
79,1250,201811
79,97,201811
79,32,201811
79,266,201811
79,46,201811
80,453,201811
80,57,201811
80,160,201811
80,156,201811
80,143,201811
80,133,201811
80,180,201811
80,48,201811
80,22,201811
80,115,201811
80,98,201811
80,45,201811
80,81,201811
80,12,201811
80,72,201811
80,9,201811
80,77,201811
80,165,201811
80,54,201811
80,154,201811
80,0,201811
80,102,201811
80,51,201811
80,116,201811
80,21,201811
80,96,201811
80,93,201811
80,129,201811
80,19,201811
80,32,201811
80,40,201811
80,46,201811
80,27,201811
80,38,201811
80,17,201811
80,149,201811
80,136,201811
80,2,201811
80,137,201811
80,336,201811
80,1,201811
80,28,201811
80,29,201811
80,26,201811
80,60,201811
80,25,201811
80,35,201811
80,99,201811
80,10,201811
80,14,201811
80,108,201811
80,92,201811
80,135,201811
80,274,201811
80,97,201811
81,19,201811
81,160,201811
81,739,201811
81,31,201811
81,314,201811
81,48,201811
81,29,201811
81,151,201811
81,6,201811
81,64,201811
81,274,201811
81,96,201811
81,149,201811
81,112,201811
81,165,201811
81,54,201811
81,40,201811
81,2,201811
81,124,201811
81,1366,201811
81,134,201811
81,10,201811
81,142,201811
81,83,201811
81,77,201811
81,35,201811
81,143,201811
81,116,201811
81,119,201811
81,23,201811
81,444,201811
81,21,201811
81,169,201811
81,11,201811
81,51,201811
81,4,201811
81,36,201811
81,20,201811
81,131,201811
81,108,201811
81,26,201811
81,137,201811
81,156,201811
81,115,201811
81,132,201811
81,12,201811
81,208,201811
81,126,201811
81,102,201811
81,463,201811
81,18,201811
81,180,201811
81,28,201811
81,34,201811
81,129,201811
81,38,201811
81,27,201811
81,45,201811
81,136,201811
81,72,201811
81,155,201811
81,146,201811
81,14,201811
81,99,201811
81,346,201811
81,125,201811
81,100,201811
81,85,201811
81,320,201811
81,0,201811
81,17,201811
81,59,201811
81,32,201811
81,139,201811
81,60,201811
81,25,201811
81,46,201811
81,5,201811
81,92,201811
81,13,201811
81,1,201811
81,154,201811
81,97,201811
81,135,201811
82,76,201811
82,35,201811
82,77,201811
82,83,201811
82,341,201811
82,59,201811
82,46,201811
82,97,201811
83,75,201811
83,137,201811
83,813,201811
83,6,201811
83,278,201811
83,77,201811
83,281,201811
83,160,201811
83,14,201811
83,97,201811
83,27,201811
83,24,201811
83,136,201811
83,76,201811
83,115,201811
83,35,201811
83,54,201811
83,419,201811
83,41,201811
83,20,201811
83,57,201811
83,60,201811
83,19,201811
83,143,201811
83,52,201811
83,45,201811
83,181,201811
83,342,201811
83,120,201811
83,48,201811
83,135,201811
83,146,201811
83,99,201811
83,31,201811
83,1366,201811
83,12,201811
83,139,201811
83,165,201811
83,156,201811
83,51,201811
83,2,201811
83,180,201811
83,69,201811
83,11,201811
83,133,201811
83,9,201811
83,4,201811
83,72,201811
83,100,201811
83,32,201811
83,5,201811
83,116,201811
83,40,201811
83,124,201811
83,59,201811
83,23,201811
83,117,201811
83,102,201811
83,81,201811
83,282,201811
83,13,201811
83,1313,201811
83,114,201811
83,131,201811
83,29,201811
83,113,201811
83,26,201811
83,1,201811
83,80,201811
83,142,201811
83,96,201811
83,10,201811
83,21,201811
83,64,201811
83,22,201811
83,183,201811
83,129,201811
83,341,201811
83,82,201811
83,18,201811
83,178,201811
83,17,201811
83,28,201811
83,85,201811
83,36,201811
83,112,201811
83,46,201811
83,0,201811
83,108,201811
83,119,201811
83,126,201811
83,134,201811
83,16,201811
83,266,201811
83,1250,201811
83,375,201811
83,25,201811
83,285,201811
83,274,201811
83,92,201811
83,154,201811
84,86,201811
84,164,201811
84,30,201811
84,223,201811
84,754,201811
84,160,201811
84,753,201811
84,69,201811
84,1169,201811
84,136,201811
84,10,201811
84,1227,201811
84,18,201811
84,4,201811
84,11,201811
85,165,201811
85,552,201811
85,740,201811
85,160,201811
85,483,201811
85,25,201811
85,47,201811
85,31,201811
85,146,201811
85,72,201811
85,143,201811
85,13,201811
85,40,201811
85,142,201811
85,10,201811
85,155,201811
85,92,201811
85,149,201811
85,80,201811
85,180,201811
85,38,201811
85,139,201811
85,117,201811
85,112,201811
85,26,201811
85,102,201811
85,22,201811
85,45,201811
85,1366,201811
85,69,201811
85,119,201811
85,4,201811
85,16,201811
85,28,201811
85,274,201811
85,120,201811
85,81,201811
85,52,201811
85,32,201811
85,107,201811
85,18,201811
85,12,201811
85,23,201811
85,136,201811
85,29,201811
85,19,201811
85,129,201811
85,9,201811
85,46,201811
85,124,201811
85,341,201811
85,133,201811
85,183,201811
85,54,201811
85,51,201811
85,116,201811
85,1169,201811
85,100,201811
85,250,201811
85,115,201811
85,11,201811
85,0,201811
85,97,201811
85,534,201811
85,346,201811
85,428,201811
85,722,201811
85,98,201811
85,132,201811
85,57,201811
85,83,201811
85,113,201811
85,96,201811
85,77,201811
85,6,201811
85,355,201811
85,266,201811
85,60,201811
85,35,201811
85,64,201811
85,93,201811
85,20,201811
85,48,201811
85,27,201811
85,5,201811
85,21,201811
85,17,201811
85,121,201811
85,99,201811
85,108,201811
85,59,201811
85,154,201811
85,14,201811
85,135,201811
85,1,201811
85,137,201811
86,84,201811
86,1227,201811
86,11,201811
86,77,201811
86,969,201811
86,136,201811
86,1169,201811
86,2,201811
86,265,201811
86,906,201811
86,137,201811
86,29,201811
86,20,201811
86,17,201811
86,10,201811
86,51,201811
86,4,201811
86,18,201811
87,203,201811
87,291,201811
87,272,201811
87,89,201811
87,168,201811
88,18,201811
88,4,201811
88,136,201811
88,11,201811
89,90,201811
89,243,201811
89,203,201811
89,110,201811
89,778,201811
89,17,201811
89,323,201811
89,160,201811
89,770,201811
89,5,201811
89,23,201811
89,8,201811
89,7,201811
89,835,201811
89,87,201811
89,212,201811
89,1,201811
89,914,201811
89,21,201811
89,13,201811
89,59,201811
89,1408,201811
89,10,201811
89,446,201811
89,32,201811
89,64,201811
89,51,201811
89,18,201811
89,112,201811
89,20,201811
89,28,201811
89,121,201811
89,6,201811
89,4,201811
89,11,201811
89,97,201811
89,29,201811
89,25,201811
89,136,201811
89,137,201811
90,89,201811
90,8,201811
90,7,201811
90,17,201811
92,25,201811
92,149,201811
92,97,201811
92,85,201811
92,2,201811
92,6,201811
92,121,201811
92,146,201811
92,38,201811
92,139,201811
92,155,201811
92,34,201811
92,132,201811
92,274,201811
92,77,201811
92,354,201811
92,52,201811
92,21,201811
92,23,201811
92,57,201811
92,20,201811
92,51,201811
92,16,201811
92,120,201811
92,116,201811
92,142,201811
92,346,201811
92,341,201811
92,183,201811
92,107,201811
92,4,201811
92,165,201811
92,102,201811
92,160,201811
92,0,201811
92,124,201811
92,32,201811
92,22,201811
92,18,201811
92,19,201811
92,137,201811
92,129,201811
92,115,201811
92,133,201811
92,11,201811
92,113,201811
92,45,201811
92,156,201811
92,59,201811
92,143,201811
92,112,201811
92,13,201811
92,46,201811
92,81,201811
92,1366,201811
92,12,201811
92,54,201811
92,40,201811
92,83,201811
92,100,201811
92,80,201811
92,47,201811
92,72,201811
92,27,201811
92,28,201811
92,96,201811
92,99,201811
92,5,201811
92,26,201811
92,108,201811
92,9,201811
92,48,201811
92,93,201811
92,154,201811
92,31,201811
92,14,201811
92,17,201811
92,1,201811
92,10,201811
92,60,201811
92,136,201811
92,135,201811
93,552,201811
93,339,201811
93,160,201811
93,0,201811
93,146,201811
93,161,201811
93,14,201811
93,25,201811
93,327,201811
93,156,201811
93,112,201811
93,154,201811
93,20,201811
93,72,201811
93,129,201811
93,21,201811
93,96,201811
93,1366,201811
93,48,201811
93,149,201811
93,60,201811
93,113,201811
93,9,201811
93,31,201811
93,26,201811
93,40,201811
93,10,201811
93,116,201811
93,80,201811
93,135,201811
93,5,201811
93,136,201811
93,27,201811
93,1,201811
93,108,201811
93,77,201811
93,17,201811
93,1169,201811
93,346,201811
93,18,201811
93,274,201811
93,85,201811
93,92,201811
94,836,201811
94,208,201811
94,155,201811
94,4,201811
94,106,201811
94,341,201811
94,6,201811
94,134,201811
94,26,201811
94,40,201811
94,77,201811
94,146,201811
94,99,201811
94,13,201811
94,59,201811
94,29,201811
94,46,201811
94,97,201811
95,281,201811
95,160,201811
95,143,201811
95,2,201811
95,35,201811
95,871,201811
95,1430,201811
95,46,201811
95,375,201811
95,266,201811
96,130,201811
96,299,201811
96,354,201811
96,165,201811
96,115,201811
96,160,201811
96,23,201811
96,1,201811
96,143,201811
96,0,201811
96,120,201811
96,139,201811
96,154,201811
96,93,201811
96,183,201811
96,1366,201811
96,51,201811
96,69,201811
96,83,201811
96,52,201811
96,100,201811
96,102,201811
96,45,201811
96,48,201811
96,107,201811
96,38,201811
96,6,201811
96,9,201811
96,16,201811
96,155,201811
96,13,201811
96,117,201811
96,54,201811
96,108,201811
96,142,201811
96,81,201811
96,274,201811
96,136,201811
96,12,201811
96,11,201811
96,77,201811
96,18,201811
96,72,201811
96,346,201811
96,20,201811
96,4,201811
96,113,201811
96,31,201811
96,133,201811
96,28,201811
96,53,201811
96,25,201811
96,29,201811
96,801,201811
96,97,201811
96,60,201811
96,21,201811
96,2,201811
96,1269,201811
96,85,201811
96,99,201811
96,112,201811
96,17,201811
96,10,201811
96,59,201811
96,27,201811
96,137,201811
96,14,201811
96,135,201811
96,5,201811
96,92,201811
97,6,201811
97,23,201811
97,143,201811
97,29,201811
97,552,201811
97,167,201811
97,76,201811
97,77,201811
97,17,201811
97,160,201811
97,5,201811
97,45,201811
97,83,201811
97,730,201811
97,31,201811
97,146,201811
97,137,201811
97,19,201811
97,26,201811
97,60,201811
97,393,201811
97,327,201811
97,25,201811
97,110,201811
97,1444,201811
97,113,201811
97,183,201811
97,134,201811
97,78,201811
97,46,201811
97,101,201811
97,444,201811
97,188,201811
97,133,201811
97,93,201811
97,100,201811
97,544,201811
97,51,201811
97,115,201811
97,132,201811
97,12,201811
97,119,201811
97,124,201811
97,149,201811
97,38,201811
97,11,201811
97,180,201811
97,139,201811
97,20,201811
97,28,201811
97,181,201811
97,142,201811
97,69,201811
97,354,201811
97,54,201811
97,35,201811
97,72,201811
97,208,201811
97,9,201811
97,4,201811
97,64,201811
97,274,201811
97,165,201811
97,155,201811
97,156,201811
97,495,201811
97,52,201811
97,140,201811
97,198,201811
97,102,201811
97,118,201811
97,107,201811
97,129,201811
97,74,201811
97,1284,201811
97,96,201811
97,192,201811
97,0,201811
97,14,201811
97,16,201811
97,85,201811
97,112,201811
97,503,201811
97,98,201811
97,860,201811
97,66,201811
97,55,201811
97,935,201811
97,7,201811
97,34,201811
97,21,201811
97,136,201811
97,144,201811
97,104,201811
97,141,201811
97,178,201811
97,125,201811
97,63,201811
97,237,201811
97,159,201811
97,15,201811
97,2,201811
97,99,201811
97,43,201811
97,13,201811
97,769,201811
97,158,201811
97,152,201811
97,309,201811
97,73,201811
97,224,201811
97,813,201811
97,75,201811
97,182,201811
97,79,201811
97,61,201811
97,41,201811
97,18,201811
97,455,201811
97,1052,201811
97,342,201811
97,452,201811
97,197,201811
97,250,201811
97,53,201811
97,510,201811
97,36,201811
97,10,201811
97,285,201811
97,278,201811
97,216,201811
97,108,201811
97,435,201811
97,269,201811
97,287,201811
97,62,201811
97,163,201811
97,172,201811
97,65,201811
97,1,201811
97,40,201811
97,48,201811
97,59,201811
97,176,201811
97,89,201811
97,81,201811
97,22,201811
97,57,201811
97,32,201811
97,120,201811
97,27,201811
97,131,201811
97,117,201811
97,341,201811
97,126,201811
97,320,201811
97,154,201811
97,24,201811
97,106,201811
97,1366,201811
97,82,201811
97,92,201811
97,135,201811
97,157,201811
97,355,201811
97,39,201811
97,58,201811
97,94,201811
97,80,201811
98,453,201811
98,393,201811
98,80,201811
98,152,201811
98,266,201811
98,160,201811
98,46,201811
98,60,201811
98,336,201811
98,544,201811
98,530,201811
98,85,201811
98,137,201811
98,97,201811
98,25,201811
99,133,201811
99,156,201811
99,143,201811
99,16,201811
99,165,201811
99,23,201811
99,4,201811
99,27,201811
99,45,201811
99,100,201811
99,11,201811
99,1366,201811
99,34,201811
99,10,201811
99,124,201811
99,29,201811
99,129,201811
99,113,201811
99,77,201811
99,51,201811
99,18,201811
99,13,201811
99,160,201811
99,390,201811
99,2,201811
99,146,201811
99,117,201811
99,57,201811
99,118,201811
99,26,201811
99,32,201811
99,544,201811
99,149,201811
99,112,201811
99,52,201811
99,17,201811
99,120,201811
99,83,201811
99,31,201811
99,21,201811
99,6,201811
99,81,201811
99,154,201811
99,181,201811
99,155,201811
99,198,201811
99,131,201811
99,114,201811
99,78,201811
99,36,201811
99,1,201811
99,132,201811
99,136,201811
99,96,201811
99,28,201811
99,5,201811
99,46,201811
99,250,201811
99,278,201811
99,58,201811
99,97,201811
99,224,201811
99,40,201811
99,170,201811
99,75,201811
99,102,201811
99,157,201811
99,65,201811
99,12,201811
99,55,201811
99,320,201811
99,63,201811
99,355,201811
99,208,201811
99,41,201811
99,126,201811
99,769,201811
99,94,201811
99,108,201811
99,19,201811
99,59,201811
99,76,201811
99,9,201811
99,101,201811
99,38,201811
99,39,201811
99,134,201811
99,80,201811
99,25,201811
99,24,201811
99,180,201811
99,85,201811
99,20,201811
99,139,201811
99,54,201811
99,142,201811
99,0,201811
99,48,201811
99,60,201811
99,92,201811
99,274,201811
99,135,201811
99,137,201811
99,35,201811
100,97,201811
100,81,201811
100,76,201811
100,77,201811
100,176,201811
100,160,201811
100,41,201811
100,65,201811
100,126,201811
100,60,201811
100,35,201811
100,19,201811
100,143,201811
100,129,201811
100,108,201811
100,101,201811
100,17,201811
100,131,201811
100,142,201811
100,25,201811
100,115,201811
100,39,201811
100,83,201811
100,107,201811
100,18,201811
100,21,201811
100,146,201811
100,11,201811
100,338,201811
100,13,201811
100,119,201811
100,54,201811
100,27,201811
100,40,201811
100,102,201811
100,99,201811
100,133,201811
100,0,201811
100,16,201811
100,178,201811
100,26,201811
100,10,201811
100,154,201811
100,5,201811
100,9,201811
100,28,201811
100,2,201811
100,341,201811
100,85,201811
100,59,201811
100,1,201811
100,274,201811
100,6,201811
100,64,201811
100,29,201811
100,136,201811
100,46,201811
100,32,201811
100,137,201811
100,285,201811
100,135,201811
100,92,201811
100,48,201811
100,31,201811
100,14,201811
101,224,201811
101,16,201811
101,77,201811
101,281,201811
101,160,201811
101,142,201811
101,154,201811
101,181,201811
101,143,201811
101,672,201811
101,19,201811
101,197,201811
101,192,201811
101,137,201811
101,29,201811
101,5,201811
101,6,201811
101,59,201811
101,314,201811
101,1430,201811
101,64,201811
101,97,201811
101,10,201811
101,46,201811
101,18,201811
101,136,201811
101,1250,201811
101,99,201811
101,26,201811
101,375,201811
101,25,201811
101,48,201811
101,266,201811
101,32,201811
102,48,201811
102,297,201811
102,62,201811
102,176,201811
102,160,201811
102,349,201811
102,1337,201811
102,97,201811
102,81,201811
102,180,201811
102,52,201811
102,13,201811
102,143,201811
102,80,201811
102,69,201811
102,77,201811
102,76,201811
102,181,201811
102,208,201811
102,2,201811
102,38,201811
102,4,201811
102,1,201811
102,46,201811
102,51,201811
102,85,201811
102,96,201811
102,40,201811
102,142,201811
102,28,201811
102,17,201811
102,36,201811
102,5,201811
102,136,201811
102,205,201811
102,18,201811
102,0,201811
102,21,201811
102,92,201811
102,27,201811
102,45,201811
102,64,201811
102,14,201811
102,26,201811
102,129,201811
102,100,201811
102,274,201811
102,54,201811
102,730,201811
102,83,201811
102,31,201811
102,10,201811
102,74,201811
102,154,201811
102,6,201811
102,19,201811
102,139,201811
102,320,201811
102,99,201811
102,375,201811
102,32,201811
102,1250,201811
102,108,201811
102,29,201811
102,60,201811
102,135,201811
103,23,201811
103,52,201811
103,14,201811
103,146,201811
103,28,201811
103,1227,201811
103,10,201811
104,160,201811
104,393,201811
104,534,201811
104,34,201811
104,143,201811
104,45,201811
104,346,201811
104,271,201811
104,61,201811
104,265,201811
104,29,201811
104,97,201811
104,355,201811
104,136,201811
104,17,201811
104,10,201811
104,375,201811
104,266,201811
104,1227,201811
104,25,201811
104,46,201811
104,137,201811
105,11,201811
105,1169,201811
105,136,201811
105,10,201811
105,1227,201811
106,35,201811
106,247,201811
106,46,201811
106,119,201811
106,134,201811
106,94,201811
106,341,201811
106,97,201811
107,183,201811
107,160,201811
107,5,201811
107,1227,201811
107,17,201811
107,1,201811
107,150,201811
107,501,201811
107,23,201811
107,19,201811
107,143,201811
107,146,201811
107,16,201811
107,77,201811
107,54,201811
107,20,201811
107,998,201811
107,64,201811
107,102,201811
107,26,201811
107,149,201811
107,2130,201811
107,99,201811
107,165,201811
107,48,201811
107,108,201811
107,14,201811
107,12,201811
107,181,201811
107,27,201811
107,97,201811
107,121,201811
107,83,201811
107,85,201811
107,9,201811
107,6,201811
107,96,201811
107,142,201811
107,4,201811
107,154,201811
107,0,201811
107,60,201811
107,22,201811
107,10,201811
107,92,201811
107,51,201811
107,395,201811
107,133,201811
107,969,201811
107,31,201811
107,135,201811
107,113,201811
107,274,201811
107,25,201811
107,11,201811
107,136,201811
107,59,201811
107,112,201811
107,28,201811
107,137,201811
108,32,201811
108,18,201811
108,141,201811
108,552,201811
108,97,201811
108,137,201811
108,77,201811
108,100,201811
108,60,201811
108,160,201811
108,146,201811
108,23,201811
108,48,201811
108,17,201811
108,83,201811
108,120,201811
108,19,201811
108,183,201811
108,38,201811
108,22,201811
108,139,201811
108,143,201811
108,129,201811
108,52,201811
108,14,201811
108,25,201811
108,35,201811
108,138,201811
108,103,201811
108,115,201811
108,149,201811
108,1894,201811
108,419,201811
108,133,201811
108,107,201811
108,34,201811
108,113,201811
108,124,201811
108,51,201811
108,45,201811
108,181,201811
108,1366,201811
108,12,201811
108,20,201811
108,16,201811
108,11,201811
108,36,201811
108,96,201811
108,142,201811
108,165,201811
108,46,201811
108,13,201811
108,4,201811
108,112,201811
108,9,201811
108,28,201811
108,31,201811
108,1,201811
108,57,201811
108,6,201811
108,0,201811
108,21,201811
108,85,201811
108,64,201811
108,5,201811
108,134,201811
108,41,201811
108,126,201811
108,131,201811
108,316,201811
108,154,201811
108,75,201811
108,76,201811
108,156,201811
108,237,201811
108,102,201811
108,54,201811
108,769,201811
108,208,201811
108,99,201811
108,285,201811
108,81,201811
108,119,201811
108,117,201811
108,40,201811
108,2,201811
108,27,201811
108,180,201811
108,155,201811
108,10,201811
108,29,201811
108,136,201811
108,80,201811
108,178,201811
108,26,201811
108,274,201811
108,59,201811
108,92,201811
108,135,201811
109,593,201811
109,110,201811
109,427,201811
109,306,201811
109,127,201811
109,128,201811
109,4,201811
109,633,201811
109,864,201811
109,723,201811
109,729,201811
109,613,201811
109,592,201811
109,629,201811
109,724,201811
109,305,201811
109,677,201811
109,676,201811
109,628,201811
110,525,201811
110,196,201811
110,627,201811
110,632,201811
110,532,201811
110,651,201811
110,236,201811
110,17,201811
110,911,201811
110,29,201811
110,835,201811
110,143,201811
110,280,201811
110,146,201811
110,232,201811
110,235,201811
110,465,201811
110,351,201811
110,352,201811
110,694,201811
110,425,201811
110,573,201811
110,1002,201811
110,789,201811
110,625,201811
110,476,201811
110,252,201811
110,448,201811
110,596,201811
110,469,201811
110,273,201811
110,319,201811
110,565,201811
110,424,201811
110,478,201811
110,634,201811
110,635,201811
110,597,201811
110,564,201811
110,255,201811
110,366,201811
110,225,201811
110,591,201811
110,594,201811
110,599,201811
110,378,201811
110,484,201811
110,636,201811
110,590,201811
110,256,201811
110,253,201811
110,600,201811
110,527,201811
110,601,201811
110,602,201811
110,263,201811
110,257,201811
110,239,201811
110,603,201811
110,575,201811
110,661,201811
110,658,201811
110,506,201811
110,471,201811
110,659,201811
110,678,201811
110,664,201811
110,621,201811
110,477,201811
110,258,201811
110,643,201811
110,472,201811
110,638,201811
110,639,201811
110,644,201811
110,626,201811
110,640,201811
110,641,201811
110,604,201811
110,642,201811
110,554,201811
110,576,201811
110,254,201811
110,670,201811
110,605,201811
110,586,201811
110,579,201811
110,259,201811
110,622,201811
110,260,201811
110,624,201811
110,474,201811
110,185,201811
110,230,201811
110,186,201811
110,231,201811
110,560,201811
110,226,201811
110,587,201811
110,589,201811
110,679,201811
110,574,201811
110,190,201811
110,305,201811
110,109,201811
110,559,201811
110,427,201811
110,830,201811
110,306,201811
110,201,201811
110,127,201811
110,290,201811
110,808,201811
110,684,201811
110,128,201811
110,633,201811
110,229,201811
110,87,201811
110,77,201811
110,160,201811
110,5,201811
110,59,201811
110,35,201811
110,281,201811
110,23,201811
110,191,201811
110,4,201811
110,45,201811
110,137,201811
110,58,201811
110,207,201811
110,571,201811
110,847,201811
110,200,201811
110,841,201811
110,526,201811
110,630,201811
110,1134,201811
110,25,201811
110,886,201811
110,7,201811
110,8,201811
110,1,201811
110,136,201811
110,89,201811
110,18,201811
110,51,201811
111,61,201811
111,221,201811
111,46,201811
111,346,201811
111,29,201811
111,1169,201811
111,10,201811
111,11,201811
111,136,201811
111,1227,201811
111,18,201811
111,137,201811
112,77,201811
112,160,201811
112,133,201811
112,13,201811
112,10,201811
112,22,201811
112,52,201811
112,107,201811
112,143,201811
112,444,201811
112,46,201811
112,32,201811
112,142,201811
112,80,201811
112,45,201811
112,6,201811
112,132,201811
112,189,201811
112,116,201811
112,48,201811
112,64,201811
112,180,201811
112,85,201811
112,8,201811
112,81,201811
112,18,201811
112,40,201811
112,124,201811
112,149,201811
112,54,201811
112,34,201811
112,155,201811
112,16,201811
112,72,201811
112,181,201811
112,14,201811
112,154,201811
112,115,201811
112,1,201811
112,274,201811
112,17,201811
112,9,201811
112,346,201811
112,165,201811
112,12,201811
112,31,201811
112,99,201811
112,102,201811
112,97,201811
112,26,201811
112,4,201811
112,19,201811
112,1172,201811
112,359,201811
112,108,201811
112,2,201811
112,0,201811
112,27,201811
112,83,201811
112,146,201811
112,11,201811
112,395,201811
112,96,201811
112,183,201811
112,51,201811
112,136,201811
112,243,201811
112,69,201811
112,89,201811
112,59,201811
112,7,201811
112,92,201811
112,60,201811
112,25,201811
112,29,201811
112,121,201811
112,135,201811
112,113,201811
112,28,201811
112,23,201811
112,137,201811
113,160,201811
113,96,201811
113,16,201811
113,1,201811
113,14,201811
113,143,201811
113,36,201811
113,154,201811
113,48,201811
113,181,201811
113,93,201811
113,530,201811
113,112,201811
113,77,201811
113,92,201811
113,80,201811
113,18,201811
113,108,201811
113,26,201811
113,34,201811
113,81,201811
113,54,201811
113,32,201811
113,124,201811
113,9,201811
113,149,201811
113,72,201811
113,52,201811
113,12,201811
113,183,201811
113,0,201811
113,115,201811
113,45,201811
113,100,201811
113,17,201811
113,27,201811
113,165,201811
113,31,201811
113,10,201811
113,5,201811
113,22,201811
113,4,201811
113,11,201811
113,135,201811
113,99,201811
113,2,201811
113,64,201811
113,69,201811
113,107,201811
113,85,201811
113,51,201811
113,20,201811
113,819,201811
113,274,201811
113,59,201811
113,136,201811
113,6,201811
113,29,201811
113,97,201811
113,25,201811
113,21,201811
113,137,201811
114,35,201811
114,134,201811
114,6,201811
114,29,201811
114,83,201811
114,26,201811
114,14,201811
114,120,201811
114,76,201811
114,46,201811
114,99,201811
114,59,201811
114,375,201811
114,19,201811
114,266,201811
115,552,201811
115,149,201811
115,220,201811
115,133,201811
115,160,201811
115,204,201811
115,28,201811
115,165,201811
115,17,201811
115,1,201811
115,18,201811
115,100,201811
115,108,201811
115,54,201811
115,99,201811
115,93,201811
115,156,201811
115,96,201811
115,11,201811
115,154,201811
115,13,201811
115,113,201811
115,5,201811
115,20,201811
115,97,201811
115,21,201811
115,112,201811
115,27,201811
115,346,201811
115,60,201811
115,19,201811
115,135,201811
115,35,201811
115,25,201811
115,0,201811
115,31,201811
115,137,201811
115,85,201811
115,9,201811
115,752,201811
115,92,201811
115,136,201811
115,10,201811
115,274,201811
116,112,201811
116,93,201811
116,9,201811
116,20,201811
116,99,201811
116,14,201811
116,77,201811
116,154,201811
116,28,201811
116,165,201811
116,17,201811
116,46,201811
116,26,201811
116,108,201811
116,5,201811
116,97,201811
116,135,201811
116,23,201811
116,21,201811
116,136,201811
116,92,201811
116,346,201811
116,85,201811
116,1,201811
116,10,201811
116,137,201811
116,25,201811
116,274,201811
117,206,201811
117,181,201811
117,176,201811
117,160,201811
117,76,201811
117,52,201811
117,146,201811
117,143,201811
117,11,201811
117,739,201811
117,120,201811
117,338,201811
117,51,201811
117,135,201811
117,27,201811
117,274,201811
117,10,201811
117,136,201811
117,31,201811
117,77,201811
117,83,201811
117,4,201811
117,2,201811
117,80,201811
117,99,201811
117,96,201811
117,54,201811
117,9,201811
117,40,201811
117,28,201811
117,46,201811
117,6,201811
117,18,201811
117,32,201811
117,64,201811
117,1250,201811
117,29,201811
117,266,201811
117,26,201811
117,13,201811
117,108,201811
117,19,201811
117,60,201811
117,59,201811
117,14,201811
117,97,201811
118,160,201811
118,157,201811
118,143,201811
118,390,201811
118,99,201811
118,25,201811
118,97,201811
118,250,201811
118,141,201811
118,60,201811
118,136,201811
118,137,201811
119,143,201811
119,142,201811
119,5,201811
119,134,201811
119,27,201811
119,23,201811
119,97,201811
119,54,201811
119,77,201811
119,1,201811
119,2,201811
119,17,201811
119,13,201811
119,10,201811
119,139,201811
119,28,201811
119,11,201811
119,81,201811
119,92,201811
119,274,201811
119,136,201811
119,32,201811
119,135,201811
119,46,201811
119,85,201811
119,0,201811
119,106,201811
119,394,201811
119,83,201811
119,320,201811
119,48,201811
119,36,201811
119,19,201811
119,108,201811
119,60,201811
119,14,201811
120,64,201811
120,77,201811
120,281,201811
120,160,201811
120,140,201811
120,38,201811
120,76,201811
120,57,201811
120,13,201811
120,99,201811
120,14,201811
120,19,201811
120,143,201811
120,393,201811
120,146,201811
120,40,201811
120,4,201811
120,142,201811
120,208,201811
120,48,201811
120,135,201811
120,108,201811
120,10,201811
120,2,201811
120,81,201811
120,100,201811
120,139,201811
120,18,201811
120,92,201811
120,175,201811
120,799,201811
120,6,201811
120,178,201811
120,54,201811
120,114,201811
120,0,201811
120,27,201811
120,59,201811
120,32,201811
120,136,201811
120,29,201811
120,31,201811
120,266,201811
120,375,201811
120,26,201811
120,6,201811
120,64,201811
120,26,201811
120,32,201811
120,29,201811
120,59,201811
120,35,201811
120,13,201811
120,136,201811
120,25,201811
120,48,201811
120,60,201811
120,46,201811
120,19,201811
120,97,201811
120,137,201811
121,160,201811
121,138,201811
121,143,201811
121,25,201811
121,35,201811
121,20,201811
121,135,201811
121,97,201811
121,183,201811
121,1,201811
121,51,201811
121,69,201811
121,81,201811
121,112,201811
121,892,201811
121,11,201811
121,4,201811
121,133,201811
121,36,201811
121,136,201811
121,107,201811
121,85,201811
121,48,201811
121,89,201811
121,13,201811
121,21,201811
121,59,201811
121,5,201811
121,10,201811
122,762,201811
122,265,201811
122,123,201811
122,529,201811
122,29,201811
122,136,201811
122,1169,201811
122,18,201811
122,346,201811
122,266,201811
122,137,201811
122,10,201811
122,1227,201811
123,122,201811
123,265,201811
123,738,201811
123,346,201811
123,1169,201811
123,10,201811
123,1227,201811
123,136,201811
123,18,201811
124,160,201811
124,137,201811
124,282,201811
124,1227,201811
124,165,201811
124,143,201811
124,81,201811
124,115,201811
124,21,201811
124,99,201811
124,60,201811
124,80,201811
124,47,201811
124,22,201811
124,54,201811
124,14,201811
124,113,201811
124,48,201811
124,26,201811
124,0,201811
124,107,201811
124,17,201811
124,112,201811
124,40,201811
124,20,201811
124,25,201811
124,31,201811
124,23,201811
124,28,201811
124,92,201811
124,346,201811
124,77,201811
124,2,201811
124,181,201811
124,96,201811
124,29,201811
124,85,201811
124,135,201811
124,32,201811
124,136,201811
124,266,201811
124,10,201811
124,1,201811
124,46,201811
124,154,201811
124,274,201811
124,97,201811
125,193,201811
125,752,201811
125,301,201811
125,15,201811
125,57,201811
125,208,201811
125,29,201811
125,170,201811
125,81,201811
125,97,201811
125,136,201811
125,18,201811
126,55,201811
126,142,201811
126,6,201811
126,197,201811
126,77,201811
126,160,201811
126,180,201811
126,31,201811
126,1227,201811
126,193,201811
126,362,201811
126,730,201811
126,52,201811
126,19,201811
126,140,201811
126,143,201811
126,120,201811
126,739,201811
126,208,201811
126,33,201811
126,18,201811
126,81,201811
126,46,201811
126,29,201811
126,64,201811
126,26,201811
126,76,201811
126,1250,201811
126,83,201811
126,136,201811
126,13,201811
126,108,201811
126,139,201811
126,32,201811
126,48,201811
126,99,201811
126,60,201811
126,266,201811
126,375,201811
126,59,201811
126,97,201811
127,110,201811
127,109,201811
127,427,201811
127,306,201811
127,128,201811
127,4,201811
127,948,201811
127,593,201811
127,592,201811
127,729,201811
127,613,201811
128,110,201811
128,109,201811
128,306,201811
128,127,201811
128,4,201811
128,427,201811
129,160,201811
129,172,201811
129,173,201811
129,146,201811
129,35,201811
129,1075,201811
129,1129,201811
129,6,201811
129,97,201811
129,57,201811
129,100,201811
129,36,201811
129,19,201811
129,40,201811
129,140,201811
129,143,201811
129,108,201811
129,101,201811
129,119,201811
129,1,201811
129,102,201811
129,83,201811
129,45,201811
129,155,201811
129,18,201811
129,31,201811
129,165,201811
129,27,201811
129,96,201811
129,52,201811
129,444,201811
129,10,201811
129,54,201811
129,136,201811
129,117,201811
129,38,201811
129,180,201811
129,0,201811
129,81,201811
129,85,201811
129,120,201811
129,77,201811
129,154,201811
129,29,201811
129,2,201811
129,274,201811
129,32,201811
129,284,201811
129,92,201811
129,64,201811
129,14,201811
129,266,201811
129,135,201811
129,99,201811
129,137,201811
129,48,201811
129,46,201811
129,60,201811
129,25,201811
129,13,201811
129,59,201811
130,96,201811
130,136,201811
130,1,201811
130,137,201811
131,14,201811
131,100,201811
131,35,201811
131,43,201811
131,269,201811
131,44,201811
131,77,201811
131,124,201811
131,160,201811
131,25,201811
131,29,201811
131,30,201811
131,81,201811
131,282,201811
131,31,201811
131,234,201811
131,83,201811
131,146,201811
131,20,201811
131,32,201811
131,262,201811
131,6,201811
131,205,201811
131,99,201811
131,346,201811
131,26,201811
131,108,201811
131,139,201811
131,18,201811
131,11,201811
131,60,201811
131,10,201811
131,136,201811
131,19,201811
131,46,201811
131,137,201811
131,97,201811
132,15,201811
132,181,201811
132,160,201811
132,40,201811
132,76,201811
132,482,201811
132,35,201811
132,143,201811
132,32,201811
132,21,201811
132,69,201811
132,107,201811
132,20,201811
132,4,201811
132,16,201811
132,2,201811
132,139,201811
132,97,201811
132,133,201811
132,81,201811
132,113,201811
132,29,201811
132,6,201811
132,163,201811
132,314,201811
132,274,201811
132,5,201811
132,346,201811
132,195,201811
132,18,201811
132,136,201811
132,752,201811
132,79,201811
132,333,201811
132,25,201811
132,85,201811
132,31,201811
132,14,201811
132,99,201811
132,137,201811
132,1,201811
132,375,201811
132,60,201811
132,11,201811
132,1250,201811
132,1227,201811
132,266,201811
132,26,201811
132,10,201811
132,19,201811
132,46,201811
132,154,201811
133,77,201811
133,160,201811
133,71,201811
133,17,201811
133,261,201811
133,189,201811
133,72,201811
133,138,201811
133,143,201811
133,100,201811
133,155,201811
133,11,201811
133,60,201811
133,10,201811
133,1313,201811
133,1,201811
133,57,201811
133,80,201811
133,12,201811
133,45,201811
133,48,201811
133,47,201811
133,28,201811
133,31,201811
133,115,201811
133,14,201811
133,16,201811
133,9,201811
133,34,201811
133,149,201811
133,142,201811
133,444,201811
133,116,201811
133,6,201811
133,5,201811
133,97,201811
133,18,201811
133,154,201811
133,132,201811
133,32,201811
133,165,201811
133,22,201811
133,19,201811
133,0,201811
133,40,201811
133,27,201811
133,2,201811
133,69,201811
133,54,201811
133,108,201811
133,112,201811
133,136,201811
133,96,201811
133,183,201811
133,107,201811
133,85,201811
133,4,201811
133,51,201811
133,135,201811
133,13,201811
133,20,201811
133,92,201811
133,274,201811
133,59,201811
133,21,201811
134,114,201811
134,55,201811
134,224,201811
134,160,201811
134,155,201811
134,289,201811
134,463,201811
134,0,201811
134,17,201811
134,83,201811
134,32,201811
134,139,201811
134,146,201811
134,38,201811
134,100,201811
134,97,201811
134,274,201811
134,45,201811
134,1,201811
134,136,201811
134,48,201811
134,9,201811
134,29,201811
134,64,201811
134,154,201811
134,135,201811
134,31,201811
134,106,201811
134,94,201811
134,108,201811
134,6,201811
134,26,201811
134,99,201811
134,60,201811
134,46,201811
134,59,201811
134,19,201811
134,14,201811
135,303,201811
135,354,201811
135,836,201811
135,672,201811
135,48,201811
135,178,201811
135,76,201811
135,282,201811
135,419,201811
135,64,201811
135,149,201811
135,453,201811
135,208,201811
135,133,201811
135,53,201811
135,32,201811
135,77,201811
135,121,201811
135,35,201811
135,83,201811
135,6,201811
135,1130,201811
135,94,201811
135,444,201811
135,213,201811
135,285,201811
135,34,201811
135,151,201811
135,115,201811
135,116,201811
135,119,201811
135,72,201811
135,183,201811
135,132,201811
135,134,201811
135,10,201811
135,120,201811
135,31,201811
135,60,201811
135,16,201811
135,36,201811
135,346,201811
135,341,201811
135,69,201811
135,160,201811
135,93,201811
135,107,201811
135,18,201811
135,1366,201811
135,113,201811
135,124,201811
135,156,201811
135,782,201811
135,165,201811
135,129,201811
135,22,201811
135,9,201811
135,100,201811
135,21,201811
135,23,201811
135,38,201811
135,112,201811
135,45,201811
135,80,201811
135,11,201811
135,96,201811
135,180,201811
135,46,201811
135,2,201811
135,181,201811
135,20,201811
135,51,201811
135,143,201811
135,4,201811
135,155,201811
135,102,201811
135,52,201811
135,142,201811
135,5,201811
135,85,201811
135,146,201811
135,0,201811
135,139,201811
135,40,201811
135,12,201811
135,28,201811
135,81,201811
135,19,201811
135,13,201811
135,99,201811
135,108,201811
135,97,201811
135,154,201811
135,26,201811
135,27,201811
135,14,201811
135,17,201811
135,92,201811
135,274,201811
135,1,201811
135,136,201811
136,552,201811
136,150,201811
136,70,201811
136,77,201811
136,160,201811
136,5,201811
136,4,201811
136,146,201811
136,174,201811
136,20,201811
136,892,201811
136,166,201811
136,1169,201811
136,57,201811
136,23,201811
136,11,201811
136,30,201811
136,133,201811
136,34,201811
136,501,201811
136,138,201811
136,107,201811
136,143,201811
136,180,201811
136,149,201811
136,134,201811
136,14,201811
136,395,201811
136,38,201811
136,119,201811
136,117,201811
136,116,201811
136,142,201811
136,155,201811
136,18,201811
136,80,201811
136,129,201811
136,124,201811
136,102,201811
136,416,201811
136,121,201811
136,1366,201811
136,9,201811
136,1,201811
136,93,201811
136,0,201811
136,54,201811
136,51,201811
136,16,201811
136,165,201811
136,97,201811
136,86,201811
136,96,201811
136,137,201811
136,26,201811
136,12,201811
136,544,201811
136,330,201811
136,346,201811
136,46,201811
136,31,201811
136,60,201811
136,274,201811
136,132,201811
136,147,201811
136,17,201811
136,169,201811
136,738,201811
136,154,201811
136,153,201811
136,10,201811
136,122,201811
136,25,201811
136,968,201811
136,22,201811
136,223,201811
136,24,201811
136,183,201811
136,40,201811
136,2,201811
136,120,201811
136,376,201811
136,59,201811
136,981,201811
136,139,201811
136,130,201811
136,982,201811
136,371,201811
136,834,201811
136,189,201811
136,214,201811
136,99,201811
136,176,201811
136,908,201811
136,361,201811
136,492,201811
136,537,201811
136,265,201811
136,68,201811
136,320,201811
136,27,201811
136,126,201811
136,490,201811
136,72,201811
136,1258,201811
136,269,201811
136,307,201811
136,909,201811
136,148,201811
136,105,201811
136,164,201811
136,358,201811
136,58,201811
136,177,201811
136,84,201811
136,1015,201811
136,125,201811
136,314,201811
136,706,201811
136,45,201811
136,118,201811
136,480,201811
136,862,201811
136,53,201811
136,188,201811
136,78,201811
136,502,201811
136,104,201811
136,157,201811
136,345,201811
136,213,201811
136,43,201811
136,221,201811
136,61,201811
136,33,201811
136,156,201811
136,21,201811
136,359,201811
136,111,201811
136,101,201811
136,71,201811
136,69,201811
136,181,201811
136,762,201811
136,100,201811
136,81,201811
136,415,201811
136,112,201811
136,115,201811
136,67,201811
136,372,201811
136,131,201811
136,184,201811
136,32,201811
136,64,201811
136,123,201811
136,261,201811
136,85,201811
136,88,201811
136,163,201811
136,15,201811
136,781,201811
136,906,201811
136,211,201811
136,950,201811
136,110,201811
136,52,201811
136,8,201811
136,243,201811
136,7,201811
136,83,201811
136,35,201811
136,19,201811
136,113,201811
136,108,201811
136,29,201811
136,48,201811
136,13,201811
136,303,201811
136,6,201811
136,89,201811
136,28,201811
136,92,201811
136,135,201811
137,74,201811
137,18,201811
137,35,201811
137,138,201811
137,143,201811
137,6,201811
137,77,201811
137,160,201811
137,5,201811
137,23,201811
137,2,201811
137,97,201811
137,446,201811
137,4,201811
137,129,201811
137,146,201811
137,165,201811
137,79,201811
137,21,201811
137,96,201811
137,247,201811
137,13,201811
137,136,201811
137,48,201811
137,69,201811
137,25,201811
137,100,201811
137,17,201811
137,115,201811
137,60,201811
137,29,201811
137,51,201811
137,19,201811
137,1,201811
137,112,201811
137,108,201811
137,14,201811
137,110,201811
137,149,201811
137,269,201811
137,156,201811
137,81,201811
137,371,201811
137,161,201811
137,72,201811
137,39,201811
137,544,201811
137,58,201811
137,101,201811
137,154,201811
137,169,201811
137,355,201811
137,120,201811
137,336,201811
137,157,201811
137,16,201811
137,59,201811
137,340,201811
137,80,201811
137,34,201811
137,344,201811
137,47,201811
137,801,201811
137,495,201811
137,12,201811
137,64,201811
137,31,201811
137,327,201811
137,722,201811
137,0,201811
137,318,201811
137,188,201811
137,204,201811
137,341,201811
137,98,201811
137,752,201811
137,346,201811
137,388,201811
137,86,201811
137,11,201811
137,1291,201811
137,885,201811
137,757,201811
137,521,201811
137,216,201811
137,71,201811
137,540,201811
137,871,201811
137,92,201811
137,132,201811
137,166,201811
137,32,201811
137,139,201811
137,339,201811
137,385,201811
137,174,201811
137,54,201811
137,303,201811
137,122,201811
137,164,201811
137,309,201811
137,30,201811
137,118,201811
137,189,201811
137,9,201811
137,267,201811
137,588,201811
137,1190,201811
137,193,201811
137,731,201811
137,26,201811
137,393,201811
137,335,201811
137,244,201811
137,728,201811
137,326,201811
137,62,201811
137,66,201811
137,20,201811
137,1366,201811
137,671,201811
137,10,201811
137,265,201811
137,250,201811
137,116,201811
137,198,201811
137,41,201811
137,61,201811
137,76,201811
137,314,201811
137,111,201811
137,163,201811
137,224,201811
137,159,201811
137,65,201811
137,183,201811
137,390,201811
137,483,201811
137,130,201811
137,950,201811
137,70,201811
137,333,201811
137,152,201811
137,15,201811
137,131,201811
137,24,201811
137,78,201811
137,181,201811
137,45,201811
137,220,201811
137,52,201811
137,7,201811
137,38,201811
137,213,201811
137,57,201811
137,107,201811
137,150,201811
137,36,201811
137,89,201811
137,104,201811
137,124,201811
137,40,201811
137,53,201811
137,83,201811
137,27,201811
137,22,201811
137,113,201811
137,99,201811
137,28,201811
137,46,201811
137,85,201811
138,137,201811
138,19,201811
138,143,201811
138,23,201811
138,29,201811
138,113,201811
138,1,201811
138,4,201811
138,21,201811
138,110,201811
138,52,201811
138,247,201811
138,14,201811
138,15,201811
138,16,201811
138,136,201811
138,32,201811
138,6,201811
138,69,201811
138,25,201811
138,59,201811
138,170,201811
138,17,201811
138,27,201811
138,501,201811
138,54,201811
138,18,201811
138,5,201811
138,12,201811
138,51,201811
138,159,201811
138,835,201811
138,11,201811
138,154,201811
138,146,201811
138,108,201811
138,346,201811
138,375,201811
138,10,201811
138,266,201811
138,1227,201811
138,1250,201811
139,266,201811
139,160,201811
139,108,201811
139,11,201811
139,58,201811
139,36,201811
139,35,201811
139,22,201811
139,133,201811
139,132,201811
139,51,201811
139,107,201811
139,28,201811
139,18,201811
139,134,201811
139,102,201811
139,180,201811
139,38,201811
139,2,201811
139,26,201811
139,97,201811
139,113,201811
139,1,201811
139,64,201811
139,0,201811
139,13,201811
139,143,201811
139,274,201811
139,6,201811
139,16,201811
139,19,201811
139,92,201811
139,12,201811
139,282,201811
139,83,201811
139,60,201811
139,32,201811
139,769,201811
139,99,201811
139,27,201811
139,10,201811
139,181,201811
139,341,201811
139,178,201811
139,5,201811
139,146,201811
139,31,201811
139,119,201811
139,136,201811
139,142,201811
139,77,201811
139,126,201811
139,137,201811
139,154,201811
139,316,201811
139,131,201811
139,29,201811
139,75,201811
139,54,201811
139,81,201811
139,285,201811
139,52,201811
139,40,201811
139,14,201811
139,208,201811
139,25,201811
139,59,201811
139,135,201811
139,46,201811
140,77,201811
140,62,201811
140,95,201811
140,160,201811
140,76,201811
140,143,201811
140,208,201811
140,46,201811
140,178,201811
140,64,201811
140,341,201811
140,97,201811
140,40,201811
140,35,201811
140,739,201811
140,29,201811
140,26,201811
140,375,201811
140,19,201811
140,266,201811
141,77,201811
141,108,201811
141,140,201811
141,97,201811
141,266,201811
141,46,201811
142,6,201811
142,77,201811
142,160,201811
142,29,201811
142,126,201811
142,38,201811
142,180,201811
142,193,201811
142,132,201811
142,52,201811
142,19,201811
142,143,201811
142,15,201811
142,129,201811
142,188,201811
142,384,201811
142,14,201811
142,100,201811
142,40,201811
142,181,201811
142,11,201811
142,113,201811
142,289,201811
142,136,201811
142,13,201811
142,146,201811
142,22,201811
142,102,201811
142,155,201811
142,92,201811
142,107,201811
142,5,201811
142,9,201811
142,23,201811
142,176,201811
142,27,201811
142,4,201811
142,80,201811
142,17,201811
142,54,201811
142,31,201811
142,274,201811
142,0,201811
142,20,201811
142,85,201811
142,97,201811
142,32,201811
142,154,201811
142,1,201811
142,64,201811
142,108,201811
142,18,201811
142,139,201811
142,45,201811
142,83,201811
142,59,201811
142,2,201811
142,178,201811
142,281,201811
142,46,201811
142,26,201811
142,60,201811
142,48,201811
142,10,201811
142,99,201811
142,135,201811
143,110,201811
143,97,201811
143,16,201811
143,137,201811
143,32,201811
143,25,201811
143,501,201811
143,35,201811
143,911,201811
143,5,201811
143,23,201811
143,29,201811
143,51,201811
143,19,201811
143,835,201811
143,188,201811
143,11,201811
143,160,201811
143,27,201811
143,282,201811
143,77,201811
143,906,201811
143,36,201811
143,96,201811
143,455,201811
143,180,201811
143,85,201811
143,52,201811
143,247,201811
143,80,201811
143,30,201811
143,183,201811
143,13,201811
143,142,201811
143,133,201811
143,14,201811
143,39,201811
143,15,201811
143,46,201811
143,136,201811
143,132,201811
143,645,201811
143,165,201811
143,6,201811
143,265,201811
143,150,201811
143,48,201811
143,61,201811
143,62,201811
143,69,201811
143,76,201811
143,57,201811
143,89,201811
143,58,201811
143,64,201811
143,34,201811
143,157,201811
143,100,201811
143,59,201811
143,8,201811
143,170,201811
143,10,201811
143,17,201811
143,115,201811
143,281,201811
143,118,201811
143,121,201811
143,124,201811
143,339,201811
143,60,201811
143,176,201811
143,161,201811
143,155,201811
143,54,201811
143,18,201811
143,0,201811
143,9,201811
143,12,201811
143,1,201811
143,159,201811
143,40,201811
143,156,201811
143,102,201811
143,83,201811
143,138,201811
143,120,201811
143,914,201811
143,107,201811
143,140,201811
143,139,201811
143,28,201811
143,2,201811
143,104,201811
143,112,201811
143,129,201811
143,113,201811
143,154,201811
143,195,201811
143,126,201811
143,108,201811
143,72,201811
143,101,201811
143,146,201811
143,931,201811
143,93,201811
143,444,201811
143,99,201811
143,20,201811
143,4,201811
143,739,201811
143,274,201811
143,21,201811
143,26,201811
143,341,201811
143,78,201811
143,355,201811
143,375,201811
143,266,201811
143,1250,201811
143,92,201811
143,135,201811
144,160,201811
144,18,201811
144,1445,201811
144,97,201811
144,29,201811
145,1169,201811
145,346,201811
145,29,201811
145,18,201811
146,161,201811
146,17,201811
146,160,201811
146,143,201811
146,129,201811
146,52,201811
146,31,201811
146,14,201811
146,15,201811
146,46,201811
146,136,201811
146,6,201811
146,93,201811
146,25,201811
146,59,201811
146,60,201811
146,176,201811
146,35,201811
146,0,201811
146,322,201811
146,4,201811
146,108,201811
146,241,201811
146,110,201811
146,137,201811
146,165,201811
146,29,201811
146,28,201811
146,97,201811
146,76,201811
146,89,201811
146,20,201811
146,11,201811
146,16,201811
146,54,201811
146,154,201811
146,117,201811
146,2,201811
146,72,201811
146,79,201811
146,85,201811
146,23,201811
146,19,201811
146,1,201811
146,138,201811
146,33,201811
146,149,201811
146,13,201811
146,32,201811
146,58,201811
146,27,201811
146,18,201811
146,12,201811
146,51,201811
146,914,201811
146,103,201811
146,654,201811
146,1444,201811
146,9,201811
146,113,201811
146,5,201811
146,45,201811
146,99,201811
146,40,201811
146,69,201811
146,178,201811
146,38,201811
146,102,201811
146,22,201811
146,131,201811
146,155,201811
146,92,201811
146,120,201811
146,10,201811
146,341,201811
146,274,201811
146,445,201811
146,375,201811
146,26,201811
146,139,201811
146,83,201811
146,112,201811
146,100,201811
146,1227,201811
146,78,201811
146,94,201811
146,355,201811
146,48,201811
146,1250,201811
146,266,201811
146,64,201811
146,135,201811
147,221,201811
147,30,201811
147,183,201811
147,330,201811
147,153,201811
147,160,201811
147,372,201811
147,86,201811
147,346,201811
147,1169,201811
147,136,201811
147,11,201811
148,20,201811
148,537,201811
148,18,201811
148,136,201811
149,115,201811
149,146,201811
149,47,201811
149,165,201811
149,129,201811
149,108,201811
149,22,201811
149,46,201811
149,81,201811
149,92,201811
149,19,201811
149,274,201811
149,80,201811
149,100,201811
149,9,201811
149,83,201811
149,1366,201811
149,17,201811
149,156,201811
149,13,201811
149,107,201811
149,99,201811
149,14,201811
149,21,201811
149,160,201811
149,136,201811
149,97,201811
149,31,201811
149,137,201811
149,2,201811
149,0,201811
149,346,201811
149,25,201811
149,341,201811
149,135,201811
149,85,201811
149,1,201811
149,10,201811
150,147,201811
150,70,201811
150,160,201811
150,5,201811
150,23,201811
150,143,201811
150,28,201811
150,10,201811
150,183,201811
150,51,201811
150,17,201811
150,136,201811
150,4,201811
150,1,201811
150,11,201811
150,20,201811
150,137,201811
151,384,201811
151,135,201811
151,341,201811
151,271,201811
151,269,201811
151,265,201811
151,178,201811
151,266,201811
152,266,201811
152,97,201811
152,46,201811
152,137,201811
152,25,201811
153,147,201811
153,136,201811
154,77,201811
154,160,201811
154,81,201811
154,274,201811
154,132,201811
154,51,201811
154,11,201811
154,126,201811
154,146,201811
154,12,201811
154,138,201811
154,143,201811
154,104,201811
154,113,201811
154,55,201811
154,142,201811
154,64,201811
154,129,201811
154,69,201811
154,38,201811
154,180,201811
154,419,201811
154,47,201811
154,116,201811
154,117,201811
154,183,201811
154,45,201811
154,149,201811
154,119,201811
154,100,201811
154,23,201811
154,137,201811
154,136,201811
154,135,201811
154,107,201811
154,115,201811
154,25,201811
154,1366,201811
154,32,201811
154,102,201811
154,29,201811
154,31,201811
154,22,201811
154,155,201811
154,93,201811
154,40,201811
154,59,201811
154,18,201811
154,165,201811
154,57,201811
154,341,201811
154,346,201811
154,99,201811
154,80,201811
154,35,201811
154,46,201811
154,133,201811
154,296,201811
154,6,201811
154,503,201811
154,251,201811
154,888,201811
154,1017,201811
154,96,201811
154,1580,201811
154,432,201811
154,1482,201811
154,36,201811
154,275,201811
154,108,201811
154,139,201811
154,19,201811
154,28,201811
154,20,201811
154,112,201811
154,5,201811
154,52,201811
154,21,201811
154,4,201811
154,60,201811
154,34,201811
154,26,201811
154,124,201811
154,72,201811
154,9,201811
154,54,201811
154,10,201811
154,0,201811
154,16,201811
154,85,201811
154,2,201811
154,17,201811
154,1,201811
154,83,201811
154,48,201811
154,27,201811
154,97,201811
154,13,201811
154,92,201811
154,14,201811
155,19,201811
155,77,201811
155,59,201811
155,160,201811
155,180,201811
155,138,201811
155,143,201811
155,9,201811
155,76,201811
155,142,201811
155,133,201811
155,119,201811
155,0,201811
155,208,201811
155,38,201811
155,4,201811
155,112,201811
155,21,201811
155,26,201811
155,80,201811
155,27,201811
155,20,201811
155,85,201811
155,45,201811
155,28,201811
155,1,201811
155,129,201811
155,81,201811
155,92,201811
155,83,201811
155,51,201811
155,6,201811
155,17,201811
155,36,201811
155,5,201811
155,10,201811
155,12,201811
155,48,201811
155,136,201811
155,70,201811
155,99,201811
155,274,201811
155,139,201811
155,32,201811
155,97,201811
155,108,201811
155,46,201811
155,60,201811
155,135,201811
155,14,201811
156,455,201811
156,0,201811
156,143,201811
156,13,201811
156,11,201811
156,5,201811
156,57,201811
156,26,201811
156,16,201811
156,40,201811
156,10,201811
156,54,201811
156,81,201811
156,14,201811
156,29,201811
156,135,201811
156,274,201811
156,108,201811
156,60,201811
156,99,201811
156,136,201811
156,19,201811
156,46,201811
156,25,201811
156,137,201811
156,92,201811
156,35,201811
156,31,201811
156,97,201811
157,1227,201811
157,118,201811
157,143,201811
157,31,201811
157,137,201811
157,165,201811
157,25,201811
157,266,201811
157,29,201811
157,99,201811
157,136,201811
157,60,201811
157,46,201811
157,97,201811
158,19,201811
158,453,201811
158,341,201811
158,97,201811
158,46,201811
159,138,201811
159,143,201811
159,346,201811
159,266,201811
159,97,201811
159,18,201811
159,29,201811
159,10,201811
159,1250,201811
159,375,201811
159,32,201811
159,1227,201811
159,46,201811
159,137,201811
160,79,201811
160,96,201811
160,552,201811
160,180,201811
160,110,201811
160,97,201811
160,85,201811
160,52,201811
160,512,201811
160,80,201811
160,30,201811
160,269,201811
160,31,201811
160,183,201811
160,13,201811
160,194,201811
160,55,201811
160,142,201811
160,133,201811
160,14,201811
160,39,201811
160,224,201811
160,45,201811
160,15,201811
160,16,201811
160,46,201811
160,53,201811
160,147,201811
160,63,201811
160,146,201811
160,24,201811
160,136,201811
160,137,201811
160,132,201811
160,32,201811
160,165,201811
160,198,201811
160,6,201811
160,196,201811
160,265,201811
160,150,201811
160,48,201811
160,197,201811
160,61,201811
160,62,201811
160,69,201811
160,70,201811
160,181,201811
160,76,201811
160,57,201811
160,84,201811
160,89,201811
160,93,201811
160,58,201811
160,95,201811
160,64,201811
160,25,201811
160,34,201811
160,77,201811
160,100,201811
160,59,201811
160,10,201811
160,17,201811
160,115,201811
160,281,201811
160,118,201811
160,121,201811
160,339,201811
160,27,201811
160,60,201811
160,176,201811
160,155,201811
160,35,201811
160,54,201811
160,216,201811
160,131,201811
160,18,201811
160,0,201811
160,5,201811
160,9,201811
160,12,201811
160,23,201811
160,29,201811
160,38,201811
160,36,201811
160,51,201811
160,19,201811
160,1,201811
160,40,201811
160,102,201811
160,134,201811
160,83,201811
160,120,201811
160,107,201811
160,140,201811
160,117,201811
160,144,201811
160,139,201811
160,28,201811
160,2,201811
160,78,201811
160,835,201811
160,143,201811
160,4,201811
160,20,201811
160,104,201811
160,188,201811
160,112,201811
160,129,201811
160,11,201811
160,21,201811
160,113,201811
160,154,201811
160,195,201811
160,126,201811
160,41,201811
160,108,201811
160,72,201811
160,22,201811
160,101,201811
160,206,201811
160,66,201811
160,341,201811
160,125,201811
160,138,201811
160,393,201811
160,327,201811
160,208,201811
160,26,201811
160,1434,201811
160,1455,201811
160,384,201811
160,336,201811
160,98,201811
160,1227,201811
160,274,201811
160,92,201811
160,354,201811
160,99,201811
160,266,201811
160,135,201811
160,885,201811
160,320,201811
160,445,201811
160,375,201811
161,530,201811
161,282,201811
161,57,201811
161,124,201811
161,143,201811
161,380,201811
161,165,201811
161,341,201811
161,137,201811
161,266,201811
161,25,201811
161,10,201811
163,1679,201811
163,29,201811
163,375,201811
163,18,201811
163,266,201811
163,1250,201811
163,10,201811
163,1227,201811
163,32,201811
163,136,201811
163,137,201811
163,97,201811
164,84,201811
164,86,201811
164,69,201811
164,548,201811
164,136,201811
164,10,201811
164,18,201811
164,1227,201811
164,137,201811
164,51,201811
164,11,201811
164,4,201811
165,146,201811
165,552,201811
165,77,201811
165,160,201811
165,1,201811
165,339,201811
165,85,201811
165,149,201811
165,170,201811
165,234,201811
165,36,201811
165,32,201811
165,96,201811
165,23,201811
165,143,201811
165,250,201811
165,1236,201811
165,327,201811
165,2,201811
165,17,201811
165,107,201811
165,14,201811
165,81,201811
165,99,201811
165,12,201811
165,47,201811
165,100,201811
165,18,201811
165,102,201811
165,113,201811
165,4,201811
165,40,201811
165,183,201811
165,124,201811
165,51,201811
165,72,201811
165,6,201811
165,1366,201811
165,26,201811
165,46,201811
165,310,201811
165,25,201811
165,346,201811
165,108,201811
165,115,201811
165,48,201811
165,336,201811
165,31,201811
165,93,201811
165,133,201811
165,27,201811
165,1227,201811
165,21,201811
165,154,201811
165,11,201811
165,0,201811
165,797,201811
165,966,201811
165,92,201811
165,5,201811
165,157,201811
165,453,201811
165,460,201811
165,871,201811
165,60,201811
165,29,201811
165,97,201811
165,136,201811
165,112,201811
165,135,201811
165,28,201811
165,10,201811
165,137,201811
165,274,201811
166,147,201811
166,136,201811
166,137,201811
167,97,201811
167,160,201811
167,48,201811
167,336,201811
167,797,201811
168,291,201811
168,87,201811
168,203,201811
169,11,201811
169,136,201811
169,137,201811
170,77,201811
170,40,201811
170,890,201811
170,32,201811
170,281,201811
170,29,201811
170,143,201811
170,285,201811
170,18,201811
170,10,201811
170,341,201811
170,14,201811
170,125,201811
170,6,201811
170,99,201811
171,29,201811
171,281,201811
171,32,201811
171,18,201811
172,129,201811
172,173,201811
172,35,201811
172,357,201811
172,100,201811
172,48,201811
172,29,201811
172,64,201811
172,6,201811
172,60,201811
172,59,201811
172,46,201811
172,97,201811
173,129,201811
173,172,201811
173,1129,201811
173,48,201811
173,35,201811
174,136,201811
174,137,201811
174,29,201811
175,517,201811
175,120,201811
175,77,201811
175,339,201811
175,66,201811
175,341,201811
175,266,201811
175,1250,201811
175,375,201811
175,46,201811
175,29,201811
176,6,201811
176,76,201811
176,77,201811
176,387,201811
176,281,201811
176,160,201811
176,146,201811
176,138,201811
176,143,201811
176,393,201811
176,384,201811
176,327,201811
176,32,201811
176,60,201811
176,64,201811
176,29,201811
176,136,201811
176,13,201811
176,1250,201811
176,375,201811
176,46,201811
176,266,201811
176,19,201811
176,97,201811
177,69,201811
177,50,201811
177,51,201811
177,346,201811
177,11,201811
177,136,201811
177,20,201811
177,10,201811
177,1227,201811
177,18,201811
177,4,201811
178,31,201811
178,181,201811
178,64,201811
178,445,201811
178,83,201811
178,205,201811
178,463,201811
178,855,201811
178,140,201811
178,24,201811
178,38,201811
178,287,201811
178,102,201811
178,56,201811
178,320,201811
178,57,201811
178,342,201811
178,142,201811
178,81,201811
178,6,201811
178,32,201811
178,36,201811
178,316,201811
178,46,201811
178,76,201811
178,40,201811
178,151,201811
178,16,201811
178,0,201811
178,97,201811
178,108,201811
178,139,201811
178,60,201811
178,48,201811
180,134,201811
180,126,201811
180,6,201811
180,160,201811
180,815,201811
180,766,201811
180,19,201811
180,52,201811
180,143,201811
180,77,201811
180,26,201811
180,51,201811
180,117,201811
180,38,201811
180,739,201811
180,113,201811
180,55,201811
180,16,201811
180,12,201811
180,112,201811
180,129,201811
180,11,201811
180,40,201811
180,96,201811
180,22,201811
180,278,201811
180,17,201811
180,28,201811
180,83,201811
180,4,201811
180,274,201811
180,1,201811
180,76,201811
180,45,201811
180,100,201811
180,81,201811
180,2,201811
180,64,201811
180,56,201811
180,92,201811
180,0,201811
180,31,201811
180,97,201811
180,10,201811
180,32,201811
180,13,201811
180,889,201811
180,29,201811
180,136,201811
180,18,201811
180,60,201811
180,48,201811
180,108,201811
180,99,201811
180,135,201811
180,46,201811
180,14,201811
181,546,201811
181,77,201811
181,160,201811
181,429,201811
181,270,201811
181,59,201811
181,85,201811
181,46,201811
181,12,201811
181,48,201811
181,108,201811
181,52,201811
181,100,201811
181,38,201811
181,36,201811
181,28,201811
181,146,201811
181,444,201811
181,2,201811
181,13,201811
181,51,201811
181,97,201811
181,83,201811
181,27,201811
181,11,201811
181,26,201811
181,274,201811
181,4,201811
181,124,201811
181,341,201811
181,139,201811
181,10,201811
181,99,201811
181,136,201811
181,60,201811
181,6,201811
181,19,201811
181,32,201811
181,25,201811
181,64,201811
181,29,201811
181,18,201811
181,1227,201811
181,1250,201811
181,375,201811
181,14,201811
181,266,201811
181,137,201811
181,135,201811
182,176,201811
182,1361,201811
182,46,201811
182,29,201811
182,40,201811
182,60,201811
182,32,201811
182,64,201811
182,97,201811
182,19,201811
183,147,201811
183,84,201811
183,160,201811
183,5,201811
183,9,201811
183,4,201811
183,11,201811
183,143,201811
183,154,201811
183,17,201811
183,14,201811
183,120,201811
183,20,201811
183,135,201811
183,132,201811
183,214,201811
183,77,201811
183,107,201811
183,22,201811
183,48,201811
183,0,201811
183,92,201811
183,12,201811
183,60,201811
183,787,201811
183,54,201811
183,19,201811
183,23,201811
183,6,201811
183,31,201811
183,27,201811
183,2,201811
183,96,201811
183,51,201811
183,16,201811
183,25,201811
183,97,201811
183,85,201811
183,113,201811
183,1172,201811
183,966,201811
183,274,201811
183,136,201811
183,150,201811
183,133,201811
183,1227,201811
183,10,201811
183,18,201811
183,112,201811
183,28,201811
183,21,201811
183,69,201811
183,137,201811
183,29,201811
183,1,201811
184,51,201811
184,736,201811
184,10,201811
184,11,201811
184,214,201811
184,346,201811
184,1,201811
184,17,201811
184,136,201811
184,20,201811
184,4,201811
185,236,201811
185,186,201811
185,110,201811
185,656,201811
185,993,201811
185,1016,201811
185,697,201811
185,657,201811
185,937,201811
185,997,201811
185,922,201811
185,947,201811
185,698,201811
185,200,201811
186,110,201811
186,558,201811
186,474,201811
186,559,201811
186,229,201811
186,922,201811
186,560,201811
186,1016,201811
186,947,201811
186,185,201811
186,557,201811
186,555,201811
186,561,201811
186,556,201811
186,190,201811
186,473,201811
188,35,201811
188,143,201811
188,552,201811
188,137,201811
188,160,201811
188,393,201811
188,339,201811
188,25,201811
188,97,201811
188,136,201811
188,10,201811
188,46,201811
189,23,201811
189,71,201811
189,7,201811
189,213,201811
189,112,201811
189,136,201811
189,10,201811
189,5,201811
189,18,201811
189,51,201811
189,137,201811
189,4,201811
189,17,201811
189,1,201811
189,20,201811
190,696,201811
190,110,201811
190,235,201811
190,201,201811
190,1183,201811
190,920,201811
190,897,201811
191,110,201811
192,32,201811
192,100,201811
192,54,201811
192,57,201811
192,120,201811
192,97,201811
192,40,201811
192,64,201811
192,26,201811
192,46,201811
192,29,201811
192,19,201811
193,146,201811
193,125,201811
193,126,201811
193,20,201811
193,57,201811
193,66,201811
193,15,201811
193,18,201811
193,137,201811
193,29,201811
194,160,201811
194,2,201811
194,48,201811
194,60,201811
194,6,201811
194,59,201811
195,160,201811
195,133,201811
195,0,201811
195,143,201811
195,6,201811
195,19,201811
195,182,201811
195,132,201811
195,266,201811
195,1250,201811
195,375,201811
195,48,201811
195,60,201811
195,32,201811
196,110,201811
196,578,201811
196,525,201811
196,476,201811
196,230,201811
196,469,201811
196,232,201811
196,424,201811
196,236,201811
196,594,201811
196,627,201811
196,378,201811
196,484,201811
196,636,201811
196,256,201811
196,253,201811
196,600,201811
196,601,201811
196,661,201811
196,506,201811
196,351,201811
196,621,201811
196,352,201811
196,532,201811
196,477,201811
196,640,201811
196,254,201811
196,226,201811
196,886,201811
196,586,201811
196,579,201811
196,622,201811
196,448,201811
196,596,201811
196,551,201811
196,478,201811
196,366,201811
196,412,201811
196,364,201811
196,402,201811
196,1035,201811
196,489,201811
196,225,201811
196,470,201811
196,231,201811
196,475,201811
196,471,201811
196,472,201811
196,363,201811
196,547,201811
196,479,201811
196,1252,201811
196,400,201811
196,377,201811
196,681,201811
196,409,201811
196,516,201811
196,595,201811
196,504,201811
196,425,201811
196,526,201811
196,447,201811
196,1134,201811
196,367,201811
196,365,201811
196,51,201811
196,4,201811
197,545,201811
197,1208,201811
197,77,201811
197,160,201811
197,32,201811
197,341,201811
197,346,201811
197,48,201811
197,29,201811
197,18,201811
197,1250,201811
197,375,201811
197,266,201811
197,97,201811
198,339,201811
198,99,201811
198,97,201811
198,32,201811
198,266,201811
198,46,201811
198,29,201811
198,137,201811
200,656,201811
200,657,201811
200,110,201811
200,185,201811
201,110,201811
201,190,201811
201,235,201811
203,87,201811
203,291,201811
203,168,201811
204,115,201811
204,137,201811
204,1,201811
205,40,201811
205,176,201811
205,1284,201811
205,29,201811
205,102,201811
205,125,201811
205,282,201811
205,1227,201811
205,64,201811
205,131,201811
205,32,201811
205,19,201811
206,117,201811
206,55,201811
206,59,201811
206,54,201811
206,375,201811
206,6,201811
206,266,201811
206,32,201811
207,45,201811
207,1044,201811
207,17,201811
208,181,201811
208,444,201811
208,142,201811
208,167,201811
208,77,201811
208,104,201811
208,313,201811
208,285,201811
208,347,201811
208,46,201811
208,1020,201811
208,64,201811
208,48,201811
208,542,201811
208,242,201811
208,135,201811
208,370,201811
208,120,201811
208,35,201811
208,297,201811
208,739,201811
208,121,201811
208,1674,201811
208,1441,201811
208,338,201811
208,1921,201811
208,334,201811
208,40,201811
208,169,201811
208,155,201811
208,1812,201811
208,65,201811
208,1861,201811
208,20,201811
208,1916,201811
208,140,201811
208,66,201811
208,282,201811
208,349,201811
208,419,201811
208,13,201811
208,19,201811
208,97,201811
208,160,201811
208,9,201811
208,81,201811
208,32,201811
208,274,201811
208,29,201811
208,354,201811
208,283,201811
208,99,201811
208,108,201811
208,139,201811
208,60,201811
208,36,201811
209,784,201811
209,1,201811
209,11,201811
209,21,201811
210,1345,201811
210,941,201811
210,998,201811
211,23,201811
211,863,201811
211,1,201811
211,20,201811
211,136,201811
212,89,201811
212,2235,201811
212,1758,201811
213,121,201811
213,189,201811
213,672,201811
213,46,201811
213,17,201811
213,40,201811
213,1,201811
213,25,201811
213,29,201811
213,59,201811
213,20,201811
213,4,201811
213,51,201811
213,136,201811
213,222,201811
213,18,201811
213,11,201811
213,137,201811
214,33,201811
214,51,201811
214,4,201811
214,136,201811
214,11,201811
214,1,201811
214,17,201811
214,20,201811
215,51,201811
215,214,201811
216,460,201811
216,78,201811
216,137,201811
216,25,201811
216,97,201811
217,59,201811
217,60,201811
219,31,201811
219,2218,201811
220,115,201811
220,137,201811
220,18,201811
220,346,201811
221,147,201811
221,153,201811
221,728,201811
221,1169,201811
221,136,201811
222,748,201811
222,747,201811
222,4,201811
222,1227,201811
222,11,201811
222,346,201811
222,22,201811
222,8,201811
222,1169,201811
222,28,201811
222,17,201811
222,213,201811
222,7,201811
222,5,201811
222,10,201811
223,84,201811
223,18,201811
223,136,201811
223,10,201811
223,11,201811
223,4,201811
224,160,201811
224,143,201811
224,6,201811
224,380,201811
224,57,201811
224,63,201811
224,137,201811
224,46,201811
224,29,201811
224,99,201811
224,375,201811
224,26,201811
224,266,201811
224,32,201811
224,64,201811
224,97,201811
225,110,201811
225,378,201811
225,352,201811
225,226,201811
225,470,201811
225,472,201811
225,196,201811
225,475,201811
225,471,201811
226,590,201811
226,573,201811
226,604,201811
226,586,201811
226,232,201811
226,196,201811
226,256,201811
226,257,201811
226,110,201811
226,465,201811
226,627,201811
226,527,201811
226,660,201811
226,679,201811
226,554,201811
226,576,201811
226,606,201811
226,574,201811
226,596,201811
226,587,201811
226,572,201811
226,589,201811
226,351,201811
226,352,201811
226,448,201811
226,607,201811
226,506,201811
227,11,201811
227,268,201811
228,11,201811
228,268,201811
228,1144,201811
228,51,201811
229,110,201811
230,634,201811
230,635,201811
230,594,201811
230,636,201811
230,638,201811
230,641,201811
230,236,201811
230,196,201811
230,110,201811
230,465,201811
230,239,201811
230,664,201811
230,639,201811
230,642,201811
230,605,201811
230,229,201811
230,232,201811
230,596,201811
230,600,201811
230,640,201811
230,474,201811
230,651,201811
230,231,201811
230,252,201811
230,253,201811
231,465,201811
231,575,201811
231,643,201811
231,196,201811
231,594,201811
231,554,201811
231,110,201811
231,600,201811
231,263,201811
231,639,201811
231,226,201811
231,576,201811
231,603,201811
231,605,201811
231,232,201811
231,319,201811
231,527,201811
232,252,201811
232,230,201811
232,273,201811
232,597,201811
232,255,201811
232,465,201811
232,591,201811
232,599,201811
232,256,201811
232,601,201811
232,231,201811
232,602,201811
232,263,201811
232,257,201811
232,239,201811
232,603,201811
232,661,201811
232,658,201811
232,659,201811
232,664,201811
232,258,201811
232,700,201811
232,644,201811
232,254,201811
232,670,201811
232,605,201811
232,259,201811
232,260,201811
232,624,201811
232,110,201811
232,645,201811
232,525,201811
232,236,201811
232,196,201811
232,366,201811
232,225,201811
232,351,201811
232,586,201811
232,425,201811
232,596,201811
232,319,201811
232,634,201811
232,594,201811
232,636,201811
232,527,201811
232,638,201811
232,640,201811
232,641,201811
232,642,201811
232,576,201811
232,185,201811
232,186,201811
232,571,201811
232,643,201811
232,575,201811
232,253,201811
232,474,201811
232,598,201811
232,600,201811
232,639,201811
233,18,201811
233,106,201811
233,274,201811
233,1169,201811
233,29,201811
234,393,201811
234,115,201811
234,0,201811
234,29,201811
234,131,201811
234,24,201811
234,51,201811
234,317,201811
234,346,201811
234,209,201811
234,79,201811
234,1227,201811
234,10,201811
234,18,201811
235,110,201811
235,201,201811
235,290,201811
235,1056,201811
235,867,201811
235,808,201811
235,1382,201811
236,110,201811
236,525,201811
236,230,201811
236,319,201811
236,232,201811
236,424,201811
236,186,201811
236,196,201811
236,627,201811
236,601,201811
236,603,201811
236,425,201811
236,226,201811
236,605,201811
236,886,201811
236,624,201811
237,772,201811
237,6,201811
237,97,201811
237,108,201811
237,14,201811
237,48,201811
237,60,201811
237,1250,201811
237,29,201811
237,375,201811
237,266,201811
237,46,201811
238,11,201811
239,253,201811
239,260,201811
239,659,201811
239,232,201811
241,322,201811
241,433,201811
242,208,201811
242,545,201811
242,32,201811
242,18,201811
242,29,201811
243,89,201811
243,90,201811
243,97,201811
243,51,201811
243,5,201811
243,112,201811
243,28,201811
243,4,201811
243,8,201811
243,17,201811
243,1,201811
243,136,201811
243,20,201811
243,7,201811
244,346,201811
244,137,201811
245,666,201811
247,10,201811
247,4,201811
247,133,201811
247,165,201811
247,188,201811
247,457,201811
247,265,201811
247,183,201811
247,136,201811
247,69,201811
247,501,201811
247,23,201811
247,51,201811
247,19,201811
247,138,201811
247,107,201811
247,143,201811
247,747,201811
247,1773,201811
247,979,201811
247,336,201811
247,66,201811
247,444,201811
247,189,201811
247,739,201811
247,1,201811
247,1335,201811
247,976,201811
247,502,201811
247,748,201811
247,33,201811
247,301,201811
247,112,201811
248,11,201811
250,393,201811
250,502,201811
250,266,201811
250,85,201811
250,118,201811
250,336,201811
250,99,201811
250,46,201811
250,137,201811
250,97,201811
251,298,201811
251,29,201811
251,154,201811
252,253,201811
252,232,201811
252,230,201811
253,252,201811
253,232,201811
253,254,201811
253,239,201811
254,253,201811
254,232,201811
255,232,201811
255,257,201811
256,232,201811
256,601,201811
256,263,201811
256,597,201811
256,260,201811
257,232,201811
257,255,201811
258,232,201811
259,232,201811
260,232,201811
260,601,201811
260,263,201811
260,659,201811
260,597,201811
260,273,201811
260,670,201811
260,239,201811
260,256,201811
261,5,201811
261,17,201811
261,28,201811
261,10,201811
261,20,201811
261,136,201811
261,1,201811
262,6,201811
262,0,201811
262,391,201811
262,35,201811
262,41,201811
262,282,201811
262,45,201811
262,131,201811
262,15,201811
262,18,201811
263,232,201811
263,601,201811
263,260,201811
263,256,201811
263,597,201811
264,61,201811
265,43,201811
265,122,201811
265,426,201811
265,762,201811
265,738,201811
265,160,201811
265,123,201811
265,9,201811
265,12,201811
265,29,201811
265,233,201811
265,10,201811
265,26,201811
265,51,201811
265,143,201811
265,304,201811
265,18,201811
265,275,201811
265,104,201811
265,151,201811
265,346,201811
265,1169,201811
265,136,201811
265,266,201811
265,1227,201811
265,137,201811
266,35,201811
266,45,201811
266,703,201811
266,242,201811
266,0,201811
266,98,201811
266,250,201811
266,160,201811
266,100,201811
266,97,201811
266,14,201811
266,102,201811
266,151,201811
266,29,201811
266,152,201811
266,157,201811
266,122,201811
266,159,201811
266,341,201811
266,54,201811
266,889,201811
266,195,201811
266,117,201811
266,265,201811
266,175,201811
266,9,201811
266,888,201811
266,61,201811
266,72,201811
266,2,201811
266,163,201811
266,161,201811
266,83,201811
266,16,201811
266,24,201811
266,12,201811
266,434,201811
266,120,201811
266,269,201811
266,38,201811
266,85,201811
266,27,201811
266,198,201811
266,124,201811
266,141,201811
266,43,201811
266,722,201811
266,143,201811
266,815,201811
266,138,201811
266,129,201811
266,294,201811
266,15,201811
266,76,201811
266,710,201811
266,40,201811
266,62,201811
266,132,201811
266,281,201811
266,544,201811
266,140,201811
266,224,201811
266,104,201811
266,126,201811
266,206,201811
266,1020,201811
266,114,201811
266,66,201811
266,57,201811
266,95,201811
266,1430,201811
266,65,201811
266,77,201811
266,176,201811
266,197,201811
266,181,201811
266,237,201811
266,146,201811
266,101,201811
266,79,201811
267,154,201811
267,346,201811
267,1250,201811
267,137,201811
267,29,201811
268,11,201811
268,4,201811
269,62,201811
269,160,201811
269,131,201811
269,151,201811
269,136,201811
269,18,201811
269,60,201811
269,375,201811
269,266,201811
269,29,201811
269,137,201811
269,97,201811
270,181,201811
270,29,201811
270,32,201811
271,234,201811
271,104,201811
271,326,201811
271,21,201811
271,151,201811
271,29,201811
272,87,201811
273,232,201811
273,602,201811
274,393,201811
274,13,201811
274,208,201811
274,135,201811
274,136,201811
274,6,201811
274,17,201811
274,2,201811
274,155,201811
274,139,201811
274,180,201811
274,102,201811
274,444,201811
274,64,201811
274,38,201811
274,69,201811
274,134,201811
274,146,201811
274,11,201811
274,92,201811
274,101,201811
274,36,201811
274,85,201811
274,119,201811
274,142,201811
274,19,201811
274,52,201811
274,129,201811
274,121,201811
274,51,201811
274,892,201811
274,60,201811
274,9,201811
274,1,201811
274,81,201811
274,0,201811
274,22,201811
274,163,201811
274,23,201811
274,183,201811
274,120,201811
274,233,201811
274,10,201811
274,143,201811
274,16,201811
274,181,201811
274,160,201811
274,54,201811
274,156,201811
274,20,201811
274,107,201811
274,100,201811
274,1366,201811
274,18,201811
274,28,201811
274,47,201811
274,45,201811
274,93,201811
274,113,201811
274,112,201811
274,133,201811
274,4,201811
274,32,201811
274,46,201811
274,40,201811
274,83,201811
274,21,201811
274,12,201811
274,77,201811
274,5,201811
274,80,201811
274,108,201811
274,124,201811
274,48,201811
274,72,201811
274,116,201811
274,149,201811
274,165,201811
274,115,201811
274,96,201811
274,97,201811
274,31,201811
274,99,201811
274,14,201811
274,26,201811
274,27,201811
274,154,201811
275,1313,201811
275,265,201811
275,154,201811
276,54,201811
276,18,201811
276,32,201811
276,29,201811
277,19,201811
278,83,201811
278,180,201811
278,19,201811
278,99,201811
278,64,201811
278,29,201811
278,26,201811
278,97,201811
278,46,201811
279,280,201811
280,11,201811
281,6,201811
281,77,201811
281,17,201811
281,160,201811
281,374,201811
281,4,201811
281,29,201811
281,138,201811
281,143,201811
281,146,201811
281,14,201811
281,142,201811
281,170,201811
281,355,201811
281,78,201811
281,48,201811
281,1250,201811
281,375,201811
281,266,201811
282,48,201811
282,64,201811
282,302,201811
282,39,201811
282,57,201811
282,339,201811
282,27,201811
282,329,201811
282,143,201811
282,380,201811
282,32,201811
282,135,201811
282,160,201811
282,142,201811
282,463,201811
282,1099,201811
282,66,201811
282,208,201811
282,83,201811
282,205,201811
282,139,201811
282,19,201811
282,131,201811
282,52,201811
282,304,201811
283,77,201811
283,208,201811
283,463,201811
283,13,201811
284,129,201811
285,81,201811
285,19,201811
285,262,201811
285,208,201811
285,36,201811
285,135,201811
285,320,201811
285,18,201811
285,48,201811
285,45,201811
285,32,201811
285,31,201811
285,100,201811
285,83,201811
285,46,201811
285,139,201811
285,29,201811
285,108,201811
285,97,201811
285,60,201811
287,36,201811
287,39,201811
287,178,201811
287,445,201811
287,46,201811
287,97,201811
289,114,201811
289,134,201811
289,155,201811
289,54,201811
289,6,201811
290,110,201811
290,235,201811
290,808,201811
291,87,201811
291,203,201811
291,168,201811
292,346,201811
292,29,201811
293,297,201811
294,176,201811
294,6,201811
294,730,201811
294,266,201811
294,1250,201811
295,51,201811
296,154,201811
296,29,201811
297,349,201811
297,102,201811
297,313,201811
297,19,201811
297,208,201811
297,13,201811
297,444,201811
297,1130,201811
297,739,201811
297,26,201811
297,59,201811
297,1674,201811
298,432,201811
298,251,201811
298,18,201811
298,29,201811
299,96,201811
299,130,201811
299,777,201811
300,4,201811
301,50,201811
301,125,201811
301,51,201811
301,69,201811
301,1313,201811
301,247,201811
301,4,201811
302,114,201811
303,135,201811
303,29,201811
303,25,201811
303,17,201811
303,137,201811
303,11,201811
303,136,201811
304,142,201811
304,282,201811
304,32,201811
304,14,201811
305,110,201811
305,633,201811
305,109,201811
305,4,201811
306,110,201811
306,109,201811
306,427,201811
306,127,201811
306,4,201811
306,613,201811
306,128,201811
307,136,201811
308,61,201811
309,137,201811
309,97,201811
310,142,201811
310,165,201811
311,69,201811
311,50,201811
311,4,201811
313,297,201811
313,208,201811
313,349,201811
313,13,201811
314,193,201811
314,19,201811
314,132,201811
314,48,201811
314,752,201811
314,544,201811
314,101,201811
314,519,201811
314,31,201811
314,136,201811
314,29,201811
314,137,201811
316,46,201811
316,463,201811
316,341,201811
316,178,201811
316,320,201811
316,108,201811
316,139,201811
316,48,201811
316,60,201811
317,69,201811
317,247,201811
317,234,201811
317,73,201811
317,5,201811
317,22,201811
317,346,201811
317,11,201811
318,860,201811
318,137,201811
318,31,201811
319,586,201811
319,465,201811
319,527,201811
319,575,201811
319,639,201811
319,232,201811
319,576,201811
319,231,201811
320,39,201811
320,35,201811
320,722,201811
320,45,201811
320,32,201811
320,178,201811
320,341,201811
320,512,201811
320,160,201811
320,18,201811
320,60,201811
320,81,201811
320,40,201811
320,136,201811
320,434,201811
320,19,201811
320,16,201811
320,102,201811
320,316,201811
320,285,201811
320,29,201811
320,119,201811
320,52,201811
320,99,201811
320,14,201811
320,13,201811
320,6,201811
320,48,201811
320,26,201811
320,46,201811
320,97,201811
322,14,201811
322,146,201811
322,1444,201811
323,89,201811
323,778,201811
323,931,201811
323,7,201811
326,271,201811
326,137,201811
327,170,201811
327,282,201811
327,97,201811
327,142,201811
327,6,201811
327,25,201811
327,176,201811
327,160,201811
327,35,201811
327,1,201811
327,294,201811
327,2,201811
327,175,201811
327,151,201811
327,393,201811
327,137,201811
327,29,201811
330,147,201811
330,136,201811
332,32,201811
333,731,201811
333,132,201811
333,137,201811
334,444,201811
334,19,201811
334,59,201811
334,48,201811
334,60,201811
335,25,201811
335,137,201811
336,25,201811
336,121,201811
336,401,201811
336,975,201811
336,69,201811
336,137,201811
336,167,201811
336,80,201811
336,0,201811
336,250,201811
336,543,201811
338,208,201811
338,64,201811
338,19,201811
338,32,201811
339,552,201811
339,133,201811
339,137,201811
339,93,201811
339,160,201811
339,2,201811
339,81,201811
339,57,201811
339,354,201811
339,165,201811
339,24,201811
339,143,201811
339,282,201811
339,453,201811
339,175,201811
339,124,201811
339,161,201811
339,1236,201811
339,530,201811
339,393,201811
339,10,201811
339,25,201811
340,137,201811
340,25,201811
341,160,201811
341,316,201811
341,92,201811
341,19,201811
341,78,201811
341,140,201811
341,46,201811
341,82,201811
341,146,201811
341,57,201811
341,31,201811
341,197,201811
341,74,201811
341,170,201811
341,149,201811
341,151,201811
341,181,201811
341,154,201811
341,47,201811
341,48,201811
341,85,201811
341,27,201811
341,106,201811
341,9,201811
341,159,201811
341,94,201811
341,54,201811
341,83,201811
341,175,201811
341,75,201811
341,36,201811
341,143,201811
341,320,201811
341,398,201811
341,135,201811
341,40,201811
341,14,201811
341,60,201811
341,139,201811
341,76,201811
341,100,201811
341,137,201811
341,2,201811
341,32,201811
341,18,201811
341,266,201811
341,375,201811
341,25,201811
341,97,201811
342,287,201811
342,46,201811
342,64,201811
342,97,201811
344,495,201811
344,1169,201811
344,137,201811
345,17,201811
345,136,201811
346,1227,201811
346,223,201811
346,115,201811
346,34,201811
346,22,201811
346,244,201811
346,112,201811
346,443,201811
346,21,201811
346,184,201811
346,9,201811
346,1190,201811
346,0,201811
346,149,201811
346,12,201811
346,72,201811
346,123,201811
346,124,201811
346,177,201811
346,92,201811
346,15,201811
346,165,201811
346,50,201811
346,407,201811
346,483,201811
346,292,201811
346,104,201811
346,116,201811
346,96,201811
346,969,201811
346,220,201811
346,135,201811
346,61,201811
346,728,201811
346,413,201811
346,160,201811
346,426,201811
346,265,201811
346,4,201811
346,77,201811
346,27,201811
346,147,201811
346,25,201811
346,267,201811
346,154,201811
346,32,201811
346,69,201811
346,422,201811
346,93,201811
346,85,201811
346,33,201811
346,30,201811
346,44,201811
346,222,201811
346,410,201811
346,136,201811
346,16,201811
346,81,201811
346,197,201811
346,74,201811
346,317,201811
346,54,201811
346,145,201811
346,408,201811
346,159,201811
346,423,201811
346,51,201811
346,132,201811
346,47,201811
346,131,201811
346,122,201811
346,137,201811
346,138,201811
346,2,201811
346,18,201811
347,48,201811
347,444,201811
348,23,201811
349,102,201811
349,313,201811
349,208,201811
349,444,201811
349,297,201811
349,1674,201811
349,13,201811
351,572,201811
351,587,201811
351,589,201811
351,660,201811
351,679,201811
351,554,201811
351,607,201811
351,606,201811
351,574,201811
351,110,201811
351,352,201811
351,425,201811
351,236,201811
351,196,201811
351,627,201811
351,257,201811
351,230,201811
351,424,201811
351,226,201811
351,760,201811
351,590,201811
351,695,201811
351,586,201811
351,573,201811
351,604,201811
352,625,201811
352,565,201811
352,564,201811
352,484,201811
352,623,201811
352,678,201811
352,621,201811
352,532,201811
352,626,201811
352,579,201811
352,622,201811
352,1393,201811
352,110,201811
352,425,201811
352,882,201811
352,448,201811
352,232,201811
352,424,201811
352,196,201811
352,225,201811
352,627,201811
352,231,201811
352,658,201811
352,477,201811
352,351,201811
352,679,201811
352,590,201811
352,506,201811
352,694,201811
352,693,201811
352,476,201811
354,135,201811
354,6,201811
354,302,201811
354,434,201811
354,1227,201811
354,1013,201811
354,672,201811
354,81,201811
354,78,201811
354,60,201811
354,92,201811
354,19,201811
354,208,201811
355,137,201811
355,31,201811
355,85,201811
355,40,201811
355,27,201811
355,14,201811
355,281,201811
355,143,201811
355,9,201811
355,104,201811
355,6,201811
355,99,201811
355,146,201811
355,710,201811
355,25,201811
355,46,201811
355,97,201811
357,172,201811
357,1075,201811
357,1129,201811
358,68,201811
358,136,201811
359,11,201811
359,136,201811
360,13,201811
361,1,201811
361,136,201811
362,393,201811
362,29,201811
362,19,201811
362,32,201811
363,196,201811
363,366,201811
364,196,201811
364,551,201811
364,366,201811
365,196,201811
366,196,201811
366,402,201811
366,551,201811
366,364,201811
366,363,201811
367,196,201811
369,14,201811
369,40,201811
370,60,201811
371,137,201811
371,53,201811
371,136,201811
372,147,201811
372,136,201811
373,40,201811
373,14,201811
374,46,201811
375,48,201811
375,112,201811
375,19,201811
375,146,201811
375,61,201811
375,1227,201811
375,12,201811
375,27,201811
375,43,201811
375,206,201811
375,102,201811
375,163,201811
375,54,201811
375,815,201811
375,31,201811
375,341,201811
375,16,201811
375,269,201811
375,120,201811
375,132,201811
375,140,201811
375,224,201811
375,143,201811
375,138,201811
375,160,201811
375,114,201811
375,83,201811
375,710,201811
375,24,201811
375,66,201811
375,38,201811
375,175,201811
375,40,201811
375,281,201811
375,159,201811
375,434,201811
375,76,201811
375,15,201811
375,104,201811
375,57,201811
375,65,201811
375,62,201811
375,195,201811
375,176,201811
375,79,201811
375,95,201811
375,126,201811
375,181,201811
375,1430,201811
375,197,201811
375,101,201811
375,77,201811
375,237,201811
376,136,201811
377,412,201811
377,547,201811
377,489,201811
377,378,201811
377,196,201811
378,472,201811
378,471,201811
378,412,201811
378,475,201811
378,225,201811
378,196,201811
379,29,201811
380,942,201811
380,542,201811
383,667,201811
384,393,201811
384,1227,201811
385,2,201811
385,46,201811
385,137,201811
386,1227,201811
387,176,201811
387,19,201811
388,137,201811
390,99,201811
390,137,201811
391,188,201811
393,271,201811
393,233,201811
393,234,201811
393,428,201811
393,77,201811
393,0,201811
393,23,201811
393,83,201811
393,143,201811
393,490,201811
393,327,201811
393,93,201811
393,35,201811
393,142,201811
393,165,201811
393,6,201811
393,542,201811
393,176,201811
393,120,201811
393,1227,201811
393,294,201811
393,18,201811
393,25,201811
393,97,201811
393,137,201811
394,522,201811
394,119,201811
394,11,201811
394,29,201811
395,1227,201811
395,10,201811
395,107,201811
395,112,201811
398,341,201811
398,14,201811
400,365,201811
400,196,201811
401,336,201811
401,161,201811
401,2,201811
401,1436,201811
401,19,201811
401,761,201811
402,366,201811
402,196,201811
407,61,201811
407,346,201811
407,18,201811
408,69,201811
408,495,201811
408,346,201811
408,1250,201811
408,1227,201811
409,196,201811
410,346,201811
410,18,201811
412,678,201811
412,377,201811
412,196,201811
412,489,201811
412,378,201811
413,346,201811
413,18,201811
415,407,201811
415,61,201811
415,104,201811
415,416,201811
415,136,201811
416,53,201811
416,136,201811
416,415,201811
419,48,201811
419,35,201811
419,102,201811
419,772,201811
419,444,201811
419,1471,201811
419,19,201811
419,208,201811
420,27,201811
420,29,201811
422,440,201811
422,54,201811
422,346,201811
422,29,201811
423,426,201811
423,18,201811
423,346,201811
424,110,201811
424,425,201811
424,448,201811
424,230,201811
424,565,201811
424,478,201811
424,196,201811
424,599,201811
424,470,201811
424,623,201811
424,678,201811
424,351,201811
424,352,201811
424,606,201811
424,579,201811
424,232,201811
424,186,201811
424,231,201811
424,226,201811
424,476,201811
424,532,201811
424,469,201811
424,506,201811
424,477,201811
425,1365,201811
425,1393,201811
425,476,201811
425,110,201811
425,424,201811
425,478,201811
425,693,201811
425,448,201811
425,230,201811
425,236,201811
425,587,201811
425,627,201811
425,599,201811
425,678,201811
425,579,201811
425,469,201811
425,196,201811
425,484,201811
425,470,201811
425,352,201811
425,477,201811
425,185,201811
425,506,201811
426,423,201811
426,18,201811
426,265,201811
426,346,201811
427,110,201811
427,109,201811
427,306,201811
427,127,201811
427,128,201811
427,4,201811
427,613,201811
428,154,201811
428,46,201811
428,85,201811
429,181,201811
429,545,201811
429,32,201811
430,54,201811
430,18,201811
432,18,201811
432,298,201811
432,154,201811
434,320,201811
434,266,201811
434,375,201811
434,1250,201811
434,48,201811
435,160,201811
435,76,201811
435,97,201811
435,428,201811
436,265,201811
436,160,201811
436,18,201811
440,54,201811
440,32,201811
443,145,201811
443,1169,201811
443,346,201811
443,29,201811
444,52,201811
444,6,201811
444,26,201811
444,766,201811
444,17,201811
444,208,201811
444,46,201811
444,64,201811
444,113,201811
444,247,201811
444,35,201811
444,1932,201811
444,1367,201811
444,2035,201811
444,48,201811
444,419,201811
444,941,201811
444,354,201811
444,112,201811
444,77,201811
444,10,201811
444,1402,201811
444,1627,201811
444,97,201811
444,206,201811
444,1812,201811
444,347,201811
444,739,201811
444,13,201811
444,14,201811
444,485,201811
444,135,201811
444,931,201811
444,192,201811
444,274,201811
444,143,201811
444,31,201811
444,1385,201811
444,133,201811
444,160,201811
444,85,201811
444,349,201811
444,81,201811
444,129,201811
444,36,201811
444,40,201811
444,297,201811
445,287,201811
445,178,201811
445,52,201811
445,146,201811
445,0,201811
445,160,201811
445,46,201811
446,89,201811
447,196,201811
448,364,201811
448,196,201811
448,477,201811
449,14,201811
449,40,201811
452,14,201811
452,97,201811
453,77,201811
453,160,201811
453,27,201811
453,31,201811
453,98,201811
453,102,201811
453,744,201811
453,41,201811
453,1453,201811
453,10,201811
453,444,201811
453,158,201811
453,57,201811
453,165,201811
455,100,201811
455,0,201811
455,156,201811
455,143,201811
455,97,201811
457,51,201811
457,35,201811
458,46,201811
460,15,201811
460,216,201811
460,36,201811
460,165,201811
463,83,201811
463,81,201811
463,6,201811
463,282,201811
463,1119,201811
463,517,201811
463,178,201811
463,134,201811
463,1923,201811
463,316,201811
463,13,201811
463,108,201811
465,319,201811
465,527,201811
465,576,201811
465,110,201811
465,644,201811
465,575,201811
465,643,201811
465,639,201811
465,605,201811
465,231,201811
465,232,201811
469,506,201811
469,532,201811
469,476,201811
469,424,201811
470,472,201811
470,225,201811
470,471,201811
470,196,201811
471,472,201811
471,470,201811
471,378,201811
471,196,201811
471,225,201811
472,470,201811
472,196,201811
472,225,201811
472,378,201811
473,630,201811
473,1016,201811
473,559,201811
473,556,201811
473,186,201811
474,110,201811
474,630,201811
474,665,201811
474,650,201811
474,651,201811
474,186,201811
474,1019,201811
474,997,201811
474,600,201811
474,230,201811
474,922,201811
474,232,201811
474,185,201811
474,639,201811
475,196,201811
475,471,201811
475,378,201811
475,225,201811
476,425,201811
476,469,201811
476,678,201811
476,532,201811
476,506,201811
476,424,201811
477,506,201811
477,424,201811
478,425,201811
478,196,201811
478,110,201811
478,424,201811
478,506,201811
478,469,201811
479,196,201811
480,490,201811
480,29,201811
480,136,201811
482,146,201811
482,143,201811
483,85,201811
483,346,201811
483,137,201811
484,626,201811
484,621,201811
484,694,201811
484,579,201811
484,678,201811
484,352,201811
485,18,201811
485,143,201811
485,35,201811
485,444,201811
486,81,201811
486,444,201811
489,412,201811
489,377,201811
489,196,201811
490,154,201811
490,77,201811
490,480,201811
490,136,201811
490,29,201811
492,136,201811
493,28,201811
493,17,201811
495,64,201811
495,85,201811
495,86,201811
495,97,201811
495,1169,201811
495,137,201811
495,1003,201811
495,25,201811
500,158,201811
500,782,201811
501,143,201811
501,146,201811
501,11,201811
501,39,201811
501,23,201811
501,138,201811
501,107,201811
502,728,201811
502,12,201811
502,250,201811
502,247,201811
502,136,201811
503,97,201811
503,154,201811
504,547,201811
504,378,201811
504,196,201811
506,469,201811
506,424,201811
506,425,201811
510,544,201811
510,97,201811
512,31,201811
512,160,201811
512,320,201811
513,339,201811
515,208,201811
515,444,201811
515,1371,201811
516,196,201811
517,354,201811
521,137,201811
522,242,201811
522,394,201811
522,29,201811
523,14,201811
523,40,201811
525,110,201811
525,319,201811
525,236,201811
525,196,201811
525,627,201811
525,886,201811
525,109,201811
525,4,201811
525,961,201811
525,1427,201811
525,1239,201811
525,1089,201811
525,1030,201811
525,847,201811
525,962,201811
525,1087,201811
526,196,201811
526,110,201811
527,644,201811
527,231,201811
527,351,201811
527,576,201811
527,643,201811
527,226,201811
527,575,201811
527,232,201811
527,604,201811
527,586,201811
527,605,201811
527,639,201811
527,465,201811
529,131,201811
530,165,201811
530,124,201811
530,339,201811
530,161,201811
530,133,201811
530,97,201811
530,98,201811
532,424,201811
532,622,201811
532,477,201811
532,678,201811
532,623,201811
532,506,201811
532,352,201811
534,34,201811
534,19,201811
534,77,201811
534,59,201811
534,9,201811
534,85,201811
537,148,201811
537,136,201811
540,871,201811
540,14,201811
540,29,201811
540,137,201811
542,208,201811
542,415,201811
542,25,201811
542,327,201811
542,731,201811
542,752,201811
543,39,201811
543,336,201811
543,31,201811
544,97,201811
544,99,201811
544,136,201811
544,77,201811
544,29,201811
544,314,201811
544,543,201811
544,98,201811
544,18,201811
544,26,201811
544,6,201811
544,25,201811
544,10,201811
544,17,201811
544,20,201811
544,266,201811
544,137,201811
544,46,201811
545,197,201811
545,429,201811
545,32,201811
546,181,201811
546,32,201811
546,18,201811
547,504,201811
547,377,201811
547,196,201811
548,10,201811
548,863,201811
548,164,201811
548,11,201811
549,14,201811
549,40,201811
551,196,201811
551,364,201811
551,366,201811
552,34,201811
552,115,201811
552,149,201811
552,72,201811
552,143,201811
552,85,201811
552,133,201811
552,136,201811
552,165,201811
552,48,201811
552,25,201811
552,77,201811
552,59,201811
552,17,201811
552,339,201811
552,27,201811
552,60,201811
552,160,201811
552,18,201811
552,0,201811
552,5,201811
552,29,201811
552,51,201811
552,2,201811
552,4,201811
552,188,201811
552,112,201811
552,11,201811
552,21,201811
552,108,201811
552,36,201811
552,38,201811
554,695,201811
554,587,201811
554,351,201811
555,186,201811
556,559,201811
556,1016,201811
556,473,201811
556,186,201811
558,186,201811
559,556,201811
559,473,201811
559,186,201811
560,110,201811
560,186,201811
561,186,201811
563,567,201811
563,734,201811
563,562,201811
563,611,201811
563,569,201811
563,617,201811
563,618,201811
563,568,201811
563,570,201811
563,688,201811
563,674,201811
563,610,201811
563,614,201811
563,612,201811
563,566,201811
563,616,201811
564,565,201811
564,694,201811
564,352,201811
565,694,201811
565,564,201811
565,352,201811
565,678,201811
565,622,201811
565,626,201811
565,579,201811
565,621,201811
566,563,201811
567,563,201811
568,563,201811
569,563,201811
570,563,201811
571,232,201811
572,573,201811
572,574,201811
572,226,201811
572,351,201811
572,589,201811
572,679,201811
572,586,201811
572,590,201811
573,226,201811
573,110,201811
573,572,201811
573,574,201811
573,351,201811
573,590,201811
573,589,201811
573,352,201811
574,573,201811
574,572,201811
574,590,201811
574,589,201811
574,226,201811
574,587,201811
574,351,201811
574,586,201811
575,319,201811
575,576,201811
575,643,201811
575,232,201811
575,644,201811
575,465,201811
575,527,201811
575,639,201811
575,603,201811
575,605,201811
575,231,201811
576,232,201811
576,319,201811
576,639,201811
576,605,201811
576,231,201811
576,465,201811
578,196,201811
579,352,201811
579,678,201811
579,625,201811
579,484,201811
579,626,201811
579,623,201811
579,605,201811
579,622,201811
579,694,201811
579,565,201811
579,621,201811
582,850,201811
584,850,201811
586,226,201811
586,110,201811
586,351,201811
586,572,201811
586,590,201811
586,574,201811
586,527,201811
586,589,201811
586,679,201811
586,573,201811
587,351,201811
587,110,201811
587,589,201811
587,574,201811
587,554,201811
588,34,201811
588,137,201811
589,351,201811
589,590,201811
589,574,201811
589,572,201811
589,573,201811
589,226,201811
589,587,201811
589,352,201811
590,572,201811
590,589,201811
590,110,201811
590,573,201811
590,351,201811
590,574,201811
590,226,201811
591,232,201811
591,700,201811
592,109,201811
592,127,201811
593,127,201811
593,109,201811
594,110,201811
594,236,201811
594,636,201811
594,196,201811
594,596,201811
594,232,201811
594,640,201811
594,230,201811
595,196,201811
596,226,201811
596,636,201811
596,594,201811
596,230,201811
597,232,201811
597,263,201811
597,601,201811
597,658,201811
597,664,201811
597,670,201811
597,256,201811
598,232,201811
599,232,201811
599,644,201811
599,231,201811
599,605,201811
599,670,201811
600,110,201811
600,196,201811
600,594,201811
600,639,201811
600,474,201811
600,230,201811
600,253,201811
600,232,201811
601,232,201811
601,263,201811
601,664,201811
601,597,201811
602,273,201811
602,659,201811
602,670,201811
602,232,201811
603,232,201811
603,231,201811
603,575,201811
603,639,201811
603,605,201811
604,352,201811
604,226,201811
604,110,201811
604,527,201811
604,660,201811
604,351,201811
605,232,201811
605,527,201811
605,599,201811
605,575,201811
605,643,201811
605,576,201811
605,319,201811
605,603,201811
605,231,201811
605,465,201811
605,644,201811
606,679,201811
606,607,201811
606,660,201811
606,351,201811
607,660,201811
607,110,201811
607,679,201811
607,226,201811
607,351,201811
610,563,201811
611,563,201811
612,563,201811
613,110,201811
613,427,201811
613,109,201811
613,306,201811
613,127,201811
614,567,201811
614,563,201811
616,427,201811
616,563,201811
617,563,201811
618,563,201811
621,352,201811
621,694,201811
621,626,201811
621,484,201811
621,625,201811
621,678,201811
621,579,201811
621,622,201811
621,565,201811
622,352,201811
622,532,201811
622,623,201811
622,694,201811
622,625,201811
622,565,201811
622,626,201811
622,579,201811
622,621,201811
623,352,201811
623,694,201811
623,532,201811
623,579,201811
623,626,201811
623,622,201811
624,658,201811
624,664,201811
624,670,201811
624,232,201811
625,579,201811
625,678,201811
625,694,201811
625,626,201811
625,621,201811
625,352,201811
625,622,201811
626,694,201811
626,625,201811
626,579,201811
626,678,201811
626,484,201811
626,623,201811
626,622,201811
626,621,201811
626,565,201811
626,352,201811
627,110,201811
627,695,201811
627,525,201811
627,424,201811
627,236,201811
627,196,201811
627,351,201811
627,352,201811
627,425,201811
627,604,201811
627,886,201811
627,646,201811
627,648,201811
627,649,201811
628,629,201811
628,109,201811
629,628,201811
629,109,201811
630,997,201811
630,650,201811
630,665,201811
630,651,201811
630,474,201811
630,110,201811
633,110,201811
633,109,201811
633,4,201811
633,127,201811
633,305,201811
634,232,201811
634,635,201811
634,600,201811
634,230,201811
635,230,201811
635,110,201811
635,634,201811
636,110,201811
636,640,201811
636,594,201811
636,196,201811
636,230,201811
638,230,201811
638,232,201811
639,230,201811
639,600,201811
639,527,201811
639,603,201811
639,576,201811
639,474,201811
639,575,201811
639,643,201811
639,465,201811
639,319,201811
639,231,201811
639,232,201811
640,110,201811
640,594,201811
640,196,201811
640,230,201811
640,636,201811
641,230,201811
641,232,201811
642,230,201811
642,638,201811
643,232,201811
643,231,201811
643,575,201811
643,527,201811
643,603,201811
643,605,201811
643,639,201811
644,232,201811
644,465,201811
644,319,201811
644,605,201811
644,527,201811
644,658,201811
644,599,201811
645,29,201811
645,110,201811
646,649,201811
646,648,201811
646,627,201811
648,649,201811
648,646,201811
648,627,201811
649,646,201811
649,648,201811
649,627,201811
650,474,201811
651,474,201811
651,230,201811
654,40,201811
654,146,201811
656,185,201811
657,697,201811
657,200,201811
657,185,201811
658,232,201811
658,597,201811
658,624,201811
658,670,201811
658,664,201811
659,273,201811
659,232,201811
659,239,201811
659,602,201811
660,606,201811
660,679,201811
660,607,201811
660,604,201811
660,590,201811
660,351,201811
661,232,201811
661,664,201811
662,110,201811
662,35,201811
662,207,201811
664,232,201811
664,661,201811
664,670,201811
664,624,201811
664,597,201811
664,601,201811
664,658,201811
665,110,201811
665,630,201811
665,474,201811
666,143,201811
666,279,201811
667,857,201811
667,383,201811
670,658,201811
670,602,201811
670,597,201811
670,661,201811
670,260,201811
670,624,201811
670,232,201811
671,137,201811
672,135,201811
672,444,201811
672,213,201811
674,734,201811
674,563,201811
676,677,201811
676,109,201811
677,676,201811
677,109,201811
678,484,201811
678,352,201811
678,196,201811
678,625,201811
678,579,201811
678,621,201811
678,626,201811
678,565,201811
679,351,201811
679,607,201811
679,660,201811
679,572,201811
679,226,201811
681,196,201811
683,850,201811
684,110,201811
689,563,201811
693,425,201811
693,352,201811
694,110,201811
694,352,201811
694,425,201811
694,626,201811
694,564,201811
694,625,201811
694,622,201811
694,565,201811
694,621,201811
694,579,201811
694,484,201811
694,623,201811
695,110,201811
697,185,201811
698,993,201811
698,185,201811
700,591,201811
700,232,201811
703,95,201811
703,46,201811
703,266,201811
706,136,201811
710,10,201811
710,1227,201811
710,375,201811
710,266,201811
710,1250,201811
710,355,201811
716,850,201811
720,19,201811
720,914,201811
722,40,201811
722,320,201811
722,9,201811
722,85,201811
722,137,201811
722,72,201811
722,64,201811
722,29,201811
722,266,201811
723,109,201811
724,109,201811
725,850,201811
728,502,201811
728,12,201811
728,122,201811
728,346,201811
728,1169,201811
728,1227,201811
728,10,201811
728,137,201811
729,109,201811
729,127,201811
730,154,201811
730,102,201811
730,126,201811
730,294,201811
730,64,201811
730,29,201811
731,25,201811
731,60,201811
731,542,201811
731,333,201811
731,722,201811
731,137,201811
732,1175,201811
734,563,201811
734,674,201811
736,761,201811
736,21,201811
736,5,201811
738,265,201811
738,123,201811
738,136,201811
738,18,201811
739,208,201811
739,26,201811
739,81,201811
739,6,201811
739,117,201811
739,126,201811
739,347,201811
739,180,201811
739,14,201811
739,247,201811
739,444,201811
739,995,201811
739,482,201811
739,18,201811
739,17,201811
739,46,201811
739,77,201811
739,31,201811
739,142,201811
739,136,201811
739,97,201811
739,966,201811
739,41,201811
739,120,201811
739,57,201811
740,85,201811
741,795,201811
741,295,201811
741,20,201811
744,453,201811
744,46,201811
746,444,201811
747,222,201811
747,748,201811
747,247,201811
748,222,201811
748,747,201811
748,247,201811
749,348,201811
752,27,201811
752,314,201811
752,542,201811
752,132,201811
752,115,201811
752,137,201811
752,29,201811
753,84,201811
753,30,201811
754,84,201811
754,753,201811
754,30,201811
755,21,201811
756,25,201811
757,137,201811
760,351,201811
761,21,201811
761,755,201811
761,104,201811
761,17,201811
761,20,201811
762,265,201811
762,136,201811
764,5,201811
764,17,201811
766,13,201811
768,48,201811
769,48,201811
769,139,201811
769,100,201811
769,36,201811
769,29,201811
769,2270,201811
769,60,201811
769,97,201811
769,99,201811
769,108,201811
769,6,201811
769,46,201811
769,35,201811
770,89,201811
770,778,201811
770,1408,201811
770,7,201811
772,780,201811
772,48,201811
772,181,201811
772,135,201811
772,237,201811
772,6,201811
776,30,201811
777,96,201811
777,299,201811
778,89,201811
778,770,201811
778,8,201811
780,13,201811
780,772,201811
781,10,201811
781,1227,201811
781,17,201811
781,136,201811
781,1,201811
781,11,201811
782,31,201811
782,77,201811
782,46,201811
782,500,201811
782,135,201811
782,1130,201811
782,1088,201811
783,30,201811
784,1,201811
786,917,201811
786,1225,201811
786,898,201811
787,183,201811
789,110,201811
795,33,201811
795,184,201811
795,51,201811
797,1170,201811
797,1284,201811
797,167,201811
797,46,201811
799,14,201811
799,19,201811
799,46,201811
801,137,201811
801,96,201811
806,69,201811
806,49,201811
808,110,201811
808,290,201811
808,235,201811
809,6,201811
813,83,201811
813,46,201811
813,97,201811
814,54,201811
814,18,201811
814,32,201811
815,375,201811
815,64,201811
815,266,201811
815,48,201811
817,5,201811
817,150,201811
819,11,201811
819,51,201811
819,18,201811
819,10,201811
819,28,201811
819,20,201811
819,4,201811
819,113,201811
819,1,201811
819,17,201811
828,7,201811
830,110,201811
832,21,201811
834,136,201811
835,39,201811
835,19,201811
835,77,201811
835,160,201811
835,137,201811
835,138,201811
835,143,201811
835,35,201811
836,135,201811
836,453,201811
839,850,201811
841,110,201811
842,51,201811
843,4,201811
847,525,201811
850,1675,201811
850,839,201811
850,726,201811
850,923,201811
850,1702,201811
850,582,201811
850,683,201811
850,725,201811
850,851,201811
850,716,201811
850,1872,201811
850,584,201811
850,585,201811
850,1380,201811
851,850,201811
855,1671,201811
857,667,201811
860,1351,201811
860,59,201811
860,1337,201811
860,318,201811
860,97,201811
860,46,201811
860,19,201811
862,12,201811
862,136,201811
863,23,201811
863,906,201811
863,228,201811
863,548,201811
863,10,201811
864,109,201811
866,21,201811
866,20,201811
867,235,201811
871,540,201811
871,95,201811
871,165,201811
871,29,201811
871,137,201811
882,425,201811
885,160,201811
885,137,201811
886,110,201811
886,424,201811
886,236,201811
886,196,201811
886,627,201811
886,579,201811
888,154,201811
888,266,201811
889,180,201811
889,266,201811
890,143,201811
892,135,201811
892,31,201811
892,112,201811
892,10,201811
892,17,201811
892,18,201811
896,1193,201811
896,13,201811
897,190,201811
898,786,201811
899,19,201811
900,65,201811
904,62,201811
906,23,201811
906,193,201811
906,86,201811
906,4,201811
906,136,201811
906,17,201811
906,20,201811
906,1,201811
908,909,201811
908,136,201811
909,908,201811
909,136,201811
911,110,201811
911,188,201811
914,137,201811
914,143,201811
914,14,201811
914,25,201811
914,103,201811
914,654,201811
914,1418,201811
914,53,201811
917,786,201811
920,190,201811
922,186,201811
922,474,201811
922,185,201811
923,850,201811
931,515,201811
931,5,201811
931,19,201811
931,112,201811
931,10,201811
931,210,201811
931,126,201811
931,444,201811
931,20,201811
931,323,201811
931,453,201811
935,31,201811
935,97,201811
937,185,201811
941,1248,201811
941,819,201811
941,1057,201811
941,210,201811
941,20,201811
941,10,201811
941,998,201811
941,1,201811
942,419,201811
947,186,201811
947,698,201811
947,185,201811
948,127,201811
950,1,201811
950,136,201811
950,137,201811
960,132,201811
960,720,201811
960,911,201811
961,847,201811
961,525,201811
962,525,201811
966,183,201811
966,739,201811
966,1170,201811
966,22,201811
966,17,201811
966,1227,201811
968,136,201811
969,35,201811
969,346,201811
969,86,201811
969,69,201811
969,1172,201811
969,107,201811
975,160,201811
976,247,201811
979,247,201811
981,982,201811
981,136,201811
982,981,201811
982,136,201811
993,185,201811
993,698,201811
995,208,201811
995,739,201811
995,13,201811
996,13,201811
997,630,201811
997,922,201811
997,185,201811
997,186,201811
997,474,201811
998,1282,201811
998,1248,201811
998,107,201811
998,210,201811
998,1368,201811
998,941,201811
998,1345,201811
1002,110,201811
1003,39,201811
1003,1344,201811
1015,136,201811
1016,186,201811
1016,947,201811
1016,185,201811
1017,154,201811
1019,474,201811
1020,208,201811
1020,40,201811
1020,14,201811
1020,266,201811
1022,40,201811
1030,1239,201811
1030,525,201811
1035,196,201811
1037,77,201811
1044,45,201811
1044,207,201811
1052,97,201811
1056,235,201811
1057,941,201811
1065,64,201811
1065,29,201811
1070,222,201811
1070,4,201811
1075,1129,201811
1075,357,201811
1075,129,201811
1075,1404,201811
1086,40,201811
1087,1239,201811
1087,525,201811
1088,782,201811
1089,525,201811
1090,30,201811
1099,143,201811
1099,339,201811
1099,188,201811
1103,7,201811
1118,13,201811
1119,188,201811
1129,129,201811
1129,173,201811
1129,357,201811
1129,1404,201811
1130,36,201811
1130,297,201811
1130,64,201811
1130,782,201811
1134,196,201811
1134,110,201811
1137,48,201811
1144,310,201811
1144,154,201811
1144,282,201811
1144,51,201811
1144,33,201811
1144,11,201811
1169,344,201811
1169,9,201811
1169,147,201811
1169,86,201811
1169,105,201811
1169,233,201811
1169,85,201811
1169,67,201811
1169,70,201811
1169,221,201811
1169,495,201811
1169,84,201811
1169,34,201811
1169,111,201811
1169,443,201811
1169,72,201811
1169,136,201811
1169,265,201811
1169,18,201811
1169,166,201811
1169,69,201811
1169,534,201811
1169,728,201811
1169,123,201811
1169,122,201811
1169,93,201811
1169,47,201811
1169,222,201811
1172,112,201811
1172,969,201811
1183,190,201811
1190,346,201811
1190,137,201811
1193,896,201811
1193,1931,201811
1195,208,201811
1196,842,201811
1205,18,201811
1205,29,201811
1209,38,201811
1225,786,201811
1227,222,201811
1227,274,201811
1227,136,201811
1227,33,201811
1227,69,201811
1227,234,201811
1227,76,201811
1227,124,201811
1227,1144,201811
1227,12,201811
1227,2,201811
1227,112,201811
1227,863,201811
1227,22,201811
1227,327,201811
1227,10,201811
1227,28,201811
1227,247,201811
1227,25,201811
1227,346,201811
1227,165,201811
1227,23,201811
1227,393,201811
1227,11,201811
1227,205,201811
1227,160,201811
1227,395,201811
1227,184,201811
1227,54,201811
1227,781,201811
1227,375,201811
1227,27,201811
1227,62,201811
1227,408,201811
1227,728,201811
1227,43,201811
1227,183,201811
1227,163,201811
1227,86,201811
1227,84,201811
1227,710,201811
1227,146,201811
1227,123,201811
1227,138,201811
1227,386,201811
1227,103,201811
1227,66,201811
1227,34,201811
1227,164,201811
1227,132,201811
1227,177,201811
1227,104,201811
1227,122,201811
1227,105,201811
1227,181,201811
1227,111,201811
1227,15,201811
1227,159,201811
1227,30,201811
1227,5,201811
1227,265,201811
1227,61,201811
1227,966,201811
1236,1,201811
1236,453,201811
1236,165,201811
1236,262,201811
1239,525,201811
1248,210,201811
1248,998,201811
1250,54,201811
1250,126,201811
1250,43,201811
1250,12,201811
1250,408,201811
1250,117,201811
1250,163,201811
1250,195,201811
1250,83,201811
1250,102,201811
1250,175,201811
1250,24,201811
1250,176,201811
1250,15,201811
1250,267,201811
1250,27,201811
1250,294,201811
1250,16,201811
1250,710,201811
1250,132,201811
1250,1430,201811
1250,159,201811
1250,31,201811
1250,281,201811
1250,138,201811
1250,40,201811
1250,143,201811
1250,101,201811
1250,79,201811
1250,65,201811
1250,181,201811
1250,62,201811
1250,434,201811
1250,66,201811
1250,197,201811
1250,237,201811
1250,77,201811
1250,146,201811
1252,196,201811
1254,46,201811
1258,136,201811
1259,1286,201811
1269,1,201811
1269,96,201811
1284,143,201811
1284,97,201811
1284,797,201811
1286,1259,201811
1291,137,201811
1313,265,201811
1313,133,201811
1313,83,201811
1313,11,201811
1313,301,201811
1317,5,201811
1321,453,201811
1331,23,201811
1331,282,201811
1332,1363,201811
1335,94,201811
1337,64,201811
1337,398,201811
1337,1680,201811
1337,1351,201811
1345,1368,201811
1345,210,201811
1345,998,201811
1351,1337,201811
1351,860,201811
1355,1,201811
1361,182,201811
1363,444,201811
1363,463,201811
1363,1332,201811
1363,1445,201811
1363,59,201811
1366,101,201811
1366,16,201811
1366,155,201811
1366,1,201811
1366,19,201811
1366,18,201811
1366,99,201811
1366,54,201811
1366,10,201811
1366,13,201811
1366,26,201811
1366,81,201811
1366,9,201811
1366,136,201811
1366,154,201811
1366,135,201811
1366,274,201811
1366,25,201811
1366,137,201811
1366,46,201811
1366,92,201811
1366,31,201811
1366,97,201811
1367,444,201811
1368,998,201811
1371,515,201811
1379,904,201811
1380,850,201811
1381,235,201811
1381,1382,201811
1382,110,201811
1382,1381,201811
1382,235,201811
1384,1445,201811
1385,444,201811
1393,110,201811
1393,425,201811
1399,1445,201811
1399,5,201811
1399,36,201811
1399,224,201811
1402,1445,201811
1404,1075,201811
1404,1129,201811
1408,89,201811
1408,770,201811
1413,444,201811
1417,208,201811
1417,13,201811
1418,192,201811
1422,1424,201811
1423,1422,201811
1424,1422,201811
1424,1423,201811
1426,850,201811
1427,525,201811
1430,48,201811
1430,0,201811
1430,1250,201811
1430,266,201811
1430,375,201811
1436,401,201811
1441,208,201811
1443,297,201811
1444,146,201811
1445,1597,201811
1445,208,201811
1445,1363,201811
1445,19,201811
1445,1384,201811
1445,444,201811
1452,48,201811
1453,61,201811
1455,1445,201811
1455,160,201811
1463,26,201811
1471,108,201811
1471,772,201811
1482,154,201811
1483,31,201811
1492,850,201811
1497,2068,201811
1499,35,201811
1499,48,201811
1580,154,201811
1597,31,201811
1627,444,201811
1649,17,201811
1671,178,201811
1674,1921,201811
1674,349,201811
1674,297,201811
1675,850,201811
1680,1337,201811
1681,453,201811
1758,212,201811
1773,247,201811
1812,208,201811
1815,1904,201811
1861,208,201811
1872,850,201811
1894,94,201811
1895,79,201811
1904,1815,201811
1916,208,201811
1921,208,201811
1921,1948,201811
1923,283,201811
1931,1193,201811
1932,444,201811
1948,208,201811
2068,739,201811
2130,107,201811
2218,160,201811
2235,212,201811
2270,769,201811
