i,j,t
0,188,200212
0,96,200212
0,9,200212
0,118,200212
0,31,200212
0,25,200212
0,159,200212
0,157,200212
0,137,200212
0,138,200212
0,10,200212
0,143,200212
0,24,200212
0,160,200212
0,433,200212
0,552,200212
0,34,200212
0,35,200212
0,97,200212
0,38,200212
0,1,200212
0,135,200212
0,40,200212
0,161,200212
0,93,200212
0,153,200212
0,223,200212
0,164,200212
0,171,200212
0,81,200212
0,124,200212
0,13,200212
0,28,200212
0,180,200212
0,213,200212
0,115,200212
0,102,200212
0,73,200212
0,117,200212
0,4,200212
0,183,200212
0,274,200212
0,19,200212
0,113,200212
0,52,200212
0,21,200212
0,65,200212
0,27,200212
0,165,200212
0,20,200212
0,11,200212
0,99,200212
0,125,200212
0,54,200212
0,149,200212
0,17,200212
0,120,200212
0,83,200212
0,173,200212
0,46,200212
0,18,200212
0,116,200212
0,14,200212
0,132,200212
0,108,200212
0,112,200212
0,2,200212
0,89,200212
0,146,200212
0,193,200212
0,85,200212
0,119,200212
0,36,200212
0,26,200212
0,23,200212
0,77,200212
0,16,200212
0,100,200212
0,5,200212
0,64,200212
0,59,200212
0,136,200212
0,48,200212
0,29,200212
0,80,200212
0,32,200212
0,6,200212
0,154,200212
0,60,200212
0,92,200212
1,23,200212
1,138,200212
1,137,200212
1,37,200212
1,136,200212
1,96,200212
1,18,200212
1,346,200212
1,22,200212
1,160,200212
1,209,200212
1,161,200212
1,398,200212
1,24,200212
1,29,200212
1,60,200212
1,129,200212
1,165,200212
1,17,200212
1,5,200212
1,19,200212
1,175,200212
1,28,200212
1,10,200212
1,77,200212
1,159,200212
1,132,200212
1,752,200212
1,11,200212
1,35,200212
1,150,200212
1,784,200212
1,170,200212
1,121,200212
1,143,200212
1,433,200212
1,9,200212
1,64,200212
1,146,200212
1,2,200212
1,48,200212
1,345,200212
1,706,200212
1,83,200212
1,40,200212
1,107,200212
1,25,200212
1,14,200212
1,97,200212
1,32,200212
1,53,200212
1,112,200212
1,0,200212
1,6,200212
1,85,200212
1,299,200212
1,274,200212
1,102,200212
1,154,200212
1,142,200212
1,13,200212
1,81,200212
1,12,200212
1,33,200212
1,26,200212
1,184,200212
1,131,200212
1,1355,200212
1,99,200212
1,51,200212
1,20,200212
1,155,200212
1,183,200212
1,941,200212
1,248,200212
1,38,200212
1,52,200212
1,108,200212
1,54,200212
1,69,200212
1,371,200212
1,16,200212
1,7,200212
1,376,200212
1,116,200212
1,89,200212
1,110,200212
1,157,200212
1,100,200212
1,149,200212
1,115,200212
1,113,200212
1,303,200212
1,395,200212
1,133,200212
1,103,200212
1,80,200212
1,906,200212
1,261,200212
1,30,200212
1,124,200212
1,119,200212
1,70,200212
1,130,200212
1,46,200212
1,211,200212
1,59,200212
1,213,200212
1,34,200212
1,189,200212
1,31,200212
1,72,200212
1,4,200212
1,27,200212
1,135,200212
1,92,200212
1,21,200212
2,25,200212
2,97,200212
2,161,200212
2,40,200212
2,72,200212
2,165,200212
2,333,200212
2,274,200212
2,433,200212
2,552,200212
2,137,200212
2,47,200212
2,53,200212
2,160,200212
2,60,200212
2,85,200212
2,110,200212
2,143,200212
2,339,200212
2,93,200212
2,112,200212
2,13,200212
2,5,200212
2,121,200212
2,31,200212
2,96,200212
2,10,200212
2,136,200212
2,80,200212
2,102,200212
2,19,200212
2,181,200212
2,265,200212
2,99,200212
2,16,200212
2,23,200212
2,35,200212
2,51,200212
2,81,200212
2,26,200212
2,48,200212
2,0,200212
2,4,200212
2,22,200212
2,77,200212
2,142,200212
2,18,200212
2,20,200212
2,248,200212
2,192,200212
2,108,200212
2,180,200212
2,113,200212
2,21,200212
2,140,200212
2,131,200212
2,28,200212
2,149,200212
2,52,200212
2,11,200212
2,6,200212
2,9,200212
2,54,200212
2,124,200212
2,135,200212
2,1,200212
2,146,200212
2,27,200212
2,83,200212
2,32,200212
2,14,200212
2,17,200212
2,29,200212
2,154,200212
2,92,200212
3,69,200212
3,177,200212
3,50,200212
3,317,200212
3,807,200212
3,4,200212
4,6,200212
4,137,200212
4,127,200212
4,59,200212
4,35,200212
4,132,200212
4,46,200212
4,427,200212
4,51,200212
4,33,200212
4,294,200212
4,222,200212
4,147,200212
4,781,200212
4,20,200212
4,69,200212
4,18,200212
4,110,200212
4,77,200212
4,160,200212
4,62,200212
4,29,200212
4,810,200212
4,60,200212
4,76,200212
4,5,200212
4,117,200212
4,843,200212
4,34,200212
4,26,200212
4,112,200212
4,346,200212
4,14,200212
4,177,200212
4,21,200212
4,85,200212
4,19,200212
4,64,200212
4,81,200212
4,13,200212
4,149,200212
4,183,200212
4,135,200212
4,139,200212
4,54,200212
4,10,200212
4,305,200212
4,113,200212
4,155,200212
4,32,200212
4,27,200212
4,99,200212
4,215,200212
4,244,200212
4,97,200212
4,17,200212
4,28,200212
4,154,200212
4,12,200212
4,0,200212
4,48,200212
4,136,200212
4,22,200212
4,119,200212
4,248,200212
4,306,200212
4,128,200212
4,133,200212
4,633,200212
4,165,200212
4,102,200212
4,761,200212
4,866,200212
4,227,200212
4,3,200212
4,238,200212
4,268,200212
4,92,200212
4,88,200212
4,184,200212
4,301,200212
4,23,200212
4,84,200212
4,300,200212
4,31,200212
4,96,200212
4,86,200212
4,311,200212
4,214,200212
4,317,200212
4,30,200212
4,150,200212
4,223,200212
4,121,200212
4,164,200212
4,107,200212
4,7,200212
4,50,200212
4,1,200212
4,11,200212
4,196,200212
4,109,200212
4,89,200212
4,213,200212
4,146,200212
4,40,200212
4,25,200212
5,17,200212
5,281,200212
5,183,200212
5,6,200212
5,85,200212
5,110,200212
5,137,200212
5,261,200212
5,274,200212
5,150,200212
5,154,200212
5,20,200212
5,1,200212
5,433,200212
5,155,200212
5,19,200212
5,142,200212
5,11,200212
5,21,200212
5,53,200212
5,84,200212
5,143,200212
5,28,200212
5,39,200212
5,77,200212
5,4,200212
5,817,200212
5,404,200212
5,59,200212
5,112,200212
5,10,200212
5,15,200212
5,115,200212
5,51,200212
5,69,200212
5,89,200212
5,48,200212
5,18,200212
5,247,200212
5,29,200212
5,107,200212
5,23,200212
5,160,200212
5,136,200212
5,816,200212
5,25,200212
5,97,200212
5,72,200212
5,132,200212
5,552,200212
5,138,200212
5,27,200212
5,26,200212
5,60,200212
5,165,200212
5,13,200212
5,139,200212
5,108,200212
5,31,200212
5,36,200212
5,178,200212
5,0,200212
5,2,200212
5,93,200212
5,9,200212
5,14,200212
5,102,200212
5,530,200212
5,87,200212
5,149,200212
5,64,200212
5,52,200212
5,81,200212
5,121,200212
5,16,200212
5,80,200212
5,8,200212
5,92,200212
5,22,200212
5,243,200212
5,7,200212
5,32,200212
5,96,200212
5,135,200212
5,113,200212
5,133,200212
6,18,200212
6,142,200212
6,27,200212
6,4,200212
6,335,200212
6,48,200212
6,19,200212
6,652,200212
6,89,200212
6,180,200212
6,39,200212
6,176,200212
6,85,200212
6,10,200212
6,14,200212
6,52,200212
6,206,200212
6,46,200212
6,26,200212
6,55,200212
6,742,200212
6,274,200212
6,7,200212
6,193,200212
6,60,200212
6,110,200212
6,195,200212
6,81,200212
6,107,200212
6,1210,200212
6,433,200212
6,11,200212
6,126,200212
6,281,200212
6,83,200212
6,51,200212
6,136,200212
6,118,200212
6,132,200212
6,154,200212
6,197,200212
6,766,200212
6,29,200212
6,155,200212
6,77,200212
6,40,200212
6,117,200212
6,13,200212
6,322,200212
6,152,200212
6,64,200212
6,160,200212
6,17,200212
6,32,200212
6,138,200212
6,137,200212
6,5,200212
6,65,200212
6,139,200212
6,38,200212
6,143,200212
6,326,200212
6,799,200212
6,59,200212
6,286,200212
6,23,200212
6,35,200212
6,129,200212
6,97,200212
6,16,200212
6,62,200212
6,131,200212
6,170,200212
6,88,200212
6,100,200212
6,1,200212
6,20,200212
6,25,200212
6,265,200212
6,12,200212
6,74,200212
6,181,200212
6,354,200212
6,243,200212
6,54,200212
6,112,200212
6,80,200212
6,31,200212
6,0,200212
6,78,200212
6,2,200212
6,33,200212
6,58,200212
6,30,200212
6,9,200212
6,108,200212
6,96,200212
6,53,200212
6,124,200212
6,165,200212
6,266,200212
6,121,200212
6,28,200212
6,739,200212
6,79,200212
6,113,200212
6,208,200212
6,371,200212
6,71,200212
6,320,200212
6,153,200212
6,237,200212
6,101,200212
6,24,200212
6,82,200212
6,375,200212
6,102,200212
6,172,200212
6,146,200212
6,45,200212
6,194,200212
6,57,200212
6,94,200212
6,99,200212
6,134,200212
6,120,200212
6,76,200212
6,135,200212
6,36,200212
7,89,200212
7,90,200212
7,28,200212
7,8,200212
7,121,200212
7,23,200212
7,14,200212
7,323,200212
7,29,200212
7,135,200212
7,10,200212
7,51,200212
7,1,200212
7,243,200212
7,97,200212
7,770,200212
7,20,200212
7,154,200212
7,113,200212
7,5,200212
7,17,200212
7,112,200212
7,137,200212
7,4,200212
8,7,200212
8,90,200212
8,23,200212
8,89,200212
8,136,200212
8,243,200212
8,5,200212
8,17,200212
8,20,200212
9,15,200212
9,531,200212
9,160,200212
9,40,200212
9,34,200212
9,165,200212
9,433,200212
9,137,200212
9,23,200212
9,0,200212
9,72,200212
9,143,200212
9,80,200212
9,156,200212
9,148,200212
9,1,200212
9,81,200212
9,124,200212
9,29,200212
9,51,200212
9,355,200212
9,82,200212
9,18,200212
9,169,200212
9,28,200212
9,208,200212
9,77,200212
9,20,200212
9,22,200212
9,10,200212
9,139,200212
9,13,200212
9,17,200212
9,5,200212
9,21,200212
9,93,200212
9,112,200212
9,19,200212
9,64,200212
9,6,200212
9,248,200212
9,96,200212
9,133,200212
9,92,200212
9,121,200212
9,25,200212
9,108,200212
9,32,200212
9,16,200212
9,2,200212
9,14,200212
9,53,200212
9,85,200212
9,135,200212
9,11,200212
9,154,200212
9,146,200212
9,136,200212
9,27,200212
9,274,200212
9,97,200212
10,826,200212
10,261,200212
10,20,200212
10,28,200212
10,433,200212
10,137,200212
10,5,200212
10,107,200212
10,96,200212
10,23,200212
10,2,200212
10,548,200212
10,781,200212
10,154,200212
10,85,200212
10,228,200212
10,143,200212
10,34,200212
10,19,200212
10,1,200212
10,17,200212
10,160,200212
10,121,200212
10,12,200212
10,25,200212
10,14,200212
10,0,200212
10,139,200212
10,26,200212
10,48,200212
10,13,200212
10,135,200212
10,16,200212
10,60,200212
10,102,200212
10,97,200212
10,4,200212
10,457,200212
10,184,200212
10,27,200212
10,40,200212
10,52,200212
10,108,200212
10,99,200212
10,77,200212
10,6,200212
10,764,200212
10,234,200212
10,18,200212
10,274,200212
10,122,200212
10,51,200212
10,123,200212
10,54,200212
10,39,200212
10,157,200212
10,83,200212
10,210,200212
10,104,200212
10,110,200212
10,7,200212
10,69,200212
10,178,200212
10,64,200212
10,93,200212
10,150,200212
10,32,200212
10,133,200212
10,142,200212
10,9,200212
10,29,200212
10,189,200212
10,119,200212
10,11,200212
10,89,200212
10,213,200212
10,22,200212
10,53,200212
10,72,200212
10,116,200212
10,112,200212
10,38,200212
10,136,200212
10,124,200212
10,81,200212
10,149,200212
10,46,200212
10,80,200212
10,115,200212
10,180,200212
10,59,200212
10,35,200212
10,165,200212
10,21,200212
10,183,200212
10,113,200212
10,31,200212
10,92,200212
10,146,200212
11,268,200212
11,17,200212
11,183,200212
11,24,200212
11,227,200212
11,247,200212
11,5,200212
11,433,200212
11,1049,200212
11,72,200212
11,136,200212
11,20,200212
11,160,200212
11,552,200212
11,992,200212
11,132,200212
11,228,200212
11,105,200212
11,23,200212
11,28,200212
11,77,200212
11,787,200212
11,150,200212
11,1,200212
11,143,200212
11,548,200212
11,372,200212
11,154,200212
11,27,200212
11,97,200212
11,165,200212
11,60,200212
11,208,200212
11,102,200212
11,135,200212
11,104,200212
11,19,200212
11,48,200212
11,112,200212
11,265,200212
11,46,200212
11,12,200212
11,108,200212
11,99,200212
11,36,200212
11,181,200212
11,137,200212
11,21,200212
11,6,200212
11,16,200212
11,9,200212
11,96,200212
11,14,200212
11,53,200212
11,34,200212
11,633,200212
11,83,200212
11,52,200212
11,22,200212
11,81,200212
11,0,200212
11,32,200212
11,13,200212
11,85,200212
11,10,200212
11,330,200212
11,88,200212
11,223,200212
11,18,200212
11,113,200212
11,92,200212
11,69,200212
11,248,200212
11,213,200212
11,189,200212
11,164,200212
11,169,200212
11,84,200212
11,781,200212
11,238,200212
11,147,200212
11,107,200212
11,121,200212
11,59,200212
11,111,200212
11,30,200212
11,70,200212
11,177,200212
11,86,200212
11,29,200212
11,25,200212
11,51,200212
11,64,200212
11,2,200212
11,4,200212
11,110,200212
11,89,200212
11,146,200212
12,728,200212
12,4,200212
12,132,200212
12,20,200212
12,51,200212
12,274,200212
12,136,200212
12,138,200212
12,160,200212
12,107,200212
12,15,200212
12,47,200212
12,112,200212
12,433,200212
12,16,200212
12,27,200212
12,183,200212
12,314,200212
12,150,200212
12,336,200212
12,143,200212
12,154,200212
12,77,200212
12,502,200212
12,176,200212
12,64,200212
12,85,200212
12,165,200212
12,43,200212
12,121,200212
12,208,200212
12,490,200212
12,108,200212
12,24,200212
12,170,200212
12,1,200212
12,11,200212
12,161,200212
12,265,200212
12,139,200212
12,362,200212
12,96,200212
12,188,200212
12,97,200212
12,142,200212
12,113,200212
12,156,200212
12,25,200212
12,21,200212
12,546,200212
12,19,200212
12,81,200212
12,6,200212
12,52,200212
12,100,200212
12,60,200212
12,35,200212
12,22,200212
12,10,200212
12,13,200212
12,14,200212
12,99,200212
12,17,200212
12,346,200212
12,26,200212
12,23,200212
12,92,200212
12,18,200212
12,32,200212
12,54,200212
12,29,200212
12,146,200212
12,137,200212
12,135,200212
13,10,200212
13,102,200212
13,59,200212
13,16,200212
13,62,200212
13,160,200212
13,175,200212
13,79,200212
13,81,200212
13,35,200212
13,138,200212
13,97,200212
13,31,200212
13,77,200212
13,19,200212
13,6,200212
13,1,200212
13,14,200212
13,24,200212
13,433,200212
13,117,200212
13,146,200212
13,137,200212
13,136,200212
13,89,200212
13,135,200212
13,114,200212
13,289,200212
13,52,200212
13,155,200212
13,143,200212
13,134,200212
13,40,200212
13,72,200212
13,108,200212
13,633,200212
13,38,200212
13,332,200212
13,313,200212
13,307,200212
13,27,200212
13,742,200212
13,896,200212
13,8,200212
13,0,200212
13,64,200212
13,242,200212
13,26,200212
13,153,200212
13,113,200212
13,444,200212
13,25,200212
13,120,200212
13,265,200212
13,48,200212
13,18,200212
13,131,200212
13,7,200212
13,60,200212
13,154,200212
13,17,200212
13,83,200212
13,58,200212
13,4,200212
13,110,200212
13,129,200212
13,51,200212
13,96,200212
13,178,200212
13,5,200212
13,85,200212
13,283,200212
13,12,200212
13,20,200212
13,28,200212
13,94,200212
13,32,200212
13,139,200212
13,126,200212
13,766,200212
13,45,200212
13,996,200212
13,180,200212
13,995,200212
13,1417,200212
13,39,200212
13,29,200212
13,1118,200212
13,349,200212
13,208,200212
13,297,200212
13,176,200212
13,76,200212
13,172,200212
13,119,200212
13,55,200212
13,142,200212
13,36,200212
13,54,200212
13,99,200212
13,112,200212
13,11,200212
13,46,200212
14,59,200212
14,160,200212
14,31,200212
14,799,200212
14,143,200212
14,132,200212
14,24,200212
14,19,200212
14,76,200212
14,83,200212
14,97,200212
14,46,200212
14,135,200212
14,26,200212
14,433,200212
14,13,200212
14,40,200212
14,137,200212
14,138,200212
14,77,200212
14,52,200212
14,142,200212
14,208,200212
14,62,200212
14,6,200212
14,34,200212
14,161,200212
14,136,200212
14,1,200212
14,893,200212
14,182,200212
14,28,200212
14,23,200212
14,20,200212
14,322,200212
14,12,200212
14,108,200212
14,4,200212
14,444,200212
14,51,200212
14,21,200212
14,739,200212
14,463,200212
14,133,200212
14,73,200212
14,94,200212
14,176,200212
14,0,200212
14,2,200212
14,11,200212
14,5,200212
14,100,200212
14,17,200212
14,48,200212
14,482,200212
14,16,200212
14,29,200212
14,139,200212
14,10,200212
14,64,200212
14,286,200212
14,96,200212
14,1020,200212
14,294,200212
14,178,200212
14,113,200212
14,25,200212
14,72,200212
14,172,200212
14,36,200212
14,120,200212
14,107,200212
14,112,200212
14,9,200212
14,54,200212
14,126,200212
14,124,200212
14,146,200212
14,35,200212
14,157,200212
14,81,200212
14,85,200212
14,117,200212
14,129,200212
14,27,200212
14,80,200212
14,60,200212
14,154,200212
14,92,200212
14,38,200212
14,18,200212
14,119,200212
14,180,200212
14,32,200212
14,155,200212
14,102,200212
15,77,200212
15,132,200212
15,143,200212
15,433,200212
15,12,200212
15,19,200212
15,54,200212
15,160,200212
15,166,200212
15,27,200212
15,444,200212
15,0,200212
15,142,200212
15,146,200212
15,24,200212
15,176,200212
15,40,200212
15,6,200212
15,154,200212
15,97,200212
15,26,200212
15,18,200212
15,248,200212
15,346,200212
15,48,200212
15,35,200212
15,32,200212
15,29,200212
15,135,200212
15,137,200212
15,136,200212
16,72,200212
16,85,200212
16,77,200212
16,138,200212
16,64,200212
16,362,200212
16,11,200212
16,375,200212
16,60,200212
16,381,200212
16,143,200212
16,155,200212
16,154,200212
16,19,200212
16,39,200212
16,160,200212
16,137,200212
16,157,200212
16,9,200212
16,12,200212
16,433,200212
16,6,200212
16,132,200212
16,81,200212
16,10,200212
16,208,200212
16,25,200212
16,15,200212
16,69,200212
16,320,200212
16,144,200212
16,100,200212
16,122,200212
16,123,200212
16,96,200212
16,27,200212
16,86,200212
16,2,200212
16,124,200212
16,28,200212
16,36,200212
16,0,200212
16,102,200212
16,23,200212
16,153,200212
16,83,200212
16,76,200212
16,188,200212
16,62,200212
16,112,200212
16,38,200212
16,41,200212
16,53,200212
16,161,200212
16,46,200212
16,248,200212
16,14,200212
16,97,200212
16,133,200212
16,146,200212
16,22,200212
16,80,200212
16,178,200212
16,5,200212
16,1,200212
16,40,200212
16,108,200212
16,13,200212
16,63,200212
16,52,200212
16,101,200212
16,29,200212
16,59,200212
16,92,200212
16,57,200212
16,119,200212
16,65,200212
16,55,200212
16,99,200212
16,79,200212
16,120,200212
16,54,200212
16,176,200212
16,131,200212
16,117,200212
16,26,200212
16,32,200212
16,129,200212
16,126,200212
16,24,200212
16,31,200212
16,35,200212
16,181,200212
16,142,200212
16,180,200212
16,18,200212
16,20,200212
16,136,200212
16,135,200212
16,139,200212
16,48,200212
16,17,200212
17,552,200212
17,154,200212
17,205,200212
17,5,200212
17,13,200212
17,19,200212
17,764,200212
17,89,200212
17,9,200212
17,274,200212
17,129,200212
17,48,200212
17,143,200212
17,28,200212
17,35,200212
17,77,200212
17,6,200212
17,137,200212
17,433,200212
17,112,200212
17,139,200212
17,10,200212
17,1,200212
17,60,200212
17,18,200212
17,27,200212
17,87,200212
17,20,200212
17,110,200212
17,136,200212
17,11,200212
17,59,200212
17,51,200212
17,23,200212
17,29,200212
17,160,200212
17,165,200212
17,150,200212
17,175,200212
17,4,200212
17,375,200212
17,62,200212
17,24,200212
17,46,200212
17,132,200212
17,121,200212
17,779,200212
17,83,200212
17,96,200212
17,184,200212
17,12,200212
17,108,200212
17,26,200212
17,99,200212
17,22,200212
17,161,200212
17,21,200212
17,135,200212
17,817,200212
17,14,200212
17,133,200212
17,117,200212
17,36,200212
17,267,200212
17,93,200212
17,86,200212
17,25,200212
17,69,200212
17,32,200212
17,124,200212
17,155,200212
17,16,200212
17,183,200212
17,2,200212
17,52,200212
17,149,200212
17,157,200212
17,38,200212
17,97,200212
17,227,200212
17,107,200212
17,102,200212
17,72,200212
17,178,200212
17,81,200212
17,119,200212
17,268,200212
17,113,200212
17,781,200212
17,71,200212
17,348,200212
17,53,200212
17,493,200212
17,303,200212
17,353,200212
17,189,200212
17,0,200212
17,33,200212
17,85,200212
17,37,200212
17,863,200212
17,211,200212
17,31,200212
17,261,200212
17,395,200212
17,906,200212
17,7,200212
17,54,200212
17,243,200212
17,8,200212
17,213,200212
17,92,200212
17,64,200212
17,40,200212
17,146,200212
18,137,200212
18,436,200212
18,5,200212
18,19,200212
18,12,200212
18,408,200212
18,112,200212
18,132,200212
18,247,200212
18,15,200212
18,138,200212
18,69,200212
18,23,200212
18,16,200212
18,281,200212
18,34,200212
18,136,200212
18,81,200212
18,165,200212
18,83,200212
18,44,200212
18,4,200212
18,27,200212
18,154,200212
18,234,200212
18,433,200212
18,969,200212
18,6,200212
18,40,200212
18,77,200212
18,29,200212
18,160,200212
18,9,200212
18,62,200212
18,346,200212
18,54,200212
18,143,200212
18,28,200212
18,752,200212
18,829,200212
18,24,200212
18,51,200212
18,175,200212
18,48,200212
18,104,200212
18,59,200212
18,120,200212
18,208,200212
18,26,200212
18,17,200212
18,20,200212
18,97,200212
18,181,200212
18,126,200212
18,152,200212
18,102,200212
18,106,200212
18,2,200212
18,129,200212
18,11,200212
18,122,200212
18,31,200212
18,155,200212
18,544,200212
18,108,200212
18,139,200212
18,115,200212
18,117,200212
18,32,200212
18,113,200212
18,133,200212
18,96,200212
18,33,200212
18,1205,200212
18,13,200212
18,156,200212
18,25,200212
18,135,200212
18,55,200212
18,177,200212
18,74,200212
18,65,200212
18,463,200212
18,339,200212
18,21,200212
18,38,200212
18,64,200212
18,45,200212
18,79,200212
18,80,200212
18,183,200212
18,803,200212
18,93,200212
18,35,200212
18,814,200212
18,0,200212
18,46,200212
18,908,200212
18,70,200212
18,804,200212
18,375,200212
18,60,200212
18,909,200212
18,242,200212
18,99,200212
18,1,200212
18,269,200212
18,145,200212
18,276,200212
18,144,200212
18,411,200212
18,88,200212
18,146,200212
18,410,200212
18,432,200212
18,416,200212
18,66,200212
18,415,200212
18,174,200212
18,413,200212
18,10,200212
18,61,200212
18,159,200212
18,180,200212
18,101,200212
18,131,200212
18,265,200212
18,298,200212
18,423,200212
18,43,200212
18,125,200212
18,169,200212
18,292,200212
18,443,200212
18,430,200212
18,303,200212
18,153,200212
18,270,200212
18,422,200212
18,163,200212
18,171,200212
18,71,200212
18,426,200212
18,271,200212
18,111,200212
18,407,200212
18,72,200212
18,213,200212
18,142,200212
18,197,200212
18,223,200212
18,170,200212
18,84,200212
18,233,200212
18,164,200212
18,100,200212
18,107,200212
18,22,200212
18,85,200212
18,53,200212
18,86,200212
18,123,200212
18,30,200212
18,52,200212
18,89,200212
18,14,200212
18,110,200212
19,52,200212
19,57,200212
19,32,200212
19,20,200212
19,59,200212
19,132,200212
19,26,200212
19,120,200212
19,29,200212
19,180,200212
19,501,200212
19,140,200212
19,375,200212
19,30,200212
19,433,200212
19,247,200212
19,137,200212
19,36,200212
19,89,200212
19,40,200212
19,77,200212
19,27,200212
19,62,200212
19,117,200212
19,114,200212
19,14,200212
19,136,200212
19,176,200212
19,126,200212
19,17,200212
19,100,200212
19,7,200212
19,142,200212
19,64,200212
19,16,200212
19,6,200212
19,1,200212
19,13,200212
19,39,200212
19,444,200212
19,102,200212
19,4,200212
19,112,200212
19,455,200212
19,121,200212
19,155,200212
19,175,200212
19,24,200212
19,83,200212
19,60,200212
19,46,200212
19,23,200212
19,143,200212
19,51,200212
19,97,200212
19,18,200212
19,160,200212
19,5,200212
19,35,200212
19,512,200212
19,170,200212
19,54,200212
19,88,200212
19,154,200212
19,43,200212
19,113,200212
19,25,200212
19,283,200212
19,12,200212
19,122,200212
19,9,200212
19,341,200212
19,53,200212
19,124,200212
19,277,200212
19,48,200212
19,144,200212
19,22,200212
19,80,200212
19,197,200212
19,11,200212
19,10,200212
19,169,200212
19,85,200212
19,96,200212
19,131,200212
19,78,200212
19,156,200212
19,21,200212
19,86,200212
19,355,200212
19,181,200212
19,165,200212
19,335,200212
19,92,200212
19,63,200212
19,208,200212
19,387,200212
19,146,200212
19,178,200212
19,2,200212
19,855,200212
19,99,200212
19,45,200212
19,370,200212
19,38,200212
19,101,200212
19,173,200212
19,192,200212
19,206,200212
19,182,200212
19,76,200212
19,338,200212
19,334,200212
19,172,200212
19,195,200212
19,108,200212
19,205,200212
19,332,200212
19,81,200212
19,860,200212
19,31,200212
19,799,200212
19,79,200212
19,119,200212
19,0,200212
19,28,200212
19,129,200212
19,139,200212
19,135,200212
19,134,200212
19,55,200212
20,23,200212
20,136,200212
20,129,200212
20,501,200212
20,14,200212
20,60,200212
20,58,200212
20,18,200212
20,15,200212
20,19,200212
20,99,200212
20,77,200212
20,17,200212
20,46,200212
20,294,200212
20,163,200212
20,137,200212
20,2,200212
20,48,200212
20,139,200212
20,132,200212
20,112,200212
20,110,200212
20,5,200212
20,160,200212
20,4,200212
20,51,200212
20,26,200212
20,13,200212
20,0,200212
20,27,200212
20,72,200212
20,97,200212
20,108,200212
20,135,200212
20,113,200212
20,227,200212
20,9,200212
20,29,200212
20,102,200212
20,12,200212
20,154,200212
20,22,200212
20,100,200212
20,64,200212
20,155,200212
20,40,200212
20,6,200212
20,35,200212
20,32,200212
20,1,200212
20,74,200212
20,81,200212
20,25,200212
20,71,200212
20,54,200212
20,736,200212
20,303,200212
20,315,200212
20,211,200212
20,184,200212
20,832,200212
20,214,200212
20,906,200212
20,7,200212
20,866,200212
20,16,200212
20,261,200212
20,89,200212
20,150,200212
20,183,200212
20,761,200212
20,213,200212
20,243,200212
20,59,200212
20,189,200212
20,11,200212
20,21,200212
20,8,200212
20,146,200212
20,33,200212
20,107,200212
20,10,200212
20,133,200212
20,28,200212
21,552,200212
21,745,200212
21,143,200212
21,1,200212
21,5,200212
21,160,200212
21,85,200212
21,23,200212
21,929,200212
21,261,200212
21,736,200212
21,866,200212
21,77,200212
21,107,200212
21,832,200212
21,17,200212
21,761,200212
21,755,200212
21,48,200212
21,99,200212
21,20,200212
21,19,200212
21,9,200212
21,108,200212
21,16,200212
21,4,200212
21,60,200212
21,72,200212
21,135,200212
21,35,200212
21,27,200212
21,154,200212
21,64,200212
21,354,200212
21,32,200212
21,100,200212
21,165,200212
21,2,200212
21,119,200212
21,81,200212
21,26,200212
21,25,200212
21,14,200212
21,6,200212
21,13,200212
21,196,200212
21,18,200212
21,59,200212
21,52,200212
21,80,200212
21,110,200212
21,22,200212
21,96,200212
21,83,200212
21,213,200212
21,11,200212
21,92,200212
21,69,200212
21,31,200212
21,183,200212
21,89,200212
21,136,200212
21,10,200212
21,51,200212
21,97,200212
21,113,200212
21,137,200212
21,29,200212
21,133,200212
21,28,200212
22,121,200212
22,25,200212
22,150,200212
22,433,200212
22,5,200212
22,1,200212
22,160,200212
22,72,200212
22,28,200212
22,53,200212
22,20,200212
22,154,200212
22,282,200212
22,17,200212
22,99,200212
22,13,200212
22,29,200212
22,120,200212
22,96,200212
22,77,200212
22,52,200212
22,81,200212
22,12,200212
22,85,200212
22,213,200212
22,60,200212
22,183,200212
22,57,200212
22,69,200212
22,34,200212
22,51,200212
22,112,200212
22,135,200212
22,248,200212
22,9,200212
22,2,200212
22,6,200212
22,83,200212
22,40,200212
22,16,200212
22,4,200212
22,21,200212
22,107,200212
22,27,200212
22,64,200212
22,136,200212
22,137,200212
22,10,200212
22,146,200212
22,11,200212
22,18,200212
22,97,200212
23,62,200212
23,150,200212
23,552,200212
23,18,200212
23,54,200212
23,19,200212
23,76,200212
23,280,200212
23,69,200212
23,281,200212
23,247,200212
23,348,200212
23,835,200212
23,25,200212
23,28,200212
23,38,200212
23,6,200212
23,34,200212
23,120,200212
23,107,200212
23,39,200212
23,89,200212
23,433,200212
23,0,200212
23,189,200212
23,11,200212
23,59,200212
23,32,200212
23,138,200212
23,1,200212
23,136,200212
23,97,200212
23,4,200212
23,132,200212
23,121,200212
23,77,200212
23,294,200212
23,112,200212
23,143,200212
23,176,200212
23,16,200212
23,27,200212
23,906,200212
23,137,200212
23,96,200212
23,17,200212
23,29,200212
23,160,200212
23,5,200212
23,24,200212
23,30,200212
23,35,200212
23,52,200212
23,65,200212
23,102,200212
23,83,200212
23,51,200212
23,133,200212
23,110,200212
23,211,200212
23,9,200212
23,501,200212
23,493,200212
23,863,200212
23,60,200212
23,21,200212
23,749,200212
23,13,200212
23,36,200212
23,100,200212
23,2,200212
23,139,200212
23,31,200212
23,88,200212
23,85,200212
23,135,200212
23,53,200212
23,12,200212
23,165,200212
23,116,200212
23,124,200212
23,22,200212
23,154,200212
23,72,200212
23,92,200212
23,10,200212
24,132,200212
24,34,200212
24,72,200212
24,27,200212
24,101,200212
24,19,200212
24,65,200212
24,1,200212
24,14,200212
24,51,200212
24,83,200212
24,143,200212
24,25,200212
24,59,200212
24,5,200212
24,501,200212
24,31,200212
24,17,200212
24,137,200212
24,54,200212
24,176,200212
24,60,200212
24,46,200212
24,159,200212
24,339,200212
24,117,200212
24,13,200212
24,28,200212
24,30,200212
24,81,200212
24,97,200212
24,165,200212
24,9,200212
24,2,200212
24,64,200212
24,62,200212
24,18,200212
24,11,200212
24,85,200212
24,327,200212
24,160,200212
24,274,200212
24,112,200212
24,154,200212
24,136,200212
24,52,200212
24,29,200212
24,43,200212
24,270,200212
24,146,200212
24,55,200212
24,113,200212
24,15,200212
24,440,200212
24,80,200212
24,131,200212
24,152,200212
24,224,200212
24,82,200212
24,48,200212
24,40,200212
24,32,200212
24,6,200212
24,26,200212
24,99,200212
24,16,200212
24,135,200212
25,282,200212
25,34,200212
25,138,200212
25,137,200212
25,35,200212
25,31,200212
25,552,200212
25,339,200212
25,92,200212
25,143,200212
25,93,200212
25,65,200212
25,77,200212
25,0,200212
25,433,200212
25,18,200212
25,23,200212
25,175,200212
25,14,200212
25,142,200212
25,97,200212
25,108,200212
25,85,200212
25,87,200212
25,27,200212
25,463,200212
25,419,200212
25,24,200212
25,165,200212
25,59,200212
25,98,200212
25,107,200212
25,160,200212
25,136,200212
25,6,200212
25,38,200212
25,10,200212
25,5,200212
25,2,200212
25,154,200212
25,1,200212
25,126,200212
25,20,200212
25,99,200212
25,28,200212
25,26,200212
25,132,200212
25,117,200212
25,176,200212
25,58,200212
25,181,200212
25,112,200212
25,11,200212
25,19,200212
25,69,200212
25,146,200212
25,102,200212
25,16,200212
25,183,200212
25,161,200212
25,208,200212
25,52,200212
25,40,200212
25,21,200212
25,64,200212
25,51,200212
25,265,200212
25,180,200212
25,32,200212
25,133,200212
25,96,200212
25,149,200212
25,13,200212
25,248,200212
25,9,200212
25,30,200212
25,115,200212
25,17,200212
25,118,200212
25,47,200212
25,72,200212
25,130,200212
25,22,200212
25,340,200212
25,337,200212
25,213,200212
25,216,200212
25,63,200212
25,53,200212
25,45,200212
25,169,200212
25,371,200212
25,110,200212
25,341,200212
25,120,200212
25,307,200212
25,39,200212
25,156,200212
25,57,200212
25,101,200212
25,76,200212
25,544,200212
25,80,200212
25,336,200212
25,71,200212
25,153,200212
25,152,200212
25,12,200212
25,157,200212
25,54,200212
25,393,200212
25,335,200212
25,116,200212
25,286,200212
25,188,200212
25,326,200212
25,124,200212
25,129,200212
25,46,200212
25,327,200212
25,139,200212
25,274,200212
25,36,200212
25,100,200212
25,83,200212
25,81,200212
25,29,200212
25,113,200212
25,89,200212
25,4,200212
25,48,200212
25,60,200212
26,20,200212
26,40,200212
26,195,200212
26,7,200212
26,4,200212
26,10,200212
26,136,200212
26,51,200212
26,31,200212
26,57,200212
26,180,200212
26,137,200212
26,79,200212
26,11,200212
26,206,200212
26,183,200212
26,102,200212
26,13,200212
26,86,200212
26,55,200212
26,28,200212
26,112,200212
26,77,200212
26,92,200212
26,165,200212
26,2,200212
26,107,200212
26,69,200212
26,60,200212
26,17,200212
26,170,200212
26,265,200212
26,332,200212
26,142,200212
26,85,200212
26,52,200212
26,1,200212
26,129,200212
26,5,200212
26,25,200212
26,96,200212
26,139,200212
26,100,200212
26,27,200212
26,18,200212
26,320,200212
26,78,200212
26,108,200212
26,12,200212
26,193,200212
26,313,200212
26,22,200212
26,59,200212
26,113,200212
26,45,200212
26,131,200212
26,71,200212
26,283,200212
26,297,200212
26,114,200212
26,120,200212
26,155,200212
26,64,200212
26,176,200212
26,117,200212
26,126,200212
26,192,200212
26,140,200212
26,134,200212
26,338,200212
26,38,200212
26,39,200212
26,143,200212
26,24,200212
26,146,200212
26,19,200212
26,81,200212
26,16,200212
26,80,200212
26,0,200212
26,83,200212
26,32,200212
26,76,200212
26,135,200212
26,14,200212
26,860,200212
26,99,200212
26,54,200212
26,36,200212
26,160,200212
26,48,200212
26,154,200212
26,97,200212
26,46,200212
26,35,200212
26,29,200212
27,165,200212
27,433,200212
27,23,200212
27,38,200212
27,175,200212
27,96,200212
27,552,200212
27,136,200212
27,9,200212
27,282,200212
27,188,200212
27,138,200212
27,1,200212
27,160,200212
27,34,200212
27,112,200212
27,6,200212
27,397,200212
27,32,200212
27,154,200212
27,265,200212
27,77,200212
27,18,200212
27,143,200212
27,24,200212
27,180,200212
27,62,200212
27,159,200212
27,156,200212
27,51,200212
27,43,200212
27,233,200212
27,137,200212
27,52,200212
27,76,200212
27,142,200212
27,64,200212
27,19,200212
27,74,200212
27,170,200212
27,213,200212
27,16,200212
27,30,200212
27,97,200212
27,183,200212
27,120,200212
27,83,200212
27,11,200212
27,2,200212
27,54,200212
27,69,200212
27,99,200212
27,35,200212
27,368,200212
27,102,200212
27,53,200212
27,139,200212
27,181,200212
27,21,200212
27,177,200212
27,124,200212
27,248,200212
27,48,200212
27,78,200212
27,59,200212
27,534,200212
27,45,200212
27,81,200212
27,176,200212
27,20,200212
27,134,200212
27,10,200212
27,834,200212
27,28,200212
27,0,200212
27,588,200212
27,85,200212
27,126,200212
27,490,200212
27,108,200212
27,113,200212
27,13,200212
27,480,200212
27,133,200212
27,60,200212
27,132,200212
27,12,200212
27,15,200212
27,104,200212
27,22,200212
27,752,200212
27,25,200212
27,155,200212
27,4,200212
27,146,200212
27,5,200212
27,72,200212
27,26,200212
27,92,200212
27,14,200212
27,40,200212
27,31,200212
27,46,200212
27,17,200212
27,29,200212
27,135,200212
28,32,200212
28,137,200212
28,143,200212
28,18,200212
28,112,200212
28,1,200212
28,104,200212
28,160,200212
28,5,200212
28,29,200212
28,552,200212
28,433,200212
28,175,200212
28,17,200212
28,77,200212
28,85,200212
28,26,200212
28,0,200212
28,36,200212
28,97,200212
28,135,200212
28,60,200212
28,139,200212
28,99,200212
28,27,200212
28,96,200212
28,72,200212
28,233,200212
28,52,200212
28,16,200212
28,25,200212
28,35,200212
28,13,200212
28,108,200212
28,107,200212
28,102,200212
28,6,200212
28,11,200212
28,69,200212
28,81,200212
28,261,200212
28,10,200212
28,142,200212
28,490,200212
28,4,200212
28,48,200212
28,752,200212
28,346,200212
28,34,200212
28,2,200212
28,155,200212
28,14,200212
28,136,200212
28,51,200212
28,19,200212
28,110,200212
28,534,200212
28,38,200212
28,183,200212
28,154,200212
28,83,200212
28,165,200212
28,92,200212
28,31,200212
28,89,200212
28,59,200212
28,64,200212
28,22,200212
28,146,200212
28,40,200212
28,20,200212
28,21,200212
29,87,200212
29,752,200212
29,281,200212
29,1,200212
29,433,200212
29,18,200212
29,247,200212
29,137,200212
29,59,200212
29,23,200212
29,160,200212
29,12,200212
29,136,200212
29,19,200212
29,64,200212
29,24,200212
29,51,200212
29,77,200212
29,72,200212
29,17,200212
29,314,200212
29,89,200212
29,132,200212
29,921,200212
29,110,200212
29,310,200212
29,54,200212
29,35,200212
29,159,200212
29,154,200212
29,13,200212
29,9,200212
29,5,200212
29,143,200212
29,391,200212
29,39,200212
29,4,200212
29,6,200212
29,176,200212
29,26,200212
29,10,200212
29,52,200212
29,40,200212
29,36,200212
29,11,200212
29,96,200212
29,14,200212
29,180,200212
29,170,200212
29,112,200212
29,57,200212
29,320,200212
29,120,200212
29,111,200212
29,371,200212
29,20,200212
29,80,200212
29,48,200212
29,60,200212
29,1205,200212
29,83,200212
29,22,200212
29,0,200212
29,31,200212
29,1088,200212
29,142,200212
29,146,200212
29,47,200212
29,233,200212
29,119,200212
29,55,200212
29,182,200212
29,97,200212
29,82,200212
29,46,200212
29,2,200212
29,234,200212
29,122,200212
29,129,200212
29,197,200212
29,45,200212
29,124,200212
29,1180,200212
29,248,200212
29,79,200212
29,134,200212
29,42,200212
29,161,200212
29,355,200212
29,21,200212
29,41,200212
29,193,200212
29,78,200212
29,28,200212
29,522,200212
29,7,200212
29,814,200212
29,172,200212
29,196,200212
29,276,200212
29,271,200212
29,32,200212
29,76,200212
29,269,200212
29,126,200212
29,16,200212
29,181,200212
29,117,200212
29,58,200212
29,224,200212
29,153,200212
29,163,200212
29,66,200212
29,139,200212
29,208,200212
29,270,200212
29,15,200212
29,53,200212
29,63,200212
29,169,200212
29,292,200212
29,71,200212
29,145,200212
29,265,200212
29,69,200212
29,183,200212
29,62,200212
29,101,200212
29,140,200212
29,171,200212
29,267,200212
29,65,200212
29,38,200212
29,198,200212
29,75,200212
29,44,200212
29,81,200212
29,108,200212
29,61,200212
29,195,200212
29,104,200212
29,544,200212
29,74,200212
29,125,200212
29,144,200212
29,175,200212
29,242,200212
29,121,200212
29,213,200212
29,100,200212
29,34,200212
29,165,200212
29,131,200212
29,107,200212
29,85,200212
29,25,200212
29,43,200212
29,113,200212
29,102,200212
29,155,200212
29,27,200212
29,99,200212
30,15,200212
30,132,200212
30,77,200212
30,23,200212
30,84,200212
30,12,200212
30,143,200212
30,433,200212
30,136,200212
30,748,200212
30,69,200212
30,24,200212
30,169,200212
30,330,200212
30,105,200212
30,19,200212
30,40,200212
30,97,200212
30,738,200212
30,14,200212
30,137,200212
30,6,200212
30,88,200212
30,122,200212
30,776,200212
30,113,200212
30,878,200212
30,775,200212
30,753,200212
30,1090,200212
30,21,200212
30,754,200212
30,67,200212
30,783,200212
30,147,200212
30,223,200212
30,183,200212
30,164,200212
30,51,200212
30,1,200212
30,11,200212
30,4,200212
30,18,200212
31,60,200212
31,77,200212
31,282,200212
31,327,200212
31,175,200212
31,136,200212
31,433,200212
31,18,200212
31,64,200212
31,46,200212
31,25,200212
31,198,200212
31,97,200212
31,9,200212
31,29,200212
31,244,200212
31,160,200212
31,267,200212
31,157,200212
31,24,200212
31,0,200212
31,142,200212
31,27,200212
31,62,200212
31,72,200212
31,155,200212
31,154,200212
31,120,200212
31,265,200212
31,132,200212
31,38,200212
31,19,200212
31,242,200212
31,320,200212
31,93,200212
31,59,200212
31,176,200212
31,54,200212
31,111,200212
31,66,200212
31,52,200212
31,85,200212
31,78,200212
31,81,200212
31,17,200212
31,181,200212
31,126,200212
31,125,200212
31,48,200212
31,108,200212
31,96,200212
31,180,200212
31,112,200212
31,278,200212
31,2,200212
31,182,200212
31,32,200212
31,6,200212
31,35,200212
31,51,200212
31,76,200212
31,100,200212
31,115,200212
31,92,200212
31,102,200212
31,124,200212
31,165,200212
31,141,200212
31,21,200212
31,133,200212
31,146,200212
31,137,200212
31,13,200212
31,99,200212
31,26,200212
31,23,200212
31,36,200212
31,4,200212
31,16,200212
31,80,200212
31,5,200212
31,28,200212
31,119,200212
31,40,200212
31,1,200212
31,10,200212
31,83,200212
31,135,200212
31,14,200212
32,0,200212
32,281,200212
32,143,200212
32,433,200212
32,146,200212
32,77,200212
32,160,200212
32,6,200212
32,129,200212
32,142,200212
32,23,200212
32,138,200212
32,19,200212
32,85,200212
32,104,200212
32,107,200212
32,249,200212
32,182,200212
32,80,200212
32,15,200212
32,355,200212
32,133,200212
32,1,200212
32,161,200212
32,9,200212
32,183,200212
32,12,200212
32,132,200212
32,126,200212
32,112,200212
32,31,200212
32,17,200212
32,176,200212
32,64,200212
32,21,200212
32,25,200212
32,5,200212
32,113,200212
32,101,200212
32,156,200212
32,180,200212
32,154,200212
32,96,200212
32,444,200212
32,137,200212
32,134,200212
32,78,200212
32,10,200212
32,82,200212
32,124,200212
32,28,200212
32,2,200212
32,100,200212
32,83,200212
32,265,200212
32,108,200212
32,61,200212
32,122,200212
32,13,200212
32,38,200212
32,18,200212
32,72,200212
32,375,200212
32,97,200212
32,4,200212
32,66,200212
32,51,200212
32,54,200212
32,24,200212
32,110,200212
32,170,200212
32,270,200212
32,422,200212
32,165,200212
32,262,200212
32,92,200212
32,181,200212
32,206,200212
32,242,200212
32,76,200212
32,75,200212
32,175,200212
32,545,200212
32,60,200212
32,59,200212
32,79,200212
32,46,200212
32,29,200212
32,198,200212
32,208,200212
32,546,200212
32,159,200212
32,44,200212
32,57,200212
32,62,200212
32,117,200212
32,63,200212
32,320,200212
32,40,200212
32,86,200212
32,27,200212
32,163,200212
32,81,200212
32,74,200212
32,332,200212
32,193,200212
32,362,200212
32,429,200212
32,269,200212
32,171,200212
32,205,200212
32,420,200212
32,140,200212
32,16,200212
32,197,200212
32,45,200212
32,94,200212
32,276,200212
32,178,200212
32,26,200212
32,55,200212
32,36,200212
32,43,200212
32,89,200212
32,65,200212
32,136,200212
32,120,200212
32,35,200212
32,139,200212
32,52,200212
32,135,200212
32,102,200212
32,48,200212
32,155,200212
32,131,200212
32,20,200212
32,99,200212
32,14,200212
33,346,200212
33,10,200212
33,51,200212
33,20,200212
33,4,200212
33,29,200212
33,18,200212
33,1,200212
33,248,200212
33,136,200212
33,17,200212
34,327,200212
34,63,200212
34,104,200212
34,23,200212
34,100,200212
34,159,200212
34,29,200212
34,501,200212
34,115,200212
34,160,200212
34,14,200212
34,96,200212
34,18,200212
34,588,200212
34,132,200212
34,24,200212
34,143,200212
34,64,200212
34,85,200212
34,9,200212
34,433,200212
34,834,200212
34,76,200212
34,53,200212
34,97,200212
34,58,200212
34,224,200212
34,107,200212
34,156,200212
34,122,200212
34,77,200212
34,83,200212
34,21,200212
34,11,200212
34,6,200212
34,28,200212
34,137,200212
34,146,200212
34,18,200212
34,25,200212
34,136,200212
34,137,200212
34,135,200212
34,160,200212
34,97,200212
34,1,200212
34,29,200212
34,154,200212
35,62,200212
35,59,200212
35,89,200212
35,433,200212
35,322,200212
35,26,200212
35,129,200212
35,0,200212
35,48,200212
35,31,200212
35,39,200212
35,29,200212
35,4,200212
35,375,200212
35,132,200212
35,1133,200212
35,61,200212
35,79,200212
35,137,200212
35,1,200212
35,58,200212
35,100,200212
35,53,200212
35,739,200212
35,19,200212
35,10,200212
35,25,200212
35,160,200212
35,262,200212
35,94,200212
35,675,200212
35,17,200212
35,193,200212
35,120,200212
35,143,200212
35,136,200212
35,9,200212
35,36,200212
35,335,200212
35,205,200212
35,60,200212
35,47,200212
35,21,200212
35,81,200212
35,20,200212
35,102,200212
35,27,200212
35,22,200212
35,96,200212
35,5,200212
35,97,200212
35,243,200212
35,34,200212
35,320,200212
35,12,200212
35,113,200212
35,135,200212
35,18,200212
35,73,200212
35,107,200212
35,28,200212
35,54,200212
35,117,200212
35,51,200212
35,142,200212
35,140,200212
35,112,200212
35,99,200212
35,139,200212
35,71,200212
35,14,200212
35,146,200212
35,108,200212
35,769,200212
35,46,200212
35,41,200212
35,16,200212
35,64,200212
35,52,200212
35,173,200212
35,32,200212
35,40,200212
35,83,200212
35,172,200212
35,154,200212
35,6,200212
35,13,200212
36,35,200212
36,39,200212
36,19,200212
36,139,200212
36,143,200212
36,60,200212
36,29,200212
36,117,200212
36,135,200212
36,161,200212
36,142,200212
36,136,200212
36,7,200212
36,18,200212
36,23,200212
36,26,200212
36,32,200212
36,16,200212
36,28,200212
36,4,200212
36,860,200212
36,165,200212
36,48,200212
36,126,200212
36,5,200212
36,79,200212
36,17,200212
36,146,200212
36,92,200212
36,75,200212
36,197,200212
36,160,200212
36,1,200212
36,155,200212
36,13,200212
36,80,200212
36,108,200212
36,102,200212
36,0,200212
36,52,200212
36,41,200212
36,99,200212
36,31,200212
36,178,200212
36,119,200212
36,137,200212
36,40,200212
36,97,200212
36,59,200212
36,25,200212
36,14,200212
36,46,200212
36,6,200212
37,537,200212
37,490,200212
37,159,200212
37,1,200212
37,17,200212
38,326,200212
38,188,200212
38,176,200212
38,46,200212
38,152,200212
38,77,200212
38,178,200212
38,79,200212
38,64,200212
38,120,200212
38,143,200212
38,160,200212
38,6,200212
38,433,200212
38,101,200212
38,14,200212
38,97,200212
38,140,200212
38,119,200212
38,180,200212
38,860,200212
38,9,200212
38,96,200212
38,19,200212
38,124,200212
38,54,200212
38,27,200212
38,13,200212
38,154,200212
38,63,200212
38,156,200212
38,45,200212
38,85,200212
38,112,200212
38,52,200212
38,83,200212
38,142,200212
38,18,200212
38,21,200212
38,29,200212
38,17,200212
38,28,200212
38,26,200212
38,40,200212
38,59,200212
38,16,200212
38,25,200212
38,10,200212
38,146,200212
38,99,200212
38,100,200212
38,60,200212
38,137,200212
38,32,200212
39,375,200212
39,141,200212
39,29,200212
39,137,200212
39,97,200212
39,136,200212
39,433,200212
39,160,200212
39,36,200212
39,35,200212
39,17,200212
39,59,200212
39,6,200212
39,60,200212
39,83,200212
39,100,200212
39,64,200212
39,5,200212
39,55,200212
39,455,200212
39,40,200212
39,247,200212
39,813,200212
39,143,200212
39,282,200212
39,281,200212
39,320,200212
39,57,200212
39,19,200212
39,101,200212
39,52,200212
39,23,200212
39,154,200212
39,78,200212
39,13,200212
39,99,200212
39,46,200212
39,26,200212
39,25,200212
39,146,200212
40,85,200212
40,549,200212
40,433,200212
40,282,200212
40,64,200212
40,449,200212
40,205,200212
40,893,200212
40,9,200212
40,160,200212
40,77,200212
40,26,200212
40,6,200212
40,143,200212
40,46,200212
40,142,200212
40,16,200212
40,117,200212
40,19,200212
40,14,200212
40,17,200212
40,274,200212
40,171,200212
40,101,200212
40,69,200212
40,66,200212
40,234,200212
40,175,200212
40,18,200212
40,145,200212
40,113,200212
40,11,200212
40,277,200212
40,121,200212
40,58,200212
40,10,200212
40,0,200212
40,111,200212
40,206,200212
40,135,200212
40,12,200212
40,15,200212
40,27,200212
40,144,200212
40,444,200212
40,165,200212
40,81,200212
40,463,200212
40,92,200212
40,124,200212
40,59,200212
40,51,200212
40,100,200212
40,1,200212
40,108,200212
40,858,200212
40,703,200212
40,60,200212
40,25,200212
40,360,200212
40,140,200212
40,889,200212
40,139,200212
40,76,200212
40,899,200212
40,178,200212
40,1022,200212
40,75,200212
40,285,200212
40,57,200212
40,1086,200212
40,170,200212
40,730,200212
40,369,200212
40,97,200212
40,65,200212
40,722,200212
40,146,200212
40,120,200212
40,63,200212
40,38,200212
40,54,200212
40,208,200212
40,370,200212
40,523,200212
40,182,200212
40,80,200212
40,373,200212
40,381,200212
40,79,200212
40,316,200212
40,24,200212
40,83,200212
40,95,200212
40,39,200212
40,374,200212
40,129,200212
40,338,200212
40,198,200212
40,1020,200212
40,332,200212
40,134,200212
40,797,200212
40,32,200212
40,55,200212
40,141,200212
40,176,200212
40,192,200212
40,387,200212
40,131,200212
40,62,200212
40,362,200212
40,154,200212
40,36,200212
40,48,200212
40,181,200212
40,31,200212
40,29,200212
40,155,200212
40,137,200212
40,126,200212
40,102,200212
40,35,200212
40,180,200212
40,28,200212
40,4,200212
40,52,200212
40,20,200212
40,99,200212
40,136,200212
40,13,200212
41,60,200212
41,80,200212
41,39,200212
41,160,200212
41,13,200212
41,98,200212
41,81,200212
41,72,200212
41,134,200212
41,208,200212
41,155,200212
41,137,200212
41,32,200212
41,29,200212
41,0,200212
41,146,200212
41,36,200212
41,35,200212
41,48,200212
41,46,200212
41,108,200212
41,97,200212
42,1180,200212
42,29,200212
43,66,200212
43,62,200212
43,54,200212
43,160,200212
43,16,200212
43,77,200212
43,30,200212
43,314,200212
43,74,200212
43,433,200212
43,12,200212
43,55,200212
43,125,200212
43,19,200212
43,175,200212
43,276,200212
43,6,200212
43,13,200212
43,57,200212
43,48,200212
43,137,200212
43,136,200212
43,171,200212
43,146,200212
43,18,200212
43,32,200212
43,29,200212
44,54,200212
44,131,200212
44,74,200212
44,43,200212
44,144,200212
44,52,200212
44,120,200212
44,16,200212
44,57,200212
44,32,200212
44,18,200212
44,29,200212
45,282,200212
45,160,200212
45,347,200212
45,6,200212
45,197,200212
45,66,200212
45,43,200212
45,241,200212
45,176,200212
45,16,200212
45,19,200212
45,102,200212
45,124,200212
45,136,200212
45,75,200212
45,81,200212
45,38,200212
45,1,200212
45,77,200212
45,29,200212
45,83,200212
45,99,200212
45,46,200212
45,26,200212
45,25,200212
45,97,200212
45,32,200212
45,137,200212
45,146,200212
45,64,200212
46,17,200212
46,326,200212
46,178,200212
46,19,200212
46,60,200212
46,16,200212
46,112,200212
46,216,200212
46,80,200212
46,143,200212
46,27,200212
46,31,200212
46,4,200212
46,10,200212
46,39,200212
46,14,200212
46,77,200212
46,66,200212
46,136,200212
46,62,200212
46,335,200212
46,20,200212
46,13,200212
46,175,200212
46,40,200212
46,89,200212
46,160,200212
46,393,200212
46,76,200212
46,24,200212
46,83,200212
46,97,200212
46,274,200212
46,129,200212
46,433,200212
46,141,200212
46,0,200212
46,223,200212
46,270,200212
46,135,200212
46,131,200212
46,157,200212
46,137,200212
46,22,200212
46,188,200212
46,61,200212
46,320,200212
46,74,200212
46,1065,200212
46,197,200212
46,29,200212
46,146,200212
46,1,200212
46,18,200212
46,57,200212
46,6,200212
46,900,200212
46,120,200212
46,75,200212
46,45,200212
46,78,200212
46,266,200212
46,95,200212
46,167,200212
46,250,200212
46,65,200212
46,99,200212
46,797,200212
46,81,200212
46,63,200212
46,224,200212
46,35,200212
46,101,200212
46,544,200212
46,38,200212
46,100,200212
46,79,200212
46,458,200212
46,73,200212
46,158,200212
46,152,200212
46,278,200212
46,98,200212
46,860,200212
46,445,200212
46,41,200212
46,124,200212
46,192,200212
46,287,200212
46,58,200212
46,172,200212
46,744,200212
46,155,200212
46,154,200212
46,140,200212
46,25,200212
46,176,200212
46,117,200212
46,342,200212
46,126,200212
46,813,200212
46,237,200212
46,54,200212
46,156,200212
46,180,200212
46,142,200212
46,94,200212
46,32,200212
46,52,200212
46,64,200212
46,139,200212
46,102,200212
46,36,200212
46,108,200212
46,48,200212
46,26,200212
47,35,200212
47,137,200212
47,25,200212
47,13,200212
47,17,200212
47,4,200212
47,119,200212
47,327,200212
47,96,200212
47,29,200212
47,165,200212
47,124,200212
47,116,200212
47,93,200212
47,72,200212
47,452,200212
47,248,200212
47,97,200212
47,274,200212
47,92,200212
48,780,200212
48,769,200212
48,29,200212
48,57,200212
48,175,200212
48,83,200212
48,342,200212
48,132,200212
48,31,200212
48,139,200212
48,35,200212
48,60,200212
48,129,200212
48,433,200212
48,16,200212
48,768,200212
48,6,200212
48,39,200212
48,160,200212
48,19,200212
48,15,200212
48,81,200212
48,178,200212
48,36,200212
48,375,200212
48,143,200212
48,97,200212
48,552,200212
48,758,200212
48,28,200212
48,51,200212
48,112,200212
48,161,200212
48,137,200212
48,27,200212
48,25,200212
48,347,200212
48,80,200212
48,4,200212
48,17,200212
48,142,200212
48,155,200212
48,274,200212
48,463,200212
48,108,200212
48,181,200212
48,10,200212
48,21,200212
48,96,200212
48,71,200212
48,136,200212
48,20,200212
48,59,200212
48,85,200212
48,121,200212
48,180,200212
48,14,200212
48,64,200212
48,172,200212
48,102,200212
48,18,200212
48,1,200212
48,5,200212
48,52,200212
48,26,200212
48,13,200212
48,92,200212
48,341,200212
48,77,200212
48,11,200212
48,154,200212
48,79,200212
48,99,200212
48,146,200212
48,320,200212
48,195,200212
48,41,200212
48,54,200212
48,119,200212
48,0,200212
48,135,200212
48,40,200212
48,32,200212
48,100,200212
48,46,200212
49,69,200212
49,806,200212
49,951,200212
49,317,200212
49,177,200212
49,51,200212
50,69,200212
50,177,200212
50,51,200212
50,4,200212
51,137,200212
51,154,200212
51,160,200212
51,175,200212
51,798,200212
51,795,200212
51,112,200212
51,132,200212
51,23,200212
51,29,200212
51,69,200212
51,11,200212
51,215,200212
51,180,200212
51,84,200212
51,143,200212
51,77,200212
51,136,200212
51,214,200212
51,433,200212
51,346,200212
51,247,200212
51,165,200212
51,4,200212
51,17,200212
51,18,200212
51,5,200212
51,184,200212
51,93,200212
51,110,200212
51,24,200212
51,741,200212
51,19,200212
51,901,200212
51,150,200212
51,39,200212
51,9,200212
51,6,200212
51,177,200212
51,133,200212
51,2,200212
51,14,200212
51,21,200212
51,164,200212
51,139,200212
51,0,200212
51,60,200212
51,227,200212
51,99,200212
51,26,200212
51,20,200212
51,129,200212
51,120,200212
51,25,200212
51,36,200212
51,52,200212
51,85,200212
51,22,200212
51,35,200212
51,108,200212
51,12,200212
51,13,200212
51,135,200212
51,27,200212
51,155,200212
51,301,200212
51,92,200212
51,28,200212
51,119,200212
51,81,200212
51,300,200212
51,248,200212
51,311,200212
51,102,200212
51,222,200212
51,50,200212
51,1,200212
51,121,200212
51,97,200212
51,317,200212
51,271,200212
51,213,200212
51,113,200212
51,59,200212
51,866,200212
51,761,200212
51,49,200212
51,31,200212
51,30,200212
51,33,200212
51,10,200212
51,96,200212
51,64,200212
51,32,200212
51,183,200212
51,107,200212
51,89,200212
51,146,200212
52,24,200212
52,19,200212
52,433,200212
52,6,200212
52,293,200212
52,132,200212
52,129,200212
52,32,200212
52,102,200212
52,13,200212
52,175,200212
52,79,200212
52,176,200212
52,59,200212
52,282,200212
52,194,200212
52,155,200212
52,208,200212
52,137,200212
52,160,200212
52,77,200212
52,40,200212
52,31,200212
52,23,200212
52,138,200212
52,14,200212
52,114,200212
52,143,200212
52,55,200212
52,180,200212
52,183,200212
52,27,200212
52,78,200212
52,126,200212
52,48,200212
52,100,200212
52,54,200212
52,53,200212
52,12,200212
52,113,200212
52,10,200212
52,18,200212
52,112,200212
52,51,200212
52,0,200212
52,25,200212
52,81,200212
52,4,200212
52,96,200212
52,80,200212
52,139,200212
52,9,200212
52,11,200212
52,28,200212
52,136,200212
52,20,200212
52,36,200212
52,1,200212
52,5,200212
52,38,200212
52,92,200212
52,154,200212
52,99,200212
52,117,200212
52,108,200212
52,16,200212
52,60,200212
52,29,200212
52,142,200212
52,83,200212
52,64,200212
52,135,200212
52,35,200212
52,46,200212
52,146,200212
52,97,200212
53,10,200212
53,5,200212
53,115,200212
53,27,200212
53,160,200212
53,433,200212
53,107,200212
53,96,200212
53,131,200212
53,104,200212
53,16,200212
53,19,200212
53,80,200212
53,26,200212
53,139,200212
53,112,200212
53,83,200212
53,25,200212
53,13,200212
53,314,200212
53,81,200212
53,12,200212
53,2,200212
53,64,200212
53,99,200212
53,86,200212
53,97,200212
53,20,200212
53,4,200212
53,9,200212
53,72,200212
53,17,200212
53,29,200212
53,146,200212
53,137,200212
53,1,200212
53,11,200212
53,154,200212
53,136,200212
53,18,200212
54,19,200212
54,77,200212
54,244,200212
54,440,200212
54,156,200212
54,814,200212
54,166,200212
54,24,200212
54,136,200212
54,137,200212
54,430,200212
54,16,200212
54,131,200212
54,18,200212
54,29,200212
54,433,200212
54,422,200212
54,160,200212
54,143,200212
54,281,200212
54,124,200212
54,132,200212
54,23,200212
54,69,200212
54,38,200212
54,21,200212
54,197,200212
54,122,200212
54,98,200212
54,71,200212
54,26,200212
54,97,200212
54,6,200212
54,180,200212
54,92,200212
54,28,200212
54,51,200212
54,64,200212
54,1088,200212
54,100,200212
54,208,200212
54,60,200212
54,445,200212
54,444,200212
54,341,200212
54,274,200212
54,83,200212
54,66,200212
54,17,200212
54,154,200212
54,48,200212
54,13,200212
54,2,200212
54,20,200212
54,248,200212
54,1,200212
54,346,200212
54,52,200212
54,32,200212
54,0,200212
54,10,200212
54,170,200212
54,146,200212
54,145,200212
54,420,200212
54,276,200212
54,99,200212
54,40,200212
54,44,200212
54,43,200212
54,14,200212
54,31,200212
54,81,200212
54,74,200212
54,108,200212
54,139,200212
54,181,200212
54,12,200212
54,25,200212
54,135,200212
54,46,200212
54,27,200212
55,77,200212
55,11,200212
55,433,200212
55,52,200212
55,29,200212
55,134,200212
55,126,200212
55,198,200212
55,43,200212
55,62,200212
55,14,200212
55,1,200212
55,19,200212
55,208,200212
55,76,200212
55,5,200212
55,742,200212
55,31,200212
55,97,200212
55,83,200212
55,180,200212
55,36,200212
55,16,200212
55,99,200212
55,13,200212
55,40,200212
55,26,200212
55,146,200212
55,32,200212
55,6,200212
55,64,200212
55,59,200212
57,140,200212
57,63,200212
57,120,200212
57,160,200212
57,19,200212
57,282,200212
57,83,200212
57,274,200212
57,77,200212
57,157,200212
57,143,200212
57,175,200212
57,335,200212
57,433,200212
57,309,200212
57,188,200212
57,32,200212
57,237,200212
57,152,200212
57,12,200212
57,99,200212
57,131,200212
57,142,200212
57,205,200212
57,40,200212
57,39,200212
57,60,200212
57,46,200212
57,16,200212
57,25,200212
57,29,200212
57,146,200212
57,6,200212
57,26,200212
57,137,200212
57,64,200212
57,97,200212
58,52,200212
58,433,200212
58,65,200212
58,20,200212
58,675,200212
58,31,200212
58,160,200212
58,62,200212
58,77,200212
58,35,200212
58,143,200212
58,152,200212
58,157,200212
58,181,200212
58,161,200212
58,25,200212
58,81,200212
58,40,200212
58,38,200212
58,19,200212
58,99,200212
58,80,200212
58,60,200212
58,29,200212
58,137,200212
58,46,200212
58,146,200212
58,97,200212
59,46,200212
59,5,200212
59,39,200212
59,110,200212
59,76,200212
59,175,200212
59,102,200212
59,281,200212
59,132,200212
59,160,200212
59,52,200212
59,24,200212
59,2,200212
59,433,200212
59,322,200212
59,375,200212
59,6,200212
59,13,200212
59,35,200212
59,17,200212
59,89,200212
59,1133,200212
59,138,200212
59,146,200212
59,77,200212
59,675,200212
59,85,200212
59,496,200212
59,195,200212
59,25,200212
59,137,200212
59,79,200212
59,48,200212
59,61,200212
59,97,200212
59,62,200212
59,143,200212
59,4,200212
59,29,200212
59,223,200212
59,16,200212
59,164,200212
59,60,200212
59,133,200212
59,108,200212
59,21,200212
59,72,200212
59,107,200212
59,266,200212
59,20,200212
59,194,200212
59,129,200212
59,28,200212
59,99,200212
59,83,200212
59,51,200212
59,32,200212
59,38,200212
59,14,200212
59,40,200212
59,64,200212
59,19,200212
59,180,200212
59,18,200212
59,10,200212
59,1,200212
59,0,200212
59,11,200212
59,112,200212
59,23,200212
59,136,200212
59,154,200212
59,36,200212
59,172,200212
59,126,200212
59,55,200212
59,121,200212
59,139,200212
59,117,200212
59,142,200212
60,92,200212
60,6,200212
60,41,200212
60,81,200212
60,205,200212
60,95,200212
60,58,200212
60,13,200212
60,40,200212
60,155,200212
60,98,200212
60,19,200212
60,160,200212
60,2,200212
60,143,200212
60,39,200212
60,65,200212
60,772,200212
60,137,200212
60,36,200212
60,14,200212
60,24,200212
60,46,200212
60,77,200212
60,0,200212
60,59,200212
60,62,200212
60,175,200212
60,108,200212
60,23,200212
60,35,200212
60,433,200212
60,97,200212
60,31,200212
60,375,200212
60,48,200212
60,100,200212
60,9,200212
60,132,200212
60,139,200212
60,51,200212
60,21,200212
60,99,200212
60,112,200212
60,11,200212
60,4,200212
60,64,200212
60,113,200212
60,16,200212
60,142,200212
60,17,200212
60,69,200212
60,28,200212
60,20,200212
60,22,200212
60,739,200212
60,27,200212
60,54,200212
60,5,200212
60,71,200212
60,10,200212
60,12,200212
60,136,200212
60,110,200212
60,52,200212
60,57,200212
60,281,200212
60,107,200212
60,72,200212
60,26,200212
60,129,200212
60,172,200212
60,178,200212
60,18,200212
60,79,200212
60,249,200212
60,55,200212
60,115,200212
60,102,200212
60,181,200212
60,197,200212
60,355,200212
60,32,200212
60,269,200212
60,769,200212
60,83,200212
60,860,200212
60,157,200212
60,85,200212
60,146,200212
60,80,200212
60,75,200212
60,117,200212
60,156,200212
60,76,200212
60,1,200212
60,96,200212
60,38,200212
60,119,200212
60,29,200212
60,154,200212
60,180,200212
60,135,200212
60,25,200212
61,415,200212
61,160,200212
61,433,200212
61,234,200212
61,265,200212
61,138,200212
61,59,200212
61,132,200212
61,144,200212
61,153,200212
61,143,200212
61,407,200212
61,111,200212
61,12,200212
61,24,200212
61,122,200212
61,135,200212
61,208,200212
61,85,200212
61,31,200212
61,54,200212
61,14,200212
61,88,200212
61,18,200212
61,154,200212
61,29,200212
61,136,200212
62,66,200212
62,138,200212
62,14,200212
62,165,200212
62,6,200212
62,1,200212
62,35,200212
62,18,200212
62,31,200212
62,13,200212
62,60,200212
62,97,200212
62,4,200212
62,27,200212
62,137,200212
62,160,200212
62,19,200212
62,112,200212
62,23,200212
62,136,200212
62,77,200212
62,17,200212
62,143,200212
62,46,200212
62,171,200212
62,197,200212
62,16,200212
62,176,200212
62,248,200212
62,32,200212
62,146,200212
62,154,200212
62,40,200212
62,29,200212
63,393,200212
63,9,200212
63,334,200212
63,237,200212
63,81,200212
63,73,200212
63,178,200212
63,19,200212
63,16,200212
63,99,200212
63,146,200212
63,46,200212
63,40,200212
63,25,200212
63,32,200212
63,64,200212
63,29,200212
63,97,200212
64,241,200212
64,29,200212
64,102,200212
64,14,200212
64,46,200212
64,433,200212
64,131,200212
64,552,200212
64,77,200212
64,38,200212
64,83,200212
64,143,200212
64,31,200212
64,281,200212
64,97,200212
64,178,200212
64,27,200212
64,24,200212
64,482,200212
64,13,200212
64,146,200212
64,79,200212
64,192,200212
64,140,200212
64,170,200212
64,6,200212
64,139,200212
64,208,200212
64,160,200212
64,314,200212
64,39,200212
64,99,200212
64,167,200212
64,242,200212
64,65,200212
64,81,200212
64,703,200212
64,223,200212
64,51,200212
64,0,200212
64,22,200212
64,858,200212
64,25,200212
64,154,200212
64,40,200212
64,320,200212
64,74,200212
64,84,200212
64,45,200212
64,35,200212
64,132,200212
64,53,200212
64,444,200212
64,4,200212
64,60,200212
64,354,200212
64,54,200212
64,164,200212
64,2,200212
64,113,200212
64,136,200212
64,20,200212
64,137,200212
64,12,200212
64,26,200212
64,1,200212
64,59,200212
64,28,200212
64,69,200212
64,8,200212
64,21,200212
64,278,200212
64,5,200212
64,110,200212
64,19,200212
64,266,200212
64,129,200212
64,172,200212
64,10,200212
64,16,200212
64,80,200212
64,63,200212
64,332,200212
64,205,200212
64,195,200212
64,176,200212
64,112,200212
64,76,200212
64,126,200212
64,120,200212
64,180,200212
64,101,200212
64,52,200212
64,142,200212
64,57,200212
64,134,200212
64,117,200212
64,78,200212
64,32,200212
64,55,200212
64,155,200212
64,100,200212
64,18,200212
64,11,200212
64,121,200212
64,48,200212
64,17,200212
64,108,200212
65,64,200212
65,282,200212
65,27,200212
65,143,200212
65,176,200212
65,77,200212
65,274,200212
65,375,200212
65,25,200212
65,195,200212
65,339,200212
65,6,200212
65,23,200212
65,57,200212
65,40,200212
65,163,200212
65,170,200212
65,83,200212
65,0,200212
65,60,200212
65,26,200212
65,16,200212
65,46,200212
65,146,200212
65,160,200212
65,135,200212
65,29,200212
65,32,200212
65,97,200212
66,433,200212
66,500,200212
66,43,200212
66,143,200212
66,77,200212
66,181,200212
66,62,200212
66,154,200212
66,32,200212
66,160,200212
66,26,200212
66,78,200212
66,40,200212
66,134,200212
66,79,200212
66,31,200212
66,54,200212
66,248,200212
66,100,200212
66,18,200212
66,146,200212
66,29,200212
66,97,200212
66,135,200212
67,147,200212
67,69,200212
67,164,200212
67,30,200212
67,136,200212
68,147,200212
68,67,200212
68,136,200212
69,132,200212
69,15,200212
69,50,200212
69,3,200212
69,136,200212
69,49,200212
69,433,200212
69,30,200212
69,137,200212
69,23,200212
69,317,200212
69,160,200212
69,143,200212
69,806,200212
69,72,200212
69,247,200212
69,33,200212
69,807,200212
69,5,200212
69,96,200212
69,51,200212
69,177,200212
69,77,200212
69,311,200212
69,27,200212
69,102,200212
69,85,200212
69,18,200212
69,97,200212
69,4,200212
69,6,200212
69,2,200212
69,121,200212
69,154,200212
69,12,200212
69,227,200212
69,19,200212
69,29,200212
69,17,200212
69,9,200212
69,48,200212
69,222,200212
69,164,200212
69,165,200212
69,13,200212
69,184,200212
69,248,200212
69,22,200212
69,28,200212
69,223,200212
69,84,200212
69,10,200212
69,133,200212
69,976,200212
69,1,200212
69,112,200212
69,21,200212
69,107,200212
69,183,200212
69,11,200212
70,136,200212
70,84,200212
70,160,200212
70,53,200212
70,371,200212
70,376,200212
70,1,200212
70,11,200212
71,108,200212
71,32,200212
71,48,200212
71,26,200212
71,35,200212
71,146,200212
71,20,200212
71,6,200212
71,17,200212
71,97,200212
71,18,200212
71,25,200212
71,29,200212
71,136,200212
71,137,200212
72,27,200212
72,188,200212
72,152,200212
72,433,200212
72,143,200212
72,17,200212
72,124,200212
72,34,200212
72,137,200212
72,32,200212
72,136,200212
72,77,200212
72,154,200212
72,104,200212
72,160,200212
72,4,200212
72,9,200212
72,208,200212
72,25,200212
72,58,200212
72,57,200212
72,74,200212
72,161,200212
72,1,200212
72,41,200212
72,150,200212
72,224,200212
72,534,200212
72,16,200212
72,83,200212
72,47,200212
72,108,200212
72,102,200212
72,183,200212
72,165,200212
72,59,200212
72,2,200212
72,23,200212
72,248,200212
72,97,200212
72,92,200212
72,14,200212
72,5,200212
72,133,200212
72,93,200212
72,112,200212
72,53,200212
72,85,200212
72,135,200212
72,31,200212
72,11,200212
72,10,200212
72,146,200212
72,18,200212
72,29,200212
72,274,200212
73,100,200212
73,83,200212
73,0,200212
73,35,200212
73,14,200212
73,63,200212
73,46,200212
73,97,200212
74,44,200212
74,52,200212
74,65,200212
74,440,200212
74,197,200212
74,111,200212
74,174,200212
74,265,200212
74,176,200212
74,40,200212
74,38,200212
74,34,200212
74,752,200212
74,117,200212
74,64,200212
74,46,200212
74,19,200212
74,43,200212
74,18,200212
74,29,200212
74,142,200212
74,6,200212
74,20,200212
74,54,200212
74,32,200212
74,146,200212
75,64,200212
75,16,200212
75,27,200212
75,154,200212
75,24,200212
75,41,200212
75,36,200212
75,178,200212
75,160,200212
75,248,200212
75,370,200212
75,40,200212
75,32,200212
75,146,200212
75,46,200212
75,97,200212
75,60,200212
75,29,200212
76,9,200212
76,433,200212
76,788,200212
76,178,200212
76,85,200212
76,216,200212
76,64,200212
76,146,200212
76,78,200212
76,143,200212
76,97,200212
76,101,200212
76,160,200212
76,77,200212
76,326,200212
76,140,200212
76,278,200212
76,5,200212
76,813,200212
76,14,200212
76,24,200212
76,194,200212
76,21,200212
76,0,200212
76,25,200212
76,12,200212
76,27,200212
76,242,200212
76,52,200212
76,16,200212
76,80,200212
76,124,200212
76,81,200212
76,135,200212
76,320,200212
76,54,200212
76,83,200212
76,35,200212
76,126,200212
76,6,200212
76,20,200212
76,142,200212
76,247,200212
76,40,200212
76,32,200212
76,46,200212
76,29,200212
76,19,200212
76,13,200212
76,99,200212
76,137,200212
76,26,200212
76,60,200212
77,17,200212
77,154,200212
77,32,200212
77,159,200212
77,131,200212
77,15,200212
77,25,200212
77,155,200212
77,14,200212
77,161,200212
77,552,200212
77,79,200212
77,132,200212
77,48,200212
77,110,200212
77,6,200212
77,20,200212
77,9,200212
77,97,200212
77,18,200212
77,112,200212
77,142,200212
77,137,200212
77,144,200212
77,12,200212
77,40,200212
77,4,200212
77,135,200212
77,27,200212
77,101,200212
77,38,200212
77,107,200212
77,181,200212
77,197,200212
77,62,200212
77,66,200212
77,1,200212
77,5,200212
77,76,200212
77,28,200212
77,136,200212
77,30,200212
77,96,200212
77,129,200212
77,21,200212
77,194,200212
77,120,200212
77,113,200212
77,23,200212
77,13,200212
77,143,200212
77,51,200212
77,81,200212
77,72,200212
77,140,200212
77,59,200212
77,281,200212
77,117,200212
77,29,200212
77,57,200212
77,19,200212
77,160,200212
77,11,200212
77,16,200212
77,362,200212
77,64,200212
77,83,200212
77,69,200212
77,46,200212
77,176,200212
77,911,200212
77,52,200212
77,65,200212
77,54,200212
77,102,200212
77,123,200212
77,22,200212
77,41,200212
77,60,200212
77,180,200212
77,183,200212
77,265,200212
77,152,200212
77,85,200212
77,274,200212
77,80,200212
77,10,200212
77,45,200212
77,126,200212
77,133,200212
77,108,200212
77,35,200212
77,156,200212
77,31,200212
77,2,200212
77,248,200212
77,100,200212
77,237,200212
77,146,200212
77,0,200212
77,92,200212
77,26,200212
77,94,200212
77,99,200212
77,375,200212
77,139,200212
78,35,200212
78,160,200212
78,83,200212
78,208,200212
78,58,200212
78,38,200212
78,54,200212
78,39,200212
78,433,200212
78,81,200212
78,64,200212
78,44,200212
78,77,200212
78,23,200212
78,40,200212
78,4,200212
78,32,200212
78,14,200212
78,460,200212
78,114,200212
78,26,200212
78,46,200212
78,6,200212
78,137,200212
78,29,200212
78,97,200212
78,146,200212
79,134,200212
79,77,200212
79,433,200212
79,182,200212
79,152,200212
79,102,200212
79,126,200212
79,59,200212
79,13,200212
79,160,200212
79,31,200212
79,14,200212
79,26,200212
79,332,200212
79,24,200212
79,124,200212
79,131,200212
79,6,200212
79,180,200212
79,60,200212
79,97,200212
79,40,200212
79,32,200212
79,29,200212
79,16,200212
79,48,200212
79,64,200212
79,375,200212
79,46,200212
79,266,200212
79,19,200212
79,146,200212
80,23,200212
80,157,200212
80,433,200212
80,160,200212
80,132,200212
80,286,200212
80,512,200212
80,156,200212
80,118,200212
80,76,200212
80,445,200212
80,136,200212
80,143,200212
80,78,200212
80,242,200212
80,99,200212
80,19,200212
80,81,200212
80,154,200212
80,124,200212
80,77,200212
80,27,200212
80,54,200212
80,58,200212
80,244,200212
80,64,200212
80,29,200212
80,97,200212
80,102,200212
80,112,200212
80,5,200212
80,40,200212
80,137,200212
80,100,200212
80,48,200212
80,46,200212
80,6,200212
80,25,200212
80,32,200212
80,26,200212
80,1,200212
80,10,200212
80,60,200212
80,31,200212
80,146,200212
80,108,200212
80,135,200212
80,92,200212
80,14,200212
80,0,200212
81,31,200212
81,23,200212
81,142,200212
81,29,200212
81,99,200212
81,146,200212
81,16,200212
81,39,200212
81,32,200212
81,19,200212
81,83,200212
81,132,200212
81,102,200212
81,171,200212
81,25,200212
81,96,200212
81,136,200212
81,20,200212
81,64,200212
81,161,200212
81,341,200212
81,107,200212
81,61,200212
81,233,200212
81,15,200212
81,28,200212
81,74,200212
81,78,200212
81,30,200212
81,57,200212
81,58,200212
81,51,200212
81,18,200212
81,137,200212
81,0,200212
81,80,200212
81,40,200212
81,11,200212
81,192,200212
81,27,200212
81,155,200212
81,444,200212
81,113,200212
81,12,200212
81,97,200212
81,154,200212
81,124,200212
81,181,200212
81,112,200212
81,85,200212
81,10,200212
81,14,200212
81,4,200212
81,60,200212
81,1,200212
81,5,200212
81,100,200212
81,21,200212
81,139,200212
81,17,200212
81,48,200212
81,160,200212
81,54,200212
81,46,200212
81,13,200212
81,6,200212
81,26,200212
81,52,200212
81,108,200212
81,135,200212
82,32,200212
82,65,200212
82,25,200212
82,108,200212
82,146,200212
82,97,200212
82,6,200212
83,64,200212
83,101,200212
83,281,200212
83,160,200212
83,78,200212
83,76,200212
83,19,200212
83,6,200212
83,193,200212
83,39,200212
83,143,200212
83,77,200212
83,14,200212
83,155,200212
83,175,200212
83,48,200212
83,117,200212
83,782,200212
83,46,200212
83,72,200212
83,24,200212
83,433,200212
83,51,200212
83,22,200212
83,108,200212
83,100,200212
83,53,200212
83,55,200212
83,9,200212
83,154,200212
83,96,200212
83,137,200212
83,44,200212
83,2,200212
83,52,200212
83,29,200212
83,171,200212
83,41,200212
83,282,200212
83,73,200212
83,274,200212
83,5,200212
83,139,200212
83,59,200212
83,444,200212
83,97,200212
83,65,200212
83,124,200212
83,13,200212
83,183,200212
83,132,200212
83,120,200212
83,102,200212
83,25,200212
83,85,200212
83,136,200212
83,178,200212
83,18,200212
83,38,200212
83,54,200212
83,237,200212
83,27,200212
83,57,200212
83,17,200212
83,20,200212
83,32,200212
83,4,200212
83,11,200212
83,45,200212
83,21,200212
83,146,200212
83,112,200212
83,142,200212
83,40,200212
83,92,200212
83,16,200212
83,10,200212
83,81,200212
83,28,200212
83,129,200212
83,99,200212
83,1,200212
83,26,200212
83,60,200212
83,135,200212
83,31,200212
83,35,200212
84,753,200212
84,812,200212
84,213,200212
84,69,200212
84,86,200212
84,53,200212
84,776,200212
84,976,200212
84,164,200212
84,160,200212
84,223,200212
84,30,200212
84,238,200212
84,910,200212
84,85,200212
84,265,200212
84,64,200212
84,51,200212
84,88,200212
84,11,200212
84,4,200212
84,18,200212
85,739,200212
85,740,200212
85,165,200212
85,29,200212
85,160,200212
85,483,200212
85,14,200212
85,142,200212
85,59,200212
85,552,200212
85,220,200212
85,76,200212
85,433,200212
85,34,200212
85,2,200212
85,274,200212
85,154,200212
85,183,200212
85,146,200212
85,150,200212
85,25,200212
85,282,200212
85,24,200212
85,143,200212
85,10,200212
85,23,200212
85,341,200212
85,28,200212
85,112,200212
85,69,200212
85,4,200212
85,48,200212
85,20,200212
85,52,200212
85,161,200212
85,27,200212
85,0,200212
85,58,200212
85,18,200212
85,208,200212
85,1,200212
85,83,200212
85,13,200212
85,22,200212
85,136,200212
85,133,200212
85,40,200212
85,113,200212
85,17,200212
85,155,200212
85,11,200212
85,81,200212
85,35,200212
85,6,200212
85,51,200212
85,38,200212
85,102,200212
85,108,200212
85,32,200212
85,99,200212
85,100,200212
85,64,200212
85,21,200212
85,26,200212
85,36,200212
85,124,200212
85,9,200212
85,116,200212
85,97,200212
85,92,200212
85,72,200212
85,5,200212
85,96,200212
85,93,200212
85,60,200212
85,137,200212
85,115,200212
85,149,200212
85,31,200212
86,265,200212
86,84,200212
86,135,200212
86,64,200212
86,83,200212
86,238,200212
86,17,200212
86,32,200212
86,136,200212
86,4,200212
86,11,200212
86,18,200212
87,291,200212
87,89,200212
87,203,200212
87,168,200212
88,150,200212
88,6,200212
88,112,200212
88,84,200212
88,160,200212
88,335,200212
88,61,200212
88,30,200212
88,393,200212
88,223,200212
88,18,200212
88,11,200212
88,4,200212
89,29,200212
89,778,200212
89,212,200212
89,97,200212
89,175,200212
89,770,200212
89,243,200212
89,17,200212
89,7,200212
89,87,200212
89,5,200212
89,828,200212
89,24,200212
89,280,200212
89,90,200212
89,323,200212
89,23,200212
89,25,200212
89,8,200212
89,35,200212
89,6,200212
89,91,200212
89,272,200212
89,152,200212
89,0,200212
89,135,200212
89,1,200212
89,10,200212
89,133,200212
89,136,200212
89,32,200212
89,110,200212
89,113,200212
89,112,200212
89,20,200212
89,21,200212
89,154,200212
89,28,200212
89,11,200212
89,4,200212
89,18,200212
89,51,200212
89,137,200212
90,89,200212
90,8,200212
90,243,200212
90,7,200212
91,89,200212
92,60,200212
92,18,200212
92,97,200212
92,16,200212
92,69,200212
92,180,200212
92,183,200212
92,38,200212
92,135,200212
92,31,200212
92,72,200212
92,9,200212
92,155,200212
92,19,200212
92,32,200212
92,142,200212
92,52,200212
92,85,200212
92,107,200212
92,12,200212
92,83,200212
92,11,200212
92,48,200212
92,143,200212
92,21,200212
92,77,200212
92,100,200212
92,119,200212
92,116,200212
92,4,200212
92,102,200212
92,5,200212
92,28,200212
92,26,200212
92,124,200212
92,146,200212
92,115,200212
92,108,200212
92,137,200212
92,149,200212
92,17,200212
92,96,200212
92,27,200212
92,165,200212
92,80,200212
92,157,200212
92,47,200212
92,14,200212
92,10,200212
92,154,200212
92,1,200212
92,93,200212
92,2,200212
92,0,200212
92,274,200212
93,47,200212
93,160,200212
93,491,200212
93,188,200212
93,2,200212
93,124,200212
93,48,200212
93,433,200212
93,77,200212
93,149,200212
93,146,200212
93,137,200212
93,0,200212
93,108,200212
93,116,200212
93,115,200212
93,17,200212
93,18,200212
93,10,200212
93,346,200212
93,72,200212
93,85,200212
93,274,200212
93,25,200212
93,92,200212
94,769,200212
94,6,200212
94,126,200212
94,14,200212
94,35,200212
94,16,200212
94,19,200212
94,160,200212
94,24,200212
94,274,200212
94,40,200212
94,108,200212
94,97,200212
94,32,200212
94,77,200212
94,135,200212
94,146,200212
94,46,200212
95,16,200212
95,205,200212
95,160,200212
95,374,200212
95,703,200212
95,35,200212
95,175,200212
95,152,200212
95,46,200212
95,40,200212
95,97,200212
96,17,200212
96,777,200212
96,130,200212
96,10,200212
96,269,200212
96,70,200212
96,1,200212
96,20,200212
96,77,200212
96,19,200212
96,314,200212
96,136,200212
96,143,200212
96,433,200212
96,160,200212
96,85,200212
96,104,200212
96,115,200212
96,76,200212
96,2,200212
96,72,200212
96,299,200212
96,23,200212
96,165,200212
96,137,200212
96,31,200212
96,756,200212
96,16,200212
96,18,200212
96,530,200212
96,29,200212
96,154,200212
96,0,200212
96,100,200212
96,183,200212
96,83,200212
96,14,200212
96,108,200212
96,107,200212
96,99,200212
96,5,200212
96,102,200212
96,9,200212
96,28,200212
96,93,200212
96,13,200212
96,112,200212
96,27,200212
96,132,200212
96,120,200212
96,48,200212
96,6,200212
96,46,200212
96,97,200212
96,26,200212
96,32,200212
96,25,200212
96,1794,200212
96,180,200212
96,64,200212
96,346,200212
96,248,200212
96,1176,200212
96,1269,200212
96,801,200212
96,51,200212
96,21,200212
96,757,200212
96,53,200212
96,204,200212
96,133,200212
96,11,200212
96,149,200212
96,4,200212
96,116,200212
96,22,200212
96,92,200212
96,135,200212
96,60,200212
96,146,200212
96,274,200212
97,62,200212
97,110,200212
97,39,200212
97,89,200212
97,165,200212
97,27,200212
97,175,200212
97,58,200212
97,14,200212
97,31,200212
97,160,200212
97,60,200212
97,5,200212
97,46,200212
97,158,200212
97,143,200212
97,433,200212
97,552,200212
97,83,200212
97,0,200212
97,167,200212
97,23,200212
97,77,200212
97,24,200212
97,108,200212
97,76,200212
97,137,200212
97,19,200212
97,100,200212
97,18,200212
97,35,200212
97,375,200212
97,59,200212
97,146,200212
97,17,200212
97,54,200212
97,112,200212
97,126,200212
97,113,200212
97,29,200212
97,30,200212
97,40,200212
97,233,200212
97,81,200212
97,106,200212
97,32,200212
97,169,200212
97,34,200212
97,278,200212
97,117,200212
97,28,200212
97,161,200212
97,25,200212
97,6,200212
97,180,200212
97,85,200212
97,193,200212
97,9,200212
97,354,200212
97,2,200212
97,92,200212
97,769,200212
97,64,200212
97,11,200212
97,13,200212
97,1,200212
97,48,200212
97,739,200212
97,51,200212
97,101,200212
97,96,200212
97,124,200212
97,242,200212
97,21,200212
97,72,200212
97,131,200212
97,133,200212
97,43,200212
97,393,200212
97,4,200212
97,132,200212
97,172,200212
97,16,200212
97,80,200212
97,544,200212
97,176,200212
97,22,200212
97,55,200212
97,129,200212
97,38,200212
97,118,200212
97,266,200212
97,797,200212
97,79,200212
97,82,200212
97,99,200212
97,540,200212
97,47,200212
97,75,200212
97,458,200212
97,7,200212
97,71,200212
97,94,200212
97,156,200212
97,157,200212
97,12,200212
97,45,200212
97,195,200212
97,10,200212
97,192,200212
97,274,200212
97,95,200212
97,208,200212
97,510,200212
97,398,200212
97,213,200212
97,20,200212
97,159,200212
97,452,200212
97,152,200212
97,182,200212
97,1052,200212
97,455,200212
97,142,200212
97,188,200212
97,66,200212
97,198,200212
97,57,200212
97,216,200212
97,78,200212
97,63,200212
97,140,200212
97,341,200212
97,41,200212
97,860,200212
97,98,200212
97,119,200212
97,36,200212
97,435,200212
97,181,200212
97,136,200212
97,342,200212
97,65,200212
97,269,200212
97,163,200212
97,141,200212
97,134,200212
97,53,200212
97,237,200212
97,139,200212
97,224,200212
97,355,200212
97,320,200212
97,73,200212
97,155,200212
97,249,200212
97,250,200212
97,197,200212
97,154,200212
97,135,200212
97,102,200212
97,26,200212
97,120,200212
97,52,200212
98,136,200212
98,335,200212
98,47,200212
98,544,200212
98,58,200212
98,104,200212
98,132,200212
98,53,200212
98,146,200212
98,29,200212
98,113,200212
98,274,200212
98,137,200212
98,99,200212
98,160,200212
98,25,200212
98,46,200212
98,97,200212
99,13,200212
99,332,200212
99,277,200212
99,52,200212
99,20,200212
99,72,200212
99,114,200212
99,51,200212
99,118,200212
99,31,200212
99,171,200212
99,137,200212
99,107,200212
99,108,200212
99,180,200212
99,1,200212
99,74,200212
99,21,200212
99,144,200212
99,208,200212
99,94,200212
99,113,200212
99,112,200212
99,10,200212
99,101,200212
99,69,200212
99,27,200212
99,17,200212
99,4,200212
99,150,200212
99,80,200212
99,25,200212
99,28,200212
99,154,200212
99,12,200212
99,181,200212
99,58,200212
99,9,200212
99,22,200212
99,64,200212
99,213,200212
99,799,200212
99,136,200212
99,2,200212
99,124,200212
99,18,200212
99,188,200212
99,0,200212
99,85,200212
99,96,200212
99,110,200212
99,126,200212
99,39,200212
99,83,200212
99,19,200212
99,59,200212
99,54,200212
99,45,200212
99,63,200212
99,132,200212
99,81,200212
99,100,200212
99,24,200212
99,48,200212
99,57,200212
99,97,200212
99,143,200212
99,134,200212
99,16,200212
99,155,200212
99,55,200212
99,142,200212
99,36,200212
99,60,200212
99,117,200212
99,76,200212
99,38,200212
99,77,200212
99,146,200212
99,6,200212
99,26,200212
99,102,200212
99,135,200212
99,160,200212
99,40,200212
99,29,200212
99,32,200212
99,46,200212
99,35,200212
100,83,200212
100,97,200212
100,193,200212
100,60,200212
100,143,200212
100,19,200212
100,512,200212
100,160,200212
100,46,200212
100,433,200212
100,62,200212
100,57,200212
100,280,200212
100,0,200212
100,224,200212
100,73,200212
100,39,200212
100,5,200212
100,132,200212
100,24,200212
100,142,200212
100,744,200212
100,183,200212
100,23,200212
100,137,200212
100,181,200212
100,2,200212
100,16,200212
100,112,200212
100,4,200212
100,48,200212
100,11,200212
100,154,200212
100,120,200212
100,136,200212
100,28,200212
100,54,200212
100,6,200212
100,146,200212
100,31,200212
100,77,200212
100,85,200212
100,40,200212
100,180,200212
100,64,200212
100,155,200212
100,102,200212
100,52,200212
100,99,200212
100,81,200212
100,80,200212
100,1,200212
100,92,200212
100,135,200212
100,119,200212
100,26,200212
100,108,200212
100,18,200212
100,29,200212
100,35,200212
100,38,200212
100,14,200212
100,32,200212
100,25,200212
101,224,200212
101,160,200212
101,143,200212
101,77,200212
101,327,200212
101,80,200212
101,375,200212
101,58,200212
101,339,200212
101,154,200212
101,39,200212
101,859,200212
101,433,200212
101,132,200212
101,93,200212
101,341,200212
101,32,200212
101,44,200212
101,208,200212
101,16,200212
101,79,200212
101,43,200212
101,270,200212
101,197,200212
101,57,200212
101,171,200212
101,72,200212
101,216,200212
101,99,200212
101,25,200212
101,722,200212
101,85,200212
101,34,200212
101,78,200212
101,19,200212
101,146,200212
101,18,200212
101,6,200212
101,46,200212
101,40,200212
101,97,200212
101,64,200212
101,29,200212
101,137,200212
102,23,200212
102,40,200212
102,176,200212
102,19,200212
102,13,200212
102,327,200212
102,134,200212
102,79,200212
102,188,200212
102,48,200212
102,143,200212
102,78,200212
102,160,200212
102,433,200212
102,138,200212
102,297,200212
102,9,200212
102,157,200212
102,349,200212
102,24,200212
102,180,200212
102,142,200212
102,52,200212
102,313,200212
102,2,200212
102,153,200212
102,94,200212
102,100,200212
102,137,200212
102,114,200212
102,1,200212
102,76,200212
102,126,200212
102,35,200212
102,83,200212
102,74,200212
102,154,200212
102,99,200212
102,26,200212
102,31,200212
102,25,200212
102,172,200212
102,112,200212
102,10,200212
102,51,200212
102,136,200212
102,81,200212
102,0,200212
102,4,200212
102,85,200212
102,28,200212
102,5,200212
102,60,200212
102,36,200212
102,38,200212
102,108,200212
102,17,200212
102,92,200212
102,146,200212
102,6,200212
102,27,200212
102,59,200212
102,119,200212
102,16,200212
102,18,200212
102,64,200212
102,135,200212
102,32,200212
102,46,200212
102,29,200212
102,97,200212
102,14,200212
103,1,200212
104,72,200212
104,138,200212
104,433,200212
104,34,200212
104,143,200212
104,160,200212
104,93,200212
104,152,200212
104,32,200212
104,250,200212
104,97,200212
104,248,200212
104,10,200212
104,154,200212
104,27,200212
104,136,200212
104,29,200212
104,137,200212
105,183,200212
105,11,200212
105,228,200212
105,227,200212
105,317,200212
105,136,200212
106,60,200212
106,180,200212
106,77,200212
106,85,200212
106,97,200212
106,155,200212
106,146,200212
106,108,200212
107,132,200212
107,39,200212
107,501,200212
107,160,200212
107,5,200212
107,175,200212
107,23,200212
107,19,200212
107,143,200212
107,150,200212
107,96,200212
107,77,200212
107,21,200212
107,85,200212
107,129,200212
107,27,200212
107,100,200212
107,83,200212
107,97,200212
107,25,200212
107,80,200212
107,137,200212
107,26,200212
107,10,200212
107,154,200212
107,81,200212
107,1,200212
107,17,200212
107,53,200212
107,35,200212
107,54,200212
107,165,200212
107,135,200212
107,119,200212
107,13,200212
107,16,200212
107,133,200212
107,4,200212
107,0,200212
107,72,200212
107,64,200212
107,261,200212
107,274,200212
107,2,200212
107,333,200212
107,12,200212
107,60,200212
107,22,200212
107,248,200212
107,92,200212
107,14,200212
107,69,200212
107,28,200212
107,136,200212
107,183,200212
107,11,200212
107,18,200212
107,29,200212
107,51,200212
107,20,200212
107,112,200212
108,6,200212
108,25,200212
108,2,200212
108,97,200212
108,35,200212
108,160,200212
108,48,200212
108,433,200212
108,100,200212
108,0,200212
108,139,200212
108,60,200212
108,13,200212
108,136,200212
108,26,200212
108,85,200212
108,19,200212
108,29,200212
108,93,200212
108,112,200212
108,69,200212
108,110,200212
108,153,200212
108,137,200212
108,53,200212
108,1,200212
108,23,200212
108,59,200212
108,11,200212
108,165,200212
108,96,200212
108,21,200212
108,5,200212
108,83,200212
108,14,200212
108,463,200212
108,113,200212
108,20,200212
108,102,200212
108,17,200212
108,4,200212
108,45,200212
108,197,200212
108,10,200212
108,134,200212
108,22,200212
108,40,200212
108,51,200212
108,54,200212
108,156,200212
108,193,200212
108,32,200212
108,155,200212
108,12,200212
108,28,200212
108,82,200212
108,249,200212
108,36,200212
108,355,200212
108,106,200212
108,142,200212
108,117,200212
108,94,200212
108,52,200212
108,99,200212
108,347,200212
108,146,200212
108,769,200212
108,143,200212
108,77,200212
108,27,200212
108,178,200212
108,341,200212
108,154,200212
108,81,200212
108,41,200212
108,80,200212
108,92,200212
108,129,200212
108,16,200212
108,119,200212
108,31,200212
108,135,200212
108,64,200212
108,18,200212
108,46,200212
109,763,200212
109,51,200212
109,655,200212
109,913,200212
109,4,200212
109,128,200212
109,127,200212
109,110,200212
109,427,200212
109,629,200212
109,306,200212
109,864,200212
109,592,200212
109,729,200212
109,628,200212
109,676,200212
109,677,200212
109,593,200212
109,723,200212
109,840,200212
109,305,200212
109,724,200212
109,633,200212
110,290,200212
110,786,200212
110,175,200212
110,5,200212
110,631,200212
110,128,200212
110,604,200212
110,808,200212
110,230,200212
110,185,200212
110,231,200212
110,427,200212
110,6,200212
110,24,200212
110,637,200212
110,841,200212
110,186,200212
110,17,200212
110,352,200212
110,29,200212
110,694,200212
110,190,200212
110,4,200212
110,651,200212
110,465,200212
110,226,200212
110,160,200212
110,20,200212
110,23,200212
110,191,200212
110,19,200212
110,201,200212
110,31,200212
110,474,200212
110,525,200212
110,235,200212
110,236,200212
110,589,200212
110,552,200212
110,282,200212
110,306,200212
110,789,200212
110,281,200212
110,632,200212
110,830,200212
110,77,200212
110,127,200212
110,137,200212
110,305,200212
110,225,200212
110,196,200212
110,200,200212
110,424,200212
110,247,200212
110,232,200212
110,51,200212
110,107,200212
110,146,200212
110,109,200212
110,143,200212
110,471,200212
110,633,200212
110,229,200212
110,351,200212
110,494,200212
110,627,200212
110,719,200212
110,425,200212
110,560,200212
110,59,200212
110,506,200212
110,684,200212
110,48,200212
110,867,200212
110,665,200212
110,650,200212
110,92,200212
110,594,200212
110,576,200212
110,213,200212
110,630,200212
110,319,200212
110,527,200212
110,60,200212
110,13,200212
110,99,200212
110,28,200212
110,10,200212
110,1,200212
110,136,200212
110,886,200212
110,32,200212
110,25,200212
110,89,200212
110,11,200212
110,18,200212
111,131,200212
111,136,200212
111,61,200212
111,144,200212
111,170,200212
111,146,200212
111,19,200212
111,371,200212
111,31,200212
111,18,200212
111,11,200212
112,4,200212
112,17,200212
112,5,200212
112,165,200212
112,77,200212
112,6,200212
112,150,200212
112,138,200212
112,107,200212
112,160,200212
112,24,200212
112,51,200212
112,64,200212
112,136,200212
112,501,200212
112,72,200212
112,62,200212
112,2,200212
112,143,200212
112,23,200212
112,433,200212
112,175,200212
112,29,200212
112,108,200212
112,100,200212
112,135,200212
112,60,200212
112,12,200212
112,85,200212
112,99,200212
112,76,200212
112,120,200212
112,18,200212
112,35,200212
112,137,200212
112,48,200212
112,13,200212
112,96,200212
112,81,200212
112,97,200212
112,53,200212
112,131,200212
112,125,200212
112,110,200212
112,115,200212
112,19,200212
112,32,200212
112,25,200212
112,16,200212
112,22,200212
112,154,200212
112,102,200212
112,20,200212
112,116,200212
112,14,200212
112,38,200212
112,52,200212
112,69,200212
112,31,200212
112,11,200212
112,83,200212
112,189,200212
112,1,200212
112,27,200212
112,183,200212
112,28,200212
112,7,200212
112,89,200212
112,59,200212
112,10,200212
112,113,200212
112,133,200212
113,160,200212
113,13,200212
113,81,200212
113,85,200212
113,314,200212
113,161,200212
113,143,200212
113,132,200212
113,16,200212
113,118,200212
113,117,200212
113,31,200212
113,137,200212
113,20,200212
113,64,200212
113,14,200212
113,108,200212
113,26,200212
113,131,200212
113,99,200212
113,32,200212
113,155,200212
113,22,200212
113,77,200212
113,156,200212
113,135,200212
113,29,200212
113,53,200212
113,19,200212
113,35,200212
113,30,200212
113,142,200212
113,27,200212
113,66,200212
113,2,200212
113,12,200212
113,51,200212
113,136,200212
113,36,200212
113,60,200212
113,4,200212
113,107,200212
113,17,200212
113,1,200212
113,11,200212
113,7,200212
113,89,200212
113,40,200212
113,6,200212
113,10,200212
113,18,200212
113,154,200212
113,97,200212
113,25,200212
113,5,200212
113,21,200212
113,112,200212
114,154,200212
114,54,200212
114,155,200212
114,79,200212
114,18,200212
114,39,200212
114,134,200212
114,34,200212
114,35,200212
114,29,200212
114,58,200212
114,132,200212
114,6,200212
114,52,200212
114,176,200212
114,59,200212
114,180,200212
114,266,200212
114,960,200212
114,61,200212
114,78,200212
114,294,200212
114,26,200212
114,19,200212
114,13,200212
114,146,200212
115,160,200212
115,801,200212
115,132,200212
115,27,200212
115,9,200212
115,60,200212
115,552,200212
115,220,200212
115,2,200212
115,137,200212
115,149,200212
115,165,200212
115,204,200212
115,16,200212
115,34,200212
115,116,200212
115,756,200212
115,433,200212
115,1481,200212
115,85,200212
115,136,200212
115,48,200212
115,542,200212
115,18,200212
115,147,200212
115,112,200212
115,248,200212
115,0,200212
115,72,200212
115,274,200212
115,17,200212
115,1,200212
115,10,200212
115,92,200212
115,96,200212
115,25,200212
116,21,200212
116,149,200212
116,53,200212
116,274,200212
116,339,200212
116,248,200212
116,25,200212
116,93,200212
116,0,200212
116,17,200212
116,85,200212
116,136,200212
116,1,200212
116,92,200212
116,96,200212
116,137,200212
116,10,200212
117,77,200212
117,26,200212
117,57,200212
117,175,200212
117,176,200212
117,40,200212
117,52,200212
117,146,200212
117,160,200212
117,46,200212
117,24,200212
117,13,200212
117,294,200212
117,29,200212
117,19,200212
117,59,200212
117,54,200212
117,104,200212
117,433,200212
117,198,200212
117,65,200212
117,81,200212
117,126,200212
117,180,200212
117,154,200212
117,4,200212
117,97,200212
117,119,200212
117,155,200212
117,142,200212
117,28,200212
117,1,200212
117,45,200212
117,178,200212
117,18,200212
117,20,200212
117,36,200212
117,25,200212
117,60,200212
117,108,200212
117,208,200212
117,32,200212
117,99,200212
117,16,200212
117,64,200212
117,6,200212
117,14,200212
118,157,200212
118,143,200212
118,0,200212
118,160,200212
118,72,200212
118,46,200212
118,540,200212
118,309,200212
118,167,200212
118,25,200212
118,97,200212
118,137,200212
119,178,200212
119,93,200212
119,17,200212
119,142,200212
119,117,200212
119,113,200212
119,107,200212
119,21,200212
119,133,200212
119,22,200212
119,4,200212
119,180,200212
119,143,200212
119,81,200212
119,28,200212
119,0,200212
119,27,200212
119,96,200212
119,10,200212
119,16,200212
119,92,200212
119,100,200212
119,1,200212
119,13,200212
119,36,200212
119,102,200212
119,19,200212
119,146,200212
119,31,200212
119,97,200212
119,48,200212
119,60,200212
119,135,200212
119,108,200212
119,14,200212
120,160,200212
120,137,200212
120,83,200212
120,143,200212
120,40,200212
120,39,200212
120,6,200212
120,19,200212
120,140,200212
120,375,200212
120,81,200212
120,77,200212
120,38,200212
120,178,200212
120,64,200212
120,14,200212
120,9,200212
120,433,200212
120,124,200212
120,45,200212
120,4,200212
120,1,200212
120,31,200212
120,213,200212
120,13,200212
120,170,200212
120,18,200212
120,136,200212
120,20,200212
120,15,200212
120,154,200212
120,85,200212
120,80,200212
120,26,200212
120,117,200212
120,17,200212
120,76,200212
120,100,200212
120,16,200212
120,146,200212
120,25,200212
120,13,200212
120,26,200212
120,18,200212
120,64,200212
120,29,200212
120,146,200212
120,6,200212
120,154,200212
120,40,200212
120,19,200212
120,32,200212
120,137,200212
120,46,200212
120,97,200212
121,143,200212
121,5,200212
121,453,200212
121,160,200212
121,137,200212
121,138,200212
121,17,200212
121,18,200212
121,433,200212
121,150,200212
121,183,200212
121,22,200212
121,25,200212
121,12,200212
121,69,200212
121,154,200212
121,112,200212
121,1,200212
121,32,200212
121,59,200212
121,51,200212
121,346,200212
121,48,200212
121,10,200212
121,4,200212
121,11,200212
121,29,200212
121,64,200212
122,166,200212
122,234,200212
122,783,200212
122,171,200212
122,31,200212
122,12,200212
122,16,200212
122,18,200212
122,30,200212
122,29,200212
122,738,200212
122,27,200212
122,32,200212
122,346,200212
122,10,200212
122,136,200212
123,234,200212
123,122,200212
123,26,200212
123,46,200212
123,40,200212
123,137,200212
123,10,200212
123,18,200212
124,137,200212
124,160,200212
124,544,200212
124,314,200212
124,143,200212
124,2,200212
124,433,200212
124,22,200212
124,72,200212
124,23,200212
124,188,200212
124,9,200212
124,115,200212
124,57,200212
124,208,200212
124,100,200212
124,355,200212
124,40,200212
124,64,200212
124,0,200212
124,97,200212
124,112,200212
124,93,200212
124,13,200212
124,26,200212
124,99,200212
124,165,200212
124,29,200212
124,248,200212
124,32,200212
124,5,200212
124,18,200212
124,16,200212
124,136,200212
124,27,200212
124,31,200212
124,17,200212
124,14,200212
124,146,200212
124,10,200212
124,1,200212
124,135,200212
124,92,200212
124,46,200212
124,154,200212
124,25,200212
124,274,200212
125,131,200212
125,171,200212
125,444,200212
125,0,200212
125,188,200212
125,18,200212
125,154,200212
125,136,200212
125,29,200212
126,206,200212
126,6,200212
126,52,200212
126,143,200212
126,433,200212
126,72,200212
126,134,200212
126,281,200212
126,26,200212
126,55,200212
126,187,200212
126,142,200212
126,175,200212
126,13,200212
126,160,200212
126,19,200212
126,180,200212
126,16,200212
126,154,200212
126,176,200212
126,79,200212
126,29,200212
126,97,200212
126,181,200212
126,25,200212
126,135,200212
126,100,200212
126,102,200212
126,77,200212
126,32,200212
126,80,200212
126,31,200212
126,0,200212
126,2,200212
126,108,200212
126,99,200212
126,137,200212
126,60,200212
126,14,200212
126,64,200212
126,146,200212
126,46,200212
126,59,200212
126,40,200212
127,427,200212
127,4,200212
127,109,200212
127,110,200212
127,729,200212
127,128,200212
127,593,200212
128,109,200212
128,110,200212
128,127,200212
128,306,200212
128,427,200212
128,4,200212
129,76,200212
129,58,200212
129,46,200212
129,40,200212
129,85,200212
129,24,200212
129,97,200212
129,1,200212
129,160,200212
129,173,200212
129,59,200212
129,89,200212
129,172,200212
129,143,200212
129,6,200212
129,77,200212
129,19,200212
129,48,200212
129,17,200212
129,31,200212
129,108,200212
129,35,200212
129,433,200212
129,18,200212
129,155,200212
129,26,200212
129,4,200212
129,136,200212
129,81,200212
129,102,200212
129,10,200212
129,32,200212
129,217,200212
129,99,200212
129,178,200212
129,29,200212
129,1129,200212
129,64,200212
129,83,200212
129,16,200212
129,284,200212
129,60,200212
129,266,200212
129,25,200212
129,154,200212
129,14,200212
129,135,200212
129,52,200212
129,13,200212
129,137,200212
130,777,200212
130,299,200212
130,96,200212
130,137,200212
130,25,200212
130,136,200212
130,1,200212
131,433,200212
131,143,200212
131,29,200212
131,193,200212
131,124,200212
131,159,200212
131,15,200212
131,160,200212
131,77,200212
131,66,200212
131,32,200212
131,40,200212
131,64,200212
131,265,200212
131,145,200212
131,132,200212
131,54,200212
131,61,200212
131,38,200212
131,10,200212
131,544,200212
131,98,200212
131,76,200212
131,11,200212
131,81,200212
131,35,200212
131,97,200212
131,27,200212
131,25,200212
131,108,200212
131,2,200212
131,146,200212
131,18,200212
131,16,200212
131,135,200212
131,154,200212
131,136,200212
132,281,200212
132,247,200212
132,23,200212
132,137,200212
132,264,200212
132,1,200212
132,60,200212
132,69,200212
132,27,200212
132,159,200212
132,112,200212
132,6,200212
132,51,200212
132,265,200212
132,40,200212
132,294,200212
132,34,200212
132,29,200212
132,138,200212
132,143,200212
132,54,200212
132,433,200212
132,15,200212
132,24,200212
132,133,200212
132,18,200212
132,52,200212
132,19,200212
132,136,200212
132,160,200212
132,59,200212
132,113,200212
132,12,200212
132,501,200212
132,11,200212
132,146,200212
132,111,200212
132,537,200212
132,72,200212
132,0,200212
132,76,200212
132,80,200212
132,85,200212
132,101,200212
132,36,200212
132,30,200212
132,134,200212
132,181,200212
132,14,200212
132,39,200212
132,16,200212
132,739,200212
132,165,200212
132,176,200212
132,46,200212
132,77,200212
132,10,200212
132,120,200212
132,13,200212
132,48,200212
132,248,200212
132,35,200212
132,346,200212
132,97,200212
132,183,200212
132,99,200212
132,32,200212
132,25,200212
132,154,200212
132,135,200212
133,23,200212
133,28,200212
133,160,200212
133,137,200212
133,143,200212
133,69,200212
133,552,200212
133,108,200212
133,96,200212
133,12,200212
133,132,200212
133,85,200212
133,19,200212
133,184,200212
133,97,200212
133,81,200212
133,6,200212
133,83,200212
133,119,200212
133,32,200212
133,100,200212
133,115,200212
133,107,200212
133,48,200212
133,10,200212
133,80,200212
133,9,200212
133,154,200212
133,51,200212
133,2,200212
133,4,200212
133,135,200212
133,165,200212
133,31,200212
133,11,200212
133,1,200212
133,89,200212
133,136,200212
133,20,200212
133,112,200212
133,21,200212
133,5,200212
134,289,200212
134,114,200212
134,6,200212
134,102,200212
134,155,200212
134,195,200212
134,176,200212
134,208,200212
134,40,200212
134,282,200212
134,31,200212
134,160,200212
134,13,200212
134,19,200212
134,101,200212
134,62,200212
134,433,200212
134,77,200212
134,154,200212
134,126,200212
134,79,200212
134,44,200212
134,137,200212
134,29,200212
134,180,200212
134,139,200212
134,97,200212
134,1,200212
134,100,200212
134,26,200212
134,99,200212
134,32,200212
134,64,200212
134,146,200212
135,14,200212
135,93,200212
135,138,200212
135,1,200212
135,132,200212
135,12,200212
135,83,200212
135,113,200212
135,265,200212
135,108,200212
135,19,200212
135,274,200212
135,51,200212
135,52,200212
135,176,200212
135,112,200212
135,85,200212
135,142,200212
135,136,200212
135,21,200212
135,11,200212
135,183,200212
135,35,200212
135,31,200212
135,23,200212
135,154,200212
135,18,200212
135,17,200212
135,4,200212
135,133,200212
135,165,200212
135,180,200212
135,107,200212
135,146,200212
135,36,200212
135,22,200212
135,7,200212
135,72,200212
135,89,200212
135,2,200212
135,9,200212
135,0,200212
135,100,200212
135,267,200212
135,124,200212
135,65,200212
135,131,200212
135,15,200212
135,163,200212
135,46,200212
135,175,200212
135,34,200212
135,157,200212
135,66,200212
135,94,200212
135,96,200212
135,26,200212
135,197,200212
135,24,200212
135,54,200212
135,80,200212
135,181,200212
135,155,200212
135,16,200212
135,77,200212
135,6,200212
135,102,200212
135,129,200212
135,48,200212
135,119,200212
135,143,200212
135,60,200212
135,99,200212
135,13,200212
135,5,200212
135,10,200212
135,32,200212
135,28,200212
135,92,200212
135,137,200212
135,81,200212
135,375,200212
135,139,200212
135,97,200212
135,20,200212
135,27,200212
136,112,200212
136,132,200212
136,27,200212
136,13,200212
136,111,200212
136,19,200212
136,10,200212
136,40,200212
136,137,200212
136,39,200212
136,135,200212
136,121,200212
136,21,200212
136,62,200212
136,107,200212
136,143,200212
136,23,200212
136,327,200212
136,433,200212
136,1,200212
136,5,200212
136,147,200212
136,89,200212
136,154,200212
136,53,200212
136,969,200212
136,11,200212
136,183,200212
136,85,200212
136,54,200212
136,160,200212
136,2,200212
136,6,200212
136,175,200212
136,51,200212
136,30,200212
136,77,200212
136,126,200212
136,552,200212
136,281,200212
136,138,200212
136,35,200212
136,24,200212
136,17,200212
136,14,200212
136,161,200212
136,29,200212
136,20,200212
136,989,200212
136,32,200212
136,104,200212
136,131,200212
136,804,200212
136,375,200212
136,69,200212
136,96,200212
136,83,200212
136,155,200212
136,36,200212
136,55,200212
136,60,200212
136,18,200212
136,164,200212
136,102,200212
136,52,200212
136,26,200212
136,941,200212
136,196,200212
136,238,200212
136,100,200212
136,274,200212
136,43,200212
136,706,200212
136,76,200212
136,0,200212
136,142,200212
136,1015,200212
136,981,200212
136,105,200212
136,169,200212
136,139,200212
136,48,200212
136,99,200212
136,982,200212
136,22,200212
136,834,200212
136,181,200212
136,38,200212
136,988,200212
136,873,200212
136,97,200212
136,346,200212
136,148,200212
136,968,200212
136,891,200212
136,537,200212
136,110,200212
136,120,200212
136,330,200212
136,4,200212
136,762,200212
136,480,200212
136,492,200212
136,738,200212
136,728,200212
136,8,200212
136,588,200212
136,178,200212
136,129,200212
136,25,200212
136,862,200212
136,415,200212
136,502,200212
136,307,200212
136,371,200212
136,361,200212
136,221,200212
136,372,200212
136,359,200212
136,299,200212
136,68,200212
136,213,200212
136,358,200212
136,67,200212
136,12,200212
136,116,200212
136,28,200212
136,165,200212
136,376,200212
136,265,200212
136,153,200212
136,950,200212
136,70,200212
136,189,200212
136,166,200212
136,86,200212
136,33,200212
136,159,200212
136,130,200212
136,34,200212
136,163,200212
136,122,200212
136,31,200212
136,15,200212
136,81,200212
136,177,200212
136,108,200212
136,9,200212
136,125,200212
136,150,200212
136,59,200212
136,16,200212
136,133,200212
136,71,200212
136,61,200212
136,72,200212
136,46,200212
136,146,200212
136,113,200212
136,303,200212
136,64,200212
137,194,200212
137,20,200212
137,59,200212
137,154,200212
137,34,200212
137,25,200212
137,110,200212
137,35,200212
137,17,200212
137,121,200212
137,62,200212
137,19,200212
137,39,200212
137,69,200212
137,339,200212
137,433,200212
137,22,200212
137,23,200212
137,161,200212
137,81,200212
137,501,200212
137,175,200212
137,157,200212
137,27,200212
137,143,200212
137,14,200212
137,96,200212
137,2,200212
137,0,200212
137,72,200212
137,53,200212
137,921,200212
137,165,200212
137,286,200212
137,29,200212
137,77,200212
137,245,200212
137,181,200212
137,83,200212
137,136,200212
137,112,200212
137,124,200212
137,126,200212
137,282,200212
137,327,200212
137,5,200212
137,60,200212
137,51,200212
137,52,200212
137,138,200212
137,160,200212
137,1,200212
137,12,200212
137,9,200212
137,97,200212
137,100,200212
137,4,200212
137,85,200212
137,89,200212
137,132,200212
137,6,200212
137,76,200212
137,133,200212
137,265,200212
137,1017,200212
137,346,200212
137,98,200212
137,93,200212
137,45,200212
137,885,200212
137,107,200212
137,13,200212
137,64,200212
137,220,200212
137,48,200212
137,28,200212
137,11,200212
137,483,200212
137,33,200212
137,86,200212
137,280,200212
137,16,200212
137,18,200212
137,117,200212
137,43,200212
137,155,200212
137,10,200212
137,26,200212
137,989,200212
137,134,200212
137,99,200212
137,102,200212
137,248,200212
137,21,200212
137,61,200212
137,46,200212
137,540,200212
137,740,200212
137,510,200212
137,988,200212
137,65,200212
137,371,200212
137,1291,200212
137,130,200212
137,153,200212
137,521,200212
137,250,200212
137,169,200212
137,146,200212
137,24,200212
137,152,200212
137,31,200212
137,671,200212
137,393,200212
137,80,200212
137,118,200212
137,1190,200212
137,149,200212
137,337,200212
137,41,200212
137,216,200212
137,355,200212
137,47,200212
137,244,200212
137,142,200212
137,58,200212
137,188,200212
137,336,200212
137,344,200212
137,116,200212
137,15,200212
137,156,200212
137,57,200212
137,78,200212
137,115,200212
137,183,200212
137,101,200212
137,36,200212
137,544,200212
137,333,200212
137,92,200212
137,139,200212
137,54,200212
137,309,200212
137,390,200212
137,7,200212
137,113,200212
137,104,200212
137,150,200212
137,40,200212
137,120,200212
137,213,200212
137,71,200212
137,38,200212
137,135,200212
137,32,200212
137,108,200212
137,129,200212
138,102,200212
138,501,200212
138,12,200212
138,27,200212
138,286,200212
138,170,200212
138,29,200212
138,6,200212
138,34,200212
138,14,200212
138,433,200212
138,160,200212
138,175,200212
138,5,200212
138,25,200212
138,143,200212
138,13,200212
138,2,200212
138,77,200212
138,16,200212
138,339,200212
138,18,200212
138,4,200212
138,21,200212
138,104,200212
138,59,200212
138,32,200212
138,1,200212
138,247,200212
138,23,200212
138,136,200212
138,137,200212
138,81,200212
138,132,200212
138,52,200212
138,51,200212
138,154,200212
138,281,200212
139,48,200212
139,108,200212
139,512,200212
139,208,200212
139,6,200212
139,160,200212
139,161,200212
139,76,200212
139,0,200212
139,375,200212
139,100,200212
139,57,200212
139,97,200212
139,433,200212
139,101,200212
139,36,200212
139,35,200212
139,78,200212
139,143,200212
139,26,200212
139,22,200212
139,28,200212
139,54,200212
139,9,200212
139,51,200212
139,12,200212
139,112,200212
139,4,200212
139,34,200212
139,5,200212
139,11,200212
139,10,200212
139,341,200212
139,14,200212
139,136,200212
139,60,200212
139,40,200212
139,77,200212
139,18,200212
139,13,200212
139,99,200212
139,27,200212
139,769,200212
139,81,200212
139,29,200212
139,137,200212
139,178,200212
139,25,200212
139,16,200212
139,154,200212
139,32,200212
139,19,200212
139,146,200212
139,135,200212
139,46,200212
139,59,200212
140,160,200212
140,57,200212
140,38,200212
140,146,200212
140,137,200212
140,433,200212
140,6,200212
140,143,200212
140,46,200212
140,39,200212
140,76,200212
140,60,200212
140,19,200212
140,83,200212
140,14,200212
140,97,200212
140,35,200212
140,40,200212
140,26,200212
140,32,200212
140,64,200212
140,29,200212
141,27,200212
141,57,200212
141,143,200212
141,433,200212
141,101,200212
141,114,200212
141,160,200212
141,31,200212
141,146,200212
141,46,200212
141,40,200212
141,97,200212
142,9,200212
142,198,200212
142,126,200212
142,739,200212
142,176,200212
142,38,200212
142,143,200212
142,24,200212
142,77,200212
142,160,200212
142,16,200212
142,31,200212
142,26,200212
142,154,200212
142,5,200212
142,19,200212
142,51,200212
142,62,200212
142,121,200212
142,17,200212
142,6,200212
142,433,200212
142,40,200212
142,135,200212
142,137,200212
142,36,200212
142,13,200212
142,144,200212
142,180,200212
142,18,200212
142,107,200212
142,14,200212
142,48,200212
142,242,200212
142,157,200212
142,1,200212
142,0,200212
142,20,200212
142,119,200212
142,29,200212
142,544,200212
142,463,200212
142,76,200212
142,136,200212
142,156,200212
142,25,200212
142,155,200212
142,354,200212
142,178,200212
142,102,200212
142,146,200212
142,2,200212
142,74,200212
142,28,200212
142,108,200212
142,97,200212
142,92,200212
142,83,200212
142,10,200212
142,32,200212
142,52,200212
142,99,200212
142,64,200212
142,60,200212
142,46,200212
142,59,200212
143,281,200212
143,375,200212
143,62,200212
143,104,200212
143,29,200212
143,38,200212
143,54,200212
143,25,200212
143,60,200212
143,10,200212
143,138,200212
143,195,200212
143,384,200212
143,9,200212
143,97,200212
143,72,200212
143,197,200212
143,17,200212
143,27,200212
143,142,200212
143,18,200212
143,32,200212
143,6,200212
143,14,200212
143,157,200212
143,80,200212
143,133,200212
143,176,200212
143,59,200212
143,64,200212
143,150,200212
143,0,200212
143,19,200212
143,126,200212
143,4,200212
143,46,200212
143,61,200212
143,339,200212
143,132,200212
143,170,200212
143,419,200212
143,120,200212
143,15,200212
143,76,200212
143,5,200212
143,380,200212
143,2,200212
143,31,200212
143,101,200212
143,183,200212
143,137,200212
143,11,200212
143,129,200212
143,180,200212
143,286,200212
143,16,200212
143,112,200212
143,139,200212
143,160,200212
143,30,200212
143,51,200212
143,501,200212
143,57,200212
143,1,200212
143,39,200212
143,512,200212
143,121,200212
143,21,200212
143,154,200212
143,110,200212
143,36,200212
143,28,200212
143,12,200212
143,13,200212
143,107,200212
143,35,200212
143,118,200212
143,455,200212
143,52,200212
143,247,200212
143,23,200212
143,155,200212
143,96,200212
143,100,200212
143,296,200212
143,83,200212
143,136,200212
143,124,200212
143,69,200212
143,40,200212
143,188,200212
143,85,200212
143,117,200212
143,544,200212
143,111,200212
143,131,200212
143,123,200212
143,98,200212
143,152,200212
143,77,200212
143,146,200212
143,119,200212
143,266,200212
143,92,200212
143,99,200212
143,26,200212
143,108,200212
143,135,200212
144,61,200212
144,160,200212
144,124,200212
144,433,200212
144,59,200212
144,44,200212
144,77,200212
144,208,200212
144,146,200212
144,29,200212
144,143,200212
144,99,200212
144,97,200212
144,6,200212
144,18,200212
145,265,200212
145,131,200212
145,54,200212
145,18,200212
145,29,200212
146,18,200212
146,160,200212
146,13,200212
146,129,200212
146,77,200212
146,124,200212
146,110,200212
146,32,200212
146,117,200212
146,274,200212
146,64,200212
146,19,200212
146,234,200212
146,544,200212
146,52,200212
146,197,200212
146,250,200212
146,270,200212
146,69,200212
146,156,200212
146,0,200212
146,174,200212
146,61,200212
146,242,200212
146,180,200212
146,141,200212
146,155,200212
146,303,200212
146,143,200212
146,12,200212
146,47,200212
146,165,200212
146,142,200212
146,46,200212
146,100,200212
146,445,200212
146,14,200212
146,355,200212
146,249,200212
146,106,200212
146,16,200212
146,71,200212
146,54,200212
146,82,200212
146,722,200212
146,154,200212
146,76,200212
146,83,200212
146,135,200212
146,63,200212
146,224,200212
146,81,200212
146,237,200212
146,40,200212
146,97,200212
146,192,200212
146,15,200212
146,170,200212
146,140,200212
146,102,200212
146,108,200212
146,131,200212
146,59,200212
146,2,200212
146,41,200212
146,198,200212
146,137,200212
146,62,200212
146,43,200212
146,320,200212
146,35,200212
146,266,200212
146,75,200212
146,31,200212
146,65,200212
146,175,200212
146,181,200212
146,48,200212
146,171,200212
146,101,200212
146,6,200212
146,34,200212
146,26,200212
146,120,200212
146,39,200212
146,66,200212
146,178,200212
146,157,200212
146,208,200212
146,74,200212
146,57,200212
146,182,200212
146,24,200212
146,22,200212
146,72,200212
146,195,200212
146,126,200212
146,25,200212
146,92,200212
146,55,200212
146,60,200212
146,53,200212
146,38,200212
146,80,200212
146,99,200212
146,27,200212
146,29,200212
146,114,200212
146,9,200212
146,79,200212
146,119,200212
146,58,200212
146,45,200212
146,94,200212
146,78,200212
146,132,200212
146,85,200212
146,176,200212
146,134,200212
146,96,200212
146,28,200212
146,36,200212
146,51,200212
146,20,200212
146,139,200212
146,1,200212
146,4,200212
146,136,200212
146,17,200212
146,10,200212
146,11,200212
147,160,200212
147,105,200212
147,800,200212
147,169,200212
147,111,200212
147,68,200212
147,330,200212
147,221,200212
147,358,200212
147,67,200212
147,136,200212
147,153,200212
147,372,200212
147,84,200212
147,69,200212
147,223,200212
147,164,200212
147,166,200212
147,53,200212
147,30,200212
147,11,200212
148,149,200212
148,346,200212
148,136,200212
149,98,200212
149,124,200212
149,115,200212
149,165,200212
149,100,200212
149,116,200212
149,5,200212
149,47,200212
149,157,200212
149,93,200212
149,60,200212
149,248,200212
149,346,200212
149,0,200212
149,28,200212
149,14,200212
149,17,200212
149,2,200212
149,1,200212
149,137,200212
149,85,200212
149,10,200212
149,96,200212
149,92,200212
149,25,200212
149,274,200212
150,33,200212
150,433,200212
150,189,200212
150,501,200212
150,315,200212
150,10,200212
150,5,200212
150,261,200212
150,112,200212
150,51,200212
150,457,200212
150,247,200212
150,107,200212
150,136,200212
150,21,200212
150,1,200212
150,121,200212
150,23,200212
150,69,200212
150,88,200212
150,213,200212
150,22,200212
150,160,200212
150,59,200212
150,817,200212
150,188,200212
150,4,200212
150,20,200212
150,11,200212
150,17,200212
150,137,200212
151,188,200212
151,316,200212
151,178,200212
152,72,200212
152,335,200212
152,326,200212
152,309,200212
152,57,200212
152,34,200212
152,54,200212
152,24,200212
152,98,200212
152,95,200212
152,143,200212
152,137,200212
152,97,200212
152,46,200212
152,25,200212
152,160,200212
153,147,200212
153,139,200212
153,32,200212
153,14,200212
153,137,200212
153,6,200212
153,29,200212
153,18,200212
153,136,200212
153,25,200212
154,433,200212
154,165,200212
154,183,200212
154,22,200212
154,96,200212
154,9,200212
154,18,200212
154,104,200212
154,326,200212
154,131,200212
154,156,200212
154,10,200212
154,175,200212
154,24,200212
154,77,200212
154,282,200212
154,160,200212
154,54,200212
154,53,200212
154,119,200212
154,5,200212
154,542,200212
154,274,200212
154,136,200212
154,327,200212
154,143,200212
154,138,200212
154,13,200212
154,40,200212
154,208,200212
154,19,200212
154,46,200212
154,81,200212
154,6,200212
154,4,200212
154,51,200212
154,1,200212
154,47,200212
154,144,200212
154,99,200212
154,76,200212
154,146,200212
154,120,200212
154,21,200212
154,132,200212
154,355,200212
154,180,200212
154,15,200212
154,112,200212
154,32,200212
154,97,200212
154,121,200212
154,126,200212
154,17,200212
154,98,200212
154,233,200212
154,78,200212
154,23,200212
154,137,200212
154,52,200212
154,133,200212
154,155,200212
154,27,200212
154,1482,200212
154,1580,200212
154,20,200212
154,2,200212
154,93,200212
154,503,200212
154,262,200212
154,888,200212
154,394,200212
154,31,200212
154,28,200212
154,251,200212
154,522,200212
154,275,200212
154,379,200212
154,296,200212
154,85,200212
154,309,200212
154,29,200212
154,314,200212
154,62,200212
154,80,200212
154,388,200212
154,12,200212
154,25,200212
154,16,200212
154,48,200212
154,198,200212
154,188,200212
154,193,200212
154,108,200212
154,7,200212
154,544,200212
154,61,200212
154,72,200212
154,66,200212
154,124,200212
154,125,200212
154,129,200212
154,159,200212
154,11,200212
154,267,200212
154,89,200212
154,59,200212
154,269,200212
154,38,200212
154,60,200212
154,139,200212
154,14,200212
154,100,200212
154,64,200212
154,34,200212
154,83,200212
154,163,200212
154,0,200212
154,113,200212
154,92,200212
154,35,200212
154,135,200212
154,26,200212
155,6,200212
155,19,200212
155,143,200212
155,23,200212
155,13,200212
155,132,200212
155,17,200212
155,5,200212
155,114,200212
155,160,200212
155,79,200212
155,433,200212
155,72,200212
155,64,200212
155,188,200212
155,176,200212
155,135,200212
155,108,200212
155,137,200212
155,92,200212
155,22,200212
155,120,200212
155,81,200212
155,154,200212
155,51,200212
155,31,200212
155,85,200212
155,14,200212
155,100,200212
155,0,200212
155,117,200212
155,1,200212
155,180,200212
155,142,200212
155,107,200212
155,48,200212
155,136,200212
155,28,200212
155,27,200212
155,112,200212
155,21,200212
155,16,200212
155,2,200212
155,80,200212
155,83,200212
155,10,200212
155,26,200212
155,99,200212
155,146,200212
155,46,200212
155,40,200212
155,60,200212
155,97,200212
155,32,200212
155,29,200212
156,78,200212
156,85,200212
156,433,200212
156,80,200212
156,76,200212
156,157,200212
156,6,200212
156,21,200212
156,23,200212
156,9,200212
156,544,200212
156,34,200212
156,188,200212
156,146,200212
156,27,200212
156,16,200212
156,29,200212
156,40,200212
156,38,200212
156,108,200212
156,160,200212
156,97,200212
156,25,200212
156,60,200212
156,137,200212
156,46,200212
157,143,200212
157,274,200212
157,280,200212
157,124,200212
157,137,200212
157,994,200212
157,25,200212
157,118,200212
157,433,200212
157,0,200212
157,544,200212
157,101,200212
157,104,200212
157,81,200212
157,155,200212
157,154,200212
157,28,200212
157,102,200212
157,17,200212
157,165,200212
157,10,200212
157,1,200212
157,60,200212
157,160,200212
157,46,200212
157,97,200212
157,146,200212
157,14,200212
157,135,200212
157,92,200212
158,242,200212
158,39,200212
158,97,200212
158,46,200212
159,166,200212
159,132,200212
159,34,200212
159,15,200212
159,1,200212
159,24,200212
159,77,200212
159,11,200212
159,74,200212
159,160,200212
159,197,200212
159,460,200212
159,248,200212
159,29,200212
159,32,200212
159,18,200212
159,136,200212
159,97,200212
159,154,200212
160,197,200212
160,460,200212
160,10,200212
160,142,200212
160,140,200212
160,59,200212
160,66,200212
160,154,200212
160,216,200212
160,96,200212
160,12,200212
160,35,200212
160,9,200212
160,2,200212
160,40,200212
160,41,200212
160,176,200212
160,17,200212
160,11,200212
160,194,200212
160,195,200212
160,115,200212
160,14,200212
160,187,200212
160,129,200212
160,89,200212
160,120,200212
160,28,200212
160,433,200212
160,165,200212
160,61,200212
160,499,200212
160,55,200212
160,112,200212
160,21,200212
160,80,200212
160,0,200212
160,126,200212
160,512,200212
160,48,200212
160,1,200212
160,57,200212
160,38,200212
160,20,200212
160,224,200212
160,388,200212
160,327,200212
160,180,200212
160,159,200212
160,76,200212
160,143,200212
160,46,200212
160,53,200212
160,84,200212
160,137,200212
160,146,200212
160,19,200212
160,24,200212
160,93,200212
160,16,200212
160,64,200212
160,97,200212
160,118,200212
160,77,200212
160,4,200212
160,108,200212
160,6,200212
160,54,200212
160,43,200212
160,155,200212
160,183,200212
160,175,200212
160,181,200212
160,60,200212
160,136,200212
160,18,200212
160,78,200212
160,65,200212
160,13,200212
160,157,200212
160,72,200212
160,69,200212
160,132,200212
160,101,200212
160,110,200212
160,113,200212
160,62,200212
160,23,200212
160,234,200212
160,107,200212
160,70,200212
160,250,200212
160,45,200212
160,147,200212
160,104,200212
160,139,200212
160,5,200212
160,374,200212
160,144,200212
160,100,200212
160,124,200212
160,39,200212
160,51,200212
160,188,200212
160,552,200212
160,31,200212
160,32,200212
160,95,200212
160,281,200212
160,27,200212
160,63,200212
160,29,200212
160,15,200212
160,25,200212
160,83,200212
160,79,200212
160,133,200212
160,134,200212
160,52,200212
160,117,200212
160,22,200212
160,85,200212
160,102,200212
160,34,200212
160,355,200212
160,150,200212
160,99,200212
160,314,200212
160,170,200212
160,193,200212
160,233,200212
160,278,200212
160,342,200212
160,151,200212
160,94,200212
160,75,200212
160,88,200212
160,141,200212
160,935,200212
160,303,200212
160,510,200212
160,81,200212
160,871,200212
160,163,200212
160,58,200212
160,318,200212
160,98,200212
160,309,200212
160,198,200212
160,131,200212
160,543,200212
160,156,200212
160,249,200212
160,379,200212
160,341,200212
160,393,200212
160,152,200212
160,544,200212
160,26,200212
161,97,200212
161,27,200212
161,47,200212
161,14,200212
161,136,200212
161,81,200212
161,25,200212
161,19,200212
161,154,200212
161,160,200212
161,46,200212
161,108,200212
161,34,200212
161,31,200212
161,35,200212
161,13,200212
161,60,200212
161,29,200212
161,32,200212
161,248,200212
161,137,200212
163,269,200212
163,166,200212
163,132,200212
163,433,200212
163,48,200212
163,160,200212
163,32,200212
163,18,200212
163,29,200212
163,136,200212
163,135,200212
163,97,200212
163,154,200212
164,84,200212
164,88,200212
164,51,200212
164,0,200212
164,46,200212
164,223,200212
164,59,200212
164,136,200212
164,154,200212
164,20,200212
164,69,200212
164,183,200212
164,30,200212
164,11,200212
164,4,200212
164,18,200212
165,132,200212
165,32,200212
165,47,200212
165,262,200212
165,188,200212
165,25,200212
165,137,200212
165,18,200212
165,20,200212
165,160,200212
165,24,200212
165,104,200212
165,175,200212
165,384,200212
165,16,200212
165,29,200212
165,85,200212
165,1,200212
165,136,200212
165,433,200212
165,552,200212
165,17,200212
165,115,200212
165,2,200212
165,62,200212
165,154,200212
165,96,200212
165,112,200212
165,143,200212
165,197,200212
165,155,200212
165,107,200212
165,80,200212
165,102,200212
165,31,200212
165,12,200212
165,28,200212
165,99,200212
165,100,200212
165,40,200212
165,4,200212
165,58,200212
165,27,200212
165,5,200212
165,248,200212
165,23,200212
165,113,200212
165,346,200212
165,11,200212
165,83,200212
165,9,200212
165,14,200212
165,157,200212
165,247,200212
165,149,200212
165,97,200212
165,92,200212
165,10,200212
165,274,200212
166,136,200212
167,83,200212
167,41,200212
167,97,200212
167,39,200212
167,140,200212
167,390,200212
167,192,200212
167,46,200212
168,291,200212
168,203,200212
168,87,200212
169,147,200212
169,25,200212
169,112,200212
169,2,200212
169,227,200212
169,16,200212
169,0,200212
169,137,200212
169,97,200212
169,18,200212
169,136,200212
169,29,200212
169,11,200212
170,32,200212
170,138,200212
170,19,200212
170,143,200212
170,31,200212
170,281,200212
170,64,200212
170,46,200212
170,57,200212
170,120,200212
170,99,200212
170,38,200212
170,97,200212
170,276,200212
170,65,200212
170,27,200212
170,146,200212
170,54,200212
170,40,200212
170,18,200212
170,29,200212
171,9,200212
171,175,200212
171,452,200212
171,146,200212
171,54,200212
171,154,200212
171,0,200212
171,208,200212
171,125,200212
171,99,200212
171,160,200212
171,32,200212
171,40,200212
171,18,200212
171,29,200212
172,173,200212
172,129,200212
172,18,200212
172,26,200212
172,14,200212
172,40,200212
172,102,200212
172,32,200212
172,60,200212
172,29,200212
172,64,200212
172,6,200212
172,13,200212
172,19,200212
172,46,200212
172,59,200212
172,97,200212
172,35,200212
173,35,200212
173,129,200212
173,99,200212
173,48,200212
173,1129,200212
173,172,200212
173,19,200212
174,197,200212
174,18,200212
175,17,200212
175,18,200212
175,241,200212
175,154,200212
175,160,200212
175,13,200212
175,60,200212
175,96,200212
175,339,200212
175,48,200212
175,1,200212
175,165,200212
175,28,200212
175,25,200212
175,327,200212
175,83,200212
175,27,200212
175,110,200212
175,112,200212
175,19,200212
175,51,200212
175,39,200212
175,24,200212
175,46,200212
175,31,200212
175,126,200212
175,247,200212
175,117,200212
175,97,200212
175,143,200212
175,59,200212
175,138,200212
175,137,200212
175,136,200212
175,95,200212
175,146,200212
175,32,200212
175,135,200212
175,40,200212
175,29,200212
176,160,200212
176,387,200212
176,375,200212
176,77,200212
176,433,200212
176,14,200212
176,40,200212
176,83,200212
176,26,200212
176,31,200212
176,143,200212
176,23,200212
176,54,200212
176,6,200212
176,1,200212
176,19,200212
176,97,200212
176,24,200212
176,205,200212
176,15,200212
176,170,200212
176,100,200212
176,81,200212
176,11,200212
176,132,200212
176,134,200212
176,18,200212
176,137,200212
176,208,200212
176,113,200212
176,60,200212
176,180,200212
176,32,200212
176,13,200212
176,16,200212
176,64,200212
176,29,200212
176,46,200212
176,146,200212
177,69,200212
177,3,200212
177,4,200212
177,49,200212
177,248,200212
177,136,200212
177,346,200212
177,51,200212
177,11,200212
178,64,200212
178,773,200212
178,102,200212
178,517,200212
178,120,200212
178,19,200212
178,38,200212
178,76,200212
178,46,200212
178,5,200212
178,83,200212
178,334,200212
178,117,200212
178,63,200212
178,246,200212
178,75,200212
178,13,200212
178,142,200212
178,14,200212
178,739,200212
178,60,200212
178,16,200212
178,316,200212
178,151,200212
178,10,200212
178,40,200212
178,17,200212
178,136,200212
178,129,200212
178,320,200212
178,146,200212
178,32,200212
178,108,200212
178,36,200212
178,139,200212
178,48,200212
180,766,200212
180,102,200212
180,12,200212
180,19,200212
180,195,200212
180,160,200212
180,433,200212
180,26,200212
180,126,200212
180,55,200212
180,155,200212
180,119,200212
180,13,200212
180,742,200212
180,143,200212
180,52,200212
180,16,200212
180,339,200212
180,117,200212
180,154,200212
180,6,200212
180,332,200212
180,72,200212
180,14,200212
180,15,200212
180,0,200212
180,100,200212
180,242,200212
180,5,200212
180,27,200212
180,31,200212
180,81,200212
180,181,200212
180,53,200212
180,108,200212
180,133,200212
180,18,200212
180,25,200212
180,29,200212
180,85,200212
180,4,200212
180,136,200212
180,54,200212
180,896,200212
180,94,200212
180,38,200212
180,208,200212
180,77,200212
180,36,200212
180,79,200212
180,135,200212
180,114,200212
180,176,200212
180,107,200212
180,134,200212
180,99,200212
180,142,200212
180,146,200212
180,59,200212
180,64,200212
180,10,200212
180,46,200212
180,60,200212
180,32,200212
180,40,200212
180,97,200212
181,27,200212
181,54,200212
181,429,200212
181,270,200212
181,160,200212
181,131,200212
181,55,200212
181,154,200212
181,101,200212
181,117,200212
181,81,200212
181,433,200212
181,52,200212
181,859,200212
181,77,200212
181,6,200212
181,2,200212
181,197,200212
181,132,200212
181,58,200212
181,18,200212
181,155,200212
181,183,200212
181,145,200212
181,83,200212
181,234,200212
181,65,200212
181,53,200212
181,11,200212
181,31,200212
181,51,200212
181,137,200212
181,113,200212
181,14,200212
181,46,200212
181,28,200212
181,25,200212
181,13,200212
181,136,200212
181,935,200212
181,146,200212
181,99,200212
181,32,200212
181,29,200212
181,16,200212
181,135,200212
181,40,200212
181,97,200212
182,176,200212
182,64,200212
182,79,200212
182,29,200212
182,32,200212
182,192,200212
182,60,200212
182,40,200212
182,19,200212
182,146,200212
182,97,200212
183,11,200212
183,262,200212
183,228,200212
183,105,200212
183,5,200212
183,433,200212
183,176,200212
183,147,200212
183,132,200212
183,69,200212
183,160,200212
183,143,200212
183,136,200212
183,31,200212
183,268,200212
183,177,200212
183,227,200212
183,17,200212
183,97,200212
183,96,200212
183,99,200212
183,12,200212
183,102,200212
183,213,200212
183,2,200212
183,25,200212
183,53,200212
183,27,200212
183,34,200212
183,120,200212
183,787,200212
183,85,200212
183,189,200212
183,26,200212
183,0,200212
183,150,200212
183,4,200212
183,72,200212
183,137,200212
183,18,200212
183,14,200212
183,22,200212
183,346,200212
183,1144,200212
183,164,200212
183,113,200212
183,28,200212
183,30,200212
183,23,200212
183,1,200212
183,21,200212
183,112,200212
183,317,200212
183,29,200212
183,107,200212
183,20,200212
183,10,200212
183,51,200212
184,761,200212
184,33,200212
184,51,200212
184,215,200212
184,223,200212
184,164,200212
184,1,200212
184,10,200212
184,20,200212
184,17,200212
184,4,200212
185,630,200212
185,110,200212
185,190,200212
185,1026,200212
185,650,200212
185,651,200212
185,186,200212
185,474,200212
185,997,200212
185,665,200212
185,897,200212
185,559,200212
185,201,200212
185,922,200212
185,657,200212
185,235,200212
185,926,200212
185,232,200212
185,698,200212
185,656,200212
185,697,200212
185,937,200212
185,1016,200212
185,200,200212
185,947,200212
186,558,200212
186,561,200212
186,232,200212
186,185,200212
186,556,200212
186,1011,200212
186,559,200212
186,555,200212
186,560,200212
186,571,200212
186,110,200212
186,474,200212
186,473,200212
186,620,200212
186,200,200212
186,591,200212
186,665,200212
186,700,200212
186,1019,200212
186,922,200212
186,630,200212
186,1016,200212
186,627,200212
187,146,200212
187,327,200212
187,27,200212
187,314,200212
188,160,200212
188,0,200212
188,552,200212
188,433,200212
188,143,200212
188,72,200212
188,216,200212
188,137,200212
188,335,200212
188,16,200212
188,224,200212
188,124,200212
188,146,200212
188,57,200212
188,652,200212
188,19,200212
188,1,200212
188,150,200212
188,125,200212
188,97,200212
188,154,200212
188,25,200212
189,17,200212
189,70,200212
189,23,200212
189,227,200212
189,28,200212
189,183,200212
189,112,200212
189,10,200212
189,136,200212
189,11,200212
189,1,200212
189,20,200212
190,696,200212
190,191,200212
190,110,200212
190,201,200212
190,185,200212
190,897,200212
190,920,200212
190,1183,200212
191,110,200212
191,867,200212
192,140,200212
192,120,200212
192,64,200212
192,237,200212
192,81,200212
192,444,200212
192,167,200212
192,2,200212
192,146,200212
192,19,200212
192,26,200212
192,97,200212
192,40,200212
192,46,200212
193,64,200212
193,25,200212
193,60,200212
193,29,200212
193,167,200212
193,83,200212
193,160,200212
193,248,200212
193,108,200212
193,32,200212
193,154,200212
194,52,200212
194,76,200212
194,97,200212
194,160,200212
194,137,200212
194,77,200212
194,59,200212
194,6,200212
195,97,200212
195,160,200212
195,180,200212
195,176,200212
195,65,200212
195,19,200212
195,143,200212
195,138,200212
195,433,200212
195,6,200212
195,193,200212
195,36,200212
195,266,200212
195,48,200212
195,64,200212
195,146,200212
195,29,200212
196,506,200212
196,494,200212
196,378,200212
196,547,200212
196,626,200212
196,377,200212
196,412,200212
196,110,200212
196,475,200212
196,226,200212
196,578,200212
196,367,200212
196,471,200212
196,448,200212
196,364,200212
196,365,200212
196,225,200212
196,366,200212
196,425,200212
196,351,200212
196,400,200212
196,535,200212
196,551,200212
196,232,200212
196,363,200212
196,627,200212
196,470,200212
196,489,200212
196,472,200212
196,352,200212
196,447,200212
196,230,200212
196,409,200212
196,424,200212
196,622,200212
196,504,200212
196,705,200212
196,681,200212
196,790,200212
196,538,200212
196,516,200212
196,451,200212
196,678,200212
196,528,200212
196,402,200212
196,229,200212
196,479,200212
196,667,200212
196,663,200212
196,595,200212
196,625,200212
196,526,200212
196,28,200212
196,99,200212
196,1134,200212
196,478,200212
196,136,200212
196,4,200212
197,433,200212
197,160,200212
197,54,200212
197,545,200212
197,181,200212
197,29,200212
197,198,200212
197,188,200212
197,77,200212
197,62,200212
197,440,200212
197,233,200212
197,124,200212
197,46,200212
197,31,200212
197,36,200212
197,83,200212
197,60,200212
197,146,200212
197,32,200212
197,18,200212
197,135,200212
197,97,200212
198,27,200212
198,445,200212
198,154,200212
198,339,200212
198,142,200212
198,117,200212
198,206,200212
198,242,200212
198,146,200212
198,32,200212
198,40,200212
198,160,200212
198,97,200212
198,29,200212
200,697,200212
200,110,200212
200,474,200212
200,656,200212
200,947,200212
200,657,200212
200,236,200212
200,937,200212
200,698,200212
200,185,200212
201,110,200212
201,185,200212
201,897,200212
201,190,200212
203,87,200212
203,89,200212
203,168,200212
203,291,200212
204,115,200212
204,757,200212
204,801,200212
204,96,200212
205,40,200212
205,176,200212
205,108,200212
205,57,200212
205,60,200212
205,64,200212
205,32,200212
205,19,200212
206,126,200212
206,40,200212
206,332,200212
206,6,200212
206,101,200212
206,132,200212
206,32,200212
206,19,200212
208,142,200212
208,64,200212
208,45,200212
208,62,200212
208,349,200212
208,85,200212
208,81,200212
208,146,200212
208,170,200212
208,742,200212
208,70,200212
208,14,200212
208,74,200212
208,15,200212
208,77,200212
208,739,200212
208,181,200212
208,25,200212
208,18,200212
208,303,200212
208,544,200212
208,54,200212
208,55,200212
208,144,200212
208,2,200212
208,40,200212
208,180,200212
208,117,200212
208,6,200212
208,19,200212
208,13,200212
208,32,200212
208,99,200212
208,29,200212
208,16,200212
208,97,200212
209,70,200212
209,784,200212
209,1,200212
210,796,200212
210,10,200212
210,1057,200212
210,750,200212
211,23,200212
211,457,200212
211,150,200212
211,20,200212
211,17,200212
211,1,200212
212,2235,200212
212,2112,200212
212,89,200212
213,457,200212
213,20,200212
213,37,200212
213,52,200212
213,150,200212
213,85,200212
213,112,200212
213,51,200212
213,136,200212
213,21,200212
213,25,200212
213,10,200212
213,97,200212
213,11,200212
213,18,200212
213,17,200212
213,1,200212
213,29,200212
213,137,200212
213,4,200212
214,51,200212
214,21,200212
214,20,200212
214,4,200212
215,51,200212
215,184,200212
215,4,200212
216,101,200212
216,25,200212
216,160,200212
216,137,200212
216,97,200212
217,129,200212
220,85,200212
220,115,200212
220,137,200212
220,346,200212
220,248,200212
221,147,200212
221,136,200212
222,4,200212
222,748,200212
222,747,200212
222,69,200212
222,346,200212
222,248,200212
222,51,200212
223,84,200212
223,177,200212
223,105,200212
223,164,200212
223,265,200212
223,64,200212
223,40,200212
223,69,200212
223,88,200212
223,51,200212
223,30,200212
223,11,200212
223,18,200212
223,4,200212
224,433,200212
224,39,200212
224,160,200212
224,58,200212
224,104,200212
224,46,200212
224,146,200212
224,335,200212
224,29,200212
224,97,200212
225,470,200212
225,196,200212
225,377,200212
225,472,200212
225,471,200212
225,494,200212
225,378,200212
225,226,200212
225,110,200212
225,475,200212
225,596,200212
225,586,200212
225,574,200212
226,231,200212
226,465,200212
226,604,200212
226,590,200212
226,110,200212
226,573,200212
226,586,200212
226,229,200212
226,589,200212
226,470,200212
226,527,200212
226,594,200212
226,636,200212
226,225,200212
226,351,200212
226,572,200212
226,352,200212
226,424,200212
227,20,200212
227,183,200212
227,11,200212
227,268,200212
227,4,200212
227,17,200212
228,183,200212
228,11,200212
228,227,200212
228,105,200212
228,317,200212
229,110,200212
229,824,200212
229,637,200212
229,669,200212
229,1204,200212
229,196,200212
229,642,200212
229,663,200212
230,603,200212
230,642,200212
230,635,200212
230,600,200212
230,596,200212
230,640,200212
230,634,200212
230,638,200212
230,643,200212
230,110,200212
230,639,200212
230,232,200212
230,641,200212
230,636,200212
230,594,200212
230,231,200212
231,232,200212
231,319,200212
231,576,200212
231,230,200212
231,575,200212
231,465,200212
231,110,200212
231,643,200212
231,605,200212
231,603,200212
231,351,200212
231,226,200212
231,640,200212
231,599,200212
231,586,200212
231,527,200212
231,639,200212
232,661,200212
232,599,200212
232,624,200212
232,110,200212
232,257,200212
232,603,200212
232,658,200212
232,255,200212
232,597,200212
232,602,200212
232,253,200212
232,591,200212
232,231,200212
232,252,200212
232,256,200212
232,601,200212
232,664,200212
232,644,200212
232,273,200212
232,670,200212
232,263,200212
232,639,200212
232,643,200212
232,254,200212
232,527,200212
232,465,200212
232,575,200212
232,260,200212
232,640,200212
232,230,200212
232,576,200212
232,598,200212
232,659,200212
232,258,200212
232,605,200212
232,186,200212
232,259,200212
232,700,200212
232,319,200212
232,600,200212
232,587,200212
232,239,200212
232,196,200212
232,594,200212
232,637,200212
232,586,200212
232,604,200212
232,558,200212
232,642,200212
232,560,200212
232,596,200212
232,641,200212
232,236,200212
232,185,200212
233,144,200212
233,132,200212
233,197,200212
233,131,200212
233,113,200212
233,160,200212
233,97,200212
233,16,200212
233,29,200212
233,18,200212
234,738,200212
234,18,200212
234,762,200212
234,160,200212
234,61,200212
234,12,200212
234,123,200212
234,27,200212
234,413,200212
234,802,200212
234,122,200212
234,197,200212
234,181,200212
234,40,200212
234,97,200212
234,346,200212
234,10,200212
235,110,200212
235,1717,200212
235,1381,200212
235,190,200212
235,185,200212
235,867,200212
235,1056,200212
236,110,200212
236,627,200212
236,474,200212
236,525,200212
237,274,200212
237,46,200212
237,25,200212
237,57,200212
237,146,200212
237,83,200212
237,77,200212
237,6,200212
237,97,200212
238,84,200212
238,105,200212
238,136,200212
238,86,200212
238,4,200212
238,11,200212
239,259,200212
239,659,200212
239,252,200212
239,254,200212
239,257,200212
239,232,200212
239,658,200212
239,602,200212
239,600,200212
241,58,200212
241,788,200212
241,675,200212
241,175,200212
241,45,200212
241,35,200212
241,59,200212
241,110,200212
241,322,200212
242,143,200212
242,131,200212
242,482,200212
242,132,200212
242,101,200212
242,146,200212
242,31,200212
242,76,200212
242,54,200212
242,97,200212
242,13,200212
242,18,200212
242,1587,200212
242,32,200212
242,29,200212
243,89,200212
243,13,200212
243,90,200212
243,8,200212
243,17,200212
243,7,200212
243,20,200212
244,27,200212
244,137,200212
244,25,200212
244,248,200212
245,23,200212
245,4,200212
246,75,200212
246,178,200212
247,4,200212
247,19,200212
247,51,200212
247,175,200212
247,433,200212
247,150,200212
247,69,200212
247,132,200212
247,23,200212
247,143,200212
247,137,200212
247,39,200212
247,138,200212
247,1439,200212
247,131,200212
247,5,200212
247,748,200212
247,165,200212
247,76,200212
247,747,200212
248,27,200212
248,22,200212
248,863,200212
248,116,200212
248,339,200212
248,29,200212
248,149,200212
248,51,200212
248,2,200212
248,69,200212
248,154,200212
248,309,200212
248,124,200212
248,165,200212
248,843,200212
248,62,200212
248,522,200212
248,161,200212
248,33,200212
248,72,200212
248,54,200212
248,177,200212
248,384,200212
248,222,200212
248,104,200212
248,292,200212
248,132,200212
248,271,200212
248,75,200212
248,96,200212
248,47,200212
248,25,200212
248,193,200212
248,15,200212
248,159,200212
248,66,200212
248,77,200212
248,137,200212
248,269,200212
248,244,200212
248,1,200212
248,4,200212
248,107,200212
248,11,200212
249,85,200212
249,355,200212
249,146,200212
249,60,200212
249,108,200212
249,160,200212
249,97,200212
250,22,200212
250,132,200212
250,104,200212
250,12,200212
250,160,200212
250,137,200212
250,46,200212
250,97,200212
251,154,200212
252,232,200212
252,254,200212
252,239,200212
253,232,200212
253,659,200212
253,254,200212
254,600,200212
254,253,200212
254,252,200212
254,634,200212
254,232,200212
254,659,200212
255,232,200212
255,186,200212
255,257,200212
255,602,200212
255,260,200212
256,232,200212
256,263,200212
256,254,200212
256,260,200212
257,232,200212
257,255,200212
257,700,200212
257,591,200212
257,601,200212
258,259,200212
258,239,200212
258,232,200212
259,260,200212
259,258,200212
259,232,200212
260,232,200212
260,659,200212
260,256,200212
260,263,200212
261,5,200212
261,150,200212
261,211,200212
261,107,200212
261,346,200212
261,1,200212
261,17,200212
261,20,200212
262,165,200212
262,32,200212
262,154,200212
263,232,200212
263,260,200212
263,256,200212
263,257,200212
263,601,200212
264,728,200212
264,11,200212
265,30,200212
265,433,200212
265,69,200212
265,144,200212
265,61,200212
265,18,200212
265,132,200212
265,143,200212
265,169,200212
265,9,200212
265,135,200212
265,53,200212
265,11,200212
265,97,200212
265,108,200212
265,27,200212
265,31,200212
265,19,200212
265,5,200212
265,160,200212
265,136,200212
265,29,200212
266,6,200212
266,59,200212
266,114,200212
266,25,200212
266,64,200212
266,143,200212
266,46,200212
266,97,200212
266,146,200212
266,341,200212
266,375,200212
266,195,200212
266,79,200212
266,294,200212
266,129,200212
267,154,200212
267,135,200212
267,522,200212
267,17,200212
267,29,200212
268,183,200212
268,11,200212
268,787,200212
268,227,200212
268,17,200212
268,4,200212
269,433,200212
269,96,200212
269,163,200212
269,159,200212
269,248,200212
269,18,200212
269,60,200212
269,29,200212
269,32,200212
269,97,200212
269,154,200212
270,181,200212
270,80,200212
270,101,200212
270,99,200212
270,14,200212
270,117,200212
270,16,200212
270,32,200212
270,18,200212
270,29,200212
271,18,200212
271,6,200212
271,248,200212
271,29,200212
272,89,200212
273,232,200212
273,659,200212
274,152,200212
274,157,200212
274,183,200212
274,1,200212
274,150,200212
274,142,200212
274,120,200212
274,9,200212
274,433,200212
274,136,200212
274,27,200212
274,100,200212
274,29,200212
274,154,200212
274,0,200212
274,92,200212
274,31,200212
274,135,200212
274,2,200212
274,17,200212
274,51,200212
274,102,200212
274,107,200212
274,115,200212
274,97,200212
274,47,200212
274,93,200212
274,25,200212
274,149,200212
274,124,200212
274,72,200212
274,116,200212
274,165,200212
274,96,200212
274,85,200212
275,154,200212
276,54,200212
276,170,200212
276,422,200212
276,18,200212
276,29,200212
276,32,200212
277,334,200212
277,19,200212
278,76,200212
278,39,200212
278,26,200212
278,54,200212
278,160,200212
278,64,200212
278,16,200212
278,40,200212
278,46,200212
278,97,200212
280,89,200212
280,17,200212
280,28,200212
280,175,200212
280,13,200212
281,63,200212
281,5,200212
281,16,200212
281,77,200212
281,433,200212
281,19,200212
281,23,200212
281,1,200212
281,51,200212
281,85,200212
281,6,200212
281,138,200212
281,143,200212
281,129,200212
281,59,200212
281,18,200212
281,160,200212
281,170,200212
281,154,200212
281,136,200212
282,77,200212
282,27,200212
282,264,200212
282,542,200212
282,501,200212
282,327,200212
282,24,200212
282,110,200212
282,143,200212
282,66,200212
282,38,200212
282,401,200212
282,154,200212
282,137,200212
282,380,200212
282,64,200212
282,83,200212
283,19,200212
283,766,200212
283,13,200212
283,26,200212
284,129,200212
285,40,200212
285,739,200212
286,2,200212
286,23,200212
286,137,200212
286,138,200212
286,143,200212
286,14,200212
286,25,200212
287,46,200212
289,134,200212
289,55,200212
289,13,200212
290,110,200212
290,808,200212
291,168,200212
291,203,200212
291,87,200212
292,18,200212
292,29,200212
294,165,200212
294,739,200212
294,23,200212
294,4,200212
294,175,200212
294,35,200212
294,208,200212
294,14,200212
294,114,200212
294,266,200212
295,51,200212
296,143,200212
296,154,200212
297,102,200212
297,313,200212
297,349,200212
297,26,200212
297,1674,200212
297,13,200212
298,18,200212
299,130,200212
299,581,200212
299,801,200212
299,96,200212
299,136,200212
300,51,200212
300,4,200212
301,317,200212
301,69,200212
301,51,200212
301,4,200212
303,156,200212
303,160,200212
303,20,200212
303,17,200212
303,1,200212
303,18,200212
303,136,200212
304,339,200212
305,830,200212
305,110,200212
305,684,200212
305,633,200212
305,427,200212
305,109,200212
305,4,200212
306,109,200212
306,729,200212
306,110,200212
306,593,200212
306,128,200212
306,427,200212
306,4,200212
307,136,200212
307,25,200212
308,135,200212
309,118,200212
309,248,200212
309,160,200212
309,154,200212
309,137,200212
310,72,200212
310,731,200212
311,312,200212
311,50,200212
311,69,200212
311,3,200212
311,51,200212
311,4,200212
312,89,200212
312,69,200212
313,297,200212
313,13,200212
313,26,200212
313,349,200212
314,29,200212
314,57,200212
314,76,200212
314,282,200212
314,96,200212
314,433,200212
314,15,200212
314,160,200212
314,113,200212
314,154,200212
315,20,200212
316,178,200212
316,40,200212
317,69,200212
317,50,200212
317,301,200212
317,227,200212
317,228,200212
317,51,200212
317,105,200212
317,17,200212
317,183,200212
317,4,200212
318,160,200212
319,576,200212
319,465,200212
319,604,200212
319,232,200212
319,605,200212
319,527,200212
319,575,200212
319,644,200212
319,231,200212
319,110,200212
320,39,200212
320,102,200212
320,26,200212
320,54,200212
320,29,200212
320,99,200212
320,16,200212
320,46,200212
320,97,200212
320,6,200212
320,146,200212
320,178,200212
320,32,200212
320,48,200212
322,6,200212
322,785,200212
322,59,200212
322,78,200212
322,126,200212
322,14,200212
322,350,200212
323,89,200212
323,778,200212
323,7,200212
326,25,200212
327,38,200212
327,175,200212
327,354,200212
327,47,200212
327,380,200212
327,339,200212
327,282,200212
327,24,200212
327,160,200212
327,154,200212
327,137,200212
327,25,200212
327,1093,200212
330,358,200212
330,147,200212
330,891,200212
330,166,200212
330,136,200212
330,11,200212
332,117,200212
332,338,200212
332,126,200212
332,79,200212
332,40,200212
332,32,200212
332,64,200212
332,19,200212
333,170,200212
333,274,200212
333,652,200212
333,107,200212
333,248,200212
333,137,200212
334,844,200212
334,19,200212
335,433,200212
335,124,200212
335,35,200212
335,274,200212
335,188,200212
335,326,200212
335,53,200212
335,19,200212
335,88,200212
335,224,200212
335,25,200212
336,101,200212
336,25,200212
336,137,200212
337,25,200212
337,137,200212
338,81,200212
338,19,200212
338,26,200212
338,40,200212
339,137,200212
339,282,200212
339,175,200212
339,327,200212
339,341,200212
339,25,200212
339,37,200212
339,2,200212
339,24,200212
339,77,200212
339,384,200212
339,401,200212
339,138,200212
339,161,200212
339,65,200212
339,264,200212
339,160,200212
339,844,200212
339,154,200212
339,304,200212
339,18,200212
339,393,200212
339,85,200212
339,248,200212
340,25,200212
341,339,200212
341,92,200212
341,9,200212
341,31,200212
341,27,200212
341,154,200212
341,99,200212
341,143,200212
341,139,200212
341,48,200212
341,266,200212
341,375,200212
341,25,200212
341,160,200212
341,108,200212
341,97,200212
342,48,200212
342,458,200212
342,160,200212
342,97,200212
342,46,200212
344,137,200212
346,784,200212
346,133,200212
346,150,200212
346,51,200212
346,4,200212
346,1,200212
346,244,200212
346,234,200212
346,220,200212
346,96,200212
346,148,200212
346,222,200212
346,149,200212
346,483,200212
346,165,200212
346,9,200212
346,537,200212
346,54,200212
346,12,200212
346,136,200212
346,132,200212
346,183,200212
346,15,200212
346,33,200212
346,144,200212
346,177,200212
346,122,200212
346,69,200212
346,28,200212
346,93,200212
346,121,200212
346,135,200212
347,64,200212
347,48,200212
347,769,200212
347,108,200212
348,749,200212
348,23,200212
348,17,200212
349,294,200212
349,102,200212
349,208,200212
349,297,200212
349,313,200212
349,1674,200212
349,13,200212
350,785,200212
350,322,200212
351,352,200212
351,760,200212
351,110,200212
351,196,200212
351,587,200212
351,607,200212
351,225,200212
351,606,200212
351,565,200212
351,465,200212
351,679,200212
351,660,200212
351,589,200212
351,554,200212
351,226,200212
351,572,200212
351,574,200212
351,590,200212
351,498,200212
351,604,200212
351,599,200212
351,573,200212
351,484,200212
351,231,200212
351,586,200212
352,532,200212
352,626,200212
352,805,200212
352,621,200212
352,622,200212
352,477,200212
352,565,200212
352,625,200212
352,678,200212
352,579,200212
352,484,200212
352,623,200212
352,196,200212
352,564,200212
352,110,200212
352,366,200212
352,225,200212
352,351,200212
352,679,200212
352,424,200212
352,471,200212
352,694,200212
352,693,200212
352,590,200212
352,226,200212
353,17,200212
354,31,200212
354,329,200212
354,380,200212
354,38,200212
354,81,200212
354,18,200212
354,16,200212
354,60,200212
354,29,200212
354,26,200212
355,83,200212
355,9,200212
355,2,200212
355,31,200212
355,142,200212
355,77,200212
355,137,200212
355,249,200212
355,99,200212
355,146,200212
355,108,200212
355,60,200212
355,160,200212
355,97,200212
357,1129,200212
358,147,200212
358,891,200212
358,136,200212
359,136,200212
360,899,200212
360,889,200212
360,40,200212
361,136,200212
362,12,200212
362,32,200212
362,40,200212
363,196,200212
363,366,200212
363,364,200212
363,365,200212
363,402,200212
364,196,200212
364,366,200212
364,402,200212
364,365,200212
364,551,200212
365,364,200212
365,196,200212
365,366,200212
365,400,200212
366,365,200212
366,364,200212
366,196,200212
366,363,200212
366,367,200212
366,478,200212
366,402,200212
366,551,200212
367,196,200212
368,132,200212
368,27,200212
369,40,200212
370,75,200212
370,40,200212
370,19,200212
371,130,200212
371,2,200212
371,156,200212
371,6,200212
371,137,200212
371,29,200212
371,136,200212
371,1,200212
371,25,200212
372,147,200212
372,136,200212
373,722,200212
373,40,200212
374,95,200212
374,77,200212
374,160,200212
374,40,200212
375,65,200212
375,19,200212
375,188,200212
375,48,200212
375,59,200212
375,60,200212
375,143,200212
375,455,200212
375,433,200212
375,97,200212
375,139,200212
375,39,200212
375,519,200212
375,35,200212
375,136,200212
375,266,200212
375,341,200212
375,6,200212
375,79,200212
375,77,200212
375,135,200212
376,1,200212
376,136,200212
377,516,200212
377,472,200212
377,196,200212
377,412,200212
377,225,200212
377,475,200212
377,471,200212
377,705,200212
377,378,200212
378,196,200212
378,475,200212
378,472,200212
378,625,200212
378,494,200212
378,225,200212
378,412,200212
378,471,200212
378,377,200212
379,154,200212
379,160,200212
380,143,200212
380,198,200212
381,16,200212
381,523,200212
381,40,200212
383,667,200212
384,97,200212
384,27,200212
384,143,200212
384,248,200212
385,143,200212
386,327,200212
387,176,200212
387,19,200212
387,40,200212
388,154,200212
390,167,200212
390,137,200212
391,859,200212
391,27,200212
393,60,200212
393,510,200212
393,339,200212
393,652,200212
393,899,200212
393,97,200212
393,137,200212
393,160,200212
393,25,200212
394,146,200212
394,154,200212
395,1,200212
395,17,200212
397,137,200212
398,97,200212
400,196,200212
400,365,200212
400,402,200212
400,366,200212
400,504,200212
401,0,200212
401,282,200212
401,144,200212
401,27,200212
401,37,200212
402,364,200212
402,400,200212
402,363,200212
402,365,200212
402,196,200212
402,366,200212
407,61,200212
407,415,200212
407,18,200212
408,426,200212
408,411,200212
408,18,200212
409,196,200212
409,366,200212
410,423,200212
410,18,200212
411,408,200212
411,18,200212
412,225,200212
412,472,200212
412,447,200212
412,196,200212
412,378,200212
413,802,200212
413,423,200212
413,18,200212
415,61,200212
415,407,200212
415,136,200212
415,18,200212
416,407,200212
416,18,200212
418,363,200212
419,25,200212
420,143,200212
420,117,200212
420,54,200212
420,32,200212
422,440,200212
422,430,200212
422,54,200212
422,276,200212
422,32,200212
422,18,200212
423,18,200212
424,759,200212
424,469,200212
424,352,200212
424,425,200212
424,532,200212
424,196,200212
424,110,200212
424,506,200212
424,478,200212
424,477,200212
424,476,200212
424,226,200212
425,424,200212
425,794,200212
425,196,200212
425,110,200212
425,970,200212
425,506,200212
425,478,200212
425,538,200212
426,811,200212
426,18,200212
426,737,200212
427,222,200212
427,127,200212
427,306,200212
427,128,200212
427,4,200212
427,110,200212
427,109,200212
427,567,200212
427,613,200212
427,614,200212
427,610,200212
427,612,200212
427,616,200212
429,181,200212
429,32,200212
430,54,200212
430,443,200212
430,18,200212
431,114,200212
431,280,200212
432,18,200212
433,101,200212
433,22,200212
433,142,200212
433,78,200212
433,155,200212
433,108,200212
433,117,200212
433,66,200212
433,14,200212
433,501,200212
433,9,200212
433,124,200212
433,0,200212
433,79,200212
433,12,200212
433,176,200212
433,132,200212
433,154,200212
433,335,200212
433,85,200212
433,102,200212
433,115,200212
433,1,200212
433,157,200212
433,195,200212
433,160,200212
433,100,200212
433,134,200212
433,69,200212
433,61,200212
433,126,200212
433,265,200212
433,58,200212
433,93,200212
433,165,200212
433,17,200212
433,27,200212
433,48,200212
433,131,200212
433,197,200212
433,54,200212
433,15,200212
433,23,200212
433,120,200212
433,51,200212
433,83,200212
433,180,200212
433,5,200212
433,97,200212
433,59,200212
433,64,200212
433,163,200212
433,138,200212
433,76,200212
433,72,200212
433,40,200212
433,11,200212
433,140,200212
433,4,200212
433,53,200212
433,112,200212
433,247,200212
433,32,200212
433,139,200212
433,16,200212
433,80,200212
433,29,200212
433,137,200212
433,19,200212
433,136,200212
433,129,200212
433,18,200212
433,35,200212
433,183,200212
433,6,200212
433,224,200212
433,779,200212
433,34,200212
433,144,200212
433,28,200212
433,269,200212
433,43,200212
433,13,200212
433,57,200212
433,25,200212
433,30,200212
433,39,200212
433,46,200212
433,150,200212
433,135,200212
433,188,200212
433,31,200212
433,104,200212
433,141,200212
433,38,200212
433,96,200212
433,121,200212
433,52,200212
433,314,200212
433,181,200212
433,60,200212
433,274,200212
433,2,200212
433,55,200212
433,375,200212
433,156,200212
435,97,200212
436,234,200212
436,18,200212
440,54,200212
440,24,200212
443,430,200212
443,18,200212
444,142,200212
444,739,200212
444,13,200212
444,40,200212
444,64,200212
444,81,200212
444,14,200212
444,54,200212
444,83,200212
445,101,200212
445,859,200212
445,15,200212
445,138,200212
445,188,200212
445,530,200212
445,54,200212
445,146,200212
445,46,200212
447,412,200212
447,448,200212
447,196,200212
448,196,200212
448,364,200212
449,549,200212
449,40,200212
451,196,200212
452,60,200212
452,47,200212
452,97,200212
455,512,200212
455,100,200212
455,143,200212
455,375,200212
455,398,200212
455,97,200212
457,750,200212
457,211,200212
457,10,200212
457,495,200212
458,39,200212
458,97,200212
458,46,200212
460,282,200212
460,384,200212
460,160,200212
460,159,200212
460,78,200212
463,182,200212
463,14,200212
463,40,200212
463,142,200212
463,48,200212
463,18,200212
465,527,200212
465,231,200212
465,232,200212
465,576,200212
465,110,200212
465,604,200212
465,319,200212
465,575,200212
465,226,200212
465,603,200212
465,351,200212
465,644,200212
469,477,200212
469,196,200212
469,424,200212
469,476,200212
470,471,200212
470,225,200212
470,196,200212
470,475,200212
470,472,200212
470,516,200212
470,226,200212
470,378,200212
471,470,200212
471,472,200212
471,475,200212
471,196,200212
471,378,200212
471,225,200212
471,377,200212
472,378,200212
472,470,200212
472,377,200212
472,196,200212
472,225,200212
472,475,200212
472,681,200212
472,471,200212
472,596,200212
473,186,200212
473,559,200212
473,556,200212
473,474,200212
474,110,200212
474,825,200212
474,186,200212
474,922,200212
474,651,200212
474,630,200212
474,185,200212
474,473,200212
474,665,200212
474,236,200212
474,650,200212
474,997,200212
474,627,200212
474,559,200212
474,1030,200212
475,471,200212
475,196,200212
475,378,200212
475,225,200212
475,377,200212
475,470,200212
475,472,200212
476,532,200212
476,477,200212
476,469,200212
476,424,200212
477,196,200212
477,352,200212
477,476,200212
477,532,200212
477,424,200212
478,424,200212
478,506,200212
478,110,200212
478,196,200212
478,425,200212
479,196,200212
480,27,200212
480,136,200212
482,131,200212
483,85,200212
483,137,200212
483,346,200212
484,352,200212
484,625,200212
484,621,200212
484,678,200212
484,565,200212
484,626,200212
484,579,200212
484,694,200212
485,859,200212
489,196,200212
489,378,200212
490,159,200212
490,28,200212
490,27,200212
491,314,200212
492,136,200212
493,282,200212
493,23,200212
493,28,200212
493,17,200212
494,110,200212
494,225,200212
494,470,200212
496,59,200212
496,25,200212
498,351,200212
501,433,200212
501,19,200212
501,150,200212
501,132,200212
501,24,200212
501,143,200212
501,112,200212
501,107,200212
501,137,200212
501,39,200212
501,23,200212
501,138,200212
501,5,200212
502,12,200212
502,143,200212
502,728,200212
502,873,200212
502,136,200212
503,24,200212
503,154,200212
504,196,200212
506,425,200212
506,478,200212
506,424,200212
506,196,200212
510,543,200212
510,393,200212
510,137,200212
510,160,200212
510,97,200212
512,139,200212
512,455,200212
512,80,200212
512,101,200212
512,39,200212
512,160,200212
513,282,200212
516,196,200212
517,178,200212
519,375,200212
521,124,200212
521,1291,200212
521,885,200212
521,137,200212
522,267,200212
522,248,200212
522,29,200212
522,154,200212
523,722,200212
523,40,200212
525,110,200212
525,236,200212
525,627,200212
526,196,200212
527,590,200212
527,591,200212
527,465,200212
527,604,200212
527,232,200212
527,319,200212
527,643,200212
527,576,200212
527,226,200212
527,586,200212
527,575,200212
527,231,200212
527,644,200212
527,110,200212
528,196,200212
530,193,200212
530,445,200212
530,512,200212
531,282,200212
532,476,200212
532,352,200212
532,477,200212
532,424,200212
532,623,200212
532,621,200212
532,225,200212
534,27,200212
534,28,200212
535,196,200212
537,159,200212
537,96,200212
537,166,200212
537,346,200212
537,136,200212
538,425,200212
538,196,200212
540,167,200212
540,118,200212
540,137,200212
540,97,200212
542,97,200212
542,139,200212
542,115,200212
543,160,200212
544,160,200212
544,53,200212
544,137,200212
544,124,200212
544,143,200212
544,157,200212
544,131,200212
544,80,200212
544,117,200212
544,26,200212
544,99,200212
544,97,200212
544,46,200212
544,25,200212
544,154,200212
544,29,200212
545,197,200212
545,32,200212
546,29,200212
546,545,200212
546,32,200212
547,196,200212
547,377,200212
548,10,200212
548,781,200212
548,11,200212
549,449,200212
549,40,200212
551,196,200212
551,364,200212
551,366,200212
552,133,200212
552,188,200212
552,72,200212
552,21,200212
552,20,200212
552,112,200212
552,1,200212
552,5,200212
552,2,200212
552,27,200212
552,60,200212
552,115,200212
552,17,200212
552,85,200212
552,25,200212
552,97,200212
552,28,200212
552,4,200212
552,160,200212
552,96,200212
552,48,200212
552,64,200212
554,351,200212
554,587,200212
554,590,200212
555,186,200212
556,186,200212
556,997,200212
558,560,200212
558,186,200212
558,561,200212
559,186,200212
559,922,200212
559,620,200212
559,560,200212
559,232,200212
559,473,200212
559,665,200212
559,474,200212
560,186,200212
560,232,200212
560,561,200212
560,473,200212
560,558,200212
561,560,200212
561,186,200212
563,686,200212
563,610,200212
563,618,200212
563,680,200212
563,673,200212
563,612,200212
563,611,200212
563,733,200212
563,609,200212
563,569,200212
563,570,200212
563,614,200212
563,619,200212
563,734,200212
563,566,200212
563,567,200212
563,1150,200212
563,688,200212
563,1703,200212
563,674,200212
563,568,200212
563,617,200212
563,616,200212
563,614,200212
563,610,200212
563,616,200212
564,352,200212
564,351,200212
564,679,200212
564,565,200212
565,351,200212
565,352,200212
565,564,200212
565,579,200212
565,621,200212
565,622,200212
565,694,200212
566,563,200212
567,427,200212
567,563,200212
568,563,200212
569,563,200212
570,563,200212
571,186,200212
572,351,200212
572,573,200212
572,574,200212
572,589,200212
572,590,200212
572,226,200212
573,352,200212
573,590,200212
573,226,200212
573,586,200212
573,572,200212
573,351,200212
573,589,200212
573,231,200212
573,110,200212
574,351,200212
574,573,200212
574,589,200212
574,572,200212
574,225,200212
575,231,200212
575,465,200212
575,604,200212
575,226,200212
575,576,200212
575,643,200212
575,232,200212
575,527,200212
575,639,200212
575,603,200212
575,644,200212
575,599,200212
575,319,200212
575,605,200212
576,465,200212
576,232,200212
576,575,200212
576,527,200212
576,319,200212
576,231,200212
576,110,200212
576,644,200212
578,196,200212
579,352,200212
579,678,200212
579,694,200212
579,625,200212
579,621,200212
579,565,200212
579,484,200212
579,626,200212
580,839,200212
580,683,200212
580,584,200212
580,582,200212
580,583,200212
580,725,200212
580,726,200212
580,585,200212
580,851,200212
580,932,200212
580,716,200212
581,96,200212
582,580,200212
585,580,200212
586,226,200212
586,465,200212
586,527,200212
586,575,200212
586,351,200212
586,231,200212
586,574,200212
587,351,200212
587,660,200212
587,554,200212
588,34,200212
588,27,200212
588,136,200212
589,590,200212
589,626,200212
589,572,200212
589,573,200212
589,574,200212
589,226,200212
589,351,200212
590,574,200212
590,573,200212
590,226,200212
590,679,200212
590,351,200212
590,589,200212
590,572,200212
590,604,200212
590,554,200212
591,232,200212
591,560,200212
591,255,200212
591,258,200212
591,257,200212
591,700,200212
592,593,200212
592,677,200212
592,109,200212
593,592,200212
593,677,200212
593,306,200212
593,109,200212
593,127,200212
594,640,200212
594,230,200212
594,225,200212
594,226,200212
594,232,200212
594,636,200212
594,596,200212
594,600,200212
594,110,200212
595,196,200212
596,230,200212
596,594,200212
596,640,200212
596,636,200212
596,229,200212
596,225,200212
597,232,200212
597,263,200212
597,601,200212
597,664,200212
597,658,200212
598,232,200212
599,232,200212
599,465,200212
599,605,200212
599,644,200212
599,351,200212
599,575,200212
600,643,200212
600,887,200212
600,230,200212
600,594,200212
600,232,200212
600,634,200212
600,254,200212
600,239,200212
600,639,200212
601,260,200212
601,232,200212
601,597,200212
601,560,200212
601,239,200212
601,256,200212
601,664,200212
601,263,200212
602,232,200212
602,259,200212
602,254,200212
602,257,200212
602,256,200212
603,239,200212
603,231,200212
603,232,200212
603,639,200212
603,465,200212
603,254,200212
603,594,200212
603,575,200212
603,643,200212
604,226,200212
604,351,200212
604,230,200212
604,590,200212
604,573,200212
604,231,200212
604,232,200212
604,589,200212
604,586,200212
604,575,200212
605,232,200212
605,624,200212
605,644,200212
605,599,200212
605,231,200212
605,575,200212
606,351,200212
606,607,200212
606,679,200212
607,660,200212
607,606,200212
607,351,200212
607,679,200212
607,574,200212
609,563,200212
610,563,200212
610,427,200212
611,563,200212
612,563,200212
612,427,200212
613,427,200212
614,563,200212
614,674,200212
614,427,200212
616,427,200212
616,563,200212
617,563,200212
618,563,200212
618,427,200212
620,186,200212
621,352,200212
621,484,200212
621,622,200212
621,579,200212
621,565,200212
621,694,200212
621,625,200212
621,678,200212
622,352,200212
622,623,200212
622,694,200212
623,352,200212
623,622,200212
623,532,200212
623,694,200212
623,621,200212
624,664,200212
624,232,200212
624,658,200212
624,670,200212
625,352,200212
625,579,200212
625,484,200212
625,678,200212
625,694,200212
625,621,200212
625,626,200212
625,196,200212
626,352,200212
626,625,200212
626,579,200212
626,694,200212
626,484,200212
626,196,200212
627,646,200212
627,648,200212
627,525,200212
627,719,200212
627,110,200212
627,649,200212
627,196,200212
627,236,200212
627,186,200212
627,474,200212
627,225,200212
628,629,200212
628,763,200212
628,109,200212
629,109,200212
629,628,200212
630,185,200212
630,474,200212
630,997,200212
630,186,200212
630,473,200212
630,110,200212
631,110,200212
632,647,200212
632,110,200212
633,110,200212
633,427,200212
633,305,200212
633,4,200212
633,109,200212
634,230,200212
634,232,200212
634,818,200212
634,635,200212
634,254,200212
634,600,200212
635,638,200212
635,230,200212
635,634,200212
635,642,200212
635,641,200212
636,594,200212
636,230,200212
636,596,200212
636,640,200212
636,351,200212
637,229,200212
637,642,200212
637,232,200212
638,230,200212
638,232,200212
638,641,200212
638,635,200212
638,637,200212
638,642,200212
639,230,200212
639,527,200212
639,232,200212
639,600,200212
639,603,200212
639,575,200212
639,231,200212
640,230,200212
640,594,200212
640,596,200212
640,604,200212
640,636,200212
640,231,200212
641,230,200212
641,638,200212
641,634,200212
641,642,200212
642,230,200212
642,635,200212
642,638,200212
642,229,200212
642,641,200212
643,639,200212
643,575,200212
643,226,200212
643,232,200212
643,603,200212
643,231,200212
644,232,200212
644,465,200212
644,603,200212
644,605,200212
644,599,200212
644,575,200212
644,576,200212
644,527,200212
644,319,200212
646,627,200212
646,649,200212
646,648,200212
647,632,200212
647,1002,200212
647,841,200212
647,719,200212
648,627,200212
648,649,200212
648,646,200212
649,648,200212
649,627,200212
649,646,200212
650,185,200212
650,630,200212
650,665,200212
650,474,200212
650,110,200212
651,185,200212
651,110,200212
651,474,200212
651,665,200212
652,6,200212
652,188,200212
652,333,200212
652,393,200212
656,200,200212
656,657,200212
656,697,200212
656,185,200212
657,656,200212
657,200,200212
657,997,200212
657,937,200212
657,697,200212
657,185,200212
657,698,200212
658,232,200212
658,597,200212
658,257,200212
658,664,200212
658,239,200212
658,624,200212
659,254,200212
659,253,200212
659,260,200212
659,232,200212
659,239,200212
660,351,200212
660,607,200212
660,679,200212
661,599,200212
661,664,200212
661,232,200212
661,260,200212
661,624,200212
661,670,200212
663,110,200212
663,196,200212
663,229,200212
664,232,200212
664,670,200212
664,658,200212
664,624,200212
664,661,200212
665,997,200212
665,630,200212
665,474,200212
665,650,200212
665,185,200212
665,651,200212
665,110,200212
667,668,200212
667,857,200212
667,383,200212
667,367,200212
667,861,200212
667,196,200212
668,667,200212
669,229,200212
670,232,200212
670,624,200212
670,664,200212
670,661,200212
671,339,200212
671,137,200212
673,563,200212
674,614,200212
674,563,200212
675,820,200212
675,58,200212
676,109,200212
676,592,200212
676,677,200212
677,109,200212
677,676,200212
677,593,200212
678,352,200212
678,626,200212
678,625,200212
678,579,200212
678,484,200212
678,621,200212
678,196,200212
679,352,200212
679,351,200212
679,607,200212
679,606,200212
679,573,200212
679,564,200212
680,563,200212
681,196,200212
683,580,200212
684,110,200212
686,563,200212
688,563,200212
693,352,200212
694,110,200212
694,622,200212
694,484,200212
694,621,200212
694,352,200212
694,579,200212
694,565,200212
694,623,200212
696,190,200212
697,947,200212
697,657,200212
697,656,200212
697,698,200212
697,937,200212
697,185,200212
698,926,200212
698,656,200212
698,947,200212
698,650,200212
698,937,200212
698,697,200212
698,200,200212
698,185,200212
700,232,200212
700,186,200212
700,591,200212
700,255,200212
700,257,200212
703,95,200212
703,64,200212
703,40,200212
704,110,200212
705,196,200212
705,377,200212
706,941,200212
706,1,200212
706,136,200212
718,200,200212
718,961,200212
718,1089,200212
718,1030,200212
718,1087,200212
718,962,200212
718,847,200212
719,627,200212
719,647,200212
722,101,200212
722,146,200212
722,40,200212
723,724,200212
723,109,200212
724,723,200212
724,109,200212
728,11,200212
728,5,200212
728,12,200212
728,862,200212
728,968,200212
728,136,200212
729,306,200212
729,109,200212
729,127,200212
729,613,200212
730,40,200212
731,310,200212
733,563,200212
734,563,200212
734,427,200212
736,745,200212
736,832,200212
736,21,200212
736,761,200212
736,20,200212
737,18,200212
738,122,200212
738,234,200212
738,436,200212
738,123,200212
738,783,200212
738,762,200212
738,30,200212
738,136,200212
739,444,200212
739,40,200212
739,81,200212
739,294,200212
739,208,200212
739,132,200212
739,108,200212
739,60,200212
739,142,200212
739,19,200212
739,178,200212
739,285,200212
740,85,200212
740,137,200212
741,184,200212
741,33,200212
741,295,200212
741,51,200212
741,795,200212
741,842,200212
741,4,200212
742,6,200212
742,896,200212
742,180,200212
742,208,200212
742,13,200212
742,55,200212
743,9,200212
744,46,200212
745,755,200212
745,21,200212
747,748,200212
747,1424,200212
747,247,200212
748,747,200212
748,222,200212
748,247,200212
749,348,200212
750,457,200212
750,941,200212
750,751,200212
750,1010,200212
750,764,200212
750,826,200212
750,210,200212
751,750,200212
752,530,200212
752,18,200212
752,490,200212
752,74,200212
752,28,200212
752,27,200212
753,30,200212
753,84,200212
753,754,200212
754,84,200212
754,753,200212
754,30,200212
755,21,200212
756,115,200212
756,204,200212
756,96,200212
756,757,200212
757,756,200212
757,96,200212
758,48,200212
759,196,200212
760,351,200212
761,21,200212
761,736,200212
761,866,200212
761,4,200212
761,51,200212
761,20,200212
762,122,200212
762,234,200212
762,738,200212
762,136,200212
763,109,200212
764,17,200212
764,274,200212
764,10,200212
764,750,200212
766,180,200212
766,6,200212
766,283,200212
766,13,200212
768,48,200212
769,48,200212
769,97,200212
769,347,200212
769,139,200212
769,60,200212
769,35,200212
769,108,200212
770,89,200212
770,828,200212
770,7,200212
772,60,200212
773,46,200212
773,154,200212
775,776,200212
775,30,200212
776,783,200212
776,775,200212
776,30,200212
777,96,200212
777,130,200212
777,299,200212
778,89,200212
779,433,200212
779,17,200212
779,85,200212
779,274,200212
779,137,200212
780,48,200212
781,10,200212
781,548,200212
781,17,200212
781,11,200212
782,45,200212
782,57,200212
783,776,200212
783,738,200212
783,122,200212
783,30,200212
784,37,200212
784,209,200212
784,1,200212
785,322,200212
785,350,200212
786,917,200212
786,110,200212
787,268,200212
787,372,200212
787,1055,200212
787,11,200212
787,183,200212
788,241,200212
789,110,200212
790,196,200212
793,138,200212
794,425,200212
795,51,200212
795,33,200212
796,750,200212
796,210,200212
797,97,200212
797,46,200212
797,40,200212
798,215,200212
799,14,200212
799,99,200212
799,19,200212
801,756,200212
801,96,200212
802,413,200212
802,234,200212
803,804,200212
803,18,200212
804,803,200212
804,18,200212
805,352,200212
806,69,200212
806,49,200212
807,3,200212
808,110,200212
808,290,200212
810,4,200212
810,1424,200212
811,18,200212
813,76,200212
813,458,200212
813,46,200212
814,54,200212
814,18,200212
814,29,200212
817,5,200212
817,17,200212
817,150,200212
819,21,200212
819,5,200212
820,59,200212
820,1541,200212
820,1708,200212
824,229,200212
825,474,200212
826,750,200212
828,89,200212
829,426,200212
830,110,200212
832,21,200212
832,150,200212
832,20,200212
834,537,200212
834,27,200212
834,136,200212
835,245,200212
835,280,200212
836,142,200212
840,109,200212
841,110,200212
841,647,200212
842,51,200212
843,4,200212
843,51,200212
843,248,200212
844,275,200212
847,718,200212
851,580,200212
855,19,200212
857,667,200212
857,1604,200212
858,64,200212
858,40,200212
860,38,200212
860,445,200212
860,14,200212
860,36,200212
860,60,200212
860,46,200212
860,19,200212
860,26,200212
860,97,200212
861,667,200212
862,136,200212
863,23,200212
863,248,200212
863,17,200212
864,109,200212
866,21,200212
866,761,200212
866,4,200212
866,51,200212
866,20,200212
867,191,200212
867,235,200212
871,445,200212
871,160,200212
873,502,200212
873,136,200212
878,1090,200212
878,30,200212
885,137,200212
885,521,200212
886,110,200212
887,230,200212
887,110,200212
888,154,200212
889,360,200212
889,40,200212
891,136,200212
893,40,200212
893,14,200212
893,1020,200212
896,742,200212
896,13,200212
896,180,200212
897,201,200212
897,190,200212
897,1183,200212
898,786,200212
899,889,200212
899,40,200212
900,46,200212
901,51,200212
901,215,200212
906,23,200212
906,1,200212
906,20,200212
906,17,200212
908,909,200212
908,18,200212
909,908,200212
909,18,200212
911,89,200212
913,109,200212
917,898,200212
920,897,200212
920,201,200212
920,190,200212
922,473,200212
922,630,200212
922,186,200212
922,474,200212
922,997,200212
922,185,200212
926,185,200212
932,580,200212
933,509,200212
935,181,200212
935,160,200212
937,947,200212
937,656,200212
937,697,200212
937,657,200212
937,698,200212
937,185,200212
941,706,200212
941,210,200212
941,136,200212
941,1,200212
947,697,200212
947,200,200212
947,698,200212
947,1026,200212
947,185,200212
950,136,200212
960,59,200212
961,718,200212
962,1089,200212
962,718,200212
968,728,200212
968,136,200212
969,160,200212
970,425,200212
976,84,200212
976,223,200212
976,69,200212
981,136,200212
982,415,200212
982,981,200212
982,136,200212
988,137,200212
988,989,200212
988,136,200212
989,136,200212
989,988,200212
989,137,200212
993,110,200212
995,13,200212
996,13,200212
997,474,200212
997,630,200212
997,650,200212
997,665,200212
997,922,200212
997,698,200212
997,185,200212
997,110,200212
1002,647,200212
1010,210,200212
1011,186,200212
1015,136,200212
1016,186,200212
1016,185,200212
1017,521,200212
1017,1291,200212
1019,186,200212
1020,893,200212
1020,14,200212
1020,40,200212
1022,40,200212
1026,185,200212
1030,1087,200212
1030,474,200212
1030,718,200212
1052,97,200212
1055,183,200212
1056,867,200212
1056,235,200212
1057,750,200212
1057,210,200212
1065,100,200212
1065,46,200212
1074,24,200212
1086,40,200212
1087,1030,200212
1087,718,200212
1088,54,200212
1089,962,200212
1089,718,200212
1090,878,200212
1090,30,200212
1107,89,200212
1118,13,200212
1129,173,200212
1129,357,200212
1129,129,200212
1133,60,200212
1134,196,200212
1144,43,200212
1150,563,200212
1153,35,200212
1161,389,200212
1176,96,200212
1180,42,200212
1180,29,200212
1183,190,200212
1183,897,200212
1186,352,200212
1190,137,200212
1204,229,200212
1205,814,200212
1205,18,200212
1205,29,200212
1210,59,200212
1210,60,200212
1239,718,200212
1261,1262,200212
1269,96,200212
1291,521,200212
1291,1017,200212
1291,137,200212
1355,1,200212
1381,235,200212
1417,13,200212
1424,810,200212
1424,747,200212
1439,247,200212
1479,27,200212
1482,154,200212
1521,143,200212
1528,154,200212
1530,143,200212
1541,820,200212
1571,38,200212
1580,154,200212
1587,242,200212
1604,857,200212
1674,349,200212
1674,297,200212
1708,353,200212
1708,820,200212
1717,235,200212
1794,96,200212
1815,1904,200212
1904,1815,200212
2112,212,200212
2235,212,200212
