i,j,t
0,80,201507
0,124,201507
0,143,201507
0,101,201507
0,552,201507
0,137,201507
0,160,201507
0,31,201507
0,169,201507
0,60,201507
0,176,201507
0,36,201507
0,180,201507
0,13,201507
0,38,201507
0,97,201507
0,7,201507
0,77,201507
0,27,201507
0,51,201507
0,22,201507
0,129,201507
0,21,201507
0,120,201507
0,115,201507
0,26,201507
0,156,201507
0,47,201507
0,149,201507
0,102,201507
0,20,201507
0,188,201507
0,28,201507
0,133,201507
0,116,201507
0,142,201507
0,99,201507
0,4,201507
0,134,201507
0,18,201507
0,112,201507
0,6,201507
0,48,201507
0,81,201507
0,64,201507
0,93,201507
0,32,201507
0,136,201507
0,85,201507
0,1258,201507
0,197,201507
0,14,201507
0,96,201507
0,59,201507
0,1065,201507
0,40,201507
0,29,201507
0,19,201507
0,46,201507
0,16,201507
0,9,201507
0,146,201507
0,165,201507
0,83,201507
0,113,201507
0,100,201507
0,54,201507
0,25,201507
0,266,201507
0,11,201507
0,2,201507
0,17,201507
0,35,201507
0,1,201507
0,5,201507
0,154,201507
0,108,201507
0,10,201507
0,135,201507
0,92,201507
0,274,201507
1,96,201507
1,10,201507
1,23,201507
1,143,201507
1,133,201507
1,129,201507
1,146,201507
1,28,201507
1,552,201507
1,209,201507
1,784,201507
1,77,201507
1,160,201507
1,1236,201507
1,5,201507
1,17,201507
1,13,201507
1,97,201507
1,36,201507
1,51,201507
1,19,201507
1,213,201507
1,137,201507
1,26,201507
1,12,201507
1,60,201507
1,180,201507
1,132,201507
1,243,201507
1,108,201507
1,57,201507
1,7,201507
1,52,201507
1,299,201507
1,16,201507
1,45,201507
1,112,201507
1,247,201507
1,100,201507
1,20,201507
1,25,201507
1,181,201507
1,64,201507
1,1355,201507
1,46,201507
1,941,201507
1,48,201507
1,83,201507
1,102,201507
1,906,201507
1,99,201507
1,2,201507
1,136,201507
1,27,201507
1,261,201507
1,130,201507
1,189,201507
1,107,201507
1,165,201507
1,85,201507
1,124,201507
1,70,201507
1,59,201507
1,150,201507
1,142,201507
1,183,201507
1,0,201507
1,211,201507
1,110,201507
1,6,201507
1,69,201507
1,29,201507
1,40,201507
1,4,201507
1,37,201507
1,11,201507
1,8,201507
1,22,201507
1,81,201507
1,72,201507
1,54,201507
1,35,201507
1,9,201507
1,89,201507
1,18,201507
1,32,201507
1,121,201507
1,31,201507
1,154,201507
1,14,201507
1,274,201507
1,21,201507
1,113,201507
1,92,201507
1,135,201507
2,25,201507
2,339,201507
2,143,201507
2,552,201507
2,385,201507
2,165,201507
2,160,201507
2,1194,201507
2,85,201507
2,60,201507
2,0,201507
2,107,201507
2,28,201507
2,20,201507
2,113,201507
2,40,201507
2,16,201507
2,137,201507
2,21,201507
2,52,201507
2,169,201507
2,80,201507
2,6,201507
2,89,201507
2,81,201507
2,181,201507
2,133,201507
2,12,201507
2,155,201507
2,4,201507
2,142,201507
2,51,201507
2,197,201507
2,19,201507
2,112,201507
2,180,201507
2,36,201507
2,213,201507
2,139,201507
2,32,201507
2,96,201507
2,11,201507
2,119,201507
2,53,201507
2,9,201507
2,99,201507
2,13,201507
2,136,201507
2,346,201507
2,1147,201507
2,108,201507
2,167,201507
2,327,201507
2,341,201507
2,375,201507
2,29,201507
2,129,201507
2,149,201507
2,17,201507
2,156,201507
2,183,201507
2,64,201507
2,102,201507
2,116,201507
2,5,201507
2,1169,201507
2,26,201507
2,72,201507
2,1,201507
2,46,201507
2,35,201507
2,18,201507
2,59,201507
2,154,201507
2,97,201507
2,31,201507
2,14,201507
2,92,201507
2,135,201507
2,10,201507
2,274,201507
3,69,201507
4,110,201507
4,109,201507
4,427,201507
4,127,201507
4,19,201507
4,25,201507
4,1045,201507
4,222,201507
4,843,201507
4,137,201507
4,748,201507
4,747,201507
4,160,201507
4,1070,201507
4,5,201507
4,23,201507
4,51,201507
4,107,201507
4,1233,201507
4,13,201507
4,14,201507
4,344,201507
4,793,201507
4,1329,201507
4,180,201507
4,16,201507
4,166,201507
4,69,201507
4,89,201507
4,18,201507
4,36,201507
4,112,201507
4,113,201507
4,243,201507
4,131,201507
4,117,201507
4,154,201507
4,64,201507
4,48,201507
4,11,201507
4,99,201507
4,26,201507
4,120,201507
4,10,201507
4,34,201507
4,32,201507
4,155,201507
4,7,201507
4,183,201507
4,2,201507
4,17,201507
4,6,201507
4,129,201507
4,227,201507
4,136,201507
4,85,201507
4,77,201507
4,22,201507
4,60,201507
4,0,201507
4,28,201507
4,115,201507
4,305,201507
4,457,201507
4,1169,201507
4,108,201507
4,633,201507
4,96,201507
4,83,201507
4,592,201507
4,128,201507
4,306,201507
4,133,201507
4,88,201507
4,53,201507
4,268,201507
4,9,201507
4,54,201507
4,213,201507
4,12,201507
4,20,201507
4,317,201507
4,84,201507
4,301,201507
4,300,201507
4,21,201507
4,189,201507
4,819,201507
4,274,201507
4,30,201507
4,31,201507
4,97,201507
4,59,201507
4,146,201507
4,27,201507
4,50,201507
4,196,201507
4,35,201507
4,1,201507
4,311,201507
4,150,201507
4,86,201507
4,184,201507
4,223,201507
4,164,201507
4,8,201507
4,33,201507
4,214,201507
4,92,201507
4,177,201507
4,121,201507
4,29,201507
4,46,201507
4,135,201507
5,39,201507
5,137,201507
5,23,201507
5,19,201507
5,143,201507
5,552,201507
5,110,201507
5,80,201507
5,183,201507
5,136,201507
5,6,201507
5,89,201507
5,77,201507
5,10,201507
5,17,201507
5,160,201507
5,261,201507
5,29,201507
5,51,201507
5,1,201507
5,107,201507
5,28,201507
5,4,201507
5,11,201507
5,21,201507
5,1121,201507
5,817,201507
5,124,201507
5,346,201507
5,320,201507
5,72,201507
5,32,201507
5,40,201507
5,54,201507
5,9,201507
5,25,201507
5,165,201507
5,142,201507
5,2,201507
5,60,201507
5,12,201507
5,48,201507
5,96,201507
5,247,201507
5,100,201507
5,26,201507
5,108,201507
5,113,201507
5,14,201507
5,8,201507
5,154,201507
5,52,201507
5,18,201507
5,99,201507
5,22,201507
5,966,201507
5,223,201507
5,164,201507
5,105,201507
5,33,201507
5,1227,201507
5,243,201507
5,222,201507
5,85,201507
5,59,201507
5,13,201507
5,31,201507
5,7,201507
5,0,201507
5,27,201507
5,274,201507
5,69,201507
5,92,201507
5,121,201507
5,135,201507
5,133,201507
6,110,201507
6,137,201507
6,132,201507
6,281,201507
6,60,201507
6,23,201507
6,138,201507
6,143,201507
6,63,201507
6,140,201507
6,146,201507
6,180,201507
6,97,201507
6,52,201507
6,13,201507
6,14,201507
6,16,201507
6,32,201507
6,206,201507
6,48,201507
6,64,201507
6,77,201507
6,59,201507
6,17,201507
6,176,201507
6,160,201507
6,5,201507
6,29,201507
6,815,201507
6,40,201507
6,102,201507
6,126,201507
6,1194,201507
6,322,201507
6,96,201507
6,53,201507
6,99,201507
6,26,201507
6,27,201507
6,19,201507
6,213,201507
6,111,201507
6,120,201507
6,10,201507
6,349,201507
6,297,201507
6,39,201507
6,57,201507
6,1921,201507
6,112,201507
6,108,201507
6,4,201507
6,133,201507
6,9,201507
6,1441,201507
6,1366,201507
6,21,201507
6,22,201507
6,7,201507
6,100,201507
6,83,201507
6,183,201507
6,12,201507
6,36,201507
6,165,201507
6,55,201507
6,76,201507
6,0,201507
6,11,201507
6,1147,201507
6,81,201507
6,86,201507
6,113,201507
6,117,201507
6,181,201507
6,46,201507
6,182,201507
6,320,201507
6,25,201507
6,28,201507
6,38,201507
6,20,201507
6,139,201507
6,35,201507
6,270,201507
6,85,201507
6,544,201507
6,142,201507
6,101,201507
6,66,201507
6,131,201507
6,172,201507
6,237,201507
6,155,201507
6,31,201507
6,18,201507
6,134,201507
6,332,201507
6,338,201507
6,78,201507
6,154,201507
6,24,201507
6,2,201507
6,1,201507
6,54,201507
6,194,201507
6,51,201507
6,129,201507
6,45,201507
6,89,201507
6,136,201507
6,92,201507
6,135,201507
7,89,201507
7,90,201507
7,8,201507
7,778,201507
7,1408,201507
7,13,201507
7,10,201507
7,16,201507
7,60,201507
7,40,201507
7,51,201507
7,323,201507
7,64,201507
7,1267,201507
7,23,201507
7,828,201507
7,21,201507
7,18,201507
7,770,201507
7,1103,201507
7,136,201507
7,5,201507
7,112,201507
7,4,201507
7,28,201507
7,20,201507
7,29,201507
7,17,201507
7,1,201507
7,137,201507
7,243,201507
8,7,201507
8,89,201507
8,17,201507
8,828,201507
8,1267,201507
8,323,201507
8,1408,201507
8,1103,201507
8,121,201507
8,5,201507
8,13,201507
8,64,201507
8,770,201507
8,60,201507
8,778,201507
8,136,201507
8,28,201507
8,112,201507
8,1,201507
8,4,201507
8,20,201507
9,124,201507
9,143,201507
9,72,201507
9,160,201507
9,53,201507
9,25,201507
9,26,201507
9,18,201507
9,40,201507
9,97,201507
9,17,201507
9,46,201507
9,149,201507
9,11,201507
9,250,201507
9,81,201507
9,6,201507
9,102,201507
9,54,201507
9,112,201507
9,0,201507
9,64,201507
9,32,201507
9,13,201507
9,132,201507
9,22,201507
9,19,201507
9,89,201507
9,48,201507
9,27,201507
9,93,201507
9,51,201507
9,115,201507
9,181,201507
9,29,201507
9,4,201507
9,5,201507
9,83,201507
9,52,201507
9,21,201507
9,85,201507
9,133,201507
9,31,201507
9,136,201507
9,28,201507
9,60,201507
9,20,201507
9,266,201507
9,154,201507
9,135,201507
9,14,201507
9,10,201507
9,274,201507
9,1,201507
9,137,201507
9,92,201507
10,143,201507
10,931,201507
10,548,201507
10,160,201507
10,107,201507
10,781,201507
10,457,201507
10,52,201507
10,14,201507
10,53,201507
10,69,201507
10,181,201507
10,12,201507
10,36,201507
10,40,201507
10,28,201507
10,21,201507
10,113,201507
10,45,201507
10,72,201507
10,136,201507
10,133,201507
10,13,201507
10,167,201507
10,17,201507
10,4,201507
10,60,201507
10,108,201507
10,85,201507
10,139,201507
10,75,201507
10,26,201507
10,18,201507
10,81,201507
10,8,201507
10,1366,201507
10,83,201507
10,6,201507
10,5,201507
10,320,201507
10,19,201507
10,96,201507
10,111,201507
10,234,201507
10,188,201507
10,129,201507
10,165,201507
10,120,201507
10,99,201507
10,57,201507
10,70,201507
10,147,201507
10,183,201507
10,163,201507
10,327,201507
10,86,201507
10,138,201507
10,261,201507
10,265,201507
10,84,201507
10,105,201507
10,728,201507
10,544,201507
10,123,201507
10,104,201507
10,30,201507
10,122,201507
10,164,201507
10,184,201507
10,66,201507
10,33,201507
10,15,201507
10,223,201507
10,43,201507
10,155,201507
10,61,201507
10,1227,201507
10,11,201507
10,146,201507
10,20,201507
10,77,201507
10,115,201507
10,863,201507
10,34,201507
10,177,201507
10,159,201507
10,59,201507
10,339,201507
10,116,201507
10,132,201507
10,180,201507
10,89,201507
10,48,201507
10,100,201507
10,16,201507
10,316,201507
10,27,201507
10,97,201507
10,80,201507
10,197,201507
10,124,201507
10,32,201507
10,64,201507
10,154,201507
10,149,201507
10,25,201507
10,51,201507
10,150,201507
10,161,201507
10,29,201507
10,9,201507
10,0,201507
10,103,201507
10,142,201507
10,222,201507
10,22,201507
10,31,201507
10,54,201507
10,137,201507
10,2,201507
10,23,201507
10,121,201507
10,274,201507
10,35,201507
10,92,201507
10,46,201507
10,1,201507
10,112,201507
10,135,201507
11,183,201507
11,136,201507
11,501,201507
11,5,201507
11,23,201507
11,143,201507
11,26,201507
11,105,201507
11,77,201507
11,169,201507
11,160,201507
11,228,201507
11,268,201507
11,227,201507
11,85,201507
11,53,201507
11,10,201507
11,1,201507
11,20,201507
11,129,201507
11,189,201507
11,153,201507
11,99,201507
11,64,201507
11,32,201507
11,25,201507
11,9,201507
11,1363,201507
11,6,201507
11,0,201507
11,48,201507
11,18,201507
11,154,201507
11,47,201507
11,40,201507
11,27,201507
11,17,201507
11,155,201507
11,12,201507
11,13,201507
11,265,201507
11,21,201507
11,133,201507
11,4,201507
11,29,201507
11,72,201507
11,30,201507
11,112,201507
11,113,201507
11,142,201507
11,92,201507
11,97,201507
11,274,201507
11,67,201507
11,28,201507
11,548,201507
11,248,201507
11,131,201507
11,330,201507
11,135,201507
11,137,201507
11,51,201507
11,2,201507
11,31,201507
11,35,201507
11,1712,201507
11,70,201507
11,111,201507
11,238,201507
11,214,201507
11,213,201507
11,317,201507
11,223,201507
11,781,201507
11,147,201507
11,177,201507
11,33,201507
11,184,201507
11,96,201507
11,22,201507
11,164,201507
11,19,201507
11,84,201507
11,88,201507
11,60,201507
11,59,201507
11,46,201507
11,86,201507
11,150,201507
11,110,201507
11,121,201507
11,89,201507
11,146,201507
11,14,201507
11,107,201507
11,69,201507
12,107,201507
12,143,201507
12,862,201507
12,728,201507
12,502,201507
12,160,201507
12,132,201507
12,2,201507
12,113,201507
12,30,201507
12,183,201507
12,69,201507
12,121,201507
12,81,201507
12,169,201507
12,25,201507
12,21,201507
12,92,201507
12,31,201507
12,13,201507
12,86,201507
12,46,201507
12,5,201507
12,1366,201507
12,26,201507
12,18,201507
12,52,201507
12,175,201507
12,97,201507
12,136,201507
12,20,201507
12,29,201507
12,23,201507
12,108,201507
12,178,201507
12,32,201507
12,100,201507
12,346,201507
12,339,201507
12,99,201507
12,6,201507
12,96,201507
12,1,201507
12,274,201507
12,51,201507
12,375,201507
12,11,201507
12,4,201507
12,60,201507
12,17,201507
12,137,201507
12,154,201507
12,10,201507
12,135,201507
13,137,201507
13,19,201507
13,143,201507
13,146,201507
13,31,201507
13,6,201507
13,77,201507
13,176,201507
13,160,201507
13,83,201507
13,14,201507
13,17,201507
13,180,201507
13,97,201507
13,52,201507
13,142,201507
13,16,201507
13,32,201507
13,26,201507
13,131,201507
13,1,201507
13,2,201507
13,113,201507
13,208,201507
13,80,201507
13,46,201507
13,85,201507
13,27,201507
13,36,201507
13,129,201507
13,2094,201507
13,349,201507
13,30,201507
13,11,201507
13,0,201507
13,4,201507
13,51,201507
13,99,201507
13,38,201507
13,297,201507
13,60,201507
13,108,201507
13,48,201507
13,10,201507
13,100,201507
13,18,201507
13,165,201507
13,5,201507
13,117,201507
13,107,201507
13,112,201507
13,135,201507
13,35,201507
13,28,201507
13,154,201507
13,197,201507
13,139,201507
13,136,201507
13,25,201507
13,89,201507
13,1118,201507
13,110,201507
13,320,201507
13,313,201507
13,96,201507
13,64,201507
13,81,201507
13,766,201507
13,996,201507
13,896,201507
13,283,201507
13,815,201507
13,274,201507
13,995,201507
13,40,201507
13,126,201507
13,289,201507
13,29,201507
13,54,201507
13,1417,201507
13,21,201507
13,92,201507
13,45,201507
13,78,201507
13,178,201507
13,121,201507
13,120,201507
13,75,201507
13,59,201507
13,20,201507
14,19,201507
14,143,201507
14,338,201507
14,146,201507
14,31,201507
14,6,201507
14,197,201507
14,76,201507
14,77,201507
14,281,201507
14,160,201507
14,799,201507
14,720,201507
14,137,201507
14,341,201507
14,344,201507
14,17,201507
14,1418,201507
14,322,201507
14,911,201507
14,4,201507
14,129,201507
14,46,201507
14,64,201507
14,85,201507
14,16,201507
14,99,201507
14,26,201507
14,60,201507
14,36,201507
14,40,201507
14,108,201507
14,836,201507
14,18,201507
14,180,201507
14,32,201507
14,490,201507
14,8,201507
14,2,201507
14,133,201507
14,21,201507
14,39,201507
14,81,201507
14,75,201507
14,22,201507
14,7,201507
14,9,201507
14,57,201507
14,104,201507
14,59,201507
14,69,201507
14,20,201507
14,142,201507
14,1153,201507
14,113,201507
14,72,201507
14,135,201507
14,274,201507
14,48,201507
14,136,201507
14,97,201507
14,107,201507
14,29,201507
14,154,201507
14,165,201507
14,112,201507
14,488,201507
14,10,201507
14,51,201507
14,12,201507
14,23,201507
14,83,201507
14,124,201507
14,25,201507
14,1366,201507
14,5,201507
14,320,201507
14,80,201507
14,181,201507
14,24,201507
14,117,201507
14,96,201507
14,11,201507
14,139,201507
14,0,201507
14,27,201507
14,54,201507
14,1,201507
14,45,201507
14,28,201507
14,13,201507
14,100,201507
14,38,201507
14,134,201507
14,92,201507
14,119,201507
14,35,201507
14,52,201507
14,155,201507
14,102,201507
15,183,201507
15,132,201507
15,138,201507
15,143,201507
15,77,201507
15,160,201507
15,131,201507
15,69,201507
15,35,201507
15,224,201507
15,208,201507
15,9,201507
15,29,201507
15,136,201507
15,18,201507
15,32,201507
15,17,201507
15,1250,201507
15,375,201507
15,137,201507
15,10,201507
15,266,201507
15,1227,201507
15,97,201507
16,143,201507
16,31,201507
16,362,201507
16,6,201507
16,77,201507
16,281,201507
16,160,201507
16,40,201507
16,85,201507
16,13,201507
16,99,201507
16,32,201507
16,64,201507
16,169,201507
16,59,201507
16,7,201507
16,0,201507
16,134,201507
16,142,201507
16,133,201507
16,181,201507
16,14,201507
16,136,201507
16,80,201507
16,110,201507
16,86,201507
16,161,201507
16,4,201507
16,113,201507
16,139,201507
16,46,201507
16,96,201507
16,51,201507
16,274,201507
16,27,201507
16,52,201507
16,137,201507
16,18,201507
16,108,201507
16,26,201507
16,146,201507
16,48,201507
16,129,201507
16,12,201507
16,20,201507
16,83,201507
16,375,201507
16,154,201507
16,92,201507
16,346,201507
16,1147,201507
16,100,201507
16,25,201507
16,45,201507
16,60,201507
16,28,201507
16,9,201507
16,178,201507
16,29,201507
16,19,201507
16,1,201507
16,35,201507
16,54,201507
16,97,201507
16,10,201507
16,17,201507
16,320,201507
16,135,201507
17,137,201507
17,143,201507
17,247,201507
17,133,201507
17,89,201507
17,20,201507
17,552,201507
17,6,201507
17,25,201507
17,77,201507
17,160,201507
17,5,201507
17,23,201507
17,29,201507
17,28,201507
17,110,201507
17,146,201507
17,1,201507
17,79,201507
17,166,201507
17,32,201507
17,51,201507
17,120,201507
17,107,201507
17,139,201507
17,21,201507
17,113,201507
17,52,201507
17,99,201507
17,40,201507
17,83,201507
17,100,201507
17,129,201507
17,169,201507
17,71,201507
17,1272,201507
17,165,201507
17,194,201507
17,69,201507
17,4,201507
17,26,201507
17,2,201507
17,102,201507
17,11,201507
17,54,201507
17,64,201507
17,48,201507
17,57,201507
17,155,201507
17,59,201507
17,105,201507
17,58,201507
17,108,201507
17,117,201507
17,19,201507
17,16,201507
17,142,201507
17,764,201507
17,70,201507
17,10,201507
17,72,201507
17,81,201507
17,119,201507
17,9,201507
17,112,201507
17,86,201507
17,1366,201507
17,345,201507
17,223,201507
17,97,201507
17,85,201507
17,183,201507
17,180,201507
17,371,201507
17,60,201507
17,950,201507
17,213,201507
17,966,201507
17,15,201507
17,265,201507
17,61,201507
17,544,201507
17,164,201507
17,132,201507
17,30,201507
17,124,201507
17,161,201507
17,177,201507
17,214,201507
17,303,201507
17,34,201507
17,1649,201507
17,104,201507
17,33,201507
17,268,201507
17,184,201507
17,222,201507
17,8,201507
17,0,201507
17,27,201507
17,14,201507
17,53,201507
17,12,201507
17,18,201507
17,243,201507
17,31,201507
17,90,201507
17,906,201507
17,136,201507
17,189,201507
17,22,201507
17,96,201507
17,819,201507
17,261,201507
17,154,201507
17,35,201507
17,150,201507
17,13,201507
17,274,201507
17,7,201507
17,92,201507
17,135,201507
17,46,201507
18,19,201507
18,138,201507
18,143,201507
18,154,201507
18,426,201507
18,423,201507
18,175,201507
18,43,201507
18,233,201507
18,61,201507
18,77,201507
18,281,201507
18,160,201507
18,85,201507
18,31,201507
18,53,201507
18,137,201507
18,48,201507
18,2,201507
18,129,201507
18,97,201507
18,14,201507
18,40,201507
18,4,201507
18,16,201507
18,120,201507
18,92,201507
18,23,201507
18,89,201507
18,99,201507
18,169,201507
18,13,201507
18,21,201507
18,274,201507
18,0,201507
18,11,201507
18,52,201507
18,81,201507
18,183,201507
18,100,201507
18,133,201507
18,108,201507
18,113,201507
18,112,201507
18,142,201507
18,44,201507
18,544,201507
18,17,201507
18,1,201507
18,28,201507
18,74,201507
18,126,201507
18,131,201507
18,267,201507
18,51,201507
18,136,201507
18,265,201507
18,69,201507
18,32,201507
18,123,201507
18,139,201507
18,197,201507
18,111,201507
18,804,201507
18,969,201507
18,26,201507
18,60,201507
18,12,201507
18,10,201507
18,181,201507
18,135,201507
18,346,201507
18,146,201507
18,144,201507
18,436,201507
18,410,201507
18,9,201507
18,147,201507
18,20,201507
18,132,201507
18,122,201507
18,178,201507
18,65,201507
18,170,201507
18,5,201507
18,125,201507
18,30,201507
18,15,201507
18,416,201507
18,64,201507
18,24,201507
18,1169,201507
18,415,201507
18,102,201507
18,59,201507
18,223,201507
18,107,201507
18,86,201507
18,105,201507
18,83,201507
18,29,201507
18,54,201507
18,7,201507
18,814,201507
18,242,201507
18,163,201507
18,269,201507
18,159,201507
18,270,201507
18,62,201507
18,145,201507
18,234,201507
18,171,201507
18,46,201507
18,38,201507
18,6,201507
18,413,201507
18,25,201507
18,34,201507
18,101,201507
18,88,201507
18,762,201507
18,407,201507
18,72,201507
18,27,201507
18,430,201507
18,66,201507
18,738,201507
18,285,201507
18,35,201507
18,177,201507
18,180,201507
18,117,201507
18,84,201507
18,96,201507
18,110,201507
18,196,201507
18,164,201507
19,180,201507
19,97,201507
19,52,201507
19,13,201507
19,142,201507
19,155,201507
19,18,201507
19,5,201507
19,23,201507
19,29,201507
19,40,201507
19,138,201507
19,120,201507
19,143,201507
19,101,201507
19,96,201507
19,146,201507
19,31,201507
19,6,201507
19,77,201507
19,281,201507
19,160,201507
19,35,201507
19,322,201507
19,16,201507
19,64,201507
19,26,201507
19,0,201507
19,12,201507
19,154,201507
19,27,201507
19,131,201507
19,165,201507
19,60,201507
19,113,201507
19,72,201507
19,51,201507
19,89,201507
19,8,201507
19,28,201507
19,797,201507
19,4,201507
19,21,201507
19,17,201507
19,149,201507
19,9,201507
19,108,201507
19,1,201507
19,62,201507
19,75,201507
19,100,201507
19,169,201507
19,99,201507
19,83,201507
19,38,201507
19,25,201507
19,46,201507
19,48,201507
19,80,201507
19,129,201507
19,20,201507
19,2,201507
19,92,201507
19,274,201507
19,320,201507
19,137,201507
19,78,201507
19,63,201507
19,79,201507
19,117,201507
19,14,201507
19,278,201507
19,208,201507
19,860,201507
19,126,201507
19,59,201507
19,205,201507
19,140,201507
19,206,201507
19,45,201507
19,387,201507
19,65,201507
19,32,201507
19,362,201507
19,172,201507
19,181,201507
19,899,201507
19,192,201507
19,338,201507
19,81,201507
19,332,201507
19,114,201507
19,119,201507
19,195,201507
19,277,201507
19,799,201507
19,55,201507
19,39,201507
19,11,201507
19,134,201507
19,85,201507
19,57,201507
19,76,201507
19,102,201507
19,182,201507
19,10,201507
19,176,201507
19,54,201507
19,24,201507
19,36,201507
19,139,201507
19,136,201507
19,135,201507
20,183,201507
20,48,201507
20,19,201507
20,146,201507
20,17,201507
20,112,201507
20,160,201507
20,5,201507
20,89,201507
20,166,201507
20,32,201507
20,176,201507
20,161,201507
20,9,201507
20,12,201507
20,36,201507
20,21,201507
20,94,201507
20,126,201507
20,108,201507
20,136,201507
20,29,201507
20,25,201507
20,6,201507
20,303,201507
20,189,201507
20,163,201507
20,139,201507
20,51,201507
20,34,201507
20,931,201507
20,58,201507
20,181,201507
20,154,201507
20,52,201507
20,16,201507
20,133,201507
20,26,201507
20,142,201507
20,69,201507
20,115,201507
20,18,201507
20,30,201507
20,180,201507
20,99,201507
20,64,201507
20,80,201507
20,117,201507
20,27,201507
20,83,201507
20,1366,201507
20,1,201507
20,90,201507
20,102,201507
20,2,201507
20,40,201507
20,274,201507
20,54,201507
20,59,201507
20,129,201507
20,61,201507
20,13,201507
20,24,201507
20,92,201507
20,53,201507
20,11,201507
20,60,201507
20,85,201507
20,165,201507
20,0,201507
20,77,201507
20,31,201507
20,14,201507
20,97,201507
20,741,201507
20,22,201507
20,213,201507
20,177,201507
20,164,201507
20,268,201507
20,211,201507
20,96,201507
20,169,201507
20,86,201507
20,863,201507
20,906,201507
20,10,201507
20,866,201507
20,4,201507
20,261,201507
20,150,201507
20,137,201507
20,107,201507
20,110,201507
20,214,201507
20,761,201507
20,184,201507
20,7,201507
20,28,201507
20,23,201507
20,243,201507
20,113,201507
20,8,201507
20,33,201507
20,121,201507
20,135,201507
20,35,201507
20,46,201507
21,761,201507
21,1063,201507
21,736,201507
21,745,201507
21,160,201507
21,866,201507
21,755,201507
21,964,201507
21,96,201507
21,83,201507
21,28,201507
21,97,201507
21,58,201507
21,183,201507
21,181,201507
21,25,201507
21,99,201507
21,6,201507
21,40,201507
21,11,201507
21,176,201507
21,0,201507
21,77,201507
21,27,201507
21,57,201507
21,81,201507
21,108,201507
21,129,201507
21,26,201507
21,23,201507
21,64,201507
21,18,201507
21,346,201507
21,19,201507
21,22,201507
21,149,201507
21,154,201507
21,136,201507
21,120,201507
21,7,201507
21,60,201507
21,9,201507
21,12,201507
21,143,201507
21,817,201507
21,14,201507
21,72,201507
21,13,201507
21,46,201507
21,85,201507
21,92,201507
21,31,201507
21,2,201507
21,54,201507
21,17,201507
21,4,201507
21,59,201507
21,274,201507
21,20,201507
21,89,201507
21,121,201507
21,135,201507
21,29,201507
21,51,201507
21,1,201507
21,133,201507
21,137,201507
21,113,201507
21,10,201507
22,115,201507
22,160,201507
22,188,201507
22,1,201507
22,133,201507
22,150,201507
22,69,201507
22,130,201507
22,165,201507
22,97,201507
22,20,201507
22,132,201507
22,183,201507
22,4,201507
22,112,201507
22,46,201507
22,85,201507
22,31,201507
22,121,201507
22,51,201507
22,5,201507
22,136,201507
22,25,201507
22,11,201507
22,17,201507
22,135,201507
22,29,201507
22,28,201507
22,10,201507
22,137,201507
23,110,201507
23,247,201507
23,39,201507
23,136,201507
23,137,201507
23,6,201507
23,150,201507
23,89,201507
23,8,201507
23,60,201507
23,501,201507
23,5,201507
23,51,201507
23,19,201507
23,1,201507
23,138,201507
23,143,201507
23,11,201507
23,552,201507
23,211,201507
23,749,201507
23,77,201507
23,348,201507
23,160,201507
23,189,201507
23,906,201507
23,863,201507
23,65,201507
23,28,201507
23,741,201507
23,132,201507
23,21,201507
23,214,201507
23,85,201507
23,165,201507
23,40,201507
23,48,201507
23,346,201507
23,46,201507
23,18,201507
23,54,201507
23,108,201507
23,99,201507
23,35,201507
23,81,201507
23,31,201507
23,107,201507
23,2,201507
23,69,201507
23,4,201507
23,25,201507
23,135,201507
23,20,201507
23,112,201507
23,10,201507
24,140,201507
24,160,201507
24,188,201507
24,654,201507
24,120,201507
24,46,201507
24,92,201507
24,57,201507
24,135,201507
24,64,201507
24,10,201507
24,1194,201507
24,136,201507
24,2,201507
24,29,201507
24,1,201507
24,26,201507
24,99,201507
24,32,201507
24,18,201507
24,6,201507
24,108,201507
24,60,201507
24,14,201507
24,19,201507
24,137,201507
24,97,201507
25,0,201507
25,138,201507
25,2,201507
25,143,201507
25,35,201507
25,89,201507
25,552,201507
25,336,201507
25,137,201507
25,93,201507
25,77,201507
25,160,201507
25,85,201507
25,146,201507
25,29,201507
25,96,201507
25,52,201507
25,221,201507
25,53,201507
25,176,201507
25,36,201507
25,228,201507
25,120,201507
25,142,201507
25,132,201507
25,27,201507
25,32,201507
25,69,201507
25,48,201507
25,12,201507
25,78,201507
25,172,201507
25,129,201507
25,6,201507
25,14,201507
25,26,201507
25,139,201507
25,9,201507
25,22,201507
25,13,201507
25,38,201507
25,17,201507
25,97,201507
25,70,201507
25,371,201507
25,18,201507
25,81,201507
25,23,201507
25,117,201507
25,156,201507
25,108,201507
25,111,201507
25,112,201507
25,116,201507
25,341,201507
25,58,201507
25,1,201507
25,180,201507
25,99,201507
25,39,201507
25,86,201507
25,107,201507
25,11,201507
25,40,201507
25,1144,201507
25,213,201507
25,34,201507
25,57,201507
25,154,201507
25,5,201507
25,181,201507
25,101,201507
25,19,201507
25,64,201507
25,16,201507
25,31,201507
25,83,201507
25,45,201507
25,110,201507
25,355,201507
25,149,201507
25,47,201507
25,161,201507
25,72,201507
25,335,201507
25,188,201507
25,100,201507
25,46,201507
25,71,201507
25,307,201507
25,159,201507
25,165,201507
25,118,201507
25,65,201507
25,738,201507
25,63,201507
25,54,201507
25,153,201507
25,756,201507
25,183,201507
25,390,201507
25,124,201507
25,495,201507
25,303,201507
25,211,201507
25,1366,201507
25,169,201507
25,216,201507
25,339,201507
25,80,201507
25,393,201507
25,115,201507
25,20,201507
25,28,201507
25,544,201507
25,10,201507
25,152,201507
25,60,201507
25,136,201507
25,327,201507
25,157,201507
25,4,201507
25,98,201507
25,21,201507
25,51,201507
25,113,201507
26,444,201507
26,13,201507
26,14,201507
26,16,201507
26,53,201507
26,99,201507
26,6,201507
26,77,201507
26,60,201507
26,0,201507
26,19,201507
26,28,201507
26,11,201507
26,297,201507
26,85,201507
26,34,201507
26,20,201507
26,97,201507
26,72,201507
26,69,201507
26,17,201507
26,76,201507
26,169,201507
26,18,201507
26,36,201507
26,51,201507
26,83,201507
26,48,201507
26,57,201507
26,136,201507
26,79,201507
26,10,201507
26,143,201507
26,139,201507
26,4,201507
26,21,201507
26,64,201507
26,110,201507
26,81,201507
26,2,201507
26,154,201507
26,86,201507
26,40,201507
26,134,201507
26,29,201507
26,113,201507
26,1144,201507
26,27,201507
26,108,201507
26,46,201507
26,375,201507
26,114,201507
26,12,201507
26,100,201507
26,320,201507
26,35,201507
26,126,201507
26,142,201507
26,94,201507
26,192,201507
26,117,201507
26,137,201507
26,5,201507
26,237,201507
26,270,201507
26,349,201507
26,1,201507
26,32,201507
26,155,201507
26,24,201507
26,45,201507
26,38,201507
26,55,201507
26,120,201507
26,129,201507
26,140,201507
26,65,201507
26,278,201507
26,31,201507
26,132,201507
26,54,201507
26,146,201507
26,78,201507
26,101,201507
26,39,201507
26,131,201507
26,181,201507
26,80,201507
26,160,201507
26,544,201507
26,25,201507
26,75,201507
26,274,201507
26,92,201507
26,135,201507
27,143,201507
27,72,201507
27,146,201507
27,54,201507
27,154,201507
27,77,201507
27,160,201507
27,282,201507
27,97,201507
27,136,201507
27,17,201507
27,12,201507
27,142,201507
27,130,201507
27,11,201507
27,180,201507
27,22,201507
27,101,201507
27,53,201507
27,81,201507
27,5,201507
27,16,201507
27,169,201507
27,58,201507
27,181,201507
27,108,201507
27,133,201507
27,102,201507
27,368,201507
27,117,201507
27,120,201507
27,183,201507
27,64,201507
27,107,201507
27,104,201507
27,6,201507
27,150,201507
27,116,201507
27,45,201507
27,490,201507
27,40,201507
27,38,201507
27,85,201507
27,26,201507
27,13,201507
27,83,201507
27,14,201507
27,29,201507
27,155,201507
27,51,201507
27,129,201507
27,346,201507
27,885,201507
27,25,201507
27,60,201507
27,393,201507
27,46,201507
27,113,201507
27,112,201507
27,19,201507
27,20,201507
27,2,201507
27,100,201507
27,32,201507
27,21,201507
27,139,201507
27,1,201507
27,35,201507
27,137,201507
27,18,201507
27,99,201507
27,96,201507
27,0,201507
27,10,201507
27,4,201507
27,48,201507
27,28,201507
27,92,201507
27,31,201507
27,274,201507
27,135,201507
28,143,201507
28,1,201507
28,77,201507
28,493,201507
28,160,201507
28,5,201507
28,13,201507
28,142,201507
28,10,201507
28,17,201507
28,51,201507
28,4,201507
28,21,201507
28,19,201507
28,180,201507
28,80,201507
28,155,201507
28,75,201507
28,40,201507
28,139,201507
28,58,201507
28,782,201507
28,133,201507
28,14,201507
28,48,201507
28,60,201507
28,34,201507
28,18,201507
28,83,201507
28,85,201507
28,36,201507
28,1366,201507
28,108,201507
28,26,201507
28,1227,201507
28,89,201507
28,35,201507
28,20,201507
28,154,201507
28,6,201507
28,12,201507
28,99,201507
28,165,201507
28,100,201507
28,97,201507
28,81,201507
28,54,201507
28,38,201507
28,102,201507
28,32,201507
28,11,201507
28,222,201507
28,8,201507
28,136,201507
28,183,201507
28,819,201507
28,261,201507
28,137,201507
28,150,201507
28,29,201507
28,25,201507
28,59,201507
28,64,201507
28,0,201507
28,243,201507
28,7,201507
28,27,201507
28,2,201507
28,31,201507
28,96,201507
28,107,201507
28,22,201507
28,92,201507
28,274,201507
28,46,201507
28,135,201507
28,112,201507
29,19,201507
29,143,201507
29,146,201507
29,110,201507
29,89,201507
29,25,201507
29,59,201507
29,17,201507
29,35,201507
29,552,201507
29,6,201507
29,77,201507
29,281,201507
29,160,201507
29,5,201507
29,53,201507
29,166,201507
29,69,201507
29,8,201507
29,111,201507
29,90,201507
29,243,201507
29,31,201507
29,188,201507
29,58,201507
29,36,201507
29,107,201507
29,112,201507
29,40,201507
29,57,201507
29,96,201507
29,76,201507
29,172,201507
29,64,201507
29,52,201507
29,9,201507
29,97,201507
29,15,201507
29,61,201507
29,176,201507
29,32,201507
29,134,201507
29,142,201507
29,11,201507
29,132,201507
29,45,201507
29,94,201507
29,100,201507
29,72,201507
29,18,201507
29,13,201507
29,14,201507
29,544,201507
29,181,201507
29,159,201507
29,104,201507
29,46,201507
29,43,201507
29,140,201507
29,154,201507
29,125,201507
29,137,201507
29,26,201507
29,101,201507
29,2,201507
29,117,201507
29,86,201507
29,34,201507
29,81,201507
29,0,201507
29,79,201507
29,1,201507
29,83,201507
29,330,201507
29,371,201507
29,183,201507
29,38,201507
29,30,201507
29,180,201507
29,27,201507
29,39,201507
29,74,201507
29,24,201507
29,251,201507
29,120,201507
29,265,201507
29,80,201507
29,296,201507
29,163,201507
29,55,201507
29,270,201507
29,169,201507
29,16,201507
29,1205,201507
29,12,201507
29,298,201507
29,85,201507
29,78,201507
29,66,201507
29,126,201507
29,102,201507
29,155,201507
29,152,201507
29,65,201507
29,320,201507
29,122,201507
29,276,201507
29,124,201507
29,131,201507
29,224,201507
29,156,201507
29,443,201507
29,379,201507
29,420,201507
29,206,201507
29,164,201507
29,271,201507
29,752,201507
29,205,201507
29,303,201507
29,139,201507
29,157,201507
29,63,201507
29,174,201507
29,44,201507
29,362,201507
29,182,201507
29,198,201507
29,223,201507
29,170,201507
29,422,201507
29,269,201507
29,314,201507
29,108,201507
29,316,201507
29,62,201507
29,197,201507
29,292,201507
29,267,201507
29,208,201507
29,285,201507
29,165,201507
29,175,201507
29,171,201507
29,99,201507
29,114,201507
29,178,201507
29,192,201507
29,51,201507
29,242,201507
29,237,201507
29,196,201507
29,60,201507
29,28,201507
29,48,201507
29,129,201507
29,144,201507
29,75,201507
29,233,201507
29,145,201507
29,20,201507
29,7,201507
29,193,201507
29,10,201507
29,22,201507
29,21,201507
29,136,201507
29,113,201507
29,54,201507
29,4,201507
30,247,201507
30,133,201507
30,136,201507
30,12,201507
30,23,201507
30,143,201507
30,147,201507
30,61,201507
30,70,201507
30,84,201507
30,160,201507
30,1227,201507
30,181,201507
30,25,201507
30,26,201507
30,18,201507
30,776,201507
30,11,201507
30,1090,201507
30,29,201507
30,753,201507
30,754,201507
30,783,201507
30,17,201507
30,10,201507
30,51,201507
30,4,201507
31,143,201507
31,146,201507
31,160,201507
31,110,201507
31,29,201507
31,6,201507
31,77,201507
31,165,201507
31,18,201507
31,1441,201507
31,16,201507
31,54,201507
31,180,201507
31,52,201507
31,137,201507
31,38,201507
31,96,201507
31,503,201507
31,97,201507
31,100,201507
31,19,201507
31,23,201507
31,935,201507
31,75,201507
31,0,201507
31,13,201507
31,24,201507
31,102,201507
31,274,201507
31,120,201507
31,32,201507
31,117,201507
31,25,201507
31,112,201507
31,182,201507
31,543,201507
31,178,201507
31,119,201507
31,139,201507
31,136,201507
31,183,201507
31,11,201507
31,133,201507
31,60,201507
31,99,201507
31,12,201507
31,107,201507
31,20,201507
31,26,201507
31,59,201507
31,46,201507
31,64,201507
31,17,201507
31,40,201507
31,45,201507
31,4,201507
31,5,201507
31,154,201507
31,35,201507
31,81,201507
31,1366,201507
31,156,201507
31,28,201507
31,2,201507
31,48,201507
31,83,201507
31,85,201507
31,1,201507
31,108,201507
31,10,201507
31,27,201507
31,92,201507
31,14,201507
31,135,201507
32,170,201507
32,281,201507
32,138,201507
32,143,201507
32,31,201507
32,6,201507
32,62,201507
32,77,201507
32,160,201507
32,54,201507
32,508,201507
32,89,201507
32,25,201507
32,169,201507
32,17,201507
32,76,201507
32,10,201507
32,21,201507
32,40,201507
32,18,201507
32,137,201507
32,132,201507
32,85,201507
32,1,201507
32,45,201507
32,96,201507
32,60,201507
32,51,201507
32,4,201507
32,39,201507
32,14,201507
32,48,201507
32,23,201507
32,97,201507
32,26,201507
32,22,201507
32,99,201507
32,55,201507
32,80,201507
32,0,201507
32,146,201507
32,38,201507
32,171,201507
32,52,201507
32,117,201507
32,57,201507
32,135,201507
32,429,201507
32,72,201507
32,154,201507
32,142,201507
32,12,201507
32,5,201507
32,9,201507
32,136,201507
32,176,201507
32,159,201507
32,274,201507
32,20,201507
32,15,201507
32,1147,201507
32,81,201507
32,208,201507
32,206,201507
32,320,201507
32,64,201507
32,107,201507
32,92,201507
32,113,201507
32,83,201507
32,131,201507
32,102,201507
32,2,201507
32,108,201507
32,46,201507
32,28,201507
32,165,201507
32,269,201507
32,110,201507
32,180,201507
32,101,201507
32,242,201507
32,126,201507
32,134,201507
32,181,201507
32,100,201507
32,74,201507
32,13,201507
32,155,201507
32,129,201507
32,114,201507
32,65,201507
32,27,201507
32,59,201507
32,182,201507
32,198,201507
32,75,201507
32,58,201507
32,24,201507
32,545,201507
32,270,201507
32,78,201507
32,29,201507
32,124,201507
32,440,201507
32,43,201507
32,224,201507
32,19,201507
32,16,201507
32,139,201507
32,66,201507
32,338,201507
32,44,201507
32,546,201507
32,332,201507
32,276,201507
32,205,201507
32,79,201507
32,163,201507
32,362,201507
32,195,201507
32,178,201507
32,285,201507
32,36,201507
32,120,201507
32,35,201507
32,11,201507
33,51,201507
33,5,201507
33,10,201507
33,17,201507
33,1227,201507
33,136,201507
33,11,201507
33,4,201507
33,20,201507
34,27,201507
34,143,201507
34,104,201507
34,552,201507
34,137,201507
34,132,201507
34,588,201507
34,84,201507
34,160,201507
34,72,201507
34,25,201507
34,19,201507
34,1,201507
34,85,201507
34,115,201507
34,124,201507
34,11,201507
34,28,201507
34,112,201507
34,51,201507
34,1147,201507
34,346,201507
34,4,201507
34,99,201507
34,29,201507
34,136,201507
34,60,201507
34,92,201507
34,17,201507
34,18,201507
34,136,201507
34,137,201507
34,1227,201507
34,10,201507
34,25,201507
34,29,201507
34,274,201507
34,135,201507
34,97,201507
35,48,201507
35,60,201507
35,143,201507
35,31,201507
35,393,201507
35,120,201507
35,139,201507
35,25,201507
35,17,201507
35,110,201507
35,146,201507
35,58,201507
35,59,201507
35,29,201507
35,160,201507
35,129,201507
35,14,201507
35,97,201507
35,82,201507
35,93,201507
35,64,201507
35,77,201507
35,1194,201507
35,27,201507
35,322,201507
35,1250,201507
35,2,201507
35,266,201507
35,26,201507
35,1227,201507
35,327,201507
35,81,201507
35,76,201507
35,10,201507
35,0,201507
35,176,201507
35,100,201507
35,136,201507
35,80,201507
35,19,201507
35,13,201507
35,107,201507
35,167,201507
35,4,201507
35,40,201507
35,23,201507
35,83,201507
35,28,201507
35,398,201507
35,6,201507
35,72,201507
35,41,201507
35,769,201507
35,73,201507
35,11,201507
35,16,201507
35,85,201507
35,45,201507
35,18,201507
35,38,201507
35,156,201507
35,52,201507
35,32,201507
35,1,201507
35,154,201507
35,173,201507
35,20,201507
35,172,201507
35,108,201507
35,46,201507
35,99,201507
35,137,201507
36,139,201507
36,143,201507
36,160,201507
36,48,201507
36,64,201507
36,108,201507
36,120,201507
36,16,201507
36,29,201507
36,31,201507
36,154,201507
36,35,201507
36,13,201507
36,51,201507
36,92,201507
36,32,201507
36,41,201507
36,60,201507
36,136,201507
36,59,201507
36,20,201507
36,40,201507
36,17,201507
36,4,201507
36,178,201507
36,18,201507
36,52,201507
36,341,201507
36,25,201507
36,6,201507
36,99,201507
36,237,201507
36,97,201507
36,19,201507
36,119,201507
36,14,201507
36,208,201507
36,137,201507
36,26,201507
36,46,201507
37,1,201507
38,120,201507
38,297,201507
38,332,201507
38,192,201507
38,126,201507
38,80,201507
38,57,201507
38,64,201507
38,77,201507
38,176,201507
38,160,201507
38,1358,201507
38,40,201507
38,63,201507
38,338,201507
38,139,201507
38,81,201507
38,117,201507
38,59,201507
38,78,201507
38,36,201507
38,55,201507
38,52,201507
38,143,201507
38,156,201507
38,288,201507
38,54,201507
38,517,201507
38,83,201507
38,5,201507
38,142,201507
38,102,201507
38,32,201507
38,31,201507
38,27,201507
38,99,201507
38,178,201507
38,18,201507
38,6,201507
38,155,201507
38,29,201507
38,46,201507
38,25,201507
38,26,201507
38,108,201507
38,28,201507
38,19,201507
38,35,201507
38,60,201507
38,137,201507
38,135,201507
38,14,201507
38,97,201507
39,137,201507
39,501,201507
39,23,201507
39,143,201507
39,112,201507
39,101,201507
39,45,201507
39,77,201507
39,160,201507
39,320,201507
39,98,201507
39,46,201507
39,120,201507
39,178,201507
39,1147,201507
39,341,201507
39,99,201507
39,29,201507
39,25,201507
39,64,201507
39,26,201507
39,19,201507
39,97,201507
40,281,201507
40,19,201507
40,143,201507
40,77,201507
40,160,201507
40,205,201507
40,99,201507
40,6,201507
40,69,201507
40,181,201507
40,64,201507
40,26,201507
40,529,201507
40,86,201507
40,132,201507
40,1,201507
40,113,201507
40,1366,201507
40,108,201507
40,74,201507
40,97,201507
40,183,201507
40,188,201507
40,54,201507
40,57,201507
40,38,201507
40,32,201507
40,83,201507
40,154,201507
40,137,201507
40,27,201507
40,51,201507
40,9,201507
40,320,201507
40,21,201507
40,29,201507
40,12,201507
40,0,201507
40,52,201507
40,129,201507
40,20,201507
40,131,201507
40,169,201507
40,85,201507
40,112,201507
40,59,201507
40,25,201507
40,120,201507
40,100,201507
40,369,201507
40,16,201507
40,10,201507
40,18,201507
40,35,201507
40,274,201507
40,17,201507
40,1022,201507
40,23,201507
40,36,201507
40,381,201507
40,449,201507
40,28,201507
40,60,201507
40,180,201507
40,178,201507
40,1086,201507
40,4,201507
40,146,201507
40,13,201507
40,46,201507
40,1250,201507
40,92,201507
40,375,201507
40,31,201507
40,48,201507
40,139,201507
40,136,201507
40,14,201507
40,135,201507
41,60,201507
41,160,201507
41,20,201507
41,48,201507
41,108,201507
41,35,201507
41,137,201507
41,46,201507
41,97,201507
42,137,201507
42,99,201507
43,77,201507
43,160,201507
43,54,201507
43,131,201507
43,18,201507
43,29,201507
43,132,201507
43,10,201507
43,1227,201507
43,266,201507
43,32,201507
43,97,201507
44,54,201507
44,131,201507
44,18,201507
44,346,201507
44,29,201507
44,32,201507
45,1044,201507
45,207,201507
45,156,201507
45,134,201507
45,4,201507
45,81,201507
45,54,201507
45,769,201507
45,108,201507
45,46,201507
45,117,201507
45,102,201507
45,83,201507
45,178,201507
45,119,201507
45,0,201507
45,341,201507
45,1,201507
45,29,201507
45,48,201507
45,16,201507
45,2,201507
45,77,201507
45,40,201507
45,85,201507
45,136,201507
45,26,201507
45,25,201507
45,60,201507
45,274,201507
45,32,201507
45,64,201507
45,19,201507
45,99,201507
45,31,201507
45,13,201507
45,35,201507
45,92,201507
45,137,201507
45,59,201507
45,6,201507
45,135,201507
45,14,201507
45,97,201507
46,143,201507
46,77,201507
46,160,201507
46,27,201507
46,35,201507
46,6,201507
46,19,201507
46,20,201507
46,136,201507
46,5,201507
46,16,201507
46,13,201507
46,1190,201507
46,1,201507
46,113,201507
46,181,201507
46,517,201507
46,81,201507
46,320,201507
46,107,201507
46,80,201507
46,4,201507
46,26,201507
46,14,201507
46,12,201507
46,146,201507
46,124,201507
46,117,201507
46,38,201507
46,29,201507
46,142,201507
46,180,201507
46,64,201507
46,1147,201507
46,97,201507
46,60,201507
46,76,201507
46,101,201507
46,78,201507
46,341,201507
46,10,201507
46,45,201507
46,75,201507
46,182,201507
46,32,201507
46,85,201507
46,99,201507
46,178,201507
46,102,201507
46,287,201507
46,278,201507
46,1254,201507
46,83,201507
46,126,201507
46,192,201507
46,134,201507
46,52,201507
46,703,201507
46,158,201507
46,39,201507
46,173,201507
46,782,201507
46,100,201507
46,274,201507
46,154,201507
46,25,201507
46,445,201507
46,63,201507
46,157,201507
46,237,201507
46,813,201507
46,62,201507
46,208,201507
46,141,201507
46,31,201507
46,176,201507
46,40,201507
46,860,201507
46,79,201507
46,18,201507
46,155,201507
46,0,201507
46,2,201507
46,58,201507
46,120,201507
46,57,201507
46,95,201507
46,250,201507
46,799,201507
46,54,201507
46,72,201507
46,198,201507
46,98,201507
46,96,201507
46,106,201507
46,9,201507
46,342,201507
46,285,201507
46,355,201507
46,152,201507
46,458,201507
46,132,201507
46,11,201507
46,744,201507
46,41,201507
46,544,201507
46,82,201507
46,51,201507
46,73,201507
46,94,201507
46,21,201507
46,59,201507
46,156,201507
46,92,201507
46,797,201507
46,172,201507
46,135,201507
46,65,201507
46,224,201507
46,24,201507
46,140,201507
46,129,201507
46,28,201507
46,36,201507
46,139,201507
46,48,201507
46,17,201507
46,108,201507
46,137,201507
47,115,201507
47,108,201507
47,116,201507
47,31,201507
47,1147,201507
47,0,201507
47,25,201507
47,137,201507
47,274,201507
47,92,201507
48,143,201507
48,35,201507
48,552,201507
48,6,201507
48,769,201507
48,281,201507
48,60,201507
48,160,201507
48,768,201507
48,36,201507
48,110,201507
48,221,201507
48,53,201507
48,137,201507
48,26,201507
48,0,201507
48,120,201507
48,139,201507
48,80,201507
48,1366,201507
48,107,201507
48,13,201507
48,19,201507
48,113,201507
48,21,201507
48,83,201507
48,51,201507
48,17,201507
48,18,201507
48,45,201507
48,28,201507
48,4,201507
48,183,201507
48,14,201507
48,9,201507
48,97,201507
48,25,201507
48,197,201507
48,16,201507
48,73,201507
48,10,201507
48,64,201507
48,136,201507
48,5,201507
48,20,201507
48,27,201507
48,72,201507
48,134,201507
48,34,201507
48,341,201507
48,266,201507
48,96,201507
48,63,201507
48,156,201507
48,99,201507
48,59,201507
48,1,201507
48,41,201507
48,77,201507
48,434,201507
48,126,201507
48,1194,201507
48,65,201507
48,815,201507
48,57,201507
48,108,201507
48,101,201507
48,285,201507
48,100,201507
48,85,201507
48,334,201507
48,195,201507
48,237,201507
48,194,201507
48,316,201507
48,146,201507
48,54,201507
48,40,201507
48,180,201507
48,32,201507
48,81,201507
48,52,201507
48,102,201507
48,172,201507
48,119,201507
48,142,201507
48,154,201507
48,29,201507
48,320,201507
48,208,201507
48,129,201507
48,31,201507
48,92,201507
48,178,201507
48,274,201507
48,135,201507
48,46,201507
49,69,201507
49,806,201507
49,317,201507
49,51,201507
50,311,201507
50,69,201507
50,177,201507
50,1169,201507
50,4,201507
51,110,201507
51,247,201507
51,132,201507
51,69,201507
51,501,201507
51,23,201507
51,143,201507
51,18,201507
51,183,201507
51,77,201507
51,215,201507
51,160,201507
51,184,201507
51,5,201507
51,1196,201507
51,741,201507
51,1,201507
51,795,201507
51,214,201507
51,107,201507
51,4,201507
51,86,201507
51,117,201507
51,133,201507
51,16,201507
51,100,201507
51,2,201507
51,108,201507
51,931,201507
51,26,201507
51,83,201507
51,134,201507
51,136,201507
51,85,201507
51,10,201507
51,116,201507
51,13,201507
51,17,201507
51,180,201507
51,11,201507
51,243,201507
51,150,201507
51,112,201507
51,105,201507
51,60,201507
51,22,201507
51,28,201507
51,113,201507
51,154,201507
51,0,201507
51,59,201507
51,1169,201507
51,32,201507
51,165,201507
51,52,201507
51,142,201507
51,8,201507
51,97,201507
51,49,201507
51,213,201507
51,12,201507
51,20,201507
51,222,201507
51,189,201507
51,177,201507
51,819,201507
51,30,201507
51,223,201507
51,164,201507
51,96,201507
51,137,201507
51,29,201507
51,14,201507
51,274,201507
51,27,201507
51,6,201507
51,99,201507
51,92,201507
51,64,201507
51,89,201507
51,46,201507
51,19,201507
51,7,201507
51,33,201507
51,21,201507
51,121,201507
51,25,201507
51,135,201507
52,180,201507
52,6,201507
52,155,201507
52,19,201507
52,102,201507
52,138,201507
52,143,201507
52,297,201507
52,332,201507
52,142,201507
52,38,201507
52,117,201507
52,126,201507
52,293,201507
52,64,201507
52,77,201507
52,160,201507
52,13,201507
52,136,201507
52,26,201507
52,7,201507
52,1,201507
52,96,201507
52,29,201507
52,16,201507
52,40,201507
52,27,201507
52,113,201507
52,178,201507
52,120,201507
52,31,201507
52,94,201507
52,18,201507
52,133,201507
52,22,201507
52,81,201507
52,21,201507
52,97,201507
52,139,201507
52,48,201507
52,129,201507
52,17,201507
52,4,201507
52,100,201507
52,9,201507
52,80,201507
52,60,201507
52,46,201507
52,154,201507
52,28,201507
52,92,201507
52,32,201507
52,83,201507
52,146,201507
52,25,201507
52,36,201507
52,99,201507
52,10,201507
52,108,201507
52,35,201507
52,137,201507
52,135,201507
52,14,201507
53,70,201507
53,160,201507
53,137,201507
53,51,201507
53,20,201507
53,136,201507
53,2,201507
53,72,201507
53,130,201507
53,111,201507
53,1313,201507
53,69,201507
53,25,201507
53,9,201507
53,346,201507
53,29,201507
53,1227,201507
53,4,201507
53,11,201507
53,10,201507
53,17,201507
53,97,201507
54,143,201507
54,146,201507
54,18,201507
54,43,201507
54,422,201507
54,44,201507
54,440,201507
54,814,201507
54,77,201507
54,281,201507
54,160,201507
54,276,201507
54,430,201507
54,62,201507
54,267,201507
54,1410,201507
54,112,201507
54,133,201507
54,99,201507
54,233,201507
54,420,201507
54,781,201507
54,110,201507
54,5,201507
54,46,201507
54,135,201507
54,21,201507
54,155,201507
54,81,201507
54,51,201507
54,53,201507
54,17,201507
54,96,201507
54,178,201507
54,1,201507
54,136,201507
54,1144,201507
54,16,201507
54,107,201507
54,346,201507
54,12,201507
54,1147,201507
54,113,201507
54,102,201507
54,180,201507
54,9,201507
54,60,201507
54,92,201507
54,83,201507
54,31,201507
54,0,201507
54,165,201507
54,32,201507
54,28,201507
54,25,201507
54,26,201507
54,13,201507
54,4,201507
54,137,201507
54,274,201507
54,48,201507
54,6,201507
54,154,201507
54,108,201507
54,19,201507
54,27,201507
54,20,201507
54,14,201507
54,97,201507
54,10,201507
54,29,201507
55,134,201507
55,126,201507
55,444,201507
55,102,201507
55,143,201507
55,40,201507
55,32,201507
55,14,201507
55,29,201507
55,6,201507
55,26,201507
55,64,201507
55,266,201507
55,99,201507
55,19,201507
55,97,201507
55,59,201507
56,178,201507
57,143,201507
57,180,201507
57,6,201507
57,77,201507
57,160,201507
57,80,201507
57,99,201507
57,60,201507
57,22,201507
57,69,201507
57,142,201507
57,19,201507
57,32,201507
57,120,201507
57,64,201507
57,25,201507
57,178,201507
57,10,201507
57,29,201507
57,1250,201507
57,266,201507
57,26,201507
57,137,201507
57,48,201507
57,46,201507
57,375,201507
57,14,201507
57,92,201507
57,97,201507
57,135,201507
58,143,201507
58,25,201507
58,35,201507
58,160,201507
58,136,201507
58,99,201507
58,64,201507
58,32,201507
58,29,201507
58,137,201507
58,46,201507
58,97,201507
59,60,201507
59,19,201507
59,138,201507
59,143,201507
59,39,201507
59,45,201507
59,35,201507
59,29,201507
59,52,201507
59,64,201507
59,77,201507
59,160,201507
59,137,201507
59,146,201507
59,4,201507
59,297,201507
59,82,201507
59,31,201507
59,815,201507
59,14,201507
59,136,201507
59,36,201507
59,110,201507
59,13,201507
59,139,201507
59,99,201507
59,1,201507
59,17,201507
59,40,201507
59,100,201507
59,117,201507
59,83,201507
59,85,201507
59,97,201507
59,18,201507
59,25,201507
59,16,201507
59,48,201507
59,32,201507
59,126,201507
59,38,201507
59,349,201507
59,81,201507
59,142,201507
59,313,201507
59,94,201507
59,92,201507
59,120,201507
59,78,201507
59,10,201507
59,11,201507
59,112,201507
59,2,201507
59,51,201507
59,21,201507
59,107,201507
59,5,201507
59,96,201507
59,133,201507
59,217,201507
59,28,201507
59,172,201507
59,46,201507
59,0,201507
59,55,201507
59,194,201507
59,89,201507
59,121,201507
59,129,201507
59,108,201507
59,134,201507
59,20,201507
60,39,201507
60,137,201507
60,6,201507
60,35,201507
60,23,201507
60,375,201507
60,143,201507
60,108,201507
60,160,201507
60,41,201507
60,146,201507
60,96,201507
60,110,201507
60,97,201507
60,13,201507
60,166,201507
60,99,201507
60,48,201507
60,26,201507
60,0,201507
60,83,201507
60,120,201507
60,107,201507
60,139,201507
60,51,201507
60,25,201507
60,45,201507
60,32,201507
60,113,201507
60,21,201507
60,12,201507
60,11,201507
60,10,201507
60,169,201507
60,22,201507
60,7,201507
60,89,201507
60,136,201507
60,30,201507
60,132,201507
60,77,201507
60,112,201507
60,28,201507
60,4,201507
60,18,201507
60,69,201507
60,133,201507
60,134,201507
60,182,201507
60,27,201507
60,181,201507
60,16,201507
60,54,201507
60,124,201507
60,31,201507
60,81,201507
60,40,201507
60,52,201507
60,9,201507
60,20,201507
60,72,201507
60,14,201507
60,34,201507
60,165,201507
60,5,201507
60,73,201507
60,1366,201507
60,156,201507
60,17,201507
60,769,201507
60,154,201507
60,334,201507
60,126,201507
60,142,201507
60,195,201507
60,197,201507
60,75,201507
60,24,201507
60,117,201507
60,85,201507
60,285,201507
60,316,201507
60,180,201507
60,29,201507
60,64,201507
60,80,201507
60,38,201507
60,1,201507
60,129,201507
60,155,201507
60,217,201507
60,19,201507
60,102,201507
60,194,201507
60,2,201507
60,59,201507
60,178,201507
60,208,201507
60,119,201507
60,274,201507
60,92,201507
60,135,201507
60,46,201507
61,31,201507
61,132,201507
61,143,201507
61,407,201507
61,269,201507
61,160,201507
61,12,201507
61,415,201507
61,111,201507
61,102,201507
61,29,201507
61,101,201507
61,18,201507
61,265,201507
61,97,201507
61,346,201507
61,375,201507
61,136,201507
61,17,201507
61,266,201507
61,10,201507
61,1227,201507
61,137,201507
62,66,201507
62,143,201507
62,160,201507
62,339,201507
62,224,201507
62,188,201507
62,144,201507
62,546,201507
62,233,201507
62,443,201507
62,1190,201507
62,77,201507
62,31,201507
62,97,201507
62,32,201507
62,18,201507
62,46,201507
62,1227,201507
62,320,201507
62,19,201507
62,1250,201507
62,266,201507
62,375,201507
62,137,201507
62,29,201507
63,180,201507
63,192,201507
63,140,201507
63,117,201507
63,224,201507
63,57,201507
63,126,201507
63,48,201507
63,46,201507
63,19,201507
63,25,201507
63,320,201507
63,99,201507
63,64,201507
63,29,201507
63,97,201507
64,143,201507
64,297,201507
64,31,201507
64,14,201507
64,6,201507
64,77,201507
64,160,201507
64,29,201507
64,40,201507
64,83,201507
64,1194,201507
64,154,201507
64,142,201507
64,16,201507
64,166,201507
64,99,201507
64,32,201507
64,48,201507
64,169,201507
64,8,201507
64,26,201507
64,27,201507
64,131,201507
64,18,201507
64,19,201507
64,25,201507
64,1699,201507
64,1413,201507
64,182,201507
64,320,201507
64,13,201507
64,338,201507
64,196,201507
64,113,201507
64,112,201507
64,349,201507
64,181,201507
64,4,201507
64,132,201507
64,140,201507
64,52,201507
64,38,201507
64,2,201507
64,102,201507
64,369,201507
64,146,201507
64,76,201507
64,120,201507
64,35,201507
64,20,201507
64,24,201507
64,97,201507
64,1020,201507
64,161,201507
64,134,201507
64,117,201507
64,135,201507
64,85,201507
64,126,201507
64,81,201507
64,46,201507
64,523,201507
64,11,201507
64,722,201507
64,374,201507
64,730,201507
64,549,201507
64,100,201507
64,21,201507
64,55,201507
64,57,201507
64,373,201507
64,72,201507
64,78,201507
64,1065,201507
64,45,201507
64,172,201507
64,180,201507
64,58,201507
64,0,201507
64,39,201507
64,342,201507
64,9,201507
64,192,201507
64,205,201507
64,63,201507
64,129,201507
64,137,201507
64,101,201507
64,59,201507
64,10,201507
64,28,201507
64,176,201507
64,1,201507
64,60,201507
64,51,201507
64,89,201507
64,17,201507
64,136,201507
64,108,201507
65,178,201507
65,890,201507
65,23,201507
65,138,201507
65,27,201507
65,24,201507
65,309,201507
65,950,201507
65,97,201507
65,341,201507
65,1250,201507
65,18,201507
65,26,201507
65,99,201507
65,29,201507
65,32,201507
65,25,201507
65,48,201507
65,320,201507
65,19,201507
65,375,201507
65,137,201507
65,266,201507
65,46,201507
66,62,201507
66,143,201507
66,77,201507
66,160,201507
66,126,201507
66,100,201507
66,346,201507
66,29,201507
66,6,201507
66,1227,201507
66,1250,201507
66,10,201507
66,32,201507
66,375,201507
66,266,201507
66,18,201507
66,97,201507
67,54,201507
67,11,201507
67,136,201507
69,247,201507
69,137,201507
69,132,201507
69,51,201507
69,311,201507
69,806,201507
69,317,201507
69,160,201507
69,49,201507
69,177,201507
69,50,201507
69,221,201507
69,53,201507
69,17,201507
69,60,201507
69,26,201507
69,154,201507
69,274,201507
69,14,201507
69,99,201507
69,9,201507
69,2,201507
69,32,201507
69,64,201507
69,75,201507
69,136,201507
69,113,201507
69,28,201507
69,1169,201507
69,97,201507
69,31,201507
69,133,201507
69,92,201507
69,135,201507
69,183,201507
69,1,201507
69,5,201507
69,10,201507
69,4,201507
69,18,201507
69,11,201507
70,53,201507
70,160,201507
70,111,201507
70,30,201507
70,12,201507
70,17,201507
70,136,201507
70,10,201507
70,25,201507
70,11,201507
70,137,201507
70,1,201507
71,133,201507
71,9,201507
71,298,201507
71,25,201507
71,136,201507
71,137,201507
72,9,201507
72,143,201507
72,104,201507
72,133,201507
72,552,201507
72,160,201507
72,960,201507
72,341,201507
72,146,201507
72,124,201507
72,108,201507
72,19,201507
72,96,201507
72,165,201507
72,16,201507
72,93,201507
72,22,201507
72,2,201507
72,137,201507
72,48,201507
72,83,201507
72,11,201507
72,1147,201507
72,81,201507
72,14,201507
72,5,201507
72,178,201507
72,57,201507
72,32,201507
72,53,201507
72,27,201507
72,112,201507
72,346,201507
72,29,201507
72,4,201507
72,97,201507
72,60,201507
72,0,201507
72,113,201507
72,31,201507
72,25,201507
72,35,201507
72,136,201507
72,64,201507
72,17,201507
72,375,201507
72,266,201507
72,10,201507
72,18,201507
72,154,201507
72,46,201507
72,135,201507
72,1,201507
72,92,201507
72,274,201507
73,45,201507
73,48,201507
73,60,201507
73,35,201507
73,46,201507
73,97,201507
74,18,201507
74,178,201507
74,346,201507
74,29,201507
74,32,201507
74,97,201507
75,339,201507
75,282,201507
75,355,201507
75,143,201507
75,92,201507
75,274,201507
75,17,201507
75,27,201507
75,31,201507
75,154,201507
75,342,201507
75,139,201507
75,83,201507
75,14,201507
75,178,201507
75,85,201507
75,135,201507
75,46,201507
75,97,201507
75,96,201507
75,19,201507
75,0,201507
75,32,201507
75,99,201507
75,320,201507
75,375,201507
75,78,201507
75,60,201507
75,136,201507
75,108,201507
75,29,201507
75,13,201507
75,26,201507
76,140,201507
76,143,201507
76,35,201507
76,192,201507
76,117,201507
76,146,201507
76,31,201507
76,813,201507
76,278,201507
76,77,201507
76,160,201507
76,165,201507
76,14,201507
76,188,201507
76,282,201507
76,97,201507
76,32,201507
76,176,201507
76,83,201507
76,85,201507
76,6,201507
76,129,201507
76,180,201507
76,55,201507
76,9,201507
76,120,201507
76,64,201507
76,52,201507
76,26,201507
76,341,201507
76,46,201507
76,178,201507
76,137,201507
76,29,201507
76,19,201507
76,266,201507
76,375,201507
76,136,201507
76,99,201507
77,143,201507
77,79,201507
77,110,201507
77,97,201507
77,52,201507
77,31,201507
77,13,201507
77,142,201507
77,133,201507
77,14,201507
77,39,201507
77,15,201507
77,16,201507
77,46,201507
77,136,201507
77,137,201507
77,32,201507
77,6,201507
77,197,201507
77,61,201507
77,62,201507
77,181,201507
77,76,201507
77,57,201507
77,64,201507
77,25,201507
77,59,201507
77,17,201507
77,281,201507
77,27,201507
77,176,201507
77,160,201507
77,35,201507
77,54,201507
77,18,201507
77,5,201507
77,12,201507
77,23,201507
77,29,201507
77,38,201507
77,51,201507
77,19,201507
77,1,201507
77,40,201507
77,374,201507
77,83,201507
77,120,201507
77,28,201507
77,66,201507
77,4,201507
77,20,201507
77,112,201507
77,11,201507
77,154,201507
77,195,201507
77,101,201507
77,1050,201507
77,10,201507
77,139,201507
77,739,201507
77,55,201507
77,155,201507
77,126,201507
77,85,201507
77,69,201507
77,81,201507
77,2,201507
77,102,201507
77,100,201507
77,113,201507
77,135,201507
77,183,201507
77,80,201507
77,96,201507
77,107,201507
77,22,201507
77,60,201507
77,346,201507
77,178,201507
77,1194,201507
77,132,201507
77,0,201507
77,119,201507
77,99,201507
77,48,201507
77,320,201507
77,26,201507
77,1250,201507
77,266,201507
77,375,201507
77,274,201507
77,92,201507
77,108,201507
78,160,201507
78,52,201507
78,16,201507
78,99,201507
78,188,201507
78,64,201507
78,341,201507
78,46,201507
78,32,201507
78,29,201507
78,25,201507
78,19,201507
78,26,201507
78,281,201507
78,146,201507
78,137,201507
78,75,201507
78,13,201507
78,6,201507
78,59,201507
78,97,201507
79,182,201507
79,77,201507
79,160,201507
79,6,201507
79,35,201507
79,28,201507
79,80,201507
79,29,201507
79,19,201507
79,1250,201507
79,46,201507
79,97,201507
79,375,201507
79,320,201507
79,32,201507
79,266,201507
80,156,201507
80,143,201507
80,97,201507
80,512,201507
80,160,201507
80,83,201507
80,119,201507
80,131,201507
80,24,201507
80,142,201507
80,112,201507
80,13,201507
80,32,201507
80,180,201507
80,48,201507
80,77,201507
80,2,201507
80,17,201507
80,107,201507
80,19,201507
80,28,201507
80,1,201507
80,137,201507
80,46,201507
80,136,201507
80,29,201507
80,35,201507
80,26,201507
80,25,201507
80,99,201507
80,10,201507
80,60,201507
80,108,201507
80,274,201507
80,92,201507
80,14,201507
80,135,201507
81,181,201507
81,146,201507
81,132,201507
81,183,201507
81,97,201507
81,14,201507
81,544,201507
81,107,201507
81,102,201507
81,163,201507
81,76,201507
81,120,201507
81,4,201507
81,45,201507
81,274,201507
81,2,201507
81,52,201507
81,20,201507
81,5,201507
81,156,201507
81,0,201507
81,155,201507
81,17,201507
81,29,201507
81,25,201507
81,34,201507
81,137,201507
81,1147,201507
81,18,201507
81,346,201507
81,178,201507
81,54,201507
81,341,201507
81,129,201507
81,69,201507
81,85,201507
81,35,201507
81,139,201507
81,100,201507
81,60,201507
81,26,201507
81,64,201507
81,13,201507
81,136,201507
81,27,201507
81,83,201507
81,46,201507
81,92,201507
81,32,201507
81,6,201507
81,59,201507
81,99,201507
81,19,201507
81,48,201507
81,154,201507
81,1,201507
81,31,201507
81,108,201507
81,10,201507
81,135,201507
82,35,201507
82,341,201507
82,1194,201507
82,46,201507
82,97,201507
83,143,201507
83,31,201507
83,77,201507
83,160,201507
83,120,201507
83,327,201507
83,85,201507
83,36,201507
83,19,201507
83,40,201507
83,78,201507
83,156,201507
83,134,201507
83,76,201507
83,113,201507
83,18,201507
83,0,201507
83,142,201507
83,108,201507
83,12,201507
83,29,201507
83,81,201507
83,136,201507
83,1,201507
83,25,201507
83,23,201507
83,16,201507
83,24,201507
83,139,201507
83,38,201507
83,9,201507
83,32,201507
83,6,201507
83,93,201507
83,54,201507
83,155,201507
83,1147,201507
83,28,201507
83,60,201507
83,180,201507
83,48,201507
83,2,201507
83,13,201507
83,178,201507
83,26,201507
83,341,201507
83,35,201507
83,17,201507
83,5,201507
83,64,201507
83,119,201507
83,59,201507
83,46,201507
83,102,201507
83,274,201507
83,27,201507
83,146,201507
83,52,201507
83,375,201507
83,1250,201507
83,266,201507
83,14,201507
83,99,201507
83,285,201507
83,10,201507
83,154,201507
83,92,201507
83,20,201507
83,97,201507
83,135,201507
83,137,201507
84,30,201507
84,86,201507
84,53,201507
84,136,201507
84,223,201507
84,234,201507
84,160,201507
84,164,201507
84,753,201507
84,88,201507
84,1169,201507
84,10,201507
84,1227,201507
84,4,201507
84,11,201507
84,18,201507
85,143,201507
85,92,201507
85,552,201507
85,740,201507
85,165,201507
85,160,201507
85,483,201507
85,25,201507
85,97,201507
85,194,201507
85,14,201507
85,16,201507
85,99,201507
85,169,201507
85,26,201507
85,1,201507
85,83,201507
85,108,201507
85,17,201507
85,60,201507
85,213,201507
85,12,201507
85,19,201507
85,52,201507
85,28,201507
85,139,201507
85,24,201507
85,121,201507
85,81,201507
85,107,201507
85,133,201507
85,36,201507
85,11,201507
85,20,201507
85,5,201507
85,22,201507
85,183,201507
85,134,201507
85,13,201507
85,54,201507
85,77,201507
85,274,201507
85,40,201507
85,21,201507
85,51,201507
85,18,201507
85,341,201507
85,75,201507
85,154,201507
85,137,201507
85,38,201507
85,29,201507
85,4,201507
85,32,201507
85,59,201507
85,117,201507
85,340,201507
85,80,201507
85,64,201507
85,1258,201507
85,136,201507
85,9,201507
85,1169,201507
85,46,201507
85,149,201507
85,6,201507
85,266,201507
85,146,201507
85,93,201507
85,35,201507
85,48,201507
85,115,201507
85,113,201507
85,0,201507
85,10,201507
85,31,201507
85,112,201507
85,135,201507
86,84,201507
86,64,201507
86,25,201507
86,18,201507
86,51,201507
86,138,201507
86,4,201507
86,142,201507
86,16,201507
86,81,201507
86,83,201507
86,146,201507
86,77,201507
86,137,201507
86,26,201507
86,28,201507
86,13,201507
86,29,201507
86,85,201507
86,6,201507
86,17,201507
86,10,201507
86,1227,201507
86,136,201507
86,97,201507
86,20,201507
86,11,201507
87,291,201507
87,89,201507
87,203,201507
88,84,201507
88,136,201507
88,4,201507
88,18,201507
88,11,201507
89,17,201507
89,121,201507
89,23,201507
89,28,201507
89,87,201507
89,90,201507
89,8,201507
89,7,201507
89,110,201507
89,778,201507
89,243,201507
89,323,201507
89,160,201507
89,770,201507
89,5,201507
89,1,201507
89,20,201507
89,828,201507
89,1267,201507
89,1103,201507
89,212,201507
89,60,201507
89,27,201507
89,14,201507
89,13,201507
89,1408,201507
89,280,201507
89,4,201507
89,18,201507
89,10,201507
89,112,201507
89,64,201507
89,51,201507
89,6,201507
89,21,201507
89,11,201507
89,59,201507
89,136,201507
89,25,201507
89,29,201507
89,97,201507
89,137,201507
90,89,201507
90,8,201507
90,7,201507
90,17,201507
92,177,201507
92,18,201507
92,107,201507
92,444,201507
92,113,201507
92,142,201507
92,146,201507
92,13,201507
92,155,201507
92,274,201507
92,38,201507
92,1169,201507
92,32,201507
92,341,201507
92,21,201507
92,19,201507
92,23,201507
92,133,201507
92,34,201507
92,11,201507
92,16,201507
92,20,201507
92,69,201507
92,139,201507
92,116,201507
92,54,201507
92,115,201507
92,12,201507
92,180,201507
92,81,201507
92,112,201507
92,129,201507
92,40,201507
92,59,201507
92,100,201507
92,57,201507
92,45,201507
92,156,201507
92,1366,201507
92,160,201507
92,51,201507
92,77,201507
92,46,201507
92,137,201507
92,80,201507
92,83,201507
92,27,201507
92,97,201507
92,4,201507
92,48,201507
92,72,201507
92,149,201507
92,47,201507
92,5,201507
92,165,201507
92,96,201507
92,99,201507
92,28,201507
92,9,201507
92,6,201507
92,108,201507
92,85,201507
92,93,201507
92,154,201507
92,31,201507
92,2,201507
92,26,201507
92,14,201507
92,60,201507
92,1,201507
92,17,201507
92,10,201507
92,136,201507
92,0,201507
92,135,201507
93,160,201507
93,146,201507
93,19,201507
93,115,201507
93,108,201507
93,10,201507
93,99,201507
93,137,201507
93,165,201507
93,2,201507
93,1169,201507
93,31,201507
93,274,201507
93,85,201507
93,25,201507
93,92,201507
94,64,201507
94,4,201507
94,146,201507
94,26,201507
94,29,201507
94,99,201507
94,59,201507
94,46,201507
94,97,201507
95,77,201507
95,160,201507
95,143,201507
95,1250,201507
95,46,201507
95,320,201507
95,266,201507
95,375,201507
96,23,201507
96,1,201507
96,143,201507
96,303,201507
96,136,201507
96,137,201507
96,130,201507
96,165,201507
96,299,201507
96,93,201507
96,25,201507
96,115,201507
96,160,201507
96,2,201507
96,30,201507
96,169,201507
96,17,201507
96,80,201507
96,9,201507
96,18,201507
96,102,201507
96,129,201507
96,31,201507
96,4,201507
96,35,201507
96,150,201507
96,26,201507
96,29,201507
96,59,201507
96,64,201507
96,156,201507
96,19,201507
96,12,201507
96,121,201507
96,22,201507
96,20,201507
96,85,201507
96,99,201507
96,81,201507
96,247,201507
96,801,201507
96,113,201507
96,6,201507
96,48,201507
96,346,201507
96,107,201507
96,133,201507
96,52,201507
96,112,201507
96,11,201507
96,0,201507
96,1269,201507
96,83,201507
96,97,201507
96,21,201507
96,51,201507
96,46,201507
96,60,201507
96,27,201507
96,28,201507
96,135,201507
96,92,201507
96,14,201507
96,5,201507
96,10,201507
96,274,201507
97,19,201507
97,143,201507
97,146,201507
97,133,201507
97,552,201507
97,31,201507
97,167,201507
97,6,201507
97,77,201507
97,160,201507
97,154,201507
97,32,201507
97,132,201507
97,35,201507
97,266,201507
97,129,201507
97,53,201507
97,99,201507
97,48,201507
97,10,201507
97,18,201507
97,36,201507
97,83,201507
97,107,201507
97,2,201507
97,108,201507
97,120,201507
97,21,201507
97,13,201507
97,86,201507
97,278,201507
97,102,201507
97,26,201507
97,137,201507
97,24,201507
97,27,201507
97,69,201507
97,16,201507
97,4,201507
97,25,201507
97,165,201507
97,0,201507
97,136,201507
97,113,201507
97,38,201507
97,51,201507
97,119,201507
97,66,201507
97,65,201507
97,60,201507
97,131,201507
97,64,201507
97,62,201507
97,54,201507
97,11,201507
97,892,201507
97,17,201507
97,346,201507
97,45,201507
97,180,201507
97,341,201507
97,72,201507
97,205,201507
97,75,201507
97,96,201507
97,142,201507
97,265,201507
97,237,201507
97,176,201507
97,111,201507
97,23,201507
97,29,201507
97,192,201507
97,157,201507
97,109,201507
97,52,201507
97,9,201507
97,164,201507
97,106,201507
97,274,201507
97,173,201507
97,80,201507
97,5,201507
97,270,201507
97,20,201507
97,544,201507
97,223,201507
97,355,201507
97,163,201507
97,125,201507
97,1366,201507
97,144,201507
97,43,201507
97,769,201507
97,46,201507
97,182,201507
97,320,201507
97,169,201507
97,309,201507
97,12,201507
97,188,201507
97,813,201507
97,79,201507
97,198,201507
97,61,201507
97,118,201507
97,63,201507
97,74,201507
97,104,201507
97,510,201507
97,455,201507
97,1052,201507
97,85,201507
97,14,201507
97,57,201507
97,495,201507
97,452,201507
97,159,201507
97,140,201507
97,285,201507
97,178,201507
97,155,201507
97,141,201507
97,152,201507
97,55,201507
97,28,201507
97,342,201507
97,112,201507
97,435,201507
97,15,201507
97,101,201507
97,216,201507
97,98,201507
97,393,201507
97,269,201507
97,287,201507
97,81,201507
97,58,201507
97,41,201507
97,40,201507
97,158,201507
97,224,201507
97,76,201507
97,860,201507
97,39,201507
97,110,201507
97,22,201507
97,92,201507
97,1,201507
97,250,201507
97,139,201507
97,73,201507
97,100,201507
97,34,201507
97,89,201507
97,172,201507
97,197,201507
97,208,201507
97,134,201507
97,126,201507
97,117,201507
97,181,201507
97,82,201507
97,124,201507
97,135,201507
97,94,201507
97,59,201507
97,156,201507
97,78,201507
98,309,201507
98,39,201507
98,92,201507
98,137,201507
98,46,201507
98,97,201507
98,25,201507
99,180,201507
99,116,201507
99,13,201507
99,16,201507
99,166,201507
99,6,201507
99,26,201507
99,60,201507
99,19,201507
99,83,201507
99,120,201507
99,113,201507
99,77,201507
99,154,201507
99,39,201507
99,46,201507
99,85,201507
99,17,201507
99,4,201507
99,139,201507
99,143,201507
99,64,201507
99,183,201507
99,124,201507
99,31,201507
99,21,201507
99,137,201507
99,1,201507
99,28,201507
99,97,201507
99,12,201507
99,78,201507
99,65,201507
99,100,201507
99,59,201507
99,32,201507
99,133,201507
99,146,201507
99,40,201507
99,160,201507
99,38,201507
99,72,201507
99,297,201507
99,278,201507
99,42,201507
99,2,201507
99,320,201507
99,355,201507
99,126,201507
99,94,201507
99,48,201507
99,112,201507
99,58,201507
99,134,201507
99,5,201507
99,155,201507
99,156,201507
99,25,201507
99,96,201507
99,36,201507
99,136,201507
99,114,201507
99,208,201507
99,10,201507
99,117,201507
99,63,201507
99,224,201507
99,157,201507
99,142,201507
99,75,201507
99,76,201507
99,101,201507
99,131,201507
99,349,201507
99,81,201507
99,24,201507
99,57,201507
99,132,201507
99,102,201507
99,18,201507
99,170,201507
99,45,201507
99,55,201507
99,80,201507
99,27,201507
99,20,201507
99,29,201507
99,129,201507
99,52,201507
99,51,201507
99,108,201507
99,0,201507
99,274,201507
99,54,201507
99,11,201507
99,92,201507
99,135,201507
99,35,201507
100,35,201507
100,143,201507
100,129,201507
100,101,201507
100,160,201507
100,137,201507
100,24,201507
100,108,201507
100,134,201507
100,1366,201507
100,60,201507
100,2,201507
100,31,201507
100,81,201507
100,22,201507
100,142,201507
100,32,201507
100,52,201507
100,154,201507
100,78,201507
100,77,201507
100,102,201507
100,126,201507
100,69,201507
100,85,201507
100,40,201507
100,0,201507
100,59,201507
100,29,201507
100,769,201507
100,26,201507
100,5,201507
100,18,201507
100,119,201507
100,178,201507
100,120,201507
100,72,201507
100,341,201507
100,83,201507
100,274,201507
100,13,201507
100,19,201507
100,64,201507
100,46,201507
100,17,201507
100,156,201507
100,28,201507
100,27,201507
100,25,201507
100,99,201507
100,146,201507
100,92,201507
100,48,201507
100,6,201507
100,135,201507
100,10,201507
100,136,201507
100,97,201507
100,14,201507
101,143,201507
101,97,201507
101,77,201507
101,160,201507
101,339,201507
101,265,201507
101,137,201507
101,346,201507
101,136,201507
101,341,201507
101,1250,201507
101,32,201507
101,266,201507
101,25,201507
101,99,201507
101,46,201507
101,6,201507
101,29,201507
101,26,201507
101,18,201507
101,19,201507
101,48,201507
101,64,201507
101,375,201507
102,52,201507
102,138,201507
102,14,201507
102,117,201507
102,126,201507
102,297,201507
102,32,201507
102,62,201507
102,349,201507
102,142,201507
102,77,201507
102,31,201507
102,89,201507
102,81,201507
102,97,201507
102,21,201507
102,40,201507
102,20,201507
102,120,201507
102,11,201507
102,92,201507
102,101,201507
102,35,201507
102,9,201507
102,143,201507
102,64,201507
102,100,201507
102,27,201507
102,10,201507
102,46,201507
102,160,201507
102,54,201507
102,178,201507
102,29,201507
102,85,201507
102,1904,201507
102,96,201507
102,28,201507
102,6,201507
102,139,201507
102,136,201507
102,99,201507
102,19,201507
102,48,201507
102,108,201507
102,60,201507
102,135,201507
103,150,201507
103,1227,201507
103,10,201507
104,34,201507
104,143,201507
104,160,201507
104,885,201507
104,346,201507
104,29,201507
104,341,201507
104,136,201507
104,17,201507
104,1250,201507
104,10,201507
104,375,201507
104,97,201507
104,1227,201507
104,266,201507
104,137,201507
105,11,201507
105,18,201507
105,5,201507
105,10,201507
105,17,201507
105,1227,201507
105,136,201507
106,57,201507
106,58,201507
106,97,201507
106,46,201507
107,132,201507
107,501,201507
107,23,201507
107,143,201507
107,133,201507
107,60,201507
107,150,201507
107,160,201507
107,5,201507
107,85,201507
107,53,201507
107,89,201507
107,102,201507
107,139,201507
107,181,201507
107,7,201507
107,75,201507
107,14,201507
107,108,201507
107,81,201507
107,12,201507
107,136,201507
107,13,201507
107,22,201507
107,51,201507
107,99,201507
107,750,201507
107,77,201507
107,18,201507
107,112,201507
107,113,201507
107,4,201507
107,27,201507
107,154,201507
107,40,201507
107,29,201507
107,96,201507
107,274,201507
107,116,201507
107,10,201507
107,92,201507
107,32,201507
107,31,201507
107,25,201507
107,1,201507
107,17,201507
107,59,201507
107,20,201507
107,135,201507
107,28,201507
107,11,201507
107,137,201507
108,60,201507
108,133,201507
108,6,201507
108,51,201507
108,107,201507
108,22,201507
108,97,201507
108,77,201507
108,160,201507
108,35,201507
108,85,201507
108,99,201507
108,137,201507
108,48,201507
108,169,201507
108,26,201507
108,0,201507
108,19,201507
108,139,201507
108,2,201507
108,129,201507
108,21,201507
108,45,201507
108,9,201507
108,36,201507
108,136,201507
108,4,201507
108,156,201507
108,89,201507
108,146,201507
108,80,201507
108,18,201507
108,20,201507
108,52,201507
108,28,201507
108,142,201507
108,40,201507
108,13,201507
108,11,201507
108,27,201507
108,149,201507
108,59,201507
108,25,201507
108,154,201507
108,10,201507
108,134,201507
108,17,201507
108,341,201507
108,1,201507
108,14,201507
108,23,201507
108,32,201507
108,112,201507
108,5,201507
108,38,201507
108,12,201507
108,83,201507
108,181,201507
108,197,201507
108,16,201507
108,96,201507
108,1366,201507
108,41,201507
108,100,201507
108,769,201507
108,285,201507
108,208,201507
108,29,201507
108,24,201507
108,117,201507
108,155,201507
108,178,201507
108,180,201507
108,75,201507
108,143,201507
108,54,201507
108,81,201507
108,102,201507
108,119,201507
108,274,201507
108,92,201507
108,31,201507
108,64,201507
108,135,201507
108,46,201507
109,110,201507
109,427,201507
109,4,201507
109,306,201507
109,127,201507
109,128,201507
109,864,201507
109,840,201507
109,913,201507
109,633,201507
109,1539,201507
109,629,201507
109,593,201507
109,628,201507
109,677,201507
109,592,201507
109,846,201507
109,723,201507
109,729,201507
109,676,201507
109,305,201507
109,724,201507
109,97,201507
110,247,201507
110,77,201507
110,23,201507
110,138,201507
110,143,201507
110,232,201507
110,424,201507
110,109,201507
110,427,201507
110,351,201507
110,352,201507
110,4,201507
110,127,201507
110,525,201507
110,476,201507
110,252,201507
110,230,201507
110,596,201507
110,319,201507
110,478,201507
110,305,201507
110,635,201507
110,597,201507
110,255,201507
110,572,201507
110,465,201507
110,225,201507
110,589,201507
110,594,201507
110,599,201507
110,636,201507
110,590,201507
110,256,201507
110,253,201507
110,600,201507
110,527,201507
110,601,201507
110,231,201507
110,257,201507
110,603,201507
110,575,201507
110,661,201507
110,659,201507
110,643,201507
110,638,201507
110,639,201507
110,644,201507
110,640,201507
110,573,201507
110,641,201507
110,604,201507
110,576,201507
110,607,201507
110,670,201507
110,226,201507
110,606,201507
110,586,201507
110,574,201507
110,235,201507
110,880,201507
110,693,201507
110,477,201507
110,425,201507
110,571,201507
110,35,201507
110,128,201507
110,633,201507
110,185,201507
110,190,201507
110,186,201507
110,290,201507
110,808,201507
110,196,201507
110,229,201507
110,694,201507
110,201,201507
110,474,201507
110,31,201507
110,45,201507
110,146,201507
110,58,201507
110,59,201507
110,17,201507
110,281,201507
110,29,201507
110,207,201507
110,236,201507
110,87,201507
110,627,201507
110,160,201507
110,5,201507
110,51,201507
110,651,201507
110,200,201507
110,472,201507
110,560,201507
110,448,201507
110,469,201507
110,273,201507
110,634,201507
110,366,201507
110,587,201507
110,591,201507
110,378,201507
110,470,201507
110,660,201507
110,263,201507
110,239,201507
110,658,201507
110,506,201507
110,471,201507
110,532,201507
110,679,201507
110,554,201507
110,254,201507
110,605,201507
110,260,201507
110,707,201507
110,947,201507
110,556,201507
110,830,201507
110,696,201507
110,306,201507
110,684,201507
110,1222,201507
110,667,201507
110,997,201507
110,1183,201507
110,665,201507
110,1168,201507
110,886,201507
110,847,201507
110,630,201507
110,14,201507
110,538,201507
110,526,201507
110,1134,201507
110,841,201507
110,920,201507
110,240,201507
110,265,201507
110,914,201507
110,191,201507
110,13,201507
110,25,201507
110,6,201507
110,89,201507
110,121,201507
110,1,201507
110,18,201507
110,20,201507
110,11,201507
110,137,201507
110,97,201507
110,136,201507
111,61,201507
111,53,201507
111,131,201507
111,18,201507
111,25,201507
111,29,201507
111,10,201507
111,97,201507
111,1227,201507
111,136,201507
111,11,201507
111,137,201507
112,107,201507
112,143,201507
112,189,201507
112,931,201507
112,16,201507
112,77,201507
112,160,201507
112,97,201507
112,85,201507
112,17,201507
112,26,201507
112,51,201507
112,4,201507
112,96,201507
112,108,201507
112,165,201507
112,38,201507
112,64,201507
112,81,201507
112,12,201507
112,48,201507
112,27,201507
112,60,201507
112,13,201507
112,40,201507
112,133,201507
112,32,201507
112,2,201507
112,80,201507
112,54,201507
112,18,201507
112,154,201507
112,0,201507
112,29,201507
112,25,201507
112,183,201507
112,11,201507
112,9,201507
112,100,201507
112,1,201507
112,14,201507
112,22,201507
112,31,201507
112,92,201507
112,136,201507
112,243,201507
112,8,201507
112,59,201507
112,274,201507
112,135,201507
112,7,201507
112,89,201507
112,23,201507
112,137,201507
112,113,201507
112,28,201507
112,10,201507
113,143,201507
113,133,201507
113,160,201507
113,79,201507
113,96,201507
113,85,201507
113,16,201507
113,53,201507
113,69,201507
113,10,201507
113,17,201507
113,35,201507
113,1,201507
113,83,201507
113,28,201507
113,112,201507
113,18,201507
113,13,201507
113,139,201507
113,268,201507
113,4,201507
113,1366,201507
113,102,201507
113,154,201507
113,72,201507
113,9,201507
113,149,201507
113,97,201507
113,77,201507
113,26,201507
113,25,201507
113,0,201507
113,40,201507
113,99,201507
113,14,201507
113,137,201507
113,183,201507
113,81,201507
113,60,201507
113,136,201507
113,64,201507
113,48,201507
113,51,201507
113,100,201507
113,108,201507
113,27,201507
113,19,201507
113,165,201507
113,6,201507
113,31,201507
113,11,201507
113,107,201507
113,135,201507
113,92,201507
113,274,201507
113,20,201507
113,29,201507
113,21,201507
113,5,201507
114,134,201507
114,508,201507
114,64,201507
114,25,201507
114,931,201507
114,0,201507
114,26,201507
114,4,201507
114,1003,201507
114,488,201507
114,1418,201507
114,32,201507
114,497,201507
114,99,201507
114,375,201507
114,266,201507
114,19,201507
114,29,201507
115,165,201507
115,220,201507
115,96,201507
115,552,201507
115,149,201507
115,160,201507
115,5,201507
115,204,201507
115,124,201507
115,97,201507
115,19,201507
115,116,201507
115,757,201507
115,2,201507
115,0,201507
115,47,201507
115,1,201507
115,135,201507
115,346,201507
115,21,201507
115,92,201507
115,137,201507
115,85,201507
115,136,201507
115,10,201507
115,25,201507
115,274,201507
116,136,201507
116,1,201507
116,51,201507
116,47,201507
116,85,201507
116,69,201507
116,346,201507
116,0,201507
116,137,201507
116,165,201507
116,25,201507
116,107,201507
116,26,201507
116,1169,201507
116,92,201507
116,2,201507
116,10,201507
116,274,201507
117,297,201507
117,332,201507
117,63,201507
117,76,201507
117,338,201507
117,120,201507
117,205,201507
117,136,201507
117,146,201507
117,52,201507
117,13,201507
117,206,201507
117,181,201507
117,160,201507
117,142,201507
117,77,201507
117,1414,201507
117,17,201507
117,38,201507
117,102,201507
117,139,201507
117,97,201507
117,46,201507
117,140,201507
117,10,201507
117,27,201507
117,40,201507
117,31,201507
117,274,201507
117,143,201507
117,81,201507
117,32,201507
117,6,201507
117,178,201507
117,26,201507
117,51,201507
117,59,201507
117,64,201507
117,29,201507
117,92,201507
117,19,201507
117,99,201507
117,108,201507
117,18,201507
117,60,201507
117,135,201507
117,14,201507
118,157,201507
118,143,201507
118,160,201507
118,346,201507
118,25,201507
118,137,201507
118,136,201507
118,97,201507
119,138,201507
119,143,201507
119,181,201507
119,136,201507
119,160,201507
119,165,201507
119,16,201507
119,139,201507
119,97,201507
119,92,201507
119,85,201507
119,154,201507
119,2,201507
119,274,201507
119,40,201507
119,28,201507
119,100,201507
119,135,201507
119,19,201507
119,48,201507
119,36,201507
119,108,201507
119,60,201507
119,14,201507
120,64,201507
120,38,201507
120,19,201507
120,143,201507
120,77,201507
120,192,201507
120,24,201507
120,6,201507
120,281,201507
120,160,201507
120,54,201507
120,136,201507
120,26,201507
120,40,201507
120,83,201507
120,338,201507
120,205,201507
120,165,201507
120,180,201507
120,117,201507
120,14,201507
120,27,201507
120,23,201507
120,45,201507
120,17,201507
120,129,201507
120,0,201507
120,4,201507
120,99,201507
120,342,201507
120,100,201507
120,36,201507
120,72,201507
120,107,201507
120,76,201507
120,96,201507
120,31,201507
120,16,201507
120,135,201507
120,21,201507
120,178,201507
120,154,201507
120,29,201507
120,10,201507
120,146,201507
120,46,201507
120,25,201507
120,375,201507
120,35,201507
120,18,201507
120,29,201507
120,64,201507
120,19,201507
120,48,201507
120,60,201507
120,59,201507
120,6,201507
120,26,201507
120,13,201507
120,32,201507
120,46,201507
120,97,201507
120,137,201507
121,143,201507
121,160,201507
121,17,201507
121,60,201507
121,85,201507
121,12,201507
121,130,201507
121,22,201507
121,132,201507
121,96,201507
121,274,201507
121,25,201507
121,92,201507
121,427,201507
121,346,201507
121,13,201507
121,110,201507
121,11,201507
121,21,201507
121,59,201507
121,5,201507
121,1,201507
121,20,201507
121,4,201507
121,51,201507
121,10,201507
122,762,201507
122,234,201507
122,18,201507
122,346,201507
122,1169,201507
122,137,201507
122,29,201507
122,10,201507
122,266,201507
122,1227,201507
122,136,201507
123,122,201507
123,234,201507
123,738,201507
123,18,201507
123,346,201507
123,1169,201507
123,136,201507
123,1227,201507
123,10,201507
124,165,201507
124,143,201507
124,188,201507
124,160,201507
124,142,201507
124,45,201507
124,48,201507
124,99,201507
124,93,201507
124,346,201507
124,216,201507
124,21,201507
124,31,201507
124,85,201507
124,141,201507
124,102,201507
124,341,201507
124,60,201507
124,112,201507
124,154,201507
124,2,201507
124,92,201507
124,137,201507
124,32,201507
124,29,201507
124,17,201507
124,266,201507
124,25,201507
124,135,201507
124,14,201507
124,136,201507
124,1,201507
124,10,201507
124,46,201507
124,274,201507
124,97,201507
125,274,201507
125,346,201507
125,29,201507
125,18,201507
125,136,201507
125,97,201507
126,142,201507
126,155,201507
126,19,201507
126,140,201507
126,143,201507
126,297,201507
126,180,201507
126,332,201507
126,192,201507
126,117,201507
126,55,201507
126,6,201507
126,176,201507
126,160,201507
126,815,201507
126,208,201507
126,52,201507
126,102,201507
126,63,201507
126,76,201507
126,25,201507
126,108,201507
126,26,201507
126,46,201507
126,178,201507
126,99,201507
126,32,201507
126,29,201507
126,64,201507
126,59,201507
126,13,201507
126,320,201507
126,48,201507
126,375,201507
126,60,201507
126,18,201507
126,97,201507
127,110,201507
127,109,201507
127,4,201507
127,427,201507
127,306,201507
127,128,201507
127,729,201507
128,110,201507
128,109,201507
128,306,201507
128,427,201507
128,4,201507
129,97,201507
129,100,201507
129,60,201507
129,143,201507
129,194,201507
129,160,201507
129,172,201507
129,173,201507
129,35,201507
129,146,201507
129,17,201507
129,48,201507
129,10,201507
129,26,201507
129,51,201507
129,19,201507
129,20,201507
129,4,201507
129,31,201507
129,136,201507
129,75,201507
129,13,201507
129,142,201507
129,27,201507
129,1129,201507
129,1,201507
129,89,201507
129,28,201507
129,274,201507
129,14,201507
129,96,201507
129,1075,201507
129,52,201507
129,32,201507
129,284,201507
129,2,201507
129,16,201507
129,92,201507
129,135,201507
129,139,201507
129,64,201507
129,99,201507
129,29,201507
129,108,201507
129,6,201507
129,59,201507
129,25,201507
129,137,201507
129,46,201507
130,96,201507
130,299,201507
130,12,201507
130,30,201507
130,111,201507
130,1,201507
130,136,201507
130,137,201507
131,43,201507
131,269,201507
131,44,201507
131,77,201507
131,160,201507
131,35,201507
131,52,201507
131,20,201507
131,97,201507
131,0,201507
131,18,201507
131,32,201507
131,9,201507
131,346,201507
131,136,201507
131,107,201507
131,6,201507
131,137,201507
131,29,201507
131,11,201507
131,99,201507
131,26,201507
132,30,201507
132,15,201507
132,69,201507
132,501,201507
132,18,201507
132,5,201507
132,23,201507
132,19,201507
132,143,201507
132,112,201507
132,133,201507
132,160,201507
132,45,201507
132,46,201507
132,86,201507
132,16,201507
132,64,201507
132,176,201507
132,0,201507
132,7,201507
132,51,201507
132,206,201507
132,17,201507
132,4,201507
132,102,201507
132,139,201507
132,58,201507
132,83,201507
132,32,201507
132,77,201507
132,10,201507
132,155,201507
132,76,201507
132,13,201507
132,81,201507
132,121,201507
132,189,201507
132,99,201507
132,20,201507
132,136,201507
132,25,201507
132,53,201507
132,29,201507
132,346,201507
132,6,201507
132,1250,201507
132,26,201507
132,375,201507
132,266,201507
132,137,201507
132,135,201507
132,1,201507
132,97,201507
133,132,201507
133,143,201507
133,395,201507
133,10,201507
133,17,201507
133,501,201507
133,950,201507
133,189,201507
133,11,201507
133,113,201507
133,819,201507
133,1336,201507
133,77,201507
133,160,201507
133,16,201507
133,60,201507
133,96,201507
133,51,201507
133,268,201507
133,1335,201507
133,53,201507
133,26,201507
133,120,201507
133,376,201507
133,303,201507
133,20,201507
133,99,201507
133,27,201507
133,14,201507
133,223,201507
133,870,201507
133,349,201507
133,28,201507
133,1197,201507
133,22,201507
133,112,201507
133,124,201507
133,69,201507
133,12,201507
133,142,201507
133,32,201507
133,183,201507
133,108,201507
133,135,201507
133,493,201507
133,346,201507
133,2,201507
133,4,201507
133,9,201507
133,154,201507
133,72,201507
133,817,201507
133,1,201507
133,136,201507
133,59,201507
133,21,201507
133,5,201507
134,114,201507
134,55,201507
134,160,201507
134,289,201507
134,77,201507
134,18,201507
134,83,201507
134,349,201507
134,40,201507
134,85,201507
134,1699,201507
134,208,201507
134,297,201507
134,21,201507
134,124,201507
134,142,201507
134,31,201507
134,38,201507
134,13,201507
134,10,201507
134,27,201507
134,2,201507
134,100,201507
134,178,201507
134,108,201507
134,64,201507
134,48,201507
134,32,201507
134,26,201507
134,46,201507
134,99,201507
134,274,201507
134,135,201507
134,29,201507
134,6,201507
134,19,201507
134,59,201507
134,97,201507
134,14,201507
135,31,201507
135,1410,201507
135,1584,201507
135,36,201507
135,119,201507
135,1147,201507
135,18,201507
135,1144,201507
135,1088,201507
135,154,201507
135,75,201507
135,346,201507
135,64,201507
135,122,201507
135,32,201507
135,133,201507
135,1258,201507
135,146,201507
135,165,201507
135,134,201507
135,782,201507
135,1366,201507
135,129,201507
135,1180,201507
135,156,201507
135,11,201507
135,124,201507
135,9,201507
135,100,201507
135,72,201507
135,23,201507
135,183,201507
135,69,201507
135,113,201507
135,107,201507
135,112,201507
135,34,201507
135,132,201507
135,57,201507
135,160,201507
135,45,201507
135,80,201507
135,46,201507
135,117,201507
135,22,201507
135,21,201507
135,180,201507
135,38,201507
135,139,201507
135,96,201507
135,2,201507
135,0,201507
135,52,201507
135,155,201507
135,102,201507
135,20,201507
135,51,201507
135,143,201507
135,85,201507
135,142,201507
135,83,201507
135,40,201507
135,48,201507
135,5,201507
135,16,201507
135,6,201507
135,81,201507
135,28,201507
135,108,201507
135,12,201507
135,4,201507
135,19,201507
135,97,201507
135,99,201507
135,13,201507
135,274,201507
135,26,201507
135,92,201507
135,27,201507
135,14,201507
135,17,201507
135,1,201507
135,10,201507
135,60,201507
135,136,201507
136,30,201507
136,133,201507
136,5,201507
136,23,201507
136,107,201507
136,143,201507
136,11,201507
136,146,201507
136,20,201507
136,552,201507
136,137,201507
136,32,201507
136,77,201507
136,339,201507
136,160,201507
136,29,201507
136,1,201507
136,52,201507
136,213,201507
136,139,201507
136,17,201507
136,10,201507
136,16,201507
136,31,201507
136,166,201507
136,36,201507
136,117,201507
136,80,201507
136,35,201507
136,13,201507
136,129,201507
136,124,201507
136,83,201507
136,804,201507
136,34,201507
136,54,201507
136,891,201507
136,950,201507
136,968,201507
136,25,201507
136,131,201507
136,18,201507
136,101,201507
136,81,201507
136,118,201507
136,125,201507
136,60,201507
136,163,201507
136,27,201507
136,97,201507
136,28,201507
136,154,201507
136,69,201507
136,1227,201507
136,1366,201507
136,9,201507
136,4,201507
136,12,201507
136,115,201507
136,121,201507
136,982,201507
136,941,201507
136,164,201507
136,153,201507
136,15,201507
136,111,201507
136,113,201507
136,346,201507
136,981,201507
136,51,201507
136,361,201507
136,70,201507
136,299,201507
136,834,201507
136,96,201507
136,165,201507
136,183,201507
136,26,201507
136,358,201507
136,85,201507
136,99,201507
136,84,201507
136,537,201507
136,132,201507
136,123,201507
136,492,201507
136,0,201507
136,104,201507
136,61,201507
136,221,201507
136,415,201507
136,741,201507
136,738,201507
136,155,201507
136,502,201507
136,102,201507
136,862,201507
136,8,201507
136,908,201507
136,147,201507
136,72,201507
136,480,201507
136,7,201507
136,909,201507
136,22,201507
136,169,201507
136,24,201507
136,53,201507
136,307,201507
136,58,201507
136,21,201507
136,544,201507
136,359,201507
136,88,201507
136,270,201507
136,180,201507
136,268,201507
136,112,201507
136,86,201507
136,188,201507
136,372,201507
136,762,201507
136,122,201507
136,67,201507
136,371,201507
136,211,201507
136,71,201507
136,781,201507
136,116,201507
136,76,201507
136,130,201507
136,330,201507
136,189,201507
136,214,201507
136,184,201507
136,33,201507
136,177,201507
136,105,201507
136,149,201507
136,75,201507
136,48,201507
136,181,201507
136,59,201507
136,303,201507
136,100,201507
136,108,201507
136,265,201507
136,223,201507
136,150,201507
136,40,201507
136,19,201507
136,110,201507
136,6,201507
136,89,201507
136,14,201507
136,2,201507
136,64,201507
136,274,201507
136,92,201507
136,46,201507
136,135,201507
137,96,201507
137,13,201507
137,39,201507
137,6,201507
137,69,201507
137,281,201507
137,60,201507
137,23,201507
137,51,201507
137,138,201507
137,143,201507
137,112,201507
137,146,201507
137,77,201507
137,160,201507
137,534,201507
137,97,201507
137,960,201507
137,341,201507
137,495,201507
137,279,201507
137,59,201507
137,344,201507
137,35,201507
137,322,201507
137,1329,201507
137,4,201507
137,85,201507
137,18,201507
137,9,201507
137,19,201507
137,108,201507
137,25,201507
137,169,201507
137,26,201507
137,24,201507
137,30,201507
137,99,201507
137,8,201507
137,11,201507
137,72,201507
137,181,201507
137,55,201507
137,40,201507
137,80,201507
137,2224,201507
137,115,201507
137,544,201507
137,42,201507
137,2,201507
137,98,201507
137,220,201507
137,29,201507
137,21,201507
137,149,201507
137,244,201507
137,327,201507
137,116,201507
137,483,201507
137,129,201507
137,355,201507
137,1147,201507
137,136,201507
137,135,201507
137,32,201507
137,510,201507
137,346,201507
137,28,201507
137,340,201507
137,17,201507
137,801,201507
137,820,201507
137,371,201507
137,0,201507
137,388,201507
137,757,201507
137,76,201507
137,871,201507
137,131,201507
137,671,201507
137,118,201507
137,339,201507
137,326,201507
137,58,201507
137,393,201507
137,15,201507
137,159,201507
137,156,201507
137,193,201507
137,122,201507
137,124,201507
137,198,201507
137,265,201507
137,950,201507
137,250,201507
137,34,201507
137,78,201507
137,540,201507
137,1190,201507
137,303,201507
137,54,201507
137,320,201507
137,728,201507
137,57,201507
137,53,201507
137,335,201507
137,267,201507
137,588,201507
137,269,201507
137,47,201507
137,314,201507
137,41,201507
137,62,201507
137,111,201507
137,224,201507
137,64,201507
137,157,201507
137,204,201507
137,752,201507
137,1,201507
137,12,201507
137,27,201507
137,216,201507
137,20,201507
137,152,201507
137,132,201507
137,213,201507
137,163,201507
137,16,201507
137,61,201507
137,70,201507
137,65,201507
137,161,201507
137,45,201507
137,130,201507
137,71,201507
137,14,201507
137,390,201507
137,333,201507
137,104,201507
137,5,201507
137,309,201507
137,110,201507
137,336,201507
137,92,201507
137,101,201507
137,38,201507
137,150,201507
137,36,201507
137,52,201507
137,188,201507
137,48,201507
137,165,201507
137,7,201507
137,120,201507
137,139,201507
137,107,201507
137,89,201507
137,10,201507
137,100,201507
137,81,201507
137,83,201507
137,22,201507
137,154,201507
137,31,201507
137,113,201507
137,46,201507
138,110,201507
138,52,201507
138,247,201507
138,14,201507
138,136,201507
138,137,201507
138,32,201507
138,25,201507
138,59,201507
138,18,201507
138,23,201507
138,1,201507
138,159,201507
138,143,201507
138,29,201507
138,83,201507
138,120,201507
138,346,201507
138,10,201507
138,375,201507
138,1250,201507
138,266,201507
138,1227,201507
139,58,201507
139,36,201507
139,143,201507
139,160,201507
139,35,201507
139,13,201507
139,16,201507
139,136,201507
139,48,201507
139,60,201507
139,0,201507
139,20,201507
139,112,201507
139,110,201507
139,113,201507
139,80,201507
139,107,201507
139,4,201507
139,102,201507
139,39,201507
139,181,201507
139,17,201507
139,274,201507
139,12,201507
139,83,201507
139,18,201507
139,156,201507
139,25,201507
139,1,201507
139,77,201507
139,2,201507
139,38,201507
139,31,201507
139,32,201507
139,144,201507
139,19,201507
139,85,201507
139,6,201507
139,81,201507
139,146,201507
139,92,201507
139,26,201507
139,27,201507
139,769,201507
139,129,201507
139,285,201507
139,99,201507
139,29,201507
139,154,201507
139,40,201507
139,178,201507
139,208,201507
139,59,201507
139,14,201507
139,97,201507
139,135,201507
139,137,201507
139,46,201507
140,76,201507
140,143,201507
140,142,201507
140,63,201507
140,6,201507
140,38,201507
140,117,201507
140,205,201507
140,77,201507
140,160,201507
140,57,201507
140,64,201507
140,29,201507
140,341,201507
140,266,201507
140,26,201507
140,19,201507
140,375,201507
140,97,201507
140,46,201507
141,341,201507
141,375,201507
141,46,201507
141,266,201507
141,97,201507
142,19,201507
142,143,201507
142,126,201507
142,182,201507
142,52,201507
142,117,201507
142,205,201507
142,77,201507
142,381,201507
142,160,201507
142,1194,201507
142,180,201507
142,85,201507
142,14,201507
142,6,201507
142,108,201507
142,114,201507
142,97,201507
142,320,201507
142,38,201507
142,1,201507
142,36,201507
142,32,201507
142,25,201507
142,20,201507
142,18,201507
142,154,201507
142,137,201507
142,17,201507
142,59,201507
142,64,201507
142,83,201507
142,0,201507
142,1366,201507
142,13,201507
142,176,201507
142,29,201507
142,5,201507
142,28,201507
142,208,201507
142,183,201507
142,129,201507
142,1147,201507
142,26,201507
142,27,201507
142,178,201507
142,46,201507
142,51,201507
142,11,201507
142,136,201507
142,99,201507
142,60,201507
142,48,201507
142,10,201507
142,135,201507
143,96,201507
143,455,201507
143,110,201507
143,97,201507
143,85,201507
143,52,201507
143,247,201507
143,80,201507
143,30,201507
143,13,201507
143,142,201507
143,133,201507
143,14,201507
143,39,201507
143,15,201507
143,16,201507
143,46,201507
143,136,201507
143,137,201507
143,132,201507
143,32,201507
143,6,201507
143,48,201507
143,61,201507
143,62,201507
143,76,201507
143,57,201507
143,89,201507
143,64,201507
143,25,201507
143,34,201507
143,157,201507
143,100,201507
143,59,201507
143,170,201507
143,10,201507
143,17,201507
143,115,201507
143,281,201507
143,118,201507
143,121,201507
143,124,201507
143,27,201507
143,60,201507
143,176,201507
143,160,201507
143,161,201507
143,501,201507
143,155,201507
143,35,201507
143,54,201507
143,18,201507
143,0,201507
143,5,201507
143,9,201507
143,12,201507
143,23,201507
143,29,201507
143,36,201507
143,51,201507
143,19,201507
143,1,201507
143,159,201507
143,375,201507
143,40,201507
143,83,201507
143,138,201507
143,120,201507
143,107,201507
143,139,201507
143,28,201507
143,2,201507
143,104,201507
143,188,201507
143,112,201507
143,129,201507
143,11,201507
143,113,201507
143,154,201507
143,195,201507
143,126,201507
143,72,201507
143,101,201507
143,95,201507
143,119,201507
143,419,201507
143,384,201507
143,99,201507
143,181,201507
143,58,201507
143,81,201507
143,156,201507
143,1366,201507
143,346,201507
143,65,201507
143,77,201507
143,178,201507
143,180,201507
143,31,201507
143,102,201507
143,26,201507
143,108,201507
143,135,201507
144,61,201507
144,160,201507
144,346,201507
144,18,201507
144,97,201507
144,29,201507
145,82,201507
145,1169,201507
145,18,201507
145,29,201507
146,97,201507
146,31,201507
146,13,201507
146,136,201507
146,165,201507
146,17,201507
146,160,201507
146,35,201507
146,29,201507
146,204,201507
146,11,201507
146,393,201507
146,110,201507
146,247,201507
146,14,201507
146,137,201507
146,6,201507
146,48,201507
146,76,201507
146,433,201507
146,27,201507
146,54,201507
146,19,201507
146,1,201507
146,1045,201507
146,117,201507
146,20,201507
146,245,201507
146,175,201507
146,59,201507
146,154,201507
146,143,201507
146,89,201507
146,129,201507
146,93,201507
146,25,201507
146,60,201507
146,83,201507
146,1227,201507
146,46,201507
146,134,201507
146,126,201507
146,77,201507
146,120,201507
146,78,201507
146,142,201507
146,156,201507
146,64,201507
146,24,201507
146,108,201507
146,26,201507
146,1144,201507
146,99,201507
146,32,201507
146,178,201507
146,341,201507
146,1194,201507
146,0,201507
146,139,201507
146,1258,201507
146,18,201507
146,181,201507
146,135,201507
146,1130,201507
146,544,201507
146,40,201507
146,52,201507
146,85,201507
146,100,201507
146,10,201507
146,320,201507
146,375,201507
146,4,201507
146,1250,201507
146,266,201507
147,221,201507
147,183,201507
147,330,201507
147,153,201507
147,160,201507
147,372,201507
147,18,201507
147,346,201507
147,136,201507
147,10,201507
147,11,201507
149,115,201507
149,16,201507
149,154,201507
149,480,201507
149,155,201507
149,359,201507
149,124,201507
149,108,201507
149,197,201507
149,67,201507
149,274,201507
149,2,201507
149,137,201507
149,27,201507
149,47,201507
149,346,201507
149,0,201507
149,1,201507
149,25,201507
149,85,201507
149,136,201507
149,10,201507
149,92,201507
150,23,201507
150,107,201507
150,59,201507
150,346,201507
150,22,201507
150,26,201507
150,51,201507
150,1,201507
150,28,201507
150,11,201507
150,20,201507
150,10,201507
150,136,201507
150,4,201507
150,17,201507
150,137,201507
151,178,201507
151,266,201507
151,1250,201507
151,375,201507
151,320,201507
152,39,201507
152,29,201507
152,137,201507
152,46,201507
152,97,201507
152,25,201507
153,147,201507
153,136,201507
153,9,201507
153,25,201507
154,143,201507
154,104,201507
154,146,201507
154,339,201507
154,27,201507
154,77,201507
154,160,201507
154,6,201507
154,60,201507
154,29,201507
154,137,201507
154,75,201507
154,10,201507
154,23,201507
154,52,201507
154,40,201507
154,156,201507
154,180,201507
154,0,201507
154,69,201507
154,31,201507
154,100,201507
154,133,201507
154,119,201507
154,134,201507
154,11,201507
154,32,201507
154,99,201507
154,165,201507
154,136,201507
154,5,201507
154,135,201507
154,1144,201507
154,176,201507
154,4,201507
154,64,201507
154,18,201507
154,178,201507
154,112,201507
154,341,201507
154,102,201507
154,120,201507
154,57,201507
154,503,201507
154,149,201507
154,25,201507
154,96,201507
154,251,201507
154,21,201507
154,296,201507
154,394,201507
154,1580,201507
154,113,201507
154,155,201507
154,1017,201507
154,888,201507
154,432,201507
154,16,201507
154,1482,201507
154,46,201507
154,522,201507
154,275,201507
154,51,201507
154,26,201507
154,20,201507
154,19,201507
154,181,201507
154,72,201507
154,9,201507
154,48,201507
154,85,201507
154,1366,201507
154,139,201507
154,54,201507
154,81,201507
154,28,201507
154,2,201507
154,35,201507
154,83,201507
154,108,201507
154,17,201507
154,12,201507
154,13,201507
154,1,201507
154,97,201507
154,92,201507
154,14,201507
154,274,201507
155,176,201507
155,19,201507
155,143,201507
155,297,201507
155,180,201507
155,182,201507
155,332,201507
155,14,201507
155,102,201507
155,142,201507
155,77,201507
155,160,201507
155,125,201507
155,165,201507
155,83,201507
155,100,201507
155,36,201507
155,85,201507
155,0,201507
155,133,201507
155,274,201507
155,54,201507
155,27,201507
155,1194,201507
155,92,201507
155,1,201507
155,178,201507
155,4,201507
155,38,201507
155,97,201507
155,26,201507
155,139,201507
155,48,201507
155,32,201507
155,31,201507
155,10,201507
155,99,201507
155,29,201507
155,136,201507
155,6,201507
155,46,201507
155,108,201507
155,60,201507
155,135,201507
156,455,201507
156,769,201507
156,46,201507
156,62,201507
156,47,201507
156,35,201507
156,45,201507
156,99,201507
156,13,201507
156,346,201507
156,48,201507
156,27,201507
156,2,201507
156,17,201507
156,154,201507
156,100,201507
156,135,201507
156,137,201507
156,60,201507
156,108,201507
156,29,201507
156,92,201507
156,25,201507
156,31,201507
156,97,201507
157,118,201507
157,143,201507
157,192,201507
157,24,201507
157,99,201507
157,97,201507
157,46,201507
157,29,201507
157,137,201507
157,25,201507
158,178,201507
158,341,201507
158,46,201507
158,97,201507
159,138,201507
159,143,201507
159,544,201507
159,29,201507
159,32,201507
159,137,201507
159,18,201507
159,25,201507
159,266,201507
159,1250,201507
159,1227,201507
159,375,201507
159,10,201507
159,97,201507
160,161,201507
160,19,201507
160,143,201507
160,146,201507
160,154,201507
160,79,201507
160,96,201507
160,552,201507
160,180,201507
160,110,201507
160,97,201507
160,43,201507
160,85,201507
160,52,201507
160,512,201507
160,80,201507
160,30,201507
160,269,201507
160,31,201507
160,183,201507
160,13,201507
160,194,201507
160,142,201507
160,133,201507
160,14,201507
160,39,201507
160,224,201507
160,45,201507
160,15,201507
160,16,201507
160,46,201507
160,53,201507
160,147,201507
160,63,201507
160,24,201507
160,136,201507
160,137,201507
160,233,201507
160,132,201507
160,32,201507
160,165,201507
160,198,201507
160,6,201507
160,48,201507
160,197,201507
160,61,201507
160,62,201507
160,69,201507
160,234,201507
160,181,201507
160,76,201507
160,57,201507
160,84,201507
160,89,201507
160,93,201507
160,58,201507
160,95,201507
160,64,201507
160,25,201507
160,34,201507
160,77,201507
160,100,201507
160,59,201507
160,10,201507
160,17,201507
160,115,201507
160,281,201507
160,118,201507
160,121,201507
160,339,201507
160,27,201507
160,60,201507
160,176,201507
160,155,201507
160,35,201507
160,54,201507
160,216,201507
160,131,201507
160,18,201507
160,0,201507
160,5,201507
160,9,201507
160,12,201507
160,23,201507
160,29,201507
160,38,201507
160,36,201507
160,51,201507
160,1,201507
160,40,201507
160,102,201507
160,134,201507
160,83,201507
160,120,201507
160,107,201507
160,140,201507
160,117,201507
160,144,201507
160,139,201507
160,28,201507
160,2,201507
160,78,201507
160,4,201507
160,20,201507
160,104,201507
160,188,201507
160,112,201507
160,129,201507
160,11,201507
160,21,201507
160,113,201507
160,195,201507
160,126,201507
160,41,201507
160,108,201507
160,72,201507
160,22,201507
160,101,201507
160,282,201507
160,318,201507
160,1291,201507
160,543,201507
160,346,201507
160,521,201507
160,885,201507
160,266,201507
160,99,201507
160,26,201507
160,135,201507
160,92,201507
160,274,201507
161,124,201507
161,143,201507
161,1332,201507
161,782,201507
161,17,201507
161,20,201507
161,97,201507
161,1227,201507
161,25,201507
161,266,201507
161,137,201507
161,10,201507
163,40,201507
163,96,201507
163,136,201507
163,18,201507
163,29,201507
163,10,201507
163,1227,201507
163,266,201507
163,375,201507
163,97,201507
163,32,201507
163,137,201507
164,84,201507
164,136,201507
164,29,201507
164,97,201507
164,17,201507
164,5,201507
164,20,201507
164,10,201507
164,1227,201507
164,51,201507
164,11,201507
164,4,201507
164,18,201507
165,96,201507
165,146,201507
165,530,201507
165,136,201507
165,77,201507
165,160,201507
165,23,201507
165,24,201507
165,282,201507
165,176,201507
165,874,201507
165,354,201507
165,93,201507
165,112,201507
165,12,201507
165,52,201507
165,72,201507
165,18,201507
165,107,201507
165,47,201507
165,149,201507
165,261,201507
165,6,201507
165,85,201507
165,155,201507
165,11,201507
165,54,201507
165,97,201507
165,26,201507
165,5,201507
165,14,201507
165,1366,201507
165,116,201507
165,346,201507
165,393,201507
165,60,201507
165,142,201507
165,115,201507
165,0,201507
165,99,201507
165,25,201507
165,1227,201507
165,28,201507
165,21,201507
165,17,201507
165,1,201507
165,29,201507
165,10,201507
165,2,201507
165,137,201507
165,92,201507
165,274,201507
166,85,201507
166,136,201507
166,137,201507
166,25,201507
166,1,201507
166,107,201507
166,20,201507
166,111,201507
167,160,201507
167,165,201507
167,25,201507
167,393,201507
167,97,201507
168,291,201507
168,203,201507
169,11,201507
169,221,201507
169,86,201507
169,166,201507
169,10,201507
169,26,201507
169,2,201507
169,20,201507
169,108,201507
169,181,201507
169,137,201507
169,64,201507
169,34,201507
169,6,201507
169,147,201507
169,29,201507
169,136,201507
169,17,201507
169,97,201507
169,25,201507
169,18,201507
170,281,201507
170,29,201507
170,32,201507
170,341,201507
170,18,201507
170,99,201507
171,32,201507
171,18,201507
171,29,201507
172,129,201507
172,173,201507
172,17,201507
172,113,201507
172,136,201507
172,1129,201507
172,78,201507
172,64,201507
172,25,201507
172,6,201507
172,19,201507
172,48,201507
172,59,201507
172,46,201507
172,97,201507
172,35,201507
173,129,201507
173,1129,201507
173,46,201507
173,97,201507
173,172,201507
173,35,201507
174,29,201507
175,146,201507
175,18,201507
175,165,201507
175,11,201507
175,341,201507
175,339,201507
175,1250,201507
175,266,201507
175,375,201507
175,29,201507
176,19,201507
176,143,201507
176,31,201507
176,6,201507
176,77,201507
176,387,201507
176,160,201507
176,24,201507
176,142,201507
176,99,201507
176,26,201507
176,178,201507
176,57,201507
176,32,201507
176,132,201507
176,29,201507
176,327,201507
176,97,201507
176,393,201507
176,13,201507
176,375,201507
176,46,201507
176,266,201507
176,64,201507
177,339,201507
177,69,201507
177,103,201507
177,1227,201507
177,20,201507
177,17,201507
177,51,201507
177,10,201507
177,11,201507
177,136,201507
177,18,201507
177,4,201507
178,76,201507
178,490,201507
178,25,201507
178,75,201507
178,38,201507
178,119,201507
178,267,201507
178,54,201507
178,45,201507
178,117,201507
178,146,201507
178,154,201507
178,158,201507
178,39,201507
178,155,201507
178,224,201507
178,77,201507
178,81,201507
178,342,201507
178,278,201507
178,266,201507
178,180,201507
178,134,201507
178,100,201507
178,74,201507
178,31,201507
178,120,201507
178,320,201507
178,102,201507
178,151,201507
178,56,201507
178,57,201507
178,143,201507
178,316,201507
178,18,201507
178,12,201507
178,83,201507
178,288,201507
178,46,201507
178,16,201507
178,142,201507
178,36,201507
178,126,201507
178,40,201507
178,463,201507
178,13,201507
178,32,201507
178,29,201507
178,108,201507
178,97,201507
178,139,201507
178,60,201507
178,48,201507
180,52,201507
180,126,201507
180,297,201507
180,182,201507
180,342,201507
180,57,201507
180,38,201507
180,102,201507
180,117,201507
180,6,201507
180,160,201507
180,766,201507
180,1744,201507
180,14,201507
180,99,201507
180,137,201507
180,64,201507
180,25,201507
180,17,201507
180,26,201507
180,1671,201507
180,110,201507
180,136,201507
180,89,201507
180,120,201507
180,140,201507
180,205,201507
180,20,201507
180,45,201507
180,134,201507
180,32,201507
180,124,201507
180,40,201507
180,208,201507
180,119,201507
180,31,201507
180,4,201507
180,46,201507
180,10,201507
180,36,201507
180,178,201507
180,97,201507
180,113,201507
180,51,201507
180,96,201507
180,29,201507
180,360,201507
180,889,201507
180,13,201507
180,92,201507
180,1,201507
180,19,201507
180,48,201507
180,108,201507
180,18,201507
180,60,201507
180,135,201507
181,546,201507
181,77,201507
181,160,201507
181,429,201507
181,270,201507
181,28,201507
181,6,201507
181,80,201507
181,51,201507
181,16,201507
181,9,201507
181,15,201507
181,48,201507
181,139,201507
181,46,201507
181,97,201507
181,40,201507
181,149,201507
181,45,201507
181,26,201507
181,31,201507
181,113,201507
181,18,201507
181,25,201507
181,274,201507
181,107,201507
181,29,201507
181,341,201507
181,27,201507
181,266,201507
181,60,201507
181,136,201507
181,83,201507
181,32,201507
181,146,201507
181,108,201507
181,1,201507
181,64,201507
181,10,201507
181,1227,201507
181,137,201507
181,154,201507
181,19,201507
181,375,201507
181,14,201507
182,297,201507
182,180,201507
182,142,201507
182,338,201507
182,155,201507
182,126,201507
182,79,201507
182,176,201507
182,1194,201507
182,26,201507
182,120,201507
182,46,201507
182,6,201507
182,32,201507
182,266,201507
182,97,201507
182,29,201507
182,19,201507
183,143,201507
183,11,201507
183,154,201507
183,147,201507
183,160,201507
183,166,201507
183,4,201507
183,20,201507
183,9,201507
183,107,201507
183,72,201507
183,6,201507
183,12,201507
183,18,201507
183,29,201507
183,25,201507
183,38,201507
183,32,201507
183,13,201507
183,60,201507
183,112,201507
183,16,201507
183,99,201507
183,77,201507
183,17,201507
183,51,201507
183,274,201507
183,81,201507
183,136,201507
183,133,201507
183,317,201507
183,28,201507
183,10,201507
183,21,201507
183,135,201507
183,69,201507
183,1,201507
183,5,201507
184,215,201507
184,51,201507
184,1227,201507
184,10,201507
184,17,201507
184,136,201507
184,11,201507
184,4,201507
184,20,201507
185,110,201507
185,186,201507
185,1226,201507
185,525,201507
185,947,201507
185,474,201507
185,200,201507
185,201,201507
185,232,201507
185,664,201507
185,997,201507
185,624,201507
185,1943,201507
185,1076,201507
185,597,201507
185,926,201507
185,1016,201507
185,696,201507
185,630,201507
185,1089,201507
185,656,201507
185,290,201507
185,601,201507
185,657,201507
185,937,201507
185,235,201507
185,922,201507
185,698,201507
185,1382,201507
185,305,201507
185,128,201507
185,1225,201507
185,697,201507
185,427,201507
185,1701,201507
186,110,201507
186,185,201507
186,474,201507
186,556,201507
186,235,201507
186,290,201507
186,620,201507
186,947,201507
186,997,201507
186,257,201507
186,665,201507
186,1016,201507
186,597,201507
186,561,201507
186,664,201507
186,558,201507
186,127,201507
186,847,201507
186,559,201507
186,555,201507
186,473,201507
186,306,201507
186,232,201507
186,560,201507
188,160,201507
188,143,201507
188,552,201507
188,137,201507
188,25,201507
188,115,201507
188,0,201507
188,14,201507
188,136,201507
188,10,201507
188,266,201507
188,97,201507
189,133,201507
189,112,201507
189,23,201507
189,20,201507
189,11,201507
189,836,201507
189,823,201507
189,261,201507
189,1,201507
189,51,201507
189,136,201507
189,4,201507
189,17,201507
190,235,201507
190,110,201507
190,1183,201507
190,696,201507
190,920,201507
190,897,201507
191,110,201507
192,6,201507
192,38,201507
192,205,201507
192,63,201507
192,102,201507
192,26,201507
192,97,201507
192,46,201507
192,64,201507
192,19,201507
192,29,201507
193,137,201507
193,29,201507
194,160,201507
194,60,201507
194,1,201507
194,28,201507
194,48,201507
194,6,201507
194,59,201507
195,60,201507
195,143,201507
195,160,201507
195,64,201507
195,1929,201507
195,375,201507
195,48,201507
195,19,201507
195,32,201507
196,489,201507
196,476,201507
196,448,201507
196,230,201507
196,469,201507
196,232,201507
196,424,201507
196,225,201507
196,378,201507
196,470,201507
196,475,201507
196,506,201507
196,471,201507
196,477,201507
196,472,201507
196,425,201507
196,364,201507
196,365,201507
196,838,201507
196,110,201507
196,478,201507
196,447,201507
196,366,201507
196,412,201507
196,1277,201507
196,551,201507
196,852,201507
196,409,201507
196,229,201507
196,547,201507
196,705,201507
196,451,201507
196,525,201507
196,252,201507
196,596,201507
196,236,201507
196,587,201507
196,627,201507
196,599,201507
196,636,201507
196,256,201507
196,600,201507
196,231,201507
196,603,201507
196,351,201507
196,352,201507
196,643,201507
196,573,201507
196,605,201507
196,886,201507
196,622,201507
196,1227,201507
196,400,201507
196,535,201507
196,578,201507
196,1089,201507
196,479,201507
196,538,201507
196,367,201507
196,667,201507
196,504,201507
196,595,201507
196,640,201507
196,678,201507
196,528,201507
196,681,201507
196,1132,201507
196,377,201507
196,526,201507
196,594,201507
196,1654,201507
196,402,201507
196,1134,201507
196,1252,201507
196,363,201507
196,127,201507
196,427,201507
196,101,201507
196,70,201507
196,109,201507
196,29,201507
196,4,201507
196,18,201507
197,545,201507
197,31,201507
197,1208,201507
197,77,201507
197,160,201507
197,101,201507
197,58,201507
197,5,201507
197,92,201507
197,0,201507
197,18,201507
197,136,201507
197,133,201507
197,108,201507
197,29,201507
197,60,201507
197,10,201507
197,14,201507
197,97,201507
198,32,201507
198,137,201507
198,97,201507
198,29,201507
198,46,201507
200,110,201507
200,947,201507
200,698,201507
200,657,201507
200,185,201507
201,110,201507
201,190,201507
201,235,201507
201,290,201507
201,808,201507
203,291,201507
203,87,201507
203,168,201507
204,115,201507
204,137,201507
205,52,201507
205,63,201507
205,342,201507
205,76,201507
205,38,201507
205,126,201507
205,176,201507
205,40,201507
205,79,201507
205,6,201507
205,97,201507
205,19,201507
205,64,201507
205,29,201507
205,32,201507
206,117,201507
206,32,201507
206,375,201507
206,19,201507
206,29,201507
206,266,201507
207,39,201507
207,45,201507
207,1044,201507
207,1331,201507
207,247,201507
208,1922,201507
208,126,201507
208,1771,201507
208,1657,201507
208,1589,201507
208,1925,201507
208,1699,201507
208,1197,201507
208,942,201507
208,1886,201507
208,1971,201507
208,13,201507
208,1948,201507
208,354,201507
208,134,201507
208,1441,201507
208,298,201507
208,1921,201507
208,1165,201507
208,996,201507
208,1900,201507
208,1888,201507
208,224,201507
208,157,201507
208,1118,201507
208,1904,201507
208,995,201507
208,313,201507
208,1417,201507
208,1903,201507
208,349,201507
208,297,201507
208,32,201507
208,283,201507
208,19,201507
208,99,201507
208,46,201507
208,108,201507
208,29,201507
208,139,201507
208,48,201507
208,36,201507
208,97,201507
208,60,201507
209,1,201507
210,690,201507
210,1248,201507
210,1345,201507
210,1368,201507
210,998,201507
210,941,201507
210,750,201507
211,23,201507
211,31,201507
211,346,201507
211,20,201507
211,25,201507
211,136,201507
211,1,201507
212,89,201507
212,1758,201507
213,64,201507
213,17,201507
213,29,201507
213,28,201507
213,4,201507
213,5,201507
213,107,201507
213,346,201507
213,10,201507
213,51,201507
213,222,201507
213,20,201507
213,1,201507
213,136,201507
213,11,201507
213,137,201507
214,33,201507
214,51,201507
214,795,201507
214,23,201507
214,17,201507
214,136,201507
214,11,201507
214,20,201507
214,4,201507
215,51,201507
215,214,201507
216,25,201507
216,137,201507
216,97,201507
217,59,201507
217,60,201507
220,115,201507
220,137,201507
220,346,201507
220,116,201507
221,147,201507
221,136,201507
221,60,201507
221,107,201507
221,415,201507
222,748,201507
222,1070,201507
222,4,201507
222,346,201507
222,1169,201507
222,213,201507
222,28,201507
222,51,201507
222,17,201507
222,1227,201507
222,5,201507
222,10,201507
223,84,201507
223,133,201507
223,18,201507
223,17,201507
223,97,201507
223,5,201507
223,10,201507
223,51,201507
223,29,201507
223,11,201507
223,136,201507
223,4,201507
224,160,201507
224,339,201507
224,178,201507
224,266,201507
224,99,201507
224,29,201507
224,375,201507
224,32,201507
224,137,201507
224,97,201507
224,46,201507
225,110,201507
225,366,201507
225,590,201507
225,621,201507
225,352,201507
225,471,201507
225,378,201507
225,470,201507
225,643,201507
225,575,201507
225,604,201507
225,579,201507
225,475,201507
225,472,201507
225,196,201507
225,712,201507
226,110,201507
226,478,201507
226,572,201507
226,606,201507
226,351,201507
226,465,201507
226,196,201507
226,575,201507
226,695,201507
226,573,201507
226,604,201507
226,886,201507
226,587,201507
226,589,201507
226,590,201507
226,660,201507
226,586,201507
226,574,201507
226,232,201507
226,636,201507
226,527,201507
227,11,201507
227,268,201507
227,183,201507
228,105,201507
228,11,201507
229,110,201507
229,230,201507
229,1212,201507
229,637,201507
229,669,201507
229,196,201507
229,824,201507
229,528,201507
229,925,201507
229,663,201507
229,1377,201507
230,110,201507
230,196,201507
230,599,201507
230,256,201507
230,231,201507
230,644,201507
230,642,201507
230,605,201507
230,232,201507
230,229,201507
230,712,201507
230,658,201507
230,596,201507
230,634,201507
230,635,201507
230,594,201507
230,636,201507
230,600,201507
230,638,201507
230,639,201507
230,640,201507
230,641,201507
230,643,201507
231,110,201507
231,230,201507
231,424,201507
231,196,201507
231,351,201507
231,695,201507
231,639,201507
231,644,201507
231,640,201507
231,586,201507
231,226,201507
231,319,201507
231,465,201507
231,527,201507
231,575,201507
231,352,201507
231,643,201507
231,232,201507
231,599,201507
231,603,201507
231,576,201507
232,110,201507
232,596,201507
232,319,201507
232,424,201507
232,634,201507
232,635,201507
232,465,201507
232,236,201507
232,196,201507
232,594,201507
232,636,201507
232,527,201507
232,258,201507
232,638,201507
232,640,201507
232,641,201507
232,576,201507
232,586,201507
232,186,201507
232,201,201507
232,789,201507
232,257,201507
232,259,201507
232,231,201507
232,525,201507
232,489,201507
232,572,201507
232,532,201507
232,226,201507
232,886,201507
232,252,201507
232,230,201507
232,273,201507
232,597,201507
232,255,201507
232,591,201507
232,599,201507
232,256,201507
232,253,201507
232,601,201507
232,602,201507
232,263,201507
232,239,201507
232,603,201507
232,661,201507
232,658,201507
232,659,201507
232,351,201507
232,664,201507
232,352,201507
232,643,201507
232,700,201507
232,644,201507
232,254,201507
232,670,201507
232,605,201507
232,260,201507
232,624,201507
232,639,201507
232,598,201507
232,559,201507
232,600,201507
232,229,201507
232,560,201507
232,571,201507
232,575,201507
233,18,201507
233,242,201507
233,62,201507
233,413,201507
233,346,201507
233,1169,201507
233,29,201507
234,43,201507
234,122,201507
234,762,201507
234,132,201507
234,32,201507
234,738,201507
234,160,201507
234,123,201507
234,18,201507
234,10,201507
234,1169,201507
234,266,201507
234,1227,201507
235,110,201507
235,190,201507
235,201,201507
235,1183,201507
235,867,201507
235,1382,201507
235,1056,201507
236,110,201507
236,525,201507
236,627,201507
236,476,201507
236,185,201507
236,230,201507
236,232,201507
236,424,201507
236,305,201507
236,186,201507
236,196,201507
236,253,201507
236,257,201507
236,603,201507
236,18,201507
236,661,201507
236,351,201507
236,425,201507
236,886,201507
236,579,201507
236,378,201507
236,474,201507
236,621,201507
237,443,201507
237,62,201507
237,54,201507
237,26,201507
237,97,201507
237,6,201507
237,46,201507
237,1250,201507
237,36,201507
237,48,201507
237,266,201507
237,375,201507
237,29,201507
238,11,201507
239,644,201507
239,232,201507
239,263,201507
239,254,201507
239,602,201507
240,4,201507
241,110,201507
242,346,201507
242,32,201507
242,18,201507
242,29,201507
243,89,201507
243,13,201507
243,10,201507
243,29,201507
243,213,201507
243,6,201507
243,14,201507
243,51,201507
243,5,201507
243,112,201507
243,17,201507
243,28,201507
243,4,201507
243,1,201507
243,20,201507
243,7,201507
244,159,201507
244,137,201507
244,346,201507
245,241,201507
247,110,201507
247,69,201507
247,23,201507
247,51,201507
247,138,201507
247,143,201507
247,11,201507
247,17,201507
247,146,201507
247,35,201507
247,843,201507
247,748,201507
247,1439,201507
247,747,201507
247,906,201507
247,92,201507
247,112,201507
247,196,201507
247,1227,201507
248,11,201507
250,80,201507
250,137,201507
250,46,201507
250,97,201507
251,154,201507
251,29,201507
252,253,201507
252,254,201507
252,232,201507
253,252,201507
253,232,201507
254,239,201507
254,665,201507
254,232,201507
255,232,201507
255,258,201507
255,260,201507
255,591,201507
255,257,201507
256,232,201507
256,601,201507
256,597,201507
256,257,201507
256,263,201507
256,260,201507
256,255,201507
257,232,201507
257,260,201507
257,253,201507
257,700,201507
257,602,201507
257,256,201507
257,255,201507
257,591,201507
257,186,201507
257,560,201507
257,110,201507
258,664,201507
258,273,201507
258,259,201507
258,232,201507
259,232,201507
259,258,201507
260,232,201507
260,263,201507
260,255,201507
260,576,201507
260,601,201507
260,256,201507
260,597,201507
260,257,201507
261,5,201507
261,189,201507
261,112,201507
261,22,201507
261,346,201507
261,10,201507
261,1,201507
261,28,201507
261,20,201507
261,17,201507
263,232,201507
263,260,201507
263,591,201507
263,602,201507
263,256,201507
263,599,201507
263,601,201507
263,664,201507
263,644,201507
263,670,201507
263,605,201507
263,624,201507
263,258,201507
263,239,201507
263,257,201507
263,597,201507
265,11,201507
265,133,201507
265,136,201507
265,346,201507
265,1169,201507
265,18,201507
265,97,201507
265,29,201507
265,137,201507
265,17,201507
265,10,201507
265,266,201507
265,1227,201507
266,97,201507
266,1194,201507
266,35,201507
266,139,201507
266,1147,201507
266,341,201507
266,140,201507
266,224,201507
266,888,201507
266,181,201507
266,178,201507
266,101,201507
266,151,201507
266,234,201507
266,320,201507
266,160,201507
266,722,201507
266,267,201507
266,1020,201507
266,0,201507
266,188,201507
266,163,201507
266,76,201507
266,83,201507
266,55,201507
266,339,201507
266,159,201507
266,85,201507
266,294,201507
266,175,201507
266,182,201507
266,43,201507
266,61,201507
266,122,201507
266,57,201507
266,265,201507
266,710,201507
266,124,201507
266,15,201507
266,141,201507
266,138,201507
266,281,201507
266,434,201507
266,269,201507
266,132,201507
266,9,201507
266,544,201507
266,72,201507
266,206,201507
266,114,201507
266,66,201507
266,62,201507
266,161,201507
266,77,201507
266,176,201507
266,815,201507
266,104,201507
266,237,201507
266,95,201507
266,65,201507
266,79,201507
266,146,201507
267,237,201507
267,54,201507
267,1147,201507
267,178,201507
267,346,201507
267,266,201507
267,1250,201507
267,137,201507
267,29,201507
268,11,201507
268,133,201507
268,136,201507
268,20,201507
268,17,201507
268,4,201507
269,160,201507
269,131,201507
269,29,201507
269,188,201507
269,32,201507
269,18,201507
269,375,201507
269,266,201507
269,137,201507
269,97,201507
270,181,201507
270,26,201507
270,29,201507
270,6,201507
270,97,201507
270,18,201507
270,136,201507
270,32,201507
271,29,201507
273,560,201507
273,561,201507
273,232,201507
274,163,201507
274,112,201507
274,35,201507
274,64,201507
274,180,201507
274,6,201507
274,80,201507
274,24,201507
274,102,201507
274,149,201507
274,133,201507
274,134,201507
274,28,201507
274,38,201507
274,23,201507
274,155,201507
274,129,201507
274,12,201507
274,327,201507
274,85,201507
274,119,201507
274,92,201507
274,100,201507
274,46,201507
274,36,201507
274,107,201507
274,16,201507
274,19,201507
274,1291,201507
274,13,201507
274,45,201507
274,97,201507
274,83,201507
274,18,201507
274,93,201507
274,47,201507
274,34,201507
274,81,201507
274,54,201507
274,20,201507
274,51,201507
274,77,201507
274,21,201507
274,1366,201507
274,4,201507
274,99,201507
274,160,201507
274,5,201507
274,9,201507
274,113,201507
274,124,201507
274,72,201507
274,108,201507
274,116,201507
274,31,201507
274,48,201507
274,26,201507
274,115,201507
274,17,201507
274,14,201507
274,165,201507
274,96,201507
274,60,201507
274,10,201507
274,1,201507
274,154,201507
274,136,201507
274,27,201507
274,0,201507
274,135,201507
274,2,201507
275,154,201507
276,440,201507
276,814,201507
276,54,201507
276,29,201507
276,32,201507
277,19,201507
278,76,201507
278,94,201507
278,176,201507
278,287,201507
278,178,201507
278,99,201507
278,46,201507
278,19,201507
278,26,201507
278,97,201507
279,914,201507
281,5,201507
281,29,201507
281,138,201507
281,143,201507
281,31,201507
281,146,201507
281,6,201507
281,77,201507
281,160,201507
281,19,201507
281,374,201507
281,1250,201507
281,375,201507
281,78,201507
281,48,201507
281,266,201507
281,320,201507
282,339,201507
282,27,201507
282,157,201507
282,143,201507
282,155,201507
283,1441,201507
283,208,201507
283,13,201507
284,129,201507
285,1254,201507
285,139,201507
285,48,201507
285,108,201507
285,18,201507
285,46,201507
285,29,201507
285,32,201507
285,97,201507
285,83,201507
285,60,201507
287,46,201507
287,97,201507
288,38,201507
288,1147,201507
288,178,201507
289,114,201507
289,134,201507
289,13,201507
290,110,201507
290,808,201507
291,87,201507
291,168,201507
291,203,201507
292,29,201507
293,1925,201507
293,297,201507
294,78,201507
294,266,201507
295,51,201507
296,154,201507
296,29,201507
297,313,201507
297,142,201507
297,64,201507
297,102,201507
297,1032,201507
297,855,201507
297,1414,201507
297,1766,201507
297,1888,201507
297,332,201507
297,117,201507
297,1916,201507
297,1118,201507
297,1657,201507
297,1903,201507
297,13,201507
297,1927,201507
297,1441,201507
297,1476,201507
297,444,201507
297,1130,201507
297,1933,201507
297,293,201507
297,1699,201507
297,1193,201507
297,739,201507
297,1413,201507
297,1849,201507
297,349,201507
297,208,201507
297,99,201507
297,1674,201507
297,6,201507
297,59,201507
298,71,201507
298,15,201507
298,432,201507
298,29,201507
299,941,201507
299,96,201507
299,130,201507
299,777,201507
299,1,201507
299,136,201507
300,4,201507
301,4,201507
303,70,201507
303,20,201507
303,12,201507
303,11,201507
303,27,201507
303,9,201507
303,931,201507
303,17,201507
303,137,201507
303,25,201507
303,29,201507
303,136,201507
305,110,201507
305,830,201507
305,684,201507
305,627,201507
305,604,201507
305,633,201507
305,109,201507
305,4,201507
306,110,201507
306,109,201507
306,427,201507
306,127,201507
306,128,201507
306,4,201507
307,25,201507
307,136,201507
309,98,201507
309,65,201507
309,97,201507
309,137,201507
311,69,201507
311,50,201507
311,4,201507
313,297,201507
313,293,201507
313,1373,201507
313,208,201507
313,349,201507
313,13,201507
313,59,201507
314,137,201507
314,29,201507
316,1147,201507
316,178,201507
316,48,201507
316,29,201507
316,10,201507
316,60,201507
316,320,201507
317,69,201507
317,301,201507
317,183,201507
317,4,201507
317,11,201507
318,160,201507
319,231,201507
319,232,201507
319,639,201507
319,527,201507
319,575,201507
319,465,201507
320,39,201507
320,54,201507
320,46,201507
320,5,201507
320,9,201507
320,99,201507
320,26,201507
320,10,201507
320,178,201507
320,32,201507
320,6,201507
320,13,201507
320,19,201507
320,29,201507
320,63,201507
320,722,201507
320,75,201507
320,266,201507
320,126,201507
320,62,201507
320,77,201507
320,815,201507
320,65,201507
320,146,201507
320,97,201507
320,40,201507
320,137,201507
320,434,201507
320,95,201507
320,79,201507
320,151,201507
320,281,201507
320,316,201507
320,16,201507
320,48,201507
320,14,201507
322,13,201507
322,137,201507
322,1194,201507
322,35,201507
323,89,201507
323,770,201507
323,828,201507
323,778,201507
323,1267,201507
323,1408,201507
323,1103,201507
323,7,201507
323,8,201507
326,224,201507
326,137,201507
327,143,201507
327,530,201507
327,247,201507
327,35,201507
327,2,201507
327,137,201507
327,167,201507
327,142,201507
327,384,201507
327,176,201507
327,10,201507
327,25,201507
330,147,201507
330,29,201507
330,11,201507
330,136,201507
332,180,201507
332,64,201507
332,155,201507
332,120,201507
332,6,201507
332,32,201507
332,19,201507
333,137,201507
334,384,201507
334,60,201507
334,48,201507
335,58,201507
335,25,201507
335,137,201507
336,25,201507
336,156,201507
336,137,201507
338,182,201507
338,64,201507
338,117,201507
338,14,201507
338,155,201507
338,332,201507
338,120,201507
338,6,201507
338,32,201507
338,19,201507
339,137,201507
339,0,201507
339,2,201507
339,165,201507
339,92,201507
339,154,201507
339,282,201507
339,121,201507
339,380,201507
339,292,201507
339,1332,201507
339,384,201507
339,161,201507
339,863,201507
339,146,201507
339,393,201507
339,266,201507
339,25,201507
339,10,201507
340,137,201507
340,85,201507
341,4,201507
341,76,201507
341,152,201507
341,158,201507
341,137,201507
341,65,201507
341,45,201507
341,97,201507
341,85,201507
341,25,201507
341,108,201507
341,141,201507
341,104,201507
341,81,201507
341,101,201507
341,100,201507
341,78,201507
341,154,201507
341,175,201507
341,181,201507
341,146,201507
341,83,201507
341,46,201507
341,32,201507
341,124,201507
341,72,201507
341,2,201507
341,170,201507
341,39,201507
341,82,201507
341,1418,201507
341,23,201507
341,92,201507
341,322,201507
341,36,201507
341,266,201507
341,375,201507
342,120,201507
342,126,201507
342,192,201507
342,125,201507
342,38,201507
342,117,201507
342,178,201507
342,64,201507
342,46,201507
342,97,201507
344,1040,201507
344,322,201507
344,114,201507
344,137,201507
345,17,201507
346,242,201507
346,483,201507
346,116,201507
346,213,201507
346,211,201507
346,23,201507
346,588,201507
346,124,201507
346,34,201507
346,969,201507
346,104,201507
346,131,201507
346,53,201507
346,265,201507
346,61,201507
346,44,201507
346,66,201507
346,1227,201507
346,18,201507
346,125,201507
346,123,201507
346,5,201507
346,97,201507
346,31,201507
346,222,201507
346,81,201507
346,728,201507
346,132,201507
346,16,201507
346,118,201507
346,261,201507
346,101,201507
346,115,201507
346,138,201507
346,21,201507
346,267,201507
346,156,201507
346,143,201507
346,135,201507
346,133,201507
346,2,201507
346,165,201507
346,233,201507
346,47,201507
346,77,201507
346,121,201507
346,136,201507
346,544,201507
346,12,201507
346,147,201507
346,244,201507
346,220,201507
346,72,201507
346,122,201507
346,149,201507
346,163,201507
346,27,201507
346,408,201507
346,74,201507
346,410,201507
346,144,201507
348,23,201507
349,297,201507
349,102,201507
349,313,201507
349,2102,201507
349,444,201507
349,739,201507
349,1699,201507
349,6,201507
349,293,201507
349,1441,201507
349,133,201507
349,208,201507
349,1130,201507
349,26,201507
349,1674,201507
349,99,201507
349,59,201507
349,13,201507
351,110,201507
351,196,201507
351,225,201507
351,257,201507
351,886,201507
351,794,201507
351,352,201507
351,425,201507
351,226,201507
351,760,201507
351,1083,201507
351,564,201507
351,572,201507
351,587,201507
351,589,201507
351,590,201507
351,231,201507
351,660,201507
351,679,201507
351,573,201507
351,604,201507
351,554,201507
351,607,201507
351,606,201507
351,586,201507
351,574,201507
351,484,201507
351,498,201507
351,476,201507
352,110,201507
352,477,201507
352,794,201507
352,351,201507
352,425,201507
352,625,201507
352,226,201507
352,196,201507
352,805,201507
352,565,201507
352,838,201507
352,564,201507
352,484,201507
352,623,201507
352,693,201507
352,678,201507
352,621,201507
352,532,201507
352,626,201507
352,579,201507
352,622,201507
352,679,201507
352,476,201507
352,694,201507
352,424,201507
352,606,201507
354,143,201507
354,1410,201507
354,1072,201507
355,99,201507
355,25,201507
355,97,201507
355,46,201507
355,137,201507
357,1075,201507
357,1129,201507
358,891,201507
358,136,201507
359,136,201507
360,180,201507
361,136,201507
362,80,201507
362,32,201507
362,19,201507
362,29,201507
363,366,201507
363,196,201507
364,551,201507
364,366,201507
364,196,201507
365,366,201507
365,400,201507
365,196,201507
366,110,201507
366,196,201507
366,402,201507
366,363,201507
366,364,201507
366,551,201507
367,667,201507
367,196,201507
368,27,201507
369,64,201507
369,40,201507
371,25,201507
371,29,201507
371,137,201507
371,17,201507
371,136,201507
372,147,201507
372,136,201507
373,523,201507
373,722,201507
373,374,201507
373,64,201507
374,373,201507
374,64,201507
375,60,201507
375,83,201507
375,143,201507
375,101,201507
375,25,201507
375,14,201507
375,40,201507
375,266,201507
375,61,201507
375,269,201507
375,120,201507
375,281,201507
375,1020,201507
375,15,201507
375,12,201507
375,72,201507
375,176,201507
375,195,201507
375,138,201507
375,163,201507
375,710,201507
375,1194,201507
375,141,201507
375,175,201507
375,206,201507
375,224,201507
375,341,201507
375,434,201507
375,76,201507
375,140,201507
375,126,201507
375,66,201507
375,815,201507
375,75,201507
375,132,201507
375,151,201507
375,62,201507
375,114,201507
375,159,201507
375,104,201507
375,181,201507
375,57,201507
375,146,201507
375,77,201507
375,65,201507
375,79,201507
375,237,201507
375,95,201507
376,11,201507
377,712,201507
377,681,201507
377,504,201507
377,196,201507
378,196,201507
378,377,201507
378,225,201507
379,420,201507
379,29,201507
380,282,201507
381,142,201507
381,40,201507
383,667,201507
384,14,201507
384,460,201507
384,24,201507
384,428,201507
384,393,201507
384,27,201507
385,2,201507
385,175,201507
385,282,201507
385,401,201507
386,1227,201507
387,176,201507
387,19,201507
388,137,201507
390,25,201507
390,137,201507
393,1194,201507
393,35,201507
393,77,201507
393,167,201507
393,339,201507
393,2,201507
393,1227,201507
393,6,201507
393,25,201507
393,327,201507
393,165,201507
393,137,201507
393,97,201507
394,354,201507
394,154,201507
395,1335,201507
400,365,201507
400,196,201507
401,31,201507
401,188,201507
401,175,201507
402,366,201507
402,196,201507
407,61,201507
407,18,201507
408,346,201507
408,1227,201507
409,196,201507
410,413,201507
410,18,201507
410,346,201507
412,378,201507
412,196,201507
413,410,201507
413,18,201507
415,804,201507
415,61,201507
415,221,201507
415,18,201507
415,136,201507
416,18,201507
419,143,201507
420,29,201507
422,440,201507
422,814,201507
422,54,201507
422,430,201507
422,29,201507
423,426,201507
423,18,201507
424,110,201507
424,236,201507
424,196,201507
424,1362,201507
424,621,201507
424,352,201507
424,579,201507
424,622,201507
424,425,201507
424,476,201507
424,469,201507
424,478,201507
424,477,201507
424,448,201507
424,506,201507
424,876,201507
424,532,201507
425,476,201507
425,448,201507
425,110,201507
425,469,201507
425,236,201507
425,477,201507
425,1365,201507
425,424,201507
425,794,201507
425,196,201507
425,478,201507
425,506,201507
425,538,201507
425,225,201507
425,886,201507
426,423,201507
426,18,201507
427,110,201507
427,109,201507
427,4,201507
427,127,201507
427,306,201507
427,128,201507
427,612,201507
427,616,201507
427,567,201507
427,610,201507
427,618,201507
427,613,201507
427,614,201507
427,121,201507
427,680,201507
428,170,201507
429,546,201507
429,181,201507
429,208,201507
429,32,201507
429,1180,201507
430,54,201507
430,18,201507
432,298,201507
432,154,201507
434,463,201507
434,48,201507
434,375,201507
434,266,201507
434,1250,201507
434,320,201507
435,160,201507
435,167,201507
435,97,201507
436,132,201507
436,234,201507
436,160,201507
436,18,201507
440,814,201507
440,54,201507
440,32,201507
443,237,201507
443,379,201507
443,1169,201507
443,29,201507
444,1923,201507
444,1924,201507
444,40,201507
444,1589,201507
444,52,201507
444,92,201507
444,349,201507
444,2038,201507
444,17,201507
444,1045,201507
444,1417,201507
444,77,201507
444,1193,201507
444,297,201507
445,46,201507
447,489,201507
447,196,201507
448,424,201507
448,196,201507
448,447,201507
449,40,201507
451,196,201507
452,1052,201507
452,97,201507
453,77,201507
453,160,201507
455,0,201507
455,156,201507
455,143,201507
455,97,201507
457,137,201507
457,10,201507
457,4,201507
457,1418,201507
458,46,201507
460,384,201507
463,1921,201507
463,996,201507
463,1904,201507
463,434,201507
463,178,201507
465,319,201507
465,110,201507
465,196,201507
465,527,201507
465,351,201507
465,576,201507
465,599,201507
465,226,201507
465,590,201507
465,644,201507
465,596,201507
465,232,201507
465,231,201507
465,575,201507
469,424,201507
469,506,201507
469,980,201507
469,476,201507
470,472,201507
470,226,201507
470,225,201507
470,196,201507
471,475,201507
471,225,201507
471,196,201507
471,604,201507
472,470,201507
472,225,201507
472,196,201507
472,712,201507
473,474,201507
473,186,201507
474,110,201507
474,185,201507
474,651,201507
474,627,201507
474,650,201507
474,186,201507
474,630,201507
474,559,201507
474,922,201507
474,665,201507
474,236,201507
474,997,201507
474,473,201507
474,196,201507
475,196,201507
475,378,201507
475,471,201507
475,225,201507
476,196,201507
476,478,201507
476,532,201507
476,351,201507
476,352,201507
476,110,201507
476,469,201507
476,424,201507
477,622,201507
477,110,201507
477,196,201507
477,424,201507
478,110,201507
478,366,201507
478,484,201507
478,472,201507
478,196,201507
478,425,201507
478,424,201507
478,476,201507
479,447,201507
479,451,201507
479,196,201507
480,136,201507
483,85,201507
483,346,201507
483,137,201507
484,622,201507
484,621,201507
484,625,201507
484,579,201507
484,352,201507
484,694,201507
485,224,201507
485,165,201507
488,14,201507
488,322,201507
489,196,201507
489,447,201507
490,931,201507
490,133,201507
490,27,201507
490,274,201507
492,299,201507
492,136,201507
493,28,201507
493,133,201507
495,1418,201507
495,25,201507
495,137,201507
495,97,201507
497,137,201507
497,72,201507
497,534,201507
497,100,201507
498,351,201507
501,39,201507
501,132,201507
501,23,201507
501,107,201507
501,143,201507
502,728,201507
502,12,201507
502,20,201507
502,1169,201507
502,136,201507
503,154,201507
504,196,201507
506,424,201507
506,425,201507
508,14,201507
508,139,201507
510,137,201507
510,97,201507
512,80,201507
512,160,201507
515,92,201507
517,38,201507
517,178,201507
521,274,201507
521,1291,201507
521,160,201507
522,154,201507
523,549,201507
523,64,201507
525,110,201507
525,1380,201507
525,585,201507
525,232,201507
525,305,201507
525,236,201507
525,196,201507
525,627,201507
525,425,201507
525,886,201507
525,648,201507
525,584,201507
525,185,201507
525,583,201507
525,851,201507
525,961,201507
525,1089,201507
525,1163,201507
525,726,201507
525,1019,201507
525,716,201507
525,962,201507
525,306,201507
525,839,201507
525,1229,201507
525,847,201507
525,932,201507
525,1225,201507
525,582,201507
525,725,201507
525,1628,201507
525,1087,201507
525,1030,201507
526,196,201507
526,110,201507
527,232,201507
527,319,201507
527,575,201507
527,643,201507
527,599,201507
527,465,201507
527,586,201507
527,226,201507
527,604,201507
527,231,201507
528,196,201507
529,189,201507
530,339,201507
530,165,201507
530,76,201507
530,65,201507
530,354,201507
532,352,201507
532,477,201507
532,623,201507
532,476,201507
532,424,201507
534,137,201507
534,457,201507
535,196,201507
537,136,201507
538,196,201507
538,110,201507
540,871,201507
540,137,201507
543,160,201507
543,31,201507
544,137,201507
544,303,201507
544,18,201507
544,104,201507
544,29,201507
544,1,201507
544,346,201507
544,6,201507
544,146,201507
544,97,201507
544,136,201507
544,17,201507
544,10,201507
544,266,201507
544,26,201507
544,25,201507
544,46,201507
545,197,201507
545,1208,201507
545,32,201507
546,181,201507
546,429,201507
546,32,201507
547,196,201507
548,10,201507
548,781,201507
548,11,201507
549,523,201507
549,64,201507
551,364,201507
551,196,201507
551,366,201507
552,85,201507
552,133,201507
552,136,201507
552,165,201507
552,25,201507
552,34,201507
552,17,201507
552,115,201507
552,121,201507
552,149,201507
552,0,201507
552,5,201507
552,9,201507
552,23,201507
552,29,201507
552,51,201507
552,204,201507
552,2,201507
552,4,201507
552,188,201507
552,72,201507
554,110,201507
554,351,201507
554,587,201507
555,561,201507
555,185,201507
555,186,201507
556,110,201507
556,186,201507
558,239,201507
558,561,201507
558,186,201507
559,474,201507
559,186,201507
560,257,201507
560,110,201507
560,558,201507
560,561,201507
560,232,201507
560,186,201507
561,186,201507
562,563,201507
563,1626,201507
563,611,201507
563,568,201507
563,618,201507
563,569,201507
563,570,201507
563,562,201507
563,616,201507
563,612,201507
563,567,201507
563,617,201507
563,614,201507
563,674,201507
563,566,201507
563,680,201507
563,734,201507
563,1974,201507
563,1150,201507
563,610,201507
563,612,201507
563,616,201507
563,614,201507
563,1974,201507
563,1326,201507
563,1150,201507
563,680,201507
563,610,201507
564,352,201507
564,694,201507
564,565,201507
565,564,201507
565,352,201507
565,225,201507
565,579,201507
565,694,201507
566,563,201507
566,610,201507
567,563,201507
567,566,201507
568,563,201507
569,563,201507
570,563,201507
571,110,201507
571,232,201507
572,110,201507
572,604,201507
572,574,201507
572,590,201507
572,351,201507
572,589,201507
572,573,201507
572,226,201507
573,589,201507
573,590,201507
573,351,201507
573,604,201507
573,110,201507
573,572,201507
573,226,201507
574,110,201507
574,351,201507
574,226,201507
574,589,201507
574,572,201507
574,590,201507
575,527,201507
575,231,201507
575,644,201507
575,465,201507
575,603,201507
575,576,201507
575,196,201507
575,599,201507
575,643,201507
575,319,201507
575,232,201507
576,575,201507
576,319,201507
576,260,201507
576,231,201507
576,232,201507
576,465,201507
578,196,201507
579,625,201507
579,484,201507
579,621,201507
579,694,201507
579,196,201507
579,626,201507
579,352,201507
582,525,201507
583,525,201507
584,525,201507
585,525,201507
586,351,201507
586,573,201507
586,226,201507
586,527,201507
587,351,201507
587,554,201507
588,34,201507
588,346,201507
588,137,201507
589,110,201507
589,351,201507
589,574,201507
589,226,201507
589,573,201507
589,572,201507
590,589,201507
590,572,201507
590,110,201507
590,226,201507
590,573,201507
590,351,201507
591,232,201507
591,230,201507
591,263,201507
591,255,201507
591,257,201507
591,700,201507
592,677,201507
592,593,201507
592,676,201507
592,109,201507
592,110,201507
593,110,201507
593,592,201507
593,864,201507
593,109,201507
594,110,201507
594,232,201507
594,230,201507
594,596,201507
594,640,201507
594,229,201507
595,196,201507
596,110,201507
596,594,201507
596,196,201507
596,465,201507
596,640,201507
596,230,201507
597,232,201507
597,263,201507
597,1019,201507
597,659,201507
597,256,201507
597,670,201507
597,664,201507
597,700,201507
597,658,201507
597,601,201507
598,232,201507
599,232,201507
599,263,201507
599,575,201507
599,605,201507
599,700,201507
599,465,201507
599,644,201507
600,625,201507
600,110,201507
600,658,201507
600,232,201507
600,639,201507
600,603,201507
600,230,201507
601,232,201507
601,263,201507
601,670,201507
601,260,201507
601,624,201507
601,664,201507
601,1019,201507
601,256,201507
601,597,201507
601,658,201507
602,232,201507
602,260,201507
602,257,201507
602,664,201507
602,239,201507
603,586,201507
603,575,201507
603,643,201507
603,600,201507
603,232,201507
603,231,201507
603,639,201507
604,471,201507
604,110,201507
604,352,201507
604,226,201507
604,351,201507
604,527,201507
604,196,201507
605,232,201507
605,263,201507
605,700,201507
605,644,201507
605,599,201507
605,231,201507
606,351,201507
606,679,201507
606,1083,201507
606,660,201507
607,351,201507
607,606,201507
607,660,201507
610,614,201507
610,563,201507
610,566,201507
610,427,201507
611,563,201507
612,614,201507
612,563,201507
612,427,201507
613,109,201507
613,427,201507
614,563,201507
614,427,201507
616,563,201507
616,427,201507
617,563,201507
618,563,201507
618,427,201507
620,186,201507
621,352,201507
621,625,201507
621,484,201507
621,579,201507
621,694,201507
621,196,201507
622,352,201507
622,694,201507
622,623,201507
623,352,201507
623,532,201507
623,622,201507
623,694,201507
624,263,201507
624,601,201507
624,597,201507
624,670,201507
624,658,201507
624,664,201507
624,232,201507
625,352,201507
625,579,201507
625,621,201507
625,678,201507
625,694,201507
625,626,201507
626,625,201507
626,352,201507
626,579,201507
626,694,201507
626,678,201507
627,525,201507
627,110,201507
627,236,201507
627,185,201507
627,305,201507
627,186,201507
627,196,201507
627,601,201507
627,229,201507
627,661,201507
627,1019,201507
627,351,201507
627,352,201507
627,201,201507
627,808,201507
627,226,201507
627,886,201507
627,1263,201507
627,647,201507
627,1323,201507
627,684,201507
627,1177,201507
627,474,201507
627,1226,201507
627,1312,201507
627,1142,201507
627,1289,201507
627,646,201507
627,648,201507
627,1163,201507
627,649,201507
628,109,201507
628,846,201507
629,628,201507
629,724,201507
629,109,201507
630,474,201507
630,110,201507
633,110,201507
633,427,201507
633,305,201507
633,4,201507
633,109,201507
634,230,201507
634,641,201507
635,110,201507
635,229,201507
635,230,201507
636,110,201507
636,232,201507
636,640,201507
636,230,201507
638,110,201507
638,230,201507
638,605,201507
639,110,201507
639,643,201507
639,603,201507
639,232,201507
639,600,201507
639,230,201507
640,110,201507
640,230,201507
640,594,201507
640,196,201507
640,596,201507
640,636,201507
641,110,201507
641,230,201507
642,230,201507
643,644,201507
643,603,201507
643,604,201507
643,231,201507
643,575,201507
643,232,201507
644,232,201507
644,263,201507
644,575,201507
644,576,201507
644,599,201507
644,605,201507
645,137,201507
646,236,201507
646,649,201507
646,648,201507
646,627,201507
647,841,201507
647,1002,201507
647,719,201507
647,765,201507
647,627,201507
648,646,201507
648,649,201507
648,627,201507
649,646,201507
649,648,201507
649,627,201507
650,474,201507
650,110,201507
651,474,201507
651,110,201507
651,665,201507
654,401,201507
654,165,201507
656,698,201507
656,185,201507
657,185,201507
657,937,201507
657,200,201507
658,232,201507
658,670,201507
658,624,201507
658,664,201507
658,601,201507
658,597,201507
659,259,201507
659,232,201507
660,110,201507
660,351,201507
660,607,201507
660,606,201507
660,679,201507
661,263,201507
661,664,201507
661,232,201507
662,76,201507
663,196,201507
663,229,201507
664,232,201507
664,602,201507
664,263,201507
664,670,201507
664,258,201507
664,624,201507
664,597,201507
664,601,201507
664,661,201507
664,658,201507
665,474,201507
665,922,201507
665,651,201507
665,620,201507
665,110,201507
667,383,201507
667,857,201507
667,595,201507
667,367,201507
667,110,201507
667,196,201507
667,1604,201507
669,229,201507
670,232,201507
670,263,201507
670,601,201507
670,661,201507
670,664,201507
670,597,201507
670,624,201507
670,658,201507
671,137,201507
674,563,201507
676,109,201507
676,592,201507
676,677,201507
677,109,201507
677,592,201507
677,676,201507
678,352,201507
678,196,201507
678,626,201507
678,625,201507
679,110,201507
679,229,201507
679,351,201507
679,606,201507
679,660,201507
679,352,201507
680,563,201507
680,427,201507
681,196,201507
683,525,201507
684,110,201507
684,830,201507
684,1225,201507
690,998,201507
693,110,201507
693,352,201507
694,110,201507
694,352,201507
694,625,201507
694,626,201507
694,565,201507
694,621,201507
694,484,201507
694,623,201507
694,622,201507
694,579,201507
695,110,201507
695,229,201507
695,230,201507
696,185,201507
696,190,201507
697,656,201507
697,698,201507
697,185,201507
698,947,201507
698,200,201507
698,236,201507
698,185,201507
700,591,201507
700,263,201507
700,232,201507
700,257,201507
700,599,201507
700,664,201507
700,605,201507
703,95,201507
703,46,201507
705,196,201507
710,375,201507
710,266,201507
712,412,201507
712,516,201507
712,471,201507
712,472,201507
712,377,201507
712,225,201507
715,110,201507
716,525,201507
719,647,201507
720,457,201507
722,373,201507
722,374,201507
722,64,201507
722,320,201507
722,266,201507
723,724,201507
723,109,201507
724,723,201507
724,109,201507
725,525,201507
726,525,201507
728,12,201507
728,346,201507
728,1169,201507
728,10,201507
728,1227,201507
728,137,201507
729,127,201507
729,109,201507
730,64,201507
734,563,201507
736,745,201507
736,21,201507
738,234,201507
738,123,201507
738,136,201507
738,25,201507
738,18,201507
739,1441,201507
739,297,201507
739,1413,201507
739,349,201507
739,1954,201507
739,11,201507
739,59,201507
740,85,201507
741,795,201507
741,295,201507
741,136,201507
741,51,201507
741,20,201507
744,46,201507
745,21,201507
745,755,201507
747,748,201507
747,1439,201507
747,247,201507
747,1162,201507
748,222,201507
748,747,201507
748,4,201507
748,247,201507
749,348,201507
750,107,201507
750,1345,201507
750,210,201507
752,29,201507
752,137,201507
753,84,201507
753,30,201507
754,30,201507
755,21,201507
756,25,201507
757,137,201507
760,351,201507
761,21,201507
761,20,201507
762,122,201507
762,234,201507
762,136,201507
762,18,201507
764,17,201507
765,647,201507
766,1441,201507
766,13,201507
768,769,201507
768,48,201507
769,48,201507
769,156,201507
769,100,201507
769,139,201507
769,35,201507
769,2270,201507
769,97,201507
769,60,201507
769,108,201507
770,89,201507
770,828,201507
770,778,201507
770,323,201507
770,1103,201507
770,8,201507
770,1408,201507
770,1267,201507
770,7,201507
776,30,201507
777,96,201507
777,299,201507
778,89,201507
778,828,201507
778,323,201507
778,770,201507
778,1103,201507
778,7,201507
778,1408,201507
778,1267,201507
778,8,201507
781,548,201507
781,10,201507
781,149,201507
781,136,201507
781,11,201507
782,62,201507
782,97,201507
782,1130,201507
782,46,201507
782,135,201507
783,30,201507
784,1,201507
786,110,201507
786,898,201507
786,1225,201507
789,110,201507
793,4,201507
793,110,201507
794,110,201507
794,425,201507
794,196,201507
795,33,201507
795,184,201507
797,46,201507
799,14,201507
799,46,201507
799,19,201507
801,96,201507
801,137,201507
804,18,201507
804,136,201507
806,49,201507
808,110,201507
808,201,201507
813,76,201507
813,83,201507
813,46,201507
813,97,201507
814,54,201507
814,430,201507
814,18,201507
815,180,201507
815,126,201507
815,13,201507
815,320,201507
815,375,201507
815,48,201507
815,266,201507
817,5,201507
817,23,201507
817,21,201507
817,133,201507
819,113,201507
819,51,201507
819,28,201507
819,4,201507
819,17,201507
823,444,201507
824,229,201507
828,89,201507
828,778,201507
828,1267,201507
828,8,201507
828,323,201507
828,1408,201507
828,770,201507
828,1103,201507
828,7,201507
830,110,201507
832,21,201507
834,136,201507
836,502,201507
836,1410,201507
838,352,201507
839,525,201507
840,109,201507
841,647,201507
841,110,201507
842,51,201507
842,295,201507
843,4,201507
843,247,201507
846,628,201507
846,109,201507
847,186,201507
847,1087,201507
847,525,201507
847,961,201507
847,110,201507
847,1225,201507
851,525,201507
852,196,201507
855,13,201507
857,667,201507
860,19,201507
860,46,201507
860,97,201507
862,502,201507
862,12,201507
862,136,201507
863,23,201507
863,906,201507
863,207,201507
863,20,201507
863,10,201507
864,109,201507
864,593,201507
866,21,201507
866,23,201507
866,2,201507
866,20,201507
867,235,201507
870,133,201507
871,540,201507
871,137,201507
874,385,201507
880,110,201507
885,1364,201507
885,27,201507
885,160,201507
886,525,201507
886,305,201507
886,236,201507
886,196,201507
886,225,201507
886,627,201507
886,351,201507
886,226,201507
886,110,201507
888,266,201507
888,154,201507
889,180,201507
891,358,201507
891,136,201507
892,14,201507
896,13,201507
897,110,201507
897,190,201507
898,786,201507
899,19,201507
906,23,201507
906,30,201507
906,1,201507
906,20,201507
906,17,201507
908,909,201507
908,136,201507
909,908,201507
909,136,201507
913,109,201507
914,1418,201507
914,137,201507
914,279,201507
914,344,201507
914,4,201507
917,786,201507
920,201,201507
920,190,201507
920,110,201507
922,185,201507
922,997,201507
925,229,201507
926,185,201507
931,133,201507
931,20,201507
931,8,201507
931,261,201507
932,525,201507
935,31,201507
937,697,201507
937,656,201507
937,657,201507
937,1636,201507
937,185,201507
941,1345,201507
941,1368,201507
941,210,201507
941,1010,201507
941,1057,201507
941,136,201507
941,1,201507
947,110,201507
947,697,201507
947,698,201507
947,962,201507
947,186,201507
947,1225,201507
947,236,201507
947,185,201507
950,133,201507
950,157,201507
950,136,201507
950,17,201507
950,137,201507
960,322,201507
960,645,201507
960,97,201507
961,847,201507
961,525,201507
962,847,201507
962,1089,201507
962,525,201507
962,1225,201507
966,17,201507
966,5,201507
966,1227,201507
968,136,201507
969,346,201507
979,247,201507
979,1162,201507
979,1424,201507
979,1422,201507
980,196,201507
981,982,201507
981,136,201507
982,981,201507
982,136,201507
995,208,201507
995,13,201507
996,1886,201507
996,463,201507
996,1903,201507
996,13,201507
997,474,201507
997,110,201507
997,185,201507
998,941,201507
998,210,201507
998,1368,201507
998,1345,201507
998,1369,201507
1002,647,201507
1003,137,201507
1016,185,201507
1016,186,201507
1016,658,201507
1016,232,201507
1017,154,201507
1019,658,201507
1019,664,201507
1019,624,201507
1019,525,201507
1019,263,201507
1019,627,201507
1019,601,201507
1020,64,201507
1020,375,201507
1020,266,201507
1022,40,201507
1030,962,201507
1030,525,201507
1032,297,201507
1037,35,201507
1040,137,201507
1040,1213,201507
1044,45,201507
1044,207,201507
1045,146,201507
1045,59,201507
1045,208,201507
1045,14,201507
1045,444,201507
1050,384,201507
1052,97,201507
1056,235,201507
1057,941,201507
1065,373,201507
1065,730,201507
1065,64,201507
1070,748,201507
1070,4,201507
1072,143,201507
1072,208,201507
1075,357,201507
1075,1129,201507
1075,1404,201507
1075,129,201507
1076,185,201507
1083,606,201507
1086,40,201507
1087,847,201507
1087,1030,201507
1087,525,201507
1088,297,201507
1088,13,201507
1089,1087,201507
1089,525,201507
1089,962,201507
1090,30,201507
1103,89,201507
1103,828,201507
1103,778,201507
1103,1267,201507
1103,8,201507
1103,323,201507
1103,1408,201507
1103,770,201507
1103,7,201507
1118,297,201507
1118,13,201507
1119,282,201507
1129,357,201507
1129,1075,201507
1129,129,201507
1129,172,201507
1129,173,201507
1129,1404,201507
1130,1441,201507
1130,297,201507
1130,1925,201507
1130,1413,201507
1130,349,201507
1130,146,201507
1130,782,201507
1132,196,201507
1134,196,201507
1134,110,201507
1142,627,201507
1144,135,201507
1144,18,201507
1144,108,201507
1144,154,201507
1144,40,201507
1144,16,201507
1144,25,201507
1147,267,201507
1147,72,201507
1147,34,201507
1147,135,201507
1147,83,201507
1147,288,201507
1147,137,201507
1147,81,201507
1147,77,201507
1147,316,201507
1147,32,201507
1147,6,201507
1147,46,201507
1147,47,201507
1147,142,201507
1147,16,201507
1147,139,201507
1147,266,201507
1147,2,201507
1147,54,201507
1147,39,201507
1150,563,201507
1153,137,201507
1162,747,201507
1163,627,201507
1163,1225,201507
1165,208,201507
1168,110,201507
1169,123,201507
1169,1190,201507
1169,105,201507
1169,233,201507
1169,221,201507
1169,265,201507
1169,502,201507
1169,69,201507
1169,333,201507
1169,93,201507
1169,122,201507
1169,234,201507
1169,443,201507
1169,85,201507
1169,84,201507
1169,92,201507
1169,11,201507
1169,728,201507
1169,18,201507
1169,116,201507
1169,161,201507
1169,50,201507
1169,4,201507
1169,2,201507
1169,222,201507
1177,627,201507
1180,429,201507
1180,135,201507
1183,110,201507
1183,190,201507
1190,198,201507
1190,1169,201507
1190,137,201507
1193,995,201507
1193,1904,201507
1194,393,201507
1194,401,201507
1194,97,201507
1194,137,201507
1194,35,201507
1194,322,201507
1194,78,201507
1194,266,201507
1194,155,201507
1194,146,201507
1194,24,201507
1194,182,201507
1194,77,201507
1194,82,201507
1194,132,201507
1194,375,201507
1194,48,201507
1196,842,201507
1197,208,201507
1197,133,201507
1205,29,201507
1222,110,201507
1225,525,201507
1225,786,201507
1225,684,201507
1225,847,201507
1225,962,201507
1225,1226,201507
1226,627,201507
1226,185,201507
1226,1225,201507
1226,1701,201507
1227,96,201507
1227,35,201507
1227,346,201507
1227,247,201507
1227,5,201507
1227,274,201507
1227,167,201507
1227,136,201507
1227,65,201507
1227,107,201507
1227,327,201507
1227,25,201507
1227,165,201507
1227,146,201507
1227,386,201507
1227,53,201507
1227,234,201507
1227,123,201507
1227,62,201507
1227,184,201507
1227,163,201507
1227,30,201507
1227,103,201507
1227,66,201507
1227,43,201507
1227,408,201507
1227,86,201507
1227,177,201507
1227,84,201507
1227,122,201507
1227,10,201507
1227,728,201507
1227,181,201507
1227,164,201507
1227,159,201507
1227,105,201507
1227,34,201507
1227,33,201507
1227,111,201507
1227,138,201507
1227,61,201507
1227,104,201507
1227,15,201507
1227,222,201507
1227,265,201507
1227,966,201507
1229,525,201507
1233,322,201507
1236,1,201507
1241,196,201507
1248,941,201507
1250,35,201507
1250,101,201507
1250,320,201507
1250,65,201507
1250,83,201507
1250,57,201507
1250,281,201507
1250,104,201507
1250,15,201507
1250,95,201507
1250,132,201507
1250,175,201507
1250,66,201507
1250,267,201507
1250,79,201507
1250,138,201507
1250,151,201507
1250,62,201507
1250,159,201507
1250,434,201507
1250,40,201507
1250,237,201507
1250,77,201507
1250,146,201507
1252,852,201507
1252,196,201507
1254,46,201507
1254,285,201507
1258,35,201507
1258,1584,201507
1258,146,201507
1258,85,201507
1258,135,201507
1258,0,201507
1263,627,201507
1267,89,201507
1267,828,201507
1267,8,201507
1267,323,201507
1267,1408,201507
1267,1103,201507
1267,778,201507
1267,7,201507
1267,770,201507
1269,96,201507
1272,10,201507
1277,366,201507
1277,196,201507
1289,627,201507
1291,274,201507
1291,521,201507
1293,229,201507
1293,603,201507
1293,231,201507
1312,627,201507
1313,133,201507
1317,5,201507
1323,627,201507
1326,563,201507
1326,427,201507
1329,14,201507
1329,322,201507
1331,654,201507
1335,133,201507
1336,1686,201507
1345,1368,201507
1345,210,201507
1345,998,201507
1345,750,201507
1355,1,201507
1358,38,201507
1363,52,201507
1364,27,201507
1365,425,201507
1366,17,201507
1366,107,201507
1366,115,201507
1366,112,201507
1366,5,201507
1366,51,201507
1366,81,201507
1366,32,201507
1366,48,201507
1366,155,201507
1366,85,201507
1366,10,201507
1366,135,201507
1366,108,201507
1366,60,201507
1366,97,201507
1366,25,201507
1366,154,201507
1366,14,201507
1366,92,201507
1366,274,201507
1366,31,201507
1368,1345,201507
1368,690,201507
1368,210,201507
1368,781,201507
1368,1369,201507
1368,998,201507
1368,941,201507
1369,998,201507
1369,1368,201507
1369,210,201507
1369,1345,201507
1369,941,201507
1373,1088,201507
1373,313,201507
1377,229,201507
1380,525,201507
1382,305,201507
1382,235,201507
1404,172,201507
1404,1129,201507
1404,1075,201507
1408,828,201507
1408,1267,201507
1408,8,201507
1408,323,201507
1408,1103,201507
1408,778,201507
1408,7,201507
1408,770,201507
1408,89,201507
1410,14,201507
1410,54,201507
1410,836,201507
1410,354,201507
1410,135,201507
1413,31,201507
1413,1938,201507
1413,1589,201507
1413,297,201507
1413,1130,201507
1413,1903,201507
1414,117,201507
1414,297,201507
1417,444,201507
1417,208,201507
1417,13,201507
1418,137,201507
1418,72,201507
1418,114,201507
1418,497,201507
1418,914,201507
1422,1423,201507
1422,1446,201507
1422,1438,201507
1422,1424,201507
1422,1490,201507
1422,1439,201507
1422,1450,201507
1422,1467,201507
1422,979,201507
1423,1424,201507
1423,1422,201507
1424,1438,201507
1424,1423,201507
1424,1658,201507
1424,979,201507
1424,1485,201507
1424,1151,201507
1424,1490,201507
1424,1467,201507
1424,1450,201507
1424,1439,201507
1424,1422,201507
1438,1422,201507
1438,1424,201507
1439,747,201507
1439,748,201507
1439,247,201507
1439,1422,201507
1439,1424,201507
1441,59,201507
1441,1657,201507
1441,739,201507
1441,1130,201507
1441,766,201507
1441,208,201507
1441,1903,201507
1441,1766,201507
1441,283,201507
1441,349,201507
1442,1699,201507
1476,59,201507
1476,297,201507
1482,154,201507
1539,109,201507
1580,154,201507
1584,1258,201507
1584,135,201507
1589,297,201507
1589,1413,201507
1589,208,201507
1589,1441,201507
1589,444,201507
1604,667,201507
1614,354,201507
1628,525,201507
1649,17,201507
1654,196,201507
1657,208,201507
1657,1441,201507
1674,349,201507
1674,297,201507
1686,133,201507
1699,1442,201507
1699,349,201507
1699,342,201507
1699,289,201507
1699,297,201507
1701,1226,201507
1701,185,201507
1712,11,201507
1757,13,201507
1758,212,201507
1766,297,201507
1766,1441,201507
1771,208,201507
1886,208,201507
1888,1900,201507
1888,297,201507
1888,208,201507
1900,855,201507
1900,208,201507
1903,297,201507
1903,1441,201507
1903,1413,201507
1903,208,201507
1904,349,201507
1904,1193,201507
1904,463,201507
1904,208,201507
1904,102,201507
1922,1130,201507
1923,444,201507
1929,195,201507
1933,297,201507
1938,1413,201507
1943,185,201507
1948,208,201507
1954,739,201507
1971,208,201507
1974,563,201507
2094,13,201507
2102,349,201507
2224,757,201507
2270,769,201507
